position,nll
0.000000000000000000e+00,3.481973711185951004e+00
1.000000000000000000e+00,2.942850306355317969e+00
2.000000000000000000e+00,2.286413623637149506e+00
3.000000000000000000e+00,1.915642234475111394e+00
4.000000000000000000e+00,1.845870263563644587e+00
5.000000000000000000e+00,1.690754202833269382e+00
6.000000000000000000e+00,1.602533282796646086e+00
7.000000000000000000e+00,1.423947599202539438e+00
8.000000000000000000e+00,1.298169291065719655e+00
9.000000000000000000e+00,1.467069021988369970e+00
1.000000000000000000e+01,1.526054927994321631e+00
1.100000000000000000e+01,1.480251471305143784e+00
1.200000000000000000e+01,1.374152860536572041e+00
1.300000000000000000e+01,1.315487455130176953e+00
1.400000000000000000e+01,1.394012818455440339e+00
1.500000000000000000e+01,1.266237722029508683e+00
1.600000000000000000e+01,1.365646131340124247e+00
1.700000000000000000e+01,1.421896658888941678e+00
1.800000000000000000e+01,1.179859837921351629e+00
1.900000000000000000e+01,1.252439043857682011e+00
2.000000000000000000e+01,1.327284818064406124e+00
2.100000000000000000e+01,1.338176825273968973e+00
2.200000000000000000e+01,1.275304235432289435e+00
2.300000000000000000e+01,1.320206107551634700e+00
2.400000000000000000e+01,1.230892006113369463e+00
2.500000000000000000e+01,1.363566669866110637e+00
2.600000000000000000e+01,1.239613192030381450e+00
2.700000000000000000e+01,1.419466146589953404e+00
2.800000000000000000e+01,1.208656346927240444e+00
2.900000000000000000e+01,1.386426825814911057e+00
3.000000000000000000e+01,1.332707229279722183e+00
3.100000000000000000e+01,1.445175739531176173e+00
3.200000000000000000e+01,1.343612670057575453e+00
3.300000000000000000e+01,1.199369604953995916e+00
3.400000000000000000e+01,1.276698890338808345e+00
3.500000000000000000e+01,1.252446812395909159e+00
3.600000000000000000e+01,1.229451368785879239e+00
3.700000000000000000e+01,1.254951016245253292e+00
3.800000000000000000e+01,1.191928312420887037e+00
3.900000000000000000e+01,1.322503837886396250e+00
4.000000000000000000e+01,1.131248058611956431e+00
4.100000000000000000e+01,1.342208526348389830e+00
4.200000000000000000e+01,1.305912851733317837e+00
4.300000000000000000e+01,1.158264393849130380e+00
4.400000000000000000e+01,1.163372127199259198e+00
4.500000000000000000e+01,1.276130767450496251e+00
4.600000000000000000e+01,1.147187071868798647e+00
4.700000000000000000e+01,1.412291779533719538e+00
4.800000000000000000e+01,1.311268878511256286e+00
4.900000000000000000e+01,1.221390427443481252e+00
5.000000000000000000e+01,1.280246052587763694e+00
5.100000000000000000e+01,1.273996461677311620e+00
5.200000000000000000e+01,1.286452793838555486e+00
5.300000000000000000e+01,1.143730454082738213e+00
5.400000000000000000e+01,1.134834988241524734e+00
5.500000000000000000e+01,1.275171777803439266e+00
5.600000000000000000e+01,1.187019863130608810e+00
5.700000000000000000e+01,1.296998904147385723e+00
5.800000000000000000e+01,1.198276316687048704e+00
5.900000000000000000e+01,1.153172525456824138e+00
6.000000000000000000e+01,1.255023904059396678e+00
6.100000000000000000e+01,1.202668369421783012e+00
6.200000000000000000e+01,1.268478700750913957e+00
6.300000000000000000e+01,1.069100302309427653e+00
6.400000000000000000e+01,1.127666994039523640e+00
6.500000000000000000e+01,1.277786224294495954e+00
6.600000000000000000e+01,1.123767101763569753e+00
6.700000000000000000e+01,1.169196665879018271e+00
6.800000000000000000e+01,1.232365693884460933e+00
6.900000000000000000e+01,1.263856513151368377e+00
7.000000000000000000e+01,1.185854633643814715e+00
7.100000000000000000e+01,1.249544444940669408e+00
7.200000000000000000e+01,1.351734844662562107e+00
7.300000000000000000e+01,1.372384679295527210e+00
7.400000000000000000e+01,1.337109593454162582e+00
7.500000000000000000e+01,1.288035223831529574e+00
7.600000000000000000e+01,1.284375310092534583e+00
7.700000000000000000e+01,1.381230198015023669e+00
7.800000000000000000e+01,1.294633406852410129e+00
7.900000000000000000e+01,1.194278234072300604e+00
8.000000000000000000e+01,1.138140937691596521e+00
8.100000000000000000e+01,1.334863820661491118e+00
8.200000000000000000e+01,1.182963097764400562e+00
8.300000000000000000e+01,1.235217032205794263e+00
8.400000000000000000e+01,1.349629664265769691e+00
8.500000000000000000e+01,1.210166425683123492e+00
8.600000000000000000e+01,1.270262080471395771e+00
8.700000000000000000e+01,1.225395090531721909e+00
8.800000000000000000e+01,1.164112442615823584e+00
8.900000000000000000e+01,1.403273564353539893e+00
9.000000000000000000e+01,1.337315668250991463e+00
9.100000000000000000e+01,1.283340877393302604e+00
9.200000000000000000e+01,1.300875234476206677e+00
9.300000000000000000e+01,1.365326859846569985e+00
9.400000000000000000e+01,1.244099188322959071e+00
9.500000000000000000e+01,1.314527050318906376e+00
9.600000000000000000e+01,1.267294837875801328e+00
9.700000000000000000e+01,1.225450438291137978e+00
9.800000000000000000e+01,1.180836698679028185e+00
9.900000000000000000e+01,1.349559433633112260e+00
1.000000000000000000e+02,1.084843341444168496e+00
1.010000000000000000e+02,1.223833896690639911e+00
1.020000000000000000e+02,1.222008023241469843e+00
1.030000000000000000e+02,1.256921660464226376e+00
1.040000000000000000e+02,1.311244066909039496e+00
1.050000000000000000e+02,1.451510176888798798e+00
1.060000000000000000e+02,1.255775907079376141e+00
1.070000000000000000e+02,1.211531842845018803e+00
1.080000000000000000e+02,1.288871145568555310e+00
1.090000000000000000e+02,1.105378990210058365e+00
1.100000000000000000e+02,1.284308083212484020e+00
1.110000000000000000e+02,1.179873723697898225e+00
1.120000000000000000e+02,1.313107457497733499e+00
1.130000000000000000e+02,1.296686203427398931e+00
1.140000000000000000e+02,1.230622111443672617e+00
1.150000000000000000e+02,1.184090903142148044e+00
1.160000000000000000e+02,1.324035954655751191e+00
1.170000000000000000e+02,1.378953445958046142e+00
1.180000000000000000e+02,1.181824809989878045e+00
1.190000000000000000e+02,1.236724162967417495e+00
1.200000000000000000e+02,1.204632973792646888e+00
1.210000000000000000e+02,1.139093491503087030e+00
1.220000000000000000e+02,1.201186173241757249e+00
1.230000000000000000e+02,1.181959827338177504e+00
1.240000000000000000e+02,1.221826488033106894e+00
1.250000000000000000e+02,1.220086686800856191e+00
1.260000000000000000e+02,1.118972803412871642e+00
1.270000000000000000e+02,1.246109502252404022e+00
1.280000000000000000e+02,1.379457376131784985e+00
1.290000000000000000e+02,1.332582306767122970e+00
1.300000000000000000e+02,1.173520160835240134e+00
1.310000000000000000e+02,1.200632518289522999e+00
1.320000000000000000e+02,1.227437637739463572e+00
1.330000000000000000e+02,1.232202653254889979e+00
1.340000000000000000e+02,1.261221097347939191e+00
1.350000000000000000e+02,1.213233602065573846e+00
1.360000000000000000e+02,1.362027192280101051e+00
1.370000000000000000e+02,1.455705464758517031e+00
1.380000000000000000e+02,1.265254609410738862e+00
1.390000000000000000e+02,1.094293623992010911e+00
1.400000000000000000e+02,1.234568594346399317e+00
1.410000000000000000e+02,1.235207134073878832e+00
1.420000000000000000e+02,1.089880854232221585e+00
1.430000000000000000e+02,1.249295278218647276e+00
1.440000000000000000e+02,1.223504452233703299e+00
1.450000000000000000e+02,1.177114658664385249e+00
1.460000000000000000e+02,1.302446035437045513e+00
1.470000000000000000e+02,1.181782231336940381e+00
1.480000000000000000e+02,1.376962207754135026e+00
1.490000000000000000e+02,1.339227797125597919e+00
1.500000000000000000e+02,1.111229003904402601e+00
1.510000000000000000e+02,1.261326320524772227e+00
1.520000000000000000e+02,1.270067621832968729e+00
1.530000000000000000e+02,1.223489818462365264e+00
1.540000000000000000e+02,1.359503978990461048e+00
1.550000000000000000e+02,1.381721474113874137e+00
1.560000000000000000e+02,1.324951862050058216e+00
1.570000000000000000e+02,1.244912208127705755e+00
1.580000000000000000e+02,1.355679058388532088e+00
1.590000000000000000e+02,1.364502464144750293e+00
1.600000000000000000e+02,1.265091873646511544e+00
1.610000000000000000e+02,1.144042998499744668e+00
1.620000000000000000e+02,1.089625278737522018e+00
1.630000000000000000e+02,1.147639250342989969e+00
1.640000000000000000e+02,1.108430878325083135e+00
1.650000000000000000e+02,1.146656432118148494e+00
1.660000000000000000e+02,1.314133066593928811e+00
1.670000000000000000e+02,1.376507170488924237e+00
1.680000000000000000e+02,1.121440859702530268e+00
1.690000000000000000e+02,1.279456402833924589e+00
1.700000000000000000e+02,1.154827217062931455e+00
1.710000000000000000e+02,1.231073124862713142e+00
1.720000000000000000e+02,1.149781687287938281e+00
1.730000000000000000e+02,1.351363879222266418e+00
1.740000000000000000e+02,1.298608931556265889e+00
1.750000000000000000e+02,1.327923201901845873e+00
1.760000000000000000e+02,1.167201337020283169e+00
1.770000000000000000e+02,1.225196462210275339e+00
1.780000000000000000e+02,1.292243702724990229e+00
1.790000000000000000e+02,1.196681615265112963e+00
1.800000000000000000e+02,1.175786163471925327e+00
1.810000000000000000e+02,1.304896075475042938e+00
1.820000000000000000e+02,1.284711564141449713e+00
1.830000000000000000e+02,1.333589121439784364e+00
1.840000000000000000e+02,1.325303251213741484e+00
1.850000000000000000e+02,1.167451098256364617e+00
1.860000000000000000e+02,1.108468725985358949e+00
1.870000000000000000e+02,1.152145073222918148e+00
1.880000000000000000e+02,1.191843349864271318e+00
1.890000000000000000e+02,1.291566648903256675e+00
1.900000000000000000e+02,1.258940289581106819e+00
1.910000000000000000e+02,1.269154859887584808e+00
1.920000000000000000e+02,1.230949980215661821e+00
1.930000000000000000e+02,1.268944997849805523e+00
1.940000000000000000e+02,1.165228143295742758e+00
1.950000000000000000e+02,1.161942010630231392e+00
1.960000000000000000e+02,1.306661805019763589e+00
1.970000000000000000e+02,1.344415069041491329e+00
1.980000000000000000e+02,1.248623377034253634e+00
1.990000000000000000e+02,1.201622451745645526e+00
2.000000000000000000e+02,1.219446291748460975e+00
2.010000000000000000e+02,1.312342188646897556e+00
2.020000000000000000e+02,1.248157463573586368e+00
2.030000000000000000e+02,1.224683500520959312e+00
2.040000000000000000e+02,1.203356222745859405e+00
2.050000000000000000e+02,1.251395319721024135e+00
2.060000000000000000e+02,1.284366317597822826e+00
2.070000000000000000e+02,1.122345265623403421e+00
2.080000000000000000e+02,1.138870733108616751e+00
2.090000000000000000e+02,1.176214945355461783e+00
2.100000000000000000e+02,1.273243995605954471e+00
2.110000000000000000e+02,1.357945921640012044e+00
2.120000000000000000e+02,1.262343476801064845e+00
2.130000000000000000e+02,1.335645536462333638e+00
2.140000000000000000e+02,1.248474051656399908e+00
2.150000000000000000e+02,1.179654269585801885e+00
2.160000000000000000e+02,1.050981996928749052e+00
2.170000000000000000e+02,1.392115123147339650e+00
2.180000000000000000e+02,1.220242628035494326e+00
2.190000000000000000e+02,1.169694671311680922e+00
2.200000000000000000e+02,1.007480697416162307e+00
2.210000000000000000e+02,1.106658672302537783e+00
2.220000000000000000e+02,1.333450808417964373e+00
2.230000000000000000e+02,1.136022588931363764e+00
2.240000000000000000e+02,1.381169038371099056e+00
2.250000000000000000e+02,1.293809366955032569e+00
2.260000000000000000e+02,1.293109553162252734e+00
2.270000000000000000e+02,1.348248316295689309e+00
2.280000000000000000e+02,1.204722842221629175e+00
2.290000000000000000e+02,1.238590243709565719e+00
2.300000000000000000e+02,1.329664367094414601e+00
2.310000000000000000e+02,1.182737411803386429e+00
2.320000000000000000e+02,1.119547596092423714e+00
2.330000000000000000e+02,1.147119831559334058e+00
2.340000000000000000e+02,1.255681243423109050e+00
2.350000000000000000e+02,1.341115709193161587e+00
2.360000000000000000e+02,1.396819090911380012e+00
2.370000000000000000e+02,1.217379490021696320e+00
2.380000000000000000e+02,1.235034307540388676e+00
2.390000000000000000e+02,1.328129670816997621e+00
2.400000000000000000e+02,1.303948572965922814e+00
2.410000000000000000e+02,1.199904772937660402e+00
2.420000000000000000e+02,1.224463280355729600e+00
2.430000000000000000e+02,1.223706972086181954e+00
2.440000000000000000e+02,1.224494613060865156e+00
2.450000000000000000e+02,1.139289126255011331e+00
2.460000000000000000e+02,1.139255657036632341e+00
2.470000000000000000e+02,1.221843820591800744e+00
2.480000000000000000e+02,1.278282309414486839e+00
2.490000000000000000e+02,1.187375455210987418e+00
2.500000000000000000e+02,1.067174472689025544e+00
2.510000000000000000e+02,1.152195789122316683e+00
2.520000000000000000e+02,1.029530886398460465e+00
2.530000000000000000e+02,1.059239635432685844e+00
2.540000000000000000e+02,1.191124702055201823e+00
2.550000000000000000e+02,1.353218015370538430e+00
2.560000000000000000e+02,1.289364150941293641e+00
2.570000000000000000e+02,1.232014014424179349e+00
2.580000000000000000e+02,1.296649169258880185e+00
2.590000000000000000e+02,1.213694784363083423e+00
2.600000000000000000e+02,1.133869081606981633e+00
2.610000000000000000e+02,1.243813334008655902e+00
2.620000000000000000e+02,1.226932008824402898e+00
2.630000000000000000e+02,1.398690374664099734e+00
2.640000000000000000e+02,1.229153430747148779e+00
2.650000000000000000e+02,1.342733779181268350e+00
2.660000000000000000e+02,1.272162371877100018e+00
2.670000000000000000e+02,1.381295571330892757e+00
2.680000000000000000e+02,1.336221152703090720e+00
2.690000000000000000e+02,1.319076900026230348e+00
2.700000000000000000e+02,1.265636061773574461e+00
2.710000000000000000e+02,1.158612050366116586e+00
2.720000000000000000e+02,1.241079900287412441e+00
2.730000000000000000e+02,1.181375533547424084e+00
2.740000000000000000e+02,1.159114453876123774e+00
2.750000000000000000e+02,1.278697589923891043e+00
2.760000000000000000e+02,1.266162343239068289e+00
2.770000000000000000e+02,1.265252169758867673e+00
2.780000000000000000e+02,1.267156258301778804e+00
2.790000000000000000e+02,1.378648368181988992e+00
2.800000000000000000e+02,1.265943349829169229e+00
2.810000000000000000e+02,1.299461150857463387e+00
2.820000000000000000e+02,1.321328516754481042e+00
2.830000000000000000e+02,1.163639786353403593e+00
2.840000000000000000e+02,1.156508133223482560e+00
2.850000000000000000e+02,1.087258414089962155e+00
2.860000000000000000e+02,1.011871282793161519e+00
2.870000000000000000e+02,1.217142641009451909e+00
2.880000000000000000e+02,1.199185341252653414e+00
2.890000000000000000e+02,1.159840223125227832e+00
2.900000000000000000e+02,1.216580323380948681e+00
2.910000000000000000e+02,1.249472961897034384e+00
2.920000000000000000e+02,1.210980045795297499e+00
2.930000000000000000e+02,1.053480988038421273e+00
2.940000000000000000e+02,1.205020946128958048e+00
2.950000000000000000e+02,1.172919475447317783e+00
2.960000000000000000e+02,1.243194268634409294e+00
2.970000000000000000e+02,1.137102279309889497e+00
2.980000000000000000e+02,1.352956391692535565e+00
2.990000000000000000e+02,1.165118494275079408e+00
3.000000000000000000e+02,1.204652491624127908e+00
3.010000000000000000e+02,1.208304006916463225e+00
3.020000000000000000e+02,1.203565710401506061e+00
3.030000000000000000e+02,1.294692422932187448e+00
3.040000000000000000e+02,1.246356445540899305e+00
3.050000000000000000e+02,1.146984497352491861e+00
3.060000000000000000e+02,1.201632033245968234e+00
3.070000000000000000e+02,1.187742443126626357e+00
3.080000000000000000e+02,1.242504777734026566e+00
3.090000000000000000e+02,1.242569882120960090e+00
3.100000000000000000e+02,1.299491185359189283e+00
3.110000000000000000e+02,1.250631029373340253e+00
3.120000000000000000e+02,1.205477837370050098e+00
3.130000000000000000e+02,1.296189708927012685e+00
3.140000000000000000e+02,1.179228540082446930e+00
3.150000000000000000e+02,1.223341477643288044e+00
3.160000000000000000e+02,1.245836175993260575e+00
3.170000000000000000e+02,1.286552770491632192e+00
3.180000000000000000e+02,1.149608267677115769e+00
3.190000000000000000e+02,1.209374975944586872e+00
3.200000000000000000e+02,1.229178320613955044e+00
3.210000000000000000e+02,1.170128521557370682e+00
3.220000000000000000e+02,1.301001067111864140e+00
3.230000000000000000e+02,1.234003433472091293e+00
3.240000000000000000e+02,1.275293416235706578e+00
3.250000000000000000e+02,1.333727692788539310e+00
3.260000000000000000e+02,1.202528607884620460e+00
3.270000000000000000e+02,1.242888280098635612e+00
3.280000000000000000e+02,1.220718049869460309e+00
3.290000000000000000e+02,1.127520972744563643e+00
3.300000000000000000e+02,1.243388009847849807e+00
3.310000000000000000e+02,1.302580853594613952e+00
3.320000000000000000e+02,1.275536661520294990e+00
3.330000000000000000e+02,1.253280388607861173e+00
3.340000000000000000e+02,1.352166061671489006e+00
3.350000000000000000e+02,1.373359251074439458e+00
3.360000000000000000e+02,1.294244678619653532e+00
3.370000000000000000e+02,1.251406841441229378e+00
3.380000000000000000e+02,1.183105654173175703e+00
3.390000000000000000e+02,1.317226249709525954e+00
3.400000000000000000e+02,1.290929072989498216e+00
3.410000000000000000e+02,1.414246538320897972e+00
3.420000000000000000e+02,1.289523724049757236e+00
3.430000000000000000e+02,1.253297257171676504e+00
3.440000000000000000e+02,1.317092236231432345e+00
3.450000000000000000e+02,1.329151161617101229e+00
3.460000000000000000e+02,1.192060061251137837e+00
3.470000000000000000e+02,1.255181805586220944e+00
3.480000000000000000e+02,1.242474194396941733e+00
3.490000000000000000e+02,1.227663963913562473e+00
3.500000000000000000e+02,1.238526163202413155e+00
3.510000000000000000e+02,1.284861150941693175e+00
3.520000000000000000e+02,1.324865894914570408e+00
3.530000000000000000e+02,1.230736791918537909e+00
3.540000000000000000e+02,1.161002756500441047e+00
3.550000000000000000e+02,1.316906297829509853e+00
3.560000000000000000e+02,1.262130330550793600e+00
3.570000000000000000e+02,1.311484849201677516e+00
3.580000000000000000e+02,1.210889905635038399e+00
3.590000000000000000e+02,1.349582554081649954e+00
3.600000000000000000e+02,1.148615817464105682e+00
3.610000000000000000e+02,1.159762181607399523e+00
3.620000000000000000e+02,1.279078129825724330e+00
3.630000000000000000e+02,1.246424257562144700e+00
3.640000000000000000e+02,1.240213298201122027e+00
3.650000000000000000e+02,1.240425353924091034e+00
3.660000000000000000e+02,1.346388270932280307e+00
3.670000000000000000e+02,1.248880299189143228e+00
3.680000000000000000e+02,1.235827033268192432e+00
3.690000000000000000e+02,1.139642280163186250e+00
3.700000000000000000e+02,1.362577683386415828e+00
3.710000000000000000e+02,1.251599121028242445e+00
3.720000000000000000e+02,1.256443841920948046e+00
3.730000000000000000e+02,1.458297929513844515e+00
3.740000000000000000e+02,1.236092782152919733e+00
3.750000000000000000e+02,1.127739633370637540e+00
3.760000000000000000e+02,1.147580623078221063e+00
3.770000000000000000e+02,1.250925884187101378e+00
3.780000000000000000e+02,1.224421121540563373e+00
3.790000000000000000e+02,1.307670207112334726e+00
3.800000000000000000e+02,1.260066784271773876e+00
3.810000000000000000e+02,1.395148344798544215e+00
3.820000000000000000e+02,1.375762981618563696e+00
3.830000000000000000e+02,1.293200293743933305e+00
3.840000000000000000e+02,1.284530184049441637e+00
3.850000000000000000e+02,1.061822271933607453e+00
3.860000000000000000e+02,1.261120309449396348e+00
3.870000000000000000e+02,1.226921798475468339e+00
3.880000000000000000e+02,1.286094747490266643e+00
3.890000000000000000e+02,1.267109623381325934e+00
3.900000000000000000e+02,1.266601462081097695e+00
3.910000000000000000e+02,1.269668143304526708e+00
3.920000000000000000e+02,1.396088581576038878e+00
3.930000000000000000e+02,1.341130770405193351e+00
3.940000000000000000e+02,1.326350277696629387e+00
3.950000000000000000e+02,1.272214533751983234e+00
3.960000000000000000e+02,1.171406821775551776e+00
3.970000000000000000e+02,1.297411032344145898e+00
3.980000000000000000e+02,1.152023216803008454e+00
3.990000000000000000e+02,1.185324401923714799e+00
4.000000000000000000e+02,1.160330036532736919e+00
4.010000000000000000e+02,1.281254595706428301e+00
4.020000000000000000e+02,1.353423501271038942e+00
4.030000000000000000e+02,1.221437616532784931e+00
4.040000000000000000e+02,1.164597108394106018e+00
4.050000000000000000e+02,1.092730823216662150e+00
4.060000000000000000e+02,1.283439131523387067e+00
4.070000000000000000e+02,1.146096376217205171e+00
4.080000000000000000e+02,1.294273995289332735e+00
4.090000000000000000e+02,1.295718703083846624e+00
4.100000000000000000e+02,1.172428835775859657e+00
4.110000000000000000e+02,1.136037208285033850e+00
4.120000000000000000e+02,1.123854459225120062e+00
4.130000000000000000e+02,1.121769159800014126e+00
4.140000000000000000e+02,1.251077386084848531e+00
4.150000000000000000e+02,1.296554752338399119e+00
4.160000000000000000e+02,1.241280807934741492e+00
4.170000000000000000e+02,1.137275137670612946e+00
4.180000000000000000e+02,1.256654083318855752e+00
4.190000000000000000e+02,1.261076508148107678e+00
4.200000000000000000e+02,1.211165295145092635e+00
4.210000000000000000e+02,1.215685789828326202e+00
4.220000000000000000e+02,1.023337639904901675e+00
4.230000000000000000e+02,1.093596059571833257e+00
4.240000000000000000e+02,1.150495678143953704e+00
4.250000000000000000e+02,1.294145901123115117e+00
4.260000000000000000e+02,1.186448929059001012e+00
4.270000000000000000e+02,1.111173783165124052e+00
4.280000000000000000e+02,1.209361709264149098e+00
4.290000000000000000e+02,1.255674858901126845e+00
4.300000000000000000e+02,1.203715799655383556e+00
4.310000000000000000e+02,1.167912415424042116e+00
4.320000000000000000e+02,1.226563428146726364e+00
4.330000000000000000e+02,1.131219629092680146e+00
4.340000000000000000e+02,1.494556607187202735e+00
4.350000000000000000e+02,1.118840437687524947e+00
4.360000000000000000e+02,1.118769738435569705e+00
4.370000000000000000e+02,1.261918784889820122e+00
4.380000000000000000e+02,1.355417154617244879e+00
4.390000000000000000e+02,1.344316759570043818e+00
4.400000000000000000e+02,1.228121874549475745e+00
4.410000000000000000e+02,1.278210030956628884e+00
4.420000000000000000e+02,1.307875144791781796e+00
4.430000000000000000e+02,1.185899678085926778e+00
4.440000000000000000e+02,1.262506729201890776e+00
4.450000000000000000e+02,1.439176474338049960e+00
4.460000000000000000e+02,1.093668345639913442e+00
4.470000000000000000e+02,1.274688843054912590e+00
4.480000000000000000e+02,1.220108911544313557e+00
4.490000000000000000e+02,1.198308642577574634e+00
4.500000000000000000e+02,1.142389813262385312e+00
4.510000000000000000e+02,1.151757948320944802e+00
4.520000000000000000e+02,1.089474565695520925e+00
4.530000000000000000e+02,1.103725372433145280e+00
4.540000000000000000e+02,1.277828824888918691e+00
4.550000000000000000e+02,1.365214083839141557e+00
4.560000000000000000e+02,1.413690807086465107e+00
4.570000000000000000e+02,1.231218372525639593e+00
4.580000000000000000e+02,1.301460247708782214e+00
4.590000000000000000e+02,1.239658521247415157e+00
4.600000000000000000e+02,1.348474421985657257e+00
4.610000000000000000e+02,1.261750290862124313e+00
4.620000000000000000e+02,1.259005353357795620e+00
4.630000000000000000e+02,1.195892317416279882e+00
4.640000000000000000e+02,1.270613809809237660e+00
4.650000000000000000e+02,1.178717351029674676e+00
4.660000000000000000e+02,1.107988487033232605e+00
4.670000000000000000e+02,1.127204537331212508e+00
4.680000000000000000e+02,1.215180000362890977e+00
4.690000000000000000e+02,1.226757717232284772e+00
4.700000000000000000e+02,1.211140599476219215e+00
4.710000000000000000e+02,1.329381065548552288e+00
4.720000000000000000e+02,1.340551533900510517e+00
4.730000000000000000e+02,1.268865746939895844e+00
4.740000000000000000e+02,1.358527569219252440e+00
4.750000000000000000e+02,1.222327764231814662e+00
4.760000000000000000e+02,1.173149664090997746e+00
4.770000000000000000e+02,1.322060683030648498e+00
4.780000000000000000e+02,1.414015994955152067e+00
4.790000000000000000e+02,1.174355992629311007e+00
4.800000000000000000e+02,1.238251987089007855e+00
4.810000000000000000e+02,1.129710993948048969e+00
4.820000000000000000e+02,9.996781683412903075e-01
4.830000000000000000e+02,1.194381192109936984e+00
4.840000000000000000e+02,1.160967605288968807e+00
4.850000000000000000e+02,1.066405695616496674e+00
4.860000000000000000e+02,1.264753217265376373e+00
4.870000000000000000e+02,1.289180892350278107e+00
4.880000000000000000e+02,1.196870620395715346e+00
4.890000000000000000e+02,1.280277117602450776e+00
4.900000000000000000e+02,1.314976786837419809e+00
4.910000000000000000e+02,1.318818624162990227e+00
4.920000000000000000e+02,1.185577235399525087e+00
4.930000000000000000e+02,1.074068015238024865e+00
4.940000000000000000e+02,1.205370628963354340e+00
4.950000000000000000e+02,1.215212705779628033e+00
4.960000000000000000e+02,1.177842224846769703e+00
4.970000000000000000e+02,1.348664923738611909e+00
4.980000000000000000e+02,1.262973522317126340e+00
4.990000000000000000e+02,1.143683569821468016e+00
5.000000000000000000e+02,1.178989159150505284e+00
5.010000000000000000e+02,1.217962919667241017e+00
5.020000000000000000e+02,1.267678229546567614e+00
5.030000000000000000e+02,1.316706157524279996e+00
5.040000000000000000e+02,1.168857326893685489e+00
5.050000000000000000e+02,1.248470985523489896e+00
5.060000000000000000e+02,1.129206682747319723e+00
5.070000000000000000e+02,1.200730006988437015e+00
5.080000000000000000e+02,1.298920957904240225e+00
5.090000000000000000e+02,1.396184913941361350e+00
5.100000000000000000e+02,1.233783927688004933e+00
5.110000000000000000e+02,1.249426542004936858e+00
5.120000000000000000e+02,1.322891027052776058e+00
5.130000000000000000e+02,1.252770633198851513e+00
5.140000000000000000e+02,1.373335314599308576e+00
5.150000000000000000e+02,1.254808444124035693e+00
5.160000000000000000e+02,1.190385282826065927e+00
5.170000000000000000e+02,1.185347317673884238e+00
5.180000000000000000e+02,1.146435930469019926e+00
5.190000000000000000e+02,1.207906495434705407e+00
5.200000000000000000e+02,1.304906845318829056e+00
5.210000000000000000e+02,1.171070189063044165e+00
5.220000000000000000e+02,1.352342373646173490e+00
5.230000000000000000e+02,1.211457526424974063e+00
5.240000000000000000e+02,1.186668677508285308e+00
5.250000000000000000e+02,1.051444976461228809e+00
5.260000000000000000e+02,1.146415089880646887e+00
5.270000000000000000e+02,1.167735921559887702e+00
5.280000000000000000e+02,1.300080618501324059e+00
5.290000000000000000e+02,1.245604689843803792e+00
5.300000000000000000e+02,1.190800708040240075e+00
5.310000000000000000e+02,1.203371616420011669e+00
5.320000000000000000e+02,1.106704714043794890e+00
5.330000000000000000e+02,1.364406872960475470e+00
5.340000000000000000e+02,1.328413962727397202e+00
5.350000000000000000e+02,1.333946860890232511e+00
5.360000000000000000e+02,1.234191870134033753e+00
5.370000000000000000e+02,1.209089866373497246e+00
5.380000000000000000e+02,1.162567670638367634e+00
5.390000000000000000e+02,1.285067461849835446e+00
5.400000000000000000e+02,1.242492161811134865e+00
5.410000000000000000e+02,1.255233109235519340e+00
5.420000000000000000e+02,1.401578505530373331e+00
5.430000000000000000e+02,1.420919041099698577e+00
5.440000000000000000e+02,1.381587405573480254e+00
5.450000000000000000e+02,1.194070416587198702e+00
5.460000000000000000e+02,1.243293330388345996e+00
5.470000000000000000e+02,1.240436757109500077e+00
5.480000000000000000e+02,1.252027501436437040e+00
5.490000000000000000e+02,1.243518024961214552e+00
5.500000000000000000e+02,1.271398302559840099e+00
5.510000000000000000e+02,1.140649241149104931e+00
5.520000000000000000e+02,1.217567013860508363e+00
5.530000000000000000e+02,1.049358165457837000e+00
5.540000000000000000e+02,1.251479787021287482e+00
5.550000000000000000e+02,1.349075017397894927e+00
5.560000000000000000e+02,1.287378806724942093e+00
5.570000000000000000e+02,1.281633114429060916e+00
5.580000000000000000e+02,1.098321824246105249e+00
5.590000000000000000e+02,1.131841681550111778e+00
5.600000000000000000e+02,1.043907005857718229e+00
5.610000000000000000e+02,1.159656016175543591e+00
5.620000000000000000e+02,1.289279750045617901e+00
5.630000000000000000e+02,1.228883900104537075e+00
5.640000000000000000e+02,1.205461140895323524e+00
5.650000000000000000e+02,1.282274855666538205e+00
5.660000000000000000e+02,1.286905634926334363e+00
5.670000000000000000e+02,1.291169015909487960e+00
5.680000000000000000e+02,1.336977396162630338e+00
5.690000000000000000e+02,1.296077441792461871e+00
5.700000000000000000e+02,1.239586098970402617e+00
5.710000000000000000e+02,1.100376414725214413e+00
5.720000000000000000e+02,1.395244304414220204e+00
5.730000000000000000e+02,1.194984167266339270e+00
5.740000000000000000e+02,1.245837466063580923e+00
5.750000000000000000e+02,1.272353512901893025e+00
5.760000000000000000e+02,1.294043291741447721e+00
5.770000000000000000e+02,1.286473974747846638e+00
5.780000000000000000e+02,1.416099641154630939e+00
5.790000000000000000e+02,1.251228745179212565e+00
5.800000000000000000e+02,1.440931131176032221e+00
5.810000000000000000e+02,1.265836093370463100e+00
5.820000000000000000e+02,1.412290307498998754e+00
5.830000000000000000e+02,1.111002520864665222e+00
5.840000000000000000e+02,1.328781143735429104e+00
5.850000000000000000e+02,1.191277752221241437e+00
5.860000000000000000e+02,1.350679504230654748e+00
5.870000000000000000e+02,1.242142912360064688e+00
5.880000000000000000e+02,1.224664138164705207e+00
5.890000000000000000e+02,1.272920540911164577e+00
5.900000000000000000e+02,1.158708508914340296e+00
5.910000000000000000e+02,1.107589322407946941e+00
5.920000000000000000e+02,1.142848658833374165e+00
5.930000000000000000e+02,1.248180963077055727e+00
5.940000000000000000e+02,1.387397478807042006e+00
5.950000000000000000e+02,1.362096250041952894e+00
5.960000000000000000e+02,1.268360540214315213e+00
5.970000000000000000e+02,1.370880203771969841e+00
5.980000000000000000e+02,1.309226485133182072e+00
5.990000000000000000e+02,1.162597782402938762e+00
6.000000000000000000e+02,1.244888362936965587e+00
6.010000000000000000e+02,1.353347036390294411e+00
6.020000000000000000e+02,1.127817376436986319e+00
6.030000000000000000e+02,1.300901468971946473e+00
6.040000000000000000e+02,1.164374573339448604e+00
6.050000000000000000e+02,1.124567579817252083e+00
6.060000000000000000e+02,1.103803596334755222e+00
6.070000000000000000e+02,1.260736572604099770e+00
6.080000000000000000e+02,1.320846616333354318e+00
6.090000000000000000e+02,1.276166366817349518e+00
6.100000000000000000e+02,1.129067102617385743e+00
6.110000000000000000e+02,1.411677335098779018e+00
6.120000000000000000e+02,1.424676991339112631e+00
6.130000000000000000e+02,1.274265237222711900e+00
6.140000000000000000e+02,1.297548809277273563e+00
6.150000000000000000e+02,1.355792249828199125e+00
6.160000000000000000e+02,1.185477426805443768e+00
6.170000000000000000e+02,1.242511576789500083e+00
6.180000000000000000e+02,1.371021796064451292e+00
6.190000000000000000e+02,1.262863001309322719e+00
6.200000000000000000e+02,1.309788344259713577e+00
6.210000000000000000e+02,1.172706288213891224e+00
6.220000000000000000e+02,1.172124240086003688e+00
6.230000000000000000e+02,1.200445658792111736e+00
6.240000000000000000e+02,1.151332639107007338e+00
6.250000000000000000e+02,1.132248749664973131e+00
6.260000000000000000e+02,1.048607071863151496e+00
6.270000000000000000e+02,1.221963319566327977e+00
6.280000000000000000e+02,1.286542002460346890e+00
6.290000000000000000e+02,1.143044913012618347e+00
6.300000000000000000e+02,1.203930230000577417e+00
6.310000000000000000e+02,1.227210155264741642e+00
6.320000000000000000e+02,1.169317067198581306e+00
6.330000000000000000e+02,1.182181746373525577e+00
6.340000000000000000e+02,1.061601623230409519e+00
6.350000000000000000e+02,1.192617874813731715e+00
6.360000000000000000e+02,1.306643805482384790e+00
6.370000000000000000e+02,1.157536578116572068e+00
6.380000000000000000e+02,1.046041578017976814e+00
6.390000000000000000e+02,1.110700084579598901e+00
6.400000000000000000e+02,1.194495012451175064e+00
6.410000000000000000e+02,1.270085876677008674e+00
6.420000000000000000e+02,1.280411422868129367e+00
6.430000000000000000e+02,1.100364895460632875e+00
6.440000000000000000e+02,1.182810794795599918e+00
6.450000000000000000e+02,1.237321949593215065e+00
6.460000000000000000e+02,1.165440620043597386e+00
6.470000000000000000e+02,1.474064514072245480e+00
6.480000000000000000e+02,1.178196951567117123e+00
6.490000000000000000e+02,1.291431156090426358e+00
6.500000000000000000e+02,1.308408939937362403e+00
6.510000000000000000e+02,1.224098244229461452e+00
6.520000000000000000e+02,1.322933383916359729e+00
6.530000000000000000e+02,1.266104243996030165e+00
6.540000000000000000e+02,1.386389096120046016e+00
6.550000000000000000e+02,1.210790297009965100e+00
6.560000000000000000e+02,1.214420071492051667e+00
6.570000000000000000e+02,1.209915749847671362e+00
6.580000000000000000e+02,1.337464996272140771e+00
6.590000000000000000e+02,1.383041515676629141e+00
6.600000000000000000e+02,1.270914474910709080e+00
6.610000000000000000e+02,1.245303084379392189e+00
6.620000000000000000e+02,1.343532212401099102e+00
6.630000000000000000e+02,1.243285973386261345e+00
6.640000000000000000e+02,1.445590487367962140e+00
6.650000000000000000e+02,1.337231707127982450e+00
6.660000000000000000e+02,1.136663531415645467e+00
6.670000000000000000e+02,1.148851695307864462e+00
6.680000000000000000e+02,1.171631190398150668e+00
6.690000000000000000e+02,1.211070224571568543e+00
6.700000000000000000e+02,1.252920890600872861e+00
6.710000000000000000e+02,1.226329205357460150e+00
6.720000000000000000e+02,1.221498897011328744e+00
6.730000000000000000e+02,1.328925078990296660e+00
6.740000000000000000e+02,1.200259770602312370e+00
6.750000000000000000e+02,1.298923992410351724e+00
6.760000000000000000e+02,1.295855807115946057e+00
6.770000000000000000e+02,1.333689540805443885e+00
6.780000000000000000e+02,1.333312661972967605e+00
6.790000000000000000e+02,1.450595472693051002e+00
6.800000000000000000e+02,1.341429340222671129e+00
6.810000000000000000e+02,1.212342442996746428e+00
6.820000000000000000e+02,1.403447429365220822e+00
6.830000000000000000e+02,1.284722029751063754e+00
6.840000000000000000e+02,1.214543795555097061e+00
6.850000000000000000e+02,1.170695373097999648e+00
6.860000000000000000e+02,1.356089122789591261e+00
6.870000000000000000e+02,1.333703706742237705e+00
6.880000000000000000e+02,1.326862813772053507e+00
6.890000000000000000e+02,1.183418268916105465e+00
6.900000000000000000e+02,1.172300012356536802e+00
6.910000000000000000e+02,1.189722013072736617e+00
6.920000000000000000e+02,1.263460647292553585e+00
6.930000000000000000e+02,1.373510204068076002e+00
6.940000000000000000e+02,1.289334744775141095e+00
6.950000000000000000e+02,1.284328265965784421e+00
6.960000000000000000e+02,1.312104788570489289e+00
6.970000000000000000e+02,1.343825555834671004e+00
6.980000000000000000e+02,1.188364082403752020e+00
6.990000000000000000e+02,1.158720779575819648e+00
7.000000000000000000e+02,1.366771229444506686e+00
7.010000000000000000e+02,1.282059492961576064e+00
7.020000000000000000e+02,1.309864738847121401e+00
7.030000000000000000e+02,1.326729822888222277e+00
7.040000000000000000e+02,1.209912674763377272e+00
7.050000000000000000e+02,1.304706756411583957e+00
7.060000000000000000e+02,1.337553590718708385e+00
7.070000000000000000e+02,1.250663711810646728e+00
7.080000000000000000e+02,1.255058307406973439e+00
7.090000000000000000e+02,1.240061418423486383e+00
7.100000000000000000e+02,1.187263885435560384e+00
7.110000000000000000e+02,1.249288997141459134e+00
7.120000000000000000e+02,1.241358668537577703e+00
7.130000000000000000e+02,1.120631613674407667e+00
7.140000000000000000e+02,1.224725815890591596e+00
7.150000000000000000e+02,1.221024216284410491e+00
7.160000000000000000e+02,1.254652369979718518e+00
7.170000000000000000e+02,1.127564543734407732e+00
7.180000000000000000e+02,1.222960370652101725e+00
7.190000000000000000e+02,1.261493431253465580e+00
7.200000000000000000e+02,1.329969087494041080e+00
7.210000000000000000e+02,1.378246407300333098e+00
7.220000000000000000e+02,1.225785307277191594e+00
7.230000000000000000e+02,1.201326600382759180e+00
7.240000000000000000e+02,1.233451092980523356e+00
7.250000000000000000e+02,1.492548160512273681e+00
7.260000000000000000e+02,1.368497803298943438e+00
7.270000000000000000e+02,1.344533961243377762e+00
7.280000000000000000e+02,1.319486099567367399e+00
7.290000000000000000e+02,1.162830875606799097e+00
7.300000000000000000e+02,1.225570886886247379e+00
7.310000000000000000e+02,1.218243192964518329e+00
7.320000000000000000e+02,1.235749411969693679e+00
7.330000000000000000e+02,1.330736206270864974e+00
7.340000000000000000e+02,1.216599832425196093e+00
7.350000000000000000e+02,1.285158912381577201e+00
7.360000000000000000e+02,1.216980779671289703e+00
7.370000000000000000e+02,1.231122204197521164e+00
7.380000000000000000e+02,1.177178335678191079e+00
7.390000000000000000e+02,1.230080089785089870e+00
7.400000000000000000e+02,1.165779215207210839e+00
7.410000000000000000e+02,1.246119097136838993e+00
7.420000000000000000e+02,1.157243707665093435e+00
7.430000000000000000e+02,1.264038326256606837e+00
7.440000000000000000e+02,1.340058680876448305e+00
7.450000000000000000e+02,1.281336879188654798e+00
7.460000000000000000e+02,1.363669971819226445e+00
7.470000000000000000e+02,1.397841375524399465e+00
7.480000000000000000e+02,1.293702197449613900e+00
7.490000000000000000e+02,1.312595126001816936e+00
7.500000000000000000e+02,1.201308314487448792e+00
7.510000000000000000e+02,1.293337510258997458e+00
7.520000000000000000e+02,1.387129254877418338e+00
7.530000000000000000e+02,1.294593916002748868e+00
7.540000000000000000e+02,1.121510784672935745e+00
7.550000000000000000e+02,1.166712950005508009e+00
7.560000000000000000e+02,1.258295048139350003e+00
7.570000000000000000e+02,1.337998778068271610e+00
7.580000000000000000e+02,1.388502797594515226e+00
7.590000000000000000e+02,1.181083847953724231e+00
7.600000000000000000e+02,1.435701077591022390e+00
7.610000000000000000e+02,1.305551219774604865e+00
7.620000000000000000e+02,1.218485799613103326e+00
7.630000000000000000e+02,1.280745468700503098e+00
7.640000000000000000e+02,1.318276350293022148e+00
7.650000000000000000e+02,1.288488538226660873e+00
7.660000000000000000e+02,1.259881961209123213e+00
7.670000000000000000e+02,1.287213867097366959e+00
7.680000000000000000e+02,1.366844067414439978e+00
7.690000000000000000e+02,1.088617300240277252e+00
7.700000000000000000e+02,1.356858888714570499e+00
7.710000000000000000e+02,1.170467201191178086e+00
7.720000000000000000e+02,1.329728255754376809e+00
7.730000000000000000e+02,1.192414594988661092e+00
7.740000000000000000e+02,1.237948908188120756e+00
7.750000000000000000e+02,1.281315211951637112e+00
7.760000000000000000e+02,1.329164510579840863e+00
7.770000000000000000e+02,1.245316007034996231e+00
7.780000000000000000e+02,1.271305014022633628e+00
7.790000000000000000e+02,1.267214827653885045e+00
7.800000000000000000e+02,1.258389633428591559e+00
7.810000000000000000e+02,1.247962779367913111e+00
7.820000000000000000e+02,1.187564608952045742e+00
7.830000000000000000e+02,1.384694388177013069e+00
7.840000000000000000e+02,1.256861096784507303e+00
7.850000000000000000e+02,1.241024038748010261e+00
7.860000000000000000e+02,1.133980543236725369e+00
7.870000000000000000e+02,1.117524008402079883e+00
7.880000000000000000e+02,1.248868760568677683e+00
7.890000000000000000e+02,1.224024843690882491e+00
7.900000000000000000e+02,1.138410746583287558e+00
7.910000000000000000e+02,1.295178219139648368e+00
7.920000000000000000e+02,1.117783636861427343e+00
7.930000000000000000e+02,1.268872582726944032e+00
7.940000000000000000e+02,1.276385048000031386e+00
7.950000000000000000e+02,1.172799116750171455e+00
7.960000000000000000e+02,1.277070481900209664e+00
7.970000000000000000e+02,1.350900033143536128e+00
7.980000000000000000e+02,1.286302696261554912e+00
7.990000000000000000e+02,1.582135404057640526e+00
8.000000000000000000e+02,1.274759408809267525e+00
8.010000000000000000e+02,1.158865462372663524e+00
8.020000000000000000e+02,1.287374795309876641e+00
8.030000000000000000e+02,1.324338441016295720e+00
8.040000000000000000e+02,1.220144535952436549e+00
8.050000000000000000e+02,1.338427618649104867e+00
8.060000000000000000e+02,1.221082048434058098e+00
8.070000000000000000e+02,1.345907006590802757e+00
8.080000000000000000e+02,1.265010925723987878e+00
8.090000000000000000e+02,1.195162831700157025e+00
8.100000000000000000e+02,1.160989379565771529e+00
8.110000000000000000e+02,1.128401196678741503e+00
8.120000000000000000e+02,1.211733608529044215e+00
8.130000000000000000e+02,1.162912560709882026e+00
8.140000000000000000e+02,1.202135313352327595e+00
8.150000000000000000e+02,1.185492567769366179e+00
8.160000000000000000e+02,1.229928837867633185e+00
8.170000000000000000e+02,1.309590688684180382e+00
8.180000000000000000e+02,1.240860835425880104e+00
8.190000000000000000e+02,1.359927978120041958e+00
8.200000000000000000e+02,1.171210072911153643e+00
8.210000000000000000e+02,1.369349120392418406e+00
8.220000000000000000e+02,1.255195408732416640e+00
8.230000000000000000e+02,1.311181068823283447e+00
8.240000000000000000e+02,1.316360882891353556e+00
8.250000000000000000e+02,1.152942349288333945e+00
8.260000000000000000e+02,1.221083873135064390e+00
8.270000000000000000e+02,1.235455231308330237e+00
8.280000000000000000e+02,1.164177908257058469e+00
8.290000000000000000e+02,1.193203948478912979e+00
8.300000000000000000e+02,1.227272342791166260e+00
8.310000000000000000e+02,1.317885783967012392e+00
8.320000000000000000e+02,1.398970489329529610e+00
8.330000000000000000e+02,1.367545437598200131e+00
8.340000000000000000e+02,1.272091667789304603e+00
8.350000000000000000e+02,1.156786603180378625e+00
8.360000000000000000e+02,1.100161553107843249e+00
8.370000000000000000e+02,1.295063745212019723e+00
8.380000000000000000e+02,1.099529950970356440e+00
8.390000000000000000e+02,1.224747821781784207e+00
8.400000000000000000e+02,1.337147396846223968e+00
8.410000000000000000e+02,1.298334630981343496e+00
8.420000000000000000e+02,1.300011643819934504e+00
8.430000000000000000e+02,1.183199504930068091e+00
8.440000000000000000e+02,1.305985382066268574e+00
8.450000000000000000e+02,1.151545703075310900e+00
8.460000000000000000e+02,1.196000490777698433e+00
8.470000000000000000e+02,1.189658675858985770e+00
8.480000000000000000e+02,1.420687554906347572e+00
8.490000000000000000e+02,1.202037483877235191e+00
8.500000000000000000e+02,1.125248072708235902e+00
8.510000000000000000e+02,1.183916775536576482e+00
8.520000000000000000e+02,1.134063024527477204e+00
8.530000000000000000e+02,1.187802813521807721e+00
8.540000000000000000e+02,1.127084882255571019e+00
8.550000000000000000e+02,1.257224624999035534e+00
8.560000000000000000e+02,1.262646355404571930e+00
8.570000000000000000e+02,1.166988365578161657e+00
8.580000000000000000e+02,1.334782169740857061e+00
8.590000000000000000e+02,1.249820884200553595e+00
8.600000000000000000e+02,1.201729943791641109e+00
8.610000000000000000e+02,1.224917640853110168e+00
8.620000000000000000e+02,1.307056153603527893e+00
8.630000000000000000e+02,1.255944827755676396e+00
8.640000000000000000e+02,1.114906148925532303e+00
8.650000000000000000e+02,1.284339559372880801e+00
8.660000000000000000e+02,1.263971825655345604e+00
8.670000000000000000e+02,1.265404878129665400e+00
8.680000000000000000e+02,1.393436643410737474e+00
8.690000000000000000e+02,1.298583762584966106e+00
8.700000000000000000e+02,1.175488209472224987e+00
8.710000000000000000e+02,1.372292070858587065e+00
8.720000000000000000e+02,1.167167034344633203e+00
8.730000000000000000e+02,1.230467342243808382e+00
8.740000000000000000e+02,1.329187318901092540e+00
8.750000000000000000e+02,1.308932827343924687e+00
8.760000000000000000e+02,1.154303893825844529e+00
8.770000000000000000e+02,1.144859840141725815e+00
8.780000000000000000e+02,1.120207471039993630e+00
8.790000000000000000e+02,1.249349429925663113e+00
8.800000000000000000e+02,1.267957964809955040e+00
8.810000000000000000e+02,1.336888269220238401e+00
8.820000000000000000e+02,1.261842776427892776e+00
8.830000000000000000e+02,1.226529535774492752e+00
8.840000000000000000e+02,1.165565938502168386e+00
8.850000000000000000e+02,1.262002911120099657e+00
8.860000000000000000e+02,1.269055757047532262e+00
8.870000000000000000e+02,1.380460268664021051e+00
8.880000000000000000e+02,1.363844195918989310e+00
8.890000000000000000e+02,1.154618961649200637e+00
8.900000000000000000e+02,1.195037870647907674e+00
8.910000000000000000e+02,1.205317502134511942e+00
8.920000000000000000e+02,1.273151716377612930e+00
8.930000000000000000e+02,1.340007731192802476e+00
8.940000000000000000e+02,1.256546826945898365e+00
8.950000000000000000e+02,1.210597280714637902e+00
8.960000000000000000e+02,1.294642364559695169e+00
8.970000000000000000e+02,1.335470536292232779e+00
8.980000000000000000e+02,1.226900501975734414e+00
8.990000000000000000e+02,1.257774571483223802e+00
9.000000000000000000e+02,1.225964469144065427e+00
9.010000000000000000e+02,1.264501208915627117e+00
9.020000000000000000e+02,1.087437788659103566e+00
9.030000000000000000e+02,1.216394781152914328e+00
9.040000000000000000e+02,1.211980799243205231e+00
9.050000000000000000e+02,1.166217046183511075e+00
9.060000000000000000e+02,1.392721218397062311e+00
9.070000000000000000e+02,1.418436835655803252e+00
9.080000000000000000e+02,1.277684803174228501e+00
9.090000000000000000e+02,1.040452129206215659e+00
9.100000000000000000e+02,1.134912913911460652e+00
9.110000000000000000e+02,1.261915193748236685e+00
9.120000000000000000e+02,1.354255938379964164e+00
9.130000000000000000e+02,1.052913640630832148e+00
9.140000000000000000e+02,1.197187124843686279e+00
9.150000000000000000e+02,1.144623706364845672e+00
9.160000000000000000e+02,1.178904386463605514e+00
9.170000000000000000e+02,1.199889460601986979e+00
9.180000000000000000e+02,1.271994495285449833e+00
9.190000000000000000e+02,1.143587530194781765e+00
9.200000000000000000e+02,1.248671444294521926e+00
9.210000000000000000e+02,1.155187951411038583e+00
9.220000000000000000e+02,1.190997166732673529e+00
9.230000000000000000e+02,1.258812978102460178e+00
9.240000000000000000e+02,1.166869334708116712e+00
9.250000000000000000e+02,1.059442105516266608e+00
9.260000000000000000e+02,1.194031008949086203e+00
9.270000000000000000e+02,1.102656173178082621e+00
9.280000000000000000e+02,1.161946293872067271e+00
9.290000000000000000e+02,1.259671437196513644e+00
9.300000000000000000e+02,1.226165504878115931e+00
9.310000000000000000e+02,1.400893091100084753e+00
9.320000000000000000e+02,1.178529619864096434e+00
9.330000000000000000e+02,1.386312370827434970e+00
9.340000000000000000e+02,1.293149489726962864e+00
9.350000000000000000e+02,1.287384173323218528e+00
9.360000000000000000e+02,1.047321348437384891e+00
9.370000000000000000e+02,1.292255848519824779e+00
9.380000000000000000e+02,1.082725562932939312e+00
9.390000000000000000e+02,1.182624367547610911e+00
9.400000000000000000e+02,1.184862488775693556e+00
9.410000000000000000e+02,1.253988604415358310e+00
9.420000000000000000e+02,1.270022190894719794e+00
9.430000000000000000e+02,1.129643334662942422e+00
9.440000000000000000e+02,1.257618293750813576e+00
9.450000000000000000e+02,1.243746254102615190e+00
9.460000000000000000e+02,1.234775782275952638e+00
9.470000000000000000e+02,1.095258319900718424e+00
9.480000000000000000e+02,1.291674380684552981e+00
9.490000000000000000e+02,1.163752083850215335e+00
9.500000000000000000e+02,1.135605657631798548e+00
9.510000000000000000e+02,1.275405566810299041e+00
9.520000000000000000e+02,1.306342390444789059e+00
9.530000000000000000e+02,1.294215880366773153e+00
9.540000000000000000e+02,1.148539590740912164e+00
9.550000000000000000e+02,1.318021661166572045e+00
9.560000000000000000e+02,1.289226830666827528e+00
9.570000000000000000e+02,1.114069797161042930e+00
9.580000000000000000e+02,1.133502944150069247e+00
9.590000000000000000e+02,1.200927211805895567e+00
9.600000000000000000e+02,1.353048743199381398e+00
9.610000000000000000e+02,1.181664967800387434e+00
9.620000000000000000e+02,1.248752616674803306e+00
9.630000000000000000e+02,1.300984929288788949e+00
9.640000000000000000e+02,1.351133953708273605e+00
9.650000000000000000e+02,1.369242707086768984e+00
9.660000000000000000e+02,1.197579765968791898e+00
9.670000000000000000e+02,1.209775017755302606e+00
9.680000000000000000e+02,1.312127715778502735e+00
9.690000000000000000e+02,1.166932902672446426e+00
9.700000000000000000e+02,1.088434645167807746e+00
9.710000000000000000e+02,1.230313690103872926e+00
9.720000000000000000e+02,1.193603732643866655e+00
9.730000000000000000e+02,1.120254166380570959e+00
9.740000000000000000e+02,1.233381150202867760e+00
9.750000000000000000e+02,1.025205548616797913e+00
9.760000000000000000e+02,1.121149193235295050e+00
9.770000000000000000e+02,1.226458789891616830e+00
9.780000000000000000e+02,1.250166175724675144e+00
9.790000000000000000e+02,1.220440412433515087e+00
9.800000000000000000e+02,1.187007802667489287e+00
9.810000000000000000e+02,1.128257505776318670e+00
9.820000000000000000e+02,1.190311647057018085e+00
9.830000000000000000e+02,1.162771959077496753e+00
9.840000000000000000e+02,1.246890528886397620e+00
9.850000000000000000e+02,1.276783114678100350e+00
9.860000000000000000e+02,1.118933592726701676e+00
9.870000000000000000e+02,1.070379295945907083e+00
9.880000000000000000e+02,1.211495433981076175e+00
9.890000000000000000e+02,1.347808260513855050e+00
9.900000000000000000e+02,1.133956709295057097e+00
9.910000000000000000e+02,1.143619936776631762e+00
9.920000000000000000e+02,1.118454539710197704e+00
9.930000000000000000e+02,1.194929680024888308e+00
9.940000000000000000e+02,1.058344023510409126e+00
9.950000000000000000e+02,1.236739642573444264e+00
9.960000000000000000e+02,1.195131727054783877e+00
9.970000000000000000e+02,1.148707499836101986e+00
9.980000000000000000e+02,1.068598338097694667e+00
9.990000000000000000e+02,1.181631751864438584e+00
1.000000000000000000e+03,1.220677321449258113e+00
1.001000000000000000e+03,1.295671253865985584e+00
1.002000000000000000e+03,1.139312118248246852e+00
1.003000000000000000e+03,1.256710296804438354e+00
1.004000000000000000e+03,1.190786430062477974e+00
1.005000000000000000e+03,1.084788031479130055e+00
1.006000000000000000e+03,1.230395506708486852e+00
1.007000000000000000e+03,1.202768143635962739e+00
1.008000000000000000e+03,1.272708366807220104e+00
1.009000000000000000e+03,1.135908298354336265e+00
1.010000000000000000e+03,1.191176549156032216e+00
1.011000000000000000e+03,1.255308714427710415e+00
1.012000000000000000e+03,1.184001860533627104e+00
1.013000000000000000e+03,1.269773024640935333e+00
1.014000000000000000e+03,1.158636018968930204e+00
1.015000000000000000e+03,1.252124071928202964e+00
1.016000000000000000e+03,1.225733334455089585e+00
1.017000000000000000e+03,1.179919524837979905e+00
1.018000000000000000e+03,1.255268524717501277e+00
1.019000000000000000e+03,1.166895050534188405e+00
1.020000000000000000e+03,1.303663561361761758e+00
1.021000000000000000e+03,1.157190295182632278e+00
1.022000000000000000e+03,1.194224451282386079e+00
1.023000000000000000e+03,1.205160500918568411e+00
1.024000000000000000e+03,1.164770921148344573e+00
1.025000000000000000e+03,1.282282971472028077e+00
1.026000000000000000e+03,1.224763866890361097e+00
1.027000000000000000e+03,1.313723939457873913e+00
1.028000000000000000e+03,1.186229727522481570e+00
1.029000000000000000e+03,1.160906476643295271e+00
1.030000000000000000e+03,1.166596026197419311e+00
1.031000000000000000e+03,1.268737748834150914e+00
1.032000000000000000e+03,1.327586126370836395e+00
1.033000000000000000e+03,1.317329950324573673e+00
1.034000000000000000e+03,1.176571757933370543e+00
1.035000000000000000e+03,1.268058239992614356e+00
1.036000000000000000e+03,1.079495611789657250e+00
1.037000000000000000e+03,1.182737178198199235e+00
1.038000000000000000e+03,1.291211497412563247e+00
1.039000000000000000e+03,1.365813594010573118e+00
1.040000000000000000e+03,1.241107820062306466e+00
1.041000000000000000e+03,1.226167723266446075e+00
1.042000000000000000e+03,1.327202090363258646e+00
1.043000000000000000e+03,1.136183847464143026e+00
1.044000000000000000e+03,1.210156542174499084e+00
1.045000000000000000e+03,1.231250004675935816e+00
1.046000000000000000e+03,1.080097795475835509e+00
1.047000000000000000e+03,1.159522215856552130e+00
1.048000000000000000e+03,1.407792167916806170e+00
1.049000000000000000e+03,1.078532263821804005e+00
1.050000000000000000e+03,1.224101790824101643e+00
1.051000000000000000e+03,1.105457038703836492e+00
1.052000000000000000e+03,1.369972504997104989e+00
1.053000000000000000e+03,1.300278366737179336e+00
1.054000000000000000e+03,1.481518556015779753e+00
1.055000000000000000e+03,1.057476818659170981e+00
1.056000000000000000e+03,1.386261727257066756e+00
1.057000000000000000e+03,1.103066965404585043e+00
1.058000000000000000e+03,1.384814337334790313e+00
1.059000000000000000e+03,1.262509782211167941e+00
1.060000000000000000e+03,1.221724556458991806e+00
1.061000000000000000e+03,1.334404192004852829e+00
1.062000000000000000e+03,1.396118364558835756e+00
1.063000000000000000e+03,1.369335294723106111e+00
1.064000000000000000e+03,1.318665747495213481e+00
1.065000000000000000e+03,1.122115299684190104e+00
1.066000000000000000e+03,1.268194972469851134e+00
1.067000000000000000e+03,1.291685105904891051e+00
1.068000000000000000e+03,1.244404127330759779e+00
1.069000000000000000e+03,1.231809024021056187e+00
1.070000000000000000e+03,1.458968339290004135e+00
1.071000000000000000e+03,1.236099147581071644e+00
1.072000000000000000e+03,1.390520257286042227e+00
1.073000000000000000e+03,1.133931208707317895e+00
1.074000000000000000e+03,1.058331290910702327e+00
1.075000000000000000e+03,1.119827407094856175e+00
1.076000000000000000e+03,1.163313694727954317e+00
1.077000000000000000e+03,1.157832539014300721e+00
1.078000000000000000e+03,1.231206903338802450e+00
1.079000000000000000e+03,1.302583296093460019e+00
1.080000000000000000e+03,1.244596368078687343e+00
1.081000000000000000e+03,1.093522574162286265e+00
1.082000000000000000e+03,1.077710825635967540e+00
1.083000000000000000e+03,1.149239528839491653e+00
1.084000000000000000e+03,1.159386502634867533e+00
1.085000000000000000e+03,1.257689222943831675e+00
1.086000000000000000e+03,1.281339261098574100e+00
1.087000000000000000e+03,1.112691774115073251e+00
1.088000000000000000e+03,1.164662285019036680e+00
1.089000000000000000e+03,1.119023001787002647e+00
1.090000000000000000e+03,1.114889883472427679e+00
1.091000000000000000e+03,1.291809609751493726e+00
1.092000000000000000e+03,1.310991884300630295e+00
1.093000000000000000e+03,1.495951118404675428e+00
1.094000000000000000e+03,1.294380831661000597e+00
1.095000000000000000e+03,1.381148164504547360e+00
1.096000000000000000e+03,1.184790096711558105e+00
1.097000000000000000e+03,1.232311413640568620e+00
1.098000000000000000e+03,1.240951752034826994e+00
1.099000000000000000e+03,9.827403849587903473e-01
1.100000000000000000e+03,1.114291066625136439e+00
1.101000000000000000e+03,1.256756758713067912e+00
1.102000000000000000e+03,1.084545212659171920e+00
1.103000000000000000e+03,1.334813022230380675e+00
1.104000000000000000e+03,1.217239949088181117e+00
1.105000000000000000e+03,1.360589775596420914e+00
1.106000000000000000e+03,1.195620824942092320e+00
1.107000000000000000e+03,1.224945392636078934e+00
1.108000000000000000e+03,1.103717633144124743e+00
1.109000000000000000e+03,1.380151329074912780e+00
1.110000000000000000e+03,1.235772038937797301e+00
1.111000000000000000e+03,1.184492215930224690e+00
1.112000000000000000e+03,1.191600069304313614e+00
1.113000000000000000e+03,1.067649255920541274e+00
1.114000000000000000e+03,1.202181975660963964e+00
1.115000000000000000e+03,1.218773152506394952e+00
1.116000000000000000e+03,1.193830485599302493e+00
1.117000000000000000e+03,1.146476129356668761e+00
1.118000000000000000e+03,1.101019674607125021e+00
1.119000000000000000e+03,1.170056164593981540e+00
1.120000000000000000e+03,1.243204243289741884e+00
1.121000000000000000e+03,1.239269991987146380e+00
1.122000000000000000e+03,1.279992684833829442e+00
1.123000000000000000e+03,1.231089794766119683e+00
1.124000000000000000e+03,1.223844645841936529e+00
1.125000000000000000e+03,1.174534791364090225e+00
1.126000000000000000e+03,1.070039603120807703e+00
1.127000000000000000e+03,1.283053426656368234e+00
1.128000000000000000e+03,1.242994607001596474e+00
1.129000000000000000e+03,1.345839326374030476e+00
1.130000000000000000e+03,1.300236737645578566e+00
1.131000000000000000e+03,1.261414883826328825e+00
1.132000000000000000e+03,1.132030612549584259e+00
1.133000000000000000e+03,1.081710098789562036e+00
1.134000000000000000e+03,1.204359021822761555e+00
1.135000000000000000e+03,1.251869618007269036e+00
1.136000000000000000e+03,1.249269711925289350e+00
1.137000000000000000e+03,1.304214954020485928e+00
1.138000000000000000e+03,1.306046702996083386e+00
1.139000000000000000e+03,1.169492269334856616e+00
1.140000000000000000e+03,1.106809888863182323e+00
1.141000000000000000e+03,1.155719964972651503e+00
1.142000000000000000e+03,1.252928412311231421e+00
1.143000000000000000e+03,1.115966081523267706e+00
1.144000000000000000e+03,1.285352860294667998e+00
1.145000000000000000e+03,1.112979077789875149e+00
1.146000000000000000e+03,1.201898300300875189e+00
1.147000000000000000e+03,1.260638855788932977e+00
1.148000000000000000e+03,1.275616706112117305e+00
1.149000000000000000e+03,1.340744904112657565e+00
1.150000000000000000e+03,1.244523487589465072e+00
1.151000000000000000e+03,1.260202346476879010e+00
1.152000000000000000e+03,1.156729069479061733e+00
1.153000000000000000e+03,1.218488139185632591e+00
1.154000000000000000e+03,1.054721933719606541e+00
1.155000000000000000e+03,1.234943788591867708e+00
1.156000000000000000e+03,1.216597890180676877e+00
1.157000000000000000e+03,1.211755031107001113e+00
1.158000000000000000e+03,1.204430261934672286e+00
1.159000000000000000e+03,1.337585585938669164e+00
1.160000000000000000e+03,1.146307446980051159e+00
1.161000000000000000e+03,1.143389551471642118e+00
1.162000000000000000e+03,1.279050621001496468e+00
1.163000000000000000e+03,1.133964993664326792e+00
1.164000000000000000e+03,1.132221133822096215e+00
1.165000000000000000e+03,1.279650638192261436e+00
1.166000000000000000e+03,1.103992699626661356e+00
1.167000000000000000e+03,1.255198990916783108e+00
1.168000000000000000e+03,1.222973296753289363e+00
1.169000000000000000e+03,1.229553995502456143e+00
1.170000000000000000e+03,1.131980723253886323e+00
1.171000000000000000e+03,1.172389746411141909e+00
1.172000000000000000e+03,1.096818897042940666e+00
1.173000000000000000e+03,1.250274566087974826e+00
1.174000000000000000e+03,1.285273567815196749e+00
1.175000000000000000e+03,1.120391417365162345e+00
1.176000000000000000e+03,1.266331809407031272e+00
1.177000000000000000e+03,1.169299142415058945e+00
1.178000000000000000e+03,1.229602991355693842e+00
1.179000000000000000e+03,1.079979699350736899e+00
1.180000000000000000e+03,1.264705242041487043e+00
1.181000000000000000e+03,1.227861465178487377e+00
1.182000000000000000e+03,1.290699555900627349e+00
1.183000000000000000e+03,1.270035015933165923e+00
1.184000000000000000e+03,1.169567758310013694e+00
1.185000000000000000e+03,1.211617014158353101e+00
1.186000000000000000e+03,1.137330923482325229e+00
1.187000000000000000e+03,1.345856812980873451e+00
1.188000000000000000e+03,1.223457384451204666e+00
1.189000000000000000e+03,1.288736940320336810e+00
1.190000000000000000e+03,1.287584435989312936e+00
1.191000000000000000e+03,1.306747100440609710e+00
1.192000000000000000e+03,1.140455047825716717e+00
1.193000000000000000e+03,1.151502357657901543e+00
1.194000000000000000e+03,1.145618892947047662e+00
1.195000000000000000e+03,1.031613941547331104e+00
1.196000000000000000e+03,1.172533070415899603e+00
1.197000000000000000e+03,1.154329771397121895e+00
1.198000000000000000e+03,1.151352267837930432e+00
1.199000000000000000e+03,1.096377112920926544e+00
1.200000000000000000e+03,1.173738022843665796e+00
1.201000000000000000e+03,1.212440447648605479e+00
1.202000000000000000e+03,1.239053202940429754e+00
1.203000000000000000e+03,1.114477934242086965e+00
1.204000000000000000e+03,1.285344681205832895e+00
1.205000000000000000e+03,1.239034579864695562e+00
1.206000000000000000e+03,1.194173915291560029e+00
1.207000000000000000e+03,1.093349320017522830e+00
1.208000000000000000e+03,1.138707780700031869e+00
1.209000000000000000e+03,1.153471659098658231e+00
1.210000000000000000e+03,1.186676084564628475e+00
1.211000000000000000e+03,1.152876467541094962e+00
1.212000000000000000e+03,1.228643408940807369e+00
1.213000000000000000e+03,1.140968358342928868e+00
1.214000000000000000e+03,1.086931051578960528e+00
1.215000000000000000e+03,1.035900512355051539e+00
1.216000000000000000e+03,1.244027803970890078e+00
1.217000000000000000e+03,1.172918995215412430e+00
1.218000000000000000e+03,1.198586649969162865e+00
1.219000000000000000e+03,1.220328140218711610e+00
1.220000000000000000e+03,1.233137367014509822e+00
1.221000000000000000e+03,1.318324423677309065e+00
1.222000000000000000e+03,1.337608481713162156e+00
1.223000000000000000e+03,1.080057382627607865e+00
1.224000000000000000e+03,1.226257861745219335e+00
1.225000000000000000e+03,1.223739777973921861e+00
1.226000000000000000e+03,1.303625895638308885e+00
1.227000000000000000e+03,1.313414722923323064e+00
1.228000000000000000e+03,1.179448578422259253e+00
1.229000000000000000e+03,1.272887858476005052e+00
1.230000000000000000e+03,1.105034790172424897e+00
1.231000000000000000e+03,1.359097839501799854e+00
1.232000000000000000e+03,1.312598746777874803e+00
1.233000000000000000e+03,1.319833160110665427e+00
1.234000000000000000e+03,1.222893450729697795e+00
1.235000000000000000e+03,1.217859732984712062e+00
1.236000000000000000e+03,1.312510481476736102e+00
1.237000000000000000e+03,1.340396141364825100e+00
1.238000000000000000e+03,1.209876894364305233e+00
1.239000000000000000e+03,1.203502114656210598e+00
1.240000000000000000e+03,1.232487434311006602e+00
1.241000000000000000e+03,1.125647558474180299e+00
1.242000000000000000e+03,1.289522688878703915e+00
1.243000000000000000e+03,1.189714677570116619e+00
1.244000000000000000e+03,1.054703586772964607e+00
1.245000000000000000e+03,1.170732485502528952e+00
1.246000000000000000e+03,1.131105652453662236e+00
1.247000000000000000e+03,1.088261645174629200e+00
1.248000000000000000e+03,1.044574048402661992e+00
1.249000000000000000e+03,1.221115840633054450e+00
1.250000000000000000e+03,1.078920638921659236e+00
1.251000000000000000e+03,1.040970870486143784e+00
1.252000000000000000e+03,1.168330674916200351e+00
1.253000000000000000e+03,1.238416497670991934e+00
1.254000000000000000e+03,1.026038023787772424e+00
1.255000000000000000e+03,1.165926948998440293e+00
1.256000000000000000e+03,1.258657651076562800e+00
1.257000000000000000e+03,1.158866788133965375e+00
1.258000000000000000e+03,1.318940941956596502e+00
1.259000000000000000e+03,1.130818444707614168e+00
1.260000000000000000e+03,1.166147014644706825e+00
1.261000000000000000e+03,1.198131717506177862e+00
1.262000000000000000e+03,1.303657617975316541e+00
1.263000000000000000e+03,1.369290310426302115e+00
1.264000000000000000e+03,1.244774020957229999e+00
1.265000000000000000e+03,1.274206832996436001e+00
1.266000000000000000e+03,1.201853904806146289e+00
1.267000000000000000e+03,1.225946575177348619e+00
1.268000000000000000e+03,1.116478994373350409e+00
1.269000000000000000e+03,1.316534610664625626e+00
1.270000000000000000e+03,1.289197233126147646e+00
1.271000000000000000e+03,1.299453135741565513e+00
1.272000000000000000e+03,1.118267835499685336e+00
1.273000000000000000e+03,1.180870023932351742e+00
1.274000000000000000e+03,1.105037935592184439e+00
1.275000000000000000e+03,1.277088702598979886e+00
1.276000000000000000e+03,1.164768675614346938e+00
1.277000000000000000e+03,1.369275865779491230e+00
1.278000000000000000e+03,1.311295302006746155e+00
1.279000000000000000e+03,1.286044512525178041e+00
1.280000000000000000e+03,1.098075310032281315e+00
1.281000000000000000e+03,1.281117677853452763e+00
1.282000000000000000e+03,1.089028590122050666e+00
1.283000000000000000e+03,1.051360316987657084e+00
1.284000000000000000e+03,1.250096223344854707e+00
1.285000000000000000e+03,1.348308353845438567e+00
1.286000000000000000e+03,1.211012316941757039e+00
1.287000000000000000e+03,1.204739152148321057e+00
1.288000000000000000e+03,1.342058387280300691e+00
1.289000000000000000e+03,1.291315604321711996e+00
1.290000000000000000e+03,1.286875583188318295e+00
1.291000000000000000e+03,1.244337092873594619e+00
1.292000000000000000e+03,1.281971315693465119e+00
1.293000000000000000e+03,1.448315452400033898e+00
1.294000000000000000e+03,1.207112207565958606e+00
1.295000000000000000e+03,1.127626599854461453e+00
1.296000000000000000e+03,1.334591041634347830e+00
1.297000000000000000e+03,1.301335829198570382e+00
1.298000000000000000e+03,1.230032037441202597e+00
1.299000000000000000e+03,1.337525845891471610e+00
1.300000000000000000e+03,1.293932190224896583e+00
1.301000000000000000e+03,1.319568428768276291e+00
1.302000000000000000e+03,1.246885538895873946e+00
1.303000000000000000e+03,1.330787215358386844e+00
1.304000000000000000e+03,1.329575173439625946e+00
1.305000000000000000e+03,1.060257698945568983e+00
1.306000000000000000e+03,1.278777136255082381e+00
1.307000000000000000e+03,1.290317183968202608e+00
1.308000000000000000e+03,1.327455881908993884e+00
1.309000000000000000e+03,1.302947529159022455e+00
1.310000000000000000e+03,1.387012156288589981e+00
1.311000000000000000e+03,1.296581234557880435e+00
1.312000000000000000e+03,1.212994859935085934e+00
1.313000000000000000e+03,1.141664387685433768e+00
1.314000000000000000e+03,1.222995542998608798e+00
1.315000000000000000e+03,1.329980720269978489e+00
1.316000000000000000e+03,1.274949260031543075e+00
1.317000000000000000e+03,1.199375769773356915e+00
1.318000000000000000e+03,1.278520304890259807e+00
1.319000000000000000e+03,1.290676569982601718e+00
1.320000000000000000e+03,1.413632643895488927e+00
1.321000000000000000e+03,1.312710201559773360e+00
1.322000000000000000e+03,1.212087514861506010e+00
1.323000000000000000e+03,1.191689225893084014e+00
1.324000000000000000e+03,1.328871915855952546e+00
1.325000000000000000e+03,1.234148316339066742e+00
1.326000000000000000e+03,1.315278263318640617e+00
1.327000000000000000e+03,1.264046006059545091e+00
1.328000000000000000e+03,1.222052490043732398e+00
1.329000000000000000e+03,1.326833879097639723e+00
1.330000000000000000e+03,1.507640309569990844e+00
1.331000000000000000e+03,1.428189966566746127e+00
1.332000000000000000e+03,1.305131347833552447e+00
1.333000000000000000e+03,1.315280371601359244e+00
1.334000000000000000e+03,1.172078966224360030e+00
1.335000000000000000e+03,1.366332773159097735e+00
1.336000000000000000e+03,1.313081012479388354e+00
1.337000000000000000e+03,1.162841822581602402e+00
1.338000000000000000e+03,1.265622153175330666e+00
1.339000000000000000e+03,1.187599976270289792e+00
1.340000000000000000e+03,1.418879544546686411e+00
1.341000000000000000e+03,1.260277916096722350e+00
1.342000000000000000e+03,1.386269853577317468e+00
1.343000000000000000e+03,1.154859728147046738e+00
1.344000000000000000e+03,1.252831317106983144e+00
1.345000000000000000e+03,1.194954584701250155e+00
1.346000000000000000e+03,1.297480466384077991e+00
1.347000000000000000e+03,1.184883855142047082e+00
1.348000000000000000e+03,1.148402009638728627e+00
1.349000000000000000e+03,1.317307819973975169e+00
1.350000000000000000e+03,1.341790189143445833e+00
1.351000000000000000e+03,1.295349432997258576e+00
1.352000000000000000e+03,1.393177782723367120e+00
1.353000000000000000e+03,1.412379052760279974e+00
1.354000000000000000e+03,1.304192209954766701e+00
1.355000000000000000e+03,1.248769329441711262e+00
1.356000000000000000e+03,1.331186150499718890e+00
1.357000000000000000e+03,1.119788685296642994e+00
1.358000000000000000e+03,1.266325370810322815e+00
1.359000000000000000e+03,1.249093931753495701e+00
1.360000000000000000e+03,1.353310001690368081e+00
1.361000000000000000e+03,1.326661520138560313e+00
1.362000000000000000e+03,1.413392654836815199e+00
1.363000000000000000e+03,1.356077522395243484e+00
1.364000000000000000e+03,1.378905761608096192e+00
1.365000000000000000e+03,1.281770264369351597e+00
1.366000000000000000e+03,1.284376532770156620e+00
1.367000000000000000e+03,1.106788300438144690e+00
1.368000000000000000e+03,1.245857876485269022e+00
1.369000000000000000e+03,1.319702489737380136e+00
1.370000000000000000e+03,1.281642095464831321e+00
1.371000000000000000e+03,1.282785688841058924e+00
1.372000000000000000e+03,1.277297813128336568e+00
1.373000000000000000e+03,1.141668619934973261e+00
1.374000000000000000e+03,1.199571382654754492e+00
1.375000000000000000e+03,1.160398484538817332e+00
1.376000000000000000e+03,1.344858329171757516e+00
1.377000000000000000e+03,1.183509498310931773e+00
1.378000000000000000e+03,1.243212669379780255e+00
1.379000000000000000e+03,1.284165874745297975e+00
1.380000000000000000e+03,1.226725040111389164e+00
1.381000000000000000e+03,1.332115126048218468e+00
1.382000000000000000e+03,1.223054003842236170e+00
1.383000000000000000e+03,1.171110782109785031e+00
1.384000000000000000e+03,1.276885282150546086e+00
1.385000000000000000e+03,1.170246385280653501e+00
1.386000000000000000e+03,1.138336864668307191e+00
1.387000000000000000e+03,1.264719199673291827e+00
1.388000000000000000e+03,1.373198884657343743e+00
1.389000000000000000e+03,1.248290331530399921e+00
1.390000000000000000e+03,1.193416361582415819e+00
1.391000000000000000e+03,1.372687273928189455e+00
1.392000000000000000e+03,1.229227865394300290e+00
1.393000000000000000e+03,1.261671585708782128e+00
1.394000000000000000e+03,1.253017074697398980e+00
1.395000000000000000e+03,1.221631031580551863e+00
1.396000000000000000e+03,1.021891711413198012e+00
1.397000000000000000e+03,1.121991100227631932e+00
1.398000000000000000e+03,1.095436599118430943e+00
1.399000000000000000e+03,1.344289140202501898e+00
1.400000000000000000e+03,1.250489482088358084e+00
1.401000000000000000e+03,1.326579473005726095e+00
1.402000000000000000e+03,1.101487133131060947e+00
1.403000000000000000e+03,1.360506618497263398e+00
1.404000000000000000e+03,1.259326779155812481e+00
1.405000000000000000e+03,1.259906035003855340e+00
1.406000000000000000e+03,1.220346977021454560e+00
1.407000000000000000e+03,1.242341429744961534e+00
1.408000000000000000e+03,1.330803498781675476e+00
1.409000000000000000e+03,1.285028975824329178e+00
1.410000000000000000e+03,1.142523856404176419e+00
1.411000000000000000e+03,1.156285054733705797e+00
1.412000000000000000e+03,1.242567735900444115e+00
1.413000000000000000e+03,1.190364267708152513e+00
1.414000000000000000e+03,1.103771642361601524e+00
1.415000000000000000e+03,1.186299681365222680e+00
1.416000000000000000e+03,1.305876307230997124e+00
1.417000000000000000e+03,1.081536967990505804e+00
1.418000000000000000e+03,1.368421300459122580e+00
1.419000000000000000e+03,1.221284588605554777e+00
1.420000000000000000e+03,1.369004186476818319e+00
1.421000000000000000e+03,1.363553726078620798e+00
1.422000000000000000e+03,1.207288472408039492e+00
1.423000000000000000e+03,1.316911134776300507e+00
1.424000000000000000e+03,1.189817815603159801e+00
1.425000000000000000e+03,1.197344423734514329e+00
1.426000000000000000e+03,1.310584356990207811e+00
1.427000000000000000e+03,1.294026796449239125e+00
1.428000000000000000e+03,1.298917807596587704e+00
1.429000000000000000e+03,1.348271737398281989e+00
1.430000000000000000e+03,1.297638672003789795e+00
1.431000000000000000e+03,1.291710510637673615e+00
1.432000000000000000e+03,1.280316208055544358e+00
1.433000000000000000e+03,1.408670367624564879e+00
1.434000000000000000e+03,1.273512529968054974e+00
1.435000000000000000e+03,1.300577747383723670e+00
1.436000000000000000e+03,1.190986035243783547e+00
1.437000000000000000e+03,1.143853528479201964e+00
1.438000000000000000e+03,1.276905778802971403e+00
1.439000000000000000e+03,1.233709089679368764e+00
1.440000000000000000e+03,1.352385552567391569e+00
1.441000000000000000e+03,1.251795296468409369e+00
1.442000000000000000e+03,1.142611956443698729e+00
1.443000000000000000e+03,1.214442481506199822e+00
1.444000000000000000e+03,1.093801407517910995e+00
1.445000000000000000e+03,1.239556006978210556e+00
1.446000000000000000e+03,1.135788580744248710e+00
1.447000000000000000e+03,1.279675978877902187e+00
1.448000000000000000e+03,1.253687144212184190e+00
1.449000000000000000e+03,1.344324695335063602e+00
1.450000000000000000e+03,1.289808407633042497e+00
1.451000000000000000e+03,1.312724523493145945e+00
1.452000000000000000e+03,1.198665428852002224e+00
1.453000000000000000e+03,1.263845706240705358e+00
1.454000000000000000e+03,1.232669815335415198e+00
1.455000000000000000e+03,1.190781801424159125e+00
1.456000000000000000e+03,1.252820285405490397e+00
1.457000000000000000e+03,1.230897102884081828e+00
1.458000000000000000e+03,1.347747767930296936e+00
1.459000000000000000e+03,1.253326738011721675e+00
1.460000000000000000e+03,1.148663306068610002e+00
1.461000000000000000e+03,1.274793346626464707e+00
1.462000000000000000e+03,1.166652596582368417e+00
1.463000000000000000e+03,1.242706578932025074e+00
1.464000000000000000e+03,1.270368577000688948e+00
1.465000000000000000e+03,1.263527256146895983e+00
1.466000000000000000e+03,1.328904645308207177e+00
1.467000000000000000e+03,1.211972752663680986e+00
1.468000000000000000e+03,1.143454491694817499e+00
1.469000000000000000e+03,1.238215727616887696e+00
1.470000000000000000e+03,1.269699697323586340e+00
1.471000000000000000e+03,1.357168750318049177e+00
1.472000000000000000e+03,1.167517404991476937e+00
1.473000000000000000e+03,1.173226546547394777e+00
1.474000000000000000e+03,1.340005491969755713e+00
1.475000000000000000e+03,1.145498995237781426e+00
1.476000000000000000e+03,1.182707407192582716e+00
1.477000000000000000e+03,1.060424430829069120e+00
1.478000000000000000e+03,1.122554499500471259e+00
1.479000000000000000e+03,1.242197790070242336e+00
1.480000000000000000e+03,1.065379045547661718e+00
1.481000000000000000e+03,9.509378799314602837e-01
1.482000000000000000e+03,1.251378231858414791e+00
1.483000000000000000e+03,1.252425169702485741e+00
1.484000000000000000e+03,1.293709894058725940e+00
1.485000000000000000e+03,1.328299212644113325e+00
1.486000000000000000e+03,1.254122857982578942e+00
1.487000000000000000e+03,1.369441047250045118e+00
1.488000000000000000e+03,1.318984203983086800e+00
1.489000000000000000e+03,1.294032357429577784e+00
1.490000000000000000e+03,1.453587200786235156e+00
1.491000000000000000e+03,1.328594874566302542e+00
1.492000000000000000e+03,1.230881761127823326e+00
1.493000000000000000e+03,1.301501339146596381e+00
1.494000000000000000e+03,1.181548884016562884e+00
1.495000000000000000e+03,1.134290954183126754e+00
1.496000000000000000e+03,1.279849867007483377e+00
1.497000000000000000e+03,1.170239181095280134e+00
1.498000000000000000e+03,1.219464946326634713e+00
1.499000000000000000e+03,1.178297979298160270e+00
1.500000000000000000e+03,1.172136372847236263e+00
1.501000000000000000e+03,1.193022159573819518e+00
1.502000000000000000e+03,1.285690061721882049e+00
1.503000000000000000e+03,1.211526411694052729e+00
1.504000000000000000e+03,1.237248678687295822e+00
1.505000000000000000e+03,1.250891943808289941e+00
1.506000000000000000e+03,1.125860589970052006e+00
1.507000000000000000e+03,1.422158056422190064e+00
1.508000000000000000e+03,1.272449696248303619e+00
1.509000000000000000e+03,1.282138076943028615e+00
1.510000000000000000e+03,1.328524905416807345e+00
1.511000000000000000e+03,1.322021458591868814e+00
1.512000000000000000e+03,1.302924919063673803e+00
1.513000000000000000e+03,1.198510507541254544e+00
1.514000000000000000e+03,1.276685367429487794e+00
1.515000000000000000e+03,1.213388121059759905e+00
1.516000000000000000e+03,1.162913682396556014e+00
1.517000000000000000e+03,1.194025866506758682e+00
1.518000000000000000e+03,1.262091925634609479e+00
1.519000000000000000e+03,1.250964053318698310e+00
1.520000000000000000e+03,1.197074090929598933e+00
1.521000000000000000e+03,1.214603771528250054e+00
1.522000000000000000e+03,1.255370322506699221e+00
1.523000000000000000e+03,1.341300295240562601e+00
1.524000000000000000e+03,1.264031152636362343e+00
1.525000000000000000e+03,1.042730609738729886e+00
1.526000000000000000e+03,1.126947763906200217e+00
1.527000000000000000e+03,1.171754317647743182e+00
1.528000000000000000e+03,1.181511056100945867e+00
1.529000000000000000e+03,1.030474397787498830e+00
1.530000000000000000e+03,1.243147300182055437e+00
1.531000000000000000e+03,1.141780428527797042e+00
1.532000000000000000e+03,1.231723402775289689e+00
1.533000000000000000e+03,1.146480134589269229e+00
1.534000000000000000e+03,1.128508637414397775e+00
1.535000000000000000e+03,1.116343670594005077e+00
1.536000000000000000e+03,1.260375708777822013e+00
1.537000000000000000e+03,1.173167153554644182e+00
1.538000000000000000e+03,1.161069144024208244e+00
1.539000000000000000e+03,1.115810332002335814e+00
1.540000000000000000e+03,1.149461364651911843e+00
1.541000000000000000e+03,1.087941373087900843e+00
1.542000000000000000e+03,1.285127158097628897e+00
1.543000000000000000e+03,1.226618850873792743e+00
1.544000000000000000e+03,1.108454768976471438e+00
1.545000000000000000e+03,1.204525280910564211e+00
1.546000000000000000e+03,1.364261755882356875e+00
1.547000000000000000e+03,1.213002210759584587e+00
1.548000000000000000e+03,1.217638221910971374e+00
1.549000000000000000e+03,1.271933803790569639e+00
1.550000000000000000e+03,1.179498949520133344e+00
1.551000000000000000e+03,1.264875377512314714e+00
1.552000000000000000e+03,1.239484825226636611e+00
1.553000000000000000e+03,1.160017392501334177e+00
1.554000000000000000e+03,1.277026448528698399e+00
1.555000000000000000e+03,1.190929215490917237e+00
1.556000000000000000e+03,1.225474157253162000e+00
1.557000000000000000e+03,1.182673768308295070e+00
1.558000000000000000e+03,1.169958311506713144e+00
1.559000000000000000e+03,1.477468824109489987e+00
1.560000000000000000e+03,1.371124515499343222e+00
1.561000000000000000e+03,1.301161199600386231e+00
1.562000000000000000e+03,1.371445741995951595e+00
1.563000000000000000e+03,1.209573519386954121e+00
1.564000000000000000e+03,1.293100431726455390e+00
1.565000000000000000e+03,1.026796467965812365e+00
1.566000000000000000e+03,1.301257091050120218e+00
1.567000000000000000e+03,1.268871269685494907e+00
1.568000000000000000e+03,1.197349554139139904e+00
1.569000000000000000e+03,1.225024879830564961e+00
1.570000000000000000e+03,1.286134090926521978e+00
1.571000000000000000e+03,1.437020389866713543e+00
1.572000000000000000e+03,1.199577621709541964e+00
1.573000000000000000e+03,1.110693163318620558e+00
1.574000000000000000e+03,1.231859698244580414e+00
1.575000000000000000e+03,1.111785078801016180e+00
1.576000000000000000e+03,1.344678150889328627e+00
1.577000000000000000e+03,1.290856553154823949e+00
1.578000000000000000e+03,1.350190812132662899e+00
1.579000000000000000e+03,1.313239186757709787e+00
1.580000000000000000e+03,1.248163101335388214e+00
1.581000000000000000e+03,1.121442000832328478e+00
1.582000000000000000e+03,1.117291641394134505e+00
1.583000000000000000e+03,1.326015543899800475e+00
1.584000000000000000e+03,9.912561275165138186e-01
1.585000000000000000e+03,1.235967460732079637e+00
1.586000000000000000e+03,1.160950569058367687e+00
1.587000000000000000e+03,1.315251104274839156e+00
1.588000000000000000e+03,1.356506797411363596e+00
1.589000000000000000e+03,1.129396450012964292e+00
1.590000000000000000e+03,1.245137977753679959e+00
1.591000000000000000e+03,1.229794243863138625e+00
1.592000000000000000e+03,1.131569112112676967e+00
1.593000000000000000e+03,1.178157709284254340e+00
1.594000000000000000e+03,1.069793793503347690e+00
1.595000000000000000e+03,1.238465761503950935e+00
1.596000000000000000e+03,1.181080301938751242e+00
1.597000000000000000e+03,1.322212011049516800e+00
1.598000000000000000e+03,1.257735718807995617e+00
1.599000000000000000e+03,1.138079019496312849e+00
1.600000000000000000e+03,1.237510949406452232e+00
1.601000000000000000e+03,1.098998121182065857e+00
1.602000000000000000e+03,1.225299324107773424e+00
1.603000000000000000e+03,1.285425527791562272e+00
1.604000000000000000e+03,1.309699775979159542e+00
1.605000000000000000e+03,1.358094064864524553e+00
1.606000000000000000e+03,1.231954446522095292e+00
1.607000000000000000e+03,1.245432314354703029e+00
1.608000000000000000e+03,1.295236809293311975e+00
1.609000000000000000e+03,1.126917008518577124e+00
1.610000000000000000e+03,1.185996523199194463e+00
1.611000000000000000e+03,1.282364186246261140e+00
1.612000000000000000e+03,1.232848156038165888e+00
1.613000000000000000e+03,1.228118259386974387e+00
1.614000000000000000e+03,1.385329955532434987e+00
1.615000000000000000e+03,1.280717574937753733e+00
1.616000000000000000e+03,1.197695534346485902e+00
1.617000000000000000e+03,1.199419480986458009e+00
1.618000000000000000e+03,1.118775428516588066e+00
1.619000000000000000e+03,1.130771216955160030e+00
1.620000000000000000e+03,1.317479346121506856e+00
1.621000000000000000e+03,1.261715039237522706e+00
1.622000000000000000e+03,1.428130213521157543e+00
1.623000000000000000e+03,1.143826792095957279e+00
1.624000000000000000e+03,1.272277969084658622e+00
1.625000000000000000e+03,1.289813099323664947e+00
1.626000000000000000e+03,1.343632605655231460e+00
1.627000000000000000e+03,1.325932980422216856e+00
1.628000000000000000e+03,1.237535779591226071e+00
1.629000000000000000e+03,1.384960585952971224e+00
1.630000000000000000e+03,1.257152081153271483e+00
1.631000000000000000e+03,1.191003514414263886e+00
1.632000000000000000e+03,1.275151136837666899e+00
1.633000000000000000e+03,1.247308666406573341e+00
1.634000000000000000e+03,1.153903530862041116e+00
1.635000000000000000e+03,1.321674003629548233e+00
1.636000000000000000e+03,1.213445529213688534e+00
1.637000000000000000e+03,1.258419131707652072e+00
1.638000000000000000e+03,1.269961312261494113e+00
1.639000000000000000e+03,1.410117617081855457e+00
1.640000000000000000e+03,1.221906047274590401e+00
1.641000000000000000e+03,1.272630006121948654e+00
1.642000000000000000e+03,1.184457780409806649e+00
1.643000000000000000e+03,1.201457630123534681e+00
1.644000000000000000e+03,1.309048064144950452e+00
1.645000000000000000e+03,1.173750397047747418e+00
1.646000000000000000e+03,1.182996574051766059e+00
1.647000000000000000e+03,1.248382905155389855e+00
1.648000000000000000e+03,1.191539384315809524e+00
1.649000000000000000e+03,1.402330277396888869e+00
1.650000000000000000e+03,1.326536166431863117e+00
1.651000000000000000e+03,1.169147520261381468e+00
1.652000000000000000e+03,1.299676975049746330e+00
1.653000000000000000e+03,1.223552299065817861e+00
1.654000000000000000e+03,1.312436430906441798e+00
1.655000000000000000e+03,1.048906726352288432e+00
1.656000000000000000e+03,1.311451108245461405e+00
1.657000000000000000e+03,1.000499334317235034e+00
1.658000000000000000e+03,1.216719169143709589e+00
1.659000000000000000e+03,1.117761298293652450e+00
1.660000000000000000e+03,1.220867814089111381e+00
1.661000000000000000e+03,1.096556606178721083e+00
1.662000000000000000e+03,1.204876246093676828e+00
1.663000000000000000e+03,1.167157599051792172e+00
1.664000000000000000e+03,1.265146944509746518e+00
1.665000000000000000e+03,1.169744932003315530e+00
1.666000000000000000e+03,1.270254486419936102e+00
1.667000000000000000e+03,1.327144342674930977e+00
1.668000000000000000e+03,1.236748277500498983e+00
1.669000000000000000e+03,1.154515728498732630e+00
1.670000000000000000e+03,1.154141299834199996e+00
1.671000000000000000e+03,1.167471334194386534e+00
1.672000000000000000e+03,1.260670143158507228e+00
1.673000000000000000e+03,1.258347622325193482e+00
1.674000000000000000e+03,1.278399785950953493e+00
1.675000000000000000e+03,1.361193160516101175e+00
1.676000000000000000e+03,1.215245397644058700e+00
1.677000000000000000e+03,1.287650069472719760e+00
1.678000000000000000e+03,1.322229204160189076e+00
1.679000000000000000e+03,1.282816028298111588e+00
1.680000000000000000e+03,1.267941765664441167e+00
1.681000000000000000e+03,1.289538615800966959e+00
1.682000000000000000e+03,1.172060218325541303e+00
1.683000000000000000e+03,1.179210061184893910e+00
1.684000000000000000e+03,1.263413514594307063e+00
1.685000000000000000e+03,1.184756763437362137e+00
1.686000000000000000e+03,1.251177017028170635e+00
1.687000000000000000e+03,1.191756923836951643e+00
1.688000000000000000e+03,1.231533523458705037e+00
1.689000000000000000e+03,1.367663015395051751e+00
1.690000000000000000e+03,1.197761064365775230e+00
1.691000000000000000e+03,1.253556405906527393e+00
1.692000000000000000e+03,1.282635151979763410e+00
1.693000000000000000e+03,1.313796739363146004e+00
1.694000000000000000e+03,1.085432732202538331e+00
1.695000000000000000e+03,1.247693535105084850e+00
1.696000000000000000e+03,1.417076009118998225e+00
1.697000000000000000e+03,1.187624214055421179e+00
1.698000000000000000e+03,1.418152155810356474e+00
1.699000000000000000e+03,1.364884123015198458e+00
1.700000000000000000e+03,1.345313929849243140e+00
1.701000000000000000e+03,1.279133882794575072e+00
1.702000000000000000e+03,1.137324257792435400e+00
1.703000000000000000e+03,1.139851959053709507e+00
1.704000000000000000e+03,1.310165375075493799e+00
1.705000000000000000e+03,1.265466560109529848e+00
1.706000000000000000e+03,1.287182960054394920e+00
1.707000000000000000e+03,1.225710335392772077e+00
1.708000000000000000e+03,1.203726599815198472e+00
1.709000000000000000e+03,1.351880725411904294e+00
1.710000000000000000e+03,1.277118466400205543e+00
1.711000000000000000e+03,1.329878371905251155e+00
1.712000000000000000e+03,1.275551997395289572e+00
1.713000000000000000e+03,1.223023855921690162e+00
1.714000000000000000e+03,1.224724636096545582e+00
1.715000000000000000e+03,1.215918790835688768e+00
1.716000000000000000e+03,1.286776318335161484e+00
1.717000000000000000e+03,1.181027049310868104e+00
1.718000000000000000e+03,1.258052006033325565e+00
1.719000000000000000e+03,1.186119192096473540e+00
1.720000000000000000e+03,1.163583880694693651e+00
1.721000000000000000e+03,1.241044284591401592e+00
1.722000000000000000e+03,1.101318467074535734e+00
1.723000000000000000e+03,1.350570146856375331e+00
1.724000000000000000e+03,1.259786691618357990e+00
1.725000000000000000e+03,1.222903741567326952e+00
1.726000000000000000e+03,1.143737936173527592e+00
1.727000000000000000e+03,1.299325688519003652e+00
1.728000000000000000e+03,1.143084505103770798e+00
1.729000000000000000e+03,1.076369071338558525e+00
1.730000000000000000e+03,1.266248605737737565e+00
1.731000000000000000e+03,1.234311940403250540e+00
1.732000000000000000e+03,1.165532814461230249e+00
1.733000000000000000e+03,1.145990494315104025e+00
1.734000000000000000e+03,1.158713668790554374e+00
1.735000000000000000e+03,1.112193823682113836e+00
1.736000000000000000e+03,1.383888838546480482e+00
1.737000000000000000e+03,1.154649072932890430e+00
1.738000000000000000e+03,1.319585044309496968e+00
1.739000000000000000e+03,1.394480793315298950e+00
1.740000000000000000e+03,1.270773548820937737e+00
1.741000000000000000e+03,1.277390091506703129e+00
1.742000000000000000e+03,1.344478518105509002e+00
1.743000000000000000e+03,1.251582479505984891e+00
1.744000000000000000e+03,1.309318417707576510e+00
1.745000000000000000e+03,1.221841511689699011e+00
1.746000000000000000e+03,1.308586759858509030e+00
1.747000000000000000e+03,1.328601864828025780e+00
1.748000000000000000e+03,1.163444931890632361e+00
1.749000000000000000e+03,1.173040473671986827e+00
1.750000000000000000e+03,1.305485708832733183e+00
1.751000000000000000e+03,1.162536865965650312e+00
1.752000000000000000e+03,1.245033685056555761e+00
1.753000000000000000e+03,1.235967165568927495e+00
1.754000000000000000e+03,1.235640448650829892e+00
1.755000000000000000e+03,1.238039360549701762e+00
1.756000000000000000e+03,1.204351134702981163e+00
1.757000000000000000e+03,1.243756590589697675e+00
1.758000000000000000e+03,1.291803211388445449e+00
1.759000000000000000e+03,1.265109061663631573e+00
1.760000000000000000e+03,1.110341686723643084e+00
1.761000000000000000e+03,1.319335769844951489e+00
1.762000000000000000e+03,1.576277418435049205e+00
1.763000000000000000e+03,1.373322879247506734e+00
1.764000000000000000e+03,1.266356578515508646e+00
1.765000000000000000e+03,1.378572509410031621e+00
1.766000000000000000e+03,1.263450187275192871e+00
1.767000000000000000e+03,1.216018009485608120e+00
1.768000000000000000e+03,1.320094102163051009e+00
1.769000000000000000e+03,1.306885209424396344e+00
1.770000000000000000e+03,1.269913952929143441e+00
1.771000000000000000e+03,1.272344474400561642e+00
1.772000000000000000e+03,1.204292406825459461e+00
1.773000000000000000e+03,1.190796301272587066e+00
1.774000000000000000e+03,1.298108769941800134e+00
1.775000000000000000e+03,1.161397479426022228e+00
1.776000000000000000e+03,1.171331363214422217e+00
1.777000000000000000e+03,1.108800565878303335e+00
1.778000000000000000e+03,1.315920102065495811e+00
1.779000000000000000e+03,1.282906143652698949e+00
1.780000000000000000e+03,1.283594388103104889e+00
1.781000000000000000e+03,1.445539235532737887e+00
1.782000000000000000e+03,1.194531250577400838e+00
1.783000000000000000e+03,1.137993771145521027e+00
1.784000000000000000e+03,1.238959105809545491e+00
1.785000000000000000e+03,1.247679313740427842e+00
1.786000000000000000e+03,1.348700820799923150e+00
1.787000000000000000e+03,1.211519843573800381e+00
1.788000000000000000e+03,1.265177121334022159e+00
1.789000000000000000e+03,1.219338072309190446e+00
1.790000000000000000e+03,1.220665784312801483e+00
1.791000000000000000e+03,1.172077903950293098e+00
1.792000000000000000e+03,1.299980760972014648e+00
1.793000000000000000e+03,1.285395261691596902e+00
1.794000000000000000e+03,1.213836771805821169e+00
1.795000000000000000e+03,1.207782512518470464e+00
1.796000000000000000e+03,1.210328935415934337e+00
1.797000000000000000e+03,1.202970501531982261e+00
1.798000000000000000e+03,1.274083430285767760e+00
1.799000000000000000e+03,1.248721794592269951e+00
1.800000000000000000e+03,1.109787401661694872e+00
1.801000000000000000e+03,1.249732623879652671e+00
1.802000000000000000e+03,1.376955950034011167e+00
1.803000000000000000e+03,1.238534481398242182e+00
1.804000000000000000e+03,1.169552444748639619e+00
1.805000000000000000e+03,1.105320846952772884e+00
1.806000000000000000e+03,1.261754724477917700e+00
1.807000000000000000e+03,1.198437111646215580e+00
1.808000000000000000e+03,1.130171691870782480e+00
1.809000000000000000e+03,1.264109982466649518e+00
1.810000000000000000e+03,1.289650111186001258e+00
1.811000000000000000e+03,1.226163920531045504e+00
1.812000000000000000e+03,1.359521885048769807e+00
1.813000000000000000e+03,1.327871318759499708e+00
1.814000000000000000e+03,1.283004661446573769e+00
1.815000000000000000e+03,1.191658915744018055e+00
1.816000000000000000e+03,1.108585587568241326e+00
1.817000000000000000e+03,1.034546473996186933e+00
1.818000000000000000e+03,1.126023210727248980e+00
1.819000000000000000e+03,1.241200881739138451e+00
1.820000000000000000e+03,1.202522954818426193e+00
1.821000000000000000e+03,1.327931551076996675e+00
1.822000000000000000e+03,1.299301650967223720e+00
1.823000000000000000e+03,1.412076229251707504e+00
1.824000000000000000e+03,1.215143611270754986e+00
1.825000000000000000e+03,1.146701947833816071e+00
1.826000000000000000e+03,1.174130966610343885e+00
1.827000000000000000e+03,1.331199757157554009e+00
1.828000000000000000e+03,1.091225654789300004e+00
1.829000000000000000e+03,1.288613756424766388e+00
1.830000000000000000e+03,1.270077735592790580e+00
1.831000000000000000e+03,1.215109729316165676e+00
1.832000000000000000e+03,1.326597823406623133e+00
1.833000000000000000e+03,1.393293201539963277e+00
1.834000000000000000e+03,1.325080037488388429e+00
1.835000000000000000e+03,1.035322237363634823e+00
1.836000000000000000e+03,1.247724890757541116e+00
1.837000000000000000e+03,1.133168660920088611e+00
1.838000000000000000e+03,1.207711890868920834e+00
1.839000000000000000e+03,1.277540012955909798e+00
1.840000000000000000e+03,1.133663775431580145e+00
1.841000000000000000e+03,1.252910253039148936e+00
1.842000000000000000e+03,1.060839970509419583e+00
1.843000000000000000e+03,1.160169747792905826e+00
1.844000000000000000e+03,1.243630324676346710e+00
1.845000000000000000e+03,1.260771724922185477e+00
1.846000000000000000e+03,1.300536618493955299e+00
1.847000000000000000e+03,1.261130465670144307e+00
1.848000000000000000e+03,1.101142327503022544e+00
1.849000000000000000e+03,1.210335529429292345e+00
1.850000000000000000e+03,1.229531966399431964e+00
1.851000000000000000e+03,1.148450534121366218e+00
1.852000000000000000e+03,1.248748345971660845e+00
1.853000000000000000e+03,1.376797650007389739e+00
1.854000000000000000e+03,1.196111561120659417e+00
1.855000000000000000e+03,1.411131265790003253e+00
1.856000000000000000e+03,1.402420182460747178e+00
1.857000000000000000e+03,1.318138017999504585e+00
1.858000000000000000e+03,1.303268493846780229e+00
1.859000000000000000e+03,1.307389504362955090e+00
1.860000000000000000e+03,1.219189428736371816e+00
1.861000000000000000e+03,1.094729513943111465e+00
1.862000000000000000e+03,1.279966701981974264e+00
1.863000000000000000e+03,1.363097517224234778e+00
1.864000000000000000e+03,1.398840275613045359e+00
1.865000000000000000e+03,1.334502868069961767e+00
1.866000000000000000e+03,1.308970470323234991e+00
1.867000000000000000e+03,1.157803373021401905e+00
1.868000000000000000e+03,1.487193926458474147e+00
1.869000000000000000e+03,1.258343724200605029e+00
1.870000000000000000e+03,1.435132254112595929e+00
1.871000000000000000e+03,1.305823393143068500e+00
1.872000000000000000e+03,1.321584292011312556e+00
1.873000000000000000e+03,1.247075544433576599e+00
1.874000000000000000e+03,1.169770416345916830e+00
1.875000000000000000e+03,1.276456853235474309e+00
1.876000000000000000e+03,1.331390598935140002e+00
1.877000000000000000e+03,1.063193851554733893e+00
1.878000000000000000e+03,1.371044342515829850e+00
1.879000000000000000e+03,1.155964277516864369e+00
1.880000000000000000e+03,1.396121036440905128e+00
1.881000000000000000e+03,1.088510867973005114e+00
1.882000000000000000e+03,1.236159217582927683e+00
1.883000000000000000e+03,1.172529143468976853e+00
1.884000000000000000e+03,1.115186256317127977e+00
1.885000000000000000e+03,1.291978598619261565e+00
1.886000000000000000e+03,1.176647746653227244e+00
1.887000000000000000e+03,1.138280362169998838e+00
1.888000000000000000e+03,1.209741403882012012e+00
1.889000000000000000e+03,1.284707916886202117e+00
1.890000000000000000e+03,1.191002932381739932e+00
1.891000000000000000e+03,1.220654966406425013e+00
1.892000000000000000e+03,1.220478903844983032e+00
1.893000000000000000e+03,1.353784075692547884e+00
1.894000000000000000e+03,1.229445581731470449e+00
1.895000000000000000e+03,1.234450538621997717e+00
1.896000000000000000e+03,1.248504752194085299e+00
1.897000000000000000e+03,1.314592059071416186e+00
1.898000000000000000e+03,1.282798743073076508e+00
1.899000000000000000e+03,1.416781658947861011e+00
1.900000000000000000e+03,1.331299585331690238e+00
1.901000000000000000e+03,1.251710339194568311e+00
1.902000000000000000e+03,1.317821254697246536e+00
1.903000000000000000e+03,1.234915909941115553e+00
1.904000000000000000e+03,1.405742793412760872e+00
1.905000000000000000e+03,1.130798445131150576e+00
1.906000000000000000e+03,1.435155728128814978e+00
1.907000000000000000e+03,1.257814735075989399e+00
1.908000000000000000e+03,1.299841325959003591e+00
1.909000000000000000e+03,1.271167276504250987e+00
1.910000000000000000e+03,1.129891548858818151e+00
1.911000000000000000e+03,1.095947743767154980e+00
1.912000000000000000e+03,1.129758821272068836e+00
1.913000000000000000e+03,1.220860115023373771e+00
1.914000000000000000e+03,1.244953509200971142e+00
1.915000000000000000e+03,1.100548907913044383e+00
1.916000000000000000e+03,1.248941726844899014e+00
1.917000000000000000e+03,1.122728728957795852e+00
1.918000000000000000e+03,1.389593333298517974e+00
1.919000000000000000e+03,1.271656303814770794e+00
1.920000000000000000e+03,1.368494114062851930e+00
1.921000000000000000e+03,1.158576800087638636e+00
1.922000000000000000e+03,1.270427673068050156e+00
1.923000000000000000e+03,1.335196189692035906e+00
1.924000000000000000e+03,1.338829294125192693e+00
1.925000000000000000e+03,1.307001294620663279e+00
1.926000000000000000e+03,1.167097268404857058e+00
1.927000000000000000e+03,1.139772983371722948e+00
1.928000000000000000e+03,1.258881245442421859e+00
1.929000000000000000e+03,1.278833692769861585e+00
1.930000000000000000e+03,1.288999672675100738e+00
1.931000000000000000e+03,1.216683501050784599e+00
1.932000000000000000e+03,1.116434258131451474e+00
1.933000000000000000e+03,1.222982638723743687e+00
1.934000000000000000e+03,1.225622967445886946e+00
1.935000000000000000e+03,1.240760489913337317e+00
1.936000000000000000e+03,1.323029565349312930e+00
1.937000000000000000e+03,1.175366778690658975e+00
1.938000000000000000e+03,1.252351311449134252e+00
1.939000000000000000e+03,1.159254204714861514e+00
1.940000000000000000e+03,1.068919632542443265e+00
1.941000000000000000e+03,1.103423758819804146e+00
1.942000000000000000e+03,1.283192028412232677e+00
1.943000000000000000e+03,1.219370920472915731e+00
1.944000000000000000e+03,1.284292035974604174e+00
1.945000000000000000e+03,1.249155136429968005e+00
1.946000000000000000e+03,1.289957786279493757e+00
1.947000000000000000e+03,1.142790905356676268e+00
1.948000000000000000e+03,1.198364868697130214e+00
1.949000000000000000e+03,1.285067244495177397e+00
1.950000000000000000e+03,1.130905445083426164e+00
1.951000000000000000e+03,1.264342680170685407e+00
1.952000000000000000e+03,1.422012601209208915e+00
1.953000000000000000e+03,1.187781965922465099e+00
1.954000000000000000e+03,1.330040476759146717e+00
1.955000000000000000e+03,1.300079650847817625e+00
1.956000000000000000e+03,1.149245856544022004e+00
1.957000000000000000e+03,1.156137232169638818e+00
1.958000000000000000e+03,1.193789408663402218e+00
1.959000000000000000e+03,1.146715885454876682e+00
1.960000000000000000e+03,1.368314826173791854e+00
1.961000000000000000e+03,1.255354808772328301e+00
1.962000000000000000e+03,1.125672293292429238e+00
1.963000000000000000e+03,1.266353189957816650e+00
1.964000000000000000e+03,1.324610588077234308e+00
1.965000000000000000e+03,1.251443451801105056e+00
1.966000000000000000e+03,1.259440772085687721e+00
1.967000000000000000e+03,1.277583682722484459e+00
1.968000000000000000e+03,1.380167054252023462e+00
1.969000000000000000e+03,1.196888423954865610e+00
1.970000000000000000e+03,1.181416020914494824e+00
1.971000000000000000e+03,1.211087956205420646e+00
1.972000000000000000e+03,1.212675936643385466e+00
1.973000000000000000e+03,1.234519792117128922e+00
1.974000000000000000e+03,1.179375821268033198e+00
1.975000000000000000e+03,1.262920995364032350e+00
1.976000000000000000e+03,1.325137094217142542e+00
1.977000000000000000e+03,1.247440656899478473e+00
1.978000000000000000e+03,1.306156330848146974e+00
1.979000000000000000e+03,1.115330173733327435e+00
1.980000000000000000e+03,1.334587661850792806e+00
1.981000000000000000e+03,1.208319478545941017e+00
1.982000000000000000e+03,1.101600889621787260e+00
1.983000000000000000e+03,1.151039066389451193e+00
1.984000000000000000e+03,1.247262383237210059e+00
1.985000000000000000e+03,1.050061969608869994e+00
1.986000000000000000e+03,1.280001973676625049e+00
1.987000000000000000e+03,1.194496067379482884e+00
1.988000000000000000e+03,1.306052644612538671e+00
1.989000000000000000e+03,1.404833599510908027e+00
1.990000000000000000e+03,1.289854916524033168e+00
1.991000000000000000e+03,1.419951366191943620e+00
1.992000000000000000e+03,1.345866544170640999e+00
1.993000000000000000e+03,1.295081163990525086e+00
1.994000000000000000e+03,1.400851213856940003e+00
1.995000000000000000e+03,1.287022645544684485e+00
1.996000000000000000e+03,1.334135322464767404e+00
1.997000000000000000e+03,1.353297579349791446e+00
1.998000000000000000e+03,1.206492758818785704e+00
1.999000000000000000e+03,1.248184391725655651e+00
2.000000000000000000e+03,1.208822919179200595e+00
2.001000000000000000e+03,1.323917755165488597e+00
2.002000000000000000e+03,1.372208235644426289e+00
2.003000000000000000e+03,1.239357258651699434e+00
2.004000000000000000e+03,1.238113185685303597e+00
2.005000000000000000e+03,1.281546764064317223e+00
2.006000000000000000e+03,1.128016985841209907e+00
2.007000000000000000e+03,1.322810680034177233e+00
2.008000000000000000e+03,1.324177195995351441e+00
2.009000000000000000e+03,1.335479905530686295e+00
2.010000000000000000e+03,1.190557988294587366e+00
2.011000000000000000e+03,1.230562152054073044e+00
2.012000000000000000e+03,1.196195140094820752e+00
2.013000000000000000e+03,1.328167347976895840e+00
2.014000000000000000e+03,1.398425063917310363e+00
2.015000000000000000e+03,1.209774035918450119e+00
2.016000000000000000e+03,1.253060669107143088e+00
2.017000000000000000e+03,1.385934286597557019e+00
2.018000000000000000e+03,1.406610629609098995e+00
2.019000000000000000e+03,1.308834383587856864e+00
2.020000000000000000e+03,1.372648573100622160e+00
2.021000000000000000e+03,1.423351132129719865e+00
2.022000000000000000e+03,1.353664601390017763e+00
2.023000000000000000e+03,1.187140364741685161e+00
2.024000000000000000e+03,1.260508201099535208e+00
2.025000000000000000e+03,1.202348910299221307e+00
2.026000000000000000e+03,1.312340463830833803e+00
2.027000000000000000e+03,1.213665768617170571e+00
2.028000000000000000e+03,1.146421586261149983e+00
2.029000000000000000e+03,1.117370610635586514e+00
2.030000000000000000e+03,1.330961864262048211e+00
2.031000000000000000e+03,1.221656922596510597e+00
2.032000000000000000e+03,1.256700635729472104e+00
2.033000000000000000e+03,1.198150726471222338e+00
2.034000000000000000e+03,1.215619309168866291e+00
2.035000000000000000e+03,1.283710467920363696e+00
2.036000000000000000e+03,1.230943045050066020e+00
2.037000000000000000e+03,1.250992465235262419e+00
2.038000000000000000e+03,1.176042314657376631e+00
2.039000000000000000e+03,1.127571520961431650e+00
2.040000000000000000e+03,1.331852927521447461e+00
2.041000000000000000e+03,1.212185828482396310e+00
2.042000000000000000e+03,1.393893081271738499e+00
2.043000000000000000e+03,1.166713818523233082e+00
2.044000000000000000e+03,1.282977903348424320e+00
2.045000000000000000e+03,1.113256276225610186e+00
2.046000000000000000e+03,1.253001855097503059e+00
2.047000000000000000e+03,1.369439305583268984e+00
2.048000000000000000e+03,1.328104954919602232e+00
2.049000000000000000e+03,1.367775165066590581e+00
2.050000000000000000e+03,1.326919363494523552e+00
2.051000000000000000e+03,1.429922246804878894e+00
2.052000000000000000e+03,1.247380829074507869e+00
2.053000000000000000e+03,1.230743329142998999e+00
2.054000000000000000e+03,1.231437031667131921e+00
2.055000000000000000e+03,1.210802363294566142e+00
2.056000000000000000e+03,1.331548119913672057e+00
2.057000000000000000e+03,1.323864477837780829e+00
2.058000000000000000e+03,1.127939710062623169e+00
2.059000000000000000e+03,1.264809582752011607e+00
2.060000000000000000e+03,1.148894440911359061e+00
2.061000000000000000e+03,1.234966704595956255e+00
2.062000000000000000e+03,1.299315307912279449e+00
2.063000000000000000e+03,1.256899734467867180e+00
2.064000000000000000e+03,1.201445836505230513e+00
2.065000000000000000e+03,1.307692585871783830e+00
2.066000000000000000e+03,1.334857745569239418e+00
2.067000000000000000e+03,1.339691615122710067e+00
2.068000000000000000e+03,1.229403555978015206e+00
2.069000000000000000e+03,1.234448639324057018e+00
2.070000000000000000e+03,1.152340273087850031e+00
2.071000000000000000e+03,1.256622912400720882e+00
2.072000000000000000e+03,1.188108319150389836e+00
2.073000000000000000e+03,1.198152056392892906e+00
2.074000000000000000e+03,1.139876379668459672e+00
2.075000000000000000e+03,1.148221812343232617e+00
2.076000000000000000e+03,1.347402566695322434e+00
2.077000000000000000e+03,1.248184146297347530e+00
2.078000000000000000e+03,1.178890718637152668e+00
2.079000000000000000e+03,1.267286605807021349e+00
2.080000000000000000e+03,1.372378730284742776e+00
2.081000000000000000e+03,1.175945227206770527e+00
2.082000000000000000e+03,1.533361672719971036e+00
2.083000000000000000e+03,1.263755868791271331e+00
2.084000000000000000e+03,1.248334491370173271e+00
2.085000000000000000e+03,1.248096765875033931e+00
2.086000000000000000e+03,1.136545675525539201e+00
2.087000000000000000e+03,1.142408250252807900e+00
2.088000000000000000e+03,1.224998882640874642e+00
2.089000000000000000e+03,1.158052449340342349e+00
2.090000000000000000e+03,1.266210860717845055e+00
2.091000000000000000e+03,1.043136410119840374e+00
2.092000000000000000e+03,1.208034457544773232e+00
2.093000000000000000e+03,1.192907163818351490e+00
2.094000000000000000e+03,1.293397627991230925e+00
2.095000000000000000e+03,1.125273080696122863e+00
2.096000000000000000e+03,1.219996715225059924e+00
2.097000000000000000e+03,1.097759055810575868e+00
2.098000000000000000e+03,1.084793704321758812e+00
2.099000000000000000e+03,1.121979279789193873e+00
2.100000000000000000e+03,1.176266605636585805e+00
2.101000000000000000e+03,1.183200883557332883e+00
2.102000000000000000e+03,1.272370724695291999e+00
2.103000000000000000e+03,1.299642195072326700e+00
2.104000000000000000e+03,1.424726581848398288e+00
2.105000000000000000e+03,1.318241233293293346e+00
2.106000000000000000e+03,1.220625741526457864e+00
2.107000000000000000e+03,1.419175753968512144e+00
2.108000000000000000e+03,1.267103848721427450e+00
2.109000000000000000e+03,1.321127395223364420e+00
2.110000000000000000e+03,1.239997907677192091e+00
2.111000000000000000e+03,1.269269965813002887e+00
2.112000000000000000e+03,1.414482833570457121e+00
2.113000000000000000e+03,1.346091963804697089e+00
2.114000000000000000e+03,1.261160870718094129e+00
2.115000000000000000e+03,1.243480782618996194e+00
2.116000000000000000e+03,1.426941073019979189e+00
2.117000000000000000e+03,1.246587229353379511e+00
2.118000000000000000e+03,1.249938702438939009e+00
2.119000000000000000e+03,1.175935953910477894e+00
2.120000000000000000e+03,1.292623654273376888e+00
2.121000000000000000e+03,1.332704754949253445e+00
2.122000000000000000e+03,1.167768451036800936e+00
2.123000000000000000e+03,1.232780231039476870e+00
2.124000000000000000e+03,1.136125919597650968e+00
2.125000000000000000e+03,1.097890823088933709e+00
2.126000000000000000e+03,1.101562071764807360e+00
2.127000000000000000e+03,1.255023432907850678e+00
2.128000000000000000e+03,1.103434831065270849e+00
2.129000000000000000e+03,1.216715934456394699e+00
2.130000000000000000e+03,1.232585120598449713e+00
2.131000000000000000e+03,1.143084441175298727e+00
2.132000000000000000e+03,1.372290632411642841e+00
2.133000000000000000e+03,1.346837468971233465e+00
2.134000000000000000e+03,1.213860077795464676e+00
2.135000000000000000e+03,1.149178977142284674e+00
2.136000000000000000e+03,9.663765260180149363e-01
2.137000000000000000e+03,1.154986505537984653e+00
2.138000000000000000e+03,1.164099020334285139e+00
2.139000000000000000e+03,1.065191098668976988e+00
2.140000000000000000e+03,1.163007333323065495e+00
2.141000000000000000e+03,1.138277357814262869e+00
2.142000000000000000e+03,1.161787825465139257e+00
2.143000000000000000e+03,1.117142352261427884e+00
2.144000000000000000e+03,1.150783275245387260e+00
2.145000000000000000e+03,1.285443629691907841e+00
2.146000000000000000e+03,1.302945553791207356e+00
2.147000000000000000e+03,1.309981560517583299e+00
2.148000000000000000e+03,1.396409305874840356e+00
2.149000000000000000e+03,1.449581428919346271e+00
2.150000000000000000e+03,1.414405463640024729e+00
2.151000000000000000e+03,1.184156990936407583e+00
2.152000000000000000e+03,1.347707896877355038e+00
2.153000000000000000e+03,1.231494998064733837e+00
2.154000000000000000e+03,1.236746784347657169e+00
2.155000000000000000e+03,1.150037325699202917e+00
2.156000000000000000e+03,1.252158463440241842e+00
2.157000000000000000e+03,1.188617840880188403e+00
2.158000000000000000e+03,1.272761461946094075e+00
2.159000000000000000e+03,1.213434868861757110e+00
2.160000000000000000e+03,1.267571336279153638e+00
2.161000000000000000e+03,1.298024611895594704e+00
2.162000000000000000e+03,1.203668381420315292e+00
2.163000000000000000e+03,1.299927914121663530e+00
2.164000000000000000e+03,1.286011639338837886e+00
2.165000000000000000e+03,1.117387853788744501e+00
2.166000000000000000e+03,1.068787487097977662e+00
2.167000000000000000e+03,1.034457310474502512e+00
2.168000000000000000e+03,1.202607084652809633e+00
2.169000000000000000e+03,1.290841478799263697e+00
2.170000000000000000e+03,1.217506410100699599e+00
2.171000000000000000e+03,1.256547289260579126e+00
2.172000000000000000e+03,1.363425692838003966e+00
2.173000000000000000e+03,1.360890291586564160e+00
2.174000000000000000e+03,1.240834378072281918e+00
2.175000000000000000e+03,1.307892791666548593e+00
2.176000000000000000e+03,1.114317387815175531e+00
2.177000000000000000e+03,1.255696183649277264e+00
2.178000000000000000e+03,1.372456671242205273e+00
2.179000000000000000e+03,1.292662367179844729e+00
2.180000000000000000e+03,1.260176045383082366e+00
2.181000000000000000e+03,1.231864819795391419e+00
2.182000000000000000e+03,1.129026906378948869e+00
2.183000000000000000e+03,1.211741443465418122e+00
2.184000000000000000e+03,1.334853026864489145e+00
2.185000000000000000e+03,1.170264550668977499e+00
2.186000000000000000e+03,1.153780174609197351e+00
2.187000000000000000e+03,1.260727183741314983e+00
2.188000000000000000e+03,1.281946981407808828e+00
2.189000000000000000e+03,1.213682769708152698e+00
2.190000000000000000e+03,1.107417894859386021e+00
2.191000000000000000e+03,1.228985758811105722e+00
2.192000000000000000e+03,1.255103767616960520e+00
2.193000000000000000e+03,1.202902733416823189e+00
2.194000000000000000e+03,1.198533921657114920e+00
2.195000000000000000e+03,1.104794285400447551e+00
2.196000000000000000e+03,1.150188742702555889e+00
2.197000000000000000e+03,1.217618295329061739e+00
2.198000000000000000e+03,1.314339065930202999e+00
2.199000000000000000e+03,1.391494758115207286e+00
2.200000000000000000e+03,1.257803083586289006e+00
2.201000000000000000e+03,1.295701884857920927e+00
2.202000000000000000e+03,1.198953731514353249e+00
2.203000000000000000e+03,1.234248970938583101e+00
2.204000000000000000e+03,1.175331574749701513e+00
2.205000000000000000e+03,1.382573412602374097e+00
2.206000000000000000e+03,1.295759790937977440e+00
2.207000000000000000e+03,1.342942754450906939e+00
2.208000000000000000e+03,1.216921733659367622e+00
2.209000000000000000e+03,1.345746011402053410e+00
2.210000000000000000e+03,1.464783817811532218e+00
2.211000000000000000e+03,1.347400341789213307e+00
2.212000000000000000e+03,1.318003180044699407e+00
2.213000000000000000e+03,1.109495816430359438e+00
2.214000000000000000e+03,1.342527355453892568e+00
2.215000000000000000e+03,1.162119153136774941e+00
2.216000000000000000e+03,1.279171457770662323e+00
2.217000000000000000e+03,1.203577126275469311e+00
2.218000000000000000e+03,1.236327217618236274e+00
2.219000000000000000e+03,1.293031441578813334e+00
2.220000000000000000e+03,1.225348572317151996e+00
2.221000000000000000e+03,1.141928151955915904e+00
2.222000000000000000e+03,1.324865483474053196e+00
2.223000000000000000e+03,1.160022112151291029e+00
2.224000000000000000e+03,1.325463287825944247e+00
2.225000000000000000e+03,1.347668561021192479e+00
2.226000000000000000e+03,1.238810244663885785e+00
2.227000000000000000e+03,1.272966354133630018e+00
2.228000000000000000e+03,1.267645205324706481e+00
2.229000000000000000e+03,1.149522304725566046e+00
2.230000000000000000e+03,1.178178962879646186e+00
2.231000000000000000e+03,1.082339267484599521e+00
2.232000000000000000e+03,1.173803483730479824e+00
2.233000000000000000e+03,1.141189789203316263e+00
2.234000000000000000e+03,1.213054231708138309e+00
2.235000000000000000e+03,1.180599549157949513e+00
2.236000000000000000e+03,1.416657978389507688e+00
2.237000000000000000e+03,1.351599970109212956e+00
2.238000000000000000e+03,1.411926742574127536e+00
2.239000000000000000e+03,1.298883777771089765e+00
2.240000000000000000e+03,1.285848378003803916e+00
2.241000000000000000e+03,1.256349195984428846e+00
2.242000000000000000e+03,1.347910881342774703e+00
2.243000000000000000e+03,1.275169995566686865e+00
2.244000000000000000e+03,1.126017301101390311e+00
2.245000000000000000e+03,1.205464765869727950e+00
2.246000000000000000e+03,1.271237154238233247e+00
2.247000000000000000e+03,1.224031592581562355e+00
2.248000000000000000e+03,1.219462471353853994e+00
2.249000000000000000e+03,1.185562838397139496e+00
2.250000000000000000e+03,1.283749258560204831e+00
2.251000000000000000e+03,1.143247257775606096e+00
2.252000000000000000e+03,1.203103212823902313e+00
2.253000000000000000e+03,1.092701093129313739e+00
2.254000000000000000e+03,1.269826412070795385e+00
2.255000000000000000e+03,1.341067145303746821e+00
2.256000000000000000e+03,1.192143591412497594e+00
2.257000000000000000e+03,1.271497475282101997e+00
2.258000000000000000e+03,1.202951536410618028e+00
2.259000000000000000e+03,1.294471688461623637e+00
2.260000000000000000e+03,1.041568251167324766e+00
2.261000000000000000e+03,1.267097534881866494e+00
2.262000000000000000e+03,1.253391337616953205e+00
2.263000000000000000e+03,1.458117894064272502e+00
2.264000000000000000e+03,1.191164731901457774e+00
2.265000000000000000e+03,1.443514074178194884e+00
2.266000000000000000e+03,1.360781943486511159e+00
2.267000000000000000e+03,1.329222277883148173e+00
2.268000000000000000e+03,1.292437947954224953e+00
2.269000000000000000e+03,1.410679722896998500e+00
2.270000000000000000e+03,1.432262103378936891e+00
2.271000000000000000e+03,1.313023078037601543e+00
2.272000000000000000e+03,1.334611765806695383e+00
2.273000000000000000e+03,1.187187799386447251e+00
2.274000000000000000e+03,1.198740802621984125e+00
2.275000000000000000e+03,1.242942600138294607e+00
2.276000000000000000e+03,1.239993700934344911e+00
2.277000000000000000e+03,1.349887224760471405e+00
2.278000000000000000e+03,1.278635497524242659e+00
2.279000000000000000e+03,1.354248358754652992e+00
2.280000000000000000e+03,1.185563615493506973e+00
2.281000000000000000e+03,1.118386512678345657e+00
2.282000000000000000e+03,1.224652451877654036e+00
2.283000000000000000e+03,1.195723898565639098e+00
2.284000000000000000e+03,1.232977895899942888e+00
2.285000000000000000e+03,1.183949599685586440e+00
2.286000000000000000e+03,1.351356211581914435e+00
2.287000000000000000e+03,1.196404915016629156e+00
2.288000000000000000e+03,1.288737537179688086e+00
2.289000000000000000e+03,1.199507092639181760e+00
2.290000000000000000e+03,1.219027424258009251e+00
2.291000000000000000e+03,1.198468694947784075e+00
2.292000000000000000e+03,1.215169262571057951e+00
2.293000000000000000e+03,1.166837872651245389e+00
2.294000000000000000e+03,1.125623818012488897e+00
2.295000000000000000e+03,1.291297521409063398e+00
2.296000000000000000e+03,1.131483626131685849e+00
2.297000000000000000e+03,1.165648195460595282e+00
2.298000000000000000e+03,1.124181637633281827e+00
2.299000000000000000e+03,1.335382313868908710e+00
2.300000000000000000e+03,1.208361569003652436e+00
2.301000000000000000e+03,1.174947832972832229e+00
2.302000000000000000e+03,1.197545028197365413e+00
2.303000000000000000e+03,1.179180186714587686e+00
2.304000000000000000e+03,1.227660398066070524e+00
2.305000000000000000e+03,1.171047965618858155e+00
2.306000000000000000e+03,1.240784593989459950e+00
2.307000000000000000e+03,1.227238964037273172e+00
2.308000000000000000e+03,1.198209621935995006e+00
2.309000000000000000e+03,1.143395912603639264e+00
2.310000000000000000e+03,1.240742176635186933e+00
2.311000000000000000e+03,1.256086212011306102e+00
2.312000000000000000e+03,1.326730452305694641e+00
2.313000000000000000e+03,1.224980040001406145e+00
2.314000000000000000e+03,1.199473300263415476e+00
2.315000000000000000e+03,1.337450065192185455e+00
2.316000000000000000e+03,1.282207984252275557e+00
2.317000000000000000e+03,1.360916716459237730e+00
2.318000000000000000e+03,1.243683884775320436e+00
2.319000000000000000e+03,1.214606599998469649e+00
2.320000000000000000e+03,1.239348354534681063e+00
2.321000000000000000e+03,1.228029798226598857e+00
2.322000000000000000e+03,1.352041357781615938e+00
2.323000000000000000e+03,1.031157833604918750e+00
2.324000000000000000e+03,1.156154041722050385e+00
2.325000000000000000e+03,1.336883115858845228e+00
2.326000000000000000e+03,1.386042241489068072e+00
2.327000000000000000e+03,1.306199209509392611e+00
2.328000000000000000e+03,1.252833628888837314e+00
2.329000000000000000e+03,1.162272877071804711e+00
2.330000000000000000e+03,1.340037006773932449e+00
2.331000000000000000e+03,1.309789315798652876e+00
2.332000000000000000e+03,1.324653553341889500e+00
2.333000000000000000e+03,1.346632807043029789e+00
2.334000000000000000e+03,1.180041736713992373e+00
2.335000000000000000e+03,1.264201874833756234e+00
2.336000000000000000e+03,1.095830458096136883e+00
2.337000000000000000e+03,1.205273264523435195e+00
2.338000000000000000e+03,1.316630849581627904e+00
2.339000000000000000e+03,1.118362543196608216e+00
2.340000000000000000e+03,1.038107403728502076e+00
2.341000000000000000e+03,1.312121468795593326e+00
2.342000000000000000e+03,1.174526486691797489e+00
2.343000000000000000e+03,1.199265112239126907e+00
2.344000000000000000e+03,1.275027987226647230e+00
2.345000000000000000e+03,1.100547734959066215e+00
2.346000000000000000e+03,1.200574143723485365e+00
2.347000000000000000e+03,1.360355980715954871e+00
2.348000000000000000e+03,1.283176046996577835e+00
2.349000000000000000e+03,1.263411760180291665e+00
2.350000000000000000e+03,1.193372746729854939e+00
2.351000000000000000e+03,1.243184460958343784e+00
2.352000000000000000e+03,1.309476820871326552e+00
2.353000000000000000e+03,1.162619258151828650e+00
2.354000000000000000e+03,1.241125324316376233e+00
2.355000000000000000e+03,1.127089108109472271e+00
2.356000000000000000e+03,1.160525230998287860e+00
2.357000000000000000e+03,1.285378903198651335e+00
2.358000000000000000e+03,1.243714031019843569e+00
2.359000000000000000e+03,1.288876205490144367e+00
2.360000000000000000e+03,1.171932722124179094e+00
2.361000000000000000e+03,1.295734509305177307e+00
2.362000000000000000e+03,1.213577448308313267e+00
2.363000000000000000e+03,1.217063626703962731e+00
2.364000000000000000e+03,1.238168059452818603e+00
2.365000000000000000e+03,1.285875023884095691e+00
2.366000000000000000e+03,1.246947151718214686e+00
2.367000000000000000e+03,1.279502966694846755e+00
2.368000000000000000e+03,1.195408709287346660e+00
2.369000000000000000e+03,1.379400658587825790e+00
2.370000000000000000e+03,1.102213747066218552e+00
2.371000000000000000e+03,1.316085180693561840e+00
2.372000000000000000e+03,1.132690853548243837e+00
2.373000000000000000e+03,1.262717659898545008e+00
2.374000000000000000e+03,1.251457118052122341e+00
2.375000000000000000e+03,1.397612214785643570e+00
2.376000000000000000e+03,1.321363728181325525e+00
2.377000000000000000e+03,1.130238867662255453e+00
2.378000000000000000e+03,1.278160890966957286e+00
2.379000000000000000e+03,1.228518833342288730e+00
2.380000000000000000e+03,1.356122960282306389e+00
2.381000000000000000e+03,1.096445144935163762e+00
2.382000000000000000e+03,1.228273344924482702e+00
2.383000000000000000e+03,1.326779691067421219e+00
2.384000000000000000e+03,1.289942160079095457e+00
2.385000000000000000e+03,1.301293009439040471e+00
2.386000000000000000e+03,1.268389145768682669e+00
2.387000000000000000e+03,1.347290567065718925e+00
2.388000000000000000e+03,1.264614632851768672e+00
2.389000000000000000e+03,1.179087827384345921e+00
2.390000000000000000e+03,1.320255785765885870e+00
2.391000000000000000e+03,1.242604774926344469e+00
2.392000000000000000e+03,1.304531779507228428e+00
2.393000000000000000e+03,1.261058389805696178e+00
2.394000000000000000e+03,1.427285796418913844e+00
2.395000000000000000e+03,1.180619189276008729e+00
2.396000000000000000e+03,1.203656039720679694e+00
2.397000000000000000e+03,1.167760830220850421e+00
2.398000000000000000e+03,1.249074998812427451e+00
2.399000000000000000e+03,1.246497481264012830e+00
2.400000000000000000e+03,1.362690774326834831e+00
2.401000000000000000e+03,1.329996443300442976e+00
2.402000000000000000e+03,1.251027445882937128e+00
2.403000000000000000e+03,1.260532744953620776e+00
2.404000000000000000e+03,1.343606816749107535e+00
2.405000000000000000e+03,1.178823626193467922e+00
2.406000000000000000e+03,1.196083607892773015e+00
2.407000000000000000e+03,1.243870990128890019e+00
2.408000000000000000e+03,1.213883318776478593e+00
2.409000000000000000e+03,1.230045319622722122e+00
2.410000000000000000e+03,1.100420090420072272e+00
2.411000000000000000e+03,1.259971065411237268e+00
2.412000000000000000e+03,1.253929049134937745e+00
2.413000000000000000e+03,1.230043646426046910e+00
2.414000000000000000e+03,1.254441206893963878e+00
2.415000000000000000e+03,1.209801111241027849e+00
2.416000000000000000e+03,1.213104221111518388e+00
2.417000000000000000e+03,1.158054674421551633e+00
2.418000000000000000e+03,1.146114557650995680e+00
2.419000000000000000e+03,1.250126888550012527e+00
2.420000000000000000e+03,1.340839341402599638e+00
2.421000000000000000e+03,1.212321518146486365e+00
2.422000000000000000e+03,1.270649580173165871e+00
2.423000000000000000e+03,1.260390526784935128e+00
2.424000000000000000e+03,1.158019516617823097e+00
2.425000000000000000e+03,1.200786108398508523e+00
2.426000000000000000e+03,1.271554485958243275e+00
2.427000000000000000e+03,1.338261883935297547e+00
2.428000000000000000e+03,1.236753779196382741e+00
2.429000000000000000e+03,1.245228237701488272e+00
2.430000000000000000e+03,1.316211573597994233e+00
2.431000000000000000e+03,1.174309866657369916e+00
2.432000000000000000e+03,1.062498863420418660e+00
2.433000000000000000e+03,1.265247116576437403e+00
2.434000000000000000e+03,1.260582005172074860e+00
2.435000000000000000e+03,1.165558454159887791e+00
2.436000000000000000e+03,1.321748932869436954e+00
2.437000000000000000e+03,1.242988100021335196e+00
2.438000000000000000e+03,1.262173332706986839e+00
2.439000000000000000e+03,1.272045884644097402e+00
2.440000000000000000e+03,1.333705346468076591e+00
2.441000000000000000e+03,1.094374453728554908e+00
2.442000000000000000e+03,1.107301229563614209e+00
2.443000000000000000e+03,1.326130404949501296e+00
2.444000000000000000e+03,1.361272688214399951e+00
2.445000000000000000e+03,1.285114887248262949e+00
2.446000000000000000e+03,1.304935122834572025e+00
2.447000000000000000e+03,1.269710736721563205e+00
2.448000000000000000e+03,1.386303154820267114e+00
2.449000000000000000e+03,1.170786149840569168e+00
2.450000000000000000e+03,1.345215946290409192e+00
2.451000000000000000e+03,1.296216727151310311e+00
2.452000000000000000e+03,1.161341953346459066e+00
2.453000000000000000e+03,1.178030569490988055e+00
2.454000000000000000e+03,1.312766014061081954e+00
2.455000000000000000e+03,1.275144047552402959e+00
2.456000000000000000e+03,1.266377199000247700e+00
2.457000000000000000e+03,1.295241797674692164e+00
2.458000000000000000e+03,1.364333317021755310e+00
2.459000000000000000e+03,1.306494850688757037e+00
2.460000000000000000e+03,1.110532471407338351e+00
2.461000000000000000e+03,1.263159540135911474e+00
2.462000000000000000e+03,1.259499905731998437e+00
2.463000000000000000e+03,1.314157706299571515e+00
2.464000000000000000e+03,1.148243574352866281e+00
2.465000000000000000e+03,1.074436464726440166e+00
2.466000000000000000e+03,1.130897063975934369e+00
2.467000000000000000e+03,1.247310112869451926e+00
2.468000000000000000e+03,1.119767981756203623e+00
2.469000000000000000e+03,1.148212909724918296e+00
2.470000000000000000e+03,1.152286152651945672e+00
2.471000000000000000e+03,1.107792589392753602e+00
2.472000000000000000e+03,1.276745549053885043e+00
2.473000000000000000e+03,1.289371440828334991e+00
2.474000000000000000e+03,1.147421174062431160e+00
2.475000000000000000e+03,1.085183576721608256e+00
2.476000000000000000e+03,1.127683836385392047e+00
2.477000000000000000e+03,1.303974877083511785e+00
2.478000000000000000e+03,1.284662449914774962e+00
2.479000000000000000e+03,1.204016468082182545e+00
2.480000000000000000e+03,1.226191352497019160e+00
2.481000000000000000e+03,1.274415542424721437e+00
2.482000000000000000e+03,1.302471741588145049e+00
2.483000000000000000e+03,1.224545980504901044e+00
2.484000000000000000e+03,1.047058517115427190e+00
2.485000000000000000e+03,1.137914279495417347e+00
2.486000000000000000e+03,1.212864594880995295e+00
2.487000000000000000e+03,1.293547065489540016e+00
2.488000000000000000e+03,1.329497449017286392e+00
2.489000000000000000e+03,1.117954498887840709e+00
2.490000000000000000e+03,1.323629709641479302e+00
2.491000000000000000e+03,1.306213583216952800e+00
2.492000000000000000e+03,1.099928073676925244e+00
2.493000000000000000e+03,1.218361333225611354e+00
2.494000000000000000e+03,1.174465235917195427e+00
2.495000000000000000e+03,1.249993834296073469e+00
2.496000000000000000e+03,1.217873679085531569e+00
2.497000000000000000e+03,1.239716083642580013e+00
2.498000000000000000e+03,1.308629620433536811e+00
2.499000000000000000e+03,1.269970550221013239e+00
2.500000000000000000e+03,1.191994672330892291e+00
2.501000000000000000e+03,1.115068027911159998e+00
2.502000000000000000e+03,1.080945709708612368e+00
2.503000000000000000e+03,1.197684686562164647e+00
2.504000000000000000e+03,1.211809850284222945e+00
2.505000000000000000e+03,1.204670288261278088e+00
2.506000000000000000e+03,1.209399792681482566e+00
2.507000000000000000e+03,1.189949893229641065e+00
2.508000000000000000e+03,1.367386026513050856e+00
2.509000000000000000e+03,1.199153486732202678e+00
2.510000000000000000e+03,1.173061380137166543e+00
2.511000000000000000e+03,1.154847694161638127e+00
2.512000000000000000e+03,1.221209952248199393e+00
2.513000000000000000e+03,1.202735634460724734e+00
2.514000000000000000e+03,1.327300458894584478e+00
2.515000000000000000e+03,1.216205781125549334e+00
2.516000000000000000e+03,1.166609273086155030e+00
2.517000000000000000e+03,1.319895410096534327e+00
2.518000000000000000e+03,1.297063324348447511e+00
2.519000000000000000e+03,1.353828418261245670e+00
2.520000000000000000e+03,1.249086736826813926e+00
2.521000000000000000e+03,1.283102060150790313e+00
2.522000000000000000e+03,1.251847450986512289e+00
2.523000000000000000e+03,1.144682011293146173e+00
2.524000000000000000e+03,1.251846395078192398e+00
2.525000000000000000e+03,1.343780537696791955e+00
2.526000000000000000e+03,1.136963854647111694e+00
2.527000000000000000e+03,1.185611827864281098e+00
2.528000000000000000e+03,1.236012613409882110e+00
2.529000000000000000e+03,1.283104627498580230e+00
2.530000000000000000e+03,1.100358606332442646e+00
2.531000000000000000e+03,1.120502800091034201e+00
2.532000000000000000e+03,1.123762666750470318e+00
2.533000000000000000e+03,1.189474621614380112e+00
2.534000000000000000e+03,1.211108197912203588e+00
2.535000000000000000e+03,1.193401688157741170e+00
2.536000000000000000e+03,1.301854542249309743e+00
2.537000000000000000e+03,1.351077431129586559e+00
2.538000000000000000e+03,1.213616549164690417e+00
2.539000000000000000e+03,1.232253190537830667e+00
2.540000000000000000e+03,1.228430258543908193e+00
2.541000000000000000e+03,1.177294827480495076e+00
2.542000000000000000e+03,1.115663985532735270e+00
2.543000000000000000e+03,1.209304311208343030e+00
2.544000000000000000e+03,1.375780313178757597e+00
2.545000000000000000e+03,1.232118231573306133e+00
2.546000000000000000e+03,1.214084091192477732e+00
2.547000000000000000e+03,1.153608335496296711e+00
2.548000000000000000e+03,1.135918459328860930e+00
2.549000000000000000e+03,1.183127079620913458e+00
2.550000000000000000e+03,1.215214728400088262e+00
2.551000000000000000e+03,1.198117933946863944e+00
2.552000000000000000e+03,1.314588740324891702e+00
2.553000000000000000e+03,1.265110893807274595e+00
2.554000000000000000e+03,1.187665623921202451e+00
2.555000000000000000e+03,1.290698358723244787e+00
2.556000000000000000e+03,1.236766781712515861e+00
2.557000000000000000e+03,1.201212568231715183e+00
2.558000000000000000e+03,1.225880541542609947e+00
2.559000000000000000e+03,1.270855029047367468e+00
2.560000000000000000e+03,1.121054441943577729e+00
2.561000000000000000e+03,1.151111153011032728e+00
2.562000000000000000e+03,1.156164716119538305e+00
2.563000000000000000e+03,1.168732638376121846e+00
2.564000000000000000e+03,1.231132413638081902e+00
2.565000000000000000e+03,1.125761749847509652e+00
2.566000000000000000e+03,1.199338541321597562e+00
2.567000000000000000e+03,1.231928377868664937e+00
2.568000000000000000e+03,1.263813956226145896e+00
2.569000000000000000e+03,1.449952435002711759e+00
2.570000000000000000e+03,1.296841851852311267e+00
2.571000000000000000e+03,1.297326068951534461e+00
2.572000000000000000e+03,1.333212189034825634e+00
2.573000000000000000e+03,1.336862068385034741e+00
2.574000000000000000e+03,1.201571191665353755e+00
2.575000000000000000e+03,1.262176020061177351e+00
2.576000000000000000e+03,1.096262980701180556e+00
2.577000000000000000e+03,1.082807259136318478e+00
2.578000000000000000e+03,1.115269129313185115e+00
2.579000000000000000e+03,1.260456546926995047e+00
2.580000000000000000e+03,1.094342220451427039e+00
2.581000000000000000e+03,1.281169931188733457e+00
2.582000000000000000e+03,1.147347900828777911e+00
2.583000000000000000e+03,1.425293857199244840e+00
2.584000000000000000e+03,1.247227753299769315e+00
2.585000000000000000e+03,1.200297448701572511e+00
2.586000000000000000e+03,1.047269177911841265e+00
2.587000000000000000e+03,1.111074881185181162e+00
2.588000000000000000e+03,1.135448861578918445e+00
2.589000000000000000e+03,1.317014688770973718e+00
2.590000000000000000e+03,1.180844923121888934e+00
2.591000000000000000e+03,1.237237683397462096e+00
2.592000000000000000e+03,1.302618935575935888e+00
2.593000000000000000e+03,1.297101798780275761e+00
2.594000000000000000e+03,1.385855411693595052e+00
2.595000000000000000e+03,1.136448557507991008e+00
2.596000000000000000e+03,1.312724179088244902e+00
2.597000000000000000e+03,1.295385098500181131e+00
2.598000000000000000e+03,1.284203055920365655e+00
2.599000000000000000e+03,9.618010953787263784e-01
2.600000000000000000e+03,1.277791371991854108e+00
2.601000000000000000e+03,1.259785352145001092e+00
2.602000000000000000e+03,1.173547905956139337e+00
2.603000000000000000e+03,1.169953318638536244e+00
2.604000000000000000e+03,1.147749009795179687e+00
2.605000000000000000e+03,1.097788466650708283e+00
2.606000000000000000e+03,1.161678156938182438e+00
2.607000000000000000e+03,1.159118410029265300e+00
2.608000000000000000e+03,1.230957487787570415e+00
2.609000000000000000e+03,1.168673219249896755e+00
2.610000000000000000e+03,1.050879504170066481e+00
2.611000000000000000e+03,1.416911165416336216e+00
2.612000000000000000e+03,1.213487076435093126e+00
2.613000000000000000e+03,1.208628643641618483e+00
2.614000000000000000e+03,1.153507072606064776e+00
2.615000000000000000e+03,1.174210906780532859e+00
2.616000000000000000e+03,1.330050609250134075e+00
2.617000000000000000e+03,1.181632197956310248e+00
2.618000000000000000e+03,1.148067669881904784e+00
2.619000000000000000e+03,1.237701696295865572e+00
2.620000000000000000e+03,1.085916450787450138e+00
2.621000000000000000e+03,1.006671227317887496e+00
2.622000000000000000e+03,1.000329929355486147e+00
2.623000000000000000e+03,1.217565295900937095e+00
2.624000000000000000e+03,1.186279867894920903e+00
2.625000000000000000e+03,1.190274463448965481e+00
2.626000000000000000e+03,1.347829391116268649e+00
2.627000000000000000e+03,1.309422600642705437e+00
2.628000000000000000e+03,1.246141105649523295e+00
2.629000000000000000e+03,1.296460460043131979e+00
2.630000000000000000e+03,1.236955129564596634e+00
2.631000000000000000e+03,1.374421547879665306e+00
2.632000000000000000e+03,1.211704296128133462e+00
2.633000000000000000e+03,1.323833985342863562e+00
2.634000000000000000e+03,1.213280448665485567e+00
2.635000000000000000e+03,1.255394723325047979e+00
2.636000000000000000e+03,1.280766129407737708e+00
2.637000000000000000e+03,1.364644586071028565e+00
2.638000000000000000e+03,1.210829233832096286e+00
2.639000000000000000e+03,1.229397464497241410e+00
2.640000000000000000e+03,1.115098458969751904e+00
2.641000000000000000e+03,1.155287790381384072e+00
2.642000000000000000e+03,1.262832271890833136e+00
2.643000000000000000e+03,1.182904354083641918e+00
2.644000000000000000e+03,1.229197054404143286e+00
2.645000000000000000e+03,1.219101818344511923e+00
2.646000000000000000e+03,1.226327023177014475e+00
2.647000000000000000e+03,1.189187916130501232e+00
2.648000000000000000e+03,1.171842134090142373e+00
2.649000000000000000e+03,1.201445457008171180e+00
2.650000000000000000e+03,1.128271204091515045e+00
2.651000000000000000e+03,1.168589463543727058e+00
2.652000000000000000e+03,1.099656682292650345e+00
2.653000000000000000e+03,1.151255354771798967e+00
2.654000000000000000e+03,1.279441063036020010e+00
2.655000000000000000e+03,1.288090937362877053e+00
2.656000000000000000e+03,1.293505821309623105e+00
2.657000000000000000e+03,1.241143522202037275e+00
2.658000000000000000e+03,1.431177749587619008e+00
2.659000000000000000e+03,1.275973278775307307e+00
2.660000000000000000e+03,1.221832237015172851e+00
2.661000000000000000e+03,1.284593948066620195e+00
2.662000000000000000e+03,1.402608074998715981e+00
2.663000000000000000e+03,1.227619353927801749e+00
2.664000000000000000e+03,1.265088803695178843e+00
2.665000000000000000e+03,1.347991949958883273e+00
2.666000000000000000e+03,1.252507162956591591e+00
2.667000000000000000e+03,1.236562766799451429e+00
2.668000000000000000e+03,1.234537245384341064e+00
2.669000000000000000e+03,1.169504934346940805e+00
2.670000000000000000e+03,1.200145851620224802e+00
2.671000000000000000e+03,1.079447209195722346e+00
2.672000000000000000e+03,1.116332173382493131e+00
2.673000000000000000e+03,1.082706863840767086e+00
2.674000000000000000e+03,1.154039802687523153e+00
2.675000000000000000e+03,1.091095653813156652e+00
2.676000000000000000e+03,1.158423697202443536e+00
2.677000000000000000e+03,1.065460052128240021e+00
2.678000000000000000e+03,1.209480367961519143e+00
2.679000000000000000e+03,1.227264375150438402e+00
2.680000000000000000e+03,1.364100874505830285e+00
2.681000000000000000e+03,1.241055994432278320e+00
2.682000000000000000e+03,1.258969296178480857e+00
2.683000000000000000e+03,1.232570973946903736e+00
2.684000000000000000e+03,1.231937847402114761e+00
2.685000000000000000e+03,1.257706052238946048e+00
2.686000000000000000e+03,1.272844881347102053e+00
2.687000000000000000e+03,1.284950525867065707e+00
2.688000000000000000e+03,1.246359291493598809e+00
2.689000000000000000e+03,1.063124987431925961e+00
2.690000000000000000e+03,1.126062789906701944e+00
2.691000000000000000e+03,1.192333391190794734e+00
2.692000000000000000e+03,1.116639293504966712e+00
2.693000000000000000e+03,1.188790701669030225e+00
2.694000000000000000e+03,1.253180818633771842e+00
2.695000000000000000e+03,1.202181189745038514e+00
2.696000000000000000e+03,1.231818394851011966e+00
2.697000000000000000e+03,1.360986380590725631e+00
2.698000000000000000e+03,1.143488623341831767e+00
2.699000000000000000e+03,1.380467434296552387e+00
2.700000000000000000e+03,1.169303898933843566e+00
2.701000000000000000e+03,1.299821156989038773e+00
2.702000000000000000e+03,1.171177980510353933e+00
2.703000000000000000e+03,1.279784186277538538e+00
2.704000000000000000e+03,1.218818504208093900e+00
2.705000000000000000e+03,1.247940675830411239e+00
2.706000000000000000e+03,1.190769924699485394e+00
2.707000000000000000e+03,1.147555778830762652e+00
2.708000000000000000e+03,1.152133590920082051e+00
2.709000000000000000e+03,1.286452414133952393e+00
2.710000000000000000e+03,1.281431794049052275e+00
2.711000000000000000e+03,1.223172379206755256e+00
2.712000000000000000e+03,1.299290585327038450e+00
2.713000000000000000e+03,1.249403364223725887e+00
2.714000000000000000e+03,1.203356986696598963e+00
2.715000000000000000e+03,1.254697018851035573e+00
2.716000000000000000e+03,1.223420671566454399e+00
2.717000000000000000e+03,1.252101042690461741e+00
2.718000000000000000e+03,1.219114900264339330e+00
2.719000000000000000e+03,1.301629621466358300e+00
2.720000000000000000e+03,1.176639196094980466e+00
2.721000000000000000e+03,1.173159955793010800e+00
2.722000000000000000e+03,1.221424613623272926e+00
2.723000000000000000e+03,1.199203366283747130e+00
2.724000000000000000e+03,1.228859177013462256e+00
2.725000000000000000e+03,1.239872109238606912e+00
2.726000000000000000e+03,1.154041169851743431e+00
2.727000000000000000e+03,1.154804151918744859e+00
2.728000000000000000e+03,1.221884832423290934e+00
2.729000000000000000e+03,1.260847227483583133e+00
2.730000000000000000e+03,1.291006251888303868e+00
2.731000000000000000e+03,1.285120981312013466e+00
2.732000000000000000e+03,1.351876224930442127e+00
2.733000000000000000e+03,1.019450280596559288e+00
2.734000000000000000e+03,1.056898324149584401e+00
2.735000000000000000e+03,1.185201173744877101e+00
2.736000000000000000e+03,1.067721218938679772e+00
2.737000000000000000e+03,1.295175669399819096e+00
2.738000000000000000e+03,1.255411302893075121e+00
2.739000000000000000e+03,1.296645512223266516e+00
2.740000000000000000e+03,1.179488496902803440e+00
2.741000000000000000e+03,1.253954017276639021e+00
2.742000000000000000e+03,1.233326941579542035e+00
2.743000000000000000e+03,1.309379084035658725e+00
2.744000000000000000e+03,1.416075092025929516e+00
2.745000000000000000e+03,1.308668212196694158e+00
2.746000000000000000e+03,1.388467042988689171e+00
2.747000000000000000e+03,1.463230096560389493e+00
2.748000000000000000e+03,1.366640919605537130e+00
2.749000000000000000e+03,1.163408471632187746e+00
2.750000000000000000e+03,1.174109076608170765e+00
2.751000000000000000e+03,1.329181317813106666e+00
2.752000000000000000e+03,1.249918783286259050e+00
2.753000000000000000e+03,1.117467030623095603e+00
2.754000000000000000e+03,1.177026884394152040e+00
2.755000000000000000e+03,1.249881761783035561e+00
2.756000000000000000e+03,1.191209955042281443e+00
2.757000000000000000e+03,1.173620986276626921e+00
2.758000000000000000e+03,1.198496328521096332e+00
2.759000000000000000e+03,1.112981918012770022e+00
2.760000000000000000e+03,1.262232028567432662e+00
2.761000000000000000e+03,1.352652830271180218e+00
2.762000000000000000e+03,1.367090129069926663e+00
2.763000000000000000e+03,1.244653018249187282e+00
2.764000000000000000e+03,1.227853085881873918e+00
2.765000000000000000e+03,1.214102735886632756e+00
2.766000000000000000e+03,1.193423383387252290e+00
2.767000000000000000e+03,1.265036157623780744e+00
2.768000000000000000e+03,1.172326367094608912e+00
2.769000000000000000e+03,1.235359402190866263e+00
2.770000000000000000e+03,1.270807804610030622e+00
2.771000000000000000e+03,1.259306238286653334e+00
2.772000000000000000e+03,1.209723157242854619e+00
2.773000000000000000e+03,1.227607956162384717e+00
2.774000000000000000e+03,1.325375637336973833e+00
2.775000000000000000e+03,1.195223559231543220e+00
2.776000000000000000e+03,1.222635420696183806e+00
2.777000000000000000e+03,1.255181612789566081e+00
2.778000000000000000e+03,1.239812340244524913e+00
2.779000000000000000e+03,1.198883967928408900e+00
2.780000000000000000e+03,1.267362316492391505e+00
2.781000000000000000e+03,1.261623591669075672e+00
2.782000000000000000e+03,1.292956605952492621e+00
2.783000000000000000e+03,1.311525178593716978e+00
2.784000000000000000e+03,1.138162192898481750e+00
2.785000000000000000e+03,1.345975290073204045e+00
2.786000000000000000e+03,1.269865634795454890e+00
2.787000000000000000e+03,1.349717590607775186e+00
2.788000000000000000e+03,1.345605348686632396e+00
2.789000000000000000e+03,1.074923519042311426e+00
2.790000000000000000e+03,1.189424872490840723e+00
2.791000000000000000e+03,1.185221173556103569e+00
2.792000000000000000e+03,1.211428159145737649e+00
2.793000000000000000e+03,1.233327077088312684e+00
2.794000000000000000e+03,1.157890920887403530e+00
2.795000000000000000e+03,1.171359495211824031e+00
2.796000000000000000e+03,1.231661463981102100e+00
2.797000000000000000e+03,1.262374237860070192e+00
2.798000000000000000e+03,1.249015228502685204e+00
2.799000000000000000e+03,1.307267142591957976e+00
2.800000000000000000e+03,1.308874694230588442e+00
2.801000000000000000e+03,1.271410915813385945e+00
2.802000000000000000e+03,1.179191118221325496e+00
2.803000000000000000e+03,1.247666950513929285e+00
2.804000000000000000e+03,1.359544879235002890e+00
2.805000000000000000e+03,1.343324828302758789e+00
2.806000000000000000e+03,1.093088589232275698e+00
2.807000000000000000e+03,1.220532785823328137e+00
2.808000000000000000e+03,1.242504789859111725e+00
2.809000000000000000e+03,1.151136092768913377e+00
2.810000000000000000e+03,1.128796647991088031e+00
2.811000000000000000e+03,1.174383557731949912e+00
2.812000000000000000e+03,1.275682089259379426e+00
2.813000000000000000e+03,1.054579139504768781e+00
2.814000000000000000e+03,1.118540028467217118e+00
2.815000000000000000e+03,1.051765071755927927e+00
2.816000000000000000e+03,1.122732333704203223e+00
2.817000000000000000e+03,1.145839602453061712e+00
2.818000000000000000e+03,1.205930202291156217e+00
2.819000000000000000e+03,1.227571013866595395e+00
2.820000000000000000e+03,1.157137439375529597e+00
2.821000000000000000e+03,1.326740895820300636e+00
2.822000000000000000e+03,1.149424194321074566e+00
2.823000000000000000e+03,1.335819701719685559e+00
2.824000000000000000e+03,1.211170329283741687e+00
2.825000000000000000e+03,1.204451185237849220e+00
2.826000000000000000e+03,1.289405146130116364e+00
2.827000000000000000e+03,1.261157953081324168e+00
2.828000000000000000e+03,1.172099774457670884e+00
2.829000000000000000e+03,1.281098613210717163e+00
2.830000000000000000e+03,1.258834660404359873e+00
2.831000000000000000e+03,1.232356514836605133e+00
2.832000000000000000e+03,1.277306167142404636e+00
2.833000000000000000e+03,1.253154456649132165e+00
2.834000000000000000e+03,1.187447272759354577e+00
2.835000000000000000e+03,1.116504309264672035e+00
2.836000000000000000e+03,1.076127513904853616e+00
2.837000000000000000e+03,1.111268395339195969e+00
2.838000000000000000e+03,1.042378403833727596e+00
2.839000000000000000e+03,1.101493432808531070e+00
2.840000000000000000e+03,1.210078167984143693e+00
2.841000000000000000e+03,1.423231796404684557e+00
2.842000000000000000e+03,1.245829111290332136e+00
2.843000000000000000e+03,1.452973923994873351e+00
2.844000000000000000e+03,1.220247735266218658e+00
2.845000000000000000e+03,1.414660979058120160e+00
2.846000000000000000e+03,1.165209632282017349e+00
2.847000000000000000e+03,1.199643228981132514e+00
2.848000000000000000e+03,1.227797841792162892e+00
2.849000000000000000e+03,1.216109090780822077e+00
2.850000000000000000e+03,1.190028785324853899e+00
2.851000000000000000e+03,1.231085559315349798e+00
2.852000000000000000e+03,1.188163638424765800e+00
2.853000000000000000e+03,1.205643462256402509e+00
2.854000000000000000e+03,1.246932847305681991e+00
2.855000000000000000e+03,1.329530745759782029e+00
2.856000000000000000e+03,1.292706119866190440e+00
2.857000000000000000e+03,1.301782964211487759e+00
2.858000000000000000e+03,1.252195643354684362e+00
2.859000000000000000e+03,1.116631637133427057e+00
2.860000000000000000e+03,1.165962322448240940e+00
2.861000000000000000e+03,1.277465290725650959e+00
2.862000000000000000e+03,1.093514357439979934e+00
2.863000000000000000e+03,1.137908764238866333e+00
2.864000000000000000e+03,1.244053814226196542e+00
2.865000000000000000e+03,1.293649422571580221e+00
2.866000000000000000e+03,1.176232137571167291e+00
2.867000000000000000e+03,1.202107547746578131e+00
2.868000000000000000e+03,1.271886438390022578e+00
2.869000000000000000e+03,1.232470268479951114e+00
2.870000000000000000e+03,1.131011781385969917e+00
2.871000000000000000e+03,1.265172763218049834e+00
2.872000000000000000e+03,1.243686743766989178e+00
2.873000000000000000e+03,1.285401376679760954e+00
2.874000000000000000e+03,1.081452551234483028e+00
2.875000000000000000e+03,1.103937566247014779e+00
2.876000000000000000e+03,1.140237461226099258e+00
2.877000000000000000e+03,1.049425969356060362e+00
2.878000000000000000e+03,1.247151596370137838e+00
2.879000000000000000e+03,1.058332049107698181e+00
2.880000000000000000e+03,1.228854603503189535e+00
2.881000000000000000e+03,1.376556670418024320e+00
2.882000000000000000e+03,1.260064728474759699e+00
2.883000000000000000e+03,1.310720901704320873e+00
2.884000000000000000e+03,1.237306585927783864e+00
2.885000000000000000e+03,1.330366658113732781e+00
2.886000000000000000e+03,1.319656623272391194e+00
2.887000000000000000e+03,1.362340545590936314e+00
2.888000000000000000e+03,1.347151835773571449e+00
2.889000000000000000e+03,1.372983918819179472e+00
2.890000000000000000e+03,1.243436666089205556e+00
2.891000000000000000e+03,1.179263390456211757e+00
2.892000000000000000e+03,1.189767027460611137e+00
2.893000000000000000e+03,1.118281669566335346e+00
2.894000000000000000e+03,1.217780593379790055e+00
2.895000000000000000e+03,1.281457679673216443e+00
2.896000000000000000e+03,1.301738378391925632e+00
2.897000000000000000e+03,1.225280523803046862e+00
2.898000000000000000e+03,1.222730360109574699e+00
2.899000000000000000e+03,1.260028768140301736e+00
2.900000000000000000e+03,1.180985400636611615e+00
2.901000000000000000e+03,1.164091525561668616e+00
2.902000000000000000e+03,1.179866396615970592e+00
2.903000000000000000e+03,1.275956794007520934e+00
2.904000000000000000e+03,1.246082209550525510e+00
2.905000000000000000e+03,1.281939373731223908e+00
2.906000000000000000e+03,1.330292512329291021e+00
2.907000000000000000e+03,1.189903465605562261e+00
2.908000000000000000e+03,1.232917553301973168e+00
2.909000000000000000e+03,1.149007684288302578e+00
2.910000000000000000e+03,1.131402021878471498e+00
2.911000000000000000e+03,1.260977167115626907e+00
2.912000000000000000e+03,1.283128564258785520e+00
2.913000000000000000e+03,1.133669564619824488e+00
2.914000000000000000e+03,1.173933952185277629e+00
2.915000000000000000e+03,1.190296030730738197e+00
2.916000000000000000e+03,1.327617252317112140e+00
2.917000000000000000e+03,1.325635647991425081e+00
2.918000000000000000e+03,1.341014155254367290e+00
2.919000000000000000e+03,1.421929500012498293e+00
2.920000000000000000e+03,1.270404127727598587e+00
2.921000000000000000e+03,1.173018136617372642e+00
2.922000000000000000e+03,1.187828166488215542e+00
2.923000000000000000e+03,1.229526312389891851e+00
2.924000000000000000e+03,1.272003382782367797e+00
2.925000000000000000e+03,1.195971150211818212e+00
2.926000000000000000e+03,1.118010855107768542e+00
2.927000000000000000e+03,1.169578240388817303e+00
2.928000000000000000e+03,1.226081940427672601e+00
2.929000000000000000e+03,1.229275818559108391e+00
2.930000000000000000e+03,1.351076550321623992e+00
2.931000000000000000e+03,1.197946565798541085e+00
2.932000000000000000e+03,1.270499245444270731e+00
2.933000000000000000e+03,1.162401280764654432e+00
2.934000000000000000e+03,1.162652205467127775e+00
2.935000000000000000e+03,1.167916130736378566e+00
2.936000000000000000e+03,1.179435809058629658e+00
2.937000000000000000e+03,1.129457178247375015e+00
2.938000000000000000e+03,1.321617659445891269e+00
2.939000000000000000e+03,1.196859998939097114e+00
2.940000000000000000e+03,1.217642735161715617e+00
2.941000000000000000e+03,1.210834932948088527e+00
2.942000000000000000e+03,1.141393163034093217e+00
2.943000000000000000e+03,1.189675361625506689e+00
2.944000000000000000e+03,1.111301383256080078e+00
2.945000000000000000e+03,1.090883829933305016e+00
2.946000000000000000e+03,1.273901632526645233e+00
2.947000000000000000e+03,1.258635306648612229e+00
2.948000000000000000e+03,1.221442714196913304e+00
2.949000000000000000e+03,1.176569197419362833e+00
2.950000000000000000e+03,1.069036756120393061e+00
2.951000000000000000e+03,1.342160972346290171e+00
2.952000000000000000e+03,1.217840608770359934e+00
2.953000000000000000e+03,1.141752308842317598e+00
2.954000000000000000e+03,1.189937813655038257e+00
2.955000000000000000e+03,1.268081305721072471e+00
2.956000000000000000e+03,1.144914571253571323e+00
2.957000000000000000e+03,1.371648415160789058e+00
2.958000000000000000e+03,1.290400687172211125e+00
2.959000000000000000e+03,1.225379762056495458e+00
2.960000000000000000e+03,1.382490081845717755e+00
2.961000000000000000e+03,1.205985188845317913e+00
2.962000000000000000e+03,1.186424830708400879e+00
2.963000000000000000e+03,1.057807408972093688e+00
2.964000000000000000e+03,1.312013287550197749e+00
2.965000000000000000e+03,1.273635376882205072e+00
2.966000000000000000e+03,1.357160250028904391e+00
2.967000000000000000e+03,1.394594402958020618e+00
2.968000000000000000e+03,1.225258897808972014e+00
2.969000000000000000e+03,1.286960330024766286e+00
2.970000000000000000e+03,1.295857051399452509e+00
2.971000000000000000e+03,1.186073918739041666e+00
2.972000000000000000e+03,1.262026463728493475e+00
2.973000000000000000e+03,1.246385457957942089e+00
2.974000000000000000e+03,1.222978960074671440e+00
2.975000000000000000e+03,1.201443797214239106e+00
2.976000000000000000e+03,1.210487957819427862e+00
2.977000000000000000e+03,1.198020915599772751e+00
2.978000000000000000e+03,1.280560301227178233e+00
2.979000000000000000e+03,1.252804257213681938e+00
2.980000000000000000e+03,1.111456968955748970e+00
2.981000000000000000e+03,1.308788700751505996e+00
2.982000000000000000e+03,1.306371812235380681e+00
2.983000000000000000e+03,1.254714466537898643e+00
2.984000000000000000e+03,1.251223143042622388e+00
2.985000000000000000e+03,1.274440490436472118e+00
2.986000000000000000e+03,1.139895096937381558e+00
2.987000000000000000e+03,1.227646482151028451e+00
2.988000000000000000e+03,1.213881328412556915e+00
2.989000000000000000e+03,1.236987609994601556e+00
2.990000000000000000e+03,1.189775855497497092e+00
2.991000000000000000e+03,1.386858270622858491e+00
2.992000000000000000e+03,1.179721451588557013e+00
2.993000000000000000e+03,1.168355658557886256e+00
2.994000000000000000e+03,1.150644815433102375e+00
2.995000000000000000e+03,1.217267991798036686e+00
2.996000000000000000e+03,1.094206980777118199e+00
2.997000000000000000e+03,1.291830933355482047e+00
2.998000000000000000e+03,1.077277799125056612e+00
2.999000000000000000e+03,1.175801716825817911e+00
3.000000000000000000e+03,1.211354812023279548e+00
3.001000000000000000e+03,1.261532097227263671e+00
3.002000000000000000e+03,1.080078195698237709e+00
3.003000000000000000e+03,1.059699233810104335e+00
3.004000000000000000e+03,1.264586817523842388e+00
3.005000000000000000e+03,1.215449519136817536e+00
3.006000000000000000e+03,1.323767835824735117e+00
3.007000000000000000e+03,1.296497285359283325e+00
3.008000000000000000e+03,1.218142839821654722e+00
3.009000000000000000e+03,1.220540841107283336e+00
3.010000000000000000e+03,1.068378632387325666e+00
3.011000000000000000e+03,1.066570647414124773e+00
3.012000000000000000e+03,1.364438164887661564e+00
3.013000000000000000e+03,1.242663148479902668e+00
3.014000000000000000e+03,1.212664742380109573e+00
3.015000000000000000e+03,1.182304914952656549e+00
3.016000000000000000e+03,1.257655127107959681e+00
3.017000000000000000e+03,1.244350652781708311e+00
3.018000000000000000e+03,1.232852910638817301e+00
3.019000000000000000e+03,1.295533729445563331e+00
3.020000000000000000e+03,1.318165874608780985e+00
3.021000000000000000e+03,1.387119674626270172e+00
3.022000000000000000e+03,1.246690732609389007e+00
3.023000000000000000e+03,1.226151386763185913e+00
3.024000000000000000e+03,1.286760591872854187e+00
3.025000000000000000e+03,1.198395231075787271e+00
3.026000000000000000e+03,1.318811123079208114e+00
3.027000000000000000e+03,1.294011740552902801e+00
3.028000000000000000e+03,1.303091273439731301e+00
3.029000000000000000e+03,1.185411482127517013e+00
3.030000000000000000e+03,1.195035871836360730e+00
3.031000000000000000e+03,1.297666007070324978e+00
3.032000000000000000e+03,1.257936749901988893e+00
3.033000000000000000e+03,1.223625014553258783e+00
3.034000000000000000e+03,1.160712906591914839e+00
3.035000000000000000e+03,1.148228781016783939e+00
3.036000000000000000e+03,1.231455390555183049e+00
3.037000000000000000e+03,1.222045566039169362e+00
3.038000000000000000e+03,1.268084416951846816e+00
3.039000000000000000e+03,1.228525619856730700e+00
3.040000000000000000e+03,1.079985308758656837e+00
3.041000000000000000e+03,1.341211255775768496e+00
3.042000000000000000e+03,1.262240800538222407e+00
3.043000000000000000e+03,1.182678378613324144e+00
3.044000000000000000e+03,1.299578526039268045e+00
3.045000000000000000e+03,1.341391710347408228e+00
3.046000000000000000e+03,1.364851087647524608e+00
3.047000000000000000e+03,1.398176713991188924e+00
3.048000000000000000e+03,1.225913375988507248e+00
3.049000000000000000e+03,1.282984230225213018e+00
3.050000000000000000e+03,1.218528995039151352e+00
3.051000000000000000e+03,1.246761067687284674e+00
3.052000000000000000e+03,1.193906493535690894e+00
3.053000000000000000e+03,1.116139112380104326e+00
3.054000000000000000e+03,1.249272136659205001e+00
3.055000000000000000e+03,1.125593662158047792e+00
3.056000000000000000e+03,1.227351163830379122e+00
3.057000000000000000e+03,1.236231778054326380e+00
3.058000000000000000e+03,1.174784178475059226e+00
3.059000000000000000e+03,1.227810826172697212e+00
3.060000000000000000e+03,1.180603182911560411e+00
3.061000000000000000e+03,1.238375113133367789e+00
3.062000000000000000e+03,1.412487823221609151e+00
3.063000000000000000e+03,1.247942184643213048e+00
3.064000000000000000e+03,1.081994061237086635e+00
3.065000000000000000e+03,1.290267692343236350e+00
3.066000000000000000e+03,1.229269059821457510e+00
3.067000000000000000e+03,1.325652216103492931e+00
3.068000000000000000e+03,1.216050004796506601e+00
3.069000000000000000e+03,1.102282134142750003e+00
3.070000000000000000e+03,1.268213962779674242e+00
3.071000000000000000e+03,1.232173909489008068e+00
3.072000000000000000e+03,1.126669042945894761e+00
3.073000000000000000e+03,1.124101869585889535e+00
3.074000000000000000e+03,1.207453002005917542e+00
3.075000000000000000e+03,1.242053840344687687e+00
3.076000000000000000e+03,1.313013751519742200e+00
3.077000000000000000e+03,1.348306099128752988e+00
3.078000000000000000e+03,1.313508017520376381e+00
3.079000000000000000e+03,1.330634492516830525e+00
3.080000000000000000e+03,1.178717507083817173e+00
3.081000000000000000e+03,1.440685163456068674e+00
3.082000000000000000e+03,1.514804229529366442e+00
3.083000000000000000e+03,1.202710702044404556e+00
3.084000000000000000e+03,1.143606943472815329e+00
3.085000000000000000e+03,1.193173366191235818e+00
3.086000000000000000e+03,1.329400585248797340e+00
3.087000000000000000e+03,1.308165252613014307e+00
3.088000000000000000e+03,1.239768374043699994e+00
3.089000000000000000e+03,1.351969072557069662e+00
3.090000000000000000e+03,1.291492169264863321e+00
3.091000000000000000e+03,1.387007603005002254e+00
3.092000000000000000e+03,1.389449312881715359e+00
3.093000000000000000e+03,1.316689463989087816e+00
3.094000000000000000e+03,1.266950936660506510e+00
3.095000000000000000e+03,1.171687612555573743e+00
3.096000000000000000e+03,1.384913872434427429e+00
3.097000000000000000e+03,1.179274115669751044e+00
3.098000000000000000e+03,1.249918850713751084e+00
3.099000000000000000e+03,1.214945370573111472e+00
3.100000000000000000e+03,1.129599007767921881e+00
3.101000000000000000e+03,1.274094576345562002e+00
3.102000000000000000e+03,1.365059316596569650e+00
3.103000000000000000e+03,1.245650322500952090e+00
3.104000000000000000e+03,1.317641193772375985e+00
3.105000000000000000e+03,1.419359611414017897e+00
3.106000000000000000e+03,1.093407779935361868e+00
3.107000000000000000e+03,1.178154976070609594e+00
3.108000000000000000e+03,1.165699299784724641e+00
3.109000000000000000e+03,1.325561740634711105e+00
3.110000000000000000e+03,1.135051456100252931e+00
3.111000000000000000e+03,1.237333102862505196e+00
3.112000000000000000e+03,1.303709191336300366e+00
3.113000000000000000e+03,1.436706873837602760e+00
3.114000000000000000e+03,1.219460770150276430e+00
3.115000000000000000e+03,1.040686099634211992e+00
3.116000000000000000e+03,1.111955890217920073e+00
3.117000000000000000e+03,1.217611545411541707e+00
3.118000000000000000e+03,1.176937004662339303e+00
3.119000000000000000e+03,1.351661170707260773e+00
3.120000000000000000e+03,1.178128685011837540e+00
3.121000000000000000e+03,1.098506358009381456e+00
3.122000000000000000e+03,1.183352701428163067e+00
3.123000000000000000e+03,1.246290822623423500e+00
3.124000000000000000e+03,1.179937996808916534e+00
3.125000000000000000e+03,1.312619375313258230e+00
3.126000000000000000e+03,1.125022549998037968e+00
3.127000000000000000e+03,1.183658889366493216e+00
3.128000000000000000e+03,1.137513480741782601e+00
3.129000000000000000e+03,1.279687533820750289e+00
3.130000000000000000e+03,1.352425154600985113e+00
3.131000000000000000e+03,1.150412499657965659e+00
3.132000000000000000e+03,1.336401463965370073e+00
3.133000000000000000e+03,1.259410398061955982e+00
3.134000000000000000e+03,1.193815748035462976e+00
3.135000000000000000e+03,1.250026838059086653e+00
3.136000000000000000e+03,1.245855349757265751e+00
3.137000000000000000e+03,1.148265274428355909e+00
3.138000000000000000e+03,1.244150141075675231e+00
3.139000000000000000e+03,1.204856416498898630e+00
3.140000000000000000e+03,1.222623886211038569e+00
3.141000000000000000e+03,1.052803316760567709e+00
3.142000000000000000e+03,1.298191837801075055e+00
3.143000000000000000e+03,1.172073252059110837e+00
3.144000000000000000e+03,1.276588339504135083e+00
3.145000000000000000e+03,1.110257369590175180e+00
3.146000000000000000e+03,1.240153539229611912e+00
3.147000000000000000e+03,1.359397803474080346e+00
3.148000000000000000e+03,1.216905389816622440e+00
3.149000000000000000e+03,1.214688238914536811e+00
3.150000000000000000e+03,1.184611561273980485e+00
3.151000000000000000e+03,1.154690109136381704e+00
3.152000000000000000e+03,1.323978358508206110e+00
3.153000000000000000e+03,1.187641387769463819e+00
3.154000000000000000e+03,1.201565661411121644e+00
3.155000000000000000e+03,1.239762582358346910e+00
3.156000000000000000e+03,1.249888783697082673e+00
3.157000000000000000e+03,1.201835310856475880e+00
3.158000000000000000e+03,1.343298770545611642e+00
3.159000000000000000e+03,1.241020440023209215e+00
3.160000000000000000e+03,1.130725737685742249e+00
3.161000000000000000e+03,1.206358358108717166e+00
3.162000000000000000e+03,1.348654690380952426e+00
3.163000000000000000e+03,1.271928556353143946e+00
3.164000000000000000e+03,1.222623359505182528e+00
3.165000000000000000e+03,1.256777221190904958e+00
3.166000000000000000e+03,1.132445798766680944e+00
3.167000000000000000e+03,1.139298047548824133e+00
3.168000000000000000e+03,1.214905500178667719e+00
3.169000000000000000e+03,1.129098239142760640e+00
3.170000000000000000e+03,1.293036252202095948e+00
3.171000000000000000e+03,1.085787367400117720e+00
3.172000000000000000e+03,1.231655349686634926e+00
3.173000000000000000e+03,1.420905202713825588e+00
3.174000000000000000e+03,1.316544444655539658e+00
3.175000000000000000e+03,1.375654441149443574e+00
3.176000000000000000e+03,1.151994981979149735e+00
3.177000000000000000e+03,1.249275864187826546e+00
3.178000000000000000e+03,1.097788918475652853e+00
3.179000000000000000e+03,1.209319537638717135e+00
3.180000000000000000e+03,1.192403115153782167e+00
3.181000000000000000e+03,1.152186026633239990e+00
3.182000000000000000e+03,1.211513485950675539e+00
3.183000000000000000e+03,1.184050765213056522e+00
3.184000000000000000e+03,1.192905965190071749e+00
3.185000000000000000e+03,1.288197485327464920e+00
3.186000000000000000e+03,1.289248965822444637e+00
3.187000000000000000e+03,1.253773489114771156e+00
3.188000000000000000e+03,1.250942941898380845e+00
3.189000000000000000e+03,1.257152668685465269e+00
3.190000000000000000e+03,1.210430697993218896e+00
3.191000000000000000e+03,1.246398379926886513e+00
3.192000000000000000e+03,1.128331096126930833e+00
3.193000000000000000e+03,1.187033021776339625e+00
3.194000000000000000e+03,1.254403856719775279e+00
3.195000000000000000e+03,1.383269575555030162e+00
3.196000000000000000e+03,1.347252849748904024e+00
3.197000000000000000e+03,1.292903764986864434e+00
3.198000000000000000e+03,1.098887532055506711e+00
3.199000000000000000e+03,1.028805304012933020e+00
3.200000000000000000e+03,1.255319258889191048e+00
3.201000000000000000e+03,1.148736804316285998e+00
3.202000000000000000e+03,1.295719496093759027e+00
3.203000000000000000e+03,1.195905768813863013e+00
3.204000000000000000e+03,1.236130835093294467e+00
3.205000000000000000e+03,1.216720727971443816e+00
3.206000000000000000e+03,1.321594192907710408e+00
3.207000000000000000e+03,1.108617639635283147e+00
3.208000000000000000e+03,1.315980990503348824e+00
3.209000000000000000e+03,1.259674927793618782e+00
3.210000000000000000e+03,1.261850184991337498e+00
3.211000000000000000e+03,1.163253730714615131e+00
3.212000000000000000e+03,1.190522685899116695e+00
3.213000000000000000e+03,1.324890960143596530e+00
3.214000000000000000e+03,1.144990480373533348e+00
3.215000000000000000e+03,1.279617794893384231e+00
3.216000000000000000e+03,1.234231766133061514e+00
3.217000000000000000e+03,1.316790282510537757e+00
3.218000000000000000e+03,1.194640909630703129e+00
3.219000000000000000e+03,1.269839480563952350e+00
3.220000000000000000e+03,1.258495654954029153e+00
3.221000000000000000e+03,1.112477791749921785e+00
3.222000000000000000e+03,1.227957540068996822e+00
3.223000000000000000e+03,1.109961498500187549e+00
3.224000000000000000e+03,1.127992264963505242e+00
3.225000000000000000e+03,1.020489201624400710e+00
3.226000000000000000e+03,1.168184267722888858e+00
3.227000000000000000e+03,1.131601175028147610e+00
3.228000000000000000e+03,1.184113034256686348e+00
3.229000000000000000e+03,9.449685270936213355e-01
3.230000000000000000e+03,1.239195006600672722e+00
3.231000000000000000e+03,1.207545728437778187e+00
3.232000000000000000e+03,1.374625865872529440e+00
3.233000000000000000e+03,1.283949809793605290e+00
3.234000000000000000e+03,1.200260575808638208e+00
3.235000000000000000e+03,1.255867260183039846e+00
3.236000000000000000e+03,1.206978674746713942e+00
3.237000000000000000e+03,1.179877473729219917e+00
3.238000000000000000e+03,1.306603006504621023e+00
3.239000000000000000e+03,1.265334676598488750e+00
3.240000000000000000e+03,1.159832651003599668e+00
3.241000000000000000e+03,1.452585043470646209e+00
3.242000000000000000e+03,1.229574681980512452e+00
3.243000000000000000e+03,1.143067869070829579e+00
3.244000000000000000e+03,1.372063125381637549e+00
3.245000000000000000e+03,1.329650074172312735e+00
3.246000000000000000e+03,1.237869860830174806e+00
3.247000000000000000e+03,1.261173353916354767e+00
3.248000000000000000e+03,1.233297260299174303e+00
3.249000000000000000e+03,1.320784962308052979e+00
3.250000000000000000e+03,1.225782990102564529e+00
3.251000000000000000e+03,1.286704122422350771e+00
3.252000000000000000e+03,1.293215668104592764e+00
3.253000000000000000e+03,1.044537949937655252e+00
3.254000000000000000e+03,1.277599601984333200e+00
3.255000000000000000e+03,1.220202765846720494e+00
3.256000000000000000e+03,1.206571207262125300e+00
3.257000000000000000e+03,1.350575126631263556e+00
3.258000000000000000e+03,1.111812609201774382e+00
3.259000000000000000e+03,1.243730527028578781e+00
3.260000000000000000e+03,1.205204239503201880e+00
3.261000000000000000e+03,1.075653680109945665e+00
3.262000000000000000e+03,1.194280448508425962e+00
3.263000000000000000e+03,1.288158213966583254e+00
3.264000000000000000e+03,1.250042474426645844e+00
3.265000000000000000e+03,1.452960128784198668e+00
3.266000000000000000e+03,1.152076492245503792e+00
3.267000000000000000e+03,1.207527544217271931e+00
3.268000000000000000e+03,1.296258529867942544e+00
3.269000000000000000e+03,1.185742890126678661e+00
3.270000000000000000e+03,1.229787976624440393e+00
3.271000000000000000e+03,1.112083111457683238e+00
3.272000000000000000e+03,1.255934003808489852e+00
3.273000000000000000e+03,1.335320862743537784e+00
3.274000000000000000e+03,1.262622063867289812e+00
3.275000000000000000e+03,1.139073297900212722e+00
3.276000000000000000e+03,1.164486512428098974e+00
3.277000000000000000e+03,1.413441971554535437e+00
3.278000000000000000e+03,1.289648697577840508e+00
3.279000000000000000e+03,1.241559695348823045e+00
3.280000000000000000e+03,1.187575025897812830e+00
3.281000000000000000e+03,1.417020491231519186e+00
3.282000000000000000e+03,1.268179372888531775e+00
3.283000000000000000e+03,1.312812034878975131e+00
3.284000000000000000e+03,1.158030901709571570e+00
3.285000000000000000e+03,1.169449016277689823e+00
3.286000000000000000e+03,1.429314195178162938e+00
3.287000000000000000e+03,1.255781807798795002e+00
3.288000000000000000e+03,1.293811591919253878e+00
3.289000000000000000e+03,1.272468837185717128e+00
3.290000000000000000e+03,1.253997652271770180e+00
3.291000000000000000e+03,1.132014612036759127e+00
3.292000000000000000e+03,1.165712167724077597e+00
3.293000000000000000e+03,1.271061785728384352e+00
3.294000000000000000e+03,1.152721516879897656e+00
3.295000000000000000e+03,1.323793368115849356e+00
3.296000000000000000e+03,1.213988858138422833e+00
3.297000000000000000e+03,1.206033593240255053e+00
3.298000000000000000e+03,1.282868045456821982e+00
3.299000000000000000e+03,1.240556445330778246e+00
3.300000000000000000e+03,1.426203582338801734e+00
3.301000000000000000e+03,1.292363643174137877e+00
3.302000000000000000e+03,1.249763104097333599e+00
3.303000000000000000e+03,1.290687812245059574e+00
3.304000000000000000e+03,1.283711188446613916e+00
3.305000000000000000e+03,1.184145682524187393e+00
3.306000000000000000e+03,1.308297960435662377e+00
3.307000000000000000e+03,1.340185506234411239e+00
3.308000000000000000e+03,1.310548195983836761e+00
3.309000000000000000e+03,1.295040453725482932e+00
3.310000000000000000e+03,1.355995217007470277e+00
3.311000000000000000e+03,1.307072322685023380e+00
3.312000000000000000e+03,1.310415876512873723e+00
3.313000000000000000e+03,1.363807396653306858e+00
3.314000000000000000e+03,1.191296804306234636e+00
3.315000000000000000e+03,1.328174128671096632e+00
3.316000000000000000e+03,1.316605400213481269e+00
3.317000000000000000e+03,1.123390755203999225e+00
3.318000000000000000e+03,1.312425400909288387e+00
3.319000000000000000e+03,1.141386284161317155e+00
3.320000000000000000e+03,1.204304851298831247e+00
3.321000000000000000e+03,1.316110179345619580e+00
3.322000000000000000e+03,1.188288322291394250e+00
3.323000000000000000e+03,1.046199991566856058e+00
3.324000000000000000e+03,1.177578727065081710e+00
3.325000000000000000e+03,1.259714933497960931e+00
3.326000000000000000e+03,1.183280495118701037e+00
3.327000000000000000e+03,1.378131777909870515e+00
3.328000000000000000e+03,1.394079248886078259e+00
3.329000000000000000e+03,1.244103326817252109e+00
3.330000000000000000e+03,1.243707340541839512e+00
3.331000000000000000e+03,1.140150023733082385e+00
3.332000000000000000e+03,1.169161955141889475e+00
3.333000000000000000e+03,1.234548371171074965e+00
3.334000000000000000e+03,1.232449807897668226e+00
3.335000000000000000e+03,1.287502943894054841e+00
3.336000000000000000e+03,1.474722417698291377e+00
3.337000000000000000e+03,1.205967782591669923e+00
3.338000000000000000e+03,1.249521725056010668e+00
3.339000000000000000e+03,1.349333151813728149e+00
3.340000000000000000e+03,1.236756577989521544e+00
3.341000000000000000e+03,1.178883466990588325e+00
3.342000000000000000e+03,1.183780228092333298e+00
3.343000000000000000e+03,1.288054947427437646e+00
3.344000000000000000e+03,1.171144817022656381e+00
3.345000000000000000e+03,1.090145645834568633e+00
3.346000000000000000e+03,1.240916139835999354e+00
3.347000000000000000e+03,1.217468076488995576e+00
3.348000000000000000e+03,1.113862940698831627e+00
3.349000000000000000e+03,1.046026150430705348e+00
3.350000000000000000e+03,1.181897423427636040e+00
3.351000000000000000e+03,1.342653618981540786e+00
3.352000000000000000e+03,1.213593033474553273e+00
3.353000000000000000e+03,1.386094694748543743e+00
3.354000000000000000e+03,1.327880319222601857e+00
3.355000000000000000e+03,1.227221197539799302e+00
3.356000000000000000e+03,1.216327926381414848e+00
3.357000000000000000e+03,1.272355004218330699e+00
3.358000000000000000e+03,1.202385180047427005e+00
3.359000000000000000e+03,1.357355492732241320e+00
3.360000000000000000e+03,1.221151351549788711e+00
3.361000000000000000e+03,1.202747578217483904e+00
3.362000000000000000e+03,1.250645653323507078e+00
3.363000000000000000e+03,1.319732685596896937e+00
3.364000000000000000e+03,1.275437031915796826e+00
3.365000000000000000e+03,1.106374010697892762e+00
3.366000000000000000e+03,1.119749808156210058e+00
3.367000000000000000e+03,1.110402306629445945e+00
3.368000000000000000e+03,1.364231857847704843e+00
3.369000000000000000e+03,1.176774246873168117e+00
3.370000000000000000e+03,1.242989937254117105e+00
3.371000000000000000e+03,1.117088243340430331e+00
3.372000000000000000e+03,1.087594191621622519e+00
3.373000000000000000e+03,1.111277187446830794e+00
3.374000000000000000e+03,1.192811575721468342e+00
3.375000000000000000e+03,1.220064150119585911e+00
3.376000000000000000e+03,1.199032426857939093e+00
3.377000000000000000e+03,1.137627827265532687e+00
3.378000000000000000e+03,1.171517129274100455e+00
3.379000000000000000e+03,1.069838057772817486e+00
3.380000000000000000e+03,1.204427140979974276e+00
3.381000000000000000e+03,1.080650102022007619e+00
3.382000000000000000e+03,1.147213216273535785e+00
3.383000000000000000e+03,1.001590226737774758e+00
3.384000000000000000e+03,1.067174623563950542e+00
3.385000000000000000e+03,1.083672812661026219e+00
3.386000000000000000e+03,1.239516657800986188e+00
3.387000000000000000e+03,1.206043427922003364e+00
3.388000000000000000e+03,1.188546032085967097e+00
3.389000000000000000e+03,1.098877407006535689e+00
3.390000000000000000e+03,1.241681633800168827e+00
3.391000000000000000e+03,1.204214544494094374e+00
3.392000000000000000e+03,1.321604678694723756e+00
3.393000000000000000e+03,1.272900458549427904e+00
3.394000000000000000e+03,1.350839288195511134e+00
3.395000000000000000e+03,1.263294172501258306e+00
3.396000000000000000e+03,1.273922784350713266e+00
3.397000000000000000e+03,1.229128641436510128e+00
3.398000000000000000e+03,1.461662748140916568e+00
3.399000000000000000e+03,1.448073027094589404e+00
3.400000000000000000e+03,1.373115364275681927e+00
3.401000000000000000e+03,1.220617052618524934e+00
3.402000000000000000e+03,1.259104899224084750e+00
3.403000000000000000e+03,1.280715582115989903e+00
3.404000000000000000e+03,1.277732916259718188e+00
3.405000000000000000e+03,1.300701866809161444e+00
3.406000000000000000e+03,1.454057659448475537e+00
3.407000000000000000e+03,1.153596615423849059e+00
3.408000000000000000e+03,1.243151111056986169e+00
3.409000000000000000e+03,1.297993738543944620e+00
3.410000000000000000e+03,1.302615924894458654e+00
3.411000000000000000e+03,1.344993234265950743e+00
3.412000000000000000e+03,1.182410528136753181e+00
3.413000000000000000e+03,1.253670004214523681e+00
3.414000000000000000e+03,1.385493198801480919e+00
3.415000000000000000e+03,1.217195182765040018e+00
3.416000000000000000e+03,1.157056386093799905e+00
3.417000000000000000e+03,1.395394220047909029e+00
3.418000000000000000e+03,1.296615024622850276e+00
3.419000000000000000e+03,1.226114865389392961e+00
3.420000000000000000e+03,1.322969418348836079e+00
3.421000000000000000e+03,1.321312819086454260e+00
3.422000000000000000e+03,1.413705991015036689e+00
3.423000000000000000e+03,1.303045684456172637e+00
3.424000000000000000e+03,1.426888598063216440e+00
3.425000000000000000e+03,1.323191425739692173e+00
3.426000000000000000e+03,1.195297578828443674e+00
3.427000000000000000e+03,1.382464531223388970e+00
3.428000000000000000e+03,1.265634982342322301e+00
3.429000000000000000e+03,1.151918452582894492e+00
3.430000000000000000e+03,1.310963834727041810e+00
3.431000000000000000e+03,1.173786054320202110e+00
3.432000000000000000e+03,1.208057999984288644e+00
3.433000000000000000e+03,1.219710631195368045e+00
3.434000000000000000e+03,1.255971923534430212e+00
3.435000000000000000e+03,1.241304132375545599e+00
3.436000000000000000e+03,1.290769858467373465e+00
3.437000000000000000e+03,1.164280167569551327e+00
3.438000000000000000e+03,1.243796323525211633e+00
3.439000000000000000e+03,1.251837976833282573e+00
3.440000000000000000e+03,1.185550560447822477e+00
3.441000000000000000e+03,1.262959983626182003e+00
3.442000000000000000e+03,1.315621932614670975e+00
3.443000000000000000e+03,1.207661689217316869e+00
3.444000000000000000e+03,1.149603632207173654e+00
3.445000000000000000e+03,1.144113411975749672e+00
3.446000000000000000e+03,1.195474410350300998e+00
3.447000000000000000e+03,1.161832600378108760e+00
3.448000000000000000e+03,1.348209917765744281e+00
3.449000000000000000e+03,1.172989492533446088e+00
3.450000000000000000e+03,1.331903831490704793e+00
3.451000000000000000e+03,1.309056325762229189e+00
3.452000000000000000e+03,1.266552148805835776e+00
3.453000000000000000e+03,1.226921459981221263e+00
3.454000000000000000e+03,1.233713314652950643e+00
3.455000000000000000e+03,1.198314011016417879e+00
3.456000000000000000e+03,1.301429639020877493e+00
3.457000000000000000e+03,1.160685887332665978e+00
3.458000000000000000e+03,1.374718034327255367e+00
3.459000000000000000e+03,1.348393825544082603e+00
3.460000000000000000e+03,1.320536472223466262e+00
3.461000000000000000e+03,1.359902413877215777e+00
3.462000000000000000e+03,1.389136853149985251e+00
3.463000000000000000e+03,1.238040298487576907e+00
3.464000000000000000e+03,1.174386220458001784e+00
3.465000000000000000e+03,1.273145967189005079e+00
3.466000000000000000e+03,1.177146064522141877e+00
3.467000000000000000e+03,1.237359305997340897e+00
3.468000000000000000e+03,1.259771219760486671e+00
3.469000000000000000e+03,1.217710091875528367e+00
3.470000000000000000e+03,1.189856660958368950e+00
3.471000000000000000e+03,1.238645050391177005e+00
3.472000000000000000e+03,1.232042026203736373e+00
3.473000000000000000e+03,1.282158794697301651e+00
3.474000000000000000e+03,1.219443946199865625e+00
3.475000000000000000e+03,1.262395525616536451e+00
3.476000000000000000e+03,1.176847849213079167e+00
3.477000000000000000e+03,1.220993989948316871e+00
3.478000000000000000e+03,1.159152006650377986e+00
3.479000000000000000e+03,1.224849613734948495e+00
3.480000000000000000e+03,1.198647239125146591e+00
3.481000000000000000e+03,1.187327741424516914e+00
3.482000000000000000e+03,1.250903881755638380e+00
3.483000000000000000e+03,1.256559597394146799e+00
3.484000000000000000e+03,1.324643836067760372e+00
3.485000000000000000e+03,1.214220878385726898e+00
3.486000000000000000e+03,1.159268703802152967e+00
3.487000000000000000e+03,1.306303074146567544e+00
3.488000000000000000e+03,1.098967140473756432e+00
3.489000000000000000e+03,1.191934167008444234e+00
3.490000000000000000e+03,1.208726045128280635e+00
3.491000000000000000e+03,1.322782809501532819e+00
3.492000000000000000e+03,1.209788703752135763e+00
3.493000000000000000e+03,1.288481777644125525e+00
3.494000000000000000e+03,1.269032633207265004e+00
3.495000000000000000e+03,1.248205908245910933e+00
3.496000000000000000e+03,1.047910875450918988e+00
3.497000000000000000e+03,1.110063277387354219e+00
3.498000000000000000e+03,1.129654147199483427e+00
3.499000000000000000e+03,1.250435937465393721e+00
3.500000000000000000e+03,1.136893336307429170e+00
3.501000000000000000e+03,1.225656214816549294e+00
3.502000000000000000e+03,1.253208323313709682e+00
3.503000000000000000e+03,1.280794534708094679e+00
3.504000000000000000e+03,1.204915322808426614e+00
3.505000000000000000e+03,1.329200385705773924e+00
3.506000000000000000e+03,1.093334468919497482e+00
3.507000000000000000e+03,1.192922092436289994e+00
3.508000000000000000e+03,1.302201550790169859e+00
3.509000000000000000e+03,1.106761070094395727e+00
3.510000000000000000e+03,1.186956744639395600e+00
3.511000000000000000e+03,1.160861310823228854e+00
3.512000000000000000e+03,1.266297686184454818e+00
3.513000000000000000e+03,1.290864213796945048e+00
3.514000000000000000e+03,1.232743657039493623e+00
3.515000000000000000e+03,1.254942028726389935e+00
3.516000000000000000e+03,1.260020763687236034e+00
3.517000000000000000e+03,1.249437309901724413e+00
3.518000000000000000e+03,1.313000376320531792e+00
3.519000000000000000e+03,1.272461104450640423e+00
3.520000000000000000e+03,1.153915681103988788e+00
3.521000000000000000e+03,1.337392407995992238e+00
3.522000000000000000e+03,1.368328382457476788e+00
3.523000000000000000e+03,1.297107284547585504e+00
3.524000000000000000e+03,1.269877896153274621e+00
3.525000000000000000e+03,1.133788390711262917e+00
3.526000000000000000e+03,1.363104008928038624e+00
3.527000000000000000e+03,1.202791663054014304e+00
3.528000000000000000e+03,1.230483315268256606e+00
3.529000000000000000e+03,1.235010686663044366e+00
3.530000000000000000e+03,1.090687452527536072e+00
3.531000000000000000e+03,1.112027221694626755e+00
3.532000000000000000e+03,1.268400714833186393e+00
3.533000000000000000e+03,1.322167000149998772e+00
3.534000000000000000e+03,1.158721653274861652e+00
3.535000000000000000e+03,1.210277186891066004e+00
3.536000000000000000e+03,1.247974509840495294e+00
3.537000000000000000e+03,1.211748013074784636e+00
3.538000000000000000e+03,1.322481775725690811e+00
3.539000000000000000e+03,1.155274689246778230e+00
3.540000000000000000e+03,1.128071044573415227e+00
3.541000000000000000e+03,1.179695083365189356e+00
3.542000000000000000e+03,1.171385074566790196e+00
3.543000000000000000e+03,1.240312090659987376e+00
3.544000000000000000e+03,9.966632726854171009e-01
3.545000000000000000e+03,1.057310407453972312e+00
3.546000000000000000e+03,1.156234918494726038e+00
3.547000000000000000e+03,1.116084772506375611e+00
3.548000000000000000e+03,1.190740799243498849e+00
3.549000000000000000e+03,1.114616019056096530e+00
3.550000000000000000e+03,1.256344711562030758e+00
3.551000000000000000e+03,1.107487032194402365e+00
3.552000000000000000e+03,1.119013548057553153e+00
3.553000000000000000e+03,1.198925060036470036e+00
3.554000000000000000e+03,1.375671657590485708e+00
3.555000000000000000e+03,1.327003575255987000e+00
3.556000000000000000e+03,1.327122019934868780e+00
3.557000000000000000e+03,1.438154177120543276e+00
3.558000000000000000e+03,1.366437006393422804e+00
3.559000000000000000e+03,1.345396258376279297e+00
3.560000000000000000e+03,1.194167897895982433e+00
3.561000000000000000e+03,1.367973978045304850e+00
3.562000000000000000e+03,1.089907778692231322e+00
3.563000000000000000e+03,1.335562855721027731e+00
3.564000000000000000e+03,1.258835881940360224e+00
3.565000000000000000e+03,1.367490610625732295e+00
3.566000000000000000e+03,1.243967537261253753e+00
3.567000000000000000e+03,1.064716405180553993e+00
3.568000000000000000e+03,1.186228873425871466e+00
3.569000000000000000e+03,1.286844230740861628e+00
3.570000000000000000e+03,1.211820684136731163e+00
3.571000000000000000e+03,1.174027802906720597e+00
3.572000000000000000e+03,1.285259476248995503e+00
3.573000000000000000e+03,1.230773743556012656e+00
3.574000000000000000e+03,1.145098299600687763e+00
3.575000000000000000e+03,1.252874995205841557e+00
3.576000000000000000e+03,1.259716570083687426e+00
3.577000000000000000e+03,1.161265359706241451e+00
3.578000000000000000e+03,1.335458624214277412e+00
3.579000000000000000e+03,1.361156510406953402e+00
3.580000000000000000e+03,1.390046268989013400e+00
3.581000000000000000e+03,1.332178078131982968e+00
3.582000000000000000e+03,1.447445577399072425e+00
3.583000000000000000e+03,1.435436283440002736e+00
3.584000000000000000e+03,1.343872413923248299e+00
3.585000000000000000e+03,1.192283796672384932e+00
3.586000000000000000e+03,1.295943553242393520e+00
3.587000000000000000e+03,1.304943830136698235e+00
3.588000000000000000e+03,1.222083615013694002e+00
3.589000000000000000e+03,1.204975646009409207e+00
3.590000000000000000e+03,1.299339307151013534e+00
3.591000000000000000e+03,1.206940812651606132e+00
3.592000000000000000e+03,1.209010887420812530e+00
3.593000000000000000e+03,1.097235733415591774e+00
3.594000000000000000e+03,1.280142524371832069e+00
3.595000000000000000e+03,1.248585102369638600e+00
3.596000000000000000e+03,1.265644465189820211e+00
3.597000000000000000e+03,1.205990325563900178e+00
3.598000000000000000e+03,1.296105483112824253e+00
3.599000000000000000e+03,1.259096424533225900e+00
3.600000000000000000e+03,1.292440876385223758e+00
3.601000000000000000e+03,1.222208407727634505e+00
3.602000000000000000e+03,1.178362109635495703e+00
3.603000000000000000e+03,1.341139555480292955e+00
3.604000000000000000e+03,1.240337732102083645e+00
3.605000000000000000e+03,1.353861594015635106e+00
3.606000000000000000e+03,1.388635323430863711e+00
3.607000000000000000e+03,1.304547589338197477e+00
3.608000000000000000e+03,1.317479848569320211e+00
3.609000000000000000e+03,1.334187615028158858e+00
3.610000000000000000e+03,1.320262958693984023e+00
3.611000000000000000e+03,1.245401084211513743e+00
3.612000000000000000e+03,1.272367153468946910e+00
3.613000000000000000e+03,1.379326864987512558e+00
3.614000000000000000e+03,1.214151703736260135e+00
3.615000000000000000e+03,1.240375880660302244e+00
3.616000000000000000e+03,1.195716228398979064e+00
3.617000000000000000e+03,1.122744592326668345e+00
3.618000000000000000e+03,1.241592102765380456e+00
3.619000000000000000e+03,1.244404974702142619e+00
3.620000000000000000e+03,1.263902981535600212e+00
3.621000000000000000e+03,1.140732857269773026e+00
3.622000000000000000e+03,1.125671161869521653e+00
3.623000000000000000e+03,1.153673180155303291e+00
3.624000000000000000e+03,1.141037701433104568e+00
3.625000000000000000e+03,1.219661621672872398e+00
3.626000000000000000e+03,1.270739253869062724e+00
3.627000000000000000e+03,1.092583515405651129e+00
3.628000000000000000e+03,1.166879621211469820e+00
3.629000000000000000e+03,1.261764960573102501e+00
3.630000000000000000e+03,1.070736758762740992e+00
3.631000000000000000e+03,1.348438934102505593e+00
3.632000000000000000e+03,1.339949549837266884e+00
3.633000000000000000e+03,1.184545109973200283e+00
3.634000000000000000e+03,1.294184164485436606e+00
3.635000000000000000e+03,1.109117996143692331e+00
3.636000000000000000e+03,1.374716829143838526e+00
3.637000000000000000e+03,1.142484817427743327e+00
3.638000000000000000e+03,1.174359976166008179e+00
3.639000000000000000e+03,1.198292431454880402e+00
3.640000000000000000e+03,1.010989444346127142e+00
3.641000000000000000e+03,1.112298040636089835e+00
3.642000000000000000e+03,1.193086701793358628e+00
3.643000000000000000e+03,1.206206536197702794e+00
3.644000000000000000e+03,1.110629912852080681e+00
3.645000000000000000e+03,1.200423753565295737e+00
3.646000000000000000e+03,1.129928829006232371e+00
3.647000000000000000e+03,1.235184192209939580e+00
3.648000000000000000e+03,1.325564955023773805e+00
3.649000000000000000e+03,1.196950386975916603e+00
3.650000000000000000e+03,1.403777059796981863e+00
3.651000000000000000e+03,1.154726438839599245e+00
3.652000000000000000e+03,1.324565581852077845e+00
3.653000000000000000e+03,1.240567607021142438e+00
3.654000000000000000e+03,1.201756864486784204e+00
3.655000000000000000e+03,1.317912423624809870e+00
3.656000000000000000e+03,1.173730134230859035e+00
3.657000000000000000e+03,1.235138908724422668e+00
3.658000000000000000e+03,1.079438366033194097e+00
3.659000000000000000e+03,1.029464734677935311e+00
3.660000000000000000e+03,1.227889197059051973e+00
3.661000000000000000e+03,1.321148673646184379e+00
3.662000000000000000e+03,1.267192673069409636e+00
3.663000000000000000e+03,1.197117242748853005e+00
3.664000000000000000e+03,1.262158887998485302e+00
3.665000000000000000e+03,1.267923567491988202e+00
3.666000000000000000e+03,1.160745203177459883e+00
3.667000000000000000e+03,1.158544061122152913e+00
3.668000000000000000e+03,1.367872005097088950e+00
3.669000000000000000e+03,1.174431330511455318e+00
3.670000000000000000e+03,1.256603621023484774e+00
3.671000000000000000e+03,1.236430473498366434e+00
3.672000000000000000e+03,1.279438062712309643e+00
3.673000000000000000e+03,1.401692900805138642e+00
3.674000000000000000e+03,1.185679054452959402e+00
3.675000000000000000e+03,1.205690412144138524e+00
3.676000000000000000e+03,1.140796802247603381e+00
3.677000000000000000e+03,1.190476061046298994e+00
3.678000000000000000e+03,1.202806188893355666e+00
3.679000000000000000e+03,1.288623829945978239e+00
3.680000000000000000e+03,1.294438303395061940e+00
3.681000000000000000e+03,1.250959821294069574e+00
3.682000000000000000e+03,1.202420817780190054e+00
3.683000000000000000e+03,1.367994040108097886e+00
3.684000000000000000e+03,1.473930103535578739e+00
3.685000000000000000e+03,1.293853732247810084e+00
3.686000000000000000e+03,1.306325490901258046e+00
3.687000000000000000e+03,1.214883589162109478e+00
3.688000000000000000e+03,1.265180827902828486e+00
3.689000000000000000e+03,1.187675416231208869e+00
3.690000000000000000e+03,1.243691574969113312e+00
3.691000000000000000e+03,1.112690930927389799e+00
3.692000000000000000e+03,1.176055397535745950e+00
3.693000000000000000e+03,1.269811551622401335e+00
3.694000000000000000e+03,1.222667693853908943e+00
3.695000000000000000e+03,1.223681732191614469e+00
3.696000000000000000e+03,1.121284603399747448e+00
3.697000000000000000e+03,1.271285732449452199e+00
3.698000000000000000e+03,1.271063493667017763e+00
3.699000000000000000e+03,1.240550428359544100e+00
3.700000000000000000e+03,1.357684111685805162e+00
3.701000000000000000e+03,1.294492194718169786e+00
3.702000000000000000e+03,1.292436540007999568e+00
3.703000000000000000e+03,1.185549183140917284e+00
3.704000000000000000e+03,1.344358958617104749e+00
3.705000000000000000e+03,1.326457804182475719e+00
3.706000000000000000e+03,1.237409472585270231e+00
3.707000000000000000e+03,1.322295493755793139e+00
3.708000000000000000e+03,1.139004293119164624e+00
3.709000000000000000e+03,1.347489155223640767e+00
3.710000000000000000e+03,1.429727864627999390e+00
3.711000000000000000e+03,1.279515807627467527e+00
3.712000000000000000e+03,1.366180655690764967e+00
3.713000000000000000e+03,1.305310781654848373e+00
3.714000000000000000e+03,1.342541188307795341e+00
3.715000000000000000e+03,1.219149282174452065e+00
3.716000000000000000e+03,1.357189350842582298e+00
3.717000000000000000e+03,1.256726162670634306e+00
3.718000000000000000e+03,1.259761996609092050e+00
3.719000000000000000e+03,1.118926221540018417e+00
3.720000000000000000e+03,1.136599418404034889e+00
3.721000000000000000e+03,1.086948743724258426e+00
3.722000000000000000e+03,1.299261383001299341e+00
3.723000000000000000e+03,1.300780460336550926e+00
3.724000000000000000e+03,1.316343210799167274e+00
3.725000000000000000e+03,1.227542095218993046e+00
3.726000000000000000e+03,1.181404735659417060e+00
3.727000000000000000e+03,1.193198697375644990e+00
3.728000000000000000e+03,1.400989665537041962e+00
3.729000000000000000e+03,1.116410626692315278e+00
3.730000000000000000e+03,1.062113791879182534e+00
3.731000000000000000e+03,1.378059558712468879e+00
3.732000000000000000e+03,1.266885344946631076e+00
3.733000000000000000e+03,1.310934060853791383e+00
3.734000000000000000e+03,1.337816958590057670e+00
3.735000000000000000e+03,1.337181876791873947e+00
3.736000000000000000e+03,1.319656658317744924e+00
3.737000000000000000e+03,1.297324267912657980e+00
3.738000000000000000e+03,1.208367812239324435e+00
3.739000000000000000e+03,1.264384491776581854e+00
3.740000000000000000e+03,1.106080325148125709e+00
3.741000000000000000e+03,1.225626932921223933e+00
3.742000000000000000e+03,1.281972716557881586e+00
3.743000000000000000e+03,1.320839128545848062e+00
3.744000000000000000e+03,1.109181310460314984e+00
3.745000000000000000e+03,1.313307952326550732e+00
3.746000000000000000e+03,1.198656216273981334e+00
3.747000000000000000e+03,1.080138882471880279e+00
3.748000000000000000e+03,1.047112588728797089e+00
3.749000000000000000e+03,1.263233948611276469e+00
3.750000000000000000e+03,1.175510242111698522e+00
3.751000000000000000e+03,1.160000335826771423e+00
3.752000000000000000e+03,1.161777154187820793e+00
3.753000000000000000e+03,1.207102438169064040e+00
3.754000000000000000e+03,1.091026607594170361e+00
3.755000000000000000e+03,1.143122986641704752e+00
3.756000000000000000e+03,1.064834986485304169e+00
3.757000000000000000e+03,1.264015474621698942e+00
3.758000000000000000e+03,1.105303684483639248e+00
3.759000000000000000e+03,1.218526279780542287e+00
3.760000000000000000e+03,1.330029328206179917e+00
3.761000000000000000e+03,1.293445159882482542e+00
3.762000000000000000e+03,1.205113433006689050e+00
3.763000000000000000e+03,1.175087659614404867e+00
3.764000000000000000e+03,1.204787185944074857e+00
3.765000000000000000e+03,1.319246968777552542e+00
3.766000000000000000e+03,1.207378507231803066e+00
3.767000000000000000e+03,1.044759147693250290e+00
3.768000000000000000e+03,1.090098331450793934e+00
3.769000000000000000e+03,1.189845400521356122e+00
3.770000000000000000e+03,1.261392816150089580e+00
3.771000000000000000e+03,1.204653105728106910e+00
3.772000000000000000e+03,1.237739808382666729e+00
3.773000000000000000e+03,1.201525167594892807e+00
3.774000000000000000e+03,1.236255136424519119e+00
3.775000000000000000e+03,1.206808624059471313e+00
3.776000000000000000e+03,1.323259325654362328e+00
3.777000000000000000e+03,1.247532596596069077e+00
3.778000000000000000e+03,1.008577980864249213e+00
3.779000000000000000e+03,1.220939320797142624e+00
3.780000000000000000e+03,1.330788727013821671e+00
3.781000000000000000e+03,1.288925215588275774e+00
3.782000000000000000e+03,1.317535601976636661e+00
3.783000000000000000e+03,1.257688897590584221e+00
3.784000000000000000e+03,1.251993267518300312e+00
3.785000000000000000e+03,1.235810612108115603e+00
3.786000000000000000e+03,1.242753778802914155e+00
3.787000000000000000e+03,1.284084175549472295e+00
3.788000000000000000e+03,1.151631827930515328e+00
3.789000000000000000e+03,1.222149986931271748e+00
3.790000000000000000e+03,1.180685797787689451e+00
3.791000000000000000e+03,1.186278498823039707e+00
3.792000000000000000e+03,1.352191145428872421e+00
3.793000000000000000e+03,1.081937359216132544e+00
3.794000000000000000e+03,1.220040152127068289e+00
3.795000000000000000e+03,1.139315002968298129e+00
3.796000000000000000e+03,1.269988082890440850e+00
3.797000000000000000e+03,1.158981538432474645e+00
3.798000000000000000e+03,1.194426349888567218e+00
3.799000000000000000e+03,1.201342416757080311e+00
3.800000000000000000e+03,1.229365554723419240e+00
3.801000000000000000e+03,1.116288758379972101e+00
3.802000000000000000e+03,1.171117536663330627e+00
3.803000000000000000e+03,1.264124275523344831e+00
3.804000000000000000e+03,1.234174940081458338e+00
3.805000000000000000e+03,1.096292088602642822e+00
3.806000000000000000e+03,1.206021031596006932e+00
3.807000000000000000e+03,1.210354034341184715e+00
3.808000000000000000e+03,1.079677238819412688e+00
3.809000000000000000e+03,1.251520410795852634e+00
3.810000000000000000e+03,1.093560059285879182e+00
3.811000000000000000e+03,1.149363152792516996e+00
3.812000000000000000e+03,1.147863368459616451e+00
3.813000000000000000e+03,1.147354656333088530e+00
3.814000000000000000e+03,1.183123651717991720e+00
3.815000000000000000e+03,1.089213390791880398e+00
3.816000000000000000e+03,1.106256160681416523e+00
3.817000000000000000e+03,1.205983818819189146e+00
3.818000000000000000e+03,1.299753237155468311e+00
3.819000000000000000e+03,1.317442570291755377e+00
3.820000000000000000e+03,1.346955575073828681e+00
3.821000000000000000e+03,1.241293725578379581e+00
3.822000000000000000e+03,1.290916086657194040e+00
3.823000000000000000e+03,1.157050237417427185e+00
3.824000000000000000e+03,1.168464829328042409e+00
3.825000000000000000e+03,1.233964106715360609e+00
3.826000000000000000e+03,1.152650982044068462e+00
3.827000000000000000e+03,1.204334628241628957e+00
3.828000000000000000e+03,1.189181805916820434e+00
3.829000000000000000e+03,1.146482311118752984e+00
3.830000000000000000e+03,1.400664160722965956e+00
3.831000000000000000e+03,1.265554964094762536e+00
3.832000000000000000e+03,1.149546418389110869e+00
3.833000000000000000e+03,1.164022282071384806e+00
3.834000000000000000e+03,1.094868518918233669e+00
3.835000000000000000e+03,1.235821754414469842e+00
3.836000000000000000e+03,1.225232365325696238e+00
3.837000000000000000e+03,1.316313749546333955e+00
3.838000000000000000e+03,1.315821932753276968e+00
3.839000000000000000e+03,1.291831286915350763e+00
3.840000000000000000e+03,1.257054190460168419e+00
3.841000000000000000e+03,1.209410522013834033e+00
3.842000000000000000e+03,1.132819981280844157e+00
3.843000000000000000e+03,1.251106542873589467e+00
3.844000000000000000e+03,1.186692417464190408e+00
3.845000000000000000e+03,1.152186149072625287e+00
3.846000000000000000e+03,1.360302297493202417e+00
3.847000000000000000e+03,1.131394345310924976e+00
3.848000000000000000e+03,1.216742444417599600e+00
3.849000000000000000e+03,1.244433888341834660e+00
3.850000000000000000e+03,1.371577119587092275e+00
3.851000000000000000e+03,1.145180798787814425e+00
3.852000000000000000e+03,1.124826658955683678e+00
3.853000000000000000e+03,1.204563715739020990e+00
3.854000000000000000e+03,1.135743220232438677e+00
3.855000000000000000e+03,1.187056150397888921e+00
3.856000000000000000e+03,1.244691074739752379e+00
3.857000000000000000e+03,1.260798941757606206e+00
3.858000000000000000e+03,1.152658467758236993e+00
3.859000000000000000e+03,1.153899147414667148e+00
3.860000000000000000e+03,1.141097883910673572e+00
3.861000000000000000e+03,1.096861781427907800e+00
3.862000000000000000e+03,1.266802258933436232e+00
3.863000000000000000e+03,1.203843529151559899e+00
3.864000000000000000e+03,1.196436873809305634e+00
3.865000000000000000e+03,1.070714689236130557e+00
3.866000000000000000e+03,1.284435798565391362e+00
3.867000000000000000e+03,1.158853097410097677e+00
3.868000000000000000e+03,1.053342378139459967e+00
3.869000000000000000e+03,1.337166540629276312e+00
3.870000000000000000e+03,1.248688922044496552e+00
3.871000000000000000e+03,1.259824321422101878e+00
3.872000000000000000e+03,1.116528595008288161e+00
3.873000000000000000e+03,1.094293571262454412e+00
3.874000000000000000e+03,1.309907880313379680e+00
3.875000000000000000e+03,1.139362957563106127e+00
3.876000000000000000e+03,1.250232645489951055e+00
3.877000000000000000e+03,1.121192687533540067e+00
3.878000000000000000e+03,1.094628009112880163e+00
3.879000000000000000e+03,1.188758544779199511e+00
3.880000000000000000e+03,1.156309558728186859e+00
3.881000000000000000e+03,1.351432918938502814e+00
3.882000000000000000e+03,1.306149185512579303e+00
3.883000000000000000e+03,1.279597469763214868e+00
3.884000000000000000e+03,1.261522076392191272e+00
3.885000000000000000e+03,1.132984728740287661e+00
3.886000000000000000e+03,1.041993980190561997e+00
3.887000000000000000e+03,1.316722683315489695e+00
3.888000000000000000e+03,1.356921325881391027e+00
3.889000000000000000e+03,1.191468330446562085e+00
3.890000000000000000e+03,1.243725476514206507e+00
3.891000000000000000e+03,1.181469204941130835e+00
3.892000000000000000e+03,1.297638937155620731e+00
3.893000000000000000e+03,1.245597512754573533e+00
3.894000000000000000e+03,1.266573845464488146e+00
3.895000000000000000e+03,1.219070990898905915e+00
3.896000000000000000e+03,1.224435678029673458e+00
3.897000000000000000e+03,1.270787799453933387e+00
3.898000000000000000e+03,1.265981299065451315e+00
3.899000000000000000e+03,1.454645042638027297e+00
3.900000000000000000e+03,1.192627479072725150e+00
3.901000000000000000e+03,1.181068685479828462e+00
3.902000000000000000e+03,1.327164285861100801e+00
3.903000000000000000e+03,1.201297787214022472e+00
3.904000000000000000e+03,1.090136527203569239e+00
3.905000000000000000e+03,1.409580820475964558e+00
3.906000000000000000e+03,1.288599647642361345e+00
3.907000000000000000e+03,1.186519839002781351e+00
3.908000000000000000e+03,1.216030439475864311e+00
3.909000000000000000e+03,1.304775939600353318e+00
3.910000000000000000e+03,1.263471946306908400e+00
3.911000000000000000e+03,1.188105716869821027e+00
3.912000000000000000e+03,1.315160972087550562e+00
3.913000000000000000e+03,1.192430671619501448e+00
3.914000000000000000e+03,1.124435515090685733e+00
3.915000000000000000e+03,1.282920751646046575e+00
3.916000000000000000e+03,1.313393234840945389e+00
3.917000000000000000e+03,1.285795544136647761e+00
3.918000000000000000e+03,1.147114558364493719e+00
3.919000000000000000e+03,1.178970607621242284e+00
3.920000000000000000e+03,1.205013451476764530e+00
3.921000000000000000e+03,1.245553782590393954e+00
3.922000000000000000e+03,1.245190534245157910e+00
3.923000000000000000e+03,1.226558199039465835e+00
3.924000000000000000e+03,1.187573719612269318e+00
3.925000000000000000e+03,1.219196794735130318e+00
3.926000000000000000e+03,1.301189239630971883e+00
3.927000000000000000e+03,1.219933187831231391e+00
3.928000000000000000e+03,1.218926564442851745e+00
3.929000000000000000e+03,1.162369086221623826e+00
3.930000000000000000e+03,1.182624507285263249e+00
3.931000000000000000e+03,1.252214506914797187e+00
3.932000000000000000e+03,1.094561281876273995e+00
3.933000000000000000e+03,9.981945399619585046e-01
3.934000000000000000e+03,1.133969989248749810e+00
3.935000000000000000e+03,1.301695731077934903e+00
3.936000000000000000e+03,1.248218064282955897e+00
3.937000000000000000e+03,1.199242656384501782e+00
3.938000000000000000e+03,1.331407314670638664e+00
3.939000000000000000e+03,1.109133360166671300e+00
3.940000000000000000e+03,1.192090051339225409e+00
3.941000000000000000e+03,1.272862416455048828e+00
3.942000000000000000e+03,1.359240902281370067e+00
3.943000000000000000e+03,1.213718003936237855e+00
3.944000000000000000e+03,1.244313541002004753e+00
3.945000000000000000e+03,1.142157531294925921e+00
3.946000000000000000e+03,9.730961110496790800e-01
3.947000000000000000e+03,1.157717606926920828e+00
3.948000000000000000e+03,1.225304807369982818e+00
3.949000000000000000e+03,1.050830179056702285e+00
3.950000000000000000e+03,1.251166163289658906e+00
3.951000000000000000e+03,1.121064154999368734e+00
3.952000000000000000e+03,1.133886956265978574e+00
3.953000000000000000e+03,1.187497767959587724e+00
3.954000000000000000e+03,1.199361989205535162e+00
3.955000000000000000e+03,1.131049823477581873e+00
3.956000000000000000e+03,1.306289450605647939e+00
3.957000000000000000e+03,1.115425943378568929e+00
3.958000000000000000e+03,1.328666349007942671e+00
3.959000000000000000e+03,1.210177681808785488e+00
3.960000000000000000e+03,1.146387249918618290e+00
3.961000000000000000e+03,1.279362882513812361e+00
3.962000000000000000e+03,1.150724496302523159e+00
3.963000000000000000e+03,1.200811387842652733e+00
3.964000000000000000e+03,1.159621712577063590e+00
3.965000000000000000e+03,1.153010921770101893e+00
3.966000000000000000e+03,1.342834031395137018e+00
3.967000000000000000e+03,1.087207072651296125e+00
3.968000000000000000e+03,1.233774353658039002e+00
3.969000000000000000e+03,1.153271014534354988e+00
3.970000000000000000e+03,1.269461864970643949e+00
3.971000000000000000e+03,1.110049464487848470e+00
3.972000000000000000e+03,1.212746860331867182e+00
3.973000000000000000e+03,1.307657290942495498e+00
3.974000000000000000e+03,1.098008029594288448e+00
3.975000000000000000e+03,1.195553988457626948e+00
3.976000000000000000e+03,1.271051761387469448e+00
3.977000000000000000e+03,1.201745977115504349e+00
3.978000000000000000e+03,1.217421036113681465e+00
3.979000000000000000e+03,1.144272340111793351e+00
3.980000000000000000e+03,1.330887868273602503e+00
3.981000000000000000e+03,1.208718296977095985e+00
3.982000000000000000e+03,1.346678792035658434e+00
3.983000000000000000e+03,1.207881163665166069e+00
3.984000000000000000e+03,1.138750364595153997e+00
3.985000000000000000e+03,1.273823345728222423e+00
3.986000000000000000e+03,1.297854236789623972e+00
3.987000000000000000e+03,1.249054930053773438e+00
3.988000000000000000e+03,1.156257667223594687e+00
3.989000000000000000e+03,1.265751507962800115e+00
3.990000000000000000e+03,1.176971511579248508e+00
3.991000000000000000e+03,1.256069028342990057e+00
3.992000000000000000e+03,1.319360988451545813e+00
3.993000000000000000e+03,1.149922422949641199e+00
3.994000000000000000e+03,1.277954193980425313e+00
3.995000000000000000e+03,1.270620142461275970e+00
3.996000000000000000e+03,1.307551314850379898e+00
3.997000000000000000e+03,1.227557076504904865e+00
3.998000000000000000e+03,1.216922806614063379e+00
3.999000000000000000e+03,1.211287760704595540e+00
4.000000000000000000e+03,1.193172439445310262e+00
4.001000000000000000e+03,1.096664178245185584e+00
4.002000000000000000e+03,1.238723477320344823e+00
4.003000000000000000e+03,1.150670277427170651e+00
4.004000000000000000e+03,1.251563573236859739e+00
4.005000000000000000e+03,1.234721507630396786e+00
4.006000000000000000e+03,1.336201642051465077e+00
4.007000000000000000e+03,1.226423543531397042e+00
4.008000000000000000e+03,1.309203154089875865e+00
4.009000000000000000e+03,1.143718383886152878e+00
4.010000000000000000e+03,1.154854817561028479e+00
4.011000000000000000e+03,1.349419013166811565e+00
4.012000000000000000e+03,1.125261134188431322e+00
4.013000000000000000e+03,1.252281859703767486e+00
4.014000000000000000e+03,1.162122558054922594e+00
4.015000000000000000e+03,1.165684405040114280e+00
4.016000000000000000e+03,1.221414426007674470e+00
4.017000000000000000e+03,1.123430011982907484e+00
4.018000000000000000e+03,1.128551901479110553e+00
4.019000000000000000e+03,1.240066526253940538e+00
4.020000000000000000e+03,1.108772821284517596e+00
4.021000000000000000e+03,1.232237593482389704e+00
4.022000000000000000e+03,1.197591551925250242e+00
4.023000000000000000e+03,1.202899373963606022e+00
4.024000000000000000e+03,1.242048036376754760e+00
4.025000000000000000e+03,1.179855500008351710e+00
4.026000000000000000e+03,1.253981568453524265e+00
4.027000000000000000e+03,1.172566778082152483e+00
4.028000000000000000e+03,1.095833281990327812e+00
4.029000000000000000e+03,1.191416604271431590e+00
4.030000000000000000e+03,1.259129082504373720e+00
4.031000000000000000e+03,1.309916516042984425e+00
4.032000000000000000e+03,1.394047772902403670e+00
4.033000000000000000e+03,1.262915332385598388e+00
4.034000000000000000e+03,1.128750330319467698e+00
4.035000000000000000e+03,1.257937169417960188e+00
4.036000000000000000e+03,1.213864939370513207e+00
4.037000000000000000e+03,1.071633566618652722e+00
4.038000000000000000e+03,1.223631520824102203e+00
4.039000000000000000e+03,1.019329294566252209e+00
4.040000000000000000e+03,1.292491110269797128e+00
4.041000000000000000e+03,1.287531778798534088e+00
4.042000000000000000e+03,1.124570823269304576e+00
4.043000000000000000e+03,1.197171993762327302e+00
4.044000000000000000e+03,1.243413735759734573e+00
4.045000000000000000e+03,1.170439387957439514e+00
4.046000000000000000e+03,1.136646905716711009e+00
4.047000000000000000e+03,1.140183878970689291e+00
4.048000000000000000e+03,1.211121161446475414e+00
4.049000000000000000e+03,1.440114679337504366e+00
4.050000000000000000e+03,1.231427688305895884e+00
4.051000000000000000e+03,1.198948275436624300e+00
4.052000000000000000e+03,1.293130616045205850e+00
4.053000000000000000e+03,1.268211964374555079e+00
4.054000000000000000e+03,1.192717178642070275e+00
4.055000000000000000e+03,1.323296761907137187e+00
4.056000000000000000e+03,1.338233926109578364e+00
4.057000000000000000e+03,1.309049165610235432e+00
4.058000000000000000e+03,1.179815288758493175e+00
4.059000000000000000e+03,1.243821044923016261e+00
4.060000000000000000e+03,1.249594916857790450e+00
4.061000000000000000e+03,1.257529515772008333e+00
4.062000000000000000e+03,1.315289252428204270e+00
4.063000000000000000e+03,1.214773352462683809e+00
4.064000000000000000e+03,1.234528887553520304e+00
4.065000000000000000e+03,1.206641034218845387e+00
4.066000000000000000e+03,1.211732940660831703e+00
4.067000000000000000e+03,1.283756597534005284e+00
4.068000000000000000e+03,1.290926280222378875e+00
4.069000000000000000e+03,1.181641067748652629e+00
4.070000000000000000e+03,1.232331896932856719e+00
4.071000000000000000e+03,1.257997116238760427e+00
4.072000000000000000e+03,1.313292887457264690e+00
4.073000000000000000e+03,1.120695904525546460e+00
4.074000000000000000e+03,1.128724615406970111e+00
4.075000000000000000e+03,1.318337125396432219e+00
4.076000000000000000e+03,1.284516117157467940e+00
4.077000000000000000e+03,1.303162839468096301e+00
4.078000000000000000e+03,1.181612806004323168e+00
4.079000000000000000e+03,1.244917300209254174e+00
4.080000000000000000e+03,1.178476485041100030e+00
4.081000000000000000e+03,1.171533220962451383e+00
4.082000000000000000e+03,1.245038722322005631e+00
4.083000000000000000e+03,1.365885818829153164e+00
4.084000000000000000e+03,1.144011697653474879e+00
4.085000000000000000e+03,1.234229829536796608e+00
4.086000000000000000e+03,1.067352205400639464e+00
4.087000000000000000e+03,1.027146943982167659e+00
4.088000000000000000e+03,1.155880262587588359e+00
4.089000000000000000e+03,1.287722487342744193e+00
4.090000000000000000e+03,1.192856860229341009e+00
4.091000000000000000e+03,1.171861178725175368e+00
4.092000000000000000e+03,1.304116519126319762e+00
4.093000000000000000e+03,1.159504576942398613e+00
4.094000000000000000e+03,1.109964089258764774e+00
4.095000000000000000e+03,1.203406444401957431e+00
4.096000000000000000e+03,1.070516270755973443e+00
4.097000000000000000e+03,1.179833867002686887e+00
4.098000000000000000e+03,1.153363384590312402e+00
4.099000000000000000e+03,1.190060584634288654e+00
4.100000000000000000e+03,1.202492737098640907e+00
4.101000000000000000e+03,1.088580641601726962e+00
4.102000000000000000e+03,1.231417456378570474e+00
4.103000000000000000e+03,1.163698417410258257e+00
4.104000000000000000e+03,1.235700619212908968e+00
4.105000000000000000e+03,1.221779406785709288e+00
4.106000000000000000e+03,1.317430965960136424e+00
4.107000000000000000e+03,1.241796517849744319e+00
4.108000000000000000e+03,1.303276895323136619e+00
4.109000000000000000e+03,1.225408481279784967e+00
4.110000000000000000e+03,1.255846403235976183e+00
4.111000000000000000e+03,1.158877550490147179e+00
4.112000000000000000e+03,1.338695938908065708e+00
4.113000000000000000e+03,1.292318379579371568e+00
4.114000000000000000e+03,1.192460004074143987e+00
4.115000000000000000e+03,1.289230421613176691e+00
4.116000000000000000e+03,1.330846913592492964e+00
4.117000000000000000e+03,1.258106114833255962e+00
4.118000000000000000e+03,1.265644271815287381e+00
4.119000000000000000e+03,1.231910303816367236e+00
4.120000000000000000e+03,1.128826222567700821e+00
4.121000000000000000e+03,1.122304591215234737e+00
4.122000000000000000e+03,1.373015883674493898e+00
4.123000000000000000e+03,1.195390945426441309e+00
4.124000000000000000e+03,1.451074549266696323e+00
4.125000000000000000e+03,1.084745195146066044e+00
4.126000000000000000e+03,1.273814768535772135e+00
4.127000000000000000e+03,1.267741636511035663e+00
4.128000000000000000e+03,1.184987946769001210e+00
4.129000000000000000e+03,1.198842421276723913e+00
4.130000000000000000e+03,1.291637979613208698e+00
4.131000000000000000e+03,1.191452065037017727e+00
4.132000000000000000e+03,1.220589962495897796e+00
4.133000000000000000e+03,1.264298221162905911e+00
4.134000000000000000e+03,1.280018640093488314e+00
4.135000000000000000e+03,1.395568282151743666e+00
4.136000000000000000e+03,1.378149774035326347e+00
4.137000000000000000e+03,1.178206548301816037e+00
4.138000000000000000e+03,1.302707676810296311e+00
4.139000000000000000e+03,1.245111997919987390e+00
4.140000000000000000e+03,1.164613642845041319e+00
4.141000000000000000e+03,1.398604328644396988e+00
4.142000000000000000e+03,1.289645573005965717e+00
4.143000000000000000e+03,1.194011144812522351e+00
4.144000000000000000e+03,1.290068245844030015e+00
4.145000000000000000e+03,1.332170217166574577e+00
4.146000000000000000e+03,1.325477069462974056e+00
4.147000000000000000e+03,1.366410388353139549e+00
4.148000000000000000e+03,1.242947736827248129e+00
4.149000000000000000e+03,1.240492354354012061e+00
4.150000000000000000e+03,1.301229130407698831e+00
4.151000000000000000e+03,1.208009222962179718e+00
4.152000000000000000e+03,1.130214365481563066e+00
4.153000000000000000e+03,1.263857626908107656e+00
4.154000000000000000e+03,1.241101320634775407e+00
4.155000000000000000e+03,1.253134205967443515e+00
4.156000000000000000e+03,1.197141175657333356e+00
4.157000000000000000e+03,1.116735623724478099e+00
4.158000000000000000e+03,1.188535669646569426e+00
4.159000000000000000e+03,1.066937926223551214e+00
4.160000000000000000e+03,1.134010947068969877e+00
4.161000000000000000e+03,1.123506173596060975e+00
4.162000000000000000e+03,1.017428251046622378e+00
4.163000000000000000e+03,1.179120043514021665e+00
4.164000000000000000e+03,1.312266134503335735e+00
4.165000000000000000e+03,1.257102682508268732e+00
4.166000000000000000e+03,1.375019602610736413e+00
4.167000000000000000e+03,1.360915633643400957e+00
4.168000000000000000e+03,1.244825905379190356e+00
4.169000000000000000e+03,9.964446662409902622e-01
4.170000000000000000e+03,1.200412777863103297e+00
4.171000000000000000e+03,1.119668965662932614e+00
4.172000000000000000e+03,1.238412853033037608e+00
4.173000000000000000e+03,1.262019995500077929e+00
4.174000000000000000e+03,1.196087027313645690e+00
4.175000000000000000e+03,1.288954175361355814e+00
4.176000000000000000e+03,1.178723168160793033e+00
4.177000000000000000e+03,1.154090985376053924e+00
4.178000000000000000e+03,1.074544899453328872e+00
4.179000000000000000e+03,1.190153527142695733e+00
4.180000000000000000e+03,1.134374843088749696e+00
4.181000000000000000e+03,1.221667378172411889e+00
4.182000000000000000e+03,1.531757476682809038e+00
4.183000000000000000e+03,1.394368177919541818e+00
4.184000000000000000e+03,1.309226227436333101e+00
4.185000000000000000e+03,1.322390903275198593e+00
4.186000000000000000e+03,1.137776685291357337e+00
4.187000000000000000e+03,1.262200360368941121e+00
4.188000000000000000e+03,1.165827507714523259e+00
4.189000000000000000e+03,1.294347695850091684e+00
4.190000000000000000e+03,1.266518640066983670e+00
4.191000000000000000e+03,1.212690176416644672e+00
4.192000000000000000e+03,1.209165470220614269e+00
4.193000000000000000e+03,1.251412578273782161e+00
4.194000000000000000e+03,1.213402027566153896e+00
4.195000000000000000e+03,1.161274199536333596e+00
4.196000000000000000e+03,1.233242540342349702e+00
4.197000000000000000e+03,1.177641618405907753e+00
4.198000000000000000e+03,1.057083184254111519e+00
4.199000000000000000e+03,1.122359372982392633e+00
4.200000000000000000e+03,1.170477051853219486e+00
4.201000000000000000e+03,1.074786795968605935e+00
4.202000000000000000e+03,1.204690055880355937e+00
4.203000000000000000e+03,1.225669852202971866e+00
4.204000000000000000e+03,1.266320184748104483e+00
4.205000000000000000e+03,1.140612415997998452e+00
4.206000000000000000e+03,1.229596141570764800e+00
4.207000000000000000e+03,1.188511305204096535e+00
4.208000000000000000e+03,1.141275214625056877e+00
4.209000000000000000e+03,1.237025654178254053e+00
4.210000000000000000e+03,1.271241990371643427e+00
4.211000000000000000e+03,1.182135224779094385e+00
4.212000000000000000e+03,1.245820275252087717e+00
4.213000000000000000e+03,1.326412763796722016e+00
4.214000000000000000e+03,1.217862627123240227e+00
4.215000000000000000e+03,1.215763438099777716e+00
4.216000000000000000e+03,1.130908515888121135e+00
4.217000000000000000e+03,1.110558143857299784e+00
4.218000000000000000e+03,1.254864038984991659e+00
4.219000000000000000e+03,1.096241147751007672e+00
4.220000000000000000e+03,1.286360153852395216e+00
4.221000000000000000e+03,1.334899168718020723e+00
4.222000000000000000e+03,1.328985169483444251e+00
4.223000000000000000e+03,1.131915335417305268e+00
4.224000000000000000e+03,1.016831659636310947e+00
4.225000000000000000e+03,1.260703388804588432e+00
4.226000000000000000e+03,1.426411578719996465e+00
4.227000000000000000e+03,1.291203129749657341e+00
4.228000000000000000e+03,1.369324435330936840e+00
4.229000000000000000e+03,1.279634676133110771e+00
4.230000000000000000e+03,1.151385266175130928e+00
4.231000000000000000e+03,1.209983448785745042e+00
4.232000000000000000e+03,1.149914753206406237e+00
4.233000000000000000e+03,1.315521805747755568e+00
4.234000000000000000e+03,1.366889787555508162e+00
4.235000000000000000e+03,1.107961441466649655e+00
4.236000000000000000e+03,1.284072152077273765e+00
4.237000000000000000e+03,1.085459413418744745e+00
4.238000000000000000e+03,1.317454117176706907e+00
4.239000000000000000e+03,1.317141837992926723e+00
4.240000000000000000e+03,1.230942534984492021e+00
4.241000000000000000e+03,1.371284247065329476e+00
4.242000000000000000e+03,1.232253833333093240e+00
4.243000000000000000e+03,1.313263492992474246e+00
4.244000000000000000e+03,1.249375768843131729e+00
4.245000000000000000e+03,1.328003241249062327e+00
4.246000000000000000e+03,1.150956040898292176e+00
4.247000000000000000e+03,1.321771161181691800e+00
4.248000000000000000e+03,1.340629823170754964e+00
4.249000000000000000e+03,1.289660506566211673e+00
4.250000000000000000e+03,1.250968737182394541e+00
4.251000000000000000e+03,1.142726898362066201e+00
4.252000000000000000e+03,1.378101714975277003e+00
4.253000000000000000e+03,1.267248409551226640e+00
4.254000000000000000e+03,1.194096469243255632e+00
4.255000000000000000e+03,1.174485096864051226e+00
4.256000000000000000e+03,1.245634145769825007e+00
4.257000000000000000e+03,1.278472379641082624e+00
4.258000000000000000e+03,1.328999622530288693e+00
4.259000000000000000e+03,1.299551431106147792e+00
4.260000000000000000e+03,1.282380251490394585e+00
4.261000000000000000e+03,1.302400356532288361e+00
4.262000000000000000e+03,1.270095853799988461e+00
4.263000000000000000e+03,1.254128528812129106e+00
4.264000000000000000e+03,1.281335066951101442e+00
4.265000000000000000e+03,1.196233726798873631e+00
4.266000000000000000e+03,1.148819313050840840e+00
4.267000000000000000e+03,1.185364427710558832e+00
4.268000000000000000e+03,1.141120651592075985e+00
4.269000000000000000e+03,1.216111378507072294e+00
4.270000000000000000e+03,1.261223032427608137e+00
4.271000000000000000e+03,1.215780430579830984e+00
4.272000000000000000e+03,1.145921718351686991e+00
4.273000000000000000e+03,1.087341128830171977e+00
4.274000000000000000e+03,1.112184631336932572e+00
4.275000000000000000e+03,1.250119990426818095e+00
4.276000000000000000e+03,1.296991239482113256e+00
4.277000000000000000e+03,1.364645748954603999e+00
4.278000000000000000e+03,1.218767967810816089e+00
4.279000000000000000e+03,1.266609705535153063e+00
4.280000000000000000e+03,1.107861316009600250e+00
4.281000000000000000e+03,1.354041146263518458e+00
4.282000000000000000e+03,1.258895286348921339e+00
4.283000000000000000e+03,1.176135185183232013e+00
4.284000000000000000e+03,1.319402939963944643e+00
4.285000000000000000e+03,1.176293366073896118e+00
4.286000000000000000e+03,1.413414099880353048e+00
4.287000000000000000e+03,1.126357607792807247e+00
4.288000000000000000e+03,1.148254646649622401e+00
4.289000000000000000e+03,1.230417386713279271e+00
4.290000000000000000e+03,1.342097408492017863e+00
4.291000000000000000e+03,1.328299280471019639e+00
4.292000000000000000e+03,1.248776315757957001e+00
4.293000000000000000e+03,1.297995357213782341e+00
4.294000000000000000e+03,1.136234013431755230e+00
4.295000000000000000e+03,1.202273690945623530e+00
4.296000000000000000e+03,1.233518678508293442e+00
4.297000000000000000e+03,1.145452461339539152e+00
4.298000000000000000e+03,1.359601302783684407e+00
4.299000000000000000e+03,1.257961422196264056e+00
4.300000000000000000e+03,1.241222938373646612e+00
4.301000000000000000e+03,1.109593944417190503e+00
4.302000000000000000e+03,1.166120123724953217e+00
4.303000000000000000e+03,1.153889660233799574e+00
4.304000000000000000e+03,1.197651739997839915e+00
4.305000000000000000e+03,1.134564841572733407e+00
4.306000000000000000e+03,1.286560095576035012e+00
4.307000000000000000e+03,1.265552098149926197e+00
4.308000000000000000e+03,1.195849526760866866e+00
4.309000000000000000e+03,1.588600680416881294e+00
4.310000000000000000e+03,1.313606036076948147e+00
4.311000000000000000e+03,1.402923619166516644e+00
4.312000000000000000e+03,1.247787076123268779e+00
4.313000000000000000e+03,1.405778093236597748e+00
4.314000000000000000e+03,1.267454014457743083e+00
4.315000000000000000e+03,1.241083462199971121e+00
4.316000000000000000e+03,1.260741393670313792e+00
4.317000000000000000e+03,1.220735545564236801e+00
4.318000000000000000e+03,1.130070235745668450e+00
4.319000000000000000e+03,1.488507709615066066e+00
4.320000000000000000e+03,1.256073103074679009e+00
4.321000000000000000e+03,1.363517480487381750e+00
4.322000000000000000e+03,1.411864593494626341e+00
4.323000000000000000e+03,1.286002311626349925e+00
4.324000000000000000e+03,1.172664747772486527e+00
4.325000000000000000e+03,1.203264953752742894e+00
4.326000000000000000e+03,1.219659338737303589e+00
4.327000000000000000e+03,1.254174346244726124e+00
4.328000000000000000e+03,1.277790228374727999e+00
4.329000000000000000e+03,1.128397106401837879e+00
4.330000000000000000e+03,1.151304066183950203e+00
4.331000000000000000e+03,1.233276538897523311e+00
4.332000000000000000e+03,1.184742630033688959e+00
4.333000000000000000e+03,1.291139528285816906e+00
4.334000000000000000e+03,1.355042662407218046e+00
4.335000000000000000e+03,1.213660597042123257e+00
4.336000000000000000e+03,1.073179050955585634e+00
4.337000000000000000e+03,1.295908645056779829e+00
4.338000000000000000e+03,1.342462503503756066e+00
4.339000000000000000e+03,1.295884183650744648e+00
4.340000000000000000e+03,1.219282089463877838e+00
4.341000000000000000e+03,1.242621476033780814e+00
4.342000000000000000e+03,1.261800182034876094e+00
4.343000000000000000e+03,1.153799389876219106e+00
4.344000000000000000e+03,1.267764808882190453e+00
4.345000000000000000e+03,1.060946037861295377e+00
4.346000000000000000e+03,1.117799691753900815e+00
4.347000000000000000e+03,1.216549904355454848e+00
4.348000000000000000e+03,1.357428350030362552e+00
4.349000000000000000e+03,1.143569742539538803e+00
4.350000000000000000e+03,1.426293963356874972e+00
4.351000000000000000e+03,1.180947355920884068e+00
4.352000000000000000e+03,1.220286023866773650e+00
4.353000000000000000e+03,1.254459209709388068e+00
4.354000000000000000e+03,1.298289345637403835e+00
4.355000000000000000e+03,1.344992144340334317e+00
4.356000000000000000e+03,1.352654983393931865e+00
4.357000000000000000e+03,1.195983108820643626e+00
4.358000000000000000e+03,1.280344967224127606e+00
4.359000000000000000e+03,1.269013767544615368e+00
4.360000000000000000e+03,1.308726012638338654e+00
4.361000000000000000e+03,1.225260659810355923e+00
4.362000000000000000e+03,1.302860667207946355e+00
4.363000000000000000e+03,1.220531836321451458e+00
4.364000000000000000e+03,1.296664444740563971e+00
4.365000000000000000e+03,1.348593726244883495e+00
4.366000000000000000e+03,1.176727235583888032e+00
4.367000000000000000e+03,1.273209501413359312e+00
4.368000000000000000e+03,1.330332742520459188e+00
4.369000000000000000e+03,1.268575056618927333e+00
4.370000000000000000e+03,1.213762699125084721e+00
4.371000000000000000e+03,1.277960862713764856e+00
4.372000000000000000e+03,1.138999923081404519e+00
4.373000000000000000e+03,1.115885935055824785e+00
4.374000000000000000e+03,1.307456435855729904e+00
4.375000000000000000e+03,1.278211311700125918e+00
4.376000000000000000e+03,1.379549713879413275e+00
4.377000000000000000e+03,1.316692805153672818e+00
4.378000000000000000e+03,1.252151636103193022e+00
4.379000000000000000e+03,1.288019571172504874e+00
4.380000000000000000e+03,1.311774217575353285e+00
4.381000000000000000e+03,1.271691977315521305e+00
4.382000000000000000e+03,1.289136790742880123e+00
4.383000000000000000e+03,1.278416852258359659e+00
4.384000000000000000e+03,1.346734885012513372e+00
4.385000000000000000e+03,1.278977190172318812e+00
4.386000000000000000e+03,1.422691072706900428e+00
4.387000000000000000e+03,1.424225309029217623e+00
4.388000000000000000e+03,1.384784191810491505e+00
4.389000000000000000e+03,1.280401393159323220e+00
4.390000000000000000e+03,1.222419647965198530e+00
4.391000000000000000e+03,1.304416591332477227e+00
4.392000000000000000e+03,1.364608338626376538e+00
4.393000000000000000e+03,1.317003363699864149e+00
4.394000000000000000e+03,1.346684060187401499e+00
4.395000000000000000e+03,1.400825969546653615e+00
4.396000000000000000e+03,1.193683623866995003e+00
4.397000000000000000e+03,1.237236870679485179e+00
4.398000000000000000e+03,1.227140341742731344e+00
4.399000000000000000e+03,1.292154401789331608e+00
4.400000000000000000e+03,1.244309027994062955e+00
4.401000000000000000e+03,1.116978151352286952e+00
4.402000000000000000e+03,1.260432638728358423e+00
4.403000000000000000e+03,1.398850640541965396e+00
4.404000000000000000e+03,1.022170486595466388e+00
4.405000000000000000e+03,1.246136204093660327e+00
4.406000000000000000e+03,1.217441656886202539e+00
4.407000000000000000e+03,1.093063526672070740e+00
4.408000000000000000e+03,1.277821020292715604e+00
4.409000000000000000e+03,1.123850723694614917e+00
4.410000000000000000e+03,1.196615174981015439e+00
4.411000000000000000e+03,1.095315038322539847e+00
4.412000000000000000e+03,1.369296228612838062e+00
4.413000000000000000e+03,1.206500945755349274e+00
4.414000000000000000e+03,1.273721009472740029e+00
4.415000000000000000e+03,1.236657622320096683e+00
4.416000000000000000e+03,1.267276329696312098e+00
4.417000000000000000e+03,1.262704337118613296e+00
4.418000000000000000e+03,1.093808406916233267e+00
4.419000000000000000e+03,1.222443889615986601e+00
4.420000000000000000e+03,1.183469676668851056e+00
4.421000000000000000e+03,1.293183373769394073e+00
4.422000000000000000e+03,1.169190653430901117e+00
4.423000000000000000e+03,1.290447539854155501e+00
4.424000000000000000e+03,1.357951801026728633e+00
4.425000000000000000e+03,1.274195209442977594e+00
4.426000000000000000e+03,1.170559980568560032e+00
4.427000000000000000e+03,1.254112278578801032e+00
4.428000000000000000e+03,1.222250163471507500e+00
4.429000000000000000e+03,1.317081221111441325e+00
4.430000000000000000e+03,1.260282092158049094e+00
4.431000000000000000e+03,1.258899784427170543e+00
4.432000000000000000e+03,1.421315900250013531e+00
4.433000000000000000e+03,1.163663948331406184e+00
4.434000000000000000e+03,1.238620696044011815e+00
4.435000000000000000e+03,1.103525964547135807e+00
4.436000000000000000e+03,1.208653109033160700e+00
4.437000000000000000e+03,1.162192782276161074e+00
4.438000000000000000e+03,1.214928004269552053e+00
4.439000000000000000e+03,1.328846075776849878e+00
4.440000000000000000e+03,1.295486773253174295e+00
4.441000000000000000e+03,1.304392455927798622e+00
4.442000000000000000e+03,1.150110286467166620e+00
4.443000000000000000e+03,1.329154026835725588e+00
4.444000000000000000e+03,1.130700748017989143e+00
4.445000000000000000e+03,1.360912735098123605e+00
4.446000000000000000e+03,1.355879224841979092e+00
4.447000000000000000e+03,1.223821014042926647e+00
4.448000000000000000e+03,1.277926906482717229e+00
4.449000000000000000e+03,1.262884108327447574e+00
4.450000000000000000e+03,1.405320958361233830e+00
4.451000000000000000e+03,1.391945877458449887e+00
4.452000000000000000e+03,1.190912008026784541e+00
4.453000000000000000e+03,1.251861194876684902e+00
4.454000000000000000e+03,1.316285001806586585e+00
4.455000000000000000e+03,1.269117069096814099e+00
4.456000000000000000e+03,1.289130097545910569e+00
4.457000000000000000e+03,1.168098398412865890e+00
4.458000000000000000e+03,1.204890879587800834e+00
4.459000000000000000e+03,1.135680992264857858e+00
4.460000000000000000e+03,1.239945805533006595e+00
4.461000000000000000e+03,1.252955443288111814e+00
4.462000000000000000e+03,1.255293561689475590e+00
4.463000000000000000e+03,1.060054666905847043e+00
4.464000000000000000e+03,1.285797846138183376e+00
4.465000000000000000e+03,1.183956461645124580e+00
4.466000000000000000e+03,1.191992712331760185e+00
4.467000000000000000e+03,1.149752233182194550e+00
4.468000000000000000e+03,1.156819330051218842e+00
4.469000000000000000e+03,1.407435289591018268e+00
4.470000000000000000e+03,1.153540339299428119e+00
4.471000000000000000e+03,1.205450902761868504e+00
4.472000000000000000e+03,1.322625359819942448e+00
4.473000000000000000e+03,1.272900061915937853e+00
4.474000000000000000e+03,1.286898464195766145e+00
4.475000000000000000e+03,1.303962576184440891e+00
4.476000000000000000e+03,1.369103155019273155e+00
4.477000000000000000e+03,1.282517336195904356e+00
4.478000000000000000e+03,1.299885233017886943e+00
4.479000000000000000e+03,1.233302870649390259e+00
4.480000000000000000e+03,1.307730815804193147e+00
4.481000000000000000e+03,1.366675101021270322e+00
4.482000000000000000e+03,1.232082692010196601e+00
4.483000000000000000e+03,1.269429969767940536e+00
4.484000000000000000e+03,1.109601265142698523e+00
4.485000000000000000e+03,1.123243940237443894e+00
4.486000000000000000e+03,1.140960063203810382e+00
4.487000000000000000e+03,1.170584960339579483e+00
4.488000000000000000e+03,1.289902042124428050e+00
4.489000000000000000e+03,1.215578746337340643e+00
4.490000000000000000e+03,1.340164031603156003e+00
4.491000000000000000e+03,1.175675976670778500e+00
4.492000000000000000e+03,1.217828048428531984e+00
4.493000000000000000e+03,1.233043827486346666e+00
4.494000000000000000e+03,1.337137381014219528e+00
4.495000000000000000e+03,1.138583761137470285e+00
4.496000000000000000e+03,1.199850382367969592e+00
4.497000000000000000e+03,1.148159179913851524e+00
4.498000000000000000e+03,1.313204638918262557e+00
4.499000000000000000e+03,1.233699288279711315e+00
4.500000000000000000e+03,1.268910810764550812e+00
4.501000000000000000e+03,1.150212149401519834e+00
4.502000000000000000e+03,1.307340242815314690e+00
4.503000000000000000e+03,1.295649332252663211e+00
4.504000000000000000e+03,1.249879083392443135e+00
4.505000000000000000e+03,1.111192311940439881e+00
4.506000000000000000e+03,1.362702885112480944e+00
4.507000000000000000e+03,1.236052664523070277e+00
4.508000000000000000e+03,1.173252620177389183e+00
4.509000000000000000e+03,1.127052190335425363e+00
4.510000000000000000e+03,1.355443849795036071e+00
4.511000000000000000e+03,1.299060117547232274e+00
4.512000000000000000e+03,1.372408053437324194e+00
4.513000000000000000e+03,1.176162910486044710e+00
4.514000000000000000e+03,1.200348581025399763e+00
4.515000000000000000e+03,1.236171685175619039e+00
4.516000000000000000e+03,1.283720774448965374e+00
4.517000000000000000e+03,1.133348968382886568e+00
4.518000000000000000e+03,1.265644957408877724e+00
4.519000000000000000e+03,1.253265669941615812e+00
4.520000000000000000e+03,1.222661144492315666e+00
4.521000000000000000e+03,1.219058527245012513e+00
4.522000000000000000e+03,1.172711307475091447e+00
4.523000000000000000e+03,1.235203005842478996e+00
4.524000000000000000e+03,1.338824750038272171e+00
4.525000000000000000e+03,1.264905074390641815e+00
4.526000000000000000e+03,1.348063041823610808e+00
4.527000000000000000e+03,1.307881674151886608e+00
4.528000000000000000e+03,1.222240857932273883e+00
4.529000000000000000e+03,1.215594535393160314e+00
4.530000000000000000e+03,1.337567365872883718e+00
4.531000000000000000e+03,1.180873061659541756e+00
4.532000000000000000e+03,1.326822593165599695e+00
4.533000000000000000e+03,1.164002231990281189e+00
4.534000000000000000e+03,1.305650306517710524e+00
4.535000000000000000e+03,1.297150814254910411e+00
4.536000000000000000e+03,1.332833991052590594e+00
4.537000000000000000e+03,1.233300955393771492e+00
4.538000000000000000e+03,1.292862237821243321e+00
4.539000000000000000e+03,1.165037067504442136e+00
4.540000000000000000e+03,1.397216996651278409e+00
4.541000000000000000e+03,1.183634123611111200e+00
4.542000000000000000e+03,1.236657105554296088e+00
4.543000000000000000e+03,1.269777978154769560e+00
4.544000000000000000e+03,1.345123912900274554e+00
4.545000000000000000e+03,1.173597438844230068e+00
4.546000000000000000e+03,1.296750733415504619e+00
4.547000000000000000e+03,1.243485943947681971e+00
4.548000000000000000e+03,1.273639692925012223e+00
4.549000000000000000e+03,1.284524104097136687e+00
4.550000000000000000e+03,1.470985086455361079e+00
4.551000000000000000e+03,1.338684926346301207e+00
4.552000000000000000e+03,1.346260195151333994e+00
4.553000000000000000e+03,1.352892788364952636e+00
4.554000000000000000e+03,1.206057247771885388e+00
4.555000000000000000e+03,1.275849888486822126e+00
4.556000000000000000e+03,1.369430052601115833e+00
4.557000000000000000e+03,1.310050073279674709e+00
4.558000000000000000e+03,1.450368531742591172e+00
4.559000000000000000e+03,1.303087525632896648e+00
4.560000000000000000e+03,1.238642771066105430e+00
4.561000000000000000e+03,1.177673053678762516e+00
4.562000000000000000e+03,1.148329250524526612e+00
4.563000000000000000e+03,1.218070935946555133e+00
4.564000000000000000e+03,1.167859481564402335e+00
4.565000000000000000e+03,1.373606448088196208e+00
4.566000000000000000e+03,1.152035158569352014e+00
4.567000000000000000e+03,1.247225795469254495e+00
4.568000000000000000e+03,1.285912159139759980e+00
4.569000000000000000e+03,1.298435464808259443e+00
4.570000000000000000e+03,1.194578761952527435e+00
4.571000000000000000e+03,1.204240961110631503e+00
4.572000000000000000e+03,1.108148162552350158e+00
4.573000000000000000e+03,1.148738438154944808e+00
4.574000000000000000e+03,1.236525007832669498e+00
4.575000000000000000e+03,1.250354944415615677e+00
4.576000000000000000e+03,1.146821881317987790e+00
4.577000000000000000e+03,1.272633881115766918e+00
4.578000000000000000e+03,1.342724246319123793e+00
4.579000000000000000e+03,1.318172896394103510e+00
4.580000000000000000e+03,1.317548788567340923e+00
4.581000000000000000e+03,1.249516158382748099e+00
4.582000000000000000e+03,1.204059697611192581e+00
4.583000000000000000e+03,1.272482550317578065e+00
4.584000000000000000e+03,1.244990159080508807e+00
4.585000000000000000e+03,1.186330084431702625e+00
4.586000000000000000e+03,1.289529928012625115e+00
4.587000000000000000e+03,1.289732398207826147e+00
4.588000000000000000e+03,1.157512063564461569e+00
4.589000000000000000e+03,1.181985321201846295e+00
4.590000000000000000e+03,1.053310483211907123e+00
4.591000000000000000e+03,1.251542703804491286e+00
4.592000000000000000e+03,1.327669903172440602e+00
4.593000000000000000e+03,1.342719910630563174e+00
4.594000000000000000e+03,1.338659158004347649e+00
4.595000000000000000e+03,1.354448959447603684e+00
4.596000000000000000e+03,1.218606773531923260e+00
4.597000000000000000e+03,1.241550154540092432e+00
4.598000000000000000e+03,1.124382946404368866e+00
4.599000000000000000e+03,1.303892540022612456e+00
4.600000000000000000e+03,1.231889915411679359e+00
4.601000000000000000e+03,1.146526599180938133e+00
4.602000000000000000e+03,1.307114534318011945e+00
4.603000000000000000e+03,1.191476790722042933e+00
4.604000000000000000e+03,1.234719784940749410e+00
4.605000000000000000e+03,1.247863862208247188e+00
4.606000000000000000e+03,1.265015061109013850e+00
4.607000000000000000e+03,1.294912088962107743e+00
4.608000000000000000e+03,1.246040204371760884e+00
4.609000000000000000e+03,1.228033989778868795e+00
4.610000000000000000e+03,1.304535823060604116e+00
4.611000000000000000e+03,1.221228857976327298e+00
4.612000000000000000e+03,1.185568777353647851e+00
4.613000000000000000e+03,1.384623838202898138e+00
4.614000000000000000e+03,1.319250353685576416e+00
4.615000000000000000e+03,1.177268757169673163e+00
4.616000000000000000e+03,1.115589369736997405e+00
4.617000000000000000e+03,1.343951644916488108e+00
4.618000000000000000e+03,1.265703487270521288e+00
4.619000000000000000e+03,1.331510406892200793e+00
4.620000000000000000e+03,1.283866356695490651e+00
4.621000000000000000e+03,1.214884678240518046e+00
4.622000000000000000e+03,1.316859940189074374e+00
4.623000000000000000e+03,1.170464216765268128e+00
4.624000000000000000e+03,1.252810638620552419e+00
4.625000000000000000e+03,1.230960720884289206e+00
4.626000000000000000e+03,1.211215412813347658e+00
4.627000000000000000e+03,1.358780660132207663e+00
4.628000000000000000e+03,1.328987767242685303e+00
4.629000000000000000e+03,1.319236691222243740e+00
4.630000000000000000e+03,1.469570034661150881e+00
4.631000000000000000e+03,1.298805012962624295e+00
4.632000000000000000e+03,1.163407452789719354e+00
4.633000000000000000e+03,1.251827490221437911e+00
4.634000000000000000e+03,1.323838778415677764e+00
4.635000000000000000e+03,1.226630895463170168e+00
4.636000000000000000e+03,1.168361714714947208e+00
4.637000000000000000e+03,1.308412964964766445e+00
4.638000000000000000e+03,1.141841518135500833e+00
4.639000000000000000e+03,1.113391731044594435e+00
4.640000000000000000e+03,1.278550481947032136e+00
4.641000000000000000e+03,1.266474954923614948e+00
4.642000000000000000e+03,1.141287576332048914e+00
4.643000000000000000e+03,1.257257543425228441e+00
4.644000000000000000e+03,1.260928531868677149e+00
4.645000000000000000e+03,1.346847625002007387e+00
4.646000000000000000e+03,1.263436515942181648e+00
4.647000000000000000e+03,1.291789292372461651e+00
4.648000000000000000e+03,1.195184429068610665e+00
4.649000000000000000e+03,1.239336648873305302e+00
4.650000000000000000e+03,1.248505079350720415e+00
4.651000000000000000e+03,1.127065336934126805e+00
4.652000000000000000e+03,1.233062967614243943e+00
4.653000000000000000e+03,1.307664994655423296e+00
4.654000000000000000e+03,1.330980117456533218e+00
4.655000000000000000e+03,1.259854074955448322e+00
4.656000000000000000e+03,1.248168328481623401e+00
4.657000000000000000e+03,1.311428400401224437e+00
4.658000000000000000e+03,1.381771210343367029e+00
4.659000000000000000e+03,1.284908405585132529e+00
4.660000000000000000e+03,1.267787482476741667e+00
4.661000000000000000e+03,1.205585864110998662e+00
4.662000000000000000e+03,1.294310259904433824e+00
4.663000000000000000e+03,1.381530103214623217e+00
4.664000000000000000e+03,1.127544682107094687e+00
4.665000000000000000e+03,1.357871479887494237e+00
4.666000000000000000e+03,1.210875351847050085e+00
4.667000000000000000e+03,1.220560321466115594e+00
4.668000000000000000e+03,1.153114875788193494e+00
4.669000000000000000e+03,1.155694902882735686e+00
4.670000000000000000e+03,1.288977588386251982e+00
4.671000000000000000e+03,1.265066841708021084e+00
4.672000000000000000e+03,1.082490637063212802e+00
4.673000000000000000e+03,1.115252867610228238e+00
4.674000000000000000e+03,1.370144501000215342e+00
4.675000000000000000e+03,1.206460824986198332e+00
4.676000000000000000e+03,1.500440491000801124e+00
4.677000000000000000e+03,1.260837410980850892e+00
4.678000000000000000e+03,1.220855733385924013e+00
4.679000000000000000e+03,1.230797995422436175e+00
4.680000000000000000e+03,1.234946724116710692e+00
4.681000000000000000e+03,1.216490663757374024e+00
4.682000000000000000e+03,1.308514455359020667e+00
4.683000000000000000e+03,1.206819797476055056e+00
4.684000000000000000e+03,1.333983747225128802e+00
4.685000000000000000e+03,1.316396869135353587e+00
4.686000000000000000e+03,1.357978479251824799e+00
4.687000000000000000e+03,1.336789657882334614e+00
4.688000000000000000e+03,1.467371494084268368e+00
4.689000000000000000e+03,1.299205745089122566e+00
4.690000000000000000e+03,1.176562868923494598e+00
4.691000000000000000e+03,1.280029991342300555e+00
4.692000000000000000e+03,1.199333646109367768e+00
4.693000000000000000e+03,1.227775018083906877e+00
4.694000000000000000e+03,1.188430188917583452e+00
4.695000000000000000e+03,1.179155222294443250e+00
4.696000000000000000e+03,1.209213746286147195e+00
4.697000000000000000e+03,1.250042821599369081e+00
4.698000000000000000e+03,1.333708678809954584e+00
4.699000000000000000e+03,1.223677217994662003e+00
4.700000000000000000e+03,1.379276660245892794e+00
4.701000000000000000e+03,1.205547955486690581e+00
4.702000000000000000e+03,1.460226571811296337e+00
4.703000000000000000e+03,1.169178558958190450e+00
4.704000000000000000e+03,1.252221258865864106e+00
4.705000000000000000e+03,1.193838084115528497e+00
4.706000000000000000e+03,1.115078956030164159e+00
4.707000000000000000e+03,1.259277366276078558e+00
4.708000000000000000e+03,1.348634575718353545e+00
4.709000000000000000e+03,1.334292358381017118e+00
4.710000000000000000e+03,1.412196835510114878e+00
4.711000000000000000e+03,1.234180978193905931e+00
4.712000000000000000e+03,1.297267743217144220e+00
4.713000000000000000e+03,1.167181215561987395e+00
4.714000000000000000e+03,1.250471465855065745e+00
4.715000000000000000e+03,1.205392730481098074e+00
4.716000000000000000e+03,1.172172250442653496e+00
4.717000000000000000e+03,1.120801519338694208e+00
4.718000000000000000e+03,1.344106079184747893e+00
4.719000000000000000e+03,1.187737510256091422e+00
4.720000000000000000e+03,1.395602858831369364e+00
4.721000000000000000e+03,1.143399207206055479e+00
4.722000000000000000e+03,1.123924288671314775e+00
4.723000000000000000e+03,1.284550630594661014e+00
4.724000000000000000e+03,1.113394491358557170e+00
4.725000000000000000e+03,1.111821969594714909e+00
4.726000000000000000e+03,1.271248662483698944e+00
4.727000000000000000e+03,1.222388618991072873e+00
4.728000000000000000e+03,1.051139991789995065e+00
4.729000000000000000e+03,1.203519220873579876e+00
4.730000000000000000e+03,1.180057395767844186e+00
4.731000000000000000e+03,1.266298457246071374e+00
4.732000000000000000e+03,1.139534085006720376e+00
4.733000000000000000e+03,1.138819252519933212e+00
4.734000000000000000e+03,1.297724847794323288e+00
4.735000000000000000e+03,1.321746515550891177e+00
4.736000000000000000e+03,1.338688867530102300e+00
4.737000000000000000e+03,1.275374765853783066e+00
4.738000000000000000e+03,1.261820329557703513e+00
4.739000000000000000e+03,1.203508278438377710e+00
4.740000000000000000e+03,1.181497183307951948e+00
4.741000000000000000e+03,1.082360671301559440e+00
4.742000000000000000e+03,1.147320347589731115e+00
4.743000000000000000e+03,1.221547240828408265e+00
4.744000000000000000e+03,1.281088998485986341e+00
4.745000000000000000e+03,1.347432689539197037e+00
4.746000000000000000e+03,1.320401725825924188e+00
4.747000000000000000e+03,1.114819682366214648e+00
4.748000000000000000e+03,1.280228775117420392e+00
4.749000000000000000e+03,1.285482487807453111e+00
4.750000000000000000e+03,1.200722651253454343e+00
4.751000000000000000e+03,1.164617637379217197e+00
4.752000000000000000e+03,1.140908395837167966e+00
4.753000000000000000e+03,1.107288663520202832e+00
4.754000000000000000e+03,1.143518028269687958e+00
4.755000000000000000e+03,1.205755917796889953e+00
4.756000000000000000e+03,1.032490404057373690e+00
4.757000000000000000e+03,1.257441161238620930e+00
4.758000000000000000e+03,1.190780684604408668e+00
4.759000000000000000e+03,1.247629523779395289e+00
4.760000000000000000e+03,1.343273147928516931e+00
4.761000000000000000e+03,1.187032844065345039e+00
4.762000000000000000e+03,1.345535679170327459e+00
4.763000000000000000e+03,1.364154121383535978e+00
4.764000000000000000e+03,1.158636908892916262e+00
4.765000000000000000e+03,1.267255874188186526e+00
4.766000000000000000e+03,1.225880380670948400e+00
4.767000000000000000e+03,1.235332290234271380e+00
4.768000000000000000e+03,1.210457769205286027e+00
4.769000000000000000e+03,1.038894474343587504e+00
4.770000000000000000e+03,1.250514071948681361e+00
4.771000000000000000e+03,1.232493044560694972e+00
4.772000000000000000e+03,1.097502869642893009e+00
4.773000000000000000e+03,1.126473037039261937e+00
4.774000000000000000e+03,1.229850608965030734e+00
4.775000000000000000e+03,1.105365281494631979e+00
4.776000000000000000e+03,1.264512972709470828e+00
4.777000000000000000e+03,1.129190761302731438e+00
4.778000000000000000e+03,1.163298966872484907e+00
4.779000000000000000e+03,1.423243034074987534e+00
4.780000000000000000e+03,1.296961162381301547e+00
4.781000000000000000e+03,1.283803151646861762e+00
4.782000000000000000e+03,1.346688606794808951e+00
4.783000000000000000e+03,1.106502653026025795e+00
4.784000000000000000e+03,1.157731271678864360e+00
4.785000000000000000e+03,1.420429081335037758e+00
4.786000000000000000e+03,1.162146131867508592e+00
4.787000000000000000e+03,1.350566892899175864e+00
4.788000000000000000e+03,1.172718260222836095e+00
4.789000000000000000e+03,1.152098887543514527e+00
4.790000000000000000e+03,1.060431386616184080e+00
4.791000000000000000e+03,1.259893903489125444e+00
4.792000000000000000e+03,1.442396635755173184e+00
4.793000000000000000e+03,1.329308233524245209e+00
4.794000000000000000e+03,1.176798279599127195e+00
4.795000000000000000e+03,1.314365332851522350e+00
4.796000000000000000e+03,1.211579708689174861e+00
4.797000000000000000e+03,1.278746734333384927e+00
4.798000000000000000e+03,1.190650227118367432e+00
4.799000000000000000e+03,1.157740188644889701e+00
4.800000000000000000e+03,1.211591020909989158e+00
4.801000000000000000e+03,1.086266149930297242e+00
4.802000000000000000e+03,1.092059299720572474e+00
4.803000000000000000e+03,1.149677468567693372e+00
4.804000000000000000e+03,1.194948435632786854e+00
4.805000000000000000e+03,1.199063362706582314e+00
4.806000000000000000e+03,1.038433476255588239e+00
4.807000000000000000e+03,1.094663384819945184e+00
4.808000000000000000e+03,1.174534895206652774e+00
4.809000000000000000e+03,1.197947297220358864e+00
4.810000000000000000e+03,1.280323724426733811e+00
4.811000000000000000e+03,1.217619769586694822e+00
4.812000000000000000e+03,1.148614782102589160e+00
4.813000000000000000e+03,1.168506485728459277e+00
4.814000000000000000e+03,1.335331873787131807e+00
4.815000000000000000e+03,1.313755067332588622e+00
4.816000000000000000e+03,1.233015395252446300e+00
4.817000000000000000e+03,1.300787396109701177e+00
4.818000000000000000e+03,1.260654764051728494e+00
4.819000000000000000e+03,1.268450419399286266e+00
4.820000000000000000e+03,1.235441136530497364e+00
4.821000000000000000e+03,1.242125762077181950e+00
4.822000000000000000e+03,1.192592161498318815e+00
4.823000000000000000e+03,1.149793468749715553e+00
4.824000000000000000e+03,1.358519801402991334e+00
4.825000000000000000e+03,1.328345647351348635e+00
4.826000000000000000e+03,1.316348785740231842e+00
4.827000000000000000e+03,1.137260404177779183e+00
4.828000000000000000e+03,1.329355277394404400e+00
4.829000000000000000e+03,1.391344699787823380e+00
4.830000000000000000e+03,1.284649994640399306e+00
4.831000000000000000e+03,1.174512552464625159e+00
4.832000000000000000e+03,1.186691588933530106e+00
4.833000000000000000e+03,1.266234359771612583e+00
4.834000000000000000e+03,1.270106331769999208e+00
4.835000000000000000e+03,1.331345991114441629e+00
4.836000000000000000e+03,1.184267812459259606e+00
4.837000000000000000e+03,1.197892902587725628e+00
4.838000000000000000e+03,1.233929353307924970e+00
4.839000000000000000e+03,1.251918991935462300e+00
4.840000000000000000e+03,1.197779789868337552e+00
4.841000000000000000e+03,1.196536812791600735e+00
4.842000000000000000e+03,1.350662321753448802e+00
4.843000000000000000e+03,1.236940221113942862e+00
4.844000000000000000e+03,1.194667328191829414e+00
4.845000000000000000e+03,1.211790514986420098e+00
4.846000000000000000e+03,1.158948458184499541e+00
4.847000000000000000e+03,1.262298727169304691e+00
4.848000000000000000e+03,1.146440759304382162e+00
4.849000000000000000e+03,1.353377530453383049e+00
4.850000000000000000e+03,1.313542868254408580e+00
4.851000000000000000e+03,1.258575243954394018e+00
4.852000000000000000e+03,1.222860842684215132e+00
4.853000000000000000e+03,1.310816373443708160e+00
4.854000000000000000e+03,1.266780738053141064e+00
4.855000000000000000e+03,1.098525929548224145e+00
4.856000000000000000e+03,1.239704140427915435e+00
4.857000000000000000e+03,1.108389073438450056e+00
4.858000000000000000e+03,1.312035591276799140e+00
4.859000000000000000e+03,1.353077561510765081e+00
4.860000000000000000e+03,1.292949481023528913e+00
4.861000000000000000e+03,1.150456670013382254e+00
4.862000000000000000e+03,1.224671598444511567e+00
4.863000000000000000e+03,1.190848705941929486e+00
4.864000000000000000e+03,1.258675244042877006e+00
4.865000000000000000e+03,1.256383501645368383e+00
4.866000000000000000e+03,1.165206717420035343e+00
4.867000000000000000e+03,1.090227617304027952e+00
4.868000000000000000e+03,1.366843223989250289e+00
4.869000000000000000e+03,1.362037782547193876e+00
4.870000000000000000e+03,1.250852400691584432e+00
4.871000000000000000e+03,1.193391874432563782e+00
4.872000000000000000e+03,1.320385473899564177e+00
4.873000000000000000e+03,1.223174003606493310e+00
4.874000000000000000e+03,1.372851153160516979e+00
4.875000000000000000e+03,1.229911774726962337e+00
4.876000000000000000e+03,1.245643727013127533e+00
4.877000000000000000e+03,1.305917587010457126e+00
4.878000000000000000e+03,1.472931085812924090e+00
4.879000000000000000e+03,1.223531161194006955e+00
4.880000000000000000e+03,1.360958994669504873e+00
4.881000000000000000e+03,1.278127077283179203e+00
4.882000000000000000e+03,1.358727703247668783e+00
4.883000000000000000e+03,1.324045061279034874e+00
4.884000000000000000e+03,1.361158117456514383e+00
4.885000000000000000e+03,1.315838796385376819e+00
4.886000000000000000e+03,1.253261559412835568e+00
4.887000000000000000e+03,1.252150744767134283e+00
4.888000000000000000e+03,1.297844716996149117e+00
4.889000000000000000e+03,1.287126036649130834e+00
4.890000000000000000e+03,1.235419328693686092e+00
4.891000000000000000e+03,1.167942724332831750e+00
4.892000000000000000e+03,1.130219574486855949e+00
4.893000000000000000e+03,1.186150995534214880e+00
4.894000000000000000e+03,1.270866635643693954e+00
4.895000000000000000e+03,1.302654564261654047e+00
4.896000000000000000e+03,1.311736986456442766e+00
4.897000000000000000e+03,1.337003916044925633e+00
4.898000000000000000e+03,1.315274539876292170e+00
4.899000000000000000e+03,1.225016268114387685e+00
4.900000000000000000e+03,1.187919741396059381e+00
4.901000000000000000e+03,1.231453481504596326e+00
4.902000000000000000e+03,1.264556367505250245e+00
4.903000000000000000e+03,1.229081392724383770e+00
4.904000000000000000e+03,1.284009380534302691e+00
4.905000000000000000e+03,1.272349346442086970e+00
4.906000000000000000e+03,1.332439266510124565e+00
4.907000000000000000e+03,1.282807980500568101e+00
4.908000000000000000e+03,1.042032229634036300e+00
4.909000000000000000e+03,1.298734355594420853e+00
4.910000000000000000e+03,1.387043232552241490e+00
4.911000000000000000e+03,1.175968790850048684e+00
4.912000000000000000e+03,1.224374040584538026e+00
4.913000000000000000e+03,1.323496005226944883e+00
4.914000000000000000e+03,1.476872053236240712e+00
4.915000000000000000e+03,1.161901371442468633e+00
4.916000000000000000e+03,1.281262571423994023e+00
4.917000000000000000e+03,1.182579269753120110e+00
4.918000000000000000e+03,1.165365954789191916e+00
4.919000000000000000e+03,1.165429722813681401e+00
4.920000000000000000e+03,1.345323842986521301e+00
4.921000000000000000e+03,1.228024503792594091e+00
4.922000000000000000e+03,1.283862359245492968e+00
4.923000000000000000e+03,1.039840123151165585e+00
4.924000000000000000e+03,1.213512172152433344e+00
4.925000000000000000e+03,1.189681866543165212e+00
4.926000000000000000e+03,1.334718459565240156e+00
4.927000000000000000e+03,1.278223271758417656e+00
4.928000000000000000e+03,1.298702929446618803e+00
4.929000000000000000e+03,1.184729208543834122e+00
4.930000000000000000e+03,1.233996602684282351e+00
4.931000000000000000e+03,1.229335357693594588e+00
4.932000000000000000e+03,1.141642507540203244e+00
4.933000000000000000e+03,1.152328880570760106e+00
4.934000000000000000e+03,1.152073939913143219e+00
4.935000000000000000e+03,1.116119617050643331e+00
4.936000000000000000e+03,1.124000802065377558e+00
4.937000000000000000e+03,1.329293039445688995e+00
4.938000000000000000e+03,1.257839196196663734e+00
4.939000000000000000e+03,1.274384460692221444e+00
4.940000000000000000e+03,1.361499291943428114e+00
4.941000000000000000e+03,1.285627473419394873e+00
4.942000000000000000e+03,1.194632841042933880e+00
4.943000000000000000e+03,1.094857800114884538e+00
4.944000000000000000e+03,1.127487407621047710e+00
4.945000000000000000e+03,1.186806888170311325e+00
4.946000000000000000e+03,1.058757446342258657e+00
4.947000000000000000e+03,1.155061107771051310e+00
4.948000000000000000e+03,1.081503395675910584e+00
4.949000000000000000e+03,1.158736514146048391e+00
4.950000000000000000e+03,1.184693901028892604e+00
4.951000000000000000e+03,1.128818632304700920e+00
4.952000000000000000e+03,1.052616006257508730e+00
4.953000000000000000e+03,1.206408761317634637e+00
4.954000000000000000e+03,1.212604031747313904e+00
4.955000000000000000e+03,1.193951150798811423e+00
4.956000000000000000e+03,1.164844068795534149e+00
4.957000000000000000e+03,1.156321165713550370e+00
4.958000000000000000e+03,1.286716422904091939e+00
4.959000000000000000e+03,1.239772749899745286e+00
4.960000000000000000e+03,1.246627689890094093e+00
4.961000000000000000e+03,1.182143671466963308e+00
4.962000000000000000e+03,1.183130693304749403e+00
4.963000000000000000e+03,1.251954310134074211e+00
4.964000000000000000e+03,1.259920085467337136e+00
4.965000000000000000e+03,1.236143750086003079e+00
4.966000000000000000e+03,1.377003701350205001e+00
4.967000000000000000e+03,1.207108156994170400e+00
4.968000000000000000e+03,1.277376296838504954e+00
4.969000000000000000e+03,1.293169160636970183e+00
4.970000000000000000e+03,1.184257299944684094e+00
4.971000000000000000e+03,1.311564244030016813e+00
4.972000000000000000e+03,1.170758820380624288e+00
4.973000000000000000e+03,1.242840183313747904e+00
4.974000000000000000e+03,1.339537000885952844e+00
4.975000000000000000e+03,1.191817345385550286e+00
4.976000000000000000e+03,1.334544028169246443e+00
4.977000000000000000e+03,1.264050277461942873e+00
4.978000000000000000e+03,1.244762764390811904e+00
4.979000000000000000e+03,1.128028919441686595e+00
4.980000000000000000e+03,1.216771396609943157e+00
4.981000000000000000e+03,1.172005691775311664e+00
4.982000000000000000e+03,1.223299463469054160e+00
4.983000000000000000e+03,1.165327334171590401e+00
4.984000000000000000e+03,1.174371699462826157e+00
4.985000000000000000e+03,1.155257648251164504e+00
4.986000000000000000e+03,1.180413612774783294e+00
4.987000000000000000e+03,1.107417487019084268e+00
4.988000000000000000e+03,1.163524050469754600e+00
4.989000000000000000e+03,1.384938316312084083e+00
4.990000000000000000e+03,1.218390428390235591e+00
4.991000000000000000e+03,1.277033479362187141e+00
4.992000000000000000e+03,1.261812766549581966e+00
4.993000000000000000e+03,1.177856383275108998e+00
4.994000000000000000e+03,1.305308670483025679e+00
4.995000000000000000e+03,1.115382219743285219e+00
4.996000000000000000e+03,1.113838974494758105e+00
4.997000000000000000e+03,1.174528041109395016e+00
4.998000000000000000e+03,1.175479241675214448e+00
4.999000000000000000e+03,1.335631942207119671e+00
5.000000000000000000e+03,1.188312935520089431e+00
5.001000000000000000e+03,1.194242684493012074e+00
5.002000000000000000e+03,1.132909877314022262e+00
5.003000000000000000e+03,1.250365196943157065e+00
5.004000000000000000e+03,1.258384659315018528e+00
5.005000000000000000e+03,1.280440549174854281e+00
5.006000000000000000e+03,1.105560341125667145e+00
5.007000000000000000e+03,1.207122139411369588e+00
5.008000000000000000e+03,1.147000511076595286e+00
5.009000000000000000e+03,1.131229900468387006e+00
5.010000000000000000e+03,1.272617498244880352e+00
5.011000000000000000e+03,1.267741229068239717e+00
5.012000000000000000e+03,1.161653458593951305e+00
5.013000000000000000e+03,1.312670786135503587e+00
5.014000000000000000e+03,1.309983094883071297e+00
5.015000000000000000e+03,1.364932554463768044e+00
5.016000000000000000e+03,1.349015416232315578e+00
5.017000000000000000e+03,1.281890492113860525e+00
5.018000000000000000e+03,1.293737937251132619e+00
5.019000000000000000e+03,1.239980812507171626e+00
5.020000000000000000e+03,1.418560580153936268e+00
5.021000000000000000e+03,1.388460849972392275e+00
5.022000000000000000e+03,1.155820418192172960e+00
5.023000000000000000e+03,1.319309243451723734e+00
5.024000000000000000e+03,1.221326615904518853e+00
5.025000000000000000e+03,1.250032924282646896e+00
5.026000000000000000e+03,1.265798175024330563e+00
5.027000000000000000e+03,1.182638169233195757e+00
5.028000000000000000e+03,1.384430572563533302e+00
5.029000000000000000e+03,1.218740492553515020e+00
5.030000000000000000e+03,1.211289733116511114e+00
5.031000000000000000e+03,1.136652383790112797e+00
5.032000000000000000e+03,1.302622503116459773e+00
5.033000000000000000e+03,1.232405335341912211e+00
5.034000000000000000e+03,1.137628230110066641e+00
5.035000000000000000e+03,1.136784424470999033e+00
5.036000000000000000e+03,1.257508920092177629e+00
5.037000000000000000e+03,1.401199003834979750e+00
5.038000000000000000e+03,1.265888709449218830e+00
5.039000000000000000e+03,1.176684206972074209e+00
5.040000000000000000e+03,1.196444335016498384e+00
5.041000000000000000e+03,1.391309856985539106e+00
5.042000000000000000e+03,1.317707503498932731e+00
5.043000000000000000e+03,1.213668255745404601e+00
5.044000000000000000e+03,1.397513961560592932e+00
5.045000000000000000e+03,1.366021933123031884e+00
5.046000000000000000e+03,1.498263973609895494e+00
5.047000000000000000e+03,1.370111062187419071e+00
5.048000000000000000e+03,1.358738698865493033e+00
5.049000000000000000e+03,1.238628167767921173e+00
5.050000000000000000e+03,1.267779478716872132e+00
5.051000000000000000e+03,1.098384547813081813e+00
5.052000000000000000e+03,1.324217173854675300e+00
5.053000000000000000e+03,1.148849580143902704e+00
5.054000000000000000e+03,1.225122652702762549e+00
5.055000000000000000e+03,1.192521541324333523e+00
5.056000000000000000e+03,1.212397273389343999e+00
5.057000000000000000e+03,1.378056712918456883e+00
5.058000000000000000e+03,1.105033179693359235e+00
5.059000000000000000e+03,1.329372573658093026e+00
5.060000000000000000e+03,1.279354678323973316e+00
5.061000000000000000e+03,1.391201972964383859e+00
5.062000000000000000e+03,1.220740055970916282e+00
5.063000000000000000e+03,1.275658179318687857e+00
5.064000000000000000e+03,1.324231368106919771e+00
5.065000000000000000e+03,1.253821741546347734e+00
5.066000000000000000e+03,1.280503917111276646e+00
5.067000000000000000e+03,1.282410085768823871e+00
5.068000000000000000e+03,1.226989936425262773e+00
5.069000000000000000e+03,1.229043305741473135e+00
5.070000000000000000e+03,1.250597005435952536e+00
5.071000000000000000e+03,1.273636111374238267e+00
5.072000000000000000e+03,1.214683543116171105e+00
5.073000000000000000e+03,1.276135158041620032e+00
5.074000000000000000e+03,1.472418556811543766e+00
5.075000000000000000e+03,1.227516890682001538e+00
5.076000000000000000e+03,1.260965314770945644e+00
5.077000000000000000e+03,1.419381588076233713e+00
5.078000000000000000e+03,1.209651661017570046e+00
5.079000000000000000e+03,1.375780592387690904e+00
5.080000000000000000e+03,1.264067304119673940e+00
5.081000000000000000e+03,1.059263136509002390e+00
5.082000000000000000e+03,1.078334555854127741e+00
5.083000000000000000e+03,1.161597678552288126e+00
5.084000000000000000e+03,1.270427637186844150e+00
5.085000000000000000e+03,1.306124424048199506e+00
5.086000000000000000e+03,1.404303985397945986e+00
5.087000000000000000e+03,1.162489168188815203e+00
5.088000000000000000e+03,1.347378103512140823e+00
5.089000000000000000e+03,1.149447861153844341e+00
5.090000000000000000e+03,1.294233283480881180e+00
5.091000000000000000e+03,1.186758452106351225e+00
5.092000000000000000e+03,1.186805632521961806e+00
5.093000000000000000e+03,1.160900394933739088e+00
5.094000000000000000e+03,1.166110143781883934e+00
5.095000000000000000e+03,1.214763289227600795e+00
5.096000000000000000e+03,1.431576686094469197e+00
5.097000000000000000e+03,1.261232237595030448e+00
5.098000000000000000e+03,1.129420851408904802e+00
5.099000000000000000e+03,1.278565509513031939e+00
5.100000000000000000e+03,1.138954426468775649e+00
5.101000000000000000e+03,1.310403487400032985e+00
5.102000000000000000e+03,1.222822332236730647e+00
5.103000000000000000e+03,1.109043005438708596e+00
5.104000000000000000e+03,1.258099050954705644e+00
5.105000000000000000e+03,1.199256750304522834e+00
5.106000000000000000e+03,1.355995029955529896e+00
5.107000000000000000e+03,1.196777608724059139e+00
5.108000000000000000e+03,1.132031188563149771e+00
5.109000000000000000e+03,1.234571959963640886e+00
5.110000000000000000e+03,1.109061468347761981e+00
5.111000000000000000e+03,1.167796402639465159e+00
5.112000000000000000e+03,1.358613376259960370e+00
5.113000000000000000e+03,1.389530604895045318e+00
5.114000000000000000e+03,1.308418143297102931e+00
5.115000000000000000e+03,1.352291771530872211e+00
5.116000000000000000e+03,1.348373310977867945e+00
5.117000000000000000e+03,1.278510522593688803e+00
5.118000000000000000e+03,1.212380537758466881e+00
5.119000000000000000e+03,1.223602327364535114e+00
5.120000000000000000e+03,1.284959852561014859e+00
5.121000000000000000e+03,1.145817630741896576e+00
5.122000000000000000e+03,1.162723626710806535e+00
5.123000000000000000e+03,1.409063210776438257e+00
5.124000000000000000e+03,1.273413512299264694e+00
5.125000000000000000e+03,1.296244920340278828e+00
5.126000000000000000e+03,1.111269069309002822e+00
5.127000000000000000e+03,1.243774109637960201e+00
5.128000000000000000e+03,1.123046714448910022e+00
5.129000000000000000e+03,1.179950139860082903e+00
5.130000000000000000e+03,1.264044641169145056e+00
5.131000000000000000e+03,1.249587160616265846e+00
5.132000000000000000e+03,1.329124133442681321e+00
5.133000000000000000e+03,1.351333193413313927e+00
5.134000000000000000e+03,1.310226288563419272e+00
5.135000000000000000e+03,1.195478151908113906e+00
5.136000000000000000e+03,1.377819130416829685e+00
5.137000000000000000e+03,1.217107620940555135e+00
5.138000000000000000e+03,1.242938270297456738e+00
5.139000000000000000e+03,1.219239512702295469e+00
5.140000000000000000e+03,1.275152645588825795e+00
5.141000000000000000e+03,1.226923513844166536e+00
5.142000000000000000e+03,1.305469207930928244e+00
5.143000000000000000e+03,1.176974949784305835e+00
5.144000000000000000e+03,1.163043017335404050e+00
5.145000000000000000e+03,1.421204469128050096e+00
5.146000000000000000e+03,1.324265212390178581e+00
5.147000000000000000e+03,1.512211259801540031e+00
5.148000000000000000e+03,1.474781381356297105e+00
5.149000000000000000e+03,1.187366365198213813e+00
5.150000000000000000e+03,1.221632916481256936e+00
5.151000000000000000e+03,1.351801842983147095e+00
5.152000000000000000e+03,1.242388312894560976e+00
5.153000000000000000e+03,1.159569958246267296e+00
5.154000000000000000e+03,1.207403391119585168e+00
5.155000000000000000e+03,1.112750674492859027e+00
5.156000000000000000e+03,1.136335499169587315e+00
5.157000000000000000e+03,1.223653185226359019e+00
5.158000000000000000e+03,1.269626443224270096e+00
5.159000000000000000e+03,1.245146528973919642e+00
5.160000000000000000e+03,1.139483623705913162e+00
5.161000000000000000e+03,1.184678831252509834e+00
5.162000000000000000e+03,1.153431682483690102e+00
5.163000000000000000e+03,1.480654283102647462e+00
5.164000000000000000e+03,1.282738214708601276e+00
5.165000000000000000e+03,1.346649440698999278e+00
5.166000000000000000e+03,1.212058736147362925e+00
5.167000000000000000e+03,1.272426242823712528e+00
5.168000000000000000e+03,1.216225867266824023e+00
5.169000000000000000e+03,1.323178309358018945e+00
5.170000000000000000e+03,1.246283389411277032e+00
5.171000000000000000e+03,1.197556475964665967e+00
5.172000000000000000e+03,1.133562180787691220e+00
5.173000000000000000e+03,1.273655578436651448e+00
5.174000000000000000e+03,1.240062144076352402e+00
5.175000000000000000e+03,1.184696611898787166e+00
5.176000000000000000e+03,1.275741523424340995e+00
5.177000000000000000e+03,1.298064025520866194e+00
5.178000000000000000e+03,1.346267625465550122e+00
5.179000000000000000e+03,1.377668389975289953e+00
5.180000000000000000e+03,1.231377153651746825e+00
5.181000000000000000e+03,1.307426044007106825e+00
5.182000000000000000e+03,1.315563793032197282e+00
5.183000000000000000e+03,1.037348159487200716e+00
5.184000000000000000e+03,1.114786073203975381e+00
5.185000000000000000e+03,1.099796234881200041e+00
5.186000000000000000e+03,1.186756158930718952e+00
5.187000000000000000e+03,1.183451255320830953e+00
5.188000000000000000e+03,1.209727535244758734e+00
5.189000000000000000e+03,1.414542281566393944e+00
5.190000000000000000e+03,1.137466502279905756e+00
5.191000000000000000e+03,1.140642359565283259e+00
5.192000000000000000e+03,1.106298882040561482e+00
5.193000000000000000e+03,1.132189486127682665e+00
5.194000000000000000e+03,1.358483375149510008e+00
5.195000000000000000e+03,1.327334904746122923e+00
5.196000000000000000e+03,1.267879440713021166e+00
5.197000000000000000e+03,1.252806507675435110e+00
5.198000000000000000e+03,1.191838553887157426e+00
5.199000000000000000e+03,1.286615426646503524e+00
5.200000000000000000e+03,1.238347966786947252e+00
5.201000000000000000e+03,1.247088967287601990e+00
5.202000000000000000e+03,1.157615809231523185e+00
5.203000000000000000e+03,1.243712277679520861e+00
5.204000000000000000e+03,1.276913194225043791e+00
5.205000000000000000e+03,1.080326735379639969e+00
5.206000000000000000e+03,1.282016080793768165e+00
5.207000000000000000e+03,1.234631126674777590e+00
5.208000000000000000e+03,1.226242270022936065e+00
5.209000000000000000e+03,1.267740635506018565e+00
5.210000000000000000e+03,1.235064406414801530e+00
5.211000000000000000e+03,1.277969408013521990e+00
5.212000000000000000e+03,1.176115318940433419e+00
5.213000000000000000e+03,1.254261176680695700e+00
5.214000000000000000e+03,1.204650248647319177e+00
5.215000000000000000e+03,1.168669564412815109e+00
5.216000000000000000e+03,1.190745418350551921e+00
5.217000000000000000e+03,1.166099129722560468e+00
5.218000000000000000e+03,1.222332266200148787e+00
5.219000000000000000e+03,1.349439490513377971e+00
5.220000000000000000e+03,1.055341805468483329e+00
5.221000000000000000e+03,1.185091591980303560e+00
5.222000000000000000e+03,1.269515604725237390e+00
5.223000000000000000e+03,1.128852600131573292e+00
5.224000000000000000e+03,1.170637184664603314e+00
5.225000000000000000e+03,1.284051898048931051e+00
5.226000000000000000e+03,1.136672063546682709e+00
5.227000000000000000e+03,1.406524316336077884e+00
5.228000000000000000e+03,1.267713563809014898e+00
5.229000000000000000e+03,1.267313739504535297e+00
5.230000000000000000e+03,1.166543188502334072e+00
5.231000000000000000e+03,1.221929279548501501e+00
5.232000000000000000e+03,1.112104686595056791e+00
5.233000000000000000e+03,1.279675007021421118e+00
5.234000000000000000e+03,1.214803355950604624e+00
5.235000000000000000e+03,1.088028524700694444e+00
5.236000000000000000e+03,1.141245343458178407e+00
5.237000000000000000e+03,1.142547153141616700e+00
5.238000000000000000e+03,1.173511121254299905e+00
5.239000000000000000e+03,1.218914037287668561e+00
5.240000000000000000e+03,1.350478836410768713e+00
5.241000000000000000e+03,1.237500482842471161e+00
5.242000000000000000e+03,1.084181709030211715e+00
5.243000000000000000e+03,1.031094394446270490e+00
5.244000000000000000e+03,1.141656369195590770e+00
5.245000000000000000e+03,1.207780367224696727e+00
5.246000000000000000e+03,1.284600193750258246e+00
5.247000000000000000e+03,1.374029352952397920e+00
5.248000000000000000e+03,1.249767819310149131e+00
5.249000000000000000e+03,1.299997046454447025e+00
5.250000000000000000e+03,1.256286472277086119e+00
5.251000000000000000e+03,1.245975538275822858e+00
5.252000000000000000e+03,1.215240027049325544e+00
5.253000000000000000e+03,1.240751638297911352e+00
5.254000000000000000e+03,1.265140143667107253e+00
5.255000000000000000e+03,1.182964337837346003e+00
5.256000000000000000e+03,1.253491277112835478e+00
5.257000000000000000e+03,1.144141352528011524e+00
5.258000000000000000e+03,1.172381096920971810e+00
5.259000000000000000e+03,1.253320804301250480e+00
5.260000000000000000e+03,1.109666909934708512e+00
5.261000000000000000e+03,1.224880087038036525e+00
5.262000000000000000e+03,1.143067974583188651e+00
5.263000000000000000e+03,1.078790244330426917e+00
5.264000000000000000e+03,1.226879525868475929e+00
5.265000000000000000e+03,1.176019540565760080e+00
5.266000000000000000e+03,1.285791948453626210e+00
5.267000000000000000e+03,1.345338759094965253e+00
5.268000000000000000e+03,1.265960471800310794e+00
5.269000000000000000e+03,1.073470499515094545e+00
5.270000000000000000e+03,1.090156973307937038e+00
5.271000000000000000e+03,1.228571931857493471e+00
5.272000000000000000e+03,1.214229813836167571e+00
5.273000000000000000e+03,1.196882578989893586e+00
5.274000000000000000e+03,1.162233698864650666e+00
5.275000000000000000e+03,1.207889380918903521e+00
5.276000000000000000e+03,1.200128636958428752e+00
5.277000000000000000e+03,1.249947094214893140e+00
5.278000000000000000e+03,1.407749087026974433e+00
5.279000000000000000e+03,1.110561565418162866e+00
5.280000000000000000e+03,1.191768246137472120e+00
5.281000000000000000e+03,1.185841121838130396e+00
5.282000000000000000e+03,1.191580906012343677e+00
5.283000000000000000e+03,1.203195621399876902e+00
5.284000000000000000e+03,1.138044112482486048e+00
5.285000000000000000e+03,1.227475739428945278e+00
5.286000000000000000e+03,1.323742030262023972e+00
5.287000000000000000e+03,1.192645554655502593e+00
5.288000000000000000e+03,1.168193046295286308e+00
5.289000000000000000e+03,1.319597316591534675e+00
5.290000000000000000e+03,1.159932987090604772e+00
5.291000000000000000e+03,1.220904182880109268e+00
5.292000000000000000e+03,1.217036736521347029e+00
5.293000000000000000e+03,1.184326933529018078e+00
5.294000000000000000e+03,1.275434383810364336e+00
5.295000000000000000e+03,1.273164724899965350e+00
5.296000000000000000e+03,1.157274885558104316e+00
5.297000000000000000e+03,1.190984807908535004e+00
5.298000000000000000e+03,1.141469765833357686e+00
5.299000000000000000e+03,1.341230246328966258e+00
5.300000000000000000e+03,1.243396626713997755e+00
5.301000000000000000e+03,1.268117520797875653e+00
5.302000000000000000e+03,1.319019687882353464e+00
5.303000000000000000e+03,1.186295834536660321e+00
5.304000000000000000e+03,1.285943536371179752e+00
5.305000000000000000e+03,1.241497226330484205e+00
5.306000000000000000e+03,1.149913836368187781e+00
5.307000000000000000e+03,1.194901374376237779e+00
5.308000000000000000e+03,1.215212192781103484e+00
5.309000000000000000e+03,1.159504901548775058e+00
5.310000000000000000e+03,1.211626226690857289e+00
5.311000000000000000e+03,1.028897783744481043e+00
5.312000000000000000e+03,1.253598830819828480e+00
5.313000000000000000e+03,1.382668350775607902e+00
5.314000000000000000e+03,1.375633971430704872e+00
5.315000000000000000e+03,1.317094499789193573e+00
5.316000000000000000e+03,1.345925626955205123e+00
5.317000000000000000e+03,1.199525468190177691e+00
5.318000000000000000e+03,1.187325839502173963e+00
5.319000000000000000e+03,1.189786388509196824e+00
5.320000000000000000e+03,1.198897159824025671e+00
5.321000000000000000e+03,1.164133420079416004e+00
5.322000000000000000e+03,1.207176715934927813e+00
5.323000000000000000e+03,1.323045073128324534e+00
5.324000000000000000e+03,1.301058147905287621e+00
5.325000000000000000e+03,1.116493787707047103e+00
5.326000000000000000e+03,1.270481591546511080e+00
5.327000000000000000e+03,1.091364781991254196e+00
5.328000000000000000e+03,1.333917702195620114e+00
5.329000000000000000e+03,1.259765306035854460e+00
5.330000000000000000e+03,1.211510544945867629e+00
5.331000000000000000e+03,1.314580444240137203e+00
5.332000000000000000e+03,1.293919575922801934e+00
5.333000000000000000e+03,1.164407931240065475e+00
5.334000000000000000e+03,1.363123433589629840e+00
5.335000000000000000e+03,1.185380528783845477e+00
5.336000000000000000e+03,1.201751771465480179e+00
5.337000000000000000e+03,1.137496633916715405e+00
5.338000000000000000e+03,1.173399686962499633e+00
5.339000000000000000e+03,1.149857480794699072e+00
5.340000000000000000e+03,1.214503298305570578e+00
5.341000000000000000e+03,1.215578976392075239e+00
5.342000000000000000e+03,1.199733800165160513e+00
5.343000000000000000e+03,1.335249877141475583e+00
5.344000000000000000e+03,1.286920814958332215e+00
5.345000000000000000e+03,1.221367352258330152e+00
5.346000000000000000e+03,1.184139018344452454e+00
5.347000000000000000e+03,1.222909112362304151e+00
5.348000000000000000e+03,1.068748796838679294e+00
5.349000000000000000e+03,1.202737084641498200e+00
5.350000000000000000e+03,1.180363919887573498e+00
5.351000000000000000e+03,1.186209457785847299e+00
5.352000000000000000e+03,1.245670374715557527e+00
5.353000000000000000e+03,1.185656200506873370e+00
5.354000000000000000e+03,1.084128089922673066e+00
5.355000000000000000e+03,1.164420393059511172e+00
5.356000000000000000e+03,1.139285065473456093e+00
5.357000000000000000e+03,1.215644506659152579e+00
5.358000000000000000e+03,1.342028744846246457e+00
5.359000000000000000e+03,1.243048944802416678e+00
5.360000000000000000e+03,1.355439464961222473e+00
5.361000000000000000e+03,1.312517826363051254e+00
5.362000000000000000e+03,1.307887740340179183e+00
5.363000000000000000e+03,1.161980609032497114e+00
5.364000000000000000e+03,1.042949674011505845e+00
5.365000000000000000e+03,1.268470914896003165e+00
5.366000000000000000e+03,1.131276539197863418e+00
5.367000000000000000e+03,1.232303848281859571e+00
5.368000000000000000e+03,1.171022268736135796e+00
5.369000000000000000e+03,1.023726279973150355e+00
5.370000000000000000e+03,1.136139971922060177e+00
5.371000000000000000e+03,1.237991740307045507e+00
5.372000000000000000e+03,1.091075174450172103e+00
5.373000000000000000e+03,1.155557162623726430e+00
5.374000000000000000e+03,1.289357536257202730e+00
5.375000000000000000e+03,1.201113003253847067e+00
5.376000000000000000e+03,1.427614322540037284e+00
5.377000000000000000e+03,1.188780754447540611e+00
5.378000000000000000e+03,1.331329541579108433e+00
5.379000000000000000e+03,1.217395522593345047e+00
5.380000000000000000e+03,1.329019010751546270e+00
5.381000000000000000e+03,1.137980967153724432e+00
5.382000000000000000e+03,1.259272485678313291e+00
5.383000000000000000e+03,1.135086354142967213e+00
5.384000000000000000e+03,1.146816089404384176e+00
5.385000000000000000e+03,1.191103667881698636e+00
5.386000000000000000e+03,1.277406953659111943e+00
5.387000000000000000e+03,1.239594521537159766e+00
5.388000000000000000e+03,1.351169182099573707e+00
5.389000000000000000e+03,1.178346640201424878e+00
5.390000000000000000e+03,1.188483253194469569e+00
5.391000000000000000e+03,1.236743360609493747e+00
5.392000000000000000e+03,1.183686445466124448e+00
5.393000000000000000e+03,1.171817348078542098e+00
5.394000000000000000e+03,1.289991856733295084e+00
5.395000000000000000e+03,1.311011944524848483e+00
5.396000000000000000e+03,1.198937307949059505e+00
5.397000000000000000e+03,1.188722179376579424e+00
5.398000000000000000e+03,1.310425809240035377e+00
5.399000000000000000e+03,1.401179025299535974e+00
5.400000000000000000e+03,1.206997381575543038e+00
5.401000000000000000e+03,1.260922500999075657e+00
5.402000000000000000e+03,1.142995226427485189e+00
5.403000000000000000e+03,1.264252681138049228e+00
5.404000000000000000e+03,1.372054213547428292e+00
5.405000000000000000e+03,1.288558928081364963e+00
5.406000000000000000e+03,1.273547119022820251e+00
5.407000000000000000e+03,1.262277271594832273e+00
5.408000000000000000e+03,1.096611202786749173e+00
5.409000000000000000e+03,1.170266875102887072e+00
5.410000000000000000e+03,1.310171978553226424e+00
5.411000000000000000e+03,1.107155730581740327e+00
5.412000000000000000e+03,1.121302165430550613e+00
5.413000000000000000e+03,1.278483188917123758e+00
5.414000000000000000e+03,1.230800988827068565e+00
5.415000000000000000e+03,1.174938008544936130e+00
5.416000000000000000e+03,1.163710620367258253e+00
5.417000000000000000e+03,1.074801939965004394e+00
5.418000000000000000e+03,1.197224162515065693e+00
5.419000000000000000e+03,1.239347332407869207e+00
5.420000000000000000e+03,1.084070668349636168e+00
5.421000000000000000e+03,1.240752124582173099e+00
5.422000000000000000e+03,1.139513094531079629e+00
5.423000000000000000e+03,1.300104768169169756e+00
5.424000000000000000e+03,1.229993318137331038e+00
5.425000000000000000e+03,1.219808555675430117e+00
5.426000000000000000e+03,1.155496228860498409e+00
5.427000000000000000e+03,1.355248669111055460e+00
5.428000000000000000e+03,1.045754547741409191e+00
5.429000000000000000e+03,1.184275524759642151e+00
5.430000000000000000e+03,1.040275210869636036e+00
5.431000000000000000e+03,1.176803877904102791e+00
5.432000000000000000e+03,1.310641801314710975e+00
5.433000000000000000e+03,1.131806584199500199e+00
5.434000000000000000e+03,1.107769143428046554e+00
5.435000000000000000e+03,1.226480027171115150e+00
5.436000000000000000e+03,1.286208350994799687e+00
5.437000000000000000e+03,1.324616357916966081e+00
5.438000000000000000e+03,1.332574784046336669e+00
5.439000000000000000e+03,1.434300867561728143e+00
5.440000000000000000e+03,1.399396123412946835e+00
5.441000000000000000e+03,1.194050248476369314e+00
5.442000000000000000e+03,1.250889244036783365e+00
5.443000000000000000e+03,1.065087047029481315e+00
5.444000000000000000e+03,1.185268536965900843e+00
5.445000000000000000e+03,1.231543383895434829e+00
5.446000000000000000e+03,1.254068172548002513e+00
5.447000000000000000e+03,1.280573050423571058e+00
5.448000000000000000e+03,1.180512505747305374e+00
5.449000000000000000e+03,1.116747348418661634e+00
5.450000000000000000e+03,1.111764288991766048e+00
5.451000000000000000e+03,1.263375429965037489e+00
5.452000000000000000e+03,1.243391963866630867e+00
5.453000000000000000e+03,1.121460457766317864e+00
5.454000000000000000e+03,1.036644179289817114e+00
5.455000000000000000e+03,1.232720233412501587e+00
5.456000000000000000e+03,1.150814911417021857e+00
5.457000000000000000e+03,1.176583923130023246e+00
5.458000000000000000e+03,1.146189249318654069e+00
5.459000000000000000e+03,1.154145494419804630e+00
5.460000000000000000e+03,1.233015122183514611e+00
5.461000000000000000e+03,1.150879366436618145e+00
5.462000000000000000e+03,1.099029841924565210e+00
5.463000000000000000e+03,1.134040251357784301e+00
5.464000000000000000e+03,1.187225293027633910e+00
5.465000000000000000e+03,1.256013279764786050e+00
5.466000000000000000e+03,1.214976661510242639e+00
5.467000000000000000e+03,1.302922437550904533e+00
5.468000000000000000e+03,1.380166618210324714e+00
5.469000000000000000e+03,1.195723824043754435e+00
5.470000000000000000e+03,1.237548041095399842e+00
5.471000000000000000e+03,1.061964161788327088e+00
5.472000000000000000e+03,1.200275974086634667e+00
5.473000000000000000e+03,1.118818382259847644e+00
5.474000000000000000e+03,1.149717746537701757e+00
5.475000000000000000e+03,1.169719384466183509e+00
5.476000000000000000e+03,1.303215713027700673e+00
5.477000000000000000e+03,1.197023943880550112e+00
5.478000000000000000e+03,1.342195012485971173e+00
5.479000000000000000e+03,1.434176245211150391e+00
5.480000000000000000e+03,1.164448481270867752e+00
5.481000000000000000e+03,1.232762064031882598e+00
5.482000000000000000e+03,1.367759587470113836e+00
5.483000000000000000e+03,1.247886567720480233e+00
5.484000000000000000e+03,1.314119165960353941e+00
5.485000000000000000e+03,1.261380371938127576e+00
5.486000000000000000e+03,1.417632046631407627e+00
5.487000000000000000e+03,1.203383381722149537e+00
5.488000000000000000e+03,1.246981564369892270e+00
5.489000000000000000e+03,1.086457333015755200e+00
5.490000000000000000e+03,1.183983511544695277e+00
5.491000000000000000e+03,1.153505424772280463e+00
5.492000000000000000e+03,1.225360374049794920e+00
5.493000000000000000e+03,1.292535640405000574e+00
5.494000000000000000e+03,1.310615741977750659e+00
5.495000000000000000e+03,1.175006820995467383e+00
5.496000000000000000e+03,1.433648069974103656e+00
5.497000000000000000e+03,1.329641213501540298e+00
5.498000000000000000e+03,1.244497477899011662e+00
5.499000000000000000e+03,1.358058199709778480e+00
5.500000000000000000e+03,1.240515292098566258e+00
5.501000000000000000e+03,1.115703868413855382e+00
5.502000000000000000e+03,1.317442611980511602e+00
5.503000000000000000e+03,1.279513035266999887e+00
5.504000000000000000e+03,1.341853881988590347e+00
5.505000000000000000e+03,1.371525791762244095e+00
5.506000000000000000e+03,1.343562998042773904e+00
5.507000000000000000e+03,1.394062515729790119e+00
5.508000000000000000e+03,1.229825852841132106e+00
5.509000000000000000e+03,1.159677066594041683e+00
5.510000000000000000e+03,1.358340964396770545e+00
5.511000000000000000e+03,1.239987004432659301e+00
5.512000000000000000e+03,1.204564858791628223e+00
5.513000000000000000e+03,1.235739187087165236e+00
5.514000000000000000e+03,1.191564515779285349e+00
5.515000000000000000e+03,1.220681018489661041e+00
5.516000000000000000e+03,1.339086863089764989e+00
5.517000000000000000e+03,1.084525528918096837e+00
5.518000000000000000e+03,1.240678369711424311e+00
5.519000000000000000e+03,1.376691980277699567e+00
5.520000000000000000e+03,1.196054217894275240e+00
5.521000000000000000e+03,1.158835490887935027e+00
5.522000000000000000e+03,1.300895984569606423e+00
5.523000000000000000e+03,1.266679698388167630e+00
5.524000000000000000e+03,1.153927753941102585e+00
5.525000000000000000e+03,1.261283459815079278e+00
5.526000000000000000e+03,1.187959647147637687e+00
5.527000000000000000e+03,1.369888030795559875e+00
5.528000000000000000e+03,1.287606685815119389e+00
5.529000000000000000e+03,1.227242631539101181e+00
5.530000000000000000e+03,1.415193331517760056e+00
5.531000000000000000e+03,1.188026359547921906e+00
5.532000000000000000e+03,1.269242529411939602e+00
5.533000000000000000e+03,1.170840521052491257e+00
5.534000000000000000e+03,1.237643794651065887e+00
5.535000000000000000e+03,1.401653951466451886e+00
5.536000000000000000e+03,1.334892589946040875e+00
5.537000000000000000e+03,1.288124832886292204e+00
5.538000000000000000e+03,1.373349128622890047e+00
5.539000000000000000e+03,1.325177713162762005e+00
5.540000000000000000e+03,1.292298195078553036e+00
5.541000000000000000e+03,1.158209784112495644e+00
5.542000000000000000e+03,1.217147063103229732e+00
5.543000000000000000e+03,1.144981313302452675e+00
5.544000000000000000e+03,1.275734935996893693e+00
5.545000000000000000e+03,1.356767102430210148e+00
5.546000000000000000e+03,1.401794308247082954e+00
5.547000000000000000e+03,1.253431803074791295e+00
5.548000000000000000e+03,1.252584200736410081e+00
5.549000000000000000e+03,1.243537031842412821e+00
5.550000000000000000e+03,1.293076795378182764e+00
5.551000000000000000e+03,1.254364452607162450e+00
5.552000000000000000e+03,1.260682399296888745e+00
5.553000000000000000e+03,1.173335786733478603e+00
5.554000000000000000e+03,1.378368377936054490e+00
5.555000000000000000e+03,1.162331309810578528e+00
5.556000000000000000e+03,1.266917127378563546e+00
5.557000000000000000e+03,1.330362193808093174e+00
5.558000000000000000e+03,1.439037001700442131e+00
5.559000000000000000e+03,1.202279809103290020e+00
5.560000000000000000e+03,1.304886323434718776e+00
5.561000000000000000e+03,1.372986675753901320e+00
5.562000000000000000e+03,1.535259314895928151e+00
5.563000000000000000e+03,1.264720600421042285e+00
5.564000000000000000e+03,1.317616999672332589e+00
5.565000000000000000e+03,1.373144332088098718e+00
5.566000000000000000e+03,1.333374040595019183e+00
5.567000000000000000e+03,1.223047356391549823e+00
5.568000000000000000e+03,1.279312388435126291e+00
5.569000000000000000e+03,1.287709966818057827e+00
5.570000000000000000e+03,1.212727611007447415e+00
5.571000000000000000e+03,1.306555546067042384e+00
5.572000000000000000e+03,1.173797024613662421e+00
5.573000000000000000e+03,1.121797363978589201e+00
5.574000000000000000e+03,1.137286076706797822e+00
5.575000000000000000e+03,1.232714320307208178e+00
5.576000000000000000e+03,1.316347215957839323e+00
5.577000000000000000e+03,1.264549127362428083e+00
5.578000000000000000e+03,1.254616517285324084e+00
5.579000000000000000e+03,1.168725259834518804e+00
5.580000000000000000e+03,1.274489580238997499e+00
5.581000000000000000e+03,1.206716284117533622e+00
5.582000000000000000e+03,1.275061660368123295e+00
5.583000000000000000e+03,1.282369922998086498e+00
5.584000000000000000e+03,1.277529065085328819e+00
5.585000000000000000e+03,1.222006466979977723e+00
5.586000000000000000e+03,1.155954892677302670e+00
5.587000000000000000e+03,1.116922800749879929e+00
5.588000000000000000e+03,1.217996043800023243e+00
5.589000000000000000e+03,1.165457689463443414e+00
5.590000000000000000e+03,1.271472502409835448e+00
5.591000000000000000e+03,1.313803787472239026e+00
5.592000000000000000e+03,1.287864839522068872e+00
5.593000000000000000e+03,1.387030532886178724e+00
5.594000000000000000e+03,1.287509458579531474e+00
5.595000000000000000e+03,1.338660532916460921e+00
5.596000000000000000e+03,1.227743911433804680e+00
5.597000000000000000e+03,1.306060399761476809e+00
5.598000000000000000e+03,1.129028694211890782e+00
5.599000000000000000e+03,1.219879553381298276e+00
5.600000000000000000e+03,1.488337721981176864e+00
5.601000000000000000e+03,1.292604623717679591e+00
5.602000000000000000e+03,1.301301775377775360e+00
5.603000000000000000e+03,1.341487863917069756e+00
5.604000000000000000e+03,1.188714643143934158e+00
5.605000000000000000e+03,1.251806017967250106e+00
5.606000000000000000e+03,1.276905249042286750e+00
5.607000000000000000e+03,1.192931149610781949e+00
5.608000000000000000e+03,1.299455046644014455e+00
5.609000000000000000e+03,1.498144386143931195e+00
5.610000000000000000e+03,1.338288699064967169e+00
5.611000000000000000e+03,1.331314468895253178e+00
5.612000000000000000e+03,1.222151000163475887e+00
5.613000000000000000e+03,1.308384728065661307e+00
5.614000000000000000e+03,1.001624029258563864e+00
5.615000000000000000e+03,1.093507978760782429e+00
5.616000000000000000e+03,1.291577755280705508e+00
5.617000000000000000e+03,1.247236055959508372e+00
5.618000000000000000e+03,1.344347867868997293e+00
5.619000000000000000e+03,1.200723644038070637e+00
5.620000000000000000e+03,1.299923218433653549e+00
5.621000000000000000e+03,1.230643854972707896e+00
5.622000000000000000e+03,1.325438024767256584e+00
5.623000000000000000e+03,1.276481896990024678e+00
5.624000000000000000e+03,1.264768100580196730e+00
5.625000000000000000e+03,1.213558851693686158e+00
5.626000000000000000e+03,1.289846090562822845e+00
5.627000000000000000e+03,1.419679683318254781e+00
5.628000000000000000e+03,1.245720500126815011e+00
5.629000000000000000e+03,1.187775215742056023e+00
5.630000000000000000e+03,1.174496904780542472e+00
5.631000000000000000e+03,1.266772186086221108e+00
5.632000000000000000e+03,1.299653202782148353e+00
5.633000000000000000e+03,1.357062524290980621e+00
5.634000000000000000e+03,1.247874838273903553e+00
5.635000000000000000e+03,1.181565263823006751e+00
5.636000000000000000e+03,1.266677889634795884e+00
5.637000000000000000e+03,1.252202765338054080e+00
5.638000000000000000e+03,1.238023558595231055e+00
5.639000000000000000e+03,1.159993293375486845e+00
5.640000000000000000e+03,1.146352456887080873e+00
5.641000000000000000e+03,1.262097822751355514e+00
5.642000000000000000e+03,1.216766063543704535e+00
5.643000000000000000e+03,1.121237657975584945e+00
5.644000000000000000e+03,1.034884556947795131e+00
5.645000000000000000e+03,1.397509431717325779e+00
5.646000000000000000e+03,1.128532491425495055e+00
5.647000000000000000e+03,1.342435362749040184e+00
5.648000000000000000e+03,1.275779646033512682e+00
5.649000000000000000e+03,1.196301946730162546e+00
5.650000000000000000e+03,1.124430649496279022e+00
5.651000000000000000e+03,1.222569363960923639e+00
5.652000000000000000e+03,1.237998216313722200e+00
5.653000000000000000e+03,1.352672478763699671e+00
5.654000000000000000e+03,1.190734868192640628e+00
5.655000000000000000e+03,1.318048748329041286e+00
5.656000000000000000e+03,1.340879458929917778e+00
5.657000000000000000e+03,1.412876017713780019e+00
5.658000000000000000e+03,1.385922672955336443e+00
5.659000000000000000e+03,1.329102329625061030e+00
5.660000000000000000e+03,1.378392642546305780e+00
5.661000000000000000e+03,1.367233716803159194e+00
5.662000000000000000e+03,1.167068391300157604e+00
5.663000000000000000e+03,1.234735924222880588e+00
5.664000000000000000e+03,1.222932065277432923e+00
5.665000000000000000e+03,1.145094075185326910e+00
5.666000000000000000e+03,1.106075681259709675e+00
5.667000000000000000e+03,1.148535731766319401e+00
5.668000000000000000e+03,1.275255406036167605e+00
5.669000000000000000e+03,1.195747205570767635e+00
5.670000000000000000e+03,1.235041623301116998e+00
5.671000000000000000e+03,1.282143913943809110e+00
5.672000000000000000e+03,1.200873827573723629e+00
5.673000000000000000e+03,1.161673206676558268e+00
5.674000000000000000e+03,1.298210907235291200e+00
5.675000000000000000e+03,1.195179584271324202e+00
5.676000000000000000e+03,1.138145695611563424e+00
5.677000000000000000e+03,1.227063737523677034e+00
5.678000000000000000e+03,1.260311106404267578e+00
5.679000000000000000e+03,1.373058969316885758e+00
5.680000000000000000e+03,1.228659992854084226e+00
5.681000000000000000e+03,1.349655074484934492e+00
5.682000000000000000e+03,1.158826880729814546e+00
5.683000000000000000e+03,1.241443007196906700e+00
5.684000000000000000e+03,1.283589798710633501e+00
5.685000000000000000e+03,1.335206916888404649e+00
5.686000000000000000e+03,1.166666122052110399e+00
5.687000000000000000e+03,1.342471104422889416e+00
5.688000000000000000e+03,1.188971488258694587e+00
5.689000000000000000e+03,1.195434429844055124e+00
5.690000000000000000e+03,1.287274944141686639e+00
5.691000000000000000e+03,1.241950679144470993e+00
5.692000000000000000e+03,1.199392576052685122e+00
5.693000000000000000e+03,1.308494292850392426e+00
5.694000000000000000e+03,1.214126645013919870e+00
5.695000000000000000e+03,1.235879121564966043e+00
5.696000000000000000e+03,1.103590812314431568e+00
5.697000000000000000e+03,1.123633819041090387e+00
5.698000000000000000e+03,1.088649641358881315e+00
5.699000000000000000e+03,1.135372368950534172e+00
5.700000000000000000e+03,1.233898032846436843e+00
5.701000000000000000e+03,1.258330715235254083e+00
5.702000000000000000e+03,1.278494620902204337e+00
5.703000000000000000e+03,1.213444354242003920e+00
5.704000000000000000e+03,1.323008151158793444e+00
5.705000000000000000e+03,1.106704884874834871e+00
5.706000000000000000e+03,1.264516068186389619e+00
5.707000000000000000e+03,1.247227446251829353e+00
5.708000000000000000e+03,1.289503579412121237e+00
5.709000000000000000e+03,1.082006680279909094e+00
5.710000000000000000e+03,1.151825621211972850e+00
5.711000000000000000e+03,1.124543144917077298e+00
5.712000000000000000e+03,1.151299045264881249e+00
5.713000000000000000e+03,1.304238442818540733e+00
5.714000000000000000e+03,1.204969448269512799e+00
5.715000000000000000e+03,1.119260347364890329e+00
5.716000000000000000e+03,1.176372973442833425e+00
5.717000000000000000e+03,1.381076525721401271e+00
5.718000000000000000e+03,1.247580493677437952e+00
5.719000000000000000e+03,1.324444023973297080e+00
5.720000000000000000e+03,1.108311567702292555e+00
5.721000000000000000e+03,1.240969528643353303e+00
5.722000000000000000e+03,1.237653894901641127e+00
5.723000000000000000e+03,1.382383813194169031e+00
5.724000000000000000e+03,1.188396854625469068e+00
5.725000000000000000e+03,1.098094899998309781e+00
5.726000000000000000e+03,1.075044345774651466e+00
5.727000000000000000e+03,1.115991704737611112e+00
5.728000000000000000e+03,1.156799083795650329e+00
5.729000000000000000e+03,1.292844388454476912e+00
5.730000000000000000e+03,1.151884298386542715e+00
5.731000000000000000e+03,1.100862993720773897e+00
5.732000000000000000e+03,1.098120651434206119e+00
5.733000000000000000e+03,1.173969451079649007e+00
5.734000000000000000e+03,1.221952951435270718e+00
5.735000000000000000e+03,1.308958070925780426e+00
5.736000000000000000e+03,1.174104970041471629e+00
5.737000000000000000e+03,1.233398302673976765e+00
5.738000000000000000e+03,1.141767413689865673e+00
5.739000000000000000e+03,1.199569899738636369e+00
5.740000000000000000e+03,1.140868882327216394e+00
5.741000000000000000e+03,1.202212931259275752e+00
5.742000000000000000e+03,1.173276492661880388e+00
5.743000000000000000e+03,1.165416945584717645e+00
5.744000000000000000e+03,1.250378947991965584e+00
5.745000000000000000e+03,1.265563639536782414e+00
5.746000000000000000e+03,1.306166545504555687e+00
5.747000000000000000e+03,1.213308046166174270e+00
5.748000000000000000e+03,1.147235739123330100e+00
5.749000000000000000e+03,1.214708547944348016e+00
5.750000000000000000e+03,1.271413330957064547e+00
5.751000000000000000e+03,1.243304616731847334e+00
5.752000000000000000e+03,1.148707032889665802e+00
5.753000000000000000e+03,1.297133343509488057e+00
5.754000000000000000e+03,1.053667955706564019e+00
5.755000000000000000e+03,1.253332059266576204e+00
5.756000000000000000e+03,1.093678894253413247e+00
5.757000000000000000e+03,1.377984551847988737e+00
5.758000000000000000e+03,1.312819020728939412e+00
5.759000000000000000e+03,1.335139055245796458e+00
5.760000000000000000e+03,1.201510992714396542e+00
5.761000000000000000e+03,1.143629577416271914e+00
5.762000000000000000e+03,1.261871513037333470e+00
5.763000000000000000e+03,1.232210048860545859e+00
5.764000000000000000e+03,1.369159806417167724e+00
5.765000000000000000e+03,1.180349677736626690e+00
5.766000000000000000e+03,1.306775151181500449e+00
5.767000000000000000e+03,1.248340667045453767e+00
5.768000000000000000e+03,1.340394207671929738e+00
5.769000000000000000e+03,1.255748764826576380e+00
5.770000000000000000e+03,1.379332013542193369e+00
5.771000000000000000e+03,1.238817572143104506e+00
5.772000000000000000e+03,1.297150135325262132e+00
5.773000000000000000e+03,1.142178249905615006e+00
5.774000000000000000e+03,1.276873684931569386e+00
5.775000000000000000e+03,1.314384940049714068e+00
5.776000000000000000e+03,1.094488954331466202e+00
5.777000000000000000e+03,1.251228106190253930e+00
5.778000000000000000e+03,1.192245509125746450e+00
5.779000000000000000e+03,1.140023706792892000e+00
5.780000000000000000e+03,1.348462421853573900e+00
5.781000000000000000e+03,1.171330461931723965e+00
5.782000000000000000e+03,1.311874692539730214e+00
5.783000000000000000e+03,1.243952547332184189e+00
5.784000000000000000e+03,1.311451213188291831e+00
5.785000000000000000e+03,1.165526676166909414e+00
5.786000000000000000e+03,1.187069660362302770e+00
5.787000000000000000e+03,1.232734368976919237e+00
5.788000000000000000e+03,1.343175598111320479e+00
5.789000000000000000e+03,1.327888704437980127e+00
5.790000000000000000e+03,1.360662748132112965e+00
5.791000000000000000e+03,1.249904437761583997e+00
5.792000000000000000e+03,1.290101761027185878e+00
5.793000000000000000e+03,1.189969416096287480e+00
5.794000000000000000e+03,1.212381283710348034e+00
5.795000000000000000e+03,1.217539781495474482e+00
5.796000000000000000e+03,1.363392146286262596e+00
5.797000000000000000e+03,1.316352225656594488e+00
5.798000000000000000e+03,1.236174398650735862e+00
5.799000000000000000e+03,1.140835494212481871e+00
5.800000000000000000e+03,1.355100908378744196e+00
5.801000000000000000e+03,1.279206953005059821e+00
5.802000000000000000e+03,1.161968615359806112e+00
5.803000000000000000e+03,1.171839090787088145e+00
5.804000000000000000e+03,1.201097818457790511e+00
5.805000000000000000e+03,1.195117085692797287e+00
5.806000000000000000e+03,1.180290256890746958e+00
5.807000000000000000e+03,1.034576986206802385e+00
5.808000000000000000e+03,1.166549060574912033e+00
5.809000000000000000e+03,1.416920390558719101e+00
5.810000000000000000e+03,1.213458209269709709e+00
5.811000000000000000e+03,1.317314280175315711e+00
5.812000000000000000e+03,1.049756384337011683e+00
5.813000000000000000e+03,1.328857639018106607e+00
5.814000000000000000e+03,1.200869445311722350e+00
5.815000000000000000e+03,1.297604442068726716e+00
5.816000000000000000e+03,1.318848117142743970e+00
5.817000000000000000e+03,1.203408180477959277e+00
5.818000000000000000e+03,1.295764246384744967e+00
5.819000000000000000e+03,1.332047371307701011e+00
5.820000000000000000e+03,1.170226921121514385e+00
5.821000000000000000e+03,1.300897587702292801e+00
5.822000000000000000e+03,1.285581780805015839e+00
5.823000000000000000e+03,1.154453442072625569e+00
5.824000000000000000e+03,1.192853835976556587e+00
5.825000000000000000e+03,1.319684635725189237e+00
5.826000000000000000e+03,1.261499188176249397e+00
5.827000000000000000e+03,1.222669313033970084e+00
5.828000000000000000e+03,1.298385145238812433e+00
5.829000000000000000e+03,1.065667068502163417e+00
5.830000000000000000e+03,1.301010819153190390e+00
5.831000000000000000e+03,1.270077088978294189e+00
5.832000000000000000e+03,1.268314262997257913e+00
5.833000000000000000e+03,1.250768314270096493e+00
5.834000000000000000e+03,1.170892612502020924e+00
5.835000000000000000e+03,1.300243706462168136e+00
5.836000000000000000e+03,1.224392324871456106e+00
5.837000000000000000e+03,1.382671781676367173e+00
5.838000000000000000e+03,1.293296831338685449e+00
5.839000000000000000e+03,1.234546488411552900e+00
5.840000000000000000e+03,1.180373187432328885e+00
5.841000000000000000e+03,1.198982778367334578e+00
5.842000000000000000e+03,1.275494542999000336e+00
5.843000000000000000e+03,1.189517534694483514e+00
5.844000000000000000e+03,1.311236352641726999e+00
5.845000000000000000e+03,1.237352204753885632e+00
5.846000000000000000e+03,1.150555654173644360e+00
5.847000000000000000e+03,1.152745143040326603e+00
5.848000000000000000e+03,1.204894084544932520e+00
5.849000000000000000e+03,1.185575234587113558e+00
5.850000000000000000e+03,1.265384292696911883e+00
5.851000000000000000e+03,1.154946425687543243e+00
5.852000000000000000e+03,1.203778894132310429e+00
5.853000000000000000e+03,1.145764813837037099e+00
5.854000000000000000e+03,1.105116173184236272e+00
5.855000000000000000e+03,1.155935146695777682e+00
5.856000000000000000e+03,1.224666255054285502e+00
5.857000000000000000e+03,1.158450608010896277e+00
5.858000000000000000e+03,1.080924574254637838e+00
5.859000000000000000e+03,1.192162275513334535e+00
5.860000000000000000e+03,1.122287045522558646e+00
5.861000000000000000e+03,1.329390635533681975e+00
5.862000000000000000e+03,1.209275005024296634e+00
5.863000000000000000e+03,1.115258698323865705e+00
5.864000000000000000e+03,1.144859145881062412e+00
5.865000000000000000e+03,1.165371672081814580e+00
5.866000000000000000e+03,1.101526778508130411e+00
5.867000000000000000e+03,1.245413081082047846e+00
5.868000000000000000e+03,1.338124870883537598e+00
5.869000000000000000e+03,1.188243271252898969e+00
5.870000000000000000e+03,1.206105690589269974e+00
5.871000000000000000e+03,1.129277491320466620e+00
5.872000000000000000e+03,1.164676575763170074e+00
5.873000000000000000e+03,1.070067734549921212e+00
5.874000000000000000e+03,1.295613765076411683e+00
5.875000000000000000e+03,1.305097837410733597e+00
5.876000000000000000e+03,1.273009355735419179e+00
5.877000000000000000e+03,1.212627536495424652e+00
5.878000000000000000e+03,1.227472675391415580e+00
5.879000000000000000e+03,1.260475445907662140e+00
5.880000000000000000e+03,1.159251615718163597e+00
5.881000000000000000e+03,1.168496052660315199e+00
5.882000000000000000e+03,1.116242948217464503e+00
5.883000000000000000e+03,1.050556506137945600e+00
5.884000000000000000e+03,1.096082907596452216e+00
5.885000000000000000e+03,1.019502700527378014e+00
5.886000000000000000e+03,1.190039043021999143e+00
5.887000000000000000e+03,1.230033777881228474e+00
5.888000000000000000e+03,1.308081324714079452e+00
5.889000000000000000e+03,1.215666416537858341e+00
5.890000000000000000e+03,1.087537259973307080e+00
5.891000000000000000e+03,1.185580396922756075e+00
5.892000000000000000e+03,1.104892280155632456e+00
5.893000000000000000e+03,1.254648303703002288e+00
5.894000000000000000e+03,1.403802366221808429e+00
5.895000000000000000e+03,1.167977447212734887e+00
5.896000000000000000e+03,1.225339415893349937e+00
5.897000000000000000e+03,1.325342672050894288e+00
5.898000000000000000e+03,1.120088886980207921e+00
5.899000000000000000e+03,1.255276738777546752e+00
5.900000000000000000e+03,1.134381078563575285e+00
5.901000000000000000e+03,1.259697932876707505e+00
5.902000000000000000e+03,1.286057049766007321e+00
5.903000000000000000e+03,1.265685915906882952e+00
5.904000000000000000e+03,1.233032732195751491e+00
5.905000000000000000e+03,1.178115386634561279e+00
5.906000000000000000e+03,1.213387877628546940e+00
5.907000000000000000e+03,1.073301605873533182e+00
5.908000000000000000e+03,1.296465383594870957e+00
5.909000000000000000e+03,1.297172665340562636e+00
5.910000000000000000e+03,1.219835074059999247e+00
5.911000000000000000e+03,1.166960472202779764e+00
5.912000000000000000e+03,1.105634891535165032e+00
5.913000000000000000e+03,1.278387679501062690e+00
5.914000000000000000e+03,1.234274436440509604e+00
5.915000000000000000e+03,1.317632089224433978e+00
5.916000000000000000e+03,1.250424261901577294e+00
5.917000000000000000e+03,1.181922665661053973e+00
5.918000000000000000e+03,1.239134172918599397e+00
5.919000000000000000e+03,1.304824086415608209e+00
5.920000000000000000e+03,1.365936629919356271e+00
5.921000000000000000e+03,1.201425943402363528e+00
5.922000000000000000e+03,1.294588019635783960e+00
5.923000000000000000e+03,1.156243007703394277e+00
5.924000000000000000e+03,1.184951874766676294e+00
5.925000000000000000e+03,1.306434911101213014e+00
5.926000000000000000e+03,1.144870133651754385e+00
5.927000000000000000e+03,1.246029891764800501e+00
5.928000000000000000e+03,1.233562641131088489e+00
5.929000000000000000e+03,1.156650526737450724e+00
5.930000000000000000e+03,1.167778981141612382e+00
5.931000000000000000e+03,1.123452111879961413e+00
5.932000000000000000e+03,1.193699788052176469e+00
5.933000000000000000e+03,1.216513625103274210e+00
5.934000000000000000e+03,1.166510444200792307e+00
5.935000000000000000e+03,1.293988904119450112e+00
5.936000000000000000e+03,1.226426282110070654e+00
5.937000000000000000e+03,1.282364102816075713e+00
5.938000000000000000e+03,1.217198060592922682e+00
5.939000000000000000e+03,1.342136980541581037e+00
5.940000000000000000e+03,1.414691803078300669e+00
5.941000000000000000e+03,1.361401015643429302e+00
5.942000000000000000e+03,1.223521471668424176e+00
5.943000000000000000e+03,1.197017606616282093e+00
5.944000000000000000e+03,1.290761672210992694e+00
5.945000000000000000e+03,1.174411615642783957e+00
5.946000000000000000e+03,1.218598681417118357e+00
5.947000000000000000e+03,1.230665695932970483e+00
5.948000000000000000e+03,1.220212180175547445e+00
5.949000000000000000e+03,1.231546312608454485e+00
5.950000000000000000e+03,1.309805037255959981e+00
5.951000000000000000e+03,1.285741310126193859e+00
5.952000000000000000e+03,1.265176856264731642e+00
5.953000000000000000e+03,1.369445721426841400e+00
5.954000000000000000e+03,1.168167676441237868e+00
5.955000000000000000e+03,1.150792589904997998e+00
5.956000000000000000e+03,1.254959269577530456e+00
5.957000000000000000e+03,1.346152761589724189e+00
5.958000000000000000e+03,1.302703753939245868e+00
5.959000000000000000e+03,1.330900584785868812e+00
5.960000000000000000e+03,1.362711830994259410e+00
5.961000000000000000e+03,1.231862295988649381e+00
5.962000000000000000e+03,1.163718232500546179e+00
5.963000000000000000e+03,1.209080358208576955e+00
5.964000000000000000e+03,1.207887552373328788e+00
5.965000000000000000e+03,1.267022182689369059e+00
5.966000000000000000e+03,1.199867457400465520e+00
5.967000000000000000e+03,1.235320256677929551e+00
5.968000000000000000e+03,1.306112895341929647e+00
5.969000000000000000e+03,1.239526678909181223e+00
5.970000000000000000e+03,1.264946665490507938e+00
5.971000000000000000e+03,1.240485098146161702e+00
5.972000000000000000e+03,1.188350585346123589e+00
5.973000000000000000e+03,1.169096567826851230e+00
5.974000000000000000e+03,1.278618911463484942e+00
5.975000000000000000e+03,1.108834240651359382e+00
5.976000000000000000e+03,1.108822675711822692e+00
5.977000000000000000e+03,1.346985264674218419e+00
5.978000000000000000e+03,1.357163093455964198e+00
5.979000000000000000e+03,1.218945902650870439e+00
5.980000000000000000e+03,1.373077517000149239e+00
5.981000000000000000e+03,1.164099144748460768e+00
5.982000000000000000e+03,1.199090791961701097e+00
5.983000000000000000e+03,1.423996994019768536e+00
5.984000000000000000e+03,1.276258839116637844e+00
5.985000000000000000e+03,1.228642340366238095e+00
5.986000000000000000e+03,1.329509577731941672e+00
5.987000000000000000e+03,1.258238548062718953e+00
5.988000000000000000e+03,1.185177783159344411e+00
5.989000000000000000e+03,1.224874539794896577e+00
5.990000000000000000e+03,1.221829941505508943e+00
5.991000000000000000e+03,1.268302957923533203e+00
5.992000000000000000e+03,1.388062357383095025e+00
5.993000000000000000e+03,1.064695932560735914e+00
5.994000000000000000e+03,1.384596925160416214e+00
5.995000000000000000e+03,1.349422316520654253e+00
5.996000000000000000e+03,1.398967853051917620e+00
5.997000000000000000e+03,1.219124060188091940e+00
5.998000000000000000e+03,1.288052752381095178e+00
5.999000000000000000e+03,1.014703733514284334e+00
6.000000000000000000e+03,1.252840346615517131e+00
6.001000000000000000e+03,1.195996154742014816e+00
6.002000000000000000e+03,1.242404325408517529e+00
6.003000000000000000e+03,1.104703049907044710e+00
6.004000000000000000e+03,1.313395118225770375e+00
6.005000000000000000e+03,1.410437918354692233e+00
6.006000000000000000e+03,1.231615492111104437e+00
6.007000000000000000e+03,1.338391758530538045e+00
6.008000000000000000e+03,1.200369149893923071e+00
6.009000000000000000e+03,1.123302772938518101e+00
6.010000000000000000e+03,1.211853852766407558e+00
6.011000000000000000e+03,1.182144267025468487e+00
6.012000000000000000e+03,1.172223794294929622e+00
6.013000000000000000e+03,1.166726877223165815e+00
6.014000000000000000e+03,1.123156412434286988e+00
6.015000000000000000e+03,1.125383470943159381e+00
6.016000000000000000e+03,1.234113388293571534e+00
6.017000000000000000e+03,1.287675039367903063e+00
6.018000000000000000e+03,1.175471448157742183e+00
6.019000000000000000e+03,1.234348227453444746e+00
6.020000000000000000e+03,1.056765859109277006e+00
6.021000000000000000e+03,1.133223201802523228e+00
6.022000000000000000e+03,1.003107621776394343e+00
6.023000000000000000e+03,1.420304817650858364e+00
6.024000000000000000e+03,1.097762796881066594e+00
6.025000000000000000e+03,1.273750217064173018e+00
6.026000000000000000e+03,1.205808101594066484e+00
6.027000000000000000e+03,1.218761715273750657e+00
6.028000000000000000e+03,1.288113763821063129e+00
6.029000000000000000e+03,1.242913394970590391e+00
6.030000000000000000e+03,1.249228963723547414e+00
6.031000000000000000e+03,1.360273217439239346e+00
6.032000000000000000e+03,1.215135832246179159e+00
6.033000000000000000e+03,1.320594812265585727e+00
6.034000000000000000e+03,1.273763605921393705e+00
6.035000000000000000e+03,1.157880863675620597e+00
6.036000000000000000e+03,1.176228627648498559e+00
6.037000000000000000e+03,1.250011099500440315e+00
6.038000000000000000e+03,1.123241229335010249e+00
6.039000000000000000e+03,1.232238924692262705e+00
6.040000000000000000e+03,1.270132396399658026e+00
6.041000000000000000e+03,1.208638703209714338e+00
6.042000000000000000e+03,1.195549470290243832e+00
6.043000000000000000e+03,1.156440229911441131e+00
6.044000000000000000e+03,1.204597451734131353e+00
6.045000000000000000e+03,1.277105476893055203e+00
6.046000000000000000e+03,1.272410533642424957e+00
6.047000000000000000e+03,1.240013208002000988e+00
6.048000000000000000e+03,1.186513250567816646e+00
6.049000000000000000e+03,1.143457800941446445e+00
6.050000000000000000e+03,1.105858647250274496e+00
6.051000000000000000e+03,1.158197532540552688e+00
6.052000000000000000e+03,1.080100530518846691e+00
6.053000000000000000e+03,1.020505847857375636e+00
6.054000000000000000e+03,1.178837259743576338e+00
6.055000000000000000e+03,1.287515596320497613e+00
6.056000000000000000e+03,1.332422300645905944e+00
6.057000000000000000e+03,1.261194120241247107e+00
6.058000000000000000e+03,1.134524664821792150e+00
6.059000000000000000e+03,1.305788579834558316e+00
6.060000000000000000e+03,1.189898066046613412e+00
6.061000000000000000e+03,1.236707676405976342e+00
6.062000000000000000e+03,1.347836123603648018e+00
6.063000000000000000e+03,1.271734017296312524e+00
6.064000000000000000e+03,1.246731960857630606e+00
6.065000000000000000e+03,1.223385064475635220e+00
6.066000000000000000e+03,1.328332718869491780e+00
6.067000000000000000e+03,1.189149413518101772e+00
6.068000000000000000e+03,1.217430645980410286e+00
6.069000000000000000e+03,1.325823585760443901e+00
6.070000000000000000e+03,1.201797093313614839e+00
6.071000000000000000e+03,1.213496123395524373e+00
6.072000000000000000e+03,1.013397724568494640e+00
6.073000000000000000e+03,1.109174782712514462e+00
6.074000000000000000e+03,1.146886180824796764e+00
6.075000000000000000e+03,1.163199416521736751e+00
6.076000000000000000e+03,1.188393090708328215e+00
6.077000000000000000e+03,1.250722790234645831e+00
6.078000000000000000e+03,1.325285861942894217e+00
6.079000000000000000e+03,1.250003570473187997e+00
6.080000000000000000e+03,1.396988376970956347e+00
6.081000000000000000e+03,1.065204698083298096e+00
6.082000000000000000e+03,1.185288965619910151e+00
6.083000000000000000e+03,1.192528348496960433e+00
6.084000000000000000e+03,1.285292824924080035e+00
6.085000000000000000e+03,1.259937324553592530e+00
6.086000000000000000e+03,1.138489515860383605e+00
6.087000000000000000e+03,1.247051305600707316e+00
6.088000000000000000e+03,1.162522962515540215e+00
6.089000000000000000e+03,1.293468000041988919e+00
6.090000000000000000e+03,1.091333019781426383e+00
6.091000000000000000e+03,1.215708845166573404e+00
6.092000000000000000e+03,1.139255523274854909e+00
6.093000000000000000e+03,1.167461555632695713e+00
6.094000000000000000e+03,1.276965591006484768e+00
6.095000000000000000e+03,1.323484637594799063e+00
6.096000000000000000e+03,1.223973034295400497e+00
6.097000000000000000e+03,1.172001336819371131e+00
6.098000000000000000e+03,1.177441764288709836e+00
6.099000000000000000e+03,1.261266383506380651e+00
6.100000000000000000e+03,1.224689157483393132e+00
6.101000000000000000e+03,1.231477893032057347e+00
6.102000000000000000e+03,1.150021599095742308e+00
6.103000000000000000e+03,1.522484151384608131e+00
6.104000000000000000e+03,1.283968133683751622e+00
6.105000000000000000e+03,1.292993881825556191e+00
6.106000000000000000e+03,1.132873583568468012e+00
6.107000000000000000e+03,1.236540923882791132e+00
6.108000000000000000e+03,1.275195613335226463e+00
6.109000000000000000e+03,1.339218730849145222e+00
6.110000000000000000e+03,1.175427449383814826e+00
6.111000000000000000e+03,1.336555873762795166e+00
6.112000000000000000e+03,1.211331416280834183e+00
6.113000000000000000e+03,1.249339746176665988e+00
6.114000000000000000e+03,1.125052122364858853e+00
6.115000000000000000e+03,1.171301829200867672e+00
6.116000000000000000e+03,1.162790501496628659e+00
6.117000000000000000e+03,1.349305481407657714e+00
6.118000000000000000e+03,1.305724010287381276e+00
6.119000000000000000e+03,1.198162904885009761e+00
6.120000000000000000e+03,1.253574710253570812e+00
6.121000000000000000e+03,1.194728455560465141e+00
6.122000000000000000e+03,1.410531499078611750e+00
6.123000000000000000e+03,1.176029912870378169e+00
6.124000000000000000e+03,1.261489529605500648e+00
6.125000000000000000e+03,1.174836525742487536e+00
6.126000000000000000e+03,1.212564785801423906e+00
6.127000000000000000e+03,1.210684248718688849e+00
6.128000000000000000e+03,1.212509224625766269e+00
6.129000000000000000e+03,1.186668559966979064e+00
6.130000000000000000e+03,1.418770877215973059e+00
6.131000000000000000e+03,1.156044972373733826e+00
6.132000000000000000e+03,1.194256141962346085e+00
6.133000000000000000e+03,1.077947738304825931e+00
6.134000000000000000e+03,1.274111594648823731e+00
6.135000000000000000e+03,1.291124492618074049e+00
6.136000000000000000e+03,1.391636643194131606e+00
6.137000000000000000e+03,1.358388809519571749e+00
6.138000000000000000e+03,1.315796510464049884e+00
6.139000000000000000e+03,1.352684819315022047e+00
6.140000000000000000e+03,1.245798489292625488e+00
6.141000000000000000e+03,1.258682681917361768e+00
6.142000000000000000e+03,1.163549388700177323e+00
6.143000000000000000e+03,1.131636521883225832e+00
6.144000000000000000e+03,1.260306627648695610e+00
6.145000000000000000e+03,1.357985481531760019e+00
6.146000000000000000e+03,1.341604453135190278e+00
6.147000000000000000e+03,1.464291807962295300e+00
6.148000000000000000e+03,1.249238974446541528e+00
6.149000000000000000e+03,1.232818111768192670e+00
6.150000000000000000e+03,1.298996248824014321e+00
6.151000000000000000e+03,1.127436894323718741e+00
6.152000000000000000e+03,1.164905814317457766e+00
6.153000000000000000e+03,1.352466734658762659e+00
6.154000000000000000e+03,1.127230242459908771e+00
6.155000000000000000e+03,1.193658954060644151e+00
6.156000000000000000e+03,1.215997938526084399e+00
6.157000000000000000e+03,1.334299425669701389e+00
6.158000000000000000e+03,1.251689172824167251e+00
6.159000000000000000e+03,1.334594719025275822e+00
6.160000000000000000e+03,1.225577308459839143e+00
6.161000000000000000e+03,1.182849131108712148e+00
6.162000000000000000e+03,1.233098337659516819e+00
6.163000000000000000e+03,1.250592762823063975e+00
6.164000000000000000e+03,1.301068799597016490e+00
6.165000000000000000e+03,1.353014253345260931e+00
6.166000000000000000e+03,1.145955166578117357e+00
6.167000000000000000e+03,1.249476156891590861e+00
6.168000000000000000e+03,9.960951122260637280e-01
6.169000000000000000e+03,1.270933013848987159e+00
6.170000000000000000e+03,1.355612383161186818e+00
6.171000000000000000e+03,1.236416474835218215e+00
6.172000000000000000e+03,1.158683998875136734e+00
6.173000000000000000e+03,1.168112039379155309e+00
6.174000000000000000e+03,1.226526246792312369e+00
6.175000000000000000e+03,1.144960845468258492e+00
6.176000000000000000e+03,1.286822947459753452e+00
6.177000000000000000e+03,1.267432363651937122e+00
6.178000000000000000e+03,1.196754454155586123e+00
6.179000000000000000e+03,1.203495136783439223e+00
6.180000000000000000e+03,1.264047643866535120e+00
6.181000000000000000e+03,1.420568514208225386e+00
6.182000000000000000e+03,1.345028028323803637e+00
6.183000000000000000e+03,1.293683065231755913e+00
6.184000000000000000e+03,1.283480491236397958e+00
6.185000000000000000e+03,1.393226262004034544e+00
6.186000000000000000e+03,1.361102176444952239e+00
6.187000000000000000e+03,1.368454324488898255e+00
6.188000000000000000e+03,1.283527991832109860e+00
6.189000000000000000e+03,1.189402356338362887e+00
6.190000000000000000e+03,1.326620612254167719e+00
6.191000000000000000e+03,1.273798176067877375e+00
6.192000000000000000e+03,1.249991644907873400e+00
6.193000000000000000e+03,1.325517602136060846e+00
6.194000000000000000e+03,1.437803712794385458e+00
6.195000000000000000e+03,1.357743787779100542e+00
6.196000000000000000e+03,1.389592394291243815e+00
6.197000000000000000e+03,1.341518129547485394e+00
6.198000000000000000e+03,1.156644045550387689e+00
6.199000000000000000e+03,1.198837818165756408e+00
6.200000000000000000e+03,1.349711495437983855e+00
6.201000000000000000e+03,1.229702511868252524e+00
6.202000000000000000e+03,1.161008023722125859e+00
6.203000000000000000e+03,1.345485834017220439e+00
6.204000000000000000e+03,1.363697530848134498e+00
6.205000000000000000e+03,1.287741843787199469e+00
6.206000000000000000e+03,1.250948423533423615e+00
6.207000000000000000e+03,1.283510395696722650e+00
6.208000000000000000e+03,1.160506429670108419e+00
6.209000000000000000e+03,1.209831566349641507e+00
6.210000000000000000e+03,1.195379639683090023e+00
6.211000000000000000e+03,1.301695658509489650e+00
6.212000000000000000e+03,1.320195956424462747e+00
6.213000000000000000e+03,1.394933941284267176e+00
6.214000000000000000e+03,1.160629461058816148e+00
6.215000000000000000e+03,1.255165320915001992e+00
6.216000000000000000e+03,1.132343603360092654e+00
6.217000000000000000e+03,1.357453407720494720e+00
6.218000000000000000e+03,1.238845939146494102e+00
6.219000000000000000e+03,1.188950669719765152e+00
6.220000000000000000e+03,1.228448399501093080e+00
6.221000000000000000e+03,1.124023995377585239e+00
6.222000000000000000e+03,1.285555622282821497e+00
6.223000000000000000e+03,1.437088125276514861e+00
6.224000000000000000e+03,1.262651620804357000e+00
6.225000000000000000e+03,1.171153193136932780e+00
6.226000000000000000e+03,1.291204501845450325e+00
6.227000000000000000e+03,1.266907852213184693e+00
6.228000000000000000e+03,1.271875226535747583e+00
6.229000000000000000e+03,1.263952512557419805e+00
6.230000000000000000e+03,1.423743103253540587e+00
6.231000000000000000e+03,1.345319830836464892e+00
6.232000000000000000e+03,1.451927147154385311e+00
6.233000000000000000e+03,1.252705697602397805e+00
6.234000000000000000e+03,1.397674829610260794e+00
6.235000000000000000e+03,1.261323850744186403e+00
6.236000000000000000e+03,1.248780560483736091e+00
6.237000000000000000e+03,1.342905801276391919e+00
6.238000000000000000e+03,1.173873805167004569e+00
6.239000000000000000e+03,1.103352185521946582e+00
6.240000000000000000e+03,1.229607448753181398e+00
6.241000000000000000e+03,1.156085536400424996e+00
6.242000000000000000e+03,1.231519815356558523e+00
6.243000000000000000e+03,1.274381013527668971e+00
6.244000000000000000e+03,1.182426800216800133e+00
6.245000000000000000e+03,1.442333054524697511e+00
6.246000000000000000e+03,1.350173584186351805e+00
6.247000000000000000e+03,1.355062670536629321e+00
6.248000000000000000e+03,1.119988120261619757e+00
6.249000000000000000e+03,1.338157292099223072e+00
6.250000000000000000e+03,1.313596647272180284e+00
6.251000000000000000e+03,1.367473294754268265e+00
6.252000000000000000e+03,1.264736163942405733e+00
6.253000000000000000e+03,1.429100045886322112e+00
6.254000000000000000e+03,1.205811855669675303e+00
6.255000000000000000e+03,1.312489306822430590e+00
6.256000000000000000e+03,1.228188971361072745e+00
6.257000000000000000e+03,1.153054300703196144e+00
6.258000000000000000e+03,1.186832864579198787e+00
6.259000000000000000e+03,1.302496208057673854e+00
6.260000000000000000e+03,1.295784816633505310e+00
6.261000000000000000e+03,1.376051597054771092e+00
6.262000000000000000e+03,1.375037754709511839e+00
6.263000000000000000e+03,1.323821446346643782e+00
6.264000000000000000e+03,1.264708866385674257e+00
6.265000000000000000e+03,1.261416316389384784e+00
6.266000000000000000e+03,1.220788590532353446e+00
6.267000000000000000e+03,1.229994990548202827e+00
6.268000000000000000e+03,1.107199347827041658e+00
6.269000000000000000e+03,1.358126885638969217e+00
6.270000000000000000e+03,1.178463305566997965e+00
6.271000000000000000e+03,1.179272160865318719e+00
6.272000000000000000e+03,1.296298736615438596e+00
6.273000000000000000e+03,1.214457816651690170e+00
6.274000000000000000e+03,1.286448667187445993e+00
6.275000000000000000e+03,1.219245654960510183e+00
6.276000000000000000e+03,1.203213776416931502e+00
6.277000000000000000e+03,1.188517816513003922e+00
6.278000000000000000e+03,1.293404134759630786e+00
6.279000000000000000e+03,1.123976108824765507e+00
6.280000000000000000e+03,1.126107521395229627e+00
6.281000000000000000e+03,1.154035633419388418e+00
6.282000000000000000e+03,1.284369282540769763e+00
6.283000000000000000e+03,1.278454872906078288e+00
6.284000000000000000e+03,1.188833240813911507e+00
6.285000000000000000e+03,1.361157721912032326e+00
6.286000000000000000e+03,1.168121714952791157e+00
6.287000000000000000e+03,1.169315340341408493e+00
6.288000000000000000e+03,1.223365537696623040e+00
6.289000000000000000e+03,1.080454792518867224e+00
6.290000000000000000e+03,1.235098516201737828e+00
6.291000000000000000e+03,1.209298075354165780e+00
6.292000000000000000e+03,1.151462132767316238e+00
6.293000000000000000e+03,1.081361839502427591e+00
6.294000000000000000e+03,1.103909491539406096e+00
6.295000000000000000e+03,1.357263851381521613e+00
6.296000000000000000e+03,1.129951013619801659e+00
6.297000000000000000e+03,1.242369284753622738e+00
6.298000000000000000e+03,1.247589171969581745e+00
6.299000000000000000e+03,1.270272220583149814e+00
6.300000000000000000e+03,1.138932740765997709e+00
6.301000000000000000e+03,1.226000764809327404e+00
6.302000000000000000e+03,1.125977986471414560e+00
6.303000000000000000e+03,1.317973422843983888e+00
6.304000000000000000e+03,1.204858762314008791e+00
6.305000000000000000e+03,1.212365091281282670e+00
6.306000000000000000e+03,1.414313254804211217e+00
6.307000000000000000e+03,1.269560588181704031e+00
6.308000000000000000e+03,1.287866659795285251e+00
6.309000000000000000e+03,1.313923396823210243e+00
6.310000000000000000e+03,1.261799973809755837e+00
6.311000000000000000e+03,1.252999924940341403e+00
6.312000000000000000e+03,1.194944078372657925e+00
6.313000000000000000e+03,1.170451287549326924e+00
6.314000000000000000e+03,1.177818453665460119e+00
6.315000000000000000e+03,1.247775507673094531e+00
6.316000000000000000e+03,1.212495812340582235e+00
6.317000000000000000e+03,1.179304341552015689e+00
6.318000000000000000e+03,1.211125080272475119e+00
6.319000000000000000e+03,1.211597774635244651e+00
6.320000000000000000e+03,1.212677919832401807e+00
6.321000000000000000e+03,1.294833695838708776e+00
6.322000000000000000e+03,1.153004539850431387e+00
6.323000000000000000e+03,1.230181043989933443e+00
6.324000000000000000e+03,1.299684022591911070e+00
6.325000000000000000e+03,1.221165199953295533e+00
6.326000000000000000e+03,1.241822280835114034e+00
6.327000000000000000e+03,1.227347749024324308e+00
6.328000000000000000e+03,1.279773119072950882e+00
6.329000000000000000e+03,1.227229931006316832e+00
6.330000000000000000e+03,1.239411776061704273e+00
6.331000000000000000e+03,1.301865898203639071e+00
6.332000000000000000e+03,1.507765718345381423e+00
6.333000000000000000e+03,1.214800055706529935e+00
6.334000000000000000e+03,1.284954232627384618e+00
6.335000000000000000e+03,1.420779699783392358e+00
6.336000000000000000e+03,1.230756979556677955e+00
6.337000000000000000e+03,1.212491771514593308e+00
6.338000000000000000e+03,1.231825543930143319e+00
6.339000000000000000e+03,1.261092910133244871e+00
6.340000000000000000e+03,1.365968436243004902e+00
6.341000000000000000e+03,1.302238030628049215e+00
6.342000000000000000e+03,1.270473252542290155e+00
6.343000000000000000e+03,1.283990569555651051e+00
6.344000000000000000e+03,1.458948277448090192e+00
6.345000000000000000e+03,1.406428621341398122e+00
6.346000000000000000e+03,1.237782663166175690e+00
6.347000000000000000e+03,1.282872296782061605e+00
6.348000000000000000e+03,1.210083420238396545e+00
6.349000000000000000e+03,1.128049733728689441e+00
6.350000000000000000e+03,1.244376446343633980e+00
6.351000000000000000e+03,1.302882888546637252e+00
6.352000000000000000e+03,1.126133172239508928e+00
6.353000000000000000e+03,1.325004955965330966e+00
6.354000000000000000e+03,1.247086969153863967e+00
6.355000000000000000e+03,1.260164392473114958e+00
6.356000000000000000e+03,1.522799826813594493e+00
6.357000000000000000e+03,1.238805356462864049e+00
6.358000000000000000e+03,1.295802943514121841e+00
6.359000000000000000e+03,1.237176182858701345e+00
6.360000000000000000e+03,1.208467544673190064e+00
6.361000000000000000e+03,1.299520773790799666e+00
6.362000000000000000e+03,1.346413689812733017e+00
6.363000000000000000e+03,1.239011944212366823e+00
6.364000000000000000e+03,1.373624061366359950e+00
6.365000000000000000e+03,1.209260215900874735e+00
6.366000000000000000e+03,1.254582101833380703e+00
6.367000000000000000e+03,1.056743752689112359e+00
6.368000000000000000e+03,1.201559854245679793e+00
6.369000000000000000e+03,1.220621441115365746e+00
6.370000000000000000e+03,1.364786381165489448e+00
6.371000000000000000e+03,1.139678136497300764e+00
6.372000000000000000e+03,1.459047655745878913e+00
6.373000000000000000e+03,1.399638413826717498e+00
6.374000000000000000e+03,1.204451858345991777e+00
6.375000000000000000e+03,1.310698931597719108e+00
6.376000000000000000e+03,1.299954463897958101e+00
6.377000000000000000e+03,1.266429692383838512e+00
6.378000000000000000e+03,1.138531431072433486e+00
6.379000000000000000e+03,1.351876351457341086e+00
6.380000000000000000e+03,1.291952343676792792e+00
6.381000000000000000e+03,1.287533972554789630e+00
6.382000000000000000e+03,1.267051172958396865e+00
6.383000000000000000e+03,1.222680240352618908e+00
6.384000000000000000e+03,1.262607688560020813e+00
6.385000000000000000e+03,1.478138015587665333e+00
6.386000000000000000e+03,1.304894759754371636e+00
6.387000000000000000e+03,1.335567815019558235e+00
6.388000000000000000e+03,1.240321774069519378e+00
6.389000000000000000e+03,1.272719977879476883e+00
6.390000000000000000e+03,1.354102677971765978e+00
6.391000000000000000e+03,1.255777235589367935e+00
6.392000000000000000e+03,1.261576182383482791e+00
6.393000000000000000e+03,1.227202240855587601e+00
6.394000000000000000e+03,1.285269795691897032e+00
6.395000000000000000e+03,1.264648622016758317e+00
6.396000000000000000e+03,1.271301366318662307e+00
6.397000000000000000e+03,1.207568478521215294e+00
6.398000000000000000e+03,1.198918326004583923e+00
6.399000000000000000e+03,1.225255692590096812e+00
6.400000000000000000e+03,1.233470545799689067e+00
6.401000000000000000e+03,1.262837324704646713e+00
6.402000000000000000e+03,1.076291840256394128e+00
6.403000000000000000e+03,1.244280231637464151e+00
6.404000000000000000e+03,1.312867541014899997e+00
6.405000000000000000e+03,1.241653240882490072e+00
6.406000000000000000e+03,1.258332642023122450e+00
6.407000000000000000e+03,1.263416960702390401e+00
6.408000000000000000e+03,1.167296558178314347e+00
6.409000000000000000e+03,1.107721464883118179e+00
6.410000000000000000e+03,1.146593944790303521e+00
6.411000000000000000e+03,1.141326881819891392e+00
6.412000000000000000e+03,1.147591250515390238e+00
6.413000000000000000e+03,1.139537432179194676e+00
6.414000000000000000e+03,1.238505661043769690e+00
6.415000000000000000e+03,1.243135132617746441e+00
6.416000000000000000e+03,1.168215916667288079e+00
6.417000000000000000e+03,1.239103223101167162e+00
6.418000000000000000e+03,1.257129717481295872e+00
6.419000000000000000e+03,1.332884017112722086e+00
6.420000000000000000e+03,1.257553911167311522e+00
6.421000000000000000e+03,1.294210043784467690e+00
6.422000000000000000e+03,1.296115643830805908e+00
6.423000000000000000e+03,1.253487437453357556e+00
6.424000000000000000e+03,1.099738791804344640e+00
6.425000000000000000e+03,1.275021290391507911e+00
6.426000000000000000e+03,1.247425560717333459e+00
6.427000000000000000e+03,1.198771072123531400e+00
6.428000000000000000e+03,1.283218033024545068e+00
6.429000000000000000e+03,1.193031602285918868e+00
6.430000000000000000e+03,1.231936685769622120e+00
6.431000000000000000e+03,1.282894092326369195e+00
6.432000000000000000e+03,1.358188356404940844e+00
6.433000000000000000e+03,1.153867898563440297e+00
6.434000000000000000e+03,1.186509956581256686e+00
6.435000000000000000e+03,1.179692253297372373e+00
6.436000000000000000e+03,1.248094216222993103e+00
6.437000000000000000e+03,1.250435221698764865e+00
6.438000000000000000e+03,1.317833990201289218e+00
6.439000000000000000e+03,1.226021093372389181e+00
6.440000000000000000e+03,1.160219761406521943e+00
6.441000000000000000e+03,1.334726618184444602e+00
6.442000000000000000e+03,1.215782720754953639e+00
6.443000000000000000e+03,1.156687459610660218e+00
6.444000000000000000e+03,1.126994269884470157e+00
6.445000000000000000e+03,1.195409066404967913e+00
6.446000000000000000e+03,1.198803021356971144e+00
6.447000000000000000e+03,1.339975333173108574e+00
6.448000000000000000e+03,1.187658290918744752e+00
6.449000000000000000e+03,1.185310443730158481e+00
6.450000000000000000e+03,1.219090238216020028e+00
6.451000000000000000e+03,1.220685592879966697e+00
6.452000000000000000e+03,1.295509819653015038e+00
6.453000000000000000e+03,1.273515705926750341e+00
6.454000000000000000e+03,1.290317131524531424e+00
6.455000000000000000e+03,1.306335472468130199e+00
6.456000000000000000e+03,1.185295615584749829e+00
6.457000000000000000e+03,1.217233192076959902e+00
6.458000000000000000e+03,1.455324134111526613e+00
6.459000000000000000e+03,1.315183203215100072e+00
6.460000000000000000e+03,1.261786779742945619e+00
6.461000000000000000e+03,1.246926320374172281e+00
6.462000000000000000e+03,1.523069812984159999e+00
6.463000000000000000e+03,1.269180185591217924e+00
6.464000000000000000e+03,1.436606577043464394e+00
6.465000000000000000e+03,1.172066817372334979e+00
6.466000000000000000e+03,1.137355853449391052e+00
6.467000000000000000e+03,1.110438173705307285e+00
6.468000000000000000e+03,1.170939775639701308e+00
6.469000000000000000e+03,1.153019031208317724e+00
6.470000000000000000e+03,1.170272319918292281e+00
6.471000000000000000e+03,1.302251425856289169e+00
6.472000000000000000e+03,1.230202893230855965e+00
6.473000000000000000e+03,1.452235280052514454e+00
6.474000000000000000e+03,1.160592096612014013e+00
6.475000000000000000e+03,1.427379139501326666e+00
6.476000000000000000e+03,1.270824946480856532e+00
6.477000000000000000e+03,1.349717953169649709e+00
6.478000000000000000e+03,1.298675558641056771e+00
6.479000000000000000e+03,1.153258830598330231e+00
6.480000000000000000e+03,1.163480095262448444e+00
6.481000000000000000e+03,1.347644129370675126e+00
6.482000000000000000e+03,1.308320009618421320e+00
6.483000000000000000e+03,1.331599824888188843e+00
6.484000000000000000e+03,1.386198329215117431e+00
6.485000000000000000e+03,1.276779148851990842e+00
6.486000000000000000e+03,1.519033226499106881e+00
6.487000000000000000e+03,1.257003360884130450e+00
6.488000000000000000e+03,1.267532614006309677e+00
6.489000000000000000e+03,1.256796382191556649e+00
6.490000000000000000e+03,1.185145494708653935e+00
6.491000000000000000e+03,1.327738070647045188e+00
6.492000000000000000e+03,1.286552069036788204e+00
6.493000000000000000e+03,1.294659109438815348e+00
6.494000000000000000e+03,1.203636811345173419e+00
6.495000000000000000e+03,1.163185340729704365e+00
6.496000000000000000e+03,1.319883120518948738e+00
6.497000000000000000e+03,1.429762860920879453e+00
6.498000000000000000e+03,1.338837091158789239e+00
6.499000000000000000e+03,1.183001440729598563e+00
6.500000000000000000e+03,1.238311855115671989e+00
6.501000000000000000e+03,1.264598594215835980e+00
6.502000000000000000e+03,1.247174965104300037e+00
6.503000000000000000e+03,1.308927761325822559e+00
6.504000000000000000e+03,1.412215909414512360e+00
6.505000000000000000e+03,1.309098184226103578e+00
6.506000000000000000e+03,1.168981304527432208e+00
6.507000000000000000e+03,1.188537341002260384e+00
6.508000000000000000e+03,1.155382091241013764e+00
6.509000000000000000e+03,1.152958017814003755e+00
6.510000000000000000e+03,1.102824238401295620e+00
6.511000000000000000e+03,1.319998187306298920e+00
6.512000000000000000e+03,1.308508932988396101e+00
6.513000000000000000e+03,1.193165610581502944e+00
6.514000000000000000e+03,1.468027427260855555e+00
6.515000000000000000e+03,1.303801250944036205e+00
6.516000000000000000e+03,1.341239176214706896e+00
6.517000000000000000e+03,1.191681162657628468e+00
6.518000000000000000e+03,1.309996281650497529e+00
6.519000000000000000e+03,1.318408891890717083e+00
6.520000000000000000e+03,1.260275333694940381e+00
6.521000000000000000e+03,1.169245816333807308e+00
6.522000000000000000e+03,1.273871241607149818e+00
6.523000000000000000e+03,1.232328455499468900e+00
6.524000000000000000e+03,1.255137451780868441e+00
6.525000000000000000e+03,1.306736844295462108e+00
6.526000000000000000e+03,1.307743917547021351e+00
6.527000000000000000e+03,1.135822201574309132e+00
6.528000000000000000e+03,1.213753154741640250e+00
6.529000000000000000e+03,1.255444619996038069e+00
6.530000000000000000e+03,1.178675118720609261e+00
6.531000000000000000e+03,1.205005358333783416e+00
6.532000000000000000e+03,1.259620511067027326e+00
6.533000000000000000e+03,1.210159535352694160e+00
6.534000000000000000e+03,1.204229583866134767e+00
6.535000000000000000e+03,1.217837941546215497e+00
6.536000000000000000e+03,1.198516291844683446e+00
6.537000000000000000e+03,1.267773148545815909e+00
6.538000000000000000e+03,1.267811197926553612e+00
6.539000000000000000e+03,1.251930754577021077e+00
6.540000000000000000e+03,1.163082939347721778e+00
6.541000000000000000e+03,1.238084911062910853e+00
6.542000000000000000e+03,1.354477801216579236e+00
6.543000000000000000e+03,1.460472664961516953e+00
6.544000000000000000e+03,1.232696373554969638e+00
6.545000000000000000e+03,1.173533558206762528e+00
6.546000000000000000e+03,1.179604875577564105e+00
6.547000000000000000e+03,1.149431434190320678e+00
6.548000000000000000e+03,1.122795652617895046e+00
6.549000000000000000e+03,1.262219382051786853e+00
6.550000000000000000e+03,1.297406634228536859e+00
6.551000000000000000e+03,1.301839839783783370e+00
6.552000000000000000e+03,1.287507989224367044e+00
6.553000000000000000e+03,1.185617568431666324e+00
6.554000000000000000e+03,1.382996384518652366e+00
6.555000000000000000e+03,1.308684243924475021e+00
6.556000000000000000e+03,1.113230511188491922e+00
6.557000000000000000e+03,1.099207529554727447e+00
6.558000000000000000e+03,1.294669473177436636e+00
6.559000000000000000e+03,1.239214625448221252e+00
6.560000000000000000e+03,1.465481200209364676e+00
6.561000000000000000e+03,1.355984054854498577e+00
6.562000000000000000e+03,1.361666396889953834e+00
6.563000000000000000e+03,1.270695364338509936e+00
6.564000000000000000e+03,1.400898515976408243e+00
6.565000000000000000e+03,1.269572681095928246e+00
6.566000000000000000e+03,1.190249228778440305e+00
6.567000000000000000e+03,1.271519212704342650e+00
6.568000000000000000e+03,1.162312186597064034e+00
6.569000000000000000e+03,1.186606823075963435e+00
6.570000000000000000e+03,1.274383457406609077e+00
6.571000000000000000e+03,1.361843355745649742e+00
6.572000000000000000e+03,1.276488915812911129e+00
6.573000000000000000e+03,1.378736071143448205e+00
6.574000000000000000e+03,1.289564474995561039e+00
6.575000000000000000e+03,1.184683546657887776e+00
6.576000000000000000e+03,1.372787151250179027e+00
6.577000000000000000e+03,1.148970423968218801e+00
6.578000000000000000e+03,1.255063191781938814e+00
6.579000000000000000e+03,1.330794701808261982e+00
6.580000000000000000e+03,1.411990880045360441e+00
6.581000000000000000e+03,1.474568894658462970e+00
6.582000000000000000e+03,1.294502546630425632e+00
6.583000000000000000e+03,1.315122666527120288e+00
6.584000000000000000e+03,1.146684619506103564e+00
6.585000000000000000e+03,1.285317683837197134e+00
6.586000000000000000e+03,1.367718598178252032e+00
6.587000000000000000e+03,1.277744638255881249e+00
6.588000000000000000e+03,1.233662506574230378e+00
6.589000000000000000e+03,1.344991442962400807e+00
6.590000000000000000e+03,1.377854716460044981e+00
6.591000000000000000e+03,1.258633461595822123e+00
6.592000000000000000e+03,1.287709681914936066e+00
6.593000000000000000e+03,1.250286198828033601e+00
6.594000000000000000e+03,1.170729307750083548e+00
6.595000000000000000e+03,1.357848396761386800e+00
6.596000000000000000e+03,1.297684729267789550e+00
6.597000000000000000e+03,1.260608253655974176e+00
6.598000000000000000e+03,1.198247113864540525e+00
6.599000000000000000e+03,1.391537161322299099e+00
6.600000000000000000e+03,1.176655020297898036e+00
6.601000000000000000e+03,1.294147678898250442e+00
6.602000000000000000e+03,1.326648489317043822e+00
6.603000000000000000e+03,1.425181492813672124e+00
6.604000000000000000e+03,1.243061772280097843e+00
6.605000000000000000e+03,1.208698726598303130e+00
6.606000000000000000e+03,1.287283062208329332e+00
6.607000000000000000e+03,1.264171827172089424e+00
6.608000000000000000e+03,1.261230758882746050e+00
6.609000000000000000e+03,1.366156969484768169e+00
6.610000000000000000e+03,1.335678034982277662e+00
6.611000000000000000e+03,1.309994288907981863e+00
6.612000000000000000e+03,1.208781403940186294e+00
6.613000000000000000e+03,1.372932359513437284e+00
6.614000000000000000e+03,1.390523930120407758e+00
6.615000000000000000e+03,1.335489173860815892e+00
6.616000000000000000e+03,1.171205620786802903e+00
6.617000000000000000e+03,1.314296963573700738e+00
6.618000000000000000e+03,1.395793927745840213e+00
6.619000000000000000e+03,1.259459392936923106e+00
6.620000000000000000e+03,1.219470064063388648e+00
6.621000000000000000e+03,1.314261505882958092e+00
6.622000000000000000e+03,1.055738683487670304e+00
6.623000000000000000e+03,1.223819454100515403e+00
6.624000000000000000e+03,1.368710747074987522e+00
6.625000000000000000e+03,1.190145450070229316e+00
6.626000000000000000e+03,1.172084667316263928e+00
6.627000000000000000e+03,1.276472343916367436e+00
6.628000000000000000e+03,1.274199601224257128e+00
6.629000000000000000e+03,1.401335952769999338e+00
6.630000000000000000e+03,1.235628780198844590e+00
6.631000000000000000e+03,1.324232122898731490e+00
6.632000000000000000e+03,1.323183739841743867e+00
6.633000000000000000e+03,1.311982606488783842e+00
6.634000000000000000e+03,1.162908676591106305e+00
6.635000000000000000e+03,1.243886524768542445e+00
6.636000000000000000e+03,1.287189437384759216e+00
6.637000000000000000e+03,1.404982101332041378e+00
6.638000000000000000e+03,1.341183834824783538e+00
6.639000000000000000e+03,1.365084226506181997e+00
6.640000000000000000e+03,1.254756723007771191e+00
6.641000000000000000e+03,1.189408481720793054e+00
6.642000000000000000e+03,1.216163811337996670e+00
6.643000000000000000e+03,1.229087742841821651e+00
6.644000000000000000e+03,1.340531712232184258e+00
6.645000000000000000e+03,1.255986678143452773e+00
6.646000000000000000e+03,1.306629828364897383e+00
6.647000000000000000e+03,1.234303669534150272e+00
6.648000000000000000e+03,1.249060957005569961e+00
6.649000000000000000e+03,1.227906336440689472e+00
6.650000000000000000e+03,1.148498556496848400e+00
6.651000000000000000e+03,1.344061536306313087e+00
6.652000000000000000e+03,1.351240053658133267e+00
6.653000000000000000e+03,1.093134055975691021e+00
6.654000000000000000e+03,1.095598528232448299e+00
6.655000000000000000e+03,1.075811027278684717e+00
6.656000000000000000e+03,1.202474669519369099e+00
6.657000000000000000e+03,1.257138355226364634e+00
6.658000000000000000e+03,1.289024670444978593e+00
6.659000000000000000e+03,1.189284763236331699e+00
6.660000000000000000e+03,1.252385581717502028e+00
6.661000000000000000e+03,1.328681923620060212e+00
6.662000000000000000e+03,1.265772452605334886e+00
6.663000000000000000e+03,1.169073704845934314e+00
6.664000000000000000e+03,1.207612985807430928e+00
6.665000000000000000e+03,1.107366765326711633e+00
6.666000000000000000e+03,1.224251823310957832e+00
6.667000000000000000e+03,1.290421252194496216e+00
6.668000000000000000e+03,1.232027892463413155e+00
6.669000000000000000e+03,1.358960702692990630e+00
6.670000000000000000e+03,1.140538843035732386e+00
6.671000000000000000e+03,1.155314496774527022e+00
6.672000000000000000e+03,1.102332078414629546e+00
6.673000000000000000e+03,1.150616500610590620e+00
6.674000000000000000e+03,1.183855882151239491e+00
6.675000000000000000e+03,1.318794129652230751e+00
6.676000000000000000e+03,1.263540143290244444e+00
6.677000000000000000e+03,1.224594270421447861e+00
6.678000000000000000e+03,1.278053303265497487e+00
6.679000000000000000e+03,1.218397480950759615e+00
6.680000000000000000e+03,1.231948114659056959e+00
6.681000000000000000e+03,1.237639576557271859e+00
6.682000000000000000e+03,1.407281678590873941e+00
6.683000000000000000e+03,1.367442418050238473e+00
6.684000000000000000e+03,1.168452291907771334e+00
6.685000000000000000e+03,1.296286550571008389e+00
6.686000000000000000e+03,1.277085198477563299e+00
6.687000000000000000e+03,1.212471719143089599e+00
6.688000000000000000e+03,1.193250664597860000e+00
6.689000000000000000e+03,1.274019910420050694e+00
6.690000000000000000e+03,1.134196115272276151e+00
6.691000000000000000e+03,1.140282967893528898e+00
6.692000000000000000e+03,1.160151608132558687e+00
6.693000000000000000e+03,1.194924178511976853e+00
6.694000000000000000e+03,1.285099402372248178e+00
6.695000000000000000e+03,1.383822343909357322e+00
6.696000000000000000e+03,1.280573329257780779e+00
6.697000000000000000e+03,1.480700233131246435e+00
6.698000000000000000e+03,1.236835201723085031e+00
6.699000000000000000e+03,1.225196447227146379e+00
6.700000000000000000e+03,1.227864479852103674e+00
6.701000000000000000e+03,1.234378058572021208e+00
6.702000000000000000e+03,1.476532958028074605e+00
6.703000000000000000e+03,1.244042104542814497e+00
6.704000000000000000e+03,1.333246567694004625e+00
6.705000000000000000e+03,1.235692111571266016e+00
6.706000000000000000e+03,1.189458551669405617e+00
6.707000000000000000e+03,1.219162128424104097e+00
6.708000000000000000e+03,1.299685572424629676e+00
6.709000000000000000e+03,1.376813671349492507e+00
6.710000000000000000e+03,1.332912486248370998e+00
6.711000000000000000e+03,1.352191394303754013e+00
6.712000000000000000e+03,1.206927633110374654e+00
6.713000000000000000e+03,1.291594163652845406e+00
6.714000000000000000e+03,1.283575936452081123e+00
6.715000000000000000e+03,1.314256935487654099e+00
6.716000000000000000e+03,1.425334976966059708e+00
6.717000000000000000e+03,1.284061173392559096e+00
6.718000000000000000e+03,1.118073935708370659e+00
6.719000000000000000e+03,1.165514121760975019e+00
6.720000000000000000e+03,1.287378604455658326e+00
6.721000000000000000e+03,1.238338749307077880e+00
6.722000000000000000e+03,1.101284078442297032e+00
6.723000000000000000e+03,1.241673552876884079e+00
6.724000000000000000e+03,1.081922011203075407e+00
6.725000000000000000e+03,1.163384573626881524e+00
6.726000000000000000e+03,1.218764081254189335e+00
6.727000000000000000e+03,1.225366265654609599e+00
6.728000000000000000e+03,1.236817941359687145e+00
6.729000000000000000e+03,1.125318240144740356e+00
6.730000000000000000e+03,1.129020239839131801e+00
6.731000000000000000e+03,1.243265467701665017e+00
6.732000000000000000e+03,1.196141102595434269e+00
6.733000000000000000e+03,1.399665719326719016e+00
6.734000000000000000e+03,1.189257076337788543e+00
6.735000000000000000e+03,1.400247495335843473e+00
6.736000000000000000e+03,1.326376957368901488e+00
6.737000000000000000e+03,1.319365738845739378e+00
6.738000000000000000e+03,1.238241506112285339e+00
6.739000000000000000e+03,1.344868024393818695e+00
6.740000000000000000e+03,1.354542343861415699e+00
6.741000000000000000e+03,1.254162613005228577e+00
6.742000000000000000e+03,1.349120145872594101e+00
6.743000000000000000e+03,1.331418120610951439e+00
6.744000000000000000e+03,1.501214217650894911e+00
6.745000000000000000e+03,1.340096862236282105e+00
6.746000000000000000e+03,1.329164394022816831e+00
6.747000000000000000e+03,1.372984167819672807e+00
6.748000000000000000e+03,1.193642902487820123e+00
6.749000000000000000e+03,1.419208263433213935e+00
6.750000000000000000e+03,1.236137581262241270e+00
6.751000000000000000e+03,1.386768823684971785e+00
6.752000000000000000e+03,1.204560374367226405e+00
6.753000000000000000e+03,1.331801374621315315e+00
6.754000000000000000e+03,1.285649023578143479e+00
6.755000000000000000e+03,1.410202684338845325e+00
6.756000000000000000e+03,1.410098019386231361e+00
6.757000000000000000e+03,1.298149097769246252e+00
6.758000000000000000e+03,1.299936881374336828e+00
6.759000000000000000e+03,1.321581778068049662e+00
6.760000000000000000e+03,1.200162256366313684e+00
6.761000000000000000e+03,1.237687554195729289e+00
6.762000000000000000e+03,1.171872670222340984e+00
6.763000000000000000e+03,1.238464620447794928e+00
6.764000000000000000e+03,1.283169836192449065e+00
6.765000000000000000e+03,1.116822308268527797e+00
6.766000000000000000e+03,1.186615409340888938e+00
6.767000000000000000e+03,1.226048948429333985e+00
6.768000000000000000e+03,1.264844337545839137e+00
6.769000000000000000e+03,1.032363714627276607e+00
6.770000000000000000e+03,1.277998681582432239e+00
6.771000000000000000e+03,1.200724775548301482e+00
6.772000000000000000e+03,1.178469491538545855e+00
6.773000000000000000e+03,1.242237492772446661e+00
6.774000000000000000e+03,1.358804167808819852e+00
6.775000000000000000e+03,1.292013115285596037e+00
6.776000000000000000e+03,1.235898729277675523e+00
6.777000000000000000e+03,1.273828645605788568e+00
6.778000000000000000e+03,1.290978404468203999e+00
6.779000000000000000e+03,1.186066055101901773e+00
6.780000000000000000e+03,1.107150827350522393e+00
6.781000000000000000e+03,1.283337991264244193e+00
6.782000000000000000e+03,1.104155484796644826e+00
6.783000000000000000e+03,1.158249914272474479e+00
6.784000000000000000e+03,1.132215462463667333e+00
6.785000000000000000e+03,1.376198165594565870e+00
6.786000000000000000e+03,1.201513095204451265e+00
6.787000000000000000e+03,1.248415378451091629e+00
6.788000000000000000e+03,1.070445924278512706e+00
6.789000000000000000e+03,1.112028272799979511e+00
6.790000000000000000e+03,1.245438964948626825e+00
6.791000000000000000e+03,1.346889092731213156e+00
6.792000000000000000e+03,1.206078187161274018e+00
6.793000000000000000e+03,1.309811917138304915e+00
6.794000000000000000e+03,1.123824641753472742e+00
6.795000000000000000e+03,1.236966158898898493e+00
6.796000000000000000e+03,1.307512484568783773e+00
6.797000000000000000e+03,1.336425763755067164e+00
6.798000000000000000e+03,1.140986660285948195e+00
6.799000000000000000e+03,1.190088779544152375e+00
6.800000000000000000e+03,1.151657441718414221e+00
6.801000000000000000e+03,1.393379911155149919e+00
6.802000000000000000e+03,1.208139332215641293e+00
6.803000000000000000e+03,1.361181283757075366e+00
6.804000000000000000e+03,1.233987861416649956e+00
6.805000000000000000e+03,1.192879413703903158e+00
6.806000000000000000e+03,1.424559873759509987e+00
6.807000000000000000e+03,1.247838181402957991e+00
6.808000000000000000e+03,1.197138406792521925e+00
6.809000000000000000e+03,1.136580315926379425e+00
6.810000000000000000e+03,1.282287226171713757e+00
6.811000000000000000e+03,1.102017310326422805e+00
6.812000000000000000e+03,1.236797573959328878e+00
6.813000000000000000e+03,1.304021581927444107e+00
6.814000000000000000e+03,1.387350718367111879e+00
6.815000000000000000e+03,1.202872170861257084e+00
6.816000000000000000e+03,1.216474540074752753e+00
6.817000000000000000e+03,1.318418326350615954e+00
6.818000000000000000e+03,1.336400134367586867e+00
6.819000000000000000e+03,1.161955606528141782e+00
6.820000000000000000e+03,1.207458436467014895e+00
6.821000000000000000e+03,1.176744163347137162e+00
6.822000000000000000e+03,1.195140162442589471e+00
6.823000000000000000e+03,1.259656037412823393e+00
6.824000000000000000e+03,1.359012854184485919e+00
6.825000000000000000e+03,1.333761581930057005e+00
6.826000000000000000e+03,1.252968418252364380e+00
6.827000000000000000e+03,1.159414386510807082e+00
6.828000000000000000e+03,1.244582923216894121e+00
6.829000000000000000e+03,1.361896600696204773e+00
6.830000000000000000e+03,1.262826137388812997e+00
6.831000000000000000e+03,1.301426610793941174e+00
6.832000000000000000e+03,1.288726610698847974e+00
6.833000000000000000e+03,1.171682132120228870e+00
6.834000000000000000e+03,1.190255530309227927e+00
6.835000000000000000e+03,1.358486635275480969e+00
6.836000000000000000e+03,1.193364898223462367e+00
6.837000000000000000e+03,1.188025659933537481e+00
6.838000000000000000e+03,1.240756110759875686e+00
6.839000000000000000e+03,1.184422313696399387e+00
6.840000000000000000e+03,1.305348485725078778e+00
6.841000000000000000e+03,1.139638678654627535e+00
6.842000000000000000e+03,1.246644407840441726e+00
6.843000000000000000e+03,1.311680811499035482e+00
6.844000000000000000e+03,1.162462970157932540e+00
6.845000000000000000e+03,1.399687431167074392e+00
6.846000000000000000e+03,1.160132612927900819e+00
6.847000000000000000e+03,1.020542359356501283e+00
6.848000000000000000e+03,1.188348174407185098e+00
6.849000000000000000e+03,1.317069335941503994e+00
6.850000000000000000e+03,1.449305817919313899e+00
6.851000000000000000e+03,1.255698647539390977e+00
6.852000000000000000e+03,1.204785390806739409e+00
6.853000000000000000e+03,1.160829842257214084e+00
6.854000000000000000e+03,1.159607184577740924e+00
6.855000000000000000e+03,1.188300847881912592e+00
6.856000000000000000e+03,1.188481383200746366e+00
6.857000000000000000e+03,1.127347893865309647e+00
6.858000000000000000e+03,1.407484466557679115e+00
6.859000000000000000e+03,1.280466119694947169e+00
6.860000000000000000e+03,1.339812271798231924e+00
6.861000000000000000e+03,1.245063807108615084e+00
6.862000000000000000e+03,1.212365194441098026e+00
6.863000000000000000e+03,1.125549269579427358e+00
6.864000000000000000e+03,1.345051181574588695e+00
6.865000000000000000e+03,1.194960731634541862e+00
6.866000000000000000e+03,1.255732967688408142e+00
6.867000000000000000e+03,1.235891943240583934e+00
6.868000000000000000e+03,1.436082170203282438e+00
6.869000000000000000e+03,1.287414963310059557e+00
6.870000000000000000e+03,1.219660978406986507e+00
6.871000000000000000e+03,1.199618486437725284e+00
6.872000000000000000e+03,1.194363434048613781e+00
6.873000000000000000e+03,1.218526738066823656e+00
6.874000000000000000e+03,1.184189369215450593e+00
6.875000000000000000e+03,1.155450929467161769e+00
6.876000000000000000e+03,1.133499654408803847e+00
6.877000000000000000e+03,1.145615550645194824e+00
6.878000000000000000e+03,1.319507765080388584e+00
6.879000000000000000e+03,1.087066279910647859e+00
6.880000000000000000e+03,1.191772899669633290e+00
6.881000000000000000e+03,1.174905454276700123e+00
6.882000000000000000e+03,1.206970452589124054e+00
6.883000000000000000e+03,1.238539475241588139e+00
6.884000000000000000e+03,1.115128506185008916e+00
6.885000000000000000e+03,1.166654041745379233e+00
6.886000000000000000e+03,1.097213012036021951e+00
6.887000000000000000e+03,1.099924066513321197e+00
6.888000000000000000e+03,1.361006886671300986e+00
6.889000000000000000e+03,1.028516996562477193e+00
6.890000000000000000e+03,1.258624254614324700e+00
6.891000000000000000e+03,1.128814133696237176e+00
6.892000000000000000e+03,1.246236044593626691e+00
6.893000000000000000e+03,1.162627779598611300e+00
6.894000000000000000e+03,1.238193455769787343e+00
6.895000000000000000e+03,1.115770669191976427e+00
6.896000000000000000e+03,1.195895580384597867e+00
6.897000000000000000e+03,1.342760027817652801e+00
6.898000000000000000e+03,1.238409814224330274e+00
6.899000000000000000e+03,1.248717988201046847e+00
6.900000000000000000e+03,1.081057661267371461e+00
6.901000000000000000e+03,1.235489471320856847e+00
6.902000000000000000e+03,1.152724386446920324e+00
6.903000000000000000e+03,1.324094975346863379e+00
6.904000000000000000e+03,1.200300162225641065e+00
6.905000000000000000e+03,1.134790240068725309e+00
6.906000000000000000e+03,1.224047815198742839e+00
6.907000000000000000e+03,1.213703257961343818e+00
6.908000000000000000e+03,1.173800772626418576e+00
6.909000000000000000e+03,1.150994431922502281e+00
6.910000000000000000e+03,1.182680645957875365e+00
6.911000000000000000e+03,1.220339610697854349e+00
6.912000000000000000e+03,1.226800362339823369e+00
6.913000000000000000e+03,1.086251159623975227e+00
6.914000000000000000e+03,1.076956199698310357e+00
6.915000000000000000e+03,1.110701646954851851e+00
6.916000000000000000e+03,1.238155182231061024e+00
6.917000000000000000e+03,1.257827399800852231e+00
6.918000000000000000e+03,1.306620336899278145e+00
6.919000000000000000e+03,1.188756196372512619e+00
6.920000000000000000e+03,1.246006123608142335e+00
6.921000000000000000e+03,1.293867684322596467e+00
6.922000000000000000e+03,1.254854512917541909e+00
6.923000000000000000e+03,1.188365897802482474e+00
6.924000000000000000e+03,1.184194194510403531e+00
6.925000000000000000e+03,1.212964202094723776e+00
6.926000000000000000e+03,1.302973877054020901e+00
6.927000000000000000e+03,1.205951519761393032e+00
6.928000000000000000e+03,1.201941734018972197e+00
6.929000000000000000e+03,1.365990177318277210e+00
6.930000000000000000e+03,1.168642291334766936e+00
6.931000000000000000e+03,1.339898448930714636e+00
6.932000000000000000e+03,1.083523346131503473e+00
6.933000000000000000e+03,1.273333896337970117e+00
6.934000000000000000e+03,1.196426215125381498e+00
6.935000000000000000e+03,1.403739855696493066e+00
6.936000000000000000e+03,1.165777632721115786e+00
6.937000000000000000e+03,1.283414941298781198e+00
6.938000000000000000e+03,1.225444961883620065e+00
6.939000000000000000e+03,1.233092298072173021e+00
6.940000000000000000e+03,1.236099450196593619e+00
6.941000000000000000e+03,1.342532761293639076e+00
6.942000000000000000e+03,1.227617910866612316e+00
6.943000000000000000e+03,1.215631441891930065e+00
6.944000000000000000e+03,1.274520369992757418e+00
6.945000000000000000e+03,1.304454514204971050e+00
6.946000000000000000e+03,1.167857938680366470e+00
6.947000000000000000e+03,1.286147111624414308e+00
6.948000000000000000e+03,1.234615053519221073e+00
6.949000000000000000e+03,1.340154110214512695e+00
6.950000000000000000e+03,1.268459441576040403e+00
6.951000000000000000e+03,1.260221311629684982e+00
6.952000000000000000e+03,1.128957897885301875e+00
6.953000000000000000e+03,1.288092705626021628e+00
6.954000000000000000e+03,1.358971425489575946e+00
6.955000000000000000e+03,1.255171338577857787e+00
6.956000000000000000e+03,1.309153024720115743e+00
6.957000000000000000e+03,1.151256714935116721e+00
6.958000000000000000e+03,1.245494930561227287e+00
6.959000000000000000e+03,1.322158145822191377e+00
6.960000000000000000e+03,1.242264662172714917e+00
6.961000000000000000e+03,1.347688484339846893e+00
6.962000000000000000e+03,1.257644086169292796e+00
6.963000000000000000e+03,1.283575171246727820e+00
6.964000000000000000e+03,1.130783153298601018e+00
6.965000000000000000e+03,1.262384295388273792e+00
6.966000000000000000e+03,1.176006657481537099e+00
6.967000000000000000e+03,1.155903699969086595e+00
6.968000000000000000e+03,1.178722931555525655e+00
6.969000000000000000e+03,1.280172783181884322e+00
6.970000000000000000e+03,1.340111089854827631e+00
6.971000000000000000e+03,1.285412243945947663e+00
6.972000000000000000e+03,1.377798599454375772e+00
6.973000000000000000e+03,1.429583601240587809e+00
6.974000000000000000e+03,1.320065316241749720e+00
6.975000000000000000e+03,1.117284037853824019e+00
6.976000000000000000e+03,1.152607112044762516e+00
6.977000000000000000e+03,1.227777521840447417e+00
6.978000000000000000e+03,1.361958556881815774e+00
6.979000000000000000e+03,1.201202406399534128e+00
6.980000000000000000e+03,1.256202053470483637e+00
6.981000000000000000e+03,1.198016728862755675e+00
6.982000000000000000e+03,1.150653516512734287e+00
6.983000000000000000e+03,1.403100516223520389e+00
6.984000000000000000e+03,1.099345498944329202e+00
6.985000000000000000e+03,1.332108830998758542e+00
6.986000000000000000e+03,1.315078284504936024e+00
6.987000000000000000e+03,1.341992259300199386e+00
6.988000000000000000e+03,1.206283171656617803e+00
6.989000000000000000e+03,1.197905266887487441e+00
6.990000000000000000e+03,1.027813349512775920e+00
6.991000000000000000e+03,1.255985505733549390e+00
6.992000000000000000e+03,1.184087525245439698e+00
6.993000000000000000e+03,1.223728965155944426e+00
6.994000000000000000e+03,1.294124921179113263e+00
6.995000000000000000e+03,1.167519741075983664e+00
6.996000000000000000e+03,1.159935766181857897e+00
6.997000000000000000e+03,1.260237960187101880e+00
6.998000000000000000e+03,1.121555435434880676e+00
6.999000000000000000e+03,1.090609019628075105e+00
7.000000000000000000e+03,1.239920536182357091e+00
7.001000000000000000e+03,1.346170368959810348e+00
7.002000000000000000e+03,1.282574262556936739e+00
7.003000000000000000e+03,1.263401840607250248e+00
7.004000000000000000e+03,1.127097036126289087e+00
7.005000000000000000e+03,1.229554143949072031e+00
7.006000000000000000e+03,1.200540567803879854e+00
7.007000000000000000e+03,1.038676701058558693e+00
7.008000000000000000e+03,1.246599895846347783e+00
7.009000000000000000e+03,1.206312507467695472e+00
7.010000000000000000e+03,1.143979492550429633e+00
7.011000000000000000e+03,1.181053781184438378e+00
7.012000000000000000e+03,1.266012378974023855e+00
7.013000000000000000e+03,1.372696469896033999e+00
7.014000000000000000e+03,1.159875435682899081e+00
7.015000000000000000e+03,1.307849201015254037e+00
7.016000000000000000e+03,1.238337715943992778e+00
7.017000000000000000e+03,1.282949392205642303e+00
7.018000000000000000e+03,1.283536560809025895e+00
7.019000000000000000e+03,1.204336052725366368e+00
7.020000000000000000e+03,1.259581553580842561e+00
7.021000000000000000e+03,1.257533361887479106e+00
7.022000000000000000e+03,1.288074797402006144e+00
7.023000000000000000e+03,1.143859735639149333e+00
7.024000000000000000e+03,1.155016903458525812e+00
7.025000000000000000e+03,1.226135013992879053e+00
7.026000000000000000e+03,1.216555353173137677e+00
7.027000000000000000e+03,1.322929463427004348e+00
7.028000000000000000e+03,1.107741156828133677e+00
7.029000000000000000e+03,1.265177210209868397e+00
7.030000000000000000e+03,1.213656557385989210e+00
7.031000000000000000e+03,1.304994866707587464e+00
7.032000000000000000e+03,1.249353195070651790e+00
7.033000000000000000e+03,1.341258655175505687e+00
7.034000000000000000e+03,1.293058883857824526e+00
7.035000000000000000e+03,1.158808248221934400e+00
7.036000000000000000e+03,1.174807576496549100e+00
7.037000000000000000e+03,1.356554112718135308e+00
7.038000000000000000e+03,1.412506651918338907e+00
7.039000000000000000e+03,1.264688683175777761e+00
7.040000000000000000e+03,1.245167467244624016e+00
7.041000000000000000e+03,1.194236175299834057e+00
7.042000000000000000e+03,1.131034808820037263e+00
7.043000000000000000e+03,1.194185414932740663e+00
7.044000000000000000e+03,1.394937199418784690e+00
7.045000000000000000e+03,1.299670067551397024e+00
7.046000000000000000e+03,1.157744038337173764e+00
7.047000000000000000e+03,1.131379248168163043e+00
7.048000000000000000e+03,1.179761780725055331e+00
7.049000000000000000e+03,1.223798810657338976e+00
7.050000000000000000e+03,1.332283666893862684e+00
7.051000000000000000e+03,1.091494653824827576e+00
7.052000000000000000e+03,1.252534396725181409e+00
7.053000000000000000e+03,1.061576318963083576e+00
7.054000000000000000e+03,1.079983941129729397e+00
7.055000000000000000e+03,1.225577107058898996e+00
7.056000000000000000e+03,1.166841773426620099e+00
7.057000000000000000e+03,1.094619760377099738e+00
7.058000000000000000e+03,1.226068678108944709e+00
7.059000000000000000e+03,1.075848149406517518e+00
7.060000000000000000e+03,1.395749726734833995e+00
7.061000000000000000e+03,1.395291592346859399e+00
7.062000000000000000e+03,1.308727698250135463e+00
7.063000000000000000e+03,1.249501763544423216e+00
7.064000000000000000e+03,1.327003311220896098e+00
7.065000000000000000e+03,1.281026935749725482e+00
7.066000000000000000e+03,1.441157936801385819e+00
7.067000000000000000e+03,1.062559561964341981e+00
7.068000000000000000e+03,1.054874880299388140e+00
7.069000000000000000e+03,1.093140061186973933e+00
7.070000000000000000e+03,1.104277564615171459e+00
7.071000000000000000e+03,1.075734373209635386e+00
7.072000000000000000e+03,1.264314040384106441e+00
7.073000000000000000e+03,1.203758387946710862e+00
7.074000000000000000e+03,1.225784568654919138e+00
7.075000000000000000e+03,9.954156992784758407e-01
7.076000000000000000e+03,1.158608129845104751e+00
7.077000000000000000e+03,1.213437161587472612e+00
7.078000000000000000e+03,1.163724942634943194e+00
7.079000000000000000e+03,1.133342808358214659e+00
7.080000000000000000e+03,1.240963439362364085e+00
7.081000000000000000e+03,1.240946847498779482e+00
7.082000000000000000e+03,1.258819709717702517e+00
7.083000000000000000e+03,1.169073867778576137e+00
7.084000000000000000e+03,1.406271534997656891e+00
7.085000000000000000e+03,1.197974136209241314e+00
7.086000000000000000e+03,1.330236672912342710e+00
7.087000000000000000e+03,1.283321571315888754e+00
7.088000000000000000e+03,1.219140107932760175e+00
7.089000000000000000e+03,1.170589957165829587e+00
7.090000000000000000e+03,1.125671087867164299e+00
7.091000000000000000e+03,1.206999148349477968e+00
7.092000000000000000e+03,1.204565437810617645e+00
7.093000000000000000e+03,1.168468780447748046e+00
7.094000000000000000e+03,1.386239918020790496e+00
7.095000000000000000e+03,1.172298133127738673e+00
7.096000000000000000e+03,1.345382624044613618e+00
7.097000000000000000e+03,1.173472026176142435e+00
7.098000000000000000e+03,1.139018121521135685e+00
7.099000000000000000e+03,1.321404390512549654e+00
7.100000000000000000e+03,1.281074446608974737e+00
7.101000000000000000e+03,1.276247317765717204e+00
7.102000000000000000e+03,1.170755852178143819e+00
7.103000000000000000e+03,1.144552752829717912e+00
7.104000000000000000e+03,1.129441194251068925e+00
7.105000000000000000e+03,1.205986925440012181e+00
7.106000000000000000e+03,1.290856465483041449e+00
7.107000000000000000e+03,1.279938023313440976e+00
7.108000000000000000e+03,1.219307525394738301e+00
7.109000000000000000e+03,1.120662328807377595e+00
7.110000000000000000e+03,1.185764550913285476e+00
7.111000000000000000e+03,1.175174139122684869e+00
7.112000000000000000e+03,1.218823730321047627e+00
7.113000000000000000e+03,1.277625412458446963e+00
7.114000000000000000e+03,1.299952391757473347e+00
7.115000000000000000e+03,1.201183645924473131e+00
7.116000000000000000e+03,1.391550628901421005e+00
7.117000000000000000e+03,1.148345544488268422e+00
7.118000000000000000e+03,1.169443694700593728e+00
7.119000000000000000e+03,1.170587825381147473e+00
7.120000000000000000e+03,1.142143224765161058e+00
7.121000000000000000e+03,1.202437239403160829e+00
7.122000000000000000e+03,1.321095508428912657e+00
7.123000000000000000e+03,1.152953241288482644e+00
7.124000000000000000e+03,1.230690642637219723e+00
7.125000000000000000e+03,1.175970318794181679e+00
7.126000000000000000e+03,1.256367572191394055e+00
7.127000000000000000e+03,1.363360376877817082e+00
7.128000000000000000e+03,1.514980767525591299e+00
7.129000000000000000e+03,1.379338792080563536e+00
7.130000000000000000e+03,1.245543679112490310e+00
7.131000000000000000e+03,1.165353014022226352e+00
7.132000000000000000e+03,1.349307630763896926e+00
7.133000000000000000e+03,1.251732119549014310e+00
7.134000000000000000e+03,1.286009257159970609e+00
7.135000000000000000e+03,1.394109505525080284e+00
7.136000000000000000e+03,1.405950571922394587e+00
7.137000000000000000e+03,1.161608617934665633e+00
7.138000000000000000e+03,1.348904211735438841e+00
7.139000000000000000e+03,1.312959193242866585e+00
7.140000000000000000e+03,1.129725263456978102e+00
7.141000000000000000e+03,1.313045817080333633e+00
7.142000000000000000e+03,1.180395977877053637e+00
7.143000000000000000e+03,1.270716392472157397e+00
7.144000000000000000e+03,1.173548286685578868e+00
7.145000000000000000e+03,1.297444965162974695e+00
7.146000000000000000e+03,1.273193908194852897e+00
7.147000000000000000e+03,1.277165195071062076e+00
7.148000000000000000e+03,9.941613141578033996e-01
7.149000000000000000e+03,1.228203121450496926e+00
7.150000000000000000e+03,1.189399183027495921e+00
7.151000000000000000e+03,1.271266783461486138e+00
7.152000000000000000e+03,1.363070318507809242e+00
7.153000000000000000e+03,1.408122580897322562e+00
7.154000000000000000e+03,1.457440694228943512e+00
7.155000000000000000e+03,1.476389438246155539e+00
7.156000000000000000e+03,1.358765858742188914e+00
7.157000000000000000e+03,1.196822303252916830e+00
7.158000000000000000e+03,1.314626244790317644e+00
7.159000000000000000e+03,1.240043675977942739e+00
7.160000000000000000e+03,1.215595704376541075e+00
7.161000000000000000e+03,1.256926275651756963e+00
7.162000000000000000e+03,1.248051126814374800e+00
7.163000000000000000e+03,1.275681868077496173e+00
7.164000000000000000e+03,1.301632642414951357e+00
7.165000000000000000e+03,1.097479593215393789e+00
7.166000000000000000e+03,1.262427571819060734e+00
7.167000000000000000e+03,1.226364271604736489e+00
7.168000000000000000e+03,1.264574555095025588e+00
7.169000000000000000e+03,1.276635816737486495e+00
7.170000000000000000e+03,1.334288580558495640e+00
7.171000000000000000e+03,1.275744182071514965e+00
7.172000000000000000e+03,1.238070929799702125e+00
7.173000000000000000e+03,1.131588308915775443e+00
7.174000000000000000e+03,1.244754810496013997e+00
7.175000000000000000e+03,1.130635936371886752e+00
7.176000000000000000e+03,1.024162768670138224e+00
7.177000000000000000e+03,1.346493569784606992e+00
7.178000000000000000e+03,1.305987848271520368e+00
7.179000000000000000e+03,1.058538293990508805e+00
7.180000000000000000e+03,1.353524818136852881e+00
7.181000000000000000e+03,1.402309824575070918e+00
7.182000000000000000e+03,1.332573162355139562e+00
7.183000000000000000e+03,1.335980864646882704e+00
7.184000000000000000e+03,1.412112766769466621e+00
7.185000000000000000e+03,1.332683366140136938e+00
7.186000000000000000e+03,1.251040175124872977e+00
7.187000000000000000e+03,1.383416008780286699e+00
7.188000000000000000e+03,1.262399069659247752e+00
7.189000000000000000e+03,1.268299619840042025e+00
7.190000000000000000e+03,1.001748576967263160e+00
7.191000000000000000e+03,1.316536369907598703e+00
7.192000000000000000e+03,1.150714613871265390e+00
7.193000000000000000e+03,1.189154890966773515e+00
7.194000000000000000e+03,1.289262600609704323e+00
7.195000000000000000e+03,1.227786152003801590e+00
7.196000000000000000e+03,1.254436844132161166e+00
7.197000000000000000e+03,1.205064970209381636e+00
7.198000000000000000e+03,1.235983026546013885e+00
7.199000000000000000e+03,1.333317414076224061e+00
7.200000000000000000e+03,1.345463141810137486e+00
7.201000000000000000e+03,1.129037225612183448e+00
7.202000000000000000e+03,1.358013600878680949e+00
7.203000000000000000e+03,1.200199303843394016e+00
7.204000000000000000e+03,1.250386155291926205e+00
7.205000000000000000e+03,1.046499704644103135e+00
7.206000000000000000e+03,1.224869068780127579e+00
7.207000000000000000e+03,1.247645237871644275e+00
7.208000000000000000e+03,1.231288218356527686e+00
7.209000000000000000e+03,1.138614017543069012e+00
7.210000000000000000e+03,1.123566236610421321e+00
7.211000000000000000e+03,1.223851034946054517e+00
7.212000000000000000e+03,1.036340267336011367e+00
7.213000000000000000e+03,1.165598561266269151e+00
7.214000000000000000e+03,1.191996739489469048e+00
7.215000000000000000e+03,1.182440192082068631e+00
7.216000000000000000e+03,1.279649066769271704e+00
7.217000000000000000e+03,1.191163558310439852e+00
7.218000000000000000e+03,1.184209296120651400e+00
7.219000000000000000e+03,1.123415972886141478e+00
7.220000000000000000e+03,1.231933961719843262e+00
7.221000000000000000e+03,1.138452456536947155e+00
7.222000000000000000e+03,1.275194217890146087e+00
7.223000000000000000e+03,1.293434309431105600e+00
7.224000000000000000e+03,1.172060721494604829e+00
7.225000000000000000e+03,1.115522574013352974e+00
7.226000000000000000e+03,1.205133079600016588e+00
7.227000000000000000e+03,1.289498042244823006e+00
7.228000000000000000e+03,1.232186994423467574e+00
7.229000000000000000e+03,1.218400383086161387e+00
7.230000000000000000e+03,1.345484851705784468e+00
7.231000000000000000e+03,1.204230376927098112e+00
7.232000000000000000e+03,1.011201986879349812e+00
7.233000000000000000e+03,1.247171872164567485e+00
7.234000000000000000e+03,1.283061609973798811e+00
7.235000000000000000e+03,1.078618614807950182e+00
7.236000000000000000e+03,1.209774194633803868e+00
7.237000000000000000e+03,1.128173032255469277e+00
7.238000000000000000e+03,1.318037874282449451e+00
7.239000000000000000e+03,1.152523469830410985e+00
7.240000000000000000e+03,1.098299567193960824e+00
7.241000000000000000e+03,1.183227128442042808e+00
7.242000000000000000e+03,1.120982347626895637e+00
7.243000000000000000e+03,1.209704464107616451e+00
7.244000000000000000e+03,1.350080057287581070e+00
7.245000000000000000e+03,1.243816066769545259e+00
7.246000000000000000e+03,1.290457624594488317e+00
7.247000000000000000e+03,1.099247055780715021e+00
7.248000000000000000e+03,1.376456565108411745e+00
7.249000000000000000e+03,1.201226322669115998e+00
7.250000000000000000e+03,1.199541368775334904e+00
7.251000000000000000e+03,1.078509913326313185e+00
7.252000000000000000e+03,1.239400866657417222e+00
7.253000000000000000e+03,1.077212817918415722e+00
7.254000000000000000e+03,1.245192498239434675e+00
7.255000000000000000e+03,1.183243329510985875e+00
7.256000000000000000e+03,1.268979304060950719e+00
7.257000000000000000e+03,1.276718679924503164e+00
7.258000000000000000e+03,1.257135855450751016e+00
7.259000000000000000e+03,1.224500925274142116e+00
7.260000000000000000e+03,1.343540324717636070e+00
7.261000000000000000e+03,1.146156910427399422e+00
7.262000000000000000e+03,1.169403525850388315e+00
7.263000000000000000e+03,1.235682149419415898e+00
7.264000000000000000e+03,1.144716573457164932e+00
7.265000000000000000e+03,1.174581113257197273e+00
7.266000000000000000e+03,1.100195563597639037e+00
7.267000000000000000e+03,1.113838720960603546e+00
7.268000000000000000e+03,1.229530692996922969e+00
7.269000000000000000e+03,1.280435994160852964e+00
7.270000000000000000e+03,1.387657164483088845e+00
7.271000000000000000e+03,1.383214157857725946e+00
7.272000000000000000e+03,1.422018686074145277e+00
7.273000000000000000e+03,1.307875643401753996e+00
7.274000000000000000e+03,1.264352496543357240e+00
7.275000000000000000e+03,1.359633670641647418e+00
7.276000000000000000e+03,1.353675198053691187e+00
7.277000000000000000e+03,1.341304393304744824e+00
7.278000000000000000e+03,1.368660763573935846e+00
7.279000000000000000e+03,1.280643071760098950e+00
7.280000000000000000e+03,1.222278310780768429e+00
7.281000000000000000e+03,1.189619677525765695e+00
7.282000000000000000e+03,1.170430510414890213e+00
7.283000000000000000e+03,1.263602060753447498e+00
7.284000000000000000e+03,1.333306035676305124e+00
7.285000000000000000e+03,1.267015447481783408e+00
7.286000000000000000e+03,1.344812360662417383e+00
7.287000000000000000e+03,1.149036790927219442e+00
7.288000000000000000e+03,1.371803597942448771e+00
7.289000000000000000e+03,1.148734296413213007e+00
7.290000000000000000e+03,1.341287365928483188e+00
7.291000000000000000e+03,1.167074550977873715e+00
7.292000000000000000e+03,1.163696327816874376e+00
7.293000000000000000e+03,1.219431488510444472e+00
7.294000000000000000e+03,1.120284945862443982e+00
7.295000000000000000e+03,1.113886360217412497e+00
7.296000000000000000e+03,1.226707011411352077e+00
7.297000000000000000e+03,1.265630210960402291e+00
7.298000000000000000e+03,1.226976664803948847e+00
7.299000000000000000e+03,1.145997496598331500e+00
7.300000000000000000e+03,1.101468303732261012e+00
7.301000000000000000e+03,1.206740158824173736e+00
7.302000000000000000e+03,1.299647317769685229e+00
7.303000000000000000e+03,1.271872521129333800e+00
7.304000000000000000e+03,1.404937052673977060e+00
7.305000000000000000e+03,1.300660235175269408e+00
7.306000000000000000e+03,1.377714872525692025e+00
7.307000000000000000e+03,1.197850705759473833e+00
7.308000000000000000e+03,1.103751984099379468e+00
7.309000000000000000e+03,1.249964564642010112e+00
7.310000000000000000e+03,1.115529102248857152e+00
7.311000000000000000e+03,1.293145608230585664e+00
7.312000000000000000e+03,1.174410249038168041e+00
7.313000000000000000e+03,1.158779945711464032e+00
7.314000000000000000e+03,1.180668943795112114e+00
7.315000000000000000e+03,1.263138395756221666e+00
7.316000000000000000e+03,1.122174346303571157e+00
7.317000000000000000e+03,1.251379554878088163e+00
7.318000000000000000e+03,1.155974332891885448e+00
7.319000000000000000e+03,1.203324460890716541e+00
7.320000000000000000e+03,1.218037640982494452e+00
7.321000000000000000e+03,1.252151850920712572e+00
7.322000000000000000e+03,1.271485586961937475e+00
7.323000000000000000e+03,1.280130343367231083e+00
7.324000000000000000e+03,1.305532128212889553e+00
7.325000000000000000e+03,1.472811228422864049e+00
7.326000000000000000e+03,1.217530609426311861e+00
7.327000000000000000e+03,1.290025724966620935e+00
7.328000000000000000e+03,1.136884812820611268e+00
7.329000000000000000e+03,1.140236387106009719e+00
7.330000000000000000e+03,1.375207689382254239e+00
7.331000000000000000e+03,1.194808633621595062e+00
7.332000000000000000e+03,1.144595419891850430e+00
7.333000000000000000e+03,1.302046953900440451e+00
7.334000000000000000e+03,1.183933235246298787e+00
7.335000000000000000e+03,1.266758067800842769e+00
7.336000000000000000e+03,1.260067914405429201e+00
7.337000000000000000e+03,1.202670334572293109e+00
7.338000000000000000e+03,1.081762841335530245e+00
7.339000000000000000e+03,1.376436794406379338e+00
7.340000000000000000e+03,1.155750354728733109e+00
7.341000000000000000e+03,1.148875584568519237e+00
7.342000000000000000e+03,1.018129726113526257e+00
7.343000000000000000e+03,1.294450313546580356e+00
7.344000000000000000e+03,1.258322101006414062e+00
7.345000000000000000e+03,1.202065210673408435e+00
7.346000000000000000e+03,1.209451724042196030e+00
7.347000000000000000e+03,1.131122125146030832e+00
7.348000000000000000e+03,1.179169089201270948e+00
7.349000000000000000e+03,1.228296873980387005e+00
7.350000000000000000e+03,1.277135499321867984e+00
7.351000000000000000e+03,1.274545846084470524e+00
7.352000000000000000e+03,1.054715974023947345e+00
7.353000000000000000e+03,1.147451043356740641e+00
7.354000000000000000e+03,1.177683601217376808e+00
7.355000000000000000e+03,1.246544273774145228e+00
7.356000000000000000e+03,1.373147403151913304e+00
7.357000000000000000e+03,1.141389303373055553e+00
7.358000000000000000e+03,1.241109936128677704e+00
7.359000000000000000e+03,1.153673300572974458e+00
7.360000000000000000e+03,1.201447053683743160e+00
7.361000000000000000e+03,1.310945140477269844e+00
7.362000000000000000e+03,1.236604294141937732e+00
7.363000000000000000e+03,1.255586604463875489e+00
7.364000000000000000e+03,1.206598334946406226e+00
7.365000000000000000e+03,1.048103559977798582e+00
7.366000000000000000e+03,1.050795547274365083e+00
7.367000000000000000e+03,1.226245991107397071e+00
7.368000000000000000e+03,1.160874831090422665e+00
7.369000000000000000e+03,1.220890428968724351e+00
7.370000000000000000e+03,1.250805321182257845e+00
7.371000000000000000e+03,1.167782705893680939e+00
7.372000000000000000e+03,1.226920557719155314e+00
7.373000000000000000e+03,1.225151192448359572e+00
7.374000000000000000e+03,1.231332333116471611e+00
7.375000000000000000e+03,1.196327710378634501e+00
7.376000000000000000e+03,1.250593163103979721e+00
7.377000000000000000e+03,1.303925408630490557e+00
7.378000000000000000e+03,1.263748280811180846e+00
7.379000000000000000e+03,1.198370754647977154e+00
7.380000000000000000e+03,1.215540946041306247e+00
7.381000000000000000e+03,1.329567026079930159e+00
7.382000000000000000e+03,1.239317080336642007e+00
7.383000000000000000e+03,1.332006362590964610e+00
7.384000000000000000e+03,1.489723469157842484e+00
7.385000000000000000e+03,1.378544113843808594e+00
7.386000000000000000e+03,1.249410939841105739e+00
7.387000000000000000e+03,1.215510024846966575e+00
7.388000000000000000e+03,1.251400771298155634e+00
7.389000000000000000e+03,1.265102859454508177e+00
7.390000000000000000e+03,1.323405167554432715e+00
7.391000000000000000e+03,1.255091248326228648e+00
7.392000000000000000e+03,1.387783880110975199e+00
7.393000000000000000e+03,1.323133155531307281e+00
7.394000000000000000e+03,1.241652386228183635e+00
7.395000000000000000e+03,1.253736018386600648e+00
7.396000000000000000e+03,1.240128932836976894e+00
7.397000000000000000e+03,1.187019676596143825e+00
7.398000000000000000e+03,1.212040779182995687e+00
7.399000000000000000e+03,1.192305981080414190e+00
7.400000000000000000e+03,1.219939360020159347e+00
7.401000000000000000e+03,1.217605642941837596e+00
7.402000000000000000e+03,1.158393477139131988e+00
7.403000000000000000e+03,1.112521592126567649e+00
7.404000000000000000e+03,1.080035421033065379e+00
7.405000000000000000e+03,1.097008495832832553e+00
7.406000000000000000e+03,1.408572903368383589e+00
7.407000000000000000e+03,1.292347459499647799e+00
7.408000000000000000e+03,1.373161245077336945e+00
7.409000000000000000e+03,1.264572524125916697e+00
7.410000000000000000e+03,1.310189123135766298e+00
7.411000000000000000e+03,1.172062730978502554e+00
7.412000000000000000e+03,1.340742486262632926e+00
7.413000000000000000e+03,1.294762647839083680e+00
7.414000000000000000e+03,1.206766523443998373e+00
7.415000000000000000e+03,1.241386752244138414e+00
7.416000000000000000e+03,1.393485646084648533e+00
7.417000000000000000e+03,1.386358929549622587e+00
7.418000000000000000e+03,1.237880848691756741e+00
7.419000000000000000e+03,1.304828555097795828e+00
7.420000000000000000e+03,1.161768946715904471e+00
7.421000000000000000e+03,1.228874655415926220e+00
7.422000000000000000e+03,1.371515047846201707e+00
7.423000000000000000e+03,1.115705647131859379e+00
7.424000000000000000e+03,1.124766477832206180e+00
7.425000000000000000e+03,1.189027426352144312e+00
7.426000000000000000e+03,1.258701438957455121e+00
7.427000000000000000e+03,1.288499385480994075e+00
7.428000000000000000e+03,1.368059825242523786e+00
7.429000000000000000e+03,1.239980828072818397e+00
7.430000000000000000e+03,1.338491525324147391e+00
7.431000000000000000e+03,1.215287252608304946e+00
7.432000000000000000e+03,1.272641390161545871e+00
7.433000000000000000e+03,1.113707812508991868e+00
7.434000000000000000e+03,1.282076153449321021e+00
7.435000000000000000e+03,1.386657047283417654e+00
7.436000000000000000e+03,1.326195336369125899e+00
7.437000000000000000e+03,1.220219599776118935e+00
7.438000000000000000e+03,1.195109444646022645e+00
7.439000000000000000e+03,1.231133743153921323e+00
7.440000000000000000e+03,1.324662025092211648e+00
7.441000000000000000e+03,1.091017532046286931e+00
7.442000000000000000e+03,1.219627900071228455e+00
7.443000000000000000e+03,1.225798319930737401e+00
7.444000000000000000e+03,1.287533321698600908e+00
7.445000000000000000e+03,1.207383032928919464e+00
7.446000000000000000e+03,1.259136189848325760e+00
7.447000000000000000e+03,1.286865004012432756e+00
7.448000000000000000e+03,1.237961383369850621e+00
7.449000000000000000e+03,1.222151358322656423e+00
7.450000000000000000e+03,1.108752867873170178e+00
7.451000000000000000e+03,1.208009129127231907e+00
7.452000000000000000e+03,1.113107783731157152e+00
7.453000000000000000e+03,1.112312024059613824e+00
7.454000000000000000e+03,1.198466826871716906e+00
7.455000000000000000e+03,1.260640563800373704e+00
7.456000000000000000e+03,1.225212615352700318e+00
7.457000000000000000e+03,1.128630806770095640e+00
7.458000000000000000e+03,1.105127989371702313e+00
7.459000000000000000e+03,1.138046151821570318e+00
7.460000000000000000e+03,1.094987736590641747e+00
7.461000000000000000e+03,1.390616030716809615e+00
7.462000000000000000e+03,1.167426960928304558e+00
7.463000000000000000e+03,1.292402919111334425e+00
7.464000000000000000e+03,1.246771677518950572e+00
7.465000000000000000e+03,1.293948502863707661e+00
7.466000000000000000e+03,1.420467558428339716e+00
7.467000000000000000e+03,1.347043922792864334e+00
7.468000000000000000e+03,1.237753891089805158e+00
7.469000000000000000e+03,1.200750392293757907e+00
7.470000000000000000e+03,1.354208710304982466e+00
7.471000000000000000e+03,1.339940507641466771e+00
7.472000000000000000e+03,1.429158413558568652e+00
7.473000000000000000e+03,1.419103677261555951e+00
7.474000000000000000e+03,1.150117779589309608e+00
7.475000000000000000e+03,1.208366849877276161e+00
7.476000000000000000e+03,1.238600441381682682e+00
7.477000000000000000e+03,1.203780477785039604e+00
7.478000000000000000e+03,1.174439071045451755e+00
7.479000000000000000e+03,1.321865816116495118e+00
7.480000000000000000e+03,1.339587318606209054e+00
7.481000000000000000e+03,1.254300291254948574e+00
7.482000000000000000e+03,1.313995231075983261e+00
7.483000000000000000e+03,1.243221401527512482e+00
7.484000000000000000e+03,1.409622978328604948e+00
7.485000000000000000e+03,1.199162296702193986e+00
7.486000000000000000e+03,1.094356900152509748e+00
7.487000000000000000e+03,1.172056578879423938e+00
7.488000000000000000e+03,1.188258728908411221e+00
7.489000000000000000e+03,1.147802530740889670e+00
7.490000000000000000e+03,1.200703585604358414e+00
7.491000000000000000e+03,1.105716664940223692e+00
7.492000000000000000e+03,1.091962472181271071e+00
7.493000000000000000e+03,1.360599668769807202e+00
7.494000000000000000e+03,1.175447983927697893e+00
7.495000000000000000e+03,1.184123485564773315e+00
7.496000000000000000e+03,1.125230589686352811e+00
7.497000000000000000e+03,1.366385615679156729e+00
7.498000000000000000e+03,1.137693329964483802e+00
7.499000000000000000e+03,1.276071835110597519e+00
7.500000000000000000e+03,1.198809329031004678e+00
7.501000000000000000e+03,1.171731973671235938e+00
7.502000000000000000e+03,1.231141801899323873e+00
7.503000000000000000e+03,1.362193156991986065e+00
7.504000000000000000e+03,1.293877983549237554e+00
7.505000000000000000e+03,1.290983480973203479e+00
7.506000000000000000e+03,1.380706298275904187e+00
7.507000000000000000e+03,1.126236222370920803e+00
7.508000000000000000e+03,1.186834511777851819e+00
7.509000000000000000e+03,1.217647085770808157e+00
7.510000000000000000e+03,1.187284608625379434e+00
7.511000000000000000e+03,1.079451839041993599e+00
7.512000000000000000e+03,1.146600913566243385e+00
7.513000000000000000e+03,1.128570784991473452e+00
7.514000000000000000e+03,1.212992914556573432e+00
7.515000000000000000e+03,1.198547498764161112e+00
7.516000000000000000e+03,1.332734233590003203e+00
7.517000000000000000e+03,1.300398502100095000e+00
7.518000000000000000e+03,1.287662634850845977e+00
7.519000000000000000e+03,1.186722473007627787e+00
7.520000000000000000e+03,1.165347739873591415e+00
7.521000000000000000e+03,1.187694167685084290e+00
7.522000000000000000e+03,1.206841029557323086e+00
7.523000000000000000e+03,1.223304469348265533e+00
7.524000000000000000e+03,1.104769716110532762e+00
7.525000000000000000e+03,1.266025926815689484e+00
7.526000000000000000e+03,1.350358596319985338e+00
7.527000000000000000e+03,1.408257883762058960e+00
7.528000000000000000e+03,1.271742458921975460e+00
7.529000000000000000e+03,1.201152504045519986e+00
7.530000000000000000e+03,1.267704963375485994e+00
7.531000000000000000e+03,1.258375914643287796e+00
7.532000000000000000e+03,1.339785214285194481e+00
7.533000000000000000e+03,1.213814138787794761e+00
7.534000000000000000e+03,1.382395603985060006e+00
7.535000000000000000e+03,1.272374153136825337e+00
7.536000000000000000e+03,1.295792675274519690e+00
7.537000000000000000e+03,1.206065923950375263e+00
7.538000000000000000e+03,1.308315591028744507e+00
7.539000000000000000e+03,1.304410965729707161e+00
7.540000000000000000e+03,1.169332436064342229e+00
7.541000000000000000e+03,1.293744770624793095e+00
7.542000000000000000e+03,1.306576437488738307e+00
7.543000000000000000e+03,1.300963561711012240e+00
7.544000000000000000e+03,1.370051271023160044e+00
7.545000000000000000e+03,1.366127135640403445e+00
7.546000000000000000e+03,1.284429772151729487e+00
7.547000000000000000e+03,1.081595550159175634e+00
7.548000000000000000e+03,1.245931628507325417e+00
7.549000000000000000e+03,1.308196946820167961e+00
7.550000000000000000e+03,1.039706884321974334e+00
7.551000000000000000e+03,1.263241102038424657e+00
7.552000000000000000e+03,1.200934435427821079e+00
7.553000000000000000e+03,1.248483020123895892e+00
7.554000000000000000e+03,1.211919229485182381e+00
7.555000000000000000e+03,1.224630747139873854e+00
7.556000000000000000e+03,1.233377339708481513e+00
7.557000000000000000e+03,1.208628286595826440e+00
7.558000000000000000e+03,1.263055349150233653e+00
7.559000000000000000e+03,1.380377803431999340e+00
7.560000000000000000e+03,1.390318964604005947e+00
7.561000000000000000e+03,1.337316058444042444e+00
7.562000000000000000e+03,1.237911512331033137e+00
7.563000000000000000e+03,1.219102732969074010e+00
7.564000000000000000e+03,1.181901620490071858e+00
7.565000000000000000e+03,1.241321887516466216e+00
7.566000000000000000e+03,1.211550870573064209e+00
7.567000000000000000e+03,1.389965469092913075e+00
7.568000000000000000e+03,1.258934424956902554e+00
7.569000000000000000e+03,1.287856721096303891e+00
7.570000000000000000e+03,1.103208766076007707e+00
7.571000000000000000e+03,1.110512304613195056e+00
7.572000000000000000e+03,1.132961805050402448e+00
7.573000000000000000e+03,1.151210560502873737e+00
7.574000000000000000e+03,1.214530607396794082e+00
7.575000000000000000e+03,1.341349734216031431e+00
7.576000000000000000e+03,1.249417096727096332e+00
7.577000000000000000e+03,1.105297326705739103e+00
7.578000000000000000e+03,1.241602481910758504e+00
7.579000000000000000e+03,1.222044639146245615e+00
7.580000000000000000e+03,1.245720482386074135e+00
7.581000000000000000e+03,1.276193550065900295e+00
7.582000000000000000e+03,1.276423116884056963e+00
7.583000000000000000e+03,1.227469377389290184e+00
7.584000000000000000e+03,1.250756569594415835e+00
7.585000000000000000e+03,1.273874529077410056e+00
7.586000000000000000e+03,1.225106567676755409e+00
7.587000000000000000e+03,1.353518068981471423e+00
7.588000000000000000e+03,1.335281859757569523e+00
7.589000000000000000e+03,1.314875810436587633e+00
7.590000000000000000e+03,1.307107803189304418e+00
7.591000000000000000e+03,1.240043623413276119e+00
7.592000000000000000e+03,1.218730596972812608e+00
7.593000000000000000e+03,1.233876601350016644e+00
7.594000000000000000e+03,1.221491203833272143e+00
7.595000000000000000e+03,1.244942317480702387e+00
7.596000000000000000e+03,1.280567737027323405e+00
7.597000000000000000e+03,1.333391486278727500e+00
7.598000000000000000e+03,1.366788235580602029e+00
7.599000000000000000e+03,1.124203472835542339e+00
7.600000000000000000e+03,1.346859976487161603e+00
7.601000000000000000e+03,1.217146493015108577e+00
7.602000000000000000e+03,1.277260025430515533e+00
7.603000000000000000e+03,1.242275140998926997e+00
7.604000000000000000e+03,1.157908863798222887e+00
7.605000000000000000e+03,1.160256704042635034e+00
7.606000000000000000e+03,1.234808538122518673e+00
7.607000000000000000e+03,1.459225628088747451e+00
7.608000000000000000e+03,1.358866201622743741e+00
7.609000000000000000e+03,1.246962284288353873e+00
7.610000000000000000e+03,1.097982958813873422e+00
7.611000000000000000e+03,1.288500920004501449e+00
7.612000000000000000e+03,1.213977740706826403e+00
7.613000000000000000e+03,1.234845578311236425e+00
7.614000000000000000e+03,1.218156697998991289e+00
7.615000000000000000e+03,1.327914225705827622e+00
7.616000000000000000e+03,1.228422095639379208e+00
7.617000000000000000e+03,1.280241001267417911e+00
7.618000000000000000e+03,1.340844220514829210e+00
7.619000000000000000e+03,1.253790027732945678e+00
7.620000000000000000e+03,1.394904755299899435e+00
7.621000000000000000e+03,1.369969359095223549e+00
7.622000000000000000e+03,1.371839288426715875e+00
7.623000000000000000e+03,1.231339465982097536e+00
7.624000000000000000e+03,1.313545314364324090e+00
7.625000000000000000e+03,1.221904001577726717e+00
7.626000000000000000e+03,1.236392553781205050e+00
7.627000000000000000e+03,1.200433123797239432e+00
7.628000000000000000e+03,1.253099415054903520e+00
7.629000000000000000e+03,1.118958175206675287e+00
7.630000000000000000e+03,1.243389377182208433e+00
7.631000000000000000e+03,1.223349811242402829e+00
7.632000000000000000e+03,1.331069553252614890e+00
7.633000000000000000e+03,1.394682584841712814e+00
7.634000000000000000e+03,1.305416044269375409e+00
7.635000000000000000e+03,1.293318815869813676e+00
7.636000000000000000e+03,1.329371520699780485e+00
7.637000000000000000e+03,1.136777312742149215e+00
7.638000000000000000e+03,1.168372156483800550e+00
7.639000000000000000e+03,1.231118519839517811e+00
7.640000000000000000e+03,1.163055351284927985e+00
7.641000000000000000e+03,1.279685270293333232e+00
7.642000000000000000e+03,1.157018151135493111e+00
7.643000000000000000e+03,1.096664908865359944e+00
7.644000000000000000e+03,1.278084100295262759e+00
7.645000000000000000e+03,1.272650974620797681e+00
7.646000000000000000e+03,1.252534939366446221e+00
7.647000000000000000e+03,1.342976868172418570e+00
7.648000000000000000e+03,1.363615245443146717e+00
7.649000000000000000e+03,1.238502543189822447e+00
7.650000000000000000e+03,1.315950437313037291e+00
7.651000000000000000e+03,1.062167827436627965e+00
7.652000000000000000e+03,1.351254424725451209e+00
7.653000000000000000e+03,1.286437232807263298e+00
7.654000000000000000e+03,1.263651576088779649e+00
7.655000000000000000e+03,1.208058455740635972e+00
7.656000000000000000e+03,1.183966601722717282e+00
7.657000000000000000e+03,1.182506946819647409e+00
7.658000000000000000e+03,1.195440155263326032e+00
7.659000000000000000e+03,1.200867082467913294e+00
7.660000000000000000e+03,1.302188131008220839e+00
7.661000000000000000e+03,1.330296326078833413e+00
7.662000000000000000e+03,1.298818148451642118e+00
7.663000000000000000e+03,1.362684934922984370e+00
7.664000000000000000e+03,1.205127306288245714e+00
7.665000000000000000e+03,1.300297679278959562e+00
7.666000000000000000e+03,1.149283365484376596e+00
7.667000000000000000e+03,1.242124667669384896e+00
7.668000000000000000e+03,1.366003179016282543e+00
7.669000000000000000e+03,1.299570062998052444e+00
7.670000000000000000e+03,1.226020814573151707e+00
7.671000000000000000e+03,1.304539634444529916e+00
7.672000000000000000e+03,1.164396401991558028e+00
7.673000000000000000e+03,1.268291780260700774e+00
7.674000000000000000e+03,1.210652329092349211e+00
7.675000000000000000e+03,1.316315555781341740e+00
7.676000000000000000e+03,1.214418833853951663e+00
7.677000000000000000e+03,1.184107217897535147e+00
7.678000000000000000e+03,1.326257526360692607e+00
7.679000000000000000e+03,1.270587810869047152e+00
7.680000000000000000e+03,1.313512797073506988e+00
7.681000000000000000e+03,1.300842018136668665e+00
7.682000000000000000e+03,1.224379323961902077e+00
7.683000000000000000e+03,1.361425929126944157e+00
7.684000000000000000e+03,1.281624478037797443e+00
7.685000000000000000e+03,1.332462233066612267e+00
7.686000000000000000e+03,1.240970456326994986e+00
7.687000000000000000e+03,1.169152588780671742e+00
7.688000000000000000e+03,1.440673249627016927e+00
7.689000000000000000e+03,1.339463855703857620e+00
7.690000000000000000e+03,1.319164944269320294e+00
7.691000000000000000e+03,1.315203424474724381e+00
7.692000000000000000e+03,1.313004348210448535e+00
7.693000000000000000e+03,1.302298237147099691e+00
7.694000000000000000e+03,1.394545052012096553e+00
7.695000000000000000e+03,1.401239093202528929e+00
7.696000000000000000e+03,1.256424402421460584e+00
7.697000000000000000e+03,1.201232154353437886e+00
7.698000000000000000e+03,1.313795232138363689e+00
7.699000000000000000e+03,1.269590584714190840e+00
7.700000000000000000e+03,1.219700298400034688e+00
7.701000000000000000e+03,1.212344251575662168e+00
7.702000000000000000e+03,1.196984943879918939e+00
7.703000000000000000e+03,1.132818737055736102e+00
7.704000000000000000e+03,1.291206360153078991e+00
7.705000000000000000e+03,1.192178316017303619e+00
7.706000000000000000e+03,1.180866020732391330e+00
7.707000000000000000e+03,1.308890024047787648e+00
7.708000000000000000e+03,1.246809878763952772e+00
7.709000000000000000e+03,1.122404988732410347e+00
7.710000000000000000e+03,1.255373691046442586e+00
7.711000000000000000e+03,1.258392874521611748e+00
7.712000000000000000e+03,1.213505988932271018e+00
7.713000000000000000e+03,1.168183798990193312e+00
7.714000000000000000e+03,1.284592878472891941e+00
7.715000000000000000e+03,1.269200655703860425e+00
7.716000000000000000e+03,1.236340194237017798e+00
7.717000000000000000e+03,1.260478310391581758e+00
7.718000000000000000e+03,1.342352736998181584e+00
7.719000000000000000e+03,1.342815226344697077e+00
7.720000000000000000e+03,1.174351751084962370e+00
7.721000000000000000e+03,1.176347185384442051e+00
7.722000000000000000e+03,1.354015543283207723e+00
7.723000000000000000e+03,1.296163962388098279e+00
7.724000000000000000e+03,1.219855869492348033e+00
7.725000000000000000e+03,1.271174813725329145e+00
7.726000000000000000e+03,1.269108842095440393e+00
7.727000000000000000e+03,1.311517039233232707e+00
7.728000000000000000e+03,1.110187397521660957e+00
7.729000000000000000e+03,1.197496676114177871e+00
7.730000000000000000e+03,1.244098166371390368e+00
7.731000000000000000e+03,1.257633388670806429e+00
7.732000000000000000e+03,1.243646853785154605e+00
7.733000000000000000e+03,1.368510761205870452e+00
7.734000000000000000e+03,1.307022267273821869e+00
7.735000000000000000e+03,1.272495345049537763e+00
7.736000000000000000e+03,1.191240067106049461e+00
7.737000000000000000e+03,1.396190890138701679e+00
7.738000000000000000e+03,1.354024359602462146e+00
7.739000000000000000e+03,1.307975560496752010e+00
7.740000000000000000e+03,1.293377088210030168e+00
7.741000000000000000e+03,1.209430126651174886e+00
7.742000000000000000e+03,1.311035462948837216e+00
7.743000000000000000e+03,1.164681251991356969e+00
7.744000000000000000e+03,1.078741738908603587e+00
7.745000000000000000e+03,1.277891799431154940e+00
7.746000000000000000e+03,1.131199678614784210e+00
7.747000000000000000e+03,1.260633673615415784e+00
7.748000000000000000e+03,1.299121520847042133e+00
7.749000000000000000e+03,1.415953032917163679e+00
7.750000000000000000e+03,1.330179449189912377e+00
7.751000000000000000e+03,1.183091101011158219e+00
7.752000000000000000e+03,1.299426721618033742e+00
7.753000000000000000e+03,1.164256835245569333e+00
7.754000000000000000e+03,1.273906030033936432e+00
7.755000000000000000e+03,1.152380890648460943e+00
7.756000000000000000e+03,1.341144156992935432e+00
7.757000000000000000e+03,1.191603749148074431e+00
7.758000000000000000e+03,1.338829029610067556e+00
7.759000000000000000e+03,1.173447062686795661e+00
7.760000000000000000e+03,1.166531803095083530e+00
7.761000000000000000e+03,1.367011502000682555e+00
7.762000000000000000e+03,1.276944597281962190e+00
7.763000000000000000e+03,1.291492791439799781e+00
7.764000000000000000e+03,1.185963384755104544e+00
7.765000000000000000e+03,1.146633762312379234e+00
7.766000000000000000e+03,1.181127124036791987e+00
7.767000000000000000e+03,1.210924713646126527e+00
7.768000000000000000e+03,1.133670415105985096e+00
7.769000000000000000e+03,1.163675045080198700e+00
7.770000000000000000e+03,1.290261030041986778e+00
7.771000000000000000e+03,1.174456624133172644e+00
7.772000000000000000e+03,1.093628295192773603e+00
7.773000000000000000e+03,1.267842431118894053e+00
7.774000000000000000e+03,1.248515479938512529e+00
7.775000000000000000e+03,1.211588145308406528e+00
7.776000000000000000e+03,1.180852593073991708e+00
7.777000000000000000e+03,1.305960193735100860e+00
7.778000000000000000e+03,1.390998601911257460e+00
7.779000000000000000e+03,1.274581331896908587e+00
7.780000000000000000e+03,1.223096281171635047e+00
7.781000000000000000e+03,1.233533558177047906e+00
7.782000000000000000e+03,1.346643195158733208e+00
7.783000000000000000e+03,1.282002104889910621e+00
7.784000000000000000e+03,1.336933818059691026e+00
7.785000000000000000e+03,1.179666981454337460e+00
7.786000000000000000e+03,1.195482068884302862e+00
7.787000000000000000e+03,1.348167654009226668e+00
7.788000000000000000e+03,1.279298726224042726e+00
7.789000000000000000e+03,1.180417603322187370e+00
7.790000000000000000e+03,1.217686855937564205e+00
7.791000000000000000e+03,1.160023246781011208e+00
7.792000000000000000e+03,1.319335943666338329e+00
7.793000000000000000e+03,1.268168222900471820e+00
7.794000000000000000e+03,1.228750803941177638e+00
7.795000000000000000e+03,1.312248208463386634e+00
7.796000000000000000e+03,1.275886532979312094e+00
7.797000000000000000e+03,1.268019863545988057e+00
7.798000000000000000e+03,1.170954271303928707e+00
7.799000000000000000e+03,1.312677299082813498e+00
7.800000000000000000e+03,1.259820117097592229e+00
7.801000000000000000e+03,1.238795681769404355e+00
7.802000000000000000e+03,1.233462061221972883e+00
7.803000000000000000e+03,1.276148918267057120e+00
7.804000000000000000e+03,1.268647045723628297e+00
7.805000000000000000e+03,1.188775760090249545e+00
7.806000000000000000e+03,1.188748917157893326e+00
7.807000000000000000e+03,1.152145950948379571e+00
7.808000000000000000e+03,1.110782452121607866e+00
7.809000000000000000e+03,1.294059862795984284e+00
7.810000000000000000e+03,1.206754797310320315e+00
7.811000000000000000e+03,1.281391427995633325e+00
7.812000000000000000e+03,1.263094372787803010e+00
7.813000000000000000e+03,1.207447795833548776e+00
7.814000000000000000e+03,1.215826476780510701e+00
7.815000000000000000e+03,1.256929875305304201e+00
7.816000000000000000e+03,1.262199950609468324e+00
7.817000000000000000e+03,1.208569933872166047e+00
7.818000000000000000e+03,1.314830775326976564e+00
7.819000000000000000e+03,1.195446573727912964e+00
7.820000000000000000e+03,1.297900338083043836e+00
7.821000000000000000e+03,1.355257805870162757e+00
7.822000000000000000e+03,1.217153240078354015e+00
7.823000000000000000e+03,1.324315546855920234e+00
7.824000000000000000e+03,1.177303510674439613e+00
7.825000000000000000e+03,1.298902610416541314e+00
7.826000000000000000e+03,1.196022576051306130e+00
7.827000000000000000e+03,1.173593372740156848e+00
7.828000000000000000e+03,1.240690594789530143e+00
7.829000000000000000e+03,1.141348531909886166e+00
7.830000000000000000e+03,1.189904741945363442e+00
7.831000000000000000e+03,1.137931503515335674e+00
7.832000000000000000e+03,1.232698342900438782e+00
7.833000000000000000e+03,1.172396889670163311e+00
7.834000000000000000e+03,1.116640557539477552e+00
7.835000000000000000e+03,1.210999714628961277e+00
7.836000000000000000e+03,1.146548993537511718e+00
7.837000000000000000e+03,1.251542595605228625e+00
7.838000000000000000e+03,1.181619544114467013e+00
7.839000000000000000e+03,9.417306032374818114e-01
7.840000000000000000e+03,1.076378091743903420e+00
7.841000000000000000e+03,1.149854412308768170e+00
7.842000000000000000e+03,1.208424489701750648e+00
7.843000000000000000e+03,1.244628065227116664e+00
7.844000000000000000e+03,1.374415400931916942e+00
7.845000000000000000e+03,1.268817141198993914e+00
7.846000000000000000e+03,1.328815157916568568e+00
7.847000000000000000e+03,1.199581125556857808e+00
7.848000000000000000e+03,1.253077364649020531e+00
7.849000000000000000e+03,1.194305484135803175e+00
7.850000000000000000e+03,1.128255483662312653e+00
7.851000000000000000e+03,1.228286291481106351e+00
7.852000000000000000e+03,1.258803081944905422e+00
7.853000000000000000e+03,1.291939953505443217e+00
7.854000000000000000e+03,1.221561681521487808e+00
7.855000000000000000e+03,1.295580795603388236e+00
7.856000000000000000e+03,1.201679706501824096e+00
7.857000000000000000e+03,1.473076145942933568e+00
7.858000000000000000e+03,1.312390085579312249e+00
7.859000000000000000e+03,1.276157654561655752e+00
7.860000000000000000e+03,1.284480293134616646e+00
7.861000000000000000e+03,1.292918604576280828e+00
7.862000000000000000e+03,1.163896733159332841e+00
7.863000000000000000e+03,1.407855393924057674e+00
7.864000000000000000e+03,1.170141697268967329e+00
7.865000000000000000e+03,1.371671630350155269e+00
7.866000000000000000e+03,1.247884041087303109e+00
7.867000000000000000e+03,1.113125064406452314e+00
7.868000000000000000e+03,1.345923222300642319e+00
7.869000000000000000e+03,1.208763792332105291e+00
7.870000000000000000e+03,1.289946808154622149e+00
7.871000000000000000e+03,1.131695557886268855e+00
7.872000000000000000e+03,1.227842163937307163e+00
7.873000000000000000e+03,1.204994612433814005e+00
7.874000000000000000e+03,1.254258835199384414e+00
7.875000000000000000e+03,1.278849349675421410e+00
7.876000000000000000e+03,1.226138236910604862e+00
7.877000000000000000e+03,1.330664945599006499e+00
7.878000000000000000e+03,1.179437841334071146e+00
7.879000000000000000e+03,1.335620541526977956e+00
7.880000000000000000e+03,1.441776817349180728e+00
7.881000000000000000e+03,1.319117035529553394e+00
7.882000000000000000e+03,1.236898695245350899e+00
7.883000000000000000e+03,1.321703024578784635e+00
7.884000000000000000e+03,1.281110612743870059e+00
7.885000000000000000e+03,1.206656142271297583e+00
7.886000000000000000e+03,1.336852566941000076e+00
7.887000000000000000e+03,1.231974981410989933e+00
7.888000000000000000e+03,1.406952853259901604e+00
7.889000000000000000e+03,1.431080539031412302e+00
7.890000000000000000e+03,1.355443281870951866e+00
7.891000000000000000e+03,1.269986969508425378e+00
7.892000000000000000e+03,1.313924164584929555e+00
7.893000000000000000e+03,1.269889209856618795e+00
7.894000000000000000e+03,1.294428621080454089e+00
7.895000000000000000e+03,1.365948736029686694e+00
7.896000000000000000e+03,1.233196975815598506e+00
7.897000000000000000e+03,1.322730028475338937e+00
7.898000000000000000e+03,1.101360528572790765e+00
7.899000000000000000e+03,1.249510097416827836e+00
7.900000000000000000e+03,1.171373967118904735e+00
7.901000000000000000e+03,1.341435559039370506e+00
7.902000000000000000e+03,1.307216255529879190e+00
7.903000000000000000e+03,1.062761012759473767e+00
7.904000000000000000e+03,1.213984018492562100e+00
7.905000000000000000e+03,1.284170572316659653e+00
7.906000000000000000e+03,1.474801559628084791e+00
7.907000000000000000e+03,1.406243510003111874e+00
7.908000000000000000e+03,1.328613542029290606e+00
7.909000000000000000e+03,1.214783705194808938e+00
7.910000000000000000e+03,1.246383201503328486e+00
7.911000000000000000e+03,1.276484443202088093e+00
7.912000000000000000e+03,1.245483547859619122e+00
7.913000000000000000e+03,1.163286664671279835e+00
7.914000000000000000e+03,1.157532368405086665e+00
7.915000000000000000e+03,1.360395869907191191e+00
7.916000000000000000e+03,1.292386473143438907e+00
7.917000000000000000e+03,1.216062913609088358e+00
7.918000000000000000e+03,1.009386830872495366e+00
7.919000000000000000e+03,1.343433900366319600e+00
7.920000000000000000e+03,1.398096479975511564e+00
7.921000000000000000e+03,1.115954350709646103e+00
7.922000000000000000e+03,1.316414013445223796e+00
7.923000000000000000e+03,1.303031900283435851e+00
7.924000000000000000e+03,1.318115437787968913e+00
7.925000000000000000e+03,1.226617448924483433e+00
7.926000000000000000e+03,1.169960491944841197e+00
7.927000000000000000e+03,1.254748237471393857e+00
7.928000000000000000e+03,1.190120437043932666e+00
7.929000000000000000e+03,1.093159193434221965e+00
7.930000000000000000e+03,1.329976731120917854e+00
7.931000000000000000e+03,1.465865874343234898e+00
7.932000000000000000e+03,1.228255451761079309e+00
7.933000000000000000e+03,1.221223989156070999e+00
7.934000000000000000e+03,1.142941360911220894e+00
7.935000000000000000e+03,1.346345690487441127e+00
7.936000000000000000e+03,1.227018004218421776e+00
7.937000000000000000e+03,1.415065917227852355e+00
7.938000000000000000e+03,1.189027787003042125e+00
7.939000000000000000e+03,1.302145917440256984e+00
7.940000000000000000e+03,1.154215270619253442e+00
7.941000000000000000e+03,1.294927949510079612e+00
7.942000000000000000e+03,1.297288154115371794e+00
7.943000000000000000e+03,1.395366792303804004e+00
7.944000000000000000e+03,1.112557510867978161e+00
7.945000000000000000e+03,1.320473259388751597e+00
7.946000000000000000e+03,1.293321609962421403e+00
7.947000000000000000e+03,1.397389514844666225e+00
7.948000000000000000e+03,1.236615313755703216e+00
7.949000000000000000e+03,1.232922558278106928e+00
7.950000000000000000e+03,1.174007517691762814e+00
7.951000000000000000e+03,1.206576747902035507e+00
7.952000000000000000e+03,1.347294100661968086e+00
7.953000000000000000e+03,1.361933926980251730e+00
7.954000000000000000e+03,1.529164696953900560e+00
7.955000000000000000e+03,1.363691288534767621e+00
7.956000000000000000e+03,1.417324516494456788e+00
7.957000000000000000e+03,1.429038829047120318e+00
7.958000000000000000e+03,1.284272363534403327e+00
7.959000000000000000e+03,1.278387442875947411e+00
7.960000000000000000e+03,1.284907804179047375e+00
7.961000000000000000e+03,1.264335960463609299e+00
7.962000000000000000e+03,1.390824965653429501e+00
7.963000000000000000e+03,1.274272936331222628e+00
7.964000000000000000e+03,1.136554877303223909e+00
7.965000000000000000e+03,1.342936685038005340e+00
7.966000000000000000e+03,1.265006653389217917e+00
7.967000000000000000e+03,1.132190940899299170e+00
7.968000000000000000e+03,1.134445865327644132e+00
7.969000000000000000e+03,1.036586726999929375e+00
7.970000000000000000e+03,1.210956884109602116e+00
7.971000000000000000e+03,1.237210480759605380e+00
7.972000000000000000e+03,1.308982842045427697e+00
7.973000000000000000e+03,1.476310359953700413e+00
7.974000000000000000e+03,1.446443335878181857e+00
7.975000000000000000e+03,1.333634240825309458e+00
7.976000000000000000e+03,1.215337234625180507e+00
7.977000000000000000e+03,1.291662446978085965e+00
7.978000000000000000e+03,1.228037000299893267e+00
7.979000000000000000e+03,1.243373468541921989e+00
7.980000000000000000e+03,1.317707785705035661e+00
7.981000000000000000e+03,1.217608682876338388e+00
7.982000000000000000e+03,1.348931470665351684e+00
7.983000000000000000e+03,1.189314960450822412e+00
7.984000000000000000e+03,1.061731490573834424e+00
7.985000000000000000e+03,1.184229820968557556e+00
7.986000000000000000e+03,1.150137776818954682e+00
7.987000000000000000e+03,1.304547650236340672e+00
7.988000000000000000e+03,1.269066090221596887e+00
7.989000000000000000e+03,1.224805472410030127e+00
7.990000000000000000e+03,1.231308278792774491e+00
7.991000000000000000e+03,1.132217609843899409e+00
7.992000000000000000e+03,1.226813322225548397e+00
7.993000000000000000e+03,1.182702842002188781e+00
7.994000000000000000e+03,1.181465894846602582e+00
7.995000000000000000e+03,1.273663560233220027e+00
7.996000000000000000e+03,1.302669702413383090e+00
7.997000000000000000e+03,1.129542614608338935e+00
7.998000000000000000e+03,1.174593660178628651e+00
7.999000000000000000e+03,1.259891042198898026e+00
8.000000000000000000e+03,1.291547668400243376e+00
8.001000000000000000e+03,1.190235193313355255e+00
8.002000000000000000e+03,1.337744280871587810e+00
8.003000000000000000e+03,1.261301901362279043e+00
8.004000000000000000e+03,1.214624446976384053e+00
8.005000000000000000e+03,1.399528661599839907e+00
8.006000000000000000e+03,1.252958524478294144e+00
8.007000000000000000e+03,1.151293487357143652e+00
8.008000000000000000e+03,1.320104245938165999e+00
8.009000000000000000e+03,1.363117536034561095e+00
8.010000000000000000e+03,1.313218131284019430e+00
8.011000000000000000e+03,1.233267413624648201e+00
8.012000000000000000e+03,1.247420764660279513e+00
8.013000000000000000e+03,1.095466137412252294e+00
8.014000000000000000e+03,1.234430579790658511e+00
8.015000000000000000e+03,1.180571903239603593e+00
8.016000000000000000e+03,1.193508674597108188e+00
8.017000000000000000e+03,1.197218692140676666e+00
8.018000000000000000e+03,1.007958478616268083e+00
8.019000000000000000e+03,1.097610998096194557e+00
8.020000000000000000e+03,1.140501581497498140e+00
8.021000000000000000e+03,1.182835158351980498e+00
8.022000000000000000e+03,1.283484489133783768e+00
8.023000000000000000e+03,1.204338016523597954e+00
8.024000000000000000e+03,1.274966370723435549e+00
8.025000000000000000e+03,1.132283393689144990e+00
8.026000000000000000e+03,1.078084056317561990e+00
8.027000000000000000e+03,1.065137668575358632e+00
8.028000000000000000e+03,1.188217636981127923e+00
8.029000000000000000e+03,1.260956557771213848e+00
8.030000000000000000e+03,1.216829154795592949e+00
8.031000000000000000e+03,1.141430120462395115e+00
8.032000000000000000e+03,1.212419877069922158e+00
8.033000000000000000e+03,1.255190746973700033e+00
8.034000000000000000e+03,1.289837701405974979e+00
8.035000000000000000e+03,1.295069982856035029e+00
8.036000000000000000e+03,1.151389103733407637e+00
8.037000000000000000e+03,1.149826686200208670e+00
8.038000000000000000e+03,1.248380250335942021e+00
8.039000000000000000e+03,1.080268763365857643e+00
8.040000000000000000e+03,1.282384753748717188e+00
8.041000000000000000e+03,1.334411389276205950e+00
8.042000000000000000e+03,1.371563238305990140e+00
8.043000000000000000e+03,1.296736612529627353e+00
8.044000000000000000e+03,1.265941071993247791e+00
8.045000000000000000e+03,1.221642342243154156e+00
8.046000000000000000e+03,1.236817283959215752e+00
8.047000000000000000e+03,1.080541971675215818e+00
8.048000000000000000e+03,1.303572200285604721e+00
8.049000000000000000e+03,1.206243652208006001e+00
8.050000000000000000e+03,1.180609416549922353e+00
8.051000000000000000e+03,1.077549130552482692e+00
8.052000000000000000e+03,1.297021934220693229e+00
8.053000000000000000e+03,1.119462339593227274e+00
8.054000000000000000e+03,1.345150032532344220e+00
8.055000000000000000e+03,1.327776658159707468e+00
8.056000000000000000e+03,1.328244086665284485e+00
8.057000000000000000e+03,1.271595314554736511e+00
8.058000000000000000e+03,1.072809287143363433e+00
8.059000000000000000e+03,1.096297082324897865e+00
8.060000000000000000e+03,1.373724601398695455e+00
8.061000000000000000e+03,1.346654360090691505e+00
8.062000000000000000e+03,1.307701211144620901e+00
8.063000000000000000e+03,1.124299370337727977e+00
8.064000000000000000e+03,1.254379361023034711e+00
8.065000000000000000e+03,1.199460402954957594e+00
8.066000000000000000e+03,1.240765754793117903e+00
8.067000000000000000e+03,1.434870540616331569e+00
8.068000000000000000e+03,1.352422156743800619e+00
8.069000000000000000e+03,1.167288212042557616e+00
8.070000000000000000e+03,1.266607980830041447e+00
8.071000000000000000e+03,1.199628600202640172e+00
8.072000000000000000e+03,1.417473435592952136e+00
8.073000000000000000e+03,1.360860712082720747e+00
8.074000000000000000e+03,1.348048646021901442e+00
8.075000000000000000e+03,1.308236928379495234e+00
8.076000000000000000e+03,1.187337040185551862e+00
8.077000000000000000e+03,1.336819841239418105e+00
8.078000000000000000e+03,1.354454305916967360e+00
8.079000000000000000e+03,1.312891243187974011e+00
8.080000000000000000e+03,1.191063077426916195e+00
8.081000000000000000e+03,1.223477331322205597e+00
8.082000000000000000e+03,1.393547144741178689e+00
8.083000000000000000e+03,1.344790780683192244e+00
8.084000000000000000e+03,1.130570725993478520e+00
8.085000000000000000e+03,1.262240492974667561e+00
8.086000000000000000e+03,1.211796195420186573e+00
8.087000000000000000e+03,1.156364864825326411e+00
8.088000000000000000e+03,1.353909472306640716e+00
8.089000000000000000e+03,1.256765324621724744e+00
8.090000000000000000e+03,1.324610378179216452e+00
8.091000000000000000e+03,1.416066554063104777e+00
8.092000000000000000e+03,1.368924714338137338e+00
8.093000000000000000e+03,1.357572269832360456e+00
8.094000000000000000e+03,1.317878337236709108e+00
8.095000000000000000e+03,1.232557939044505169e+00
8.096000000000000000e+03,1.148078602801943404e+00
8.097000000000000000e+03,1.330501286466758692e+00
8.098000000000000000e+03,1.307195073046929501e+00
8.099000000000000000e+03,1.143152455651198052e+00
8.100000000000000000e+03,1.308610503240507539e+00
8.101000000000000000e+03,1.189986634224158957e+00
8.102000000000000000e+03,1.168344570293385232e+00
8.103000000000000000e+03,1.310070317320823463e+00
8.104000000000000000e+03,1.264039571202249412e+00
8.105000000000000000e+03,1.270547066630745903e+00
8.106000000000000000e+03,1.248604082022449990e+00
8.107000000000000000e+03,1.344935429695379048e+00
8.108000000000000000e+03,1.144350578817138198e+00
8.109000000000000000e+03,1.184757386526611889e+00
8.110000000000000000e+03,1.209002892495339099e+00
8.111000000000000000e+03,1.188932440721059747e+00
8.112000000000000000e+03,1.234249521065293509e+00
8.113000000000000000e+03,1.190819390453818016e+00
8.114000000000000000e+03,1.241589111600979622e+00
8.115000000000000000e+03,1.175805737107770810e+00
8.116000000000000000e+03,1.142090409634573867e+00
8.117000000000000000e+03,1.235445220138854827e+00
8.118000000000000000e+03,1.273159790678344727e+00
8.119000000000000000e+03,1.243359276297173910e+00
8.120000000000000000e+03,1.207376068152991033e+00
8.121000000000000000e+03,1.142532454769186190e+00
8.122000000000000000e+03,1.194474504704083229e+00
8.123000000000000000e+03,1.275788775564707711e+00
8.124000000000000000e+03,1.281675127771354727e+00
8.125000000000000000e+03,1.229628397741347356e+00
8.126000000000000000e+03,1.427005336087886045e+00
8.127000000000000000e+03,1.237236575887025181e+00
8.128000000000000000e+03,1.362233063807142264e+00
8.129000000000000000e+03,1.339301194879703560e+00
8.130000000000000000e+03,1.311452162368833774e+00
8.131000000000000000e+03,1.193271391058186026e+00
8.132000000000000000e+03,1.188854978343025337e+00
8.133000000000000000e+03,1.462546060374960932e+00
8.134000000000000000e+03,1.250969076009570191e+00
8.135000000000000000e+03,1.211212878988971786e+00
8.136000000000000000e+03,1.197786499744998734e+00
8.137000000000000000e+03,1.347645657376737471e+00
8.138000000000000000e+03,1.247610876745864905e+00
8.139000000000000000e+03,1.323383486382739616e+00
8.140000000000000000e+03,1.325862556838022011e+00
8.141000000000000000e+03,1.446959237058143222e+00
8.142000000000000000e+03,1.370998326963105640e+00
8.143000000000000000e+03,1.248066475286461419e+00
8.144000000000000000e+03,1.057671955186152202e+00
8.145000000000000000e+03,1.249321283732128585e+00
8.146000000000000000e+03,1.254635436303596752e+00
8.147000000000000000e+03,1.169577548458225591e+00
8.148000000000000000e+03,1.339100272343570319e+00
8.149000000000000000e+03,1.273377098013016129e+00
8.150000000000000000e+03,1.216208420155882930e+00
8.151000000000000000e+03,1.285458418322807272e+00
8.152000000000000000e+03,1.387202929123304784e+00
8.153000000000000000e+03,1.319259134236318687e+00
8.154000000000000000e+03,1.359681383637734386e+00
8.155000000000000000e+03,1.263402293964105860e+00
8.156000000000000000e+03,1.325271493517679255e+00
8.157000000000000000e+03,1.205313613827218244e+00
8.158000000000000000e+03,1.031378024972814833e+00
8.159000000000000000e+03,1.219887078589507956e+00
8.160000000000000000e+03,1.240495510402061186e+00
8.161000000000000000e+03,1.274099085425488553e+00
8.162000000000000000e+03,1.253728861522242388e+00
8.163000000000000000e+03,1.224088661694044289e+00
8.164000000000000000e+03,1.267922452053142912e+00
8.165000000000000000e+03,1.191750657608251718e+00
8.166000000000000000e+03,1.228510636423302271e+00
8.167000000000000000e+03,1.231599750393642889e+00
8.168000000000000000e+03,1.192900442510946402e+00
8.169000000000000000e+03,1.209237340667149496e+00
8.170000000000000000e+03,1.249249253670311033e+00
8.171000000000000000e+03,1.244520919722863717e+00
8.172000000000000000e+03,1.227574112981015819e+00
8.173000000000000000e+03,1.337103625917060556e+00
8.174000000000000000e+03,1.362354772409508197e+00
8.175000000000000000e+03,1.323352452069540108e+00
8.176000000000000000e+03,1.159027137737873803e+00
8.177000000000000000e+03,1.276257527737256092e+00
8.178000000000000000e+03,1.102422306415067554e+00
8.179000000000000000e+03,1.231194701557692728e+00
8.180000000000000000e+03,1.270696266410780817e+00
8.181000000000000000e+03,1.228086589740829737e+00
8.182000000000000000e+03,1.154167450869362455e+00
8.183000000000000000e+03,1.410027893924261200e+00
8.184000000000000000e+03,1.330621311880388680e+00
8.185000000000000000e+03,1.322630429045072109e+00
8.186000000000000000e+03,1.304471626469281498e+00
8.187000000000000000e+03,1.285165481288491840e+00
8.188000000000000000e+03,1.163819307915400669e+00
8.189000000000000000e+03,1.255284386044931200e+00
8.190000000000000000e+03,1.150356636379872066e+00
8.191000000000000000e+03,1.381159432919421226e+00
8.192000000000000000e+03,1.310065513720485963e+00
8.193000000000000000e+03,1.072348722908645913e+00
8.194000000000000000e+03,1.224174861513940726e+00
8.195000000000000000e+03,1.221401088586512307e+00
8.196000000000000000e+03,1.241467092806553429e+00
8.197000000000000000e+03,1.217685792291132385e+00
8.198000000000000000e+03,1.302865059336086206e+00
8.199000000000000000e+03,1.289420271731653633e+00
8.200000000000000000e+03,1.215292426949695193e+00
8.201000000000000000e+03,1.211977206142695662e+00
8.202000000000000000e+03,1.256616481382506700e+00
8.203000000000000000e+03,1.275231677487675741e+00
8.204000000000000000e+03,1.119536635282708970e+00
8.205000000000000000e+03,1.219281794091249482e+00
8.206000000000000000e+03,1.183696976911322363e+00
8.207000000000000000e+03,1.246642603989324138e+00
8.208000000000000000e+03,1.182739104320424950e+00
8.209000000000000000e+03,1.191880982128910915e+00
8.210000000000000000e+03,1.220290581579797307e+00
8.211000000000000000e+03,1.445847797752682462e+00
8.212000000000000000e+03,1.392775288212292573e+00
8.213000000000000000e+03,1.359465617533547999e+00
8.214000000000000000e+03,1.316968736359486858e+00
8.215000000000000000e+03,1.317232861349237005e+00
8.216000000000000000e+03,1.270690306505573908e+00
8.217000000000000000e+03,1.286147515213576842e+00
8.218000000000000000e+03,1.166577413250819983e+00
8.219000000000000000e+03,1.253422914778519859e+00
8.220000000000000000e+03,1.208947593832510714e+00
8.221000000000000000e+03,1.319443689702177958e+00
8.222000000000000000e+03,1.242993456181463285e+00
8.223000000000000000e+03,1.201060222946302991e+00
8.224000000000000000e+03,1.350258022993631180e+00
8.225000000000000000e+03,1.198365522822991025e+00
8.226000000000000000e+03,1.267731993126904211e+00
8.227000000000000000e+03,1.312233745403488472e+00
8.228000000000000000e+03,1.312639560760762159e+00
8.229000000000000000e+03,1.268667727664492872e+00
8.230000000000000000e+03,1.289683699513094695e+00
8.231000000000000000e+03,1.263204279293680177e+00
8.232000000000000000e+03,1.188203168180332225e+00
8.233000000000000000e+03,1.147894544348780910e+00
8.234000000000000000e+03,1.251839204084654877e+00
8.235000000000000000e+03,1.127103417147748754e+00
8.236000000000000000e+03,1.399038398302981712e+00
8.237000000000000000e+03,1.309717591723797314e+00
8.238000000000000000e+03,1.237449494308742404e+00
8.239000000000000000e+03,1.377037447449831253e+00
8.240000000000000000e+03,1.389835455526548191e+00
8.241000000000000000e+03,1.117400083530858401e+00
8.242000000000000000e+03,1.143683521808497305e+00
8.243000000000000000e+03,1.172197436081287458e+00
8.244000000000000000e+03,1.247251132818141262e+00
8.245000000000000000e+03,1.206856352263740995e+00
8.246000000000000000e+03,1.380452460041231566e+00
8.247000000000000000e+03,1.231421955436903248e+00
8.248000000000000000e+03,1.320369702612133933e+00
8.249000000000000000e+03,1.233403010546615386e+00
8.250000000000000000e+03,1.208597858868478259e+00
8.251000000000000000e+03,1.157673288293308733e+00
8.252000000000000000e+03,1.266089894564929264e+00
8.253000000000000000e+03,1.279842751463646122e+00
8.254000000000000000e+03,1.260111827176583432e+00
8.255000000000000000e+03,1.239684952820697017e+00
8.256000000000000000e+03,1.186210924177144355e+00
8.257000000000000000e+03,1.135521901732112093e+00
8.258000000000000000e+03,1.205712871722014468e+00
8.259000000000000000e+03,1.230575745424244305e+00
8.260000000000000000e+03,1.107309351442191003e+00
8.261000000000000000e+03,1.267096885135797990e+00
8.262000000000000000e+03,1.363375376779337955e+00
8.263000000000000000e+03,1.341478510034846972e+00
8.264000000000000000e+03,1.165157913605369577e+00
8.265000000000000000e+03,1.357430966751798751e+00
8.266000000000000000e+03,1.372114475538904532e+00
8.267000000000000000e+03,1.175510770770755498e+00
8.268000000000000000e+03,1.194436908678722320e+00
8.269000000000000000e+03,1.301087464434838914e+00
8.270000000000000000e+03,1.136263095899809450e+00
8.271000000000000000e+03,1.214063553562002351e+00
8.272000000000000000e+03,1.232893293363125142e+00
8.273000000000000000e+03,1.185164433405505591e+00
8.274000000000000000e+03,1.257677049282985848e+00
8.275000000000000000e+03,1.173334323543555158e+00
8.276000000000000000e+03,1.234727028174684715e+00
8.277000000000000000e+03,1.207034179172001398e+00
8.278000000000000000e+03,1.301677147234259424e+00
8.279000000000000000e+03,1.287908888609648583e+00
8.280000000000000000e+03,1.390853784179417962e+00
8.281000000000000000e+03,1.258774189489939355e+00
8.282000000000000000e+03,1.321064330669326159e+00
8.283000000000000000e+03,1.228651908975663343e+00
8.284000000000000000e+03,1.316753357068347396e+00
8.285000000000000000e+03,1.283373716421765121e+00
8.286000000000000000e+03,1.229936455798022354e+00
8.287000000000000000e+03,1.387563931353993363e+00
8.288000000000000000e+03,1.234422673957640049e+00
8.289000000000000000e+03,1.341796498551829364e+00
8.290000000000000000e+03,1.210578777922649563e+00
8.291000000000000000e+03,1.329589121954202646e+00
8.292000000000000000e+03,1.204716994018927512e+00
8.293000000000000000e+03,1.179524115982110377e+00
8.294000000000000000e+03,1.235696208332264456e+00
8.295000000000000000e+03,1.079746731992650588e+00
8.296000000000000000e+03,1.276198605130250963e+00
8.297000000000000000e+03,1.107558070244859305e+00
8.298000000000000000e+03,1.016715707925823997e+00
8.299000000000000000e+03,1.167576308083934311e+00
8.300000000000000000e+03,1.266508085289578700e+00
8.301000000000000000e+03,1.125393897255207110e+00
8.302000000000000000e+03,1.153239654527106861e+00
8.303000000000000000e+03,1.211991792433841697e+00
8.304000000000000000e+03,1.149956254827332991e+00
8.305000000000000000e+03,1.290414750612757011e+00
8.306000000000000000e+03,1.200855901144677773e+00
8.307000000000000000e+03,1.312516593054074310e+00
8.308000000000000000e+03,1.317878535409652718e+00
8.309000000000000000e+03,1.326331396644446547e+00
8.310000000000000000e+03,1.339911319785388688e+00
8.311000000000000000e+03,1.205875870706532682e+00
8.312000000000000000e+03,1.211443979643594515e+00
8.313000000000000000e+03,1.184606618712824133e+00
8.314000000000000000e+03,1.207477506009296819e+00
8.315000000000000000e+03,1.127412869380099991e+00
8.316000000000000000e+03,1.257475091074641060e+00
8.317000000000000000e+03,1.172248743134493454e+00
8.318000000000000000e+03,1.173309264206551683e+00
8.319000000000000000e+03,1.198147612124715877e+00
8.320000000000000000e+03,1.217457689826622946e+00
8.321000000000000000e+03,1.232702924017450963e+00
8.322000000000000000e+03,1.376642177118748034e+00
8.323000000000000000e+03,1.215983085706925371e+00
8.324000000000000000e+03,1.289089636117163540e+00
8.325000000000000000e+03,1.274657618049551244e+00
8.326000000000000000e+03,1.211027797324998989e+00
8.327000000000000000e+03,1.083169123120357957e+00
8.328000000000000000e+03,1.288326670141264563e+00
8.329000000000000000e+03,1.294452935968025686e+00
8.330000000000000000e+03,1.287943985543049674e+00
8.331000000000000000e+03,1.179842739298435861e+00
8.332000000000000000e+03,1.297061763809407964e+00
8.333000000000000000e+03,1.239553534874614282e+00
8.334000000000000000e+03,1.151361225752473016e+00
8.335000000000000000e+03,1.264004471039945399e+00
8.336000000000000000e+03,1.291701383893015365e+00
8.337000000000000000e+03,1.427069613274347226e+00
8.338000000000000000e+03,1.276885420321410614e+00
8.339000000000000000e+03,1.277895828414342017e+00
8.340000000000000000e+03,1.382590729670530427e+00
8.341000000000000000e+03,1.156963347139378095e+00
8.342000000000000000e+03,1.509954761264780787e+00
8.343000000000000000e+03,1.464881820479392527e+00
8.344000000000000000e+03,1.226707013120271750e+00
8.345000000000000000e+03,1.328301480226171005e+00
8.346000000000000000e+03,1.264443945955317172e+00
8.347000000000000000e+03,1.404873245190084718e+00
8.348000000000000000e+03,1.214299123395820246e+00
8.349000000000000000e+03,1.219748908148975408e+00
8.350000000000000000e+03,1.150207624172593368e+00
8.351000000000000000e+03,1.248218551630795536e+00
8.352000000000000000e+03,1.245616409650022849e+00
8.353000000000000000e+03,1.272895623427161116e+00
8.354000000000000000e+03,1.248181295810271152e+00
8.355000000000000000e+03,1.366817399792298771e+00
8.356000000000000000e+03,1.126735551472272334e+00
8.357000000000000000e+03,1.230551801152912850e+00
8.358000000000000000e+03,1.147581720360188351e+00
8.359000000000000000e+03,1.066016507366973620e+00
8.360000000000000000e+03,1.289504201140409423e+00
8.361000000000000000e+03,1.268461604651491159e+00
8.362000000000000000e+03,1.157861031178140765e+00
8.363000000000000000e+03,1.236884334411082698e+00
8.364000000000000000e+03,1.437754742344306891e+00
8.365000000000000000e+03,1.338252794116613353e+00
8.366000000000000000e+03,1.288792955595809087e+00
8.367000000000000000e+03,1.122143819303915935e+00
8.368000000000000000e+03,1.232939347731842661e+00
8.369000000000000000e+03,1.371123326761403804e+00
8.370000000000000000e+03,1.256391838718049270e+00
8.371000000000000000e+03,1.289587118829119472e+00
8.372000000000000000e+03,1.271125228445381561e+00
8.373000000000000000e+03,1.218990615751454953e+00
8.374000000000000000e+03,1.168618144643670531e+00
8.375000000000000000e+03,1.222890866755509842e+00
8.376000000000000000e+03,1.378423651128665828e+00
8.377000000000000000e+03,1.193111333349379910e+00
8.378000000000000000e+03,1.308706202602861302e+00
8.379000000000000000e+03,1.193374139186115013e+00
8.380000000000000000e+03,1.400675339104806127e+00
8.381000000000000000e+03,1.415529516016726719e+00
8.382000000000000000e+03,1.242208625713733472e+00
8.383000000000000000e+03,1.276047192185689738e+00
8.384000000000000000e+03,1.141741157961402520e+00
8.385000000000000000e+03,1.240133597188033843e+00
8.386000000000000000e+03,1.268710189566710778e+00
8.387000000000000000e+03,1.295994352921986614e+00
8.388000000000000000e+03,1.257929438248956089e+00
8.389000000000000000e+03,1.268553919713709455e+00
8.390000000000000000e+03,1.277225027960146919e+00
8.391000000000000000e+03,1.264680234504077294e+00
8.392000000000000000e+03,1.333697489982272444e+00
8.393000000000000000e+03,1.239670263284332608e+00
8.394000000000000000e+03,1.208887041626034442e+00
8.395000000000000000e+03,1.210246220935273564e+00
8.396000000000000000e+03,1.325219883282428457e+00
8.397000000000000000e+03,1.259936447148535699e+00
8.398000000000000000e+03,1.405147024491691266e+00
8.399000000000000000e+03,1.205181704469971748e+00
8.400000000000000000e+03,1.383208880748611147e+00
8.401000000000000000e+03,1.163992183992913931e+00
8.402000000000000000e+03,1.326990386946832912e+00
8.403000000000000000e+03,1.262362866338388123e+00
8.404000000000000000e+03,1.219982315923304972e+00
8.405000000000000000e+03,1.044723285371857546e+00
8.406000000000000000e+03,1.136281999506697504e+00
8.407000000000000000e+03,1.306348021179494889e+00
8.408000000000000000e+03,1.267419468765776713e+00
8.409000000000000000e+03,1.303017170684694470e+00
8.410000000000000000e+03,1.277657847608092201e+00
8.411000000000000000e+03,1.185213653782795751e+00
8.412000000000000000e+03,1.316426905676041148e+00
8.413000000000000000e+03,1.382288905598994200e+00
8.414000000000000000e+03,1.320622641201604441e+00
8.415000000000000000e+03,1.261144376876687678e+00
8.416000000000000000e+03,1.084205347965576438e+00
8.417000000000000000e+03,1.105812009001440721e+00
8.418000000000000000e+03,1.062550998227212773e+00
8.419000000000000000e+03,1.242354658123995037e+00
8.420000000000000000e+03,1.234725829677610465e+00
8.421000000000000000e+03,1.218918404176298820e+00
8.422000000000000000e+03,1.261580213111134441e+00
8.423000000000000000e+03,1.446906726639316965e+00
8.424000000000000000e+03,1.208657474933501286e+00
8.425000000000000000e+03,1.352134676229592269e+00
8.426000000000000000e+03,1.264858083526477994e+00
8.427000000000000000e+03,1.181047404124535127e+00
8.428000000000000000e+03,1.203292170613880163e+00
8.429000000000000000e+03,1.209972624528864893e+00
8.430000000000000000e+03,1.331504105155443929e+00
8.431000000000000000e+03,1.349731994837381377e+00
8.432000000000000000e+03,1.303751668961791177e+00
8.433000000000000000e+03,1.342646479467932030e+00
8.434000000000000000e+03,1.260423207088453790e+00
8.435000000000000000e+03,1.135626023931650241e+00
8.436000000000000000e+03,1.192227303493218260e+00
8.437000000000000000e+03,1.147242677260522425e+00
8.438000000000000000e+03,1.188179841768912670e+00
8.439000000000000000e+03,1.147842041180721084e+00
8.440000000000000000e+03,1.177187808832061977e+00
8.441000000000000000e+03,1.088261128092073982e+00
8.442000000000000000e+03,1.123278671831033693e+00
8.443000000000000000e+03,1.489325554794479256e+00
8.444000000000000000e+03,1.235828974617542153e+00
8.445000000000000000e+03,1.270829630152848999e+00
8.446000000000000000e+03,1.259012307061386338e+00
8.447000000000000000e+03,1.238229325482169463e+00
8.448000000000000000e+03,1.250227513126924039e+00
8.449000000000000000e+03,1.184345060080033596e+00
8.450000000000000000e+03,1.266367510178977529e+00
8.451000000000000000e+03,1.406853801200498522e+00
8.452000000000000000e+03,1.345181032374489716e+00
8.453000000000000000e+03,1.369075423439575223e+00
8.454000000000000000e+03,1.232493334905183424e+00
8.455000000000000000e+03,1.161850834602407012e+00
8.456000000000000000e+03,1.316867487306480511e+00
8.457000000000000000e+03,1.447218567739406936e+00
8.458000000000000000e+03,1.202956848698629955e+00
8.459000000000000000e+03,1.234116752871567968e+00
8.460000000000000000e+03,1.211271198779501068e+00
8.461000000000000000e+03,1.195162665277727188e+00
8.462000000000000000e+03,1.400594872156097015e+00
8.463000000000000000e+03,1.376308112593508826e+00
8.464000000000000000e+03,1.238456109704184405e+00
8.465000000000000000e+03,1.211080997944027127e+00
8.466000000000000000e+03,1.355341809574318157e+00
8.467000000000000000e+03,1.106992001376366774e+00
8.468000000000000000e+03,1.251835559721421687e+00
8.469000000000000000e+03,1.079720846574264925e+00
8.470000000000000000e+03,1.238692593661167463e+00
8.471000000000000000e+03,1.249611319404965615e+00
8.472000000000000000e+03,1.161482519695351989e+00
8.473000000000000000e+03,1.361223475526460946e+00
8.474000000000000000e+03,1.110266341721223071e+00
8.475000000000000000e+03,1.175078237775739831e+00
8.476000000000000000e+03,1.213842252543726685e+00
8.477000000000000000e+03,1.330458910649615634e+00
8.478000000000000000e+03,1.266657224977598917e+00
8.479000000000000000e+03,1.112111578998823846e+00
8.480000000000000000e+03,1.279394802380807494e+00
8.481000000000000000e+03,1.222947216631566025e+00
8.482000000000000000e+03,1.311032028819842710e+00
8.483000000000000000e+03,1.216307044420372296e+00
8.484000000000000000e+03,1.278139322866078897e+00
8.485000000000000000e+03,1.287294473808037409e+00
8.486000000000000000e+03,1.315995266749218295e+00
8.487000000000000000e+03,1.299516946611998458e+00
8.488000000000000000e+03,1.319179058857701037e+00
8.489000000000000000e+03,1.251397562219635384e+00
8.490000000000000000e+03,1.345712017810037020e+00
8.491000000000000000e+03,1.278618498583854901e+00
8.492000000000000000e+03,1.309039412629451782e+00
8.493000000000000000e+03,1.312457709044235310e+00
8.494000000000000000e+03,1.279301304692143981e+00
8.495000000000000000e+03,1.267211817062295687e+00
8.496000000000000000e+03,1.385186802043167242e+00
8.497000000000000000e+03,1.252070931753727745e+00
8.498000000000000000e+03,1.296155172578043802e+00
8.499000000000000000e+03,1.227422078090889768e+00
8.500000000000000000e+03,1.237650802332839195e+00
8.501000000000000000e+03,1.256090452680631353e+00
8.502000000000000000e+03,1.248964636902955672e+00
8.503000000000000000e+03,1.223377632676837523e+00
8.504000000000000000e+03,1.278666327851175621e+00
8.505000000000000000e+03,1.346358519055752767e+00
8.506000000000000000e+03,1.152466730264084305e+00
8.507000000000000000e+03,1.100305890006997966e+00
8.508000000000000000e+03,1.174694763290692112e+00
8.509000000000000000e+03,1.306376047423452924e+00
8.510000000000000000e+03,1.279930217062661191e+00
8.511000000000000000e+03,1.328541598023587289e+00
8.512000000000000000e+03,1.082990503348467470e+00
8.513000000000000000e+03,1.128742487820010298e+00
8.514000000000000000e+03,1.198294778534718885e+00
8.515000000000000000e+03,1.242817472587301353e+00
8.516000000000000000e+03,1.366426868527768956e+00
8.517000000000000000e+03,1.192538251824529993e+00
8.518000000000000000e+03,1.161705920055649877e+00
8.519000000000000000e+03,1.214320664911399339e+00
8.520000000000000000e+03,1.217964032127476059e+00
8.521000000000000000e+03,1.254741326604252194e+00
8.522000000000000000e+03,1.155635203716305126e+00
8.523000000000000000e+03,1.197533834944135567e+00
8.524000000000000000e+03,1.327935328066910170e+00
8.525000000000000000e+03,1.191316093454618308e+00
8.526000000000000000e+03,1.301473438995127019e+00
8.527000000000000000e+03,1.343762506278552316e+00
8.528000000000000000e+03,1.117002882735162572e+00
8.529000000000000000e+03,1.221849505450255835e+00
8.530000000000000000e+03,1.057189114000572028e+00
8.531000000000000000e+03,1.174924188386219592e+00
8.532000000000000000e+03,1.239095577315692642e+00
8.533000000000000000e+03,1.338375648881354518e+00
8.534000000000000000e+03,1.233515118702350977e+00
8.535000000000000000e+03,1.212392438561121111e+00
8.536000000000000000e+03,1.239272149949006252e+00
8.537000000000000000e+03,1.323336850088967509e+00
8.538000000000000000e+03,1.390249996233281049e+00
8.539000000000000000e+03,1.316056323453944188e+00
8.540000000000000000e+03,1.147700189269476034e+00
8.541000000000000000e+03,1.130438290697428849e+00
8.542000000000000000e+03,9.585095030742269984e-01
8.543000000000000000e+03,1.141792991358240972e+00
8.544000000000000000e+03,1.173144911482861374e+00
8.545000000000000000e+03,1.181360512269282959e+00
8.546000000000000000e+03,1.162550752421318112e+00
8.547000000000000000e+03,1.391610037077783302e+00
8.548000000000000000e+03,1.255190965087347621e+00
8.549000000000000000e+03,1.446791986024976273e+00
8.550000000000000000e+03,1.218145945105133077e+00
8.551000000000000000e+03,1.151462259571512714e+00
8.552000000000000000e+03,1.230581035936388679e+00
8.553000000000000000e+03,1.358212252203604198e+00
8.554000000000000000e+03,1.211032500464782169e+00
8.555000000000000000e+03,1.095725967853662164e+00
8.556000000000000000e+03,1.298010832555382077e+00
8.557000000000000000e+03,1.242674334514284995e+00
8.558000000000000000e+03,1.335271343222597995e+00
8.559000000000000000e+03,1.119212475273906993e+00
8.560000000000000000e+03,1.097172948735247067e+00
8.561000000000000000e+03,1.329970973801582579e+00
8.562000000000000000e+03,1.203902173211385929e+00
8.563000000000000000e+03,1.264674433944918519e+00
8.564000000000000000e+03,1.261392698600529494e+00
8.565000000000000000e+03,1.325219459774938269e+00
8.566000000000000000e+03,1.335285147345628642e+00
8.567000000000000000e+03,1.190040461553955264e+00
8.568000000000000000e+03,1.353059508675923173e+00
8.569000000000000000e+03,1.187135193405527867e+00
8.570000000000000000e+03,1.243941019498743028e+00
8.571000000000000000e+03,1.204134941073067733e+00
8.572000000000000000e+03,1.357604692571846128e+00
8.573000000000000000e+03,1.213522847352852985e+00
8.574000000000000000e+03,1.277838256527654481e+00
8.575000000000000000e+03,1.252065891586530366e+00
8.576000000000000000e+03,1.251723660275217975e+00
8.577000000000000000e+03,1.248896326609604701e+00
8.578000000000000000e+03,1.248917544422266657e+00
8.579000000000000000e+03,1.257718159469058294e+00
8.580000000000000000e+03,1.371771003871623762e+00
8.581000000000000000e+03,1.196328238302283076e+00
8.582000000000000000e+03,1.474925721304674475e+00
8.583000000000000000e+03,1.226354885556339980e+00
8.584000000000000000e+03,1.205740341192806042e+00
8.585000000000000000e+03,1.317207979005866392e+00
8.586000000000000000e+03,1.229412475332129162e+00
8.587000000000000000e+03,1.124315391214312454e+00
8.588000000000000000e+03,1.290393879932549837e+00
8.589000000000000000e+03,1.301698663459516236e+00
8.590000000000000000e+03,1.466558963583102893e+00
8.591000000000000000e+03,1.329953079677108629e+00
8.592000000000000000e+03,1.237447173334944361e+00
8.593000000000000000e+03,1.385617988737162687e+00
8.594000000000000000e+03,1.181842882262703176e+00
8.595000000000000000e+03,1.075236779664162201e+00
8.596000000000000000e+03,1.250142024958231346e+00
8.597000000000000000e+03,1.234243602019574393e+00
8.598000000000000000e+03,1.301962586883722794e+00
8.599000000000000000e+03,1.248276264264656765e+00
8.600000000000000000e+03,1.292376461577483315e+00
8.601000000000000000e+03,1.393986455426211801e+00
8.602000000000000000e+03,1.261533805672041098e+00
8.603000000000000000e+03,1.212595761452083920e+00
8.604000000000000000e+03,1.045815585785904167e+00
8.605000000000000000e+03,1.215038543640536650e+00
8.606000000000000000e+03,1.174390278451266756e+00
8.607000000000000000e+03,1.122286415201436238e+00
8.608000000000000000e+03,1.269490477250035942e+00
8.609000000000000000e+03,1.272882052834744870e+00
8.610000000000000000e+03,1.268763171026214165e+00
8.611000000000000000e+03,1.454448427600580018e+00
8.612000000000000000e+03,1.275707727014831372e+00
8.613000000000000000e+03,1.273778851832011227e+00
8.614000000000000000e+03,1.393945185055757818e+00
8.615000000000000000e+03,1.248230083465870166e+00
8.616000000000000000e+03,1.251197602426858513e+00
8.617000000000000000e+03,1.320990672164795043e+00
8.618000000000000000e+03,1.344285597803727583e+00
8.619000000000000000e+03,1.341866272735146026e+00
8.620000000000000000e+03,1.222662553488330417e+00
8.621000000000000000e+03,1.210442780685032860e+00
8.622000000000000000e+03,1.304914212379257199e+00
8.623000000000000000e+03,1.199920668010790781e+00
8.624000000000000000e+03,1.209621623192997708e+00
8.625000000000000000e+03,1.213703407073053686e+00
8.626000000000000000e+03,1.167005489237098903e+00
8.627000000000000000e+03,1.186865664181608659e+00
8.628000000000000000e+03,1.268626031958064893e+00
8.629000000000000000e+03,1.109133560309991884e+00
8.630000000000000000e+03,1.152830778607873530e+00
8.631000000000000000e+03,1.217825960929001639e+00
8.632000000000000000e+03,1.334809830513416395e+00
8.633000000000000000e+03,1.277052195706656734e+00
8.634000000000000000e+03,1.469564618182284566e+00
8.635000000000000000e+03,1.150883692756417442e+00
8.636000000000000000e+03,1.282519117479470783e+00
8.637000000000000000e+03,1.165977362622831359e+00
8.638000000000000000e+03,1.215285200635677354e+00
8.639000000000000000e+03,1.381757661970103301e+00
8.640000000000000000e+03,1.390547240365078929e+00
8.641000000000000000e+03,1.350218242077446895e+00
8.642000000000000000e+03,1.297422458412513135e+00
8.643000000000000000e+03,1.358173839494559276e+00
8.644000000000000000e+03,1.250039762144547595e+00
8.645000000000000000e+03,1.289805867867525269e+00
8.646000000000000000e+03,1.314385120749481217e+00
8.647000000000000000e+03,1.256173522434899770e+00
8.648000000000000000e+03,1.315797451007481467e+00
8.649000000000000000e+03,1.301373073108757605e+00
8.650000000000000000e+03,1.167835724241573558e+00
8.651000000000000000e+03,1.246029108864461277e+00
8.652000000000000000e+03,1.240119723242241845e+00
8.653000000000000000e+03,1.220173381885740760e+00
8.654000000000000000e+03,1.110176210956109744e+00
8.655000000000000000e+03,1.249578003747365829e+00
8.656000000000000000e+03,1.253251643916716063e+00
8.657000000000000000e+03,1.358354439656536350e+00
8.658000000000000000e+03,1.181941906561632338e+00
8.659000000000000000e+03,1.290176161676149125e+00
8.660000000000000000e+03,1.180902725526372210e+00
8.661000000000000000e+03,1.229963165194704500e+00
8.662000000000000000e+03,1.161970469263595929e+00
8.663000000000000000e+03,1.169972049332888009e+00
8.664000000000000000e+03,1.229234423517196140e+00
8.665000000000000000e+03,1.325447407492186480e+00
8.666000000000000000e+03,1.209616325213227928e+00
8.667000000000000000e+03,1.147080433633002938e+00
8.668000000000000000e+03,1.256976115414739192e+00
8.669000000000000000e+03,1.166793534353797179e+00
8.670000000000000000e+03,1.512299445885344262e+00
8.671000000000000000e+03,1.236710462305259606e+00
8.672000000000000000e+03,1.258686252077707346e+00
8.673000000000000000e+03,1.162704447604077540e+00
8.674000000000000000e+03,1.375726401774197472e+00
8.675000000000000000e+03,1.358027978814836834e+00
8.676000000000000000e+03,1.307250758854492823e+00
8.677000000000000000e+03,1.162273559339304319e+00
8.678000000000000000e+03,1.144884304333951608e+00
8.679000000000000000e+03,1.254972983516474017e+00
8.680000000000000000e+03,1.353205172138929768e+00
8.681000000000000000e+03,1.296979253786877395e+00
8.682000000000000000e+03,1.207960508004227940e+00
8.683000000000000000e+03,1.099205242202437871e+00
8.684000000000000000e+03,1.083630853243788605e+00
8.685000000000000000e+03,1.192185294010474239e+00
8.686000000000000000e+03,1.237368630114312973e+00
8.687000000000000000e+03,1.340272691047971865e+00
8.688000000000000000e+03,1.272595405168010618e+00
8.689000000000000000e+03,1.166385557020911401e+00
8.690000000000000000e+03,1.220846983774891426e+00
8.691000000000000000e+03,1.205543310420309044e+00
8.692000000000000000e+03,1.334116491152366635e+00
8.693000000000000000e+03,1.308526601923102994e+00
8.694000000000000000e+03,1.190147502784288935e+00
8.695000000000000000e+03,1.271784032143310927e+00
8.696000000000000000e+03,1.287624886882163144e+00
8.697000000000000000e+03,1.232442557062671362e+00
8.698000000000000000e+03,1.300771820989960359e+00
8.699000000000000000e+03,1.169269699609712498e+00
8.700000000000000000e+03,1.395940892311427595e+00
8.701000000000000000e+03,1.285278100107098087e+00
8.702000000000000000e+03,1.473420414145936608e+00
8.703000000000000000e+03,1.229308322979973278e+00
8.704000000000000000e+03,1.315244015529188681e+00
8.705000000000000000e+03,1.372910790255896352e+00
8.706000000000000000e+03,1.251013316442334933e+00
8.707000000000000000e+03,1.188957102391887899e+00
8.708000000000000000e+03,1.280961413488181266e+00
8.709000000000000000e+03,1.143868882689228039e+00
8.710000000000000000e+03,1.108957201422986039e+00
8.711000000000000000e+03,1.233791606026567012e+00
8.712000000000000000e+03,1.130146946914238226e+00
8.713000000000000000e+03,1.081561489442561808e+00
8.714000000000000000e+03,1.171218956778871778e+00
8.715000000000000000e+03,1.333769551248883189e+00
8.716000000000000000e+03,1.412313629604315945e+00
8.717000000000000000e+03,1.147358313992001166e+00
8.718000000000000000e+03,1.249855729622468603e+00
8.719000000000000000e+03,1.305987307739722603e+00
8.720000000000000000e+03,1.215937166578292983e+00
8.721000000000000000e+03,1.242071166995351694e+00
8.722000000000000000e+03,1.324696987288141337e+00
8.723000000000000000e+03,1.320642064481527100e+00
8.724000000000000000e+03,1.214764812569989028e+00
8.725000000000000000e+03,1.341720116138601426e+00
8.726000000000000000e+03,1.365091576982961241e+00
8.727000000000000000e+03,1.376544558286445508e+00
8.728000000000000000e+03,1.344575984303679084e+00
8.729000000000000000e+03,1.469397521925780881e+00
8.730000000000000000e+03,1.196864310942292509e+00
8.731000000000000000e+03,1.291574965555270404e+00
8.732000000000000000e+03,1.225401082937796593e+00
8.733000000000000000e+03,1.346325312631985183e+00
8.734000000000000000e+03,1.202930088722544033e+00
8.735000000000000000e+03,1.227994965776260994e+00
8.736000000000000000e+03,1.365576109971438967e+00
8.737000000000000000e+03,1.244052257294457453e+00
8.738000000000000000e+03,1.232874976804138267e+00
8.739000000000000000e+03,1.138141377992903269e+00
8.740000000000000000e+03,1.190845678210140202e+00
8.741000000000000000e+03,1.217400498652533081e+00
8.742000000000000000e+03,1.189404722557929839e+00
8.743000000000000000e+03,1.264434434784782457e+00
8.744000000000000000e+03,1.225218644438141657e+00
8.745000000000000000e+03,1.336017294965310409e+00
8.746000000000000000e+03,1.364417061902826855e+00
8.747000000000000000e+03,1.262713972587981903e+00
8.748000000000000000e+03,1.325573841799775776e+00
8.749000000000000000e+03,1.346701314585230014e+00
8.750000000000000000e+03,1.289853827520865304e+00
8.751000000000000000e+03,1.244441005504560271e+00
8.752000000000000000e+03,1.289318762296146614e+00
8.753000000000000000e+03,1.331890009481938808e+00
8.754000000000000000e+03,1.368081109933211525e+00
8.755000000000000000e+03,1.249300479663337571e+00
8.756000000000000000e+03,1.292638496979097829e+00
8.757000000000000000e+03,1.246264488144575466e+00
8.758000000000000000e+03,1.328387691273227977e+00
8.759000000000000000e+03,1.367669590891073650e+00
8.760000000000000000e+03,1.437290623420315105e+00
8.761000000000000000e+03,1.377839289816978230e+00
8.762000000000000000e+03,1.267562208919152278e+00
8.763000000000000000e+03,1.208968049381548449e+00
8.764000000000000000e+03,1.240976739953535413e+00
8.765000000000000000e+03,1.246826270822393612e+00
8.766000000000000000e+03,1.265145783777659849e+00
8.767000000000000000e+03,1.175389451435461696e+00
8.768000000000000000e+03,1.254554054296917132e+00
8.769000000000000000e+03,1.143126703756093265e+00
8.770000000000000000e+03,1.140561634065110130e+00
8.771000000000000000e+03,1.299602744442823088e+00
8.772000000000000000e+03,1.340111320286790697e+00
8.773000000000000000e+03,1.327712595572105414e+00
8.774000000000000000e+03,1.208480670635915688e+00
8.775000000000000000e+03,1.246751982395796654e+00
8.776000000000000000e+03,1.181311262681790097e+00
8.777000000000000000e+03,1.196581071894341486e+00
8.778000000000000000e+03,1.294776552275575199e+00
8.779000000000000000e+03,1.289626016553976129e+00
8.780000000000000000e+03,1.265108249047542044e+00
8.781000000000000000e+03,1.225460884045546095e+00
8.782000000000000000e+03,1.179681312404363025e+00
8.783000000000000000e+03,1.220597962329171837e+00
8.784000000000000000e+03,1.391054102860975084e+00
8.785000000000000000e+03,1.265613472416661001e+00
8.786000000000000000e+03,1.275484302703512540e+00
8.787000000000000000e+03,1.162634094857007749e+00
8.788000000000000000e+03,1.227488656247847754e+00
8.789000000000000000e+03,1.394118979898544719e+00
8.790000000000000000e+03,1.282674459660937183e+00
8.791000000000000000e+03,1.283571538019192548e+00
8.792000000000000000e+03,1.259505500969048564e+00
8.793000000000000000e+03,1.200693376660900480e+00
8.794000000000000000e+03,1.413239509961949469e+00
8.795000000000000000e+03,1.205710165159295855e+00
8.796000000000000000e+03,1.193579226977298680e+00
8.797000000000000000e+03,1.241053630396357299e+00
8.798000000000000000e+03,1.136923683201870316e+00
8.799000000000000000e+03,1.189522002499262321e+00
8.800000000000000000e+03,1.181054083955928480e+00
8.801000000000000000e+03,1.078388422911535249e+00
8.802000000000000000e+03,1.362982127789720943e+00
8.803000000000000000e+03,1.259352151978260892e+00
8.804000000000000000e+03,1.298095878882364218e+00
8.805000000000000000e+03,1.235643521052609550e+00
8.806000000000000000e+03,1.240246290867989876e+00
8.807000000000000000e+03,1.366415544947300109e+00
8.808000000000000000e+03,1.329734060277715679e+00
8.809000000000000000e+03,1.477315035661907583e+00
8.810000000000000000e+03,1.376466611799016748e+00
8.811000000000000000e+03,1.351965384369789414e+00
8.812000000000000000e+03,1.261484905207228113e+00
8.813000000000000000e+03,1.134599646010300722e+00
8.814000000000000000e+03,1.144133405835982220e+00
8.815000000000000000e+03,1.410686235731519078e+00
8.816000000000000000e+03,1.337252329493162861e+00
8.817000000000000000e+03,1.179462409983618176e+00
8.818000000000000000e+03,1.466959608509921020e+00
8.819000000000000000e+03,1.317594081178292242e+00
8.820000000000000000e+03,1.425092560031974154e+00
8.821000000000000000e+03,1.290385204044287137e+00
8.822000000000000000e+03,1.262965812627273809e+00
8.823000000000000000e+03,1.227161148245843325e+00
8.824000000000000000e+03,1.200417028022281229e+00
8.825000000000000000e+03,1.279354283831380057e+00
8.826000000000000000e+03,1.366580975662962771e+00
8.827000000000000000e+03,1.116783385029392894e+00
8.828000000000000000e+03,1.358545566173881003e+00
8.829000000000000000e+03,1.245085333575032704e+00
8.830000000000000000e+03,1.218826412606782039e+00
8.831000000000000000e+03,1.124681543474578049e+00
8.832000000000000000e+03,1.218721157775573438e+00
8.833000000000000000e+03,1.195349658833679163e+00
8.834000000000000000e+03,1.111623404349523003e+00
8.835000000000000000e+03,1.194370523703257803e+00
8.836000000000000000e+03,1.250118608968752376e+00
8.837000000000000000e+03,1.280509860783702880e+00
8.838000000000000000e+03,1.133715204010358857e+00
8.839000000000000000e+03,1.274666995604173847e+00
8.840000000000000000e+03,1.261147319882359952e+00
8.841000000000000000e+03,1.348154169968978300e+00
8.842000000000000000e+03,1.248764034960985203e+00
8.843000000000000000e+03,1.168735901691061452e+00
8.844000000000000000e+03,1.295532044353937762e+00
8.845000000000000000e+03,1.137542647830416698e+00
8.846000000000000000e+03,1.274343415292850112e+00
8.847000000000000000e+03,1.113932274983285398e+00
8.848000000000000000e+03,1.089889741611579144e+00
8.849000000000000000e+03,1.051405998793541352e+00
8.850000000000000000e+03,1.139910810712732481e+00
8.851000000000000000e+03,1.166133872345357148e+00
8.852000000000000000e+03,1.210383457216776648e+00
8.853000000000000000e+03,1.211375797987862102e+00
8.854000000000000000e+03,1.330574102532743552e+00
8.855000000000000000e+03,1.150468342312035208e+00
8.856000000000000000e+03,1.254392873391711349e+00
8.857000000000000000e+03,1.157434856058880746e+00
8.858000000000000000e+03,1.387033748457143334e+00
8.859000000000000000e+03,1.270358213517990498e+00
8.860000000000000000e+03,1.238297057115223865e+00
8.861000000000000000e+03,1.283075138929368642e+00
8.862000000000000000e+03,1.272881566027664002e+00
8.863000000000000000e+03,1.179666403719161094e+00
8.864000000000000000e+03,1.291403539689853108e+00
8.865000000000000000e+03,1.323087677775431681e+00
8.866000000000000000e+03,1.280037277341547375e+00
8.867000000000000000e+03,1.294159405325256973e+00
8.868000000000000000e+03,1.213374238219073975e+00
8.869000000000000000e+03,1.015514534225088195e+00
8.870000000000000000e+03,1.120364091774834314e+00
8.871000000000000000e+03,1.280634976453510543e+00
8.872000000000000000e+03,1.240604076741862460e+00
8.873000000000000000e+03,1.304774323694949834e+00
8.874000000000000000e+03,1.316083285160750238e+00
8.875000000000000000e+03,1.208804706674733387e+00
8.876000000000000000e+03,1.184052685757461587e+00
8.877000000000000000e+03,1.145522549303036763e+00
8.878000000000000000e+03,1.405108352507069558e+00
8.879000000000000000e+03,1.326862651292524786e+00
8.880000000000000000e+03,1.126319325402174831e+00
8.881000000000000000e+03,1.399953904505208291e+00
8.882000000000000000e+03,1.131733676394949706e+00
8.883000000000000000e+03,1.202574831988380000e+00
8.884000000000000000e+03,1.263466502156501692e+00
8.885000000000000000e+03,1.171456030961488759e+00
8.886000000000000000e+03,1.086804219417571771e+00
8.887000000000000000e+03,1.174229717630984604e+00
8.888000000000000000e+03,1.159885444960816470e+00
8.889000000000000000e+03,1.219996825872861290e+00
8.890000000000000000e+03,1.377773938101447326e+00
8.891000000000000000e+03,1.333037067891277960e+00
8.892000000000000000e+03,1.248285528669395239e+00
8.893000000000000000e+03,1.302406131852271276e+00
8.894000000000000000e+03,1.201485702438474634e+00
8.895000000000000000e+03,1.333627939309598442e+00
8.896000000000000000e+03,1.327661323316345676e+00
8.897000000000000000e+03,1.329478524085783153e+00
8.898000000000000000e+03,1.279456194037033256e+00
8.899000000000000000e+03,1.296530500173637357e+00
8.900000000000000000e+03,1.396418120934280527e+00
8.901000000000000000e+03,1.155395068972348671e+00
8.902000000000000000e+03,1.243666879526677205e+00
8.903000000000000000e+03,1.271101724920454590e+00
8.904000000000000000e+03,1.285490499195245828e+00
8.905000000000000000e+03,1.304306396223952058e+00
8.906000000000000000e+03,1.253166864312551532e+00
8.907000000000000000e+03,1.217084335067240675e+00
8.908000000000000000e+03,1.120426664970143316e+00
8.909000000000000000e+03,1.398869423399255796e+00
8.910000000000000000e+03,1.311150595165689436e+00
8.911000000000000000e+03,1.259460211348945036e+00
8.912000000000000000e+03,1.305150578868456979e+00
8.913000000000000000e+03,1.355026340943887186e+00
8.914000000000000000e+03,1.391226991818507841e+00
8.915000000000000000e+03,1.360961887377054813e+00
8.916000000000000000e+03,1.318776315250949294e+00
8.917000000000000000e+03,1.214664498156081684e+00
8.918000000000000000e+03,1.228033512795905002e+00
8.919000000000000000e+03,1.208543721191321696e+00
8.920000000000000000e+03,1.162563087066328160e+00
8.921000000000000000e+03,1.342307719744008976e+00
8.922000000000000000e+03,1.387044018530286804e+00
8.923000000000000000e+03,1.267911485181911546e+00
8.924000000000000000e+03,1.254608283250604028e+00
8.925000000000000000e+03,1.140674732799630275e+00
8.926000000000000000e+03,1.318855772622609113e+00
8.927000000000000000e+03,1.159704846022297620e+00
8.928000000000000000e+03,1.284483218322256093e+00
8.929000000000000000e+03,1.402266225164859215e+00
8.930000000000000000e+03,1.065980360089022527e+00
8.931000000000000000e+03,1.362100981553104218e+00
8.932000000000000000e+03,1.283294854639002613e+00
8.933000000000000000e+03,1.254219436696177192e+00
8.934000000000000000e+03,1.306605814924352904e+00
8.935000000000000000e+03,1.387049994668799302e+00
8.936000000000000000e+03,1.082276000787187220e+00
8.937000000000000000e+03,1.277788984118846338e+00
8.938000000000000000e+03,1.330656446439889562e+00
8.939000000000000000e+03,1.408429766745882938e+00
8.940000000000000000e+03,1.225533121143807413e+00
8.941000000000000000e+03,1.082671733459431129e+00
8.942000000000000000e+03,1.089215427837773476e+00
8.943000000000000000e+03,1.344970556111843241e+00
8.944000000000000000e+03,1.239101753041785603e+00
8.945000000000000000e+03,1.243892987146897333e+00
8.946000000000000000e+03,1.193042383634830728e+00
8.947000000000000000e+03,1.151323322101198476e+00
8.948000000000000000e+03,1.325280534492549789e+00
8.949000000000000000e+03,1.338130816808027701e+00
8.950000000000000000e+03,1.405387154755136869e+00
8.951000000000000000e+03,1.237235871880586258e+00
8.952000000000000000e+03,1.235952333079509691e+00
8.953000000000000000e+03,1.120487516138656936e+00
8.954000000000000000e+03,1.259847574757524624e+00
8.955000000000000000e+03,1.262114053830641902e+00
8.956000000000000000e+03,1.328424553202940395e+00
8.957000000000000000e+03,1.391441106882908230e+00
8.958000000000000000e+03,1.433682048600548820e+00
8.959000000000000000e+03,1.298052019851098970e+00
8.960000000000000000e+03,1.272752859472816134e+00
8.961000000000000000e+03,1.177435064896727335e+00
8.962000000000000000e+03,1.248434317132198546e+00
8.963000000000000000e+03,1.322884532670895119e+00
8.964000000000000000e+03,1.328452849961897497e+00
8.965000000000000000e+03,1.473749038693495050e+00
8.966000000000000000e+03,1.191306677424696314e+00
8.967000000000000000e+03,1.288821873162490528e+00
8.968000000000000000e+03,1.239107924257548232e+00
8.969000000000000000e+03,1.183817614768879922e+00
8.970000000000000000e+03,1.295011610133462776e+00
8.971000000000000000e+03,1.213150402230554592e+00
8.972000000000000000e+03,1.317277180974192330e+00
8.973000000000000000e+03,1.255551466875882261e+00
8.974000000000000000e+03,1.377094288606704353e+00
8.975000000000000000e+03,1.258056129811648383e+00
8.976000000000000000e+03,1.356618834133966001e+00
8.977000000000000000e+03,1.234607464462408100e+00
8.978000000000000000e+03,1.098600050475120105e+00
8.979000000000000000e+03,1.381313936232940298e+00
8.980000000000000000e+03,1.284160332509304947e+00
8.981000000000000000e+03,1.394004895479216133e+00
8.982000000000000000e+03,1.163343061190709182e+00
8.983000000000000000e+03,1.275657302389335612e+00
8.984000000000000000e+03,1.245983360950132735e+00
8.985000000000000000e+03,1.313994032286153413e+00
8.986000000000000000e+03,1.153110863929748042e+00
8.987000000000000000e+03,1.305924377019887395e+00
8.988000000000000000e+03,1.273458923771309426e+00
8.989000000000000000e+03,1.246511195594068866e+00
8.990000000000000000e+03,1.180131705748928672e+00
8.991000000000000000e+03,1.174135026355277889e+00
8.992000000000000000e+03,1.310332053861500645e+00
8.993000000000000000e+03,1.174930645111990302e+00
8.994000000000000000e+03,1.251229004335654649e+00
8.995000000000000000e+03,1.361979143439647100e+00
8.996000000000000000e+03,1.315921087889000862e+00
8.997000000000000000e+03,1.171459598255154777e+00
8.998000000000000000e+03,1.118283140815634180e+00
8.999000000000000000e+03,1.229863267146493744e+00
9.000000000000000000e+03,1.203844846716650707e+00
9.001000000000000000e+03,1.319781290164091292e+00
9.002000000000000000e+03,1.181344495634605529e+00
9.003000000000000000e+03,1.241311217866147176e+00
9.004000000000000000e+03,1.090308505219796720e+00
9.005000000000000000e+03,1.131886889836769994e+00
9.006000000000000000e+03,1.426591801537929749e+00
9.007000000000000000e+03,1.308632138701247394e+00
9.008000000000000000e+03,1.250303021545586812e+00
9.009000000000000000e+03,1.213731201281236682e+00
9.010000000000000000e+03,1.273091517834252340e+00
9.011000000000000000e+03,1.257382174710968359e+00
9.012000000000000000e+03,1.258359210212384838e+00
9.013000000000000000e+03,1.244231639412894053e+00
9.014000000000000000e+03,1.212898651943503880e+00
9.015000000000000000e+03,1.163654696234295738e+00
9.016000000000000000e+03,1.221192539885227912e+00
9.017000000000000000e+03,1.300632118246495272e+00
9.018000000000000000e+03,1.244038062367099684e+00
9.019000000000000000e+03,1.325310324807269735e+00
9.020000000000000000e+03,1.353804057106455794e+00
9.021000000000000000e+03,1.286407249365250083e+00
9.022000000000000000e+03,1.219981647953944481e+00
9.023000000000000000e+03,1.260479473987580867e+00
9.024000000000000000e+03,1.421657009957573825e+00
9.025000000000000000e+03,1.072992067074462375e+00
9.026000000000000000e+03,1.190529702211058360e+00
9.027000000000000000e+03,1.154924867547605816e+00
9.028000000000000000e+03,1.240583550555490300e+00
9.029000000000000000e+03,1.322189290686243357e+00
9.030000000000000000e+03,1.152872261001163467e+00
9.031000000000000000e+03,1.277425916083863244e+00
9.032000000000000000e+03,1.313598540682750171e+00
9.033000000000000000e+03,1.238686442327853632e+00
9.034000000000000000e+03,1.291000809172572872e+00
9.035000000000000000e+03,1.232397596155995645e+00
9.036000000000000000e+03,1.185043177923252422e+00
9.037000000000000000e+03,1.344707126086425175e+00
9.038000000000000000e+03,1.187615674866466353e+00
9.039000000000000000e+03,1.370319602249684410e+00
9.040000000000000000e+03,1.349434577074993591e+00
9.041000000000000000e+03,1.328077089748885387e+00
9.042000000000000000e+03,1.268989655828069107e+00
9.043000000000000000e+03,1.354755476818250148e+00
9.044000000000000000e+03,1.277838314585406865e+00
9.045000000000000000e+03,1.211286689231523273e+00
9.046000000000000000e+03,1.248699457136738467e+00
9.047000000000000000e+03,1.293510366906734044e+00
9.048000000000000000e+03,1.298611612887156097e+00
9.049000000000000000e+03,1.341791435839898350e+00
9.050000000000000000e+03,1.212468106822935265e+00
9.051000000000000000e+03,1.331475704452442788e+00
9.052000000000000000e+03,1.280615245130725999e+00
9.053000000000000000e+03,1.319448210227018858e+00
9.054000000000000000e+03,1.140635490959766019e+00
9.055000000000000000e+03,1.273430524510808626e+00
9.056000000000000000e+03,1.183911059596518545e+00
9.057000000000000000e+03,1.132166620544978519e+00
9.058000000000000000e+03,1.228404740637958348e+00
9.059000000000000000e+03,1.131546344478103094e+00
9.060000000000000000e+03,1.279834465418377309e+00
9.061000000000000000e+03,1.339844716962839133e+00
9.062000000000000000e+03,1.395086246488050907e+00
9.063000000000000000e+03,1.352485280094733122e+00
9.064000000000000000e+03,1.169276790222349538e+00
9.065000000000000000e+03,1.331381106069960296e+00
9.066000000000000000e+03,1.432306750421507680e+00
9.067000000000000000e+03,1.441075500409924270e+00
9.068000000000000000e+03,1.189255726019199155e+00
9.069000000000000000e+03,1.128419031443257614e+00
9.070000000000000000e+03,1.336515144714188752e+00
9.071000000000000000e+03,1.157226819250079863e+00
9.072000000000000000e+03,1.243250524213339148e+00
9.073000000000000000e+03,1.302090715877635363e+00
9.074000000000000000e+03,1.244523276221369823e+00
9.075000000000000000e+03,1.384505392027328030e+00
9.076000000000000000e+03,1.265261299450896937e+00
9.077000000000000000e+03,1.195561107116194011e+00
9.078000000000000000e+03,1.458296558945191723e+00
9.079000000000000000e+03,1.192977439446449184e+00
9.080000000000000000e+03,1.333327951719011084e+00
9.081000000000000000e+03,1.207887037578191602e+00
9.082000000000000000e+03,1.246013562254546514e+00
9.083000000000000000e+03,1.237573870922320518e+00
9.084000000000000000e+03,1.217594843313048347e+00
9.085000000000000000e+03,1.309031262523380201e+00
9.086000000000000000e+03,1.286821212187661212e+00
9.087000000000000000e+03,1.398984155914227090e+00
9.088000000000000000e+03,1.310430306611491069e+00
9.089000000000000000e+03,1.197032044358746106e+00
9.090000000000000000e+03,1.382402321552813840e+00
9.091000000000000000e+03,1.301835275148556903e+00
9.092000000000000000e+03,1.233631799620247937e+00
9.093000000000000000e+03,1.143230983234090781e+00
9.094000000000000000e+03,1.182238915696030235e+00
9.095000000000000000e+03,1.225511878500902485e+00
9.096000000000000000e+03,1.240034071225329493e+00
9.097000000000000000e+03,1.297388466779566318e+00
9.098000000000000000e+03,1.369776434795053177e+00
9.099000000000000000e+03,1.216964390802055984e+00
9.100000000000000000e+03,1.216413609844873012e+00
9.101000000000000000e+03,1.197455121340520234e+00
9.102000000000000000e+03,1.288026974491820908e+00
9.103000000000000000e+03,1.335365035675072809e+00
9.104000000000000000e+03,1.258910664356004405e+00
9.105000000000000000e+03,1.289039226154105933e+00
9.106000000000000000e+03,1.228937019789438700e+00
9.107000000000000000e+03,1.154920185511057795e+00
9.108000000000000000e+03,1.175186260781998948e+00
9.109000000000000000e+03,1.231094515471829798e+00
9.110000000000000000e+03,1.229115058690763762e+00
9.111000000000000000e+03,1.281650451690981463e+00
9.112000000000000000e+03,1.179492222418584868e+00
9.113000000000000000e+03,1.158510527142216695e+00
9.114000000000000000e+03,1.261460744751976115e+00
9.115000000000000000e+03,1.264337229080208180e+00
9.116000000000000000e+03,1.185381215850853209e+00
9.117000000000000000e+03,1.264814972935519366e+00
9.118000000000000000e+03,1.371657701641641802e+00
9.119000000000000000e+03,1.366768235075678684e+00
9.120000000000000000e+03,1.297430977138278374e+00
9.121000000000000000e+03,1.252267064870006941e+00
9.122000000000000000e+03,1.223010659633398944e+00
9.123000000000000000e+03,1.233688935489330785e+00
9.124000000000000000e+03,1.282723475372768096e+00
9.125000000000000000e+03,1.276425541638583683e+00
9.126000000000000000e+03,1.419381826339178865e+00
9.127000000000000000e+03,1.195980043177202745e+00
9.128000000000000000e+03,1.205129673200531659e+00
9.129000000000000000e+03,1.424644489155521221e+00
9.130000000000000000e+03,1.316172472747485500e+00
9.131000000000000000e+03,1.276537944997000462e+00
9.132000000000000000e+03,1.230846867930300625e+00
9.133000000000000000e+03,1.136888430154115115e+00
9.134000000000000000e+03,1.285002206362088284e+00
9.135000000000000000e+03,1.299378457816115384e+00
9.136000000000000000e+03,1.210582036624632041e+00
9.137000000000000000e+03,1.359295275644924139e+00
9.138000000000000000e+03,1.317259549662818108e+00
9.139000000000000000e+03,1.236424356079793840e+00
9.140000000000000000e+03,1.330600821183227200e+00
9.141000000000000000e+03,1.200323991457259876e+00
9.142000000000000000e+03,1.370427942805022781e+00
9.143000000000000000e+03,1.330405125427050361e+00
9.144000000000000000e+03,1.286558914910925555e+00
9.145000000000000000e+03,1.361128684248943177e+00
9.146000000000000000e+03,1.428302627329935959e+00
9.147000000000000000e+03,1.252408292081939933e+00
9.148000000000000000e+03,1.270115592255596670e+00
9.149000000000000000e+03,1.255853120861937677e+00
9.150000000000000000e+03,1.232795721147167400e+00
9.151000000000000000e+03,1.262075191306057054e+00
9.152000000000000000e+03,1.398977470239500365e+00
9.153000000000000000e+03,1.274504675915499208e+00
9.154000000000000000e+03,1.230995682172370431e+00
9.155000000000000000e+03,1.177504935070727177e+00
9.156000000000000000e+03,1.211538802427440054e+00
9.157000000000000000e+03,1.315126907648795473e+00
9.158000000000000000e+03,1.323281973217457441e+00
9.159000000000000000e+03,1.328009718802727113e+00
9.160000000000000000e+03,1.146791691565027360e+00
9.161000000000000000e+03,1.310560918866168212e+00
9.162000000000000000e+03,1.287815165156059649e+00
9.163000000000000000e+03,1.284128281658755810e+00
9.164000000000000000e+03,1.276354154202367530e+00
9.165000000000000000e+03,1.167690216606391163e+00
9.166000000000000000e+03,1.217120287748393315e+00
9.167000000000000000e+03,1.186929449411710191e+00
9.168000000000000000e+03,1.229931430094379108e+00
9.169000000000000000e+03,1.273162800631558289e+00
9.170000000000000000e+03,1.283347217845501431e+00
9.171000000000000000e+03,1.347967776789837702e+00
9.172000000000000000e+03,1.301943894410859004e+00
9.173000000000000000e+03,1.327781011407419998e+00
9.174000000000000000e+03,1.169748002191128622e+00
9.175000000000000000e+03,1.213185131696117747e+00
9.176000000000000000e+03,1.407301991084899617e+00
9.177000000000000000e+03,1.257013584143333196e+00
9.178000000000000000e+03,1.262183630586597882e+00
9.179000000000000000e+03,1.242603806653165055e+00
9.180000000000000000e+03,1.316682874175174156e+00
9.181000000000000000e+03,1.220417477210342438e+00
9.182000000000000000e+03,1.218832166111058601e+00
9.183000000000000000e+03,1.387860550276494243e+00
9.184000000000000000e+03,1.397822803026184557e+00
9.185000000000000000e+03,1.265254108681148848e+00
9.186000000000000000e+03,1.299550000180730747e+00
9.187000000000000000e+03,1.174836058444610698e+00
9.188000000000000000e+03,1.173994671700943959e+00
9.189000000000000000e+03,1.193815936844654813e+00
9.190000000000000000e+03,1.222477827400549222e+00
9.191000000000000000e+03,1.136561354924304323e+00
9.192000000000000000e+03,1.265729522628310733e+00
9.193000000000000000e+03,1.336986542670018041e+00
9.194000000000000000e+03,1.308004161999532178e+00
9.195000000000000000e+03,1.287872008105728439e+00
9.196000000000000000e+03,1.127422571972539256e+00
9.197000000000000000e+03,1.170999926020349191e+00
9.198000000000000000e+03,1.281497507223470000e+00
9.199000000000000000e+03,1.256590663793698992e+00
9.200000000000000000e+03,1.400915076912449431e+00
9.201000000000000000e+03,1.350734975259487713e+00
9.202000000000000000e+03,1.270089450107074303e+00
9.203000000000000000e+03,1.203883704153837941e+00
9.204000000000000000e+03,1.237422632754372032e+00
9.205000000000000000e+03,1.221657686472057414e+00
9.206000000000000000e+03,1.311844078174336126e+00
9.207000000000000000e+03,1.226111301420195421e+00
9.208000000000000000e+03,1.270261045981992520e+00
9.209000000000000000e+03,1.145654566072358937e+00
9.210000000000000000e+03,1.184262630142000505e+00
9.211000000000000000e+03,1.246983694920035246e+00
9.212000000000000000e+03,1.149982151413311504e+00
9.213000000000000000e+03,1.147394479937101419e+00
9.214000000000000000e+03,1.185385476686270367e+00
9.215000000000000000e+03,1.278076739231464254e+00
9.216000000000000000e+03,1.386645103939408097e+00
9.217000000000000000e+03,1.185014525978095090e+00
9.218000000000000000e+03,1.184840628411239161e+00
9.219000000000000000e+03,1.240107398063276412e+00
9.220000000000000000e+03,1.084333127283884313e+00
9.221000000000000000e+03,1.159611323724126786e+00
9.222000000000000000e+03,1.054670916696591521e+00
9.223000000000000000e+03,1.149741312777852631e+00
9.224000000000000000e+03,1.236398027793668364e+00
9.225000000000000000e+03,1.292443373940883156e+00
9.226000000000000000e+03,1.434916745680747008e+00
9.227000000000000000e+03,1.185924021384705540e+00
9.228000000000000000e+03,1.349811060386270967e+00
9.229000000000000000e+03,1.213011575684325383e+00
9.230000000000000000e+03,1.168970345936288124e+00
9.231000000000000000e+03,1.464545965697291896e+00
9.232000000000000000e+03,1.269583545372626743e+00
9.233000000000000000e+03,1.220861880252372522e+00
9.234000000000000000e+03,1.173762063947544343e+00
9.235000000000000000e+03,1.275084145607228381e+00
9.236000000000000000e+03,1.209364479572367257e+00
9.237000000000000000e+03,1.271741565876281621e+00
9.238000000000000000e+03,1.294611677699092578e+00
9.239000000000000000e+03,1.317820469597564381e+00
9.240000000000000000e+03,1.379193038001397031e+00
9.241000000000000000e+03,1.322375852008518038e+00
9.242000000000000000e+03,1.282038147999145394e+00
9.243000000000000000e+03,1.423872196581787097e+00
9.244000000000000000e+03,1.164775883385455568e+00
9.245000000000000000e+03,1.240889827637898790e+00
9.246000000000000000e+03,1.134192542901518275e+00
9.247000000000000000e+03,1.253673514715762272e+00
9.248000000000000000e+03,1.242898118042016886e+00
9.249000000000000000e+03,1.189472460676438859e+00
9.250000000000000000e+03,1.278364799005030861e+00
9.251000000000000000e+03,1.280193013618852849e+00
9.252000000000000000e+03,1.235198980411247538e+00
9.253000000000000000e+03,1.301517949789021911e+00
9.254000000000000000e+03,1.225189234952625661e+00
9.255000000000000000e+03,1.244171615813278731e+00
9.256000000000000000e+03,1.151179189326100305e+00
9.257000000000000000e+03,1.248937555110238629e+00
9.258000000000000000e+03,1.387174610722309964e+00
9.259000000000000000e+03,1.306984235721422749e+00
9.260000000000000000e+03,1.433889626584313515e+00
9.261000000000000000e+03,1.327534948950385374e+00
9.262000000000000000e+03,1.302286406312534783e+00
9.263000000000000000e+03,1.138934570429875226e+00
9.264000000000000000e+03,1.078454589597273916e+00
9.265000000000000000e+03,1.166104669509680836e+00
9.266000000000000000e+03,1.352290512561000302e+00
9.267000000000000000e+03,1.220909300336201930e+00
9.268000000000000000e+03,1.288982166311098743e+00
9.269000000000000000e+03,1.186577899687967452e+00
9.270000000000000000e+03,1.231032870684418246e+00
9.271000000000000000e+03,1.210644030155133111e+00
9.272000000000000000e+03,1.337099243411612903e+00
9.273000000000000000e+03,1.263240750589156081e+00
9.274000000000000000e+03,1.337569184265420041e+00
9.275000000000000000e+03,1.139688811229530474e+00
9.276000000000000000e+03,1.220186450946541656e+00
9.277000000000000000e+03,1.223728262140896472e+00
9.278000000000000000e+03,1.220706822186113039e+00
9.279000000000000000e+03,1.182968154715442921e+00
9.280000000000000000e+03,1.351187677881260596e+00
9.281000000000000000e+03,1.216577369102933348e+00
9.282000000000000000e+03,1.306959209817873946e+00
9.283000000000000000e+03,1.366994190919232022e+00
9.284000000000000000e+03,1.267890413353013557e+00
9.285000000000000000e+03,1.178345698088724358e+00
9.286000000000000000e+03,1.203759476417087804e+00
9.287000000000000000e+03,1.110009527497650028e+00
9.288000000000000000e+03,1.289618173460466588e+00
9.289000000000000000e+03,1.194146481915720592e+00
9.290000000000000000e+03,1.286116856551771104e+00
9.291000000000000000e+03,1.531377305512003462e+00
9.292000000000000000e+03,1.334269611795096955e+00
9.293000000000000000e+03,1.361046799698168996e+00
9.294000000000000000e+03,1.216063520309446533e+00
9.295000000000000000e+03,1.346903042397776806e+00
9.296000000000000000e+03,1.275909556963931379e+00
9.297000000000000000e+03,1.331128182892733491e+00
9.298000000000000000e+03,1.280349396946496521e+00
9.299000000000000000e+03,1.254039765100975812e+00
9.300000000000000000e+03,1.131465949571823115e+00
9.301000000000000000e+03,1.212179719301257341e+00
9.302000000000000000e+03,1.293696574818010925e+00
9.303000000000000000e+03,1.389162730160989900e+00
9.304000000000000000e+03,1.280262745220235976e+00
9.305000000000000000e+03,1.268257298604127170e+00
9.306000000000000000e+03,1.216541009677906127e+00
9.307000000000000000e+03,1.211796571932910460e+00
9.308000000000000000e+03,1.136662928331223510e+00
9.309000000000000000e+03,1.265596733788471040e+00
9.310000000000000000e+03,1.264167059225757450e+00
9.311000000000000000e+03,1.403555912868364119e+00
9.312000000000000000e+03,1.373405265175454915e+00
9.313000000000000000e+03,1.272331360500061681e+00
9.314000000000000000e+03,1.295180024673253882e+00
9.315000000000000000e+03,1.131538289574978817e+00
9.316000000000000000e+03,1.211736961999301254e+00
9.317000000000000000e+03,1.380187393655355477e+00
9.318000000000000000e+03,1.146886186252804141e+00
9.319000000000000000e+03,1.207180794947301239e+00
9.320000000000000000e+03,1.338916160972582814e+00
9.321000000000000000e+03,1.242741466233541203e+00
9.322000000000000000e+03,1.393161749267057603e+00
9.323000000000000000e+03,1.469388181177258001e+00
9.324000000000000000e+03,1.274610298930249463e+00
9.325000000000000000e+03,1.264555495765373072e+00
9.326000000000000000e+03,1.524515753413062003e+00
9.327000000000000000e+03,1.334538005780787406e+00
9.328000000000000000e+03,1.247281933290460332e+00
9.329000000000000000e+03,1.342086003793185878e+00
9.330000000000000000e+03,1.323432983548693320e+00
9.331000000000000000e+03,1.271192469909934175e+00
9.332000000000000000e+03,1.346817023646311728e+00
9.333000000000000000e+03,1.315760114216856458e+00
9.334000000000000000e+03,1.250223866260141037e+00
9.335000000000000000e+03,1.230518727403679957e+00
9.336000000000000000e+03,1.301299509104745900e+00
9.337000000000000000e+03,1.174303921638104375e+00
9.338000000000000000e+03,1.185181974757703260e+00
9.339000000000000000e+03,1.308867453290655236e+00
9.340000000000000000e+03,1.306856117302744646e+00
9.341000000000000000e+03,1.192576123114921449e+00
9.342000000000000000e+03,1.364689450379037439e+00
9.343000000000000000e+03,1.355029922545330168e+00
9.344000000000000000e+03,1.305932844582025298e+00
9.345000000000000000e+03,1.252265561527198479e+00
9.346000000000000000e+03,1.212136486528410773e+00
9.347000000000000000e+03,1.163850334871056491e+00
9.348000000000000000e+03,1.198492682792129838e+00
9.349000000000000000e+03,1.330008433454719530e+00
9.350000000000000000e+03,1.276663034173686651e+00
9.351000000000000000e+03,1.193374429275873450e+00
9.352000000000000000e+03,1.272866141621679992e+00
9.353000000000000000e+03,1.246500035385662342e+00
9.354000000000000000e+03,1.156215401720561031e+00
9.355000000000000000e+03,1.107103168806986782e+00
9.356000000000000000e+03,1.208334177900697304e+00
9.357000000000000000e+03,1.257076277852451573e+00
9.358000000000000000e+03,1.421215630944657971e+00
9.359000000000000000e+03,1.164347634373039897e+00
9.360000000000000000e+03,1.282070042454965808e+00
9.361000000000000000e+03,1.174546118878442735e+00
9.362000000000000000e+03,1.216703058134697146e+00
9.363000000000000000e+03,1.224347610201220959e+00
9.364000000000000000e+03,1.253985908129977789e+00
9.365000000000000000e+03,1.208688577720046231e+00
9.366000000000000000e+03,1.242690936017583070e+00
9.367000000000000000e+03,1.245973974653542538e+00
9.368000000000000000e+03,1.378893846743282081e+00
9.369000000000000000e+03,1.454487631160319205e+00
9.370000000000000000e+03,1.350616207780491962e+00
9.371000000000000000e+03,1.276978792062269719e+00
9.372000000000000000e+03,1.318364035780350774e+00
9.373000000000000000e+03,1.237730506633610617e+00
9.374000000000000000e+03,1.337343194983140027e+00
9.375000000000000000e+03,1.147684458305116451e+00
9.376000000000000000e+03,1.364666201279009172e+00
9.377000000000000000e+03,1.247198064992257827e+00
9.378000000000000000e+03,1.255082865980392759e+00
9.379000000000000000e+03,1.259626706240156713e+00
9.380000000000000000e+03,1.240284539839313860e+00
9.381000000000000000e+03,1.350115197918809073e+00
9.382000000000000000e+03,1.254757616969329304e+00
9.383000000000000000e+03,1.247391147034235148e+00
9.384000000000000000e+03,1.208847863698945035e+00
9.385000000000000000e+03,1.230655119212088477e+00
9.386000000000000000e+03,1.226127170612291373e+00
9.387000000000000000e+03,1.277864347263258482e+00
9.388000000000000000e+03,1.176703002690108635e+00
9.389000000000000000e+03,1.249216659107917238e+00
9.390000000000000000e+03,1.334429893162498493e+00
9.391000000000000000e+03,1.366580794546676803e+00
9.392000000000000000e+03,1.358602024336607039e+00
9.393000000000000000e+03,1.329335178295150355e+00
9.394000000000000000e+03,1.321718326659937937e+00
9.395000000000000000e+03,1.321718845553944144e+00
9.396000000000000000e+03,1.221563649136901297e+00
9.397000000000000000e+03,1.219500246116906661e+00
9.398000000000000000e+03,1.245139764556775663e+00
9.399000000000000000e+03,1.382154004965989058e+00
9.400000000000000000e+03,1.418383983378494140e+00
9.401000000000000000e+03,1.493114097394262929e+00
9.402000000000000000e+03,1.295529864889237492e+00
9.403000000000000000e+03,1.360691296290625241e+00
9.404000000000000000e+03,1.282358620843666808e+00
9.405000000000000000e+03,1.303810842839436157e+00
9.406000000000000000e+03,1.257146747365735173e+00
9.407000000000000000e+03,1.312570925967168511e+00
9.408000000000000000e+03,1.311714003715457988e+00
9.409000000000000000e+03,1.285596138181176240e+00
9.410000000000000000e+03,1.276976459856969504e+00
9.411000000000000000e+03,1.236380917283173897e+00
9.412000000000000000e+03,1.331007098510611497e+00
9.413000000000000000e+03,1.324652076541154244e+00
9.414000000000000000e+03,1.180081560435899624e+00
9.415000000000000000e+03,1.222580951501397672e+00
9.416000000000000000e+03,1.167537843181415846e+00
9.417000000000000000e+03,1.267831455534285778e+00
9.418000000000000000e+03,1.166129767258849981e+00
9.419000000000000000e+03,1.142423057591172464e+00
9.420000000000000000e+03,1.296427482890049054e+00
9.421000000000000000e+03,1.272210682299537821e+00
9.422000000000000000e+03,1.247991739308555115e+00
9.423000000000000000e+03,1.335146791794047161e+00
9.424000000000000000e+03,1.154418453472364936e+00
9.425000000000000000e+03,1.193801680355252692e+00
9.426000000000000000e+03,1.334368450385012617e+00
9.427000000000000000e+03,1.208046312986102100e+00
9.428000000000000000e+03,1.230698523235117969e+00
9.429000000000000000e+03,1.177463328098347750e+00
9.430000000000000000e+03,1.276122504020621218e+00
9.431000000000000000e+03,1.279996828703576117e+00
9.432000000000000000e+03,1.323436469492429879e+00
9.433000000000000000e+03,1.338762846022088615e+00
9.434000000000000000e+03,1.164377883137929004e+00
9.435000000000000000e+03,1.137125588011485222e+00
9.436000000000000000e+03,1.057931982333863541e+00
9.437000000000000000e+03,1.142310103494912576e+00
9.438000000000000000e+03,1.284401901435063165e+00
9.439000000000000000e+03,1.231740245874398676e+00
9.440000000000000000e+03,1.150982718961885976e+00
9.441000000000000000e+03,1.190769232345599837e+00
9.442000000000000000e+03,1.267734477822487493e+00
9.443000000000000000e+03,1.221925167328263839e+00
9.444000000000000000e+03,1.268123629704579702e+00
9.445000000000000000e+03,1.228230685087256635e+00
9.446000000000000000e+03,1.154428979697957880e+00
9.447000000000000000e+03,1.139210854606897527e+00
9.448000000000000000e+03,1.305403293792891217e+00
9.449000000000000000e+03,1.151605922504820523e+00
9.450000000000000000e+03,1.201315102694350045e+00
9.451000000000000000e+03,1.241876995207820134e+00
9.452000000000000000e+03,1.130371262596874260e+00
9.453000000000000000e+03,1.190787500968836454e+00
9.454000000000000000e+03,1.253331191230996566e+00
9.455000000000000000e+03,1.250225497359700011e+00
9.456000000000000000e+03,1.247266918962504523e+00
9.457000000000000000e+03,1.237275198044457625e+00
9.458000000000000000e+03,1.236648108596392515e+00
9.459000000000000000e+03,1.287557064160918419e+00
9.460000000000000000e+03,1.326905715617696657e+00
9.461000000000000000e+03,1.109305381837881077e+00
9.462000000000000000e+03,1.192167088682534182e+00
9.463000000000000000e+03,1.167735558993767020e+00
9.464000000000000000e+03,1.186232118507499766e+00
9.465000000000000000e+03,1.157680114712489772e+00
9.466000000000000000e+03,1.262509272469958699e+00
9.467000000000000000e+03,1.274679196335577691e+00
9.468000000000000000e+03,1.109446794979110251e+00
9.469000000000000000e+03,1.247513818247129258e+00
9.470000000000000000e+03,1.198555735890566520e+00
9.471000000000000000e+03,1.202896379465122845e+00
9.472000000000000000e+03,1.304698664891308368e+00
9.473000000000000000e+03,1.298375348034352950e+00
9.474000000000000000e+03,1.317557734205505815e+00
9.475000000000000000e+03,1.187874473680906151e+00
9.476000000000000000e+03,1.256343907129485071e+00
9.477000000000000000e+03,1.177111534660846281e+00
9.478000000000000000e+03,1.253893512198806404e+00
9.479000000000000000e+03,1.127411885121474722e+00
9.480000000000000000e+03,1.300299713111360500e+00
9.481000000000000000e+03,1.317233027694708625e+00
9.482000000000000000e+03,1.339249320217068551e+00
9.483000000000000000e+03,1.225200424479228944e+00
9.484000000000000000e+03,1.251240666507319688e+00
9.485000000000000000e+03,1.303672515434312285e+00
9.486000000000000000e+03,1.343262436832053153e+00
9.487000000000000000e+03,1.289606169223991516e+00
9.488000000000000000e+03,1.320676392313383074e+00
9.489000000000000000e+03,1.507516738857890726e+00
9.490000000000000000e+03,1.249576159724040014e+00
9.491000000000000000e+03,1.223967719956045475e+00
9.492000000000000000e+03,1.160924406968139255e+00
9.493000000000000000e+03,1.053056394178601529e+00
9.494000000000000000e+03,1.341185408942573210e+00
9.495000000000000000e+03,1.279416056156213788e+00
9.496000000000000000e+03,1.284295200350929145e+00
9.497000000000000000e+03,1.355767856528371729e+00
9.498000000000000000e+03,1.512555031572014430e+00
9.499000000000000000e+03,1.121077103111663975e+00
9.500000000000000000e+03,1.174815012598419806e+00
9.501000000000000000e+03,1.172878283082667838e+00
9.502000000000000000e+03,1.233407399258156456e+00
9.503000000000000000e+03,1.389565971685424506e+00
9.504000000000000000e+03,1.345033598231098360e+00
9.505000000000000000e+03,1.252578303698005602e+00
9.506000000000000000e+03,1.304568801145498780e+00
9.507000000000000000e+03,1.269378092193777618e+00
9.508000000000000000e+03,1.294157951339109713e+00
9.509000000000000000e+03,1.391140338302719659e+00
9.510000000000000000e+03,1.208379410388765063e+00
9.511000000000000000e+03,1.384522997617595674e+00
9.512000000000000000e+03,1.142617828430813942e+00
9.513000000000000000e+03,1.083360396503598722e+00
9.514000000000000000e+03,1.166219419897553067e+00
9.515000000000000000e+03,1.179713325322220063e+00
9.516000000000000000e+03,1.263143129309650892e+00
9.517000000000000000e+03,1.416882788971425278e+00
9.518000000000000000e+03,1.281239210890193769e+00
9.519000000000000000e+03,1.273498962661127276e+00
9.520000000000000000e+03,1.249794905306198967e+00
9.521000000000000000e+03,1.267954910191092743e+00
9.522000000000000000e+03,1.297334629297256514e+00
9.523000000000000000e+03,1.265903840135147451e+00
9.524000000000000000e+03,1.220915113032421395e+00
9.525000000000000000e+03,1.196819198128603157e+00
9.526000000000000000e+03,1.292919806874028854e+00
9.527000000000000000e+03,1.267089566930968081e+00
9.528000000000000000e+03,1.196192496966715701e+00
9.529000000000000000e+03,1.228191753531630681e+00
9.530000000000000000e+03,1.165898820513775469e+00
9.531000000000000000e+03,1.291920848994002391e+00
9.532000000000000000e+03,1.208507915086696860e+00
9.533000000000000000e+03,1.496814223901143492e+00
9.534000000000000000e+03,1.354018358149581047e+00
9.535000000000000000e+03,1.250451362756897833e+00
9.536000000000000000e+03,1.342942670977065545e+00
9.537000000000000000e+03,1.163899185669944325e+00
9.538000000000000000e+03,1.297293299686480550e+00
9.539000000000000000e+03,1.261024688631315227e+00
9.540000000000000000e+03,1.370557059545917333e+00
9.541000000000000000e+03,1.391112748394743193e+00
9.542000000000000000e+03,1.364189280978056695e+00
9.543000000000000000e+03,1.472680424621660711e+00
9.544000000000000000e+03,1.297868691548632603e+00
9.545000000000000000e+03,1.098146665116130904e+00
9.546000000000000000e+03,1.214749386621501781e+00
9.547000000000000000e+03,1.319188736776389925e+00
9.548000000000000000e+03,1.240622033326281626e+00
9.549000000000000000e+03,1.114044552792214926e+00
9.550000000000000000e+03,1.282740326324591340e+00
9.551000000000000000e+03,1.104150520368874178e+00
9.552000000000000000e+03,1.269073514545290493e+00
9.553000000000000000e+03,1.263206286067295681e+00
9.554000000000000000e+03,1.175223087392686327e+00
9.555000000000000000e+03,1.254937690232553971e+00
9.556000000000000000e+03,1.076814885999383353e+00
9.557000000000000000e+03,1.313170532081619601e+00
9.558000000000000000e+03,1.170413827860811828e+00
9.559000000000000000e+03,1.323074022377745740e+00
9.560000000000000000e+03,1.288763351277228741e+00
9.561000000000000000e+03,1.153941630841839761e+00
9.562000000000000000e+03,1.306316153403967117e+00
9.563000000000000000e+03,1.349400378557372493e+00
9.564000000000000000e+03,1.198239883523602334e+00
9.565000000000000000e+03,1.329892871373516305e+00
9.566000000000000000e+03,1.378309851814801812e+00
9.567000000000000000e+03,1.208964720274775972e+00
9.568000000000000000e+03,1.095540061219238526e+00
9.569000000000000000e+03,1.226276242386475257e+00
9.570000000000000000e+03,1.273083472874809496e+00
9.571000000000000000e+03,1.303863154091208232e+00
9.572000000000000000e+03,1.226797914610017193e+00
9.573000000000000000e+03,1.236664468035594266e+00
9.574000000000000000e+03,1.204863494412103275e+00
9.575000000000000000e+03,1.332849041987678174e+00
9.576000000000000000e+03,1.246463114523603588e+00
9.577000000000000000e+03,1.197787699790778371e+00
9.578000000000000000e+03,1.302196301863868477e+00
9.579000000000000000e+03,1.322752903467883989e+00
9.580000000000000000e+03,1.280536963938941453e+00
9.581000000000000000e+03,1.231235418892389299e+00
9.582000000000000000e+03,1.199092106704531480e+00
9.583000000000000000e+03,1.098665289333009998e+00
9.584000000000000000e+03,1.253320783387762649e+00
9.585000000000000000e+03,1.223751833240337428e+00
9.586000000000000000e+03,1.347435533831880861e+00
9.587000000000000000e+03,1.334865118813658880e+00
9.588000000000000000e+03,1.236513240556957882e+00
9.589000000000000000e+03,1.247470077538965771e+00
9.590000000000000000e+03,1.322563684577710230e+00
9.591000000000000000e+03,1.277975247880314136e+00
9.592000000000000000e+03,1.390530122681158165e+00
9.593000000000000000e+03,1.243898070003497613e+00
9.594000000000000000e+03,1.216154466151759816e+00
9.595000000000000000e+03,1.148854655087577115e+00
9.596000000000000000e+03,1.103273285114727331e+00
9.597000000000000000e+03,1.011777917402471916e+00
9.598000000000000000e+03,1.296778809125096243e+00
9.599000000000000000e+03,1.287816218117473266e+00
9.600000000000000000e+03,1.308130142098764104e+00
9.601000000000000000e+03,1.321822316572165645e+00
9.602000000000000000e+03,1.268340424948837697e+00
9.603000000000000000e+03,1.347908965672211634e+00
9.604000000000000000e+03,1.359444791161680488e+00
9.605000000000000000e+03,1.110388338931866725e+00
9.606000000000000000e+03,1.175939025539383787e+00
9.607000000000000000e+03,1.187489914301053773e+00
9.608000000000000000e+03,1.139088079458690395e+00
9.609000000000000000e+03,1.190852534218565406e+00
9.610000000000000000e+03,1.252144940677013096e+00
9.611000000000000000e+03,1.252800847275457485e+00
9.612000000000000000e+03,1.213123574050822828e+00
9.613000000000000000e+03,1.127691102224892550e+00
9.614000000000000000e+03,1.257643599107911125e+00
9.615000000000000000e+03,1.396104148243836329e+00
9.616000000000000000e+03,1.330083411044849617e+00
9.617000000000000000e+03,1.180679169738642287e+00
9.618000000000000000e+03,1.205481380383392365e+00
9.619000000000000000e+03,1.368287631889927303e+00
9.620000000000000000e+03,1.220027955721578961e+00
9.621000000000000000e+03,1.217893212700938310e+00
9.622000000000000000e+03,1.102013101764490965e+00
9.623000000000000000e+03,1.381525444657423440e+00
9.624000000000000000e+03,1.187291264268340640e+00
9.625000000000000000e+03,1.302472347521975049e+00
9.626000000000000000e+03,1.151912988708535757e+00
9.627000000000000000e+03,1.178324548373550940e+00
9.628000000000000000e+03,1.212547103367215273e+00
9.629000000000000000e+03,1.313533415628948209e+00
9.630000000000000000e+03,1.366937055048193184e+00
9.631000000000000000e+03,1.326376336919464327e+00
9.632000000000000000e+03,1.399712841210173142e+00
9.633000000000000000e+03,1.278059116432388009e+00
9.634000000000000000e+03,1.212359286038983575e+00
9.635000000000000000e+03,1.460638223160020122e+00
9.636000000000000000e+03,1.223794289402373670e+00
9.637000000000000000e+03,1.433916332616497424e+00
9.638000000000000000e+03,1.404153735630527144e+00
9.639000000000000000e+03,1.396223270834698438e+00
9.640000000000000000e+03,1.297310626677707024e+00
9.641000000000000000e+03,1.491420364207168170e+00
9.642000000000000000e+03,1.312968879792892674e+00
9.643000000000000000e+03,1.251579362725014466e+00
9.644000000000000000e+03,1.304089757438069652e+00
9.645000000000000000e+03,1.360571079413916085e+00
9.646000000000000000e+03,1.223607113098031052e+00
9.647000000000000000e+03,1.157100046824064643e+00
9.648000000000000000e+03,1.437086291454224840e+00
9.649000000000000000e+03,1.362785894414658028e+00
9.650000000000000000e+03,1.319497466535349384e+00
9.651000000000000000e+03,1.337073853086168773e+00
9.652000000000000000e+03,1.159428286872523639e+00
9.653000000000000000e+03,1.234530709773496771e+00
9.654000000000000000e+03,1.277774189571615260e+00
9.655000000000000000e+03,1.360191780809870243e+00
9.656000000000000000e+03,1.358155333311974466e+00
9.657000000000000000e+03,1.326119495275598359e+00
9.658000000000000000e+03,1.382331900685580983e+00
9.659000000000000000e+03,1.214285872745533679e+00
9.660000000000000000e+03,1.126142301341064522e+00
9.661000000000000000e+03,1.172997973019497708e+00
9.662000000000000000e+03,1.204583984313887690e+00
9.663000000000000000e+03,1.219942719084077032e+00
9.664000000000000000e+03,1.306648654492235995e+00
9.665000000000000000e+03,1.227693049402117431e+00
9.666000000000000000e+03,1.428826007286762234e+00
9.667000000000000000e+03,1.392412429932718743e+00
9.668000000000000000e+03,1.370574230617427558e+00
9.669000000000000000e+03,1.167930904234240508e+00
9.670000000000000000e+03,1.291247807967106365e+00
9.671000000000000000e+03,1.395439126697744836e+00
9.672000000000000000e+03,1.310006256944146408e+00
9.673000000000000000e+03,1.360023887285611632e+00
9.674000000000000000e+03,1.280659849062937949e+00
9.675000000000000000e+03,1.319170318665956243e+00
9.676000000000000000e+03,1.195981799789463951e+00
9.677000000000000000e+03,1.218713615740936618e+00
9.678000000000000000e+03,1.166800838072219237e+00
9.679000000000000000e+03,1.264196208917028219e+00
9.680000000000000000e+03,1.313908840900229302e+00
9.681000000000000000e+03,1.258773268013906321e+00
9.682000000000000000e+03,1.262804107756612115e+00
9.683000000000000000e+03,1.474846534021904798e+00
9.684000000000000000e+03,1.283933570661360601e+00
9.685000000000000000e+03,1.295806362604737583e+00
9.686000000000000000e+03,1.304459648286698581e+00
9.687000000000000000e+03,1.139287606498453620e+00
9.688000000000000000e+03,1.151755653899048548e+00
9.689000000000000000e+03,1.210056569446240848e+00
9.690000000000000000e+03,1.289314855433252305e+00
9.691000000000000000e+03,1.145433071787377521e+00
9.692000000000000000e+03,1.292901153871923059e+00
9.693000000000000000e+03,1.280828227302761801e+00
9.694000000000000000e+03,1.237383060524961609e+00
9.695000000000000000e+03,1.283101046054583971e+00
9.696000000000000000e+03,1.360483878733424135e+00
9.697000000000000000e+03,1.247597711625104466e+00
9.698000000000000000e+03,1.270593221051061095e+00
9.699000000000000000e+03,1.297079221875364841e+00
9.700000000000000000e+03,1.352178863228964856e+00
9.701000000000000000e+03,1.314722565244253571e+00
9.702000000000000000e+03,1.319221890915316830e+00
9.703000000000000000e+03,1.305468858331899851e+00
9.704000000000000000e+03,1.304808146597867147e+00
9.705000000000000000e+03,1.291562302870872481e+00
9.706000000000000000e+03,1.234122292864323400e+00
9.707000000000000000e+03,1.258808748115600284e+00
9.708000000000000000e+03,1.397076432772036192e+00
9.709000000000000000e+03,1.223220447220669804e+00
9.710000000000000000e+03,1.238812316912245359e+00
9.711000000000000000e+03,1.224521579502387159e+00
9.712000000000000000e+03,1.128641246112834562e+00
9.713000000000000000e+03,1.129746843401636447e+00
9.714000000000000000e+03,1.218447374343513356e+00
9.715000000000000000e+03,1.218620374531305783e+00
9.716000000000000000e+03,1.130288885326218296e+00
9.717000000000000000e+03,1.295937102670365215e+00
9.718000000000000000e+03,1.263680171717309397e+00
9.719000000000000000e+03,1.261539029182778382e+00
9.720000000000000000e+03,1.353450295275657300e+00
9.721000000000000000e+03,1.337966777065761281e+00
9.722000000000000000e+03,1.198211916193144599e+00
9.723000000000000000e+03,1.322779363564303479e+00
9.724000000000000000e+03,1.320286650440396059e+00
9.725000000000000000e+03,1.046709159599353844e+00
9.726000000000000000e+03,1.162376314403725797e+00
9.727000000000000000e+03,1.339976087780946123e+00
9.728000000000000000e+03,1.315479265880145077e+00
9.729000000000000000e+03,1.151130548580816759e+00
9.730000000000000000e+03,1.245177222803983241e+00
9.731000000000000000e+03,1.306585205565101715e+00
9.732000000000000000e+03,1.245273598173698204e+00
9.733000000000000000e+03,1.320409683371535303e+00
9.734000000000000000e+03,1.349081243374041339e+00
9.735000000000000000e+03,1.120188977540858000e+00
9.736000000000000000e+03,1.265458340532257031e+00
9.737000000000000000e+03,1.248845883901994469e+00
9.738000000000000000e+03,1.304025586894770550e+00
9.739000000000000000e+03,1.406497709486706604e+00
9.740000000000000000e+03,1.295757870820492208e+00
9.741000000000000000e+03,1.390016155345002780e+00
9.742000000000000000e+03,1.321177759448822098e+00
9.743000000000000000e+03,1.433234093317830693e+00
9.744000000000000000e+03,1.423860539712028972e+00
9.745000000000000000e+03,1.315073900994726319e+00
9.746000000000000000e+03,1.391930753352658590e+00
9.747000000000000000e+03,1.272210979539164732e+00
9.748000000000000000e+03,1.245881899056639375e+00
9.749000000000000000e+03,1.270611119781502429e+00
9.750000000000000000e+03,1.321990700199084490e+00
9.751000000000000000e+03,1.324741122232736767e+00
9.752000000000000000e+03,1.353478661483236145e+00
9.753000000000000000e+03,1.299153761261192308e+00
9.754000000000000000e+03,1.339272947570015138e+00
9.755000000000000000e+03,1.326998380801714950e+00
9.756000000000000000e+03,1.169958833775952556e+00
9.757000000000000000e+03,1.118328596920358908e+00
9.758000000000000000e+03,1.109900038487461105e+00
9.759000000000000000e+03,1.190698553752258970e+00
9.760000000000000000e+03,1.187289839246325585e+00
9.761000000000000000e+03,1.357828890867378568e+00
9.762000000000000000e+03,1.395771896696771597e+00
9.763000000000000000e+03,1.513799311524566260e+00
9.764000000000000000e+03,1.353836913856765412e+00
9.765000000000000000e+03,1.352876079930364739e+00
9.766000000000000000e+03,1.178983374764058789e+00
9.767000000000000000e+03,1.186195556750925695e+00
9.768000000000000000e+03,1.276717480356408085e+00
9.769000000000000000e+03,1.216194581327011415e+00
9.770000000000000000e+03,1.263348275585077118e+00
9.771000000000000000e+03,1.345834397156216999e+00
9.772000000000000000e+03,1.155412188640005500e+00
9.773000000000000000e+03,1.221370303953738246e+00
9.774000000000000000e+03,1.408628055295758186e+00
9.775000000000000000e+03,1.205787225468866630e+00
9.776000000000000000e+03,1.382407349869170021e+00
9.777000000000000000e+03,1.358959569574093251e+00
9.778000000000000000e+03,1.402560882081781424e+00
9.779000000000000000e+03,1.178136046254553149e+00
9.780000000000000000e+03,1.314073579130526248e+00
9.781000000000000000e+03,1.237126642162529988e+00
9.782000000000000000e+03,1.269598412502282114e+00
9.783000000000000000e+03,1.209847909636408092e+00
9.784000000000000000e+03,1.325710651713621901e+00
9.785000000000000000e+03,1.332022210620114722e+00
9.786000000000000000e+03,1.257684499079449347e+00
9.787000000000000000e+03,1.180245106922916731e+00
9.788000000000000000e+03,1.139862899801915130e+00
9.789000000000000000e+03,1.334920696325344380e+00
9.790000000000000000e+03,1.149425165894723655e+00
9.791000000000000000e+03,1.200973478856985022e+00
9.792000000000000000e+03,1.186955339496394091e+00
9.793000000000000000e+03,1.364592070059495788e+00
9.794000000000000000e+03,1.353771472717234525e+00
9.795000000000000000e+03,1.314484228949123645e+00
9.796000000000000000e+03,1.315463933580293565e+00
9.797000000000000000e+03,1.370588750691538626e+00
9.798000000000000000e+03,1.276640631595042485e+00
9.799000000000000000e+03,1.196393967962338989e+00
9.800000000000000000e+03,1.206093557652364590e+00
9.801000000000000000e+03,1.163368318124567313e+00
9.802000000000000000e+03,1.051065473467375000e+00
9.803000000000000000e+03,1.182668211856631846e+00
9.804000000000000000e+03,1.341763069006694620e+00
9.805000000000000000e+03,1.276777963501140700e+00
9.806000000000000000e+03,1.149404393219184861e+00
9.807000000000000000e+03,1.391466788014255718e+00
9.808000000000000000e+03,1.216892376915383878e+00
9.809000000000000000e+03,1.169088401609734040e+00
9.810000000000000000e+03,1.134381265322330412e+00
9.811000000000000000e+03,1.221960920622390034e+00
9.812000000000000000e+03,1.225441391866288754e+00
9.813000000000000000e+03,1.417600147621314921e+00
9.814000000000000000e+03,1.311645188067298351e+00
9.815000000000000000e+03,1.057584454099453009e+00
9.816000000000000000e+03,1.136668283923922163e+00
9.817000000000000000e+03,1.211529333655222418e+00
9.818000000000000000e+03,1.136202290112183322e+00
9.819000000000000000e+03,1.202336123550132196e+00
9.820000000000000000e+03,1.277969074304708075e+00
9.821000000000000000e+03,1.222708631343004004e+00
9.822000000000000000e+03,1.233562552234822141e+00
9.823000000000000000e+03,1.273899729206602771e+00
9.824000000000000000e+03,1.272785172143523491e+00
9.825000000000000000e+03,1.206593957574767062e+00
9.826000000000000000e+03,1.357608309208861996e+00
9.827000000000000000e+03,1.216395371485803123e+00
9.828000000000000000e+03,1.401073361489898916e+00
9.829000000000000000e+03,1.268815905759473672e+00
9.830000000000000000e+03,1.262517665485282770e+00
9.831000000000000000e+03,1.297629383911825363e+00
9.832000000000000000e+03,1.499156205280737453e+00
9.833000000000000000e+03,1.221689698861131435e+00
9.834000000000000000e+03,1.237129336699068549e+00
9.835000000000000000e+03,1.230729613478341200e+00
9.836000000000000000e+03,1.223699477080782527e+00
9.837000000000000000e+03,1.234994331928118916e+00
9.838000000000000000e+03,1.321363665072293081e+00
9.839000000000000000e+03,1.345623779803186260e+00
9.840000000000000000e+03,1.034210410600501451e+00
9.841000000000000000e+03,1.406068465345897911e+00
9.842000000000000000e+03,1.251287400307917297e+00
9.843000000000000000e+03,1.387503697801682812e+00
9.844000000000000000e+03,1.188495537791960377e+00
9.845000000000000000e+03,1.346433620651149576e+00
9.846000000000000000e+03,1.197749536621935951e+00
9.847000000000000000e+03,1.427102098177801759e+00
9.848000000000000000e+03,1.301962700589143873e+00
9.849000000000000000e+03,1.195248233659200521e+00
9.850000000000000000e+03,1.115553610686109698e+00
9.851000000000000000e+03,1.181203089261114503e+00
9.852000000000000000e+03,1.321029849786914401e+00
9.853000000000000000e+03,1.260343224768857073e+00
9.854000000000000000e+03,1.278651950013781846e+00
9.855000000000000000e+03,1.296096318448248574e+00
9.856000000000000000e+03,1.308505496539969393e+00
9.857000000000000000e+03,1.255914979231685491e+00
9.858000000000000000e+03,1.357576874929640631e+00
9.859000000000000000e+03,1.372916896757288008e+00
9.860000000000000000e+03,1.147306418615549939e+00
9.861000000000000000e+03,1.268123191493297552e+00
9.862000000000000000e+03,1.255809737424286032e+00
9.863000000000000000e+03,1.100553034266006591e+00
9.864000000000000000e+03,1.293501055587873205e+00
9.865000000000000000e+03,1.344152082192671349e+00
9.866000000000000000e+03,1.190830381404795579e+00
9.867000000000000000e+03,1.308643985080788497e+00
9.868000000000000000e+03,1.276591401769861633e+00
9.869000000000000000e+03,1.139510011395437505e+00
9.870000000000000000e+03,1.202678059170797509e+00
9.871000000000000000e+03,1.331127639454846801e+00
9.872000000000000000e+03,1.178968238725029316e+00
9.873000000000000000e+03,1.267449506198735421e+00
9.874000000000000000e+03,1.243106807603550301e+00
9.875000000000000000e+03,1.188935680891440638e+00
9.876000000000000000e+03,1.336554778090078832e+00
9.877000000000000000e+03,1.199385595473901667e+00
9.878000000000000000e+03,1.149872919650019254e+00
9.879000000000000000e+03,1.027773616775072618e+00
9.880000000000000000e+03,1.323754918987034568e+00
9.881000000000000000e+03,1.339411857510157233e+00
9.882000000000000000e+03,1.346737721545304911e+00
9.883000000000000000e+03,1.174372729391754744e+00
9.884000000000000000e+03,1.194250153425554295e+00
9.885000000000000000e+03,1.164556856911159954e+00
9.886000000000000000e+03,1.172728169928629383e+00
9.887000000000000000e+03,1.117557369187172744e+00
9.888000000000000000e+03,1.175008093600722558e+00
9.889000000000000000e+03,1.416931410967937843e+00
9.890000000000000000e+03,1.234978021268225090e+00
9.891000000000000000e+03,1.173710314644935693e+00
9.892000000000000000e+03,1.096161367198772885e+00
9.893000000000000000e+03,1.149758881217939344e+00
9.894000000000000000e+03,1.264778358605141539e+00
9.895000000000000000e+03,1.230283678808253400e+00
9.896000000000000000e+03,1.179106309347057069e+00
9.897000000000000000e+03,1.227283386383911878e+00
9.898000000000000000e+03,1.197563221930864064e+00
9.899000000000000000e+03,1.267790595496256500e+00
9.900000000000000000e+03,1.301820451258128175e+00
9.901000000000000000e+03,1.165648041047002259e+00
9.902000000000000000e+03,1.246815757330633101e+00
9.903000000000000000e+03,1.120233115454998263e+00
9.904000000000000000e+03,1.319723367658214741e+00
9.905000000000000000e+03,1.193362512642118789e+00
9.906000000000000000e+03,1.444618547541856479e+00
9.907000000000000000e+03,1.355535234105019526e+00
9.908000000000000000e+03,1.391398515957255055e+00
9.909000000000000000e+03,1.138762484571216982e+00
9.910000000000000000e+03,1.275302982402557017e+00
9.911000000000000000e+03,1.373205854229917255e+00
9.912000000000000000e+03,1.280419338066092649e+00
9.913000000000000000e+03,1.346733523175868363e+00
9.914000000000000000e+03,1.311841346060887759e+00
9.915000000000000000e+03,1.258006694236079470e+00
9.916000000000000000e+03,1.209687049338044496e+00
9.917000000000000000e+03,1.433473607528187532e+00
9.918000000000000000e+03,1.378111116401183223e+00
9.919000000000000000e+03,1.292205224755567539e+00
9.920000000000000000e+03,1.258023346120350494e+00
9.921000000000000000e+03,1.285761607684420271e+00
9.922000000000000000e+03,1.111902302521811547e+00
9.923000000000000000e+03,1.203465916536133884e+00
9.924000000000000000e+03,1.311947099985764753e+00
9.925000000000000000e+03,1.329348452844118844e+00
9.926000000000000000e+03,1.461540575834710642e+00
9.927000000000000000e+03,1.432497995446405659e+00
9.928000000000000000e+03,1.369458603466761737e+00
9.929000000000000000e+03,1.294335780616231224e+00
9.930000000000000000e+03,1.271531559055056659e+00
9.931000000000000000e+03,1.137826734435358977e+00
9.932000000000000000e+03,1.256947353668749434e+00
9.933000000000000000e+03,1.294350828226755068e+00
9.934000000000000000e+03,1.253755897416286569e+00
9.935000000000000000e+03,1.150966393394533105e+00
9.936000000000000000e+03,1.301814527461041981e+00
9.937000000000000000e+03,1.206602562779988119e+00
9.938000000000000000e+03,1.346288457741249056e+00
9.939000000000000000e+03,1.344004331558220411e+00
9.940000000000000000e+03,1.287203164746914208e+00
9.941000000000000000e+03,1.263955867875054428e+00
9.942000000000000000e+03,1.233497385246980826e+00
9.943000000000000000e+03,1.310000254701227496e+00
9.944000000000000000e+03,1.246142287169999197e+00
9.945000000000000000e+03,1.215415176575656009e+00
9.946000000000000000e+03,1.277039086530328493e+00
9.947000000000000000e+03,1.340829138596328463e+00
9.948000000000000000e+03,1.239485046959321712e+00
9.949000000000000000e+03,1.204903593610830992e+00
9.950000000000000000e+03,1.273658115803130597e+00
9.951000000000000000e+03,1.308124102496725172e+00
9.952000000000000000e+03,1.245005146091322956e+00
9.953000000000000000e+03,1.195368638754723101e+00
9.954000000000000000e+03,1.279222288322215073e+00
9.955000000000000000e+03,1.283012753320651678e+00
9.956000000000000000e+03,1.171414458797576552e+00
9.957000000000000000e+03,1.301589301194457482e+00
9.958000000000000000e+03,1.297885859417194698e+00
9.959000000000000000e+03,1.278321236685886042e+00
9.960000000000000000e+03,1.022127742661720573e+00
9.961000000000000000e+03,1.072970006730861625e+00
9.962000000000000000e+03,1.185086583855206932e+00
9.963000000000000000e+03,1.150242576863403032e+00
9.964000000000000000e+03,1.254687489147038537e+00
9.965000000000000000e+03,1.263611447667611465e+00
9.966000000000000000e+03,1.095851816343082596e+00
9.967000000000000000e+03,1.353012671925654331e+00
9.968000000000000000e+03,1.204925140693972718e+00
9.969000000000000000e+03,1.106573555032630995e+00
9.970000000000000000e+03,1.095918360193065322e+00
9.971000000000000000e+03,1.350491293476604460e+00
9.972000000000000000e+03,1.223028828401870438e+00
9.973000000000000000e+03,1.338722542061596466e+00
9.974000000000000000e+03,1.301224622291228483e+00
9.975000000000000000e+03,1.295441965612995183e+00
9.976000000000000000e+03,1.135271145947388316e+00
9.977000000000000000e+03,1.351179966632683360e+00
9.978000000000000000e+03,1.177752957124354571e+00
9.979000000000000000e+03,1.171020213574587077e+00
9.980000000000000000e+03,1.164042653704298713e+00
9.981000000000000000e+03,1.402366967301874823e+00
9.982000000000000000e+03,1.237515117629759409e+00
9.983000000000000000e+03,1.340157795790260842e+00
9.984000000000000000e+03,1.400183073844348813e+00
9.985000000000000000e+03,1.269442996165102588e+00
9.986000000000000000e+03,1.093410883840988390e+00
9.987000000000000000e+03,1.240633908995774526e+00
9.988000000000000000e+03,1.199367020469536804e+00
9.989000000000000000e+03,1.187745311404921900e+00
9.990000000000000000e+03,1.205822869936017616e+00
9.991000000000000000e+03,1.329045336561937907e+00
9.992000000000000000e+03,1.250393601212975936e+00
9.993000000000000000e+03,1.252957430562351870e+00
9.994000000000000000e+03,1.330888642284534518e+00
9.995000000000000000e+03,1.366615355311683988e+00
9.996000000000000000e+03,1.328043529920382104e+00
9.997000000000000000e+03,1.418443990542055166e+00
9.998000000000000000e+03,1.249521324940247258e+00
9.999000000000000000e+03,1.316384075373577156e+00
1.000000000000000000e+04,1.351466814029225194e+00
1.000100000000000000e+04,1.234541366772142101e+00
1.000200000000000000e+04,1.197310139536743145e+00
1.000300000000000000e+04,1.097899188177915875e+00
1.000400000000000000e+04,1.142012987358087095e+00
1.000500000000000000e+04,1.200845992265242357e+00
1.000600000000000000e+04,1.205174535410631353e+00
1.000700000000000000e+04,1.231731052523894920e+00
1.000800000000000000e+04,1.285958463795383810e+00
1.000900000000000000e+04,1.295117178625621923e+00
1.001000000000000000e+04,1.156067674292526215e+00
1.001100000000000000e+04,1.301652126096200401e+00
1.001200000000000000e+04,1.069755034177128916e+00
1.001300000000000000e+04,1.121476930754686796e+00
1.001400000000000000e+04,1.327518543456948308e+00
1.001500000000000000e+04,1.342916640581383714e+00
1.001600000000000000e+04,1.326255563953815164e+00
1.001700000000000000e+04,1.277957786103237181e+00
1.001800000000000000e+04,1.194538441750451874e+00
1.001900000000000000e+04,1.258257326715221280e+00
1.002000000000000000e+04,1.189117398765749289e+00
1.002100000000000000e+04,1.263487748310247127e+00
1.002200000000000000e+04,1.052796589542508654e+00
1.002300000000000000e+04,1.209524719020806049e+00
1.002400000000000000e+04,1.275013555901518103e+00
1.002500000000000000e+04,1.132326221796870147e+00
1.002600000000000000e+04,1.184703945380074508e+00
1.002700000000000000e+04,1.174489026788820611e+00
1.002800000000000000e+04,1.089970817644357659e+00
1.002900000000000000e+04,1.141759480468234056e+00
1.003000000000000000e+04,1.136221305191513098e+00
1.003100000000000000e+04,1.304899329505884609e+00
1.003200000000000000e+04,1.115350047043394799e+00
1.003300000000000000e+04,1.142547560875904145e+00
1.003400000000000000e+04,1.279795216514440837e+00
1.003500000000000000e+04,1.346673272650872111e+00
1.003600000000000000e+04,1.258738617081582634e+00
1.003700000000000000e+04,1.112133098640631923e+00
1.003800000000000000e+04,1.240786860779989009e+00
1.003900000000000000e+04,1.273207151242073731e+00
1.004000000000000000e+04,1.261809437683226287e+00
1.004100000000000000e+04,1.083758462298772152e+00
1.004200000000000000e+04,1.179496641582907124e+00
1.004300000000000000e+04,1.314037519439932744e+00
1.004400000000000000e+04,1.182877569679041008e+00
1.004500000000000000e+04,1.139382637981955160e+00
1.004600000000000000e+04,1.169480131344524221e+00
1.004700000000000000e+04,1.223873528244534992e+00
1.004800000000000000e+04,1.163340430841475870e+00
1.004900000000000000e+04,1.256345339143767115e+00
1.005000000000000000e+04,1.286646240994288481e+00
1.005100000000000000e+04,1.144172165877868963e+00
1.005200000000000000e+04,1.268234045808508847e+00
1.005300000000000000e+04,1.314352368080957900e+00
1.005400000000000000e+04,1.243390983917042281e+00
1.005500000000000000e+04,1.383457618122576838e+00
1.005600000000000000e+04,1.119941840602655558e+00
1.005700000000000000e+04,1.362938590362748226e+00
1.005800000000000000e+04,1.155291675591028300e+00
1.005900000000000000e+04,1.118828084657291333e+00
1.006000000000000000e+04,1.255667313729454948e+00
1.006100000000000000e+04,1.329825278915957254e+00
1.006200000000000000e+04,1.115253882289703791e+00
1.006300000000000000e+04,1.274401912807399118e+00
1.006400000000000000e+04,1.150755100553286558e+00
1.006500000000000000e+04,1.294687313908333248e+00
1.006600000000000000e+04,1.284706722217474617e+00
1.006700000000000000e+04,1.075339831106868482e+00
1.006800000000000000e+04,1.073656535417019997e+00
1.006900000000000000e+04,1.131082368929981152e+00
1.007000000000000000e+04,1.142147193284901885e+00
1.007100000000000000e+04,1.062816346454487526e+00
1.007200000000000000e+04,1.114141798296134134e+00
1.007300000000000000e+04,1.362271447344988395e+00
1.007400000000000000e+04,1.209773343473436125e+00
1.007500000000000000e+04,1.379610516555076716e+00
1.007600000000000000e+04,1.218447829445167496e+00
1.007700000000000000e+04,1.381883186984188994e+00
1.007800000000000000e+04,1.236232098945145408e+00
1.007900000000000000e+04,1.241283240715293612e+00
1.008000000000000000e+04,1.281530758791179059e+00
1.008100000000000000e+04,1.048146324218766079e+00
1.008200000000000000e+04,1.189460272197926605e+00
1.008300000000000000e+04,1.216636996417493455e+00
1.008400000000000000e+04,1.105845551435610474e+00
1.008500000000000000e+04,1.286948727437945861e+00
1.008600000000000000e+04,1.163297872316878534e+00
1.008700000000000000e+04,1.320950250132066683e+00
1.008800000000000000e+04,1.414205447853100095e+00
1.008900000000000000e+04,1.228237798434995254e+00
1.009000000000000000e+04,1.340258960100177088e+00
1.009100000000000000e+04,1.069188752572040713e+00
1.009200000000000000e+04,1.299329889706120289e+00
1.009300000000000000e+04,1.195454751759897238e+00
1.009400000000000000e+04,1.043122531726839997e+00
1.009500000000000000e+04,1.244163533729848448e+00
1.009600000000000000e+04,1.105298224326793699e+00
1.009700000000000000e+04,1.209027304191840901e+00
1.009800000000000000e+04,1.242205503811300238e+00
1.009900000000000000e+04,1.356250519498984231e+00
1.010000000000000000e+04,1.291537715697500754e+00
1.010100000000000000e+04,1.289667146275732312e+00
1.010200000000000000e+04,1.248133840758189450e+00
1.010300000000000000e+04,1.268962642803719509e+00
1.010400000000000000e+04,1.483146623850582602e+00
1.010500000000000000e+04,1.299753669348877372e+00
1.010600000000000000e+04,1.201948585646841483e+00
1.010700000000000000e+04,1.329303945302696022e+00
1.010800000000000000e+04,1.326928913281833600e+00
1.010900000000000000e+04,1.214059748737853273e+00
1.011000000000000000e+04,1.229599452395393921e+00
1.011100000000000000e+04,1.259763144649427735e+00
1.011200000000000000e+04,1.330576839474445938e+00
1.011300000000000000e+04,1.227212895835238404e+00
1.011400000000000000e+04,1.183061799427044036e+00
1.011500000000000000e+04,1.343176853644554747e+00
1.011600000000000000e+04,1.208152555202069101e+00
1.011700000000000000e+04,1.368806219927214629e+00
1.011800000000000000e+04,1.422531729535730260e+00
1.011900000000000000e+04,1.397664896647262678e+00
1.012000000000000000e+04,1.343874023196699685e+00
1.012100000000000000e+04,1.270608591507036200e+00
1.012200000000000000e+04,1.087998638387777106e+00
1.012300000000000000e+04,1.160579301218777060e+00
1.012400000000000000e+04,1.263073095621266351e+00
1.012500000000000000e+04,1.260271665934553420e+00
1.012600000000000000e+04,1.425296120144155854e+00
1.012700000000000000e+04,1.385327499099915594e+00
1.012800000000000000e+04,1.224821253809467159e+00
1.012900000000000000e+04,1.208401160007418929e+00
1.013000000000000000e+04,1.133458198291692254e+00
1.013100000000000000e+04,1.217076837287196733e+00
1.013200000000000000e+04,1.135104381955528430e+00
1.013300000000000000e+04,1.085360054977020594e+00
1.013400000000000000e+04,1.208082977292408433e+00
1.013500000000000000e+04,1.324982069385596706e+00
1.013600000000000000e+04,1.284723335870858518e+00
1.013700000000000000e+04,1.245759353804646308e+00
1.013800000000000000e+04,1.355036126714596723e+00
1.013900000000000000e+04,1.071691665398605942e+00
1.014000000000000000e+04,1.112889024403927118e+00
1.014100000000000000e+04,1.274874107278387347e+00
1.014200000000000000e+04,1.415051374894797709e+00
1.014300000000000000e+04,1.263799174897194844e+00
1.014400000000000000e+04,1.328697989667865009e+00
1.014500000000000000e+04,1.142453414894980090e+00
1.014600000000000000e+04,1.220508508199203757e+00
1.014700000000000000e+04,1.310157184157192178e+00
1.014800000000000000e+04,1.118258174799657612e+00
1.014900000000000000e+04,1.370421391731933447e+00
1.015000000000000000e+04,1.208656699677474133e+00
1.015100000000000000e+04,1.095622042188569845e+00
1.015200000000000000e+04,1.126999640221646448e+00
1.015300000000000000e+04,1.327566071727301678e+00
1.015400000000000000e+04,1.192075481306719587e+00
1.015500000000000000e+04,1.077273986008987716e+00
1.015600000000000000e+04,1.138131548229845524e+00
1.015700000000000000e+04,1.123643430836711588e+00
1.015800000000000000e+04,1.118722864312392318e+00
1.015900000000000000e+04,1.020569346830645818e+00
1.016000000000000000e+04,1.210026269091377227e+00
1.016100000000000000e+04,1.144983871256718855e+00
1.016200000000000000e+04,1.311662167207181318e+00
1.016300000000000000e+04,1.333114994079691362e+00
1.016400000000000000e+04,1.418631637220740371e+00
1.016500000000000000e+04,1.166573025997571511e+00
1.016600000000000000e+04,1.276444278444883063e+00
1.016700000000000000e+04,1.074858593911726556e+00
1.016800000000000000e+04,1.127254158907692094e+00
1.016900000000000000e+04,1.182442577404817508e+00
1.017000000000000000e+04,1.287108005719883375e+00
1.017100000000000000e+04,1.356209321836578274e+00
1.017200000000000000e+04,1.404685660890211851e+00
1.017300000000000000e+04,1.222331707771356024e+00
1.017400000000000000e+04,1.289283009448549677e+00
1.017500000000000000e+04,1.227087809747756664e+00
1.017600000000000000e+04,1.161489304921544008e+00
1.017700000000000000e+04,1.220099392857261433e+00
1.017800000000000000e+04,1.276794825501827768e+00
1.017900000000000000e+04,1.236129344709992361e+00
1.018000000000000000e+04,1.161671179231136053e+00
1.018100000000000000e+04,1.086223888905436530e+00
1.018200000000000000e+04,1.202843686879791818e+00
1.018300000000000000e+04,1.220332817605660258e+00
1.018400000000000000e+04,1.055040558326997058e+00
1.018500000000000000e+04,1.128313880136568637e+00
1.018600000000000000e+04,1.396578050853749531e+00
1.018700000000000000e+04,1.174751207428448962e+00
1.018800000000000000e+04,1.392665314482960159e+00
1.018900000000000000e+04,1.147870800412664538e+00
1.019000000000000000e+04,1.318351074346516771e+00
1.019100000000000000e+04,1.204750025178092043e+00
1.019200000000000000e+04,1.278727391668400770e+00
1.019300000000000000e+04,1.111678022012967615e+00
1.019400000000000000e+04,1.316424452309538751e+00
1.019500000000000000e+04,1.253972450199646316e+00
1.019600000000000000e+04,1.299914480664707161e+00
1.019700000000000000e+04,1.264933242448452955e+00
1.019800000000000000e+04,1.412368935480862620e+00
1.019900000000000000e+04,1.296971013846513365e+00
1.020000000000000000e+04,1.204143783505662535e+00
1.020100000000000000e+04,1.289055080956027499e+00
1.020200000000000000e+04,1.221677524257321457e+00
1.020300000000000000e+04,1.323534437983781453e+00
1.020400000000000000e+04,1.273938134793594301e+00
1.020500000000000000e+04,1.388222275377865689e+00
1.020600000000000000e+04,1.270304880449529383e+00
1.020700000000000000e+04,1.334764147187548877e+00
1.020800000000000000e+04,1.190195922414413410e+00
1.020900000000000000e+04,1.247126648438136476e+00
1.021000000000000000e+04,1.143684270265454828e+00
1.021100000000000000e+04,1.292327754347218693e+00
1.021200000000000000e+04,1.221772920244591054e+00
1.021300000000000000e+04,1.221544496533002899e+00
1.021400000000000000e+04,1.234635837557038540e+00
1.021500000000000000e+04,1.131359045767057481e+00
1.021600000000000000e+04,1.354797322580115537e+00
1.021700000000000000e+04,1.317903005750659107e+00
1.021800000000000000e+04,1.263854232694300972e+00
1.021900000000000000e+04,1.197859084848352795e+00
1.022000000000000000e+04,1.309729568830779067e+00
1.022100000000000000e+04,1.289579723138442269e+00
1.022200000000000000e+04,1.206286369814760784e+00
1.022300000000000000e+04,1.422353335864532831e+00
1.022400000000000000e+04,1.288178240043229561e+00
1.022500000000000000e+04,1.352153978506904775e+00
1.022600000000000000e+04,1.340269386796586026e+00
1.022700000000000000e+04,1.218825289144154000e+00
1.022800000000000000e+04,1.159183925196440645e+00
1.022900000000000000e+04,1.370743670150280646e+00
1.023000000000000000e+04,1.164753195076520642e+00
1.023100000000000000e+04,1.184725536508810073e+00
1.023200000000000000e+04,1.198069303085622872e+00
1.023300000000000000e+04,1.338175727609262511e+00
1.023400000000000000e+04,1.279138018441678515e+00
1.023500000000000000e+04,1.076018841164835482e+00
1.023600000000000000e+04,1.205478014109644835e+00
1.023700000000000000e+04,1.182590318183971867e+00
1.023800000000000000e+04,1.079563687345419520e+00
1.023900000000000000e+04,1.192850199740544070e+00
1.024000000000000000e+04,1.227653637417061461e+00
1.024100000000000000e+04,1.137117088749073357e+00
1.024200000000000000e+04,1.305252381079719637e+00
1.024300000000000000e+04,1.208673025595718986e+00
1.024400000000000000e+04,1.150507743872098976e+00
1.024500000000000000e+04,1.127337496660145932e+00
1.024600000000000000e+04,1.216997804595362664e+00
1.024700000000000000e+04,1.241211330114012634e+00
1.024800000000000000e+04,1.349564493168717849e+00
1.024900000000000000e+04,1.247639038959579061e+00
1.025000000000000000e+04,1.200837449766657405e+00
1.025100000000000000e+04,1.268868569077992614e+00
1.025200000000000000e+04,1.184681415169205998e+00
1.025300000000000000e+04,1.201243829062746737e+00
1.025400000000000000e+04,1.167404064980763101e+00
1.025500000000000000e+04,1.186705893767066256e+00
1.025600000000000000e+04,1.169377938018287377e+00
1.025700000000000000e+04,1.433466002995865907e+00
1.025800000000000000e+04,1.419510389888705815e+00
1.025900000000000000e+04,1.374099072675529776e+00
1.026000000000000000e+04,1.376069564080881102e+00
1.026100000000000000e+04,1.264291282629185886e+00
1.026200000000000000e+04,1.359854318526455108e+00
1.026300000000000000e+04,1.225189481139661085e+00
1.026400000000000000e+04,1.253014242219009589e+00
1.026500000000000000e+04,1.286497944300196483e+00
1.026600000000000000e+04,1.286231807937757710e+00
1.026700000000000000e+04,1.227977478062780792e+00
1.026800000000000000e+04,1.246585173929944057e+00
1.026900000000000000e+04,1.311342103565187989e+00
1.027000000000000000e+04,1.093580522611031114e+00
1.027100000000000000e+04,1.119031409242239983e+00
1.027200000000000000e+04,1.316978807763442783e+00
1.027300000000000000e+04,1.187100026576701550e+00
1.027400000000000000e+04,1.104524012620285989e+00
1.027500000000000000e+04,1.309524581786798647e+00
1.027600000000000000e+04,1.233684165365519281e+00
1.027700000000000000e+04,1.211890724233015693e+00
1.027800000000000000e+04,1.266432631714221824e+00
1.027900000000000000e+04,1.293150384200939085e+00
1.028000000000000000e+04,1.366843572469570445e+00
1.028100000000000000e+04,1.168743597468805850e+00
1.028200000000000000e+04,1.261526874907517026e+00
1.028300000000000000e+04,1.342612890082079291e+00
1.028400000000000000e+04,1.244929608284804923e+00
1.028500000000000000e+04,1.238819443880862847e+00
1.028600000000000000e+04,1.233662194593859063e+00
1.028700000000000000e+04,1.224522100800989888e+00
1.028800000000000000e+04,1.209482783909942460e+00
1.028900000000000000e+04,1.280920632593987474e+00
1.029000000000000000e+04,1.166967801796797266e+00
1.029100000000000000e+04,1.401936666164060652e+00
1.029200000000000000e+04,1.312219625682909729e+00
1.029300000000000000e+04,1.304510966558620089e+00
1.029400000000000000e+04,1.263608791965697309e+00
1.029500000000000000e+04,1.351956879506405196e+00
1.029600000000000000e+04,1.243718479130107912e+00
1.029700000000000000e+04,1.380365027415138668e+00
1.029800000000000000e+04,1.355384620606467916e+00
1.029900000000000000e+04,1.359633708499528471e+00
1.030000000000000000e+04,1.274794695726557681e+00
1.030100000000000000e+04,1.308935353875763319e+00
1.030200000000000000e+04,1.264047149739602194e+00
1.030300000000000000e+04,1.176996956589120291e+00
1.030400000000000000e+04,1.231717179049871325e+00
1.030500000000000000e+04,1.307139987482490939e+00
1.030600000000000000e+04,1.219348113416010904e+00
1.030700000000000000e+04,1.234084058189134803e+00
1.030800000000000000e+04,1.237639772870241961e+00
1.030900000000000000e+04,1.282019010930108394e+00
1.031000000000000000e+04,1.132595507847622418e+00
1.031100000000000000e+04,1.100037658146628239e+00
1.031200000000000000e+04,1.298641982653796711e+00
1.031300000000000000e+04,1.051528795681975881e+00
1.031400000000000000e+04,1.238602045691881370e+00
1.031500000000000000e+04,1.252554156581993317e+00
1.031600000000000000e+04,1.028933002328171975e+00
1.031700000000000000e+04,1.194558901286332908e+00
1.031800000000000000e+04,1.245083858235357388e+00
1.031900000000000000e+04,1.257992720480370918e+00
1.032000000000000000e+04,1.316699624912895272e+00
1.032100000000000000e+04,1.234091303919987892e+00
1.032200000000000000e+04,1.219221638517643092e+00
1.032300000000000000e+04,1.261016457268804070e+00
1.032400000000000000e+04,1.202117081083448946e+00
1.032500000000000000e+04,1.272480958864783629e+00
1.032600000000000000e+04,1.302357335599114485e+00
1.032700000000000000e+04,1.325611344318012419e+00
1.032800000000000000e+04,1.207710062492959535e+00
1.032900000000000000e+04,1.202374382308668999e+00
1.033000000000000000e+04,1.134624986039936445e+00
1.033100000000000000e+04,1.248933985922700218e+00
1.033200000000000000e+04,1.152015053209673123e+00
1.033300000000000000e+04,1.189682936332604690e+00
1.033400000000000000e+04,1.176011650095460936e+00
1.033500000000000000e+04,1.340145328153520277e+00
1.033600000000000000e+04,1.335808818089416983e+00
1.033700000000000000e+04,1.264916202796100286e+00
1.033800000000000000e+04,1.322864092378132739e+00
1.033900000000000000e+04,1.199416094119937215e+00
1.034000000000000000e+04,1.224705750884184763e+00
1.034100000000000000e+04,1.371052565986813576e+00
1.034200000000000000e+04,1.161866729427796896e+00
1.034300000000000000e+04,1.157052800440721896e+00
1.034400000000000000e+04,1.046270834166579400e+00
1.034500000000000000e+04,1.114376033045691106e+00
1.034600000000000000e+04,1.256102431201105096e+00
1.034700000000000000e+04,1.243101833218071217e+00
1.034800000000000000e+04,1.302705831262073177e+00
1.034900000000000000e+04,1.233877093453565221e+00
1.035000000000000000e+04,1.223797311004085175e+00
1.035100000000000000e+04,1.215773594574086625e+00
1.035200000000000000e+04,1.233450108771326992e+00
1.035300000000000000e+04,1.142599653431260132e+00
1.035400000000000000e+04,1.336119750472259060e+00
1.035500000000000000e+04,1.248189092059734273e+00
1.035600000000000000e+04,1.385701489293867716e+00
1.035700000000000000e+04,1.224350649551354975e+00
1.035800000000000000e+04,1.150309637174311783e+00
1.035900000000000000e+04,1.204293393942653445e+00
1.036000000000000000e+04,1.240157570456847491e+00
1.036100000000000000e+04,1.409677681182635256e+00
1.036200000000000000e+04,1.371923314972368413e+00
1.036300000000000000e+04,1.105372658665540131e+00
1.036400000000000000e+04,1.265889654106929996e+00
1.036500000000000000e+04,1.186319202965041564e+00
1.036600000000000000e+04,1.269950606326093467e+00
1.036700000000000000e+04,1.267662192049024084e+00
1.036800000000000000e+04,1.424997304582426461e+00
1.036900000000000000e+04,1.141500943451516203e+00
1.037000000000000000e+04,1.367905902350607716e+00
1.037100000000000000e+04,1.299464878349824604e+00
1.037200000000000000e+04,1.242617126935558591e+00
1.037300000000000000e+04,1.243562709790135390e+00
1.037400000000000000e+04,1.304110422812222891e+00
1.037500000000000000e+04,1.278563550570368967e+00
1.037600000000000000e+04,1.223548078550143581e+00
1.037700000000000000e+04,1.218899733049233935e+00
1.037800000000000000e+04,1.243113000694944681e+00
1.037900000000000000e+04,1.433836479973311429e+00
1.038000000000000000e+04,1.263870297167755563e+00
1.038100000000000000e+04,1.327417403862517720e+00
1.038200000000000000e+04,1.121167058902735381e+00
1.038300000000000000e+04,1.350845364254678049e+00
1.038400000000000000e+04,1.298507627628201710e+00
1.038500000000000000e+04,1.171837912510615753e+00
1.038600000000000000e+04,1.333659394861763881e+00
1.038700000000000000e+04,1.297565135993941299e+00
1.038800000000000000e+04,1.346084837403461298e+00
1.038900000000000000e+04,1.187430733054414489e+00
1.039000000000000000e+04,1.201099151820917754e+00
1.039100000000000000e+04,1.146288312955274780e+00
1.039200000000000000e+04,1.020070300892006898e+00
1.039300000000000000e+04,1.274602728555185083e+00
1.039400000000000000e+04,1.250384833453677347e+00
1.039500000000000000e+04,1.316976145086533156e+00
1.039600000000000000e+04,1.237949998264552098e+00
1.039700000000000000e+04,1.371453423241867142e+00
1.039800000000000000e+04,1.204251424345420762e+00
1.039900000000000000e+04,1.376535975760265096e+00
1.040000000000000000e+04,1.302941407923840389e+00
1.040100000000000000e+04,1.406676463484783257e+00
1.040200000000000000e+04,1.200529540064324774e+00
1.040300000000000000e+04,1.332193417026476201e+00
1.040400000000000000e+04,1.397249109882739315e+00
1.040500000000000000e+04,1.401465335003668988e+00
1.040600000000000000e+04,1.365118930978532541e+00
1.040700000000000000e+04,1.058589649984620795e+00
1.040800000000000000e+04,1.222217030584197728e+00
1.040900000000000000e+04,1.284197476738145438e+00
1.041000000000000000e+04,1.388632642943889106e+00
1.041100000000000000e+04,1.173970684593927061e+00
1.041200000000000000e+04,1.063959470997873691e+00
1.041300000000000000e+04,1.179834249154063430e+00
1.041400000000000000e+04,1.347887361531201256e+00
1.041500000000000000e+04,1.291319963481939448e+00
1.041600000000000000e+04,1.294872601485818731e+00
1.041700000000000000e+04,1.090382683446982082e+00
1.041800000000000000e+04,1.093915825686751608e+00
1.041900000000000000e+04,1.188662408687199079e+00
1.042000000000000000e+04,1.201730414523865198e+00
1.042100000000000000e+04,1.174228362999398367e+00
1.042200000000000000e+04,1.203735753224082439e+00
1.042300000000000000e+04,1.345150725062820518e+00
1.042400000000000000e+04,1.252689059299405328e+00
1.042500000000000000e+04,1.301725106931350684e+00
1.042600000000000000e+04,1.136407116150052188e+00
1.042700000000000000e+04,1.307285555826736667e+00
1.042800000000000000e+04,1.120774029210862555e+00
1.042900000000000000e+04,1.233796017493796970e+00
1.043000000000000000e+04,1.286479083181227168e+00
1.043100000000000000e+04,1.301310418848784289e+00
1.043200000000000000e+04,1.180464949153485765e+00
1.043300000000000000e+04,1.175632895102660447e+00
1.043400000000000000e+04,1.170684331467758854e+00
1.043500000000000000e+04,1.289773493888358491e+00
1.043600000000000000e+04,1.058451023776862732e+00
1.043700000000000000e+04,1.179394584329565898e+00
1.043800000000000000e+04,1.344569588076422573e+00
1.043900000000000000e+04,1.175806450254005320e+00
1.044000000000000000e+04,1.341019278649168145e+00
1.044100000000000000e+04,1.249052614292232910e+00
1.044200000000000000e+04,1.284058267026318978e+00
1.044300000000000000e+04,1.332588801476398244e+00
1.044400000000000000e+04,1.209781716392207551e+00
1.044500000000000000e+04,1.330783476411139699e+00
1.044600000000000000e+04,1.318192152895575342e+00
1.044700000000000000e+04,1.424810582560823047e+00
1.044800000000000000e+04,1.292549994207830899e+00
1.044900000000000000e+04,1.195778445710264037e+00
1.045000000000000000e+04,1.144816334632446697e+00
1.045100000000000000e+04,1.284833953142753948e+00
1.045200000000000000e+04,1.342918361560346163e+00
1.045300000000000000e+04,1.330822619485533265e+00
1.045400000000000000e+04,1.357788366345177300e+00
1.045500000000000000e+04,1.179855872609282263e+00
1.045600000000000000e+04,1.342438254047797708e+00
1.045700000000000000e+04,1.279806267554570276e+00
1.045800000000000000e+04,1.292796648789405145e+00
1.045900000000000000e+04,1.187965563126767155e+00
1.046000000000000000e+04,1.234424018438000870e+00
1.046100000000000000e+04,1.366140472189071087e+00
1.046200000000000000e+04,1.238708714643859787e+00
1.046300000000000000e+04,1.351636757662321386e+00
1.046400000000000000e+04,1.335620544536147092e+00
1.046500000000000000e+04,1.241939296792967440e+00
1.046600000000000000e+04,1.452758495981011144e+00
1.046700000000000000e+04,1.198472820082774781e+00
1.046800000000000000e+04,1.275448989851035719e+00
1.046900000000000000e+04,1.214111168083990444e+00
1.047000000000000000e+04,1.248759759963274485e+00
1.047100000000000000e+04,1.246193848346783595e+00
1.047200000000000000e+04,1.133159615175624912e+00
1.047300000000000000e+04,1.356957996070106365e+00
1.047400000000000000e+04,1.153303247603223225e+00
1.047500000000000000e+04,1.294024813976176969e+00
1.047600000000000000e+04,1.288755686448116000e+00
1.047700000000000000e+04,1.304356110435729299e+00
1.047800000000000000e+04,1.230627691025987014e+00
1.047900000000000000e+04,1.247813257945083132e+00
1.048000000000000000e+04,1.258447670633523030e+00
1.048100000000000000e+04,1.183369098366505279e+00
1.048200000000000000e+04,1.117671914007247524e+00
1.048300000000000000e+04,1.224246997257301350e+00
1.048400000000000000e+04,1.151786669771631688e+00
1.048500000000000000e+04,1.235400320395644069e+00
1.048600000000000000e+04,1.103145631215225908e+00
1.048700000000000000e+04,1.158814275522714432e+00
1.048800000000000000e+04,1.187421794586097423e+00
1.048900000000000000e+04,1.202213050141170969e+00
1.049000000000000000e+04,1.246278348622736676e+00
1.049100000000000000e+04,1.199742714225860318e+00
1.049200000000000000e+04,1.315169531337298414e+00
1.049300000000000000e+04,1.532869110280289160e+00
1.049400000000000000e+04,1.521886073020248586e+00
1.049500000000000000e+04,1.302513599809789646e+00
1.049600000000000000e+04,1.484233759514048456e+00
1.049700000000000000e+04,1.214563298977760608e+00
1.049800000000000000e+04,1.335508055507098613e+00
1.049900000000000000e+04,1.179981447567401753e+00
1.050000000000000000e+04,1.393071362405793989e+00
1.050100000000000000e+04,1.370419471991271232e+00
1.050200000000000000e+04,1.232056656095092517e+00
1.050300000000000000e+04,1.237514847253361472e+00
1.050400000000000000e+04,1.329716247452335187e+00
1.050500000000000000e+04,1.299851277644734626e+00
1.050600000000000000e+04,1.128521930563481268e+00
1.050700000000000000e+04,1.095241056479652864e+00
1.050800000000000000e+04,1.207467357209143222e+00
1.050900000000000000e+04,1.088011756974661681e+00
1.051000000000000000e+04,1.257367254443062077e+00
1.051100000000000000e+04,1.192690613036643699e+00
1.051200000000000000e+04,1.257028096187291943e+00
1.051300000000000000e+04,1.269268457329408406e+00
1.051400000000000000e+04,1.166005259494489854e+00
1.051500000000000000e+04,1.215822485487738192e+00
1.051600000000000000e+04,1.319435073990092411e+00
1.051700000000000000e+04,1.244299665233215668e+00
1.051800000000000000e+04,1.358025330472661274e+00
1.051900000000000000e+04,1.334374771390365977e+00
1.052000000000000000e+04,1.202027309863025639e+00
1.052100000000000000e+04,1.267979574648732122e+00
1.052200000000000000e+04,1.417057563237307694e+00
1.052300000000000000e+04,1.262297201055516238e+00
1.052400000000000000e+04,1.232527069745157799e+00
1.052500000000000000e+04,1.266451197292667086e+00
1.052600000000000000e+04,1.188323826418490992e+00
1.052700000000000000e+04,1.243111764737805602e+00
1.052800000000000000e+04,1.245968122564668379e+00
1.052900000000000000e+04,1.111325890356178681e+00
1.053000000000000000e+04,1.241902797861543783e+00
1.053100000000000000e+04,1.219774690145420504e+00
1.053200000000000000e+04,1.289870959429784136e+00
1.053300000000000000e+04,1.168482796301002269e+00
1.053400000000000000e+04,1.379409179631067239e+00
1.053500000000000000e+04,1.244413846418295888e+00
1.053600000000000000e+04,1.281526297706343520e+00
1.053700000000000000e+04,1.245163928248469221e+00
1.053800000000000000e+04,1.258940711400479362e+00
1.053900000000000000e+04,1.222060723451145581e+00
1.054000000000000000e+04,1.308391384743383012e+00
1.054100000000000000e+04,1.189956674109450274e+00
1.054200000000000000e+04,1.286241949130170203e+00
1.054300000000000000e+04,1.181495023039780268e+00
1.054400000000000000e+04,1.317740017802790486e+00
1.054500000000000000e+04,1.375039488047582692e+00
1.054600000000000000e+04,1.355870218793231885e+00
1.054700000000000000e+04,1.280521481791053073e+00
1.054800000000000000e+04,1.214235703200368999e+00
1.054900000000000000e+04,1.310444739518484836e+00
1.055000000000000000e+04,1.387376763499685417e+00
1.055100000000000000e+04,1.278404009260416530e+00
1.055200000000000000e+04,1.259365481879375137e+00
1.055300000000000000e+04,1.106756325694636889e+00
1.055400000000000000e+04,1.333817819707557417e+00
1.055500000000000000e+04,1.196302049212896401e+00
1.055600000000000000e+04,1.208800087895074427e+00
1.055700000000000000e+04,1.222171640706240847e+00
1.055800000000000000e+04,1.327634019655324460e+00
1.055900000000000000e+04,1.084113984546513532e+00
1.056000000000000000e+04,1.197732674876957004e+00
1.056100000000000000e+04,1.166247493225878840e+00
1.056200000000000000e+04,1.279099468307447474e+00
1.056300000000000000e+04,1.266297405262832632e+00
1.056400000000000000e+04,1.159105293287849836e+00
1.056500000000000000e+04,1.261467996260607460e+00
1.056600000000000000e+04,1.204040844102827190e+00
1.056700000000000000e+04,1.198163774949078553e+00
1.056800000000000000e+04,1.331583030925697297e+00
1.056900000000000000e+04,1.249887159013105320e+00
1.057000000000000000e+04,1.188789265709413900e+00
1.057100000000000000e+04,1.163141729240162681e+00
1.057200000000000000e+04,1.313340139725211131e+00
1.057300000000000000e+04,1.233933653395630659e+00
1.057400000000000000e+04,1.187802076090478387e+00
1.057500000000000000e+04,1.274006004807669123e+00
1.057600000000000000e+04,1.375801369427325449e+00
1.057700000000000000e+04,1.256451355583524832e+00
1.057800000000000000e+04,1.198429328433503249e+00
1.057900000000000000e+04,1.093919245970672138e+00
1.058000000000000000e+04,1.048247201361008241e+00
1.058100000000000000e+04,1.223821408678987366e+00
1.058200000000000000e+04,1.224530397439623552e+00
1.058300000000000000e+04,1.343416377269762263e+00
1.058400000000000000e+04,1.214219139858729202e+00
1.058500000000000000e+04,1.363540095446696299e+00
1.058600000000000000e+04,1.014478770780928629e+00
1.058700000000000000e+04,1.092543773892331815e+00
1.058800000000000000e+04,1.232321863250948057e+00
1.058900000000000000e+04,1.225808620979039976e+00
1.059000000000000000e+04,1.326548547319376992e+00
1.059100000000000000e+04,1.163752336359103801e+00
1.059200000000000000e+04,1.153678271929460486e+00
1.059300000000000000e+04,1.405466866958886341e+00
1.059400000000000000e+04,1.387453076844800126e+00
1.059500000000000000e+04,1.404347161313167724e+00
1.059600000000000000e+04,1.212493415533366425e+00
1.059700000000000000e+04,1.221375665912351138e+00
1.059800000000000000e+04,1.196805227618735090e+00
1.059900000000000000e+04,1.111980005346723255e+00
1.060000000000000000e+04,1.336409776011714623e+00
1.060100000000000000e+04,1.219480265040889577e+00
1.060200000000000000e+04,1.168355870691841769e+00
1.060300000000000000e+04,1.192568446917924074e+00
1.060400000000000000e+04,1.224849680336440372e+00
1.060500000000000000e+04,1.332379135372094181e+00
1.060600000000000000e+04,1.217681023436617549e+00
1.060700000000000000e+04,1.223253783748912582e+00
1.060800000000000000e+04,1.203447664071725542e+00
1.060900000000000000e+04,1.162831066456264661e+00
1.061000000000000000e+04,1.074981762292092524e+00
1.061100000000000000e+04,1.320582028705107547e+00
1.061200000000000000e+04,1.219798856812742027e+00
1.061300000000000000e+04,1.274798982589578022e+00
1.061400000000000000e+04,1.381802163711371101e+00
1.061500000000000000e+04,1.184118501551937763e+00
1.061600000000000000e+04,1.237804981429114548e+00
1.061700000000000000e+04,1.420556232453797252e+00
1.061800000000000000e+04,1.119586535053829657e+00
1.061900000000000000e+04,1.235910256733005141e+00
1.062000000000000000e+04,1.219715181861519282e+00
1.062100000000000000e+04,1.303865384346553524e+00
1.062200000000000000e+04,1.164687721108632168e+00
1.062300000000000000e+04,1.267651901450523422e+00
1.062400000000000000e+04,1.212674430564721462e+00
1.062500000000000000e+04,1.405440292859518658e+00
1.062600000000000000e+04,1.228704524248481533e+00
1.062700000000000000e+04,1.229755803277860604e+00
1.062800000000000000e+04,1.300448518337731452e+00
1.062900000000000000e+04,1.230803166483872335e+00
1.063000000000000000e+04,1.316021717140512193e+00
1.063100000000000000e+04,1.106935535243437574e+00
1.063200000000000000e+04,1.279900520837953470e+00
1.063300000000000000e+04,1.247926218897203565e+00
1.063400000000000000e+04,1.387131557203103993e+00
1.063500000000000000e+04,1.080505941183111718e+00
1.063600000000000000e+04,1.187602131240037329e+00
1.063700000000000000e+04,1.211109442746201914e+00
1.063800000000000000e+04,1.141014067135506904e+00
1.063900000000000000e+04,1.232531593579008877e+00
1.064000000000000000e+04,1.325516601656296478e+00
1.064100000000000000e+04,1.038141626205398405e+00
1.064200000000000000e+04,1.310155046384182453e+00
1.064300000000000000e+04,1.318234233347389983e+00
1.064400000000000000e+04,1.169413761297893650e+00
1.064500000000000000e+04,1.256764549369252082e+00
1.064600000000000000e+04,1.193444928151295770e+00
1.064700000000000000e+04,1.047455918452927737e+00
1.064800000000000000e+04,1.168497390169640715e+00
1.064900000000000000e+04,1.140578970065880382e+00
1.065000000000000000e+04,1.296861130602910084e+00
1.065100000000000000e+04,1.231872924559913818e+00
1.065200000000000000e+04,1.196783300356073054e+00
1.065300000000000000e+04,1.266770856920069077e+00
1.065400000000000000e+04,1.165557372745471998e+00
1.065500000000000000e+04,1.169979885288850108e+00
1.065600000000000000e+04,1.065750188186247449e+00
1.065700000000000000e+04,1.137790320197227256e+00
1.065800000000000000e+04,1.088280163211156282e+00
1.065900000000000000e+04,1.311303060630252482e+00
1.066000000000000000e+04,1.231100254122656334e+00
1.066100000000000000e+04,1.273163921381327723e+00
1.066200000000000000e+04,1.089780697528917930e+00
1.066300000000000000e+04,1.191906363365133448e+00
1.066400000000000000e+04,1.252495217748505363e+00
1.066500000000000000e+04,1.204360942441739191e+00
1.066600000000000000e+04,1.144467413172516546e+00
1.066700000000000000e+04,1.173726374142398665e+00
1.066800000000000000e+04,1.285252460199847180e+00
1.066900000000000000e+04,1.273995362361034278e+00
1.067000000000000000e+04,1.377035281417908541e+00
1.067100000000000000e+04,1.288684133652761687e+00
1.067200000000000000e+04,1.135179018023706243e+00
1.067300000000000000e+04,1.305317884730843092e+00
1.067400000000000000e+04,1.037504829294010111e+00
1.067500000000000000e+04,1.260669677066864836e+00
1.067600000000000000e+04,1.291040837520458728e+00
1.067700000000000000e+04,1.222953450433303058e+00
1.067800000000000000e+04,1.207874153196844214e+00
1.067900000000000000e+04,1.166236846689344686e+00
1.068000000000000000e+04,1.308280460651750188e+00
1.068100000000000000e+04,1.292233850886486124e+00
1.068200000000000000e+04,1.294776218720915972e+00
1.068300000000000000e+04,1.151751571642158689e+00
1.068400000000000000e+04,1.121638303619836075e+00
1.068500000000000000e+04,1.148420561340229185e+00
1.068600000000000000e+04,1.261819282784909069e+00
1.068700000000000000e+04,1.246021060134116176e+00
1.068800000000000000e+04,1.132433578780886574e+00
1.068900000000000000e+04,1.246462086098496291e+00
1.069000000000000000e+04,1.246038911619498535e+00
1.069100000000000000e+04,1.408483770541602453e+00
1.069200000000000000e+04,1.187215050238806802e+00
1.069300000000000000e+04,1.292926576465356803e+00
1.069400000000000000e+04,1.283087559953545620e+00
1.069500000000000000e+04,1.299062059197830576e+00
1.069600000000000000e+04,1.170656909970850590e+00
1.069700000000000000e+04,1.286645473306139875e+00
1.069800000000000000e+04,1.312386320351783375e+00
1.069900000000000000e+04,1.280412359603921191e+00
1.070000000000000000e+04,1.307380433992690660e+00
1.070100000000000000e+04,1.277862152308843591e+00
1.070200000000000000e+04,1.311524024310037007e+00
1.070300000000000000e+04,1.120062956849273483e+00
1.070400000000000000e+04,1.121141339302803575e+00
1.070500000000000000e+04,1.010641467776416613e+00
1.070600000000000000e+04,1.153614845094709906e+00
1.070700000000000000e+04,1.173090500238954670e+00
1.070800000000000000e+04,1.199760729089841105e+00
1.070900000000000000e+04,1.121127747378185990e+00
1.071000000000000000e+04,1.318566314755751812e+00
1.071100000000000000e+04,1.272048997525297542e+00
1.071200000000000000e+04,1.221242625065067644e+00
1.071300000000000000e+04,1.138402572845215621e+00
1.071400000000000000e+04,1.171667817107079346e+00
1.071500000000000000e+04,1.374456138766993796e+00
1.071600000000000000e+04,1.323009609958093913e+00
1.071700000000000000e+04,1.242971835483474452e+00
1.071800000000000000e+04,1.277319149689779332e+00
1.071900000000000000e+04,1.076763856617092507e+00
1.072000000000000000e+04,1.285607089447506457e+00
1.072100000000000000e+04,1.280643616880187130e+00
1.072200000000000000e+04,1.231138608711137117e+00
1.072300000000000000e+04,1.254705693197367911e+00
1.072400000000000000e+04,1.145577330718706266e+00
1.072500000000000000e+04,1.292551254195287047e+00
1.072600000000000000e+04,1.259804139665488210e+00
1.072700000000000000e+04,1.174539845417249762e+00
1.072800000000000000e+04,1.269517050067928476e+00
1.072900000000000000e+04,1.253598684288626197e+00
1.073000000000000000e+04,1.143807000341848124e+00
1.073100000000000000e+04,1.225062440213085191e+00
1.073200000000000000e+04,1.363119605189613059e+00
1.073300000000000000e+04,1.216253039907410294e+00
1.073400000000000000e+04,1.184337429709438672e+00
1.073500000000000000e+04,1.100313029820614741e+00
1.073600000000000000e+04,1.235847057109091818e+00
1.073700000000000000e+04,1.114733019127886360e+00
1.073800000000000000e+04,1.154834773426290484e+00
1.073900000000000000e+04,1.182779135443289276e+00
1.074000000000000000e+04,1.221990022648290042e+00
1.074100000000000000e+04,1.216380289973515438e+00
1.074200000000000000e+04,1.196240357191112880e+00
1.074300000000000000e+04,1.194912221588072310e+00
1.074400000000000000e+04,1.221434127859442942e+00
1.074500000000000000e+04,1.091733615496100374e+00
1.074600000000000000e+04,1.233638476771321546e+00
1.074700000000000000e+04,1.233042856797119891e+00
1.074800000000000000e+04,1.154242998956068966e+00
1.074900000000000000e+04,1.230922119091761191e+00
1.075000000000000000e+04,1.221367919249612743e+00
1.075100000000000000e+04,1.271063375232510229e+00
1.075200000000000000e+04,1.147927196499520353e+00
1.075300000000000000e+04,1.299368626786182146e+00
1.075400000000000000e+04,1.167441678593568843e+00
1.075500000000000000e+04,1.240933858143207669e+00
1.075600000000000000e+04,1.273083595676322899e+00
1.075700000000000000e+04,1.287594634462930321e+00
1.075800000000000000e+04,1.348752430630809629e+00
1.075900000000000000e+04,1.166434693887360208e+00
1.076000000000000000e+04,1.292947054789096217e+00
1.076100000000000000e+04,1.241305542625315006e+00
1.076200000000000000e+04,1.318505527700782221e+00
1.076300000000000000e+04,1.228741785439616763e+00
1.076400000000000000e+04,1.319632140731965775e+00
1.076500000000000000e+04,1.176681072218820789e+00
1.076600000000000000e+04,1.167605531917022432e+00
1.076700000000000000e+04,1.302950271273596750e+00
1.076800000000000000e+04,1.213155297047199044e+00
1.076900000000000000e+04,1.221042820043073629e+00
1.077000000000000000e+04,1.284447800011763396e+00
1.077100000000000000e+04,1.229956983365419143e+00
1.077200000000000000e+04,1.346596903553171520e+00
1.077300000000000000e+04,1.390955795667164763e+00
1.077400000000000000e+04,1.293686793406196189e+00
1.077500000000000000e+04,1.201305316609128093e+00
1.077600000000000000e+04,1.306956172057310184e+00
1.077700000000000000e+04,1.247063323320271255e+00
1.077800000000000000e+04,1.324478950205957517e+00
1.077900000000000000e+04,1.180809503804785443e+00
1.078000000000000000e+04,1.254886742464178973e+00
1.078100000000000000e+04,1.158951570579331625e+00
1.078200000000000000e+04,1.273735101904136080e+00
1.078300000000000000e+04,1.247342470627026190e+00
1.078400000000000000e+04,1.062224024597192340e+00
1.078500000000000000e+04,1.192712057564506933e+00
1.078600000000000000e+04,1.302142599521712407e+00
1.078700000000000000e+04,1.268278931859178282e+00
1.078800000000000000e+04,1.359844792810970926e+00
1.078900000000000000e+04,1.380402821209854247e+00
1.079000000000000000e+04,1.223050901296903525e+00
1.079100000000000000e+04,1.264373618751367445e+00
1.079200000000000000e+04,1.299549897600308368e+00
1.079300000000000000e+04,1.187354549135226423e+00
1.079400000000000000e+04,1.245607754799678668e+00
1.079500000000000000e+04,1.123314475684071834e+00
1.079600000000000000e+04,1.147145772659693197e+00
1.079700000000000000e+04,1.075844053773316267e+00
1.079800000000000000e+04,1.297032135521390073e+00
1.079900000000000000e+04,1.218618031274088409e+00
1.080000000000000000e+04,1.201458034140523434e+00
1.080100000000000000e+04,1.313699455005040484e+00
1.080200000000000000e+04,1.130978042106564052e+00
1.080300000000000000e+04,1.112343504739310651e+00
1.080400000000000000e+04,1.135895126797526133e+00
1.080500000000000000e+04,1.257455923949982735e+00
1.080600000000000000e+04,1.235211584135912810e+00
1.080700000000000000e+04,1.029780122474099224e+00
1.080800000000000000e+04,9.953498139029910430e-01
1.080900000000000000e+04,1.186396314382584638e+00
1.081000000000000000e+04,1.085687962275658780e+00
1.081100000000000000e+04,1.370226465801414495e+00
1.081200000000000000e+04,1.223236216636532925e+00
1.081300000000000000e+04,1.157937241379232596e+00
1.081400000000000000e+04,1.015525353029961941e+00
1.081500000000000000e+04,1.276479045732603401e+00
1.081600000000000000e+04,1.291571128012356739e+00
1.081700000000000000e+04,1.230013043399505124e+00
1.081800000000000000e+04,1.216989608842437676e+00
1.081900000000000000e+04,1.197642698591349752e+00
1.082000000000000000e+04,1.203892265290468444e+00
1.082100000000000000e+04,1.233330305074971323e+00
1.082200000000000000e+04,1.184894889190823530e+00
1.082300000000000000e+04,1.296164612291327289e+00
1.082400000000000000e+04,1.302062168587037272e+00
1.082500000000000000e+04,1.104787742193753974e+00
1.082600000000000000e+04,1.215647366148854713e+00
1.082700000000000000e+04,1.288239823454574884e+00
1.082800000000000000e+04,1.271982057802185873e+00
1.082900000000000000e+04,1.275238887149531486e+00
1.083000000000000000e+04,1.198757478027780099e+00
1.083100000000000000e+04,1.164576782031448987e+00
1.083200000000000000e+04,1.077400055129107637e+00
1.083300000000000000e+04,1.243950649224446980e+00
1.083400000000000000e+04,1.154614117899127157e+00
1.083500000000000000e+04,1.299740814227948515e+00
1.083600000000000000e+04,1.213549516435720177e+00
1.083700000000000000e+04,1.384097735081574188e+00
1.083800000000000000e+04,1.097424558873768330e+00
1.083900000000000000e+04,1.224334331914080254e+00
1.084000000000000000e+04,1.195030000216907862e+00
1.084100000000000000e+04,1.228529143735926699e+00
1.084200000000000000e+04,1.115716089377729370e+00
1.084300000000000000e+04,1.230003349142259728e+00
1.084400000000000000e+04,1.274214616332004724e+00
1.084500000000000000e+04,1.398136817167902501e+00
1.084600000000000000e+04,1.210736855376487009e+00
1.084700000000000000e+04,1.190355722587097542e+00
1.084800000000000000e+04,1.287491173242012676e+00
1.084900000000000000e+04,1.145812503905674795e+00
1.085000000000000000e+04,1.295039882215472726e+00
1.085100000000000000e+04,1.277765280215096277e+00
1.085200000000000000e+04,1.232380143833369468e+00
1.085300000000000000e+04,1.238763482293274265e+00
1.085400000000000000e+04,1.180510927539234922e+00
1.085500000000000000e+04,1.218096509315722331e+00
1.085600000000000000e+04,1.358665502447726547e+00
1.085700000000000000e+04,1.451194449298973010e+00
1.085800000000000000e+04,1.313215264409148819e+00
1.085900000000000000e+04,1.195368215678912049e+00
1.086000000000000000e+04,1.143653239484601514e+00
1.086100000000000000e+04,1.214834826465860163e+00
1.086200000000000000e+04,1.162330616090148983e+00
1.086300000000000000e+04,1.162788807234505395e+00
1.086400000000000000e+04,1.207064687483085264e+00
1.086500000000000000e+04,1.118799359050625108e+00
1.086600000000000000e+04,1.301671312253845469e+00
1.086700000000000000e+04,1.381183600808173262e+00
1.086800000000000000e+04,1.266337637518357040e+00
1.086900000000000000e+04,1.272785389443122694e+00
1.087000000000000000e+04,1.239054942858161201e+00
1.087100000000000000e+04,1.234241279790971868e+00
1.087200000000000000e+04,1.260947042894282388e+00
1.087300000000000000e+04,1.110384225106004097e+00
1.087400000000000000e+04,1.172147712883631065e+00
1.087500000000000000e+04,1.330593130313581396e+00
1.087600000000000000e+04,1.032760133969045979e+00
1.087700000000000000e+04,1.322036967418332098e+00
1.087800000000000000e+04,1.375396311122802029e+00
1.087900000000000000e+04,1.170752172446504424e+00
1.088000000000000000e+04,1.268251220277342606e+00
1.088100000000000000e+04,1.324582351821705695e+00
1.088200000000000000e+04,1.382607318896449167e+00
1.088300000000000000e+04,1.261539399298480468e+00
1.088400000000000000e+04,1.233915177298056998e+00
1.088500000000000000e+04,1.422744635955648151e+00
1.088600000000000000e+04,1.340148983138792715e+00
1.088700000000000000e+04,1.240931427959003575e+00
1.088800000000000000e+04,1.258154735921549916e+00
1.088900000000000000e+04,1.425292376670404426e+00
1.089000000000000000e+04,1.286290480451826257e+00
1.089100000000000000e+04,1.278178837897635756e+00
1.089200000000000000e+04,1.423764381946119872e+00
1.089300000000000000e+04,1.118000523792961554e+00
1.089400000000000000e+04,1.154937602872254221e+00
1.089500000000000000e+04,1.105328247507892936e+00
1.089600000000000000e+04,1.177337633235357117e+00
1.089700000000000000e+04,1.235364562060233595e+00
1.089800000000000000e+04,1.153012524419426033e+00
1.089900000000000000e+04,1.080070840466202720e+00
1.090000000000000000e+04,1.059398160695974367e+00
1.090100000000000000e+04,1.289115660875505220e+00
1.090200000000000000e+04,1.179167810654301984e+00
1.090300000000000000e+04,1.123492218339748883e+00
1.090400000000000000e+04,1.223860540241193950e+00
1.090500000000000000e+04,1.232402345998266036e+00
1.090600000000000000e+04,1.207806681028231299e+00
1.090700000000000000e+04,1.096052534596567041e+00
1.090800000000000000e+04,1.276341701111733284e+00
1.090900000000000000e+04,1.280592074569268934e+00
1.091000000000000000e+04,1.355616885207337807e+00
1.091100000000000000e+04,1.436545018610004387e+00
1.091200000000000000e+04,1.290100852162486600e+00
1.091300000000000000e+04,1.260452142399812070e+00
1.091400000000000000e+04,1.482798186819676012e+00
1.091500000000000000e+04,1.278086648030458461e+00
1.091600000000000000e+04,1.300921961764297308e+00
1.091700000000000000e+04,1.227926820464771973e+00
1.091800000000000000e+04,1.202490191222416627e+00
1.091900000000000000e+04,1.403377025180541970e+00
1.092000000000000000e+04,1.170879886511591028e+00
1.092100000000000000e+04,1.236017222051436271e+00
1.092200000000000000e+04,1.156412775542054572e+00
1.092300000000000000e+04,1.182745560408821728e+00
1.092400000000000000e+04,1.154053188958415133e+00
1.092500000000000000e+04,1.122134979486658191e+00
1.092600000000000000e+04,1.190582069046375535e+00
1.092700000000000000e+04,1.217405119553288451e+00
1.092800000000000000e+04,1.225157016905866314e+00
1.092900000000000000e+04,1.243055997551590686e+00
1.093000000000000000e+04,1.117760457817587261e+00
1.093100000000000000e+04,1.094694944906342338e+00
1.093200000000000000e+04,1.350224118561151876e+00
1.093300000000000000e+04,1.190338492130127879e+00
1.093400000000000000e+04,1.223895069630912102e+00
1.093500000000000000e+04,1.220128043627530579e+00
1.093600000000000000e+04,1.202897822667775785e+00
1.093700000000000000e+04,1.169101391262642009e+00
1.093800000000000000e+04,1.187816988533271223e+00
1.093900000000000000e+04,1.307595681777981689e+00
1.094000000000000000e+04,1.292340666343807287e+00
1.094100000000000000e+04,1.286162248238363892e+00
1.094200000000000000e+04,1.272737375024866502e+00
1.094300000000000000e+04,1.186584293447267013e+00
1.094400000000000000e+04,1.194361420192652679e+00
1.094500000000000000e+04,1.194440677871719592e+00
1.094600000000000000e+04,1.247013228327741086e+00
1.094700000000000000e+04,1.197968917314562454e+00
1.094800000000000000e+04,1.241667441297303442e+00
1.094900000000000000e+04,1.259217119331998314e+00
1.095000000000000000e+04,1.165758210964802366e+00
1.095100000000000000e+04,1.345013983603127850e+00
1.095200000000000000e+04,1.307293575149331089e+00
1.095300000000000000e+04,1.302568948665179693e+00
1.095400000000000000e+04,1.353798797384351049e+00
1.095500000000000000e+04,1.119280550086138026e+00
1.095600000000000000e+04,1.219506500670533677e+00
1.095700000000000000e+04,1.216267768385987935e+00
1.095800000000000000e+04,1.304462239063405971e+00
1.095900000000000000e+04,1.404785320585112629e+00
1.096000000000000000e+04,1.392726612321223190e+00
1.096100000000000000e+04,1.265644762274469537e+00
1.096200000000000000e+04,1.180897554180672548e+00
1.096300000000000000e+04,1.202296281287582147e+00
1.096400000000000000e+04,1.268988123199078055e+00
1.096500000000000000e+04,1.294145266663189631e+00
1.096600000000000000e+04,1.339724973191437574e+00
1.096700000000000000e+04,1.233236097235835604e+00
1.096800000000000000e+04,1.263374927785384960e+00
1.096900000000000000e+04,1.139482099859742359e+00
1.097000000000000000e+04,1.364649944937765147e+00
1.097100000000000000e+04,1.149144084129452015e+00
1.097200000000000000e+04,1.274447269538574012e+00
1.097300000000000000e+04,1.242076314385545333e+00
1.097400000000000000e+04,1.267218522885222631e+00
1.097500000000000000e+04,1.418193431616499245e+00
1.097600000000000000e+04,1.463590781865011792e+00
1.097700000000000000e+04,1.367228586237388965e+00
1.097800000000000000e+04,1.404477011184990465e+00
1.097900000000000000e+04,1.302071464749493979e+00
1.098000000000000000e+04,1.310541001120801630e+00
1.098100000000000000e+04,1.303967017533360639e+00
1.098200000000000000e+04,1.385331381764072001e+00
1.098300000000000000e+04,1.250536909288837428e+00
1.098400000000000000e+04,1.205009619109275398e+00
1.098500000000000000e+04,1.281539721963793621e+00
1.098600000000000000e+04,1.164705966164541140e+00
1.098700000000000000e+04,1.219950460475455856e+00
1.098800000000000000e+04,1.061641149625485614e+00
1.098900000000000000e+04,1.377502304801171640e+00
1.099000000000000000e+04,1.262915412479244326e+00
1.099100000000000000e+04,1.287004944446618726e+00
1.099200000000000000e+04,1.338677266756832296e+00
1.099300000000000000e+04,1.332721205098343686e+00
1.099400000000000000e+04,1.141014515986755740e+00
1.099500000000000000e+04,1.364124194582634120e+00
1.099600000000000000e+04,1.174597501732598914e+00
1.099700000000000000e+04,1.325873409071841813e+00
1.099800000000000000e+04,1.154408210310793992e+00
1.099900000000000000e+04,1.201179051995620917e+00
1.100000000000000000e+04,1.104573337589085158e+00
1.100100000000000000e+04,1.294054564215828762e+00
1.100200000000000000e+04,1.348842019190988895e+00
1.100300000000000000e+04,1.351648632954370877e+00
1.100400000000000000e+04,1.284575724840253841e+00
1.100500000000000000e+04,1.331749970621532331e+00
1.100600000000000000e+04,1.298868923766689276e+00
1.100700000000000000e+04,1.306688350275899468e+00
1.100800000000000000e+04,1.176213147186532915e+00
1.100900000000000000e+04,1.430217041679825885e+00
1.101000000000000000e+04,1.386032802273603259e+00
1.101100000000000000e+04,1.325573433170068371e+00
1.101200000000000000e+04,1.227047783496670874e+00
1.101300000000000000e+04,1.398050028875496009e+00
1.101400000000000000e+04,1.289365447582257129e+00
1.101500000000000000e+04,1.584593907963163906e+00
1.101600000000000000e+04,1.334024975349321185e+00
1.101700000000000000e+04,1.346372988248782043e+00
1.101800000000000000e+04,1.267699090100740777e+00
1.101900000000000000e+04,1.364567253790360590e+00
1.102000000000000000e+04,1.179059913624402434e+00
1.102100000000000000e+04,1.219257283621738575e+00
1.102200000000000000e+04,1.217047474077439073e+00
1.102300000000000000e+04,1.102361156887729843e+00
1.102400000000000000e+04,1.073739097069578596e+00
1.102500000000000000e+04,1.145045914980163060e+00
1.102600000000000000e+04,1.190695896299487133e+00
1.102700000000000000e+04,1.247929326716913589e+00
1.102800000000000000e+04,1.228063099184092621e+00
1.102900000000000000e+04,1.148161660716964461e+00
1.103000000000000000e+04,1.177678873956291339e+00
1.103100000000000000e+04,1.125804426006068226e+00
1.103200000000000000e+04,1.080328099813491649e+00
1.103300000000000000e+04,1.294822992670223716e+00
1.103400000000000000e+04,1.393875147198655240e+00
1.103500000000000000e+04,1.392371858492160497e+00
1.103600000000000000e+04,1.246756911577206361e+00
1.103700000000000000e+04,1.044134690561742129e+00
1.103800000000000000e+04,1.229491998855268831e+00
1.103900000000000000e+04,1.332274082037200325e+00
1.104000000000000000e+04,1.425018495167882371e+00
1.104100000000000000e+04,1.492679820652787814e+00
1.104200000000000000e+04,1.200298930159445554e+00
1.104300000000000000e+04,1.193475370900228372e+00
1.104400000000000000e+04,1.162656552549623301e+00
1.104500000000000000e+04,1.293207503199867325e+00
1.104600000000000000e+04,1.412059882366132779e+00
1.104700000000000000e+04,1.301494995867795268e+00
1.104800000000000000e+04,1.278434081464473016e+00
1.104900000000000000e+04,1.223467923346601482e+00
1.105000000000000000e+04,1.220968316325328207e+00
1.105100000000000000e+04,1.260366812302133654e+00
1.105200000000000000e+04,1.309129725849412340e+00
1.105300000000000000e+04,1.307503989227612351e+00
1.105400000000000000e+04,1.108175581664831766e+00
1.105500000000000000e+04,1.190370844002072603e+00
1.105600000000000000e+04,1.156855565199025326e+00
1.105700000000000000e+04,1.171479160349232052e+00
1.105800000000000000e+04,1.308586833675746908e+00
1.105900000000000000e+04,1.283302594597888424e+00
1.106000000000000000e+04,1.304158347550222308e+00
1.106100000000000000e+04,1.328182925714609830e+00
1.106200000000000000e+04,1.435268149393864379e+00
1.106300000000000000e+04,1.290085718465217912e+00
1.106400000000000000e+04,1.171891273761675789e+00
1.106500000000000000e+04,1.162585526733605823e+00
1.106600000000000000e+04,1.299816347593794719e+00
1.106700000000000000e+04,1.265338185958117645e+00
1.106800000000000000e+04,1.226439470494763428e+00
1.106900000000000000e+04,1.170473338782474393e+00
1.107000000000000000e+04,1.206041734035271817e+00
1.107100000000000000e+04,1.284297011638266373e+00
1.107200000000000000e+04,1.281808809532600790e+00
1.107300000000000000e+04,1.285090813287113942e+00
1.107400000000000000e+04,1.196190562218329312e+00
1.107500000000000000e+04,1.233781530542803040e+00
1.107600000000000000e+04,1.448280427024936312e+00
1.107700000000000000e+04,1.363212690114608661e+00
1.107800000000000000e+04,1.213635088944593932e+00
1.107900000000000000e+04,1.388288981806139466e+00
1.108000000000000000e+04,1.608403709376055257e+00
1.108100000000000000e+04,1.415511701151167534e+00
1.108200000000000000e+04,1.450540747627955707e+00
1.108300000000000000e+04,1.239748102009533115e+00
1.108400000000000000e+04,1.307467384144356481e+00
1.108500000000000000e+04,1.236859757346187028e+00
1.108600000000000000e+04,1.277504768511891209e+00
1.108700000000000000e+04,1.237929626460259724e+00
1.108800000000000000e+04,1.236447934113341640e+00
1.108900000000000000e+04,1.287197343074262479e+00
1.109000000000000000e+04,1.299622852811026741e+00
1.109100000000000000e+04,1.138513416597012773e+00
1.109200000000000000e+04,1.208126571068643296e+00
1.109300000000000000e+04,1.072054033242554993e+00
1.109400000000000000e+04,1.155121533619144492e+00
1.109500000000000000e+04,1.122542974881381328e+00
1.109600000000000000e+04,1.236196589346242325e+00
1.109700000000000000e+04,1.329885682398472380e+00
1.109800000000000000e+04,1.172674332866058711e+00
1.109900000000000000e+04,1.126938806339377042e+00
1.110000000000000000e+04,1.299275400145714077e+00
1.110100000000000000e+04,1.095683474825660753e+00
1.110200000000000000e+04,1.246795371244470596e+00
1.110300000000000000e+04,1.396885711520902573e+00
1.110400000000000000e+04,1.254656641745413026e+00
1.110500000000000000e+04,1.300366431811908363e+00
1.110600000000000000e+04,1.262525083792976011e+00
1.110700000000000000e+04,1.221165587364211325e+00
1.110800000000000000e+04,1.242759777872191496e+00
1.110900000000000000e+04,1.220977484624161002e+00
1.111000000000000000e+04,1.257422802893380043e+00
1.111100000000000000e+04,1.338202432408970965e+00
1.111200000000000000e+04,1.234929621591019044e+00
1.111300000000000000e+04,1.035004710507499093e+00
1.111400000000000000e+04,1.392439898740897242e+00
1.111500000000000000e+04,1.210413483816741076e+00
1.111600000000000000e+04,1.317103252729608931e+00
1.111700000000000000e+04,1.239583265953067448e+00
1.111800000000000000e+04,1.211792280171429148e+00
1.111900000000000000e+04,1.265278331365829345e+00
1.112000000000000000e+04,1.352444394508311776e+00
1.112100000000000000e+04,1.413464731936625363e+00
1.112200000000000000e+04,1.348375541967965718e+00
1.112300000000000000e+04,1.423192399325704294e+00
1.112400000000000000e+04,1.461287739941350194e+00
1.112500000000000000e+04,1.430280811123103346e+00
1.112600000000000000e+04,1.156033092219626912e+00
1.112700000000000000e+04,1.115016171163459413e+00
1.112800000000000000e+04,1.241077795692482777e+00
1.112900000000000000e+04,1.245868272750760619e+00
1.113000000000000000e+04,1.292504852280959682e+00
1.113100000000000000e+04,1.305697876926641410e+00
1.113200000000000000e+04,1.402662827556100611e+00
1.113300000000000000e+04,1.422547838207693038e+00
1.113400000000000000e+04,1.194134730330981276e+00
1.113500000000000000e+04,1.410137201464910506e+00
1.113600000000000000e+04,1.284320731427316398e+00
1.113700000000000000e+04,1.388250144908670380e+00
1.113800000000000000e+04,1.225686703202482519e+00
1.113900000000000000e+04,1.395684301950796957e+00
1.114000000000000000e+04,1.307532355091801657e+00
1.114100000000000000e+04,1.326941086337176445e+00
1.114200000000000000e+04,1.295342293780222587e+00
1.114300000000000000e+04,1.283990927840025664e+00
1.114400000000000000e+04,1.367647567663850428e+00
1.114500000000000000e+04,1.285149787674318311e+00
1.114600000000000000e+04,1.170072114313990719e+00
1.114700000000000000e+04,1.234862321118927131e+00
1.114800000000000000e+04,1.265756237281097096e+00
1.114900000000000000e+04,1.251470427859200596e+00
1.115000000000000000e+04,1.201093841662065564e+00
1.115100000000000000e+04,1.118376805744091929e+00
1.115200000000000000e+04,1.141029617074422742e+00
1.115300000000000000e+04,1.191343155393060238e+00
1.115400000000000000e+04,1.243316053824983891e+00
1.115500000000000000e+04,1.243361775662185087e+00
1.115600000000000000e+04,1.207820149315673719e+00
1.115700000000000000e+04,1.225507447271980910e+00
1.115800000000000000e+04,1.216429861682299274e+00
1.115900000000000000e+04,1.399469309044070631e+00
1.116000000000000000e+04,1.289120229019985686e+00
1.116100000000000000e+04,1.326286813211589033e+00
1.116200000000000000e+04,1.359799574770235608e+00
1.116300000000000000e+04,1.183542345540472107e+00
1.116400000000000000e+04,1.305152025731799448e+00
1.116500000000000000e+04,1.320618681782822268e+00
1.116600000000000000e+04,1.353763196767559629e+00
1.116700000000000000e+04,1.231358572222830627e+00
1.116800000000000000e+04,1.295281606866428570e+00
1.116900000000000000e+04,1.172636049360439525e+00
1.117000000000000000e+04,1.285348825435322029e+00
1.117100000000000000e+04,1.249542176866756948e+00
1.117200000000000000e+04,1.234248380365086772e+00
1.117300000000000000e+04,1.210847220599525320e+00
1.117400000000000000e+04,1.268391386413332267e+00
1.117500000000000000e+04,1.349350964960682298e+00
1.117600000000000000e+04,1.215064064865801985e+00
1.117700000000000000e+04,1.245318493486733180e+00
1.117800000000000000e+04,1.274201438927566876e+00
1.117900000000000000e+04,1.195530706094639850e+00
1.118000000000000000e+04,1.256210608009943552e+00
1.118100000000000000e+04,1.310033469318629740e+00
1.118200000000000000e+04,1.457390631785994151e+00
1.118300000000000000e+04,1.337438880841030242e+00
1.118400000000000000e+04,1.247937045589787797e+00
1.118500000000000000e+04,1.324216703157757413e+00
1.118600000000000000e+04,1.203966325678534455e+00
1.118700000000000000e+04,1.168882758691277113e+00
1.118800000000000000e+04,1.269013965022215862e+00
1.118900000000000000e+04,1.233490311508935289e+00
1.119000000000000000e+04,1.234769975339047310e+00
1.119100000000000000e+04,1.268216127882803246e+00
1.119200000000000000e+04,1.249138405908483129e+00
1.119300000000000000e+04,1.375085335487946425e+00
1.119400000000000000e+04,1.415278151505111381e+00
1.119500000000000000e+04,1.266317501555475511e+00
1.119600000000000000e+04,1.279745932211755921e+00
1.119700000000000000e+04,1.118689446825177125e+00
1.119800000000000000e+04,1.316667048948326535e+00
1.119900000000000000e+04,1.267947283027441641e+00
1.120000000000000000e+04,1.280575463865582186e+00
1.120100000000000000e+04,1.367224393104638169e+00
1.120200000000000000e+04,1.373428086583792673e+00
1.120300000000000000e+04,1.333633043298824150e+00
1.120400000000000000e+04,1.261640829417509213e+00
1.120500000000000000e+04,1.326777175923124386e+00
1.120600000000000000e+04,1.000142942587596950e+00
1.120700000000000000e+04,1.261222003825360982e+00
1.120800000000000000e+04,1.313770537170749542e+00
1.120900000000000000e+04,1.328760431170726841e+00
1.121000000000000000e+04,1.422861141360032722e+00
1.121100000000000000e+04,1.110878237303857929e+00
1.121200000000000000e+04,1.310003945240312051e+00
1.121300000000000000e+04,1.260145149881031656e+00
1.121400000000000000e+04,1.229517430331382499e+00
1.121500000000000000e+04,1.247368581043976299e+00
1.121600000000000000e+04,1.195350747713609163e+00
1.121700000000000000e+04,1.090815016423584805e+00
1.121800000000000000e+04,1.074622729351432993e+00
1.121900000000000000e+04,1.247090052611377731e+00
1.122000000000000000e+04,1.277177313746136411e+00
1.122100000000000000e+04,1.128076422024617553e+00
1.122200000000000000e+04,1.301971243463585948e+00
1.122300000000000000e+04,1.261397618795535136e+00
1.122400000000000000e+04,1.405580671595554554e+00
1.122500000000000000e+04,1.281920685477795363e+00
1.122600000000000000e+04,1.259293741774463848e+00
1.122700000000000000e+04,1.221676034016198731e+00
1.122800000000000000e+04,1.245330456531412056e+00
1.122900000000000000e+04,1.110803177068010017e+00
1.123000000000000000e+04,1.159270625233747465e+00
1.123100000000000000e+04,1.383756515647277086e+00
1.123200000000000000e+04,1.281024303654142882e+00
1.123300000000000000e+04,1.287359425504587040e+00
1.123400000000000000e+04,1.288004329814251170e+00
1.123500000000000000e+04,1.358044143662058945e+00
1.123600000000000000e+04,1.262998130231366645e+00
1.123700000000000000e+04,1.214782478385051379e+00
1.123800000000000000e+04,1.214098211504389235e+00
1.123900000000000000e+04,1.206052125881609260e+00
1.124000000000000000e+04,1.269694461753939185e+00
1.124100000000000000e+04,1.228406291084600754e+00
1.124200000000000000e+04,1.316490353075367548e+00
1.124300000000000000e+04,1.161432405430480097e+00
1.124400000000000000e+04,1.188115251493415014e+00
1.124500000000000000e+04,1.294185083156421001e+00
1.124600000000000000e+04,1.210844592774214412e+00
1.124700000000000000e+04,1.297765900794851879e+00
1.124800000000000000e+04,1.125790483221057681e+00
1.124900000000000000e+04,1.140394591861456863e+00
1.125000000000000000e+04,1.165978628290400998e+00
1.125100000000000000e+04,1.168747150539382273e+00
1.125200000000000000e+04,1.139418754928180455e+00
1.125300000000000000e+04,1.494127905472242723e+00
1.125400000000000000e+04,1.211144875864532677e+00
1.125500000000000000e+04,1.118120212939312186e+00
1.125600000000000000e+04,1.213408151518297728e+00
1.125700000000000000e+04,1.297147244645366682e+00
1.125800000000000000e+04,1.290886584187850072e+00
1.125900000000000000e+04,1.224666407163594650e+00
1.126000000000000000e+04,1.069693222238403685e+00
1.126100000000000000e+04,1.148249832154575989e+00
1.126200000000000000e+04,1.263160020601029165e+00
1.126300000000000000e+04,1.223780542184488063e+00
1.126400000000000000e+04,1.171175344542936037e+00
1.126500000000000000e+04,1.381098117027049987e+00
1.126600000000000000e+04,1.315589775391243554e+00
1.126700000000000000e+04,1.258642341465389558e+00
1.126800000000000000e+04,1.128435165411458607e+00
1.126900000000000000e+04,1.362996782938335150e+00
1.127000000000000000e+04,1.199926578169631330e+00
1.127100000000000000e+04,1.253718164673773616e+00
1.127200000000000000e+04,1.023528248182121958e+00
1.127300000000000000e+04,1.193044087635572570e+00
1.127400000000000000e+04,1.287544493979801086e+00
1.127500000000000000e+04,1.349181053112070261e+00
1.127600000000000000e+04,1.236635337646985633e+00
1.127700000000000000e+04,1.360591277095597018e+00
1.127800000000000000e+04,1.370536429678055557e+00
1.127900000000000000e+04,1.350151962209130252e+00
1.128000000000000000e+04,1.409109845537273475e+00
1.128100000000000000e+04,1.326380190171528417e+00
1.128200000000000000e+04,1.347298359651152966e+00
1.128300000000000000e+04,1.235702043267340899e+00
1.128400000000000000e+04,1.302232871376088674e+00
1.128500000000000000e+04,1.352122169950324304e+00
1.128600000000000000e+04,1.190705160773263716e+00
1.128700000000000000e+04,1.276790152271335410e+00
1.128800000000000000e+04,1.126315480035924743e+00
1.128900000000000000e+04,1.139136180959805955e+00
1.129000000000000000e+04,1.119129648673744981e+00
1.129100000000000000e+04,1.022402534106856997e+00
1.129200000000000000e+04,1.041420917322889661e+00
1.129300000000000000e+04,1.251092851546842910e+00
1.129400000000000000e+04,1.255652721158083684e+00
1.129500000000000000e+04,1.195182843554476904e+00
1.129600000000000000e+04,1.098806674098863123e+00
1.129700000000000000e+04,1.040681615782582892e+00
1.129800000000000000e+04,1.051690432256479957e+00
1.129900000000000000e+04,1.182431183257197427e+00
1.130000000000000000e+04,1.264208901555804232e+00
1.130100000000000000e+04,1.173353241924406376e+00
1.130200000000000000e+04,1.236941073771344879e+00
1.130300000000000000e+04,1.218259842572142038e+00
1.130400000000000000e+04,1.124983235721125130e+00
1.130500000000000000e+04,1.125445269219258693e+00
1.130600000000000000e+04,1.282663222057954799e+00
1.130700000000000000e+04,1.203860174858566667e+00
1.130800000000000000e+04,1.335951681776720301e+00
1.130900000000000000e+04,1.285910475563513566e+00
1.131000000000000000e+04,1.184260090214837691e+00
1.131100000000000000e+04,1.266862609721844279e+00
1.131200000000000000e+04,1.312458018411511995e+00
1.131300000000000000e+04,1.332835511197087985e+00
1.131400000000000000e+04,1.458741355106352833e+00
1.131500000000000000e+04,1.261643092642389385e+00
1.131600000000000000e+04,1.191146727065273359e+00
1.131700000000000000e+04,1.269311929984327403e+00
1.131800000000000000e+04,1.142093485267164921e+00
1.131900000000000000e+04,1.257975945855847710e+00
1.132000000000000000e+04,1.120979322806157308e+00
1.132100000000000000e+04,1.311595806381359752e+00
1.132200000000000000e+04,1.284077539504410170e+00
1.132300000000000000e+04,1.364044900040178421e+00
1.132400000000000000e+04,1.363953613049444291e+00
1.132500000000000000e+04,1.257281832030084923e+00
1.132600000000000000e+04,1.303543382940611561e+00
1.132700000000000000e+04,1.373495605382992091e+00
1.132800000000000000e+04,1.311787095649376012e+00
1.132900000000000000e+04,1.257984362471539663e+00
1.133000000000000000e+04,1.138640185552324713e+00
1.133100000000000000e+04,1.245831071027815984e+00
1.133200000000000000e+04,1.185973632593064764e+00
1.133300000000000000e+04,1.132526338183546200e+00
1.133400000000000000e+04,1.308863671368071913e+00
1.133500000000000000e+04,1.132411423517337701e+00
1.133600000000000000e+04,1.179800451545953255e+00
1.133700000000000000e+04,1.391418202881907318e+00
1.133800000000000000e+04,1.276469201108032303e+00
1.133900000000000000e+04,1.306160562248713575e+00
1.134000000000000000e+04,1.409971096152420555e+00
1.134100000000000000e+04,1.204538559266385089e+00
1.134200000000000000e+04,1.342947924592375664e+00
1.134300000000000000e+04,1.259698239840151057e+00
1.134400000000000000e+04,1.363333428287916815e+00
1.134500000000000000e+04,1.375152578921015278e+00
1.134600000000000000e+04,1.265430553792117108e+00
1.134700000000000000e+04,1.293459964819924313e+00
1.134800000000000000e+04,1.436859604142430635e+00
1.134900000000000000e+04,1.332209317004222182e+00
1.135000000000000000e+04,1.132184096378346716e+00
1.135100000000000000e+04,1.256706120617225864e+00
1.135200000000000000e+04,1.270579728564821487e+00
1.135300000000000000e+04,1.156527803388145648e+00
1.135400000000000000e+04,1.194353460202653983e+00
1.135500000000000000e+04,1.306422075658016047e+00
1.135600000000000000e+04,1.237009322395086430e+00
1.135700000000000000e+04,1.262239141958826805e+00
1.135800000000000000e+04,1.251744450762539707e+00
1.135900000000000000e+04,1.279887967901094381e+00
1.136000000000000000e+04,1.260607419685521702e+00
1.136100000000000000e+04,1.396354321719692981e+00
1.136200000000000000e+04,1.234975480780074131e+00
1.136300000000000000e+04,1.391491240659942452e+00
1.136400000000000000e+04,1.215762556272274475e+00
1.136500000000000000e+04,1.242223885226193314e+00
1.136600000000000000e+04,1.184985494901059644e+00
1.136700000000000000e+04,1.284406035899215093e+00
1.136800000000000000e+04,1.285195663440628966e+00
1.136900000000000000e+04,1.357760973113109948e+00
1.137000000000000000e+04,1.365716004654665916e+00
1.137100000000000000e+04,1.202135748291849993e+00
1.137200000000000000e+04,1.191098107630959468e+00
1.137300000000000000e+04,1.127399407361050043e+00
1.137400000000000000e+04,1.121337786319448027e+00
1.137500000000000000e+04,1.294146019742742126e+00
1.137600000000000000e+04,1.105399479773792493e+00
1.137700000000000000e+04,1.107581558647626530e+00
1.137800000000000000e+04,1.249399169217594752e+00
1.137900000000000000e+04,1.097838568071499266e+00
1.138000000000000000e+04,1.093434210255413763e+00
1.138100000000000000e+04,1.271119923816066422e+00
1.138200000000000000e+04,1.135020603771611514e+00
1.138300000000000000e+04,1.318968027377440011e+00
1.138400000000000000e+04,1.361376235590766814e+00
1.138500000000000000e+04,1.163660973870409121e+00
1.138600000000000000e+04,1.321400672953182642e+00
1.138700000000000000e+04,1.332316913573762251e+00
1.138800000000000000e+04,1.245580204775782018e+00
1.138900000000000000e+04,1.294844525380128841e+00
1.139000000000000000e+04,1.318839207367797917e+00
1.139100000000000000e+04,1.448521654805803971e+00
1.139200000000000000e+04,1.308750514521599406e+00
1.139300000000000000e+04,1.286582969077366689e+00
1.139400000000000000e+04,1.197991183882991528e+00
1.139500000000000000e+04,1.233928374095522251e+00
1.139600000000000000e+04,1.414853314685990293e+00
1.139700000000000000e+04,1.252435216433311460e+00
1.139800000000000000e+04,1.284800288056359374e+00
1.139900000000000000e+04,1.354070998389621305e+00
1.140000000000000000e+04,1.266263001688878287e+00
1.140100000000000000e+04,1.320305174748512611e+00
1.140200000000000000e+04,1.223061926865933069e+00
1.140300000000000000e+04,1.166102955741120883e+00
1.140400000000000000e+04,1.235591207074715259e+00
1.140500000000000000e+04,1.245573100683419643e+00
1.140600000000000000e+04,1.282756136379922252e+00
1.140700000000000000e+04,1.204427507636614436e+00
1.140800000000000000e+04,1.215430188505933318e+00
1.140900000000000000e+04,1.380232748928762243e+00
1.141000000000000000e+04,1.333102677119743174e+00
1.141100000000000000e+04,1.295362393072039042e+00
1.141200000000000000e+04,1.183424861185046639e+00
1.141300000000000000e+04,1.255302132299307205e+00
1.141400000000000000e+04,1.297337966356388206e+00
1.141500000000000000e+04,1.083803328267130661e+00
1.141600000000000000e+04,1.324142746684011662e+00
1.141700000000000000e+04,1.229215748322799451e+00
1.141800000000000000e+04,1.234773676287665323e+00
1.141900000000000000e+04,1.371022891484298345e+00
1.142000000000000000e+04,1.269379248244203229e+00
1.142100000000000000e+04,1.159248943964198864e+00
1.142200000000000000e+04,1.303801038549815994e+00
1.142300000000000000e+04,1.418592135045204206e+00
1.142400000000000000e+04,1.228054128232751729e+00
1.142500000000000000e+04,1.163068577819732941e+00
1.142600000000000000e+04,1.124100247076254444e+00
1.142700000000000000e+04,1.122345475762840161e+00
1.142800000000000000e+04,1.174348856798052454e+00
1.142900000000000000e+04,1.278293005365317203e+00
1.143000000000000000e+04,1.333527082045654177e+00
1.143100000000000000e+04,1.459190796817591895e+00
1.143200000000000000e+04,1.353287128659373728e+00
1.143300000000000000e+04,1.346145828537114397e+00
1.143400000000000000e+04,1.289627877690783464e+00
1.143500000000000000e+04,1.229764154768590911e+00
1.143600000000000000e+04,1.431825518015520160e+00
1.143700000000000000e+04,1.268340946454173057e+00
1.143800000000000000e+04,1.296275185497685722e+00
1.143900000000000000e+04,1.124961183798694142e+00
1.144000000000000000e+04,1.315356645818998249e+00
1.144100000000000000e+04,1.408347945938795309e+00
1.144200000000000000e+04,1.380328718179810066e+00
1.144300000000000000e+04,1.301050697497309727e+00
1.144400000000000000e+04,1.385344359147520743e+00
1.144500000000000000e+04,1.204540579283102320e+00
1.144600000000000000e+04,1.111264531320480087e+00
1.144700000000000000e+04,1.241889047450538630e+00
1.144800000000000000e+04,1.278527456014722397e+00
1.144900000000000000e+04,1.345457131217890234e+00
1.145000000000000000e+04,1.219566701107456241e+00
1.145100000000000000e+04,1.104296674808491030e+00
1.145200000000000000e+04,1.284259552045436070e+00
1.145300000000000000e+04,1.197088263977555744e+00
1.145400000000000000e+04,1.318904279967479942e+00
1.145500000000000000e+04,1.303207921733140706e+00
1.145600000000000000e+04,1.307132219342461488e+00
1.145700000000000000e+04,1.332457536969001710e+00
1.145800000000000000e+04,1.271710710299533309e+00
1.145900000000000000e+04,1.212584645261026273e+00
1.146000000000000000e+04,1.277574549421484740e+00
1.146100000000000000e+04,1.213029108633436159e+00
1.146200000000000000e+04,1.067685440983804579e+00
1.146300000000000000e+04,1.174235438352324801e+00
1.146400000000000000e+04,1.395459558266180622e+00
1.146500000000000000e+04,1.462209311943142520e+00
1.146600000000000000e+04,1.332135169688883236e+00
1.146700000000000000e+04,1.414216006649076096e+00
1.146800000000000000e+04,1.420815508548250561e+00
1.146900000000000000e+04,1.292327263917426583e+00
1.147000000000000000e+04,1.193009717186596097e+00
1.147100000000000000e+04,1.339715707409729895e+00
1.147200000000000000e+04,1.075207282440568957e+00
1.147300000000000000e+04,1.184993166268848874e+00
1.147400000000000000e+04,1.233340305539008419e+00
1.147500000000000000e+04,1.386852513360227857e+00
1.147600000000000000e+04,1.173093270567545421e+00
1.147700000000000000e+04,1.246810276201471890e+00
1.147800000000000000e+04,1.238573628410431615e+00
1.147900000000000000e+04,1.252704209245581124e+00
1.148000000000000000e+04,1.264552353854533573e+00
1.148100000000000000e+04,1.190632761497962822e+00
1.148200000000000000e+04,1.245336228285650826e+00
1.148300000000000000e+04,1.273906475510619973e+00
1.148400000000000000e+04,1.376903337697650276e+00
1.148500000000000000e+04,1.328949826470667839e+00
1.148600000000000000e+04,1.329352571625075363e+00
1.148700000000000000e+04,1.368717908840550113e+00
1.148800000000000000e+04,1.249929747850940354e+00
1.148900000000000000e+04,1.308657297271052844e+00
1.149000000000000000e+04,1.144777790703199960e+00
1.149100000000000000e+04,1.248087420713988482e+00
1.149200000000000000e+04,1.280788932998233376e+00
1.149300000000000000e+04,1.184046234473296044e+00
1.149400000000000000e+04,1.258676725067102931e+00
1.149500000000000000e+04,1.123747082872289527e+00
1.149600000000000000e+04,1.325859071340671491e+00
1.149700000000000000e+04,1.303328871705806025e+00
1.149800000000000000e+04,1.287634528110082499e+00
1.149900000000000000e+04,1.251365493069360957e+00
1.150000000000000000e+04,1.293151093635433346e+00
1.150100000000000000e+04,1.146540503680121947e+00
1.150200000000000000e+04,1.345167670939757087e+00
1.150300000000000000e+04,1.329965842120324648e+00
1.150400000000000000e+04,1.123856310836100603e+00
1.150500000000000000e+04,1.214422750596880762e+00
1.150600000000000000e+04,1.312458983206926888e+00
1.150700000000000000e+04,1.176231880426277021e+00
1.150800000000000000e+04,1.119276423793959863e+00
1.150900000000000000e+04,1.184335771259435788e+00
1.151000000000000000e+04,1.276378900270248806e+00
1.151100000000000000e+04,1.299539837396997521e+00
1.151200000000000000e+04,1.277007341771539295e+00
1.151300000000000000e+04,1.278466185849908010e+00
1.151400000000000000e+04,1.122525425169513813e+00
1.151500000000000000e+04,1.211333954453298389e+00
1.151600000000000000e+04,1.236363227017697186e+00
1.151700000000000000e+04,1.404457092703917498e+00
1.151800000000000000e+04,1.317978319050753688e+00
1.151900000000000000e+04,1.143107292887689752e+00
1.152000000000000000e+04,1.174151756939741498e+00
1.152100000000000000e+04,1.277968658566223104e+00
1.152200000000000000e+04,1.268617735179064843e+00
1.152300000000000000e+04,1.230617678834251327e+00
1.152400000000000000e+04,1.274625381640612787e+00
1.152500000000000000e+04,1.163332996081912096e+00
1.152600000000000000e+04,1.202170723716854406e+00
1.152700000000000000e+04,1.293094031010529221e+00
1.152800000000000000e+04,1.152147814001197146e+00
1.152900000000000000e+04,1.360998968264568898e+00
1.153000000000000000e+04,1.246112039302605501e+00
1.153100000000000000e+04,1.258484833178274531e+00
1.153200000000000000e+04,1.304405964627674885e+00
1.153300000000000000e+04,1.254156538738475879e+00
1.153400000000000000e+04,1.407460184875478859e+00
1.153500000000000000e+04,1.266153067691522693e+00
1.153600000000000000e+04,1.377635084333081572e+00
1.153700000000000000e+04,1.294874915403512405e+00
1.153800000000000000e+04,1.432947265884274124e+00
1.153900000000000000e+04,1.280001992008221290e+00
1.154000000000000000e+04,1.229035767919496536e+00
1.154100000000000000e+04,1.309367956107646336e+00
1.154200000000000000e+04,1.311445184100083372e+00
1.154300000000000000e+04,1.214404707405330575e+00
1.154400000000000000e+04,1.215495664093998451e+00
1.154500000000000000e+04,1.137952332320378845e+00
1.154600000000000000e+04,1.227224288099745042e+00
1.154700000000000000e+04,1.269320311643456156e+00
1.154800000000000000e+04,1.194223840974011797e+00
1.154900000000000000e+04,1.210226281180493135e+00
1.155000000000000000e+04,1.191342497433461434e+00
1.155100000000000000e+04,1.196472059123191434e+00
1.155200000000000000e+04,1.210048277992335386e+00
1.155300000000000000e+04,1.069116177218374597e+00
1.155400000000000000e+04,1.115384281654441478e+00
1.155500000000000000e+04,1.470500139916052218e+00
1.155600000000000000e+04,1.234874898691940226e+00
1.155700000000000000e+04,1.334243258937322985e+00
1.155800000000000000e+04,1.444316853832674941e+00
1.155900000000000000e+04,1.293857633363652004e+00
1.156000000000000000e+04,1.172128038728021959e+00
1.156100000000000000e+04,1.266304460428292478e+00
1.156200000000000000e+04,1.218900348325488991e+00
1.156300000000000000e+04,1.223994211380877717e+00
1.156400000000000000e+04,1.254107541571367390e+00
1.156500000000000000e+04,1.323189047453485978e+00
1.156600000000000000e+04,1.232068043567820403e+00
1.156700000000000000e+04,1.306916032330281974e+00
1.156800000000000000e+04,1.300883073044929450e+00
1.156900000000000000e+04,1.200726874482810347e+00
1.157000000000000000e+04,1.141480610285528829e+00
1.157100000000000000e+04,1.214717786717247616e+00
1.157200000000000000e+04,1.199078312174886474e+00
1.157300000000000000e+04,1.268996766704081125e+00
1.157400000000000000e+04,1.180107001536792932e+00
1.157500000000000000e+04,1.268120699358501025e+00
1.157600000000000000e+04,1.313643619930753292e+00
1.157700000000000000e+04,1.277918573161902049e+00
1.157800000000000000e+04,1.262100869371626466e+00
1.157900000000000000e+04,1.065464195537287440e+00
1.158000000000000000e+04,1.246360169069461676e+00
1.158100000000000000e+04,1.219134810206110142e+00
1.158200000000000000e+04,1.328681012981601794e+00
1.158300000000000000e+04,1.291097793701776686e+00
1.158400000000000000e+04,1.323881063085682985e+00
1.158500000000000000e+04,1.270589053358421872e+00
1.158600000000000000e+04,1.332114893314237714e+00
1.158700000000000000e+04,1.303497904458190026e+00
1.158800000000000000e+04,1.397128429165449770e+00
1.158900000000000000e+04,1.300242501947447726e+00
1.159000000000000000e+04,1.277443353764924572e+00
1.159100000000000000e+04,1.213064079645297832e+00
1.159200000000000000e+04,1.163253673511656539e+00
1.159300000000000000e+04,1.299820429989953618e+00
1.159400000000000000e+04,1.181817393205185862e+00
1.159500000000000000e+04,1.218900680976736650e+00
1.159600000000000000e+04,1.311488836421679016e+00
1.159700000000000000e+04,1.214860706886211617e+00
1.159800000000000000e+04,1.385834599752837848e+00
1.159900000000000000e+04,1.219060992428815382e+00
1.160000000000000000e+04,1.413739903957380806e+00
1.160100000000000000e+04,1.273418900495028705e+00
1.160200000000000000e+04,1.233110282108279332e+00
1.160300000000000000e+04,1.325694407754363979e+00
1.160400000000000000e+04,1.370304598347651170e+00
1.160500000000000000e+04,1.181892310752026276e+00
1.160600000000000000e+04,1.272764493431132626e+00
1.160700000000000000e+04,1.249508984369649411e+00
1.160800000000000000e+04,1.111449697049626595e+00
1.160900000000000000e+04,1.135022203066504698e+00
1.161000000000000000e+04,1.164944038573952234e+00
1.161100000000000000e+04,1.336958755956500822e+00
1.161200000000000000e+04,1.112766380315135084e+00
1.161300000000000000e+04,1.384903018729528368e+00
1.161400000000000000e+04,1.323718516893585218e+00
1.161500000000000000e+04,1.267291604102156022e+00
1.161600000000000000e+04,1.277993649091871298e+00
1.161700000000000000e+04,1.320012035409368290e+00
1.161800000000000000e+04,1.268998844887045951e+00
1.161900000000000000e+04,1.216777561136834329e+00
1.162000000000000000e+04,1.265855558658568247e+00
1.162100000000000000e+04,1.129421597846438363e+00
1.162200000000000000e+04,1.169318493091206390e+00
1.162300000000000000e+04,1.346556220995071440e+00
1.162400000000000000e+04,1.384232895401092733e+00
1.162500000000000000e+04,1.280292600824127325e+00
1.162600000000000000e+04,1.284898104884883097e+00
1.162700000000000000e+04,1.143040071240126299e+00
1.162800000000000000e+04,1.324719534755959272e+00
1.162900000000000000e+04,9.830418516663723683e-01
1.163000000000000000e+04,1.248465186583315178e+00
1.163100000000000000e+04,1.162851592904380338e+00
1.163200000000000000e+04,1.417229431964990072e+00
1.163300000000000000e+04,1.281159897051850960e+00
1.163400000000000000e+04,1.401965601071066381e+00
1.163500000000000000e+04,1.164500366689992239e+00
1.163600000000000000e+04,1.147078390668726522e+00
1.163700000000000000e+04,1.084004998422114729e+00
1.163800000000000000e+04,1.174639704740237933e+00
1.163900000000000000e+04,1.170992193784809121e+00
1.164000000000000000e+04,1.154642524178517649e+00
1.164100000000000000e+04,1.012111394851159307e+00
1.164200000000000000e+04,1.183313705250105485e+00
1.164300000000000000e+04,1.310009697266757867e+00
1.164400000000000000e+04,1.338611990840844035e+00
1.164500000000000000e+04,1.221249028798250036e+00
1.164600000000000000e+04,1.191651450659312550e+00
1.164700000000000000e+04,1.207180453210016546e+00
1.164800000000000000e+04,1.378880556272419122e+00
1.164900000000000000e+04,1.207116301645826395e+00
1.165000000000000000e+04,1.292935260803892872e+00
1.165100000000000000e+04,1.184146760564324108e+00
1.165200000000000000e+04,1.221689128680641279e+00
1.165300000000000000e+04,1.222018738017039530e+00
1.165400000000000000e+04,1.365638956780446112e+00
1.165500000000000000e+04,1.308296015710316063e+00
1.165600000000000000e+04,1.225970773846025486e+00
1.165700000000000000e+04,1.294671299935463482e+00
1.165800000000000000e+04,1.342018455817492129e+00
1.165900000000000000e+04,1.207163989976750784e+00
1.166000000000000000e+04,1.333524118499118449e+00
1.166100000000000000e+04,1.257194718648202425e+00
1.166200000000000000e+04,1.254835349385966303e+00
1.166300000000000000e+04,1.318988091362350179e+00
1.166400000000000000e+04,1.340973588810197459e+00
1.166500000000000000e+04,1.167455801902602230e+00
1.166600000000000000e+04,1.298982896702697953e+00
1.166700000000000000e+04,1.373751448990956581e+00
1.166800000000000000e+04,1.346995061899825874e+00
1.166900000000000000e+04,1.197492317081243929e+00
1.167000000000000000e+04,1.142505516262904308e+00
1.167100000000000000e+04,1.278002708638754870e+00
1.167200000000000000e+04,1.334039621312766766e+00
1.167300000000000000e+04,1.322671452163600270e+00
1.167400000000000000e+04,1.163649076751631872e+00
1.167500000000000000e+04,1.155235793550410950e+00
1.167600000000000000e+04,1.259373272516379094e+00
1.167700000000000000e+04,1.150411560573160852e+00
1.167800000000000000e+04,1.347870023023159725e+00
1.167900000000000000e+04,1.221900084744480530e+00
1.168000000000000000e+04,1.284954634203564039e+00
1.168100000000000000e+04,1.178373930803652714e+00
1.168200000000000000e+04,1.224475005722688747e+00
1.168300000000000000e+04,1.195176608162048515e+00
1.168400000000000000e+04,1.473426104841188966e+00
1.168500000000000000e+04,1.362585815775864573e+00
1.168600000000000000e+04,1.276349158056049760e+00
1.168700000000000000e+04,1.389590161786601774e+00
1.168800000000000000e+04,1.178216567065411224e+00
1.168900000000000000e+04,1.282651074773433431e+00
1.169000000000000000e+04,1.244386711968948678e+00
1.169100000000000000e+04,1.154286401371040327e+00
1.169200000000000000e+04,1.272491063125962052e+00
1.169300000000000000e+04,1.368689063018794672e+00
1.169400000000000000e+04,1.336947407943127830e+00
1.169500000000000000e+04,1.177593239694098903e+00
1.169600000000000000e+04,1.234951364885649161e+00
1.169700000000000000e+04,1.218663566913951835e+00
1.169800000000000000e+04,1.240573264687220956e+00
1.169900000000000000e+04,1.129228948439723323e+00
1.170000000000000000e+04,1.333940683131642491e+00
1.170100000000000000e+04,1.217396741774559032e+00
1.170200000000000000e+04,1.284978343188461158e+00
1.170300000000000000e+04,1.271097390455364184e+00
1.170400000000000000e+04,1.179489090469986401e+00
1.170500000000000000e+04,1.174699426136460501e+00
1.170600000000000000e+04,1.280869819442779667e+00
1.170700000000000000e+04,1.350381077580692146e+00
1.170800000000000000e+04,1.207423889787188287e+00
1.170900000000000000e+04,1.176528161327205835e+00
1.171000000000000000e+04,1.310073521083362058e+00
1.171100000000000000e+04,1.118215811200588883e+00
1.171200000000000000e+04,1.239685153928833383e+00
1.171300000000000000e+04,1.169046016878040106e+00
1.171400000000000000e+04,1.171041716017844347e+00
1.171500000000000000e+04,1.193599082818674662e+00
1.171600000000000000e+04,1.252717535586056252e+00
1.171700000000000000e+04,1.399082068716782645e+00
1.171800000000000000e+04,1.138934293112929375e+00
1.171900000000000000e+04,1.156739993103718778e+00
1.172000000000000000e+04,1.379404206233639130e+00
1.172100000000000000e+04,1.243664595488932267e+00
1.172200000000000000e+04,1.143196535931535696e+00
1.172300000000000000e+04,1.228903804923842769e+00
1.172400000000000000e+04,1.174471592207651183e+00
1.172500000000000000e+04,1.187505288258839942e+00
1.172600000000000000e+04,1.425182846805737258e+00
1.172700000000000000e+04,1.306440674818118985e+00
1.172800000000000000e+04,1.340150774793210875e+00
1.172900000000000000e+04,1.220658359175154750e+00
1.173000000000000000e+04,1.094023028718780877e+00
1.173100000000000000e+04,1.184101085374646978e+00
1.173200000000000000e+04,1.136673377573177213e+00
1.173300000000000000e+04,1.195156641487417737e+00
1.173400000000000000e+04,1.208715081708620298e+00
1.173500000000000000e+04,1.199653963470169726e+00
1.173600000000000000e+04,1.262935949354642373e+00
1.173700000000000000e+04,1.393131808111430781e+00
1.173800000000000000e+04,1.373760936493206630e+00
1.173900000000000000e+04,1.296562180805428399e+00
1.174000000000000000e+04,1.283610480433696299e+00
1.174100000000000000e+04,1.116959104752435206e+00
1.174200000000000000e+04,1.294127279099078986e+00
1.174300000000000000e+04,1.258347306290658496e+00
1.174400000000000000e+04,1.316316812540944570e+00
1.174500000000000000e+04,1.300518653723439888e+00
1.174600000000000000e+04,1.212862244777412002e+00
1.174700000000000000e+04,1.323544572092369531e+00
1.174800000000000000e+04,1.151086365063646033e+00
1.174900000000000000e+04,1.161960893670348938e+00
1.175000000000000000e+04,1.255799347277063660e+00
1.175100000000000000e+04,1.187971298787962260e+00
1.175200000000000000e+04,1.372650519616593678e+00
1.175300000000000000e+04,1.184150479518193855e+00
1.175400000000000000e+04,1.259961992669201614e+00
1.175500000000000000e+04,1.135634499273480591e+00
1.175600000000000000e+04,1.231725164860215882e+00
1.175700000000000000e+04,1.240608630945894575e+00
1.175800000000000000e+04,1.320923970338743425e+00
1.175900000000000000e+04,1.146725481226047894e+00
1.176000000000000000e+04,1.218702325249304552e+00
1.176100000000000000e+04,1.239584216601158140e+00
1.176200000000000000e+04,1.046141727299469526e+00
1.176300000000000000e+04,1.126502183709006344e+00
1.176400000000000000e+04,1.299957182979092796e+00
1.176500000000000000e+04,1.202916815680867835e+00
1.176600000000000000e+04,1.015007834070644543e+00
1.176700000000000000e+04,1.434939742506649685e+00
1.176800000000000000e+04,1.206313968275207982e+00
1.176900000000000000e+04,1.365779712513093047e+00
1.177000000000000000e+04,1.353666014732856526e+00
1.177100000000000000e+04,1.149357540056216376e+00
1.177200000000000000e+04,1.215706157405454180e+00
1.177300000000000000e+04,1.120669479054765327e+00
1.177400000000000000e+04,1.291481962452879273e+00
1.177500000000000000e+04,1.300047684672143600e+00
1.177600000000000000e+04,1.278812567519928667e+00
1.177700000000000000e+04,1.311200100589795525e+00
1.177800000000000000e+04,1.261533150271336945e+00
1.177900000000000000e+04,1.292368589083713770e+00
1.178000000000000000e+04,1.111448589139703902e+00
1.178100000000000000e+04,1.199618983637354530e+00
1.178200000000000000e+04,1.122997572882144857e+00
1.178300000000000000e+04,1.301864674516627129e+00
1.178400000000000000e+04,1.374426373027429094e+00
1.178500000000000000e+04,1.293299341794927892e+00
1.178600000000000000e+04,1.396895223812173459e+00
1.178700000000000000e+04,1.330103971739490465e+00
1.178800000000000000e+04,1.233110423161568159e+00
1.178900000000000000e+04,1.172555786555873336e+00
1.179000000000000000e+04,1.244570556753715751e+00
1.179100000000000000e+04,1.306676592882417332e+00
1.179200000000000000e+04,1.195239220594473961e+00
1.179300000000000000e+04,1.260269422755819102e+00
1.179400000000000000e+04,1.076505341136648752e+00
1.179500000000000000e+04,1.127078874667125419e+00
1.179600000000000000e+04,1.410130238503725320e+00
1.179700000000000000e+04,1.210491516689729874e+00
1.179800000000000000e+04,1.287781924505805753e+00
1.179900000000000000e+04,1.154736150411667550e+00
1.180000000000000000e+04,1.210017740468568137e+00
1.180100000000000000e+04,1.229855964174417782e+00
1.180200000000000000e+04,1.193834577517709938e+00
1.180300000000000000e+04,1.249516071991701116e+00
1.180400000000000000e+04,1.222940756854998146e+00
1.180500000000000000e+04,1.345679858687513164e+00
1.180600000000000000e+04,1.222301485166182644e+00
1.180700000000000000e+04,1.224422893035497450e+00
1.180800000000000000e+04,1.372929253626698820e+00
1.180900000000000000e+04,1.273875096480177938e+00
1.181000000000000000e+04,1.272012142068420282e+00
1.181100000000000000e+04,1.213776897342129457e+00
1.181200000000000000e+04,1.215116340570203235e+00
1.181300000000000000e+04,1.320655488949812995e+00
1.181400000000000000e+04,1.188781432152370865e+00
1.181500000000000000e+04,1.131665878690928162e+00
1.181600000000000000e+04,1.253903464746821683e+00
1.181700000000000000e+04,1.166790343051133050e+00
1.181800000000000000e+04,1.416973124659948402e+00
1.181900000000000000e+04,1.302704624613350015e+00
1.182000000000000000e+04,1.343261871286133502e+00
1.182100000000000000e+04,1.200647888956286158e+00
1.182200000000000000e+04,1.129268982168000868e+00
1.182300000000000000e+04,1.118817532437349715e+00
1.182400000000000000e+04,1.180219544851331737e+00
1.182500000000000000e+04,1.356671101894691533e+00
1.182600000000000000e+04,1.061689882687928410e+00
1.182700000000000000e+04,1.235116196640759556e+00
1.182800000000000000e+04,1.106667633668985129e+00
1.182900000000000000e+04,1.192455766770533554e+00
1.183000000000000000e+04,1.288508151117120581e+00
1.183100000000000000e+04,1.293656076898714424e+00
1.183200000000000000e+04,1.296100461133183224e+00
1.183300000000000000e+04,1.094742690472859881e+00
1.183400000000000000e+04,1.267374673135221785e+00
1.183500000000000000e+04,1.328046618265693368e+00
1.183600000000000000e+04,1.244444471357302406e+00
1.183700000000000000e+04,1.277375761688005484e+00
1.183800000000000000e+04,1.283551745473924477e+00
1.183900000000000000e+04,1.328618518084804911e+00
1.184000000000000000e+04,1.181472262463982847e+00
1.184100000000000000e+04,1.168203845274917052e+00
1.184200000000000000e+04,1.169087766929048700e+00
1.184300000000000000e+04,1.022650406841326021e+00
1.184400000000000000e+04,1.016926317218095566e+00
1.184500000000000000e+04,1.200080955064555921e+00
1.184600000000000000e+04,1.368915298986477680e+00
1.184700000000000000e+04,1.180742775584613158e+00
1.184800000000000000e+04,1.382397378847808334e+00
1.184900000000000000e+04,1.275689246358262086e+00
1.185000000000000000e+04,1.285567111313079769e+00
1.185100000000000000e+04,1.237471950336571203e+00
1.185200000000000000e+04,1.339902955109299354e+00
1.185300000000000000e+04,1.294677611539850393e+00
1.185400000000000000e+04,1.209771127813804803e+00
1.185500000000000000e+04,1.326348360139851801e+00
1.185600000000000000e+04,1.118333530437523704e+00
1.185700000000000000e+04,1.326869949296862972e+00
1.185800000000000000e+04,1.146818382561218375e+00
1.185900000000000000e+04,1.359654825609215578e+00
1.186000000000000000e+04,1.257959908249475012e+00
1.186100000000000000e+04,1.245137087064680737e+00
1.186200000000000000e+04,1.304563233246511578e+00
1.186300000000000000e+04,1.364792460259374618e+00
1.186400000000000000e+04,1.208990479602724655e+00
1.186500000000000000e+04,1.350474548521909623e+00
1.186600000000000000e+04,1.270334237001332411e+00
1.186700000000000000e+04,1.447275332363177291e+00
1.186800000000000000e+04,1.290603679979981600e+00
1.186900000000000000e+04,1.218727186607811541e+00
1.187000000000000000e+04,1.209418405480606529e+00
1.187100000000000000e+04,1.209491677428156775e+00
1.187200000000000000e+04,1.326713563353166814e+00
1.187300000000000000e+04,1.222036035559698419e+00
1.187400000000000000e+04,1.323663716302463156e+00
1.187500000000000000e+04,1.158334596438302944e+00
1.187600000000000000e+04,1.424930700363751690e+00
1.187700000000000000e+04,1.353866233487353909e+00
1.187800000000000000e+04,1.167786834540025076e+00
1.187900000000000000e+04,1.300978001871348599e+00
1.188000000000000000e+04,1.064199737082598185e+00
1.188100000000000000e+04,1.227404057134427573e+00
1.188200000000000000e+04,1.262295706909685178e+00
1.188300000000000000e+04,1.366800466951719528e+00
1.188400000000000000e+04,1.203113969141468509e+00
1.188500000000000000e+04,1.309115580303621185e+00
1.188600000000000000e+04,1.342569507638824655e+00
1.188700000000000000e+04,1.337383964485450605e+00
1.188800000000000000e+04,1.345677420362013432e+00
1.188900000000000000e+04,1.253810398183289765e+00
1.189000000000000000e+04,1.259539043858693086e+00
1.189100000000000000e+04,1.324470889267318929e+00
1.189200000000000000e+04,1.218108856906545689e+00
1.189300000000000000e+04,1.200610976149499853e+00
1.189400000000000000e+04,1.306361262372897292e+00
1.189500000000000000e+04,1.207138488081867855e+00
1.189600000000000000e+04,1.404024584897885397e+00
1.189700000000000000e+04,1.216840621488565866e+00
1.189800000000000000e+04,1.232759070020745362e+00
1.189900000000000000e+04,1.299830667359504366e+00
1.190000000000000000e+04,1.302748525772362109e+00
1.190100000000000000e+04,1.232950748718385725e+00
1.190200000000000000e+04,1.224304321899124526e+00
1.190300000000000000e+04,1.193070145081976730e+00
1.190400000000000000e+04,1.211362030204554019e+00
1.190500000000000000e+04,1.092303515259094526e+00
1.190600000000000000e+04,1.178976096532528883e+00
1.190700000000000000e+04,1.293262419541181263e+00
1.190800000000000000e+04,1.210412261121501798e+00
1.190900000000000000e+04,1.360795720021591659e+00
1.191000000000000000e+04,1.196507000588415082e+00
1.191100000000000000e+04,1.354824004459841857e+00
1.191200000000000000e+04,1.204516588702423840e+00
1.191300000000000000e+04,1.284265220851721345e+00
1.191400000000000000e+04,1.240241004757919097e+00
1.191500000000000000e+04,1.389072902316511815e+00
1.191600000000000000e+04,1.259724054009210947e+00
1.191700000000000000e+04,1.357349689971688145e+00
1.191800000000000000e+04,1.148415151108810095e+00
1.191900000000000000e+04,1.181434454428333503e+00
1.192000000000000000e+04,1.271934958495825718e+00
1.192100000000000000e+04,1.231322223102658597e+00
1.192200000000000000e+04,1.269364340018984905e+00
1.192300000000000000e+04,1.086686485158122162e+00
1.192400000000000000e+04,1.247332322387860737e+00
1.192500000000000000e+04,1.361933761076776550e+00
1.192600000000000000e+04,1.340625087813985594e+00
1.192700000000000000e+04,1.315927543135485767e+00
1.192800000000000000e+04,1.289607895420793682e+00
1.192900000000000000e+04,1.337218020982051669e+00
1.193000000000000000e+04,1.192605053336783127e+00
1.193100000000000000e+04,1.115656022477482745e+00
1.193200000000000000e+04,1.347818189991168536e+00
1.193300000000000000e+04,1.314809930804099691e+00
1.193400000000000000e+04,1.249840630798077612e+00
1.193500000000000000e+04,1.266509681006275256e+00
1.193600000000000000e+04,1.306093414560280941e+00
1.193700000000000000e+04,1.202953090291798643e+00
1.193800000000000000e+04,1.250703782313236090e+00
1.193900000000000000e+04,1.157808638183537520e+00
1.194000000000000000e+04,1.104835646607832844e+00
1.194100000000000000e+04,1.187699491166620325e+00
1.194200000000000000e+04,1.131139996782571266e+00
1.194300000000000000e+04,1.077628061675932170e+00
1.194400000000000000e+04,1.260352316066683853e+00
1.194500000000000000e+04,1.169006151151623873e+00
1.194600000000000000e+04,1.142264732559875595e+00
1.194700000000000000e+04,1.238129450918888930e+00
1.194800000000000000e+04,1.249224088327924864e+00
1.194900000000000000e+04,1.110455636877650587e+00
1.195000000000000000e+04,1.269154753575634009e+00
1.195100000000000000e+04,1.256070636138014507e+00
1.195200000000000000e+04,1.038474484145656573e+00
1.195300000000000000e+04,1.161545688726893566e+00
1.195400000000000000e+04,1.222052336862400557e+00
1.195500000000000000e+04,1.234211032418915943e+00
1.195600000000000000e+04,1.220451480820040180e+00
1.195700000000000000e+04,1.138287374590805978e+00
1.195800000000000000e+04,1.191100330532482765e+00
1.195900000000000000e+04,1.299024252551722380e+00
1.196000000000000000e+04,1.280824192918929683e+00
1.196100000000000000e+04,1.343317822479074275e+00
1.196200000000000000e+04,1.246630771158427242e+00
1.196300000000000000e+04,1.205408746796301278e+00
1.196400000000000000e+04,1.235233102081874090e+00
1.196500000000000000e+04,1.207319162083793529e+00
1.196600000000000000e+04,1.314298751347480643e+00
1.196700000000000000e+04,1.210409710179541021e+00
1.196800000000000000e+04,1.252628806938935302e+00
1.196900000000000000e+04,1.166004816120963739e+00
1.197000000000000000e+04,1.213255877628136137e+00
1.197100000000000000e+04,1.221009078792956615e+00
1.197200000000000000e+04,1.359891500140131937e+00
1.197300000000000000e+04,1.129024810766224851e+00
1.197400000000000000e+04,1.360250785917408223e+00
1.197500000000000000e+04,1.313732789617058527e+00
1.197600000000000000e+04,1.275810301270847269e+00
1.197700000000000000e+04,1.404989181093148298e+00
1.197800000000000000e+04,1.171662252024865847e+00
1.197900000000000000e+04,1.332600350120986654e+00
1.198000000000000000e+04,1.208331846858500702e+00
1.198100000000000000e+04,1.429800066513345236e+00
1.198200000000000000e+04,1.185968456229149259e+00
1.198300000000000000e+04,1.290384081298233454e+00
1.198400000000000000e+04,1.283164981508209568e+00
1.198500000000000000e+04,1.336655490329206719e+00
1.198600000000000000e+04,1.215270797405477721e+00
1.198700000000000000e+04,1.294820410117304643e+00
1.198800000000000000e+04,1.379985756733546287e+00
1.198900000000000000e+04,1.203190384033235416e+00
1.199000000000000000e+04,1.276879733607848566e+00
1.199100000000000000e+04,1.286119997262244796e+00
1.199200000000000000e+04,1.242090909997741743e+00
1.199300000000000000e+04,1.213546557985647034e+00
1.199400000000000000e+04,1.138956020803373992e+00
1.199500000000000000e+04,1.241013998524514772e+00
1.199600000000000000e+04,1.253698014614141654e+00
1.199700000000000000e+04,1.279089376306854042e+00
1.199800000000000000e+04,1.162883430172891641e+00
1.199900000000000000e+04,1.314761111477187550e+00
1.200000000000000000e+04,1.311930384039000863e+00
1.200100000000000000e+04,1.315780862450187438e+00
1.200200000000000000e+04,1.293710102533948358e+00
1.200300000000000000e+04,1.150120914316942189e+00
1.200400000000000000e+04,1.210384902428858434e+00
1.200500000000000000e+04,1.177518137127874676e+00
1.200600000000000000e+04,1.314371822497494513e+00
1.200700000000000000e+04,1.330695866876506983e+00
1.200800000000000000e+04,1.346813383280513365e+00
1.200900000000000000e+04,1.084624640798371731e+00
1.201000000000000000e+04,1.346993946390833363e+00
1.201100000000000000e+04,1.359657186957755615e+00
1.201200000000000000e+04,1.256139970961271057e+00
1.201300000000000000e+04,1.141985414354665052e+00
1.201400000000000000e+04,1.466348260869754005e+00
1.201500000000000000e+04,1.223692374457185261e+00
1.201600000000000000e+04,1.271004610375375155e+00
1.201700000000000000e+04,1.332698215020164056e+00
1.201800000000000000e+04,1.255614971853964423e+00
1.201900000000000000e+04,1.188047537749793436e+00
1.202000000000000000e+04,1.214136212120179970e+00
1.202100000000000000e+04,9.475393350980532148e-01
1.202200000000000000e+04,9.959519735671538143e-01
1.202300000000000000e+04,1.279120901541557220e+00
1.202400000000000000e+04,1.357881623899495516e+00
1.202500000000000000e+04,1.311506395400730884e+00
1.202600000000000000e+04,1.191300770230820261e+00
1.202700000000000000e+04,1.220241725475233352e+00
1.202800000000000000e+04,1.243577990527875432e+00
1.202900000000000000e+04,1.176111341852381864e+00
1.203000000000000000e+04,1.202254639505256018e+00
1.203100000000000000e+04,1.165598754436574458e+00
1.203200000000000000e+04,1.096423444020386384e+00
1.203300000000000000e+04,1.156229514369004452e+00
1.203400000000000000e+04,1.248045186953691710e+00
1.203500000000000000e+04,1.313227430464352530e+00
1.203600000000000000e+04,1.274076200018591010e+00
1.203700000000000000e+04,1.264983251496489158e+00
1.203800000000000000e+04,1.296608271344839691e+00
1.203900000000000000e+04,1.180956142229413475e+00
1.204000000000000000e+04,1.184320476883783835e+00
1.204100000000000000e+04,1.230629431251837325e+00
1.204200000000000000e+04,1.133051320413016816e+00
1.204300000000000000e+04,1.151295828656293541e+00
1.204400000000000000e+04,1.359278871351566664e+00
1.204500000000000000e+04,1.356588316960241292e+00
1.204600000000000000e+04,1.148333417615122309e+00
1.204700000000000000e+04,1.262696514342010801e+00
1.204800000000000000e+04,1.283981274052944821e+00
1.204900000000000000e+04,1.210958086791043664e+00
1.205000000000000000e+04,1.308446075261730845e+00
1.205100000000000000e+04,1.374398492013064077e+00
1.205200000000000000e+04,1.321883218478006938e+00
1.205300000000000000e+04,1.263932954358723215e+00
1.205400000000000000e+04,1.222190849444080740e+00
1.205500000000000000e+04,1.272154622425403447e+00
1.205600000000000000e+04,1.282744981624189817e+00
1.205700000000000000e+04,1.300606736544802189e+00
1.205800000000000000e+04,1.111584059244449252e+00
1.205900000000000000e+04,1.194530706891415939e+00
1.206000000000000000e+04,1.300399548815349471e+00
1.206100000000000000e+04,1.254681918561719955e+00
1.206200000000000000e+04,1.218101051103583243e+00
1.206300000000000000e+04,1.292554189427087774e+00
1.206400000000000000e+04,1.111628866814588390e+00
1.206500000000000000e+04,1.191004666582572424e+00
1.206600000000000000e+04,1.268937900116319906e+00
1.206700000000000000e+04,1.154602697239349052e+00
1.206800000000000000e+04,1.273971989303330998e+00
1.206900000000000000e+04,1.368900916784988375e+00
1.207000000000000000e+04,1.294999430252317341e+00
1.207100000000000000e+04,1.335672347276513516e+00
1.207200000000000000e+04,1.365540180662188963e+00
1.207300000000000000e+04,1.116459987671247989e+00
1.207400000000000000e+04,1.167985362678835015e+00
1.207500000000000000e+04,1.268722789812418927e+00
1.207600000000000000e+04,1.275096010890899967e+00
1.207700000000000000e+04,1.272107846907160500e+00
1.207800000000000000e+04,1.328939558150624700e+00
1.207900000000000000e+04,1.232695253709327421e+00
1.208000000000000000e+04,1.244216441472927315e+00
1.208100000000000000e+04,1.190772968478124971e+00
1.208200000000000000e+04,1.209548318734465111e+00
1.208300000000000000e+04,1.320694917820290915e+00
1.208400000000000000e+04,1.472671022617113135e+00
1.208500000000000000e+04,1.303442637835529938e+00
1.208600000000000000e+04,1.295275990282696910e+00
1.208700000000000000e+04,1.319660464386344989e+00
1.208800000000000000e+04,1.342138408949945960e+00
1.208900000000000000e+04,1.255979395426378487e+00
1.209000000000000000e+04,1.156869268846759224e+00
1.209100000000000000e+04,1.260682428779426933e+00
1.209200000000000000e+04,1.403629771014198280e+00
1.209300000000000000e+04,1.234339808900535296e+00
1.209400000000000000e+04,1.295902254053088010e+00
1.209500000000000000e+04,1.247024687846595814e+00
1.209600000000000000e+04,1.249993684919089132e+00
1.209700000000000000e+04,1.319270366477135026e+00
1.209800000000000000e+04,1.128800337363919937e+00
1.209900000000000000e+04,1.203773840867387479e+00
1.210000000000000000e+04,1.254891984959869644e+00
1.210100000000000000e+04,1.236829649564642253e+00
1.210200000000000000e+04,1.232709420202839024e+00
1.210300000000000000e+04,1.280461580708401659e+00
1.210400000000000000e+04,1.274030232374875116e+00
1.210500000000000000e+04,1.164298703033690874e+00
1.210600000000000000e+04,1.207347732862518619e+00
1.210700000000000000e+04,1.172732971700339633e+00
1.210800000000000000e+04,1.229999587075407019e+00
1.210900000000000000e+04,1.300790258363312857e+00
1.211000000000000000e+04,1.375978001128246753e+00
1.211100000000000000e+04,1.336624915479228237e+00
1.211200000000000000e+04,1.404146303520557026e+00
1.211300000000000000e+04,1.392624417881550114e+00
1.211400000000000000e+04,1.339446511875301837e+00
1.211500000000000000e+04,1.300436711424511227e+00
1.211600000000000000e+04,1.251303278870468327e+00
1.211700000000000000e+04,1.292536599009648901e+00
1.211800000000000000e+04,1.231420505174424251e+00
1.211900000000000000e+04,1.209674603257998138e+00
1.212000000000000000e+04,1.260913290690676369e+00
1.212100000000000000e+04,1.222530252610230184e+00
1.212200000000000000e+04,1.294074496704432420e+00
1.212300000000000000e+04,1.342824724724718477e+00
1.212400000000000000e+04,1.242067970178513781e+00
1.212500000000000000e+04,1.307212276072871049e+00
1.212600000000000000e+04,1.185421660046673376e+00
1.212700000000000000e+04,1.222626339364987658e+00
1.212800000000000000e+04,1.266324411380127524e+00
1.212900000000000000e+04,1.218323687027727642e+00
1.213000000000000000e+04,1.103458526114299509e+00
1.213100000000000000e+04,1.378384784722918255e+00
1.213200000000000000e+04,1.264514774932873342e+00
1.213300000000000000e+04,1.371401049542244621e+00
1.213400000000000000e+04,1.480047385814813543e+00
1.213500000000000000e+04,1.341618554039045286e+00
1.213600000000000000e+04,1.223762095028145147e+00
1.213700000000000000e+04,1.253814953063866477e+00
1.213800000000000000e+04,1.378018481490396852e+00
1.213900000000000000e+04,1.285889868203313968e+00
1.214000000000000000e+04,1.205273794500263618e+00
1.214100000000000000e+04,1.313261663612287355e+00
1.214200000000000000e+04,1.167849945395108557e+00
1.214300000000000000e+04,1.210587360651459443e+00
1.214400000000000000e+04,1.278829730558399991e+00
1.214500000000000000e+04,1.326862684073266241e+00
1.214600000000000000e+04,1.333537726973939241e+00
1.214700000000000000e+04,1.248532542590716110e+00
1.214800000000000000e+04,1.232840220974452894e+00
1.214900000000000000e+04,1.288694204930521447e+00
1.215000000000000000e+04,1.224725369271177255e+00
1.215100000000000000e+04,1.299422882443110661e+00
1.215200000000000000e+04,1.332643203627600581e+00
1.215300000000000000e+04,1.101922699094503688e+00
1.215400000000000000e+04,1.262429897338972484e+00
1.215500000000000000e+04,1.167124641580568278e+00
1.215600000000000000e+04,1.090368889968796440e+00
1.215700000000000000e+04,1.235611200246284236e+00
1.215800000000000000e+04,1.217353280388166148e+00
1.215900000000000000e+04,1.159327236364775082e+00
1.216000000000000000e+04,1.322167831799015314e+00
1.216100000000000000e+04,1.479798615575872001e+00
1.216200000000000000e+04,1.221473639238564779e+00
1.216300000000000000e+04,1.325671273484333668e+00
1.216400000000000000e+04,1.307552601185462127e+00
1.216500000000000000e+04,1.261564760804787078e+00
1.216600000000000000e+04,1.293215399465693416e+00
1.216700000000000000e+04,1.298700740557072297e+00
1.216800000000000000e+04,1.320801958047353564e+00
1.216900000000000000e+04,1.271823665266379466e+00
1.217000000000000000e+04,1.300364734892176077e+00
1.217100000000000000e+04,1.321449462902354322e+00
1.217200000000000000e+04,1.275914641870729671e+00
1.217300000000000000e+04,1.155098845055002377e+00
1.217400000000000000e+04,1.258937782367412828e+00
1.217500000000000000e+04,1.450258716452603514e+00
1.217600000000000000e+04,1.236902270273145144e+00
1.217700000000000000e+04,1.385150793110035750e+00
1.217800000000000000e+04,1.431004679517259293e+00
1.217900000000000000e+04,1.245401102437572849e+00
1.218000000000000000e+04,1.356283328720353065e+00
1.218100000000000000e+04,1.481464657526783801e+00
1.218200000000000000e+04,1.322199225342511886e+00
1.218300000000000000e+04,1.185019784717874058e+00
1.218400000000000000e+04,1.196867205955653102e+00
1.218500000000000000e+04,1.386913834615003616e+00
1.218600000000000000e+04,1.255758481365666812e+00
1.218700000000000000e+04,1.280818796156214745e+00
1.218800000000000000e+04,1.119099525098553372e+00
1.218900000000000000e+04,1.197652726315656668e+00
1.219000000000000000e+04,1.169162186837304773e+00
1.219100000000000000e+04,1.371805441892060884e+00
1.219200000000000000e+04,1.152208954158914667e+00
1.219300000000000000e+04,1.281741230688573152e+00
1.219400000000000000e+04,1.246847110177336848e+00
1.219500000000000000e+04,1.205574589326012136e+00
1.219600000000000000e+04,1.201867224339664864e+00
1.219700000000000000e+04,1.433532285822658459e+00
1.219800000000000000e+04,1.330310390010041033e+00
1.219900000000000000e+04,1.398361053923860675e+00
1.220000000000000000e+04,1.203333916832200590e+00
1.220100000000000000e+04,1.302455474224731624e+00
1.220200000000000000e+04,1.114171906811143087e+00
1.220300000000000000e+04,1.193563997740265670e+00
1.220400000000000000e+04,1.294756939848677346e+00
1.220500000000000000e+04,1.218277367392791577e+00
1.220600000000000000e+04,1.299790837581185521e+00
1.220700000000000000e+04,1.311015136925442581e+00
1.220800000000000000e+04,1.195646281589918036e+00
1.220900000000000000e+04,1.337117174866639724e+00
1.221000000000000000e+04,1.111222559772574892e+00
1.221100000000000000e+04,1.124940273019992887e+00
1.221200000000000000e+04,1.111332329709968425e+00
1.221300000000000000e+04,1.290786415230211759e+00
1.221400000000000000e+04,1.245165087463960152e+00
1.221500000000000000e+04,1.287312467691591689e+00
1.221600000000000000e+04,1.206014477148209307e+00
1.221700000000000000e+04,1.220091188380296288e+00
1.221800000000000000e+04,1.221799843131419427e+00
1.221900000000000000e+04,1.231211547613464630e+00
1.222000000000000000e+04,1.315798803745314771e+00
1.222100000000000000e+04,1.301943083774092402e+00
1.222200000000000000e+04,1.166695201702055318e+00
1.222300000000000000e+04,1.233296190805949877e+00
1.222400000000000000e+04,1.203830656933323473e+00
1.222500000000000000e+04,1.225143829790195982e+00
1.222600000000000000e+04,1.285424247643238482e+00
1.222700000000000000e+04,1.093400990356286684e+00
1.222800000000000000e+04,1.212656211174717225e+00
1.222900000000000000e+04,1.285282975471326639e+00
1.223000000000000000e+04,1.315149960333536816e+00
1.223100000000000000e+04,1.364258221068255450e+00
1.223200000000000000e+04,1.331471505157313606e+00
1.223300000000000000e+04,1.436485090788089281e+00
1.223400000000000000e+04,1.310122614897039517e+00
1.223500000000000000e+04,1.319309559374280516e+00
1.223600000000000000e+04,1.363197828081176954e+00
1.223700000000000000e+04,1.141155340037781851e+00
1.223800000000000000e+04,1.095871699093192042e+00
1.223900000000000000e+04,1.257517825729847161e+00
1.224000000000000000e+04,1.069494044278904932e+00
1.224100000000000000e+04,1.138234008222410054e+00
1.224200000000000000e+04,1.293868059738821685e+00
1.224300000000000000e+04,1.211589507242477604e+00
1.224400000000000000e+04,1.260472806152547864e+00
1.224500000000000000e+04,1.141649223098218480e+00
1.224600000000000000e+04,1.378000596539999068e+00
1.224700000000000000e+04,1.270448240568120779e+00
1.224800000000000000e+04,1.296962584788075246e+00
1.224900000000000000e+04,1.180181992738355001e+00
1.225000000000000000e+04,1.168127909907498596e+00
1.225100000000000000e+04,1.143753951630597010e+00
1.225200000000000000e+04,1.260913353923471592e+00
1.225300000000000000e+04,1.286822664813180639e+00
1.225400000000000000e+04,1.199466120437470806e+00
1.225500000000000000e+04,1.127864433240935549e+00
1.225600000000000000e+04,1.304611803831477346e+00
1.225700000000000000e+04,1.362135074795777223e+00
1.225800000000000000e+04,1.242033710676344604e+00
1.225900000000000000e+04,1.277196507186525887e+00
1.226000000000000000e+04,1.315203578156499242e+00
1.226100000000000000e+04,1.141217462752647904e+00
1.226200000000000000e+04,1.317768303739082603e+00
1.226300000000000000e+04,1.166249325939980874e+00
1.226400000000000000e+04,1.174597125881271298e+00
1.226500000000000000e+04,1.127110974201035676e+00
1.226600000000000000e+04,1.213488515234288911e+00
1.226700000000000000e+04,1.326843595316492319e+00
1.226800000000000000e+04,1.228938361682516911e+00
1.226900000000000000e+04,1.342748242534494763e+00
1.227000000000000000e+04,1.295416337075513402e+00
1.227100000000000000e+04,1.382994055856385573e+00
1.227200000000000000e+04,1.295751883975300833e+00
1.227300000000000000e+04,1.245601019660809161e+00
1.227400000000000000e+04,1.254992353783626502e+00
1.227500000000000000e+04,1.273640456188138037e+00
1.227600000000000000e+04,1.327610402274256529e+00
1.227700000000000000e+04,1.125187191945886234e+00
1.227800000000000000e+04,1.148383270946310430e+00
1.227900000000000000e+04,1.239963763342029068e+00
1.228000000000000000e+04,1.122081378157003373e+00
1.228100000000000000e+04,1.376239057860459303e+00
1.228200000000000000e+04,1.185600676441748380e+00
1.228300000000000000e+04,1.131348251860796905e+00
1.228400000000000000e+04,1.282170089163670035e+00
1.228500000000000000e+04,1.230212197536421304e+00
1.228600000000000000e+04,1.311840895688462849e+00
1.228700000000000000e+04,1.197133547701342282e+00
1.228800000000000000e+04,1.270511988952057525e+00
1.228900000000000000e+04,1.186610326300314044e+00
1.229000000000000000e+04,1.211998481569968256e+00
1.229100000000000000e+04,1.257272345840560801e+00
1.229200000000000000e+04,1.352508488650048246e+00
1.229300000000000000e+04,1.176316890262685710e+00
1.229400000000000000e+04,1.207926616781643148e+00
1.229500000000000000e+04,1.380376019959574707e+00
1.229600000000000000e+04,1.276119222662308594e+00
1.229700000000000000e+04,1.159070811695591008e+00
1.229800000000000000e+04,1.246025205507194977e+00
1.229900000000000000e+04,1.260719585554487265e+00
1.230000000000000000e+04,1.288016077172255525e+00
1.230100000000000000e+04,1.177801429375826769e+00
1.230200000000000000e+04,1.304253542940580823e+00
1.230300000000000000e+04,1.215795516214509098e+00
1.230400000000000000e+04,1.264301127419028337e+00
1.230500000000000000e+04,1.083267060272895543e+00
1.230600000000000000e+04,1.401157827763894526e+00
1.230700000000000000e+04,1.248797395039749514e+00
1.230800000000000000e+04,1.358481412349826112e+00
1.230900000000000000e+04,1.313504821339194661e+00
1.231000000000000000e+04,1.319375657469447294e+00
1.231100000000000000e+04,1.148370778146218907e+00
1.231200000000000000e+04,1.321566127145903380e+00
1.231300000000000000e+04,1.150715990189642213e+00
1.231400000000000000e+04,1.238171312212276165e+00
1.231500000000000000e+04,1.156756467261298216e+00
1.231600000000000000e+04,1.249455136745465822e+00
1.231700000000000000e+04,1.318953768784308256e+00
1.231800000000000000e+04,1.262684115099331317e+00
1.231900000000000000e+04,1.384000316530859198e+00
1.232000000000000000e+04,1.118250166610948115e+00
1.232100000000000000e+04,1.433224991425684713e+00
1.232200000000000000e+04,1.192215931721100297e+00
1.232300000000000000e+04,1.244107551460505556e+00
1.232400000000000000e+04,1.266892190234827131e+00
1.232500000000000000e+04,1.230599983741880399e+00
1.232600000000000000e+04,1.227049855469558137e+00
1.232700000000000000e+04,1.185019895690779590e+00
1.232800000000000000e+04,1.222128635689284204e+00
1.232900000000000000e+04,1.207500443057267780e+00
1.233000000000000000e+04,1.239614861799436474e+00
1.233100000000000000e+04,1.182429716400096087e+00
1.233200000000000000e+04,1.353916125673682469e+00
1.233300000000000000e+04,1.377718869440322402e+00
1.233400000000000000e+04,1.262903791900817696e+00
1.233500000000000000e+04,1.305008162343378464e+00
1.233600000000000000e+04,1.353529011432776041e+00
1.233700000000000000e+04,1.268307591355539277e+00
1.233800000000000000e+04,1.426509278861531005e+00
1.233900000000000000e+04,1.391462049169607029e+00
1.234000000000000000e+04,1.292560262502014501e+00
1.234100000000000000e+04,1.198790151734176135e+00
1.234200000000000000e+04,1.240354535217706111e+00
1.234300000000000000e+04,1.250986280229770875e+00
1.234400000000000000e+04,1.255438650602743955e+00
1.234500000000000000e+04,1.262908872770676094e+00
1.234600000000000000e+04,1.424122418512181909e+00
1.234700000000000000e+04,1.314461609745993576e+00
1.234800000000000000e+04,1.245547211342911131e+00
1.234900000000000000e+04,1.269813342734676942e+00
1.235000000000000000e+04,1.253546592357499767e+00
1.235100000000000000e+04,1.277091964419079906e+00
1.235200000000000000e+04,1.412603898834891236e+00
1.235300000000000000e+04,1.192602919948432261e+00
1.235400000000000000e+04,1.122977502672307004e+00
1.235500000000000000e+04,1.163156920810207273e+00
1.235600000000000000e+04,1.259674023385026098e+00
1.235700000000000000e+04,1.309580305286875967e+00
1.235800000000000000e+04,1.191352880281943971e+00
1.235900000000000000e+04,1.188615819702085297e+00
1.236000000000000000e+04,1.162960817654460577e+00
1.236100000000000000e+04,1.230920608514122216e+00
1.236200000000000000e+04,1.095806166894550682e+00
1.236300000000000000e+04,1.219714104835436297e+00
1.236400000000000000e+04,1.311856366433852061e+00
1.236500000000000000e+04,1.378631274075033497e+00
1.236600000000000000e+04,1.228057429522798838e+00
1.236700000000000000e+04,1.267260722845953147e+00
1.236800000000000000e+04,1.338567806929578996e+00
1.236900000000000000e+04,1.244297863387113345e+00
1.237000000000000000e+04,1.194101829170802764e+00
1.237100000000000000e+04,1.144937158784529396e+00
1.237200000000000000e+04,1.248069519821514373e+00
1.237300000000000000e+04,1.155756060743120539e+00
1.237400000000000000e+04,1.144416903508693517e+00
1.237500000000000000e+04,1.279960901242490845e+00
1.237600000000000000e+04,1.235191429075479519e+00
1.237700000000000000e+04,1.368830113397285109e+00
1.237800000000000000e+04,1.218299290541269286e+00
1.237900000000000000e+04,1.265530860324373119e+00
1.238000000000000000e+04,1.323306099975531280e+00
1.238100000000000000e+04,1.127856848066143947e+00
1.238200000000000000e+04,1.148651452223888647e+00
1.238300000000000000e+04,1.321823104173703634e+00
1.238400000000000000e+04,1.257005004798917192e+00
1.238500000000000000e+04,1.246504634144987023e+00
1.238600000000000000e+04,1.271368309133447561e+00
1.238700000000000000e+04,1.195484140076956914e+00
1.238800000000000000e+04,1.226919132087772812e+00
1.238900000000000000e+04,1.230857428225505368e+00
1.239000000000000000e+04,1.279086943461605452e+00
1.239100000000000000e+04,1.273683364742023372e+00
1.239200000000000000e+04,1.275940141047505749e+00
1.239300000000000000e+04,1.226737195947188441e+00
1.239400000000000000e+04,1.194332889124052555e+00
1.239500000000000000e+04,1.291955358153934252e+00
1.239600000000000000e+04,1.309298588379145922e+00
1.239700000000000000e+04,1.276217850885682292e+00
1.239800000000000000e+04,1.144495226169714996e+00
1.239900000000000000e+04,1.155671786524729461e+00
1.240000000000000000e+04,1.218776111163916598e+00
1.240100000000000000e+04,1.196376761261919608e+00
1.240200000000000000e+04,1.298585679153358319e+00
1.240300000000000000e+04,1.202572589669449021e+00
1.240400000000000000e+04,1.336877635197206260e+00
1.240500000000000000e+04,1.252930650318716088e+00
1.240600000000000000e+04,1.233029207269103811e+00
1.240700000000000000e+04,1.440693724620323968e+00
1.240800000000000000e+04,1.236969711461398447e+00
1.240900000000000000e+04,1.315820212770906217e+00
1.241000000000000000e+04,1.271496519426692062e+00
1.241100000000000000e+04,1.301311914778107370e+00
1.241200000000000000e+04,1.220079453218514631e+00
1.241300000000000000e+04,1.198657789543465801e+00
1.241400000000000000e+04,1.291075952745187827e+00
1.241500000000000000e+04,1.363762609267198833e+00
1.241600000000000000e+04,1.404921689980041188e+00
1.241700000000000000e+04,1.237310964612817088e+00
1.241800000000000000e+04,1.159846685556828350e+00
1.241900000000000000e+04,1.199176133548379042e+00
1.242000000000000000e+04,1.172146811581037396e+00
1.242100000000000000e+04,1.290597587873582919e+00
1.242200000000000000e+04,1.214214416314298051e+00
1.242300000000000000e+04,1.205877966737302076e+00
1.242400000000000000e+04,1.209600558503985068e+00
1.242500000000000000e+04,1.256785314524599739e+00
1.242600000000000000e+04,1.290509861565889649e+00
1.242700000000000000e+04,1.251409024411056725e+00
1.242800000000000000e+04,1.368551755763473876e+00
1.242900000000000000e+04,1.301083430140918651e+00
1.243000000000000000e+04,1.204000130925064083e+00
1.243100000000000000e+04,1.209073767855812997e+00
1.243200000000000000e+04,1.188241165953585199e+00
1.243300000000000000e+04,1.240422668950498686e+00
1.243400000000000000e+04,1.259370502403490688e+00
1.243500000000000000e+04,1.383873308331278196e+00
1.243600000000000000e+04,1.088670310377263473e+00
1.243700000000000000e+04,1.317831286538409419e+00
1.243800000000000000e+04,1.390817293852708803e+00
1.243900000000000000e+04,1.296087276791513476e+00
1.244000000000000000e+04,1.290289085183185858e+00
1.244100000000000000e+04,1.238960382417436001e+00
1.244200000000000000e+04,1.358988902791494757e+00
1.244300000000000000e+04,1.206008655178078204e+00
1.244400000000000000e+04,1.098083826671946150e+00
1.244500000000000000e+04,1.111139125776473335e+00
1.244600000000000000e+04,1.086689477793960190e+00
1.244700000000000000e+04,1.252857131236299715e+00
1.244800000000000000e+04,1.163578274194532858e+00
1.244900000000000000e+04,1.215614769248803295e+00
1.245000000000000000e+04,1.346123327894353849e+00
1.245100000000000000e+04,1.307590164018882728e+00
1.245200000000000000e+04,1.182551757619882293e+00
1.245300000000000000e+04,1.306769299004825635e+00
1.245400000000000000e+04,1.308538495925575695e+00
1.245500000000000000e+04,1.223403753577035014e+00
1.245600000000000000e+04,1.269912888199667300e+00
1.245700000000000000e+04,1.406290803591102367e+00
1.245800000000000000e+04,1.308132089529573827e+00
1.245900000000000000e+04,1.281503125552572842e+00
1.246000000000000000e+04,1.289202817470278095e+00
1.246100000000000000e+04,1.074125145090606415e+00
1.246200000000000000e+04,1.365870726745924912e+00
1.246300000000000000e+04,1.198065628988962183e+00
1.246400000000000000e+04,1.309480862758316988e+00
1.246500000000000000e+04,1.417554974686697999e+00
1.246600000000000000e+04,1.284307947974903996e+00
1.246700000000000000e+04,1.264863599675562389e+00
1.246800000000000000e+04,1.276503638040797250e+00
1.246900000000000000e+04,1.405184311697500021e+00
1.247000000000000000e+04,1.259013150426937067e+00
1.247100000000000000e+04,1.286776499696110188e+00
1.247200000000000000e+04,1.326569585234296911e+00
1.247300000000000000e+04,1.250661844552206414e+00
1.247400000000000000e+04,1.169886309681670289e+00
1.247500000000000000e+04,1.230530261394727987e+00
1.247600000000000000e+04,1.111409676164249349e+00
1.247700000000000000e+04,1.281456314577037903e+00
1.247800000000000000e+04,1.207838363388980651e+00
1.247900000000000000e+04,1.309998333324930098e+00
1.248000000000000000e+04,1.246599354753919586e+00
1.248100000000000000e+04,1.196656306345515786e+00
1.248200000000000000e+04,1.202829671423924163e+00
1.248300000000000000e+04,1.161750952142756477e+00
1.248400000000000000e+04,1.170819284594317278e+00
1.248500000000000000e+04,1.282589311606430194e+00
1.248600000000000000e+04,1.219206379080829628e+00
1.248700000000000000e+04,1.172144718806270802e+00
1.248800000000000000e+04,1.265891351793094977e+00
1.248900000000000000e+04,1.235176870315984665e+00
1.249000000000000000e+04,1.476666765756901256e+00
1.249100000000000000e+04,1.237086033718240552e+00
1.249200000000000000e+04,1.292244861520097876e+00
1.249300000000000000e+04,1.237445425221574302e+00
1.249400000000000000e+04,1.173663327352909125e+00
1.249500000000000000e+04,1.187177450387341793e+00
1.249600000000000000e+04,1.291694970178555169e+00
1.249700000000000000e+04,1.168420374001133855e+00
1.249800000000000000e+04,1.297978587128168604e+00
1.249900000000000000e+04,1.185952754452973545e+00
1.250000000000000000e+04,1.236664765893546569e+00
1.250100000000000000e+04,1.223777432689828748e+00
1.250200000000000000e+04,1.176193944719280404e+00
1.250300000000000000e+04,1.214105988179045248e+00
1.250400000000000000e+04,1.213720821063167810e+00
1.250500000000000000e+04,1.194633663610505714e+00
1.250600000000000000e+04,1.255496027480265120e+00
1.250700000000000000e+04,1.360218833109409609e+00
1.250800000000000000e+04,1.263889232219662428e+00
1.250900000000000000e+04,1.071673280591542099e+00
1.251000000000000000e+04,1.324642921112512139e+00
1.251100000000000000e+04,1.338517679925149251e+00
1.251200000000000000e+04,1.348158972255206089e+00
1.251300000000000000e+04,1.284373615660845847e+00
1.251400000000000000e+04,1.393650236200220549e+00
1.251500000000000000e+04,1.139380392917292539e+00
1.251600000000000000e+04,1.383874414968838673e+00
1.251700000000000000e+04,1.319298287974117079e+00
1.251800000000000000e+04,1.364516481550288152e+00
1.251900000000000000e+04,1.232909755716214750e+00
1.252000000000000000e+04,1.254006555539910917e+00
1.252100000000000000e+04,1.232411068574941426e+00
1.252200000000000000e+04,1.292226021238278344e+00
1.252300000000000000e+04,1.171969140566061052e+00
1.252400000000000000e+04,1.412311543605278885e+00
1.252500000000000000e+04,1.417701492596562751e+00
1.252600000000000000e+04,1.214418929175199002e+00
1.252700000000000000e+04,1.307965149267549920e+00
1.252800000000000000e+04,1.235168517017011913e+00
1.252900000000000000e+04,1.153228252413816213e+00
1.253000000000000000e+04,1.245919612891109418e+00
1.253100000000000000e+04,1.203924252828163288e+00
1.253200000000000000e+04,1.322496762235179535e+00
1.253300000000000000e+04,1.280251743417943233e+00
1.253400000000000000e+04,1.364735212688931609e+00
1.253500000000000000e+04,1.394160333163673604e+00
1.253600000000000000e+04,1.404299767046415903e+00
1.253700000000000000e+04,1.315659059741206116e+00
1.253800000000000000e+04,1.257840159677682701e+00
1.253900000000000000e+04,1.247764604020821677e+00
1.254000000000000000e+04,1.269059585392204204e+00
1.254100000000000000e+04,1.031006780832258718e+00
1.254200000000000000e+04,1.281288943917883616e+00
1.254300000000000000e+04,1.128518005132343127e+00
1.254400000000000000e+04,1.287190589995970802e+00
1.254500000000000000e+04,1.237003087293219172e+00
1.254600000000000000e+04,1.218438365934683798e+00
1.254700000000000000e+04,1.362648622664722309e+00
1.254800000000000000e+04,1.135472620405413302e+00
1.254900000000000000e+04,1.110565100070833422e+00
1.255000000000000000e+04,1.164483331455123949e+00
1.255100000000000000e+04,1.241333186908693875e+00
1.255200000000000000e+04,1.178427351154596847e+00
1.255300000000000000e+04,1.173594659336815837e+00
1.255400000000000000e+04,1.401605268524765080e+00
1.255500000000000000e+04,1.285031329598549821e+00
1.255600000000000000e+04,1.343953636172227517e+00
1.255700000000000000e+04,1.106024398254211505e+00
1.255800000000000000e+04,1.214431937013420670e+00
1.255900000000000000e+04,1.331285498154799907e+00
1.256000000000000000e+04,1.194591760405885106e+00
1.256100000000000000e+04,1.178770784226047752e+00
1.256200000000000000e+04,1.269864420444593911e+00
1.256300000000000000e+04,1.300578581920603494e+00
1.256400000000000000e+04,1.307743980174552068e+00
1.256500000000000000e+04,1.221066038983732893e+00
1.256600000000000000e+04,1.170295387253329267e+00
1.256700000000000000e+04,1.288558073081057076e+00
1.256800000000000000e+04,1.310206163606652208e+00
1.256900000000000000e+04,1.221981594057230724e+00
1.257000000000000000e+04,1.393660203190558500e+00
1.257100000000000000e+04,1.408753439513980688e+00
1.257200000000000000e+04,1.181350336374894283e+00
1.257300000000000000e+04,1.190543357968296023e+00
1.257400000000000000e+04,1.045164548002515570e+00
1.257500000000000000e+04,1.156803399994616344e+00
1.257600000000000000e+04,1.211452071365068273e+00
1.257700000000000000e+04,1.361044807521698763e+00
1.257800000000000000e+04,1.180374884148811532e+00
1.257900000000000000e+04,1.321935955632430826e+00
1.258000000000000000e+04,1.164446817137006152e+00
1.258100000000000000e+04,1.382340879970398007e+00
1.258200000000000000e+04,1.286122436620787512e+00
1.258300000000000000e+04,1.256564784530821210e+00
1.258400000000000000e+04,1.352001937109114316e+00
1.258500000000000000e+04,1.282684223186110195e+00
1.258600000000000000e+04,1.279416015606705592e+00
1.258700000000000000e+04,1.282354197577195487e+00
1.258800000000000000e+04,1.129606426270300723e+00
1.258900000000000000e+04,1.109139306652435986e+00
1.259000000000000000e+04,1.349529085187270105e+00
1.259100000000000000e+04,1.143898502063029010e+00
1.259200000000000000e+04,1.290545077724611245e+00
1.259300000000000000e+04,1.264873287892331666e+00
1.259400000000000000e+04,1.244228201108597220e+00
1.259500000000000000e+04,1.361966077978703726e+00
1.259600000000000000e+04,1.371047932179511042e+00
1.259700000000000000e+04,1.362633442062384459e+00
1.259800000000000000e+04,1.122137446664693616e+00
1.259900000000000000e+04,1.189470055906224122e+00
1.260000000000000000e+04,1.197340913422092701e+00
1.260100000000000000e+04,1.145921988556253046e+00
1.260200000000000000e+04,1.135843383128846362e+00
1.260300000000000000e+04,1.213791539229416294e+00
1.260400000000000000e+04,1.080685689181116071e+00
1.260500000000000000e+04,1.186380681644106039e+00
1.260600000000000000e+04,1.167333070042382737e+00
1.260700000000000000e+04,1.194707589047067753e+00
1.260800000000000000e+04,1.274210004337593904e+00
1.260900000000000000e+04,1.146896947143011491e+00
1.261000000000000000e+04,1.377748636463771437e+00
1.261100000000000000e+04,1.226191991303005491e+00
1.261200000000000000e+04,1.246278430596251541e+00
1.261300000000000000e+04,1.283813088156424032e+00
1.261400000000000000e+04,1.148278937653207210e+00
1.261500000000000000e+04,1.202871963859022397e+00
1.261600000000000000e+04,1.110933018235497283e+00
1.261700000000000000e+04,1.239424676420529670e+00
1.261800000000000000e+04,1.124648174771764264e+00
1.261900000000000000e+04,1.317452174594786030e+00
1.262000000000000000e+04,1.370983078496599283e+00
1.262100000000000000e+04,1.460263840609600239e+00
1.262200000000000000e+04,1.294104284539028704e+00
1.262300000000000000e+04,1.253914383017590728e+00
1.262400000000000000e+04,1.156944290438827183e+00
1.262500000000000000e+04,1.137176926276020517e+00
1.262600000000000000e+04,1.089969986902366683e+00
1.262700000000000000e+04,1.259035189024107826e+00
1.262800000000000000e+04,1.204041765713453449e+00
1.262900000000000000e+04,1.111479465141758771e+00
1.263000000000000000e+04,1.282029421081514631e+00
1.263100000000000000e+04,1.170800320685318141e+00
1.263200000000000000e+04,1.217244347323163556e+00
1.263300000000000000e+04,1.308595147037775686e+00
1.263400000000000000e+04,1.220510533463675440e+00
1.263500000000000000e+04,1.162021918625086192e+00
1.263600000000000000e+04,1.172335940208782290e+00
1.263700000000000000e+04,1.302791153744710551e+00
1.263800000000000000e+04,1.241079869322368134e+00
1.263900000000000000e+04,1.194648186486981567e+00
1.264000000000000000e+04,1.214416895188738632e+00
1.264100000000000000e+04,1.149187274752628385e+00
1.264200000000000000e+04,1.258739260310396846e+00
1.264300000000000000e+04,1.194991007315464371e+00
1.264400000000000000e+04,1.336614186279418526e+00
1.264500000000000000e+04,1.218806418935962865e+00
1.264600000000000000e+04,1.253329212315758445e+00
1.264700000000000000e+04,1.377398461369286231e+00
1.264800000000000000e+04,1.297483773026462783e+00
1.264900000000000000e+04,1.361251598396662876e+00
1.265000000000000000e+04,1.227718721794252676e+00
1.265100000000000000e+04,1.299704397912709641e+00
1.265200000000000000e+04,1.382612949143522618e+00
1.265300000000000000e+04,1.255114603570598453e+00
1.265400000000000000e+04,1.466113983484111039e+00
1.265500000000000000e+04,1.394565067883031251e+00
1.265600000000000000e+04,1.411382202280028864e+00
1.265700000000000000e+04,1.417958555816764443e+00
1.265800000000000000e+04,1.250169708586076567e+00
1.265900000000000000e+04,1.166670313430091310e+00
1.266000000000000000e+04,1.194910804248156433e+00
1.266100000000000000e+04,1.338389346416520631e+00
1.266200000000000000e+04,1.287528300471699305e+00
1.266300000000000000e+04,1.174410463933218463e+00
1.266400000000000000e+04,1.130650790726010158e+00
1.266500000000000000e+04,1.223664166750367377e+00
1.266600000000000000e+04,1.218455261784008314e+00
1.266700000000000000e+04,1.135624890116169405e+00
1.266800000000000000e+04,1.276886626450367768e+00
1.266900000000000000e+04,1.261833579504488378e+00
1.267000000000000000e+04,1.334919172747453864e+00
1.267100000000000000e+04,1.304010574928423871e+00
1.267200000000000000e+04,1.308022907326574336e+00
1.267300000000000000e+04,1.341052954814293763e+00
1.267400000000000000e+04,1.185372449662505323e+00
1.267500000000000000e+04,1.304409837243376113e+00
1.267600000000000000e+04,1.252513301485031150e+00
1.267700000000000000e+04,1.092844009231756841e+00
1.267800000000000000e+04,1.205259199720376984e+00
1.267900000000000000e+04,1.222470479302554924e+00
1.268000000000000000e+04,1.123798272968460799e+00
1.268100000000000000e+04,1.206445431042573180e+00
1.268200000000000000e+04,1.132447733375869792e+00
1.268300000000000000e+04,1.266574191905035285e+00
1.268400000000000000e+04,1.186284140520872166e+00
1.268500000000000000e+04,1.273526588825367734e+00
1.268600000000000000e+04,1.205591058216800127e+00
1.268700000000000000e+04,1.271326857405718602e+00
1.268800000000000000e+04,1.138268540114962146e+00
1.268900000000000000e+04,1.132851528881316128e+00
1.269000000000000000e+04,1.266011690666238865e+00
1.269100000000000000e+04,1.117805531457616075e+00
1.269200000000000000e+04,1.147457688799047748e+00
1.269300000000000000e+04,1.088624662226285400e+00
1.269400000000000000e+04,1.225772350806586308e+00
1.269500000000000000e+04,1.331641050424621442e+00
1.269600000000000000e+04,1.161745357505722387e+00
1.269700000000000000e+04,1.276438904804994445e+00
1.269800000000000000e+04,1.171251486058129343e+00
1.269900000000000000e+04,1.150088383824579674e+00
1.270000000000000000e+04,1.098485204870154108e+00
1.270100000000000000e+04,1.170336401945165639e+00
1.270200000000000000e+04,1.182783949164794013e+00
1.270300000000000000e+04,1.295603881305232408e+00
1.270400000000000000e+04,1.334926111359897360e+00
1.270500000000000000e+04,1.170111262447727452e+00
1.270600000000000000e+04,1.170925859124189783e+00
1.270700000000000000e+04,1.251566933097936207e+00
1.270800000000000000e+04,1.241791914260722551e+00
1.270900000000000000e+04,1.274128836276988697e+00
1.271000000000000000e+04,1.201983575026035256e+00
1.271100000000000000e+04,1.316919044699504493e+00
1.271200000000000000e+04,1.208387101054493096e+00
1.271300000000000000e+04,1.288154942842036244e+00
1.271400000000000000e+04,1.145904856470564281e+00
1.271500000000000000e+04,1.239169930465439329e+00
1.271600000000000000e+04,1.123106946134090567e+00
1.271700000000000000e+04,1.161926070097347274e+00
1.271800000000000000e+04,1.160092851794401136e+00
1.271900000000000000e+04,1.330453396327965443e+00
1.272000000000000000e+04,1.404814967306256435e+00
1.272100000000000000e+04,1.407794104012676017e+00
1.272200000000000000e+04,1.324436287009099988e+00
1.272300000000000000e+04,1.268463019909696010e+00
1.272400000000000000e+04,1.403580268348491256e+00
1.272500000000000000e+04,1.135857935930739693e+00
1.272600000000000000e+04,1.380066214150607928e+00
1.272700000000000000e+04,1.546681265851872045e+00
1.272800000000000000e+04,1.358919570604663729e+00
1.272900000000000000e+04,1.410125933895097550e+00
1.273000000000000000e+04,1.273314722231779994e+00
1.273100000000000000e+04,1.284536966980438732e+00
1.273200000000000000e+04,1.209247920927248199e+00
1.273300000000000000e+04,1.100962126311644695e+00
1.273400000000000000e+04,1.234954282130710235e+00
1.273500000000000000e+04,1.280306198632489734e+00
1.273600000000000000e+04,1.046366312227795969e+00
1.273700000000000000e+04,1.227348856519684395e+00
1.273800000000000000e+04,1.183588335967871163e+00
1.273900000000000000e+04,1.174419391054285944e+00
1.274000000000000000e+04,1.276132720047951530e+00
1.274100000000000000e+04,1.284848524564514483e+00
1.274200000000000000e+04,1.306406504867720475e+00
1.274300000000000000e+04,1.393555412079077849e+00
1.274400000000000000e+04,1.402333624823377756e+00
1.274500000000000000e+04,1.306103197845046360e+00
1.274600000000000000e+04,1.342559847065923240e+00
1.274700000000000000e+04,1.172472805926885409e+00
1.274800000000000000e+04,1.247265385435159413e+00
1.274900000000000000e+04,1.332551999456252911e+00
1.275000000000000000e+04,1.254962206375594302e+00
1.275100000000000000e+04,1.191341892558438254e+00
1.275200000000000000e+04,1.223178069941369239e+00
1.275300000000000000e+04,1.236085924124497915e+00
1.275400000000000000e+04,1.222570577908601130e+00
1.275500000000000000e+04,1.187027108998202074e+00
1.275600000000000000e+04,1.145141621677159272e+00
1.275700000000000000e+04,1.302273769940528236e+00
1.275800000000000000e+04,1.290234244818423193e+00
1.275900000000000000e+04,1.138009333733915884e+00
1.276000000000000000e+04,1.321445785139374385e+00
1.276100000000000000e+04,1.056525767720628783e+00
1.276200000000000000e+04,1.314497790085609852e+00
1.276300000000000000e+04,1.128390726005108924e+00
1.276400000000000000e+04,1.140588509120699756e+00
1.276500000000000000e+04,1.138539482863929031e+00
1.276600000000000000e+04,1.200361729564897173e+00
1.276700000000000000e+04,1.082059519361803890e+00
1.276800000000000000e+04,1.253752681829004789e+00
1.276900000000000000e+04,1.147784301872435853e+00
1.277000000000000000e+04,1.145956627570081210e+00
1.277100000000000000e+04,1.221374416173832689e+00
1.277200000000000000e+04,1.146678631307011420e+00
1.277300000000000000e+04,1.201866629380937024e+00
1.277400000000000000e+04,1.260226352090306090e+00
1.277500000000000000e+04,1.178249468063777172e+00
1.277600000000000000e+04,1.246686375262330282e+00
1.277700000000000000e+04,1.174001474381323407e+00
1.277800000000000000e+04,1.216658708631999986e+00
1.277900000000000000e+04,1.129613332340510867e+00
1.278000000000000000e+04,1.409942049912528139e+00
1.278100000000000000e+04,1.137055652638320868e+00
1.278200000000000000e+04,1.189875991255966658e+00
1.278300000000000000e+04,1.282523268943969397e+00
1.278400000000000000e+04,1.310674008206353713e+00
1.278500000000000000e+04,1.299587481330553462e+00
1.278600000000000000e+04,1.206826317128649073e+00
1.278700000000000000e+04,1.117293454432138677e+00
1.278800000000000000e+04,1.227155298713191955e+00
1.278900000000000000e+04,1.208040657796759509e+00
1.279000000000000000e+04,1.243471686431821377e+00
1.279100000000000000e+04,1.208061814391661049e+00
1.279200000000000000e+04,1.258172527350366998e+00
1.279300000000000000e+04,1.266703370084163449e+00
1.279400000000000000e+04,1.267388205673663837e+00
1.279500000000000000e+04,1.205834338396308603e+00
1.279600000000000000e+04,1.206925056151879616e+00
1.279700000000000000e+04,1.199737178449176378e+00
1.279800000000000000e+04,1.098752110511098889e+00
1.279900000000000000e+04,1.235723431971779140e+00
1.280000000000000000e+04,1.328532321056442589e+00
1.280100000000000000e+04,1.192150081964744146e+00
1.280200000000000000e+04,1.349118466642790226e+00
1.280300000000000000e+04,1.128298535001880154e+00
1.280400000000000000e+04,1.247627600969615003e+00
1.280500000000000000e+04,1.259978553813406954e+00
1.280600000000000000e+04,1.255648490975679543e+00
1.280700000000000000e+04,1.303846361362527961e+00
1.280800000000000000e+04,1.434368291716606514e+00
1.280900000000000000e+04,1.095397662544731698e+00
1.281000000000000000e+04,1.185485340077639949e+00
1.281100000000000000e+04,1.345809293045761690e+00
1.281200000000000000e+04,1.205657621434714111e+00
1.281300000000000000e+04,1.179497311286128225e+00
1.281400000000000000e+04,1.238047846133885521e+00
1.281500000000000000e+04,1.343044278879991449e+00
1.281600000000000000e+04,1.245942335532592704e+00
1.281700000000000000e+04,1.475751845961051023e+00
1.281800000000000000e+04,1.318127650351141433e+00
1.281900000000000000e+04,1.078460975862909788e+00
1.282000000000000000e+04,1.381250991064878031e+00
1.282100000000000000e+04,1.267260191387823198e+00
1.282200000000000000e+04,1.332974032038578560e+00
1.282300000000000000e+04,1.135103107144823209e+00
1.282400000000000000e+04,1.180307594585408015e+00
1.282500000000000000e+04,1.375533413696751639e+00
1.282600000000000000e+04,1.302527796045293007e+00
1.282700000000000000e+04,1.287102021699099597e+00
1.282800000000000000e+04,1.286171260356643531e+00
1.282900000000000000e+04,1.231674436241990467e+00
1.283000000000000000e+04,1.317715293402710985e+00
1.283100000000000000e+04,1.249387929264024644e+00
1.283200000000000000e+04,1.440816794488052777e+00
1.283300000000000000e+04,1.301612977901584367e+00
1.283400000000000000e+04,1.237394099623741583e+00
1.283500000000000000e+04,1.312343253263655862e+00
1.283600000000000000e+04,1.220046748716544505e+00
1.283700000000000000e+04,1.309142657791189990e+00
1.283800000000000000e+04,1.337490284672058438e+00
1.283900000000000000e+04,1.152791032683653905e+00
1.284000000000000000e+04,1.224756696010027568e+00
1.284100000000000000e+04,1.352833746111241853e+00
1.284200000000000000e+04,1.283941445412680959e+00
1.284300000000000000e+04,1.313581683372861075e+00
1.284400000000000000e+04,1.215216230868111813e+00
1.284500000000000000e+04,1.113763539692468996e+00
1.284600000000000000e+04,1.069643434967376239e+00
1.284700000000000000e+04,1.204542156955543009e+00
1.284800000000000000e+04,1.195948257122368297e+00
1.284900000000000000e+04,1.227356450771769802e+00
1.285000000000000000e+04,1.284533955534485017e+00
1.285100000000000000e+04,1.203571710153673591e+00
1.285200000000000000e+04,1.307417815870635991e+00
1.285300000000000000e+04,1.179749189380491448e+00
1.285400000000000000e+04,1.175756722141284349e+00
1.285500000000000000e+04,1.170695738548500620e+00
1.285600000000000000e+04,1.079825210970584148e+00
1.285700000000000000e+04,1.186091475143263407e+00
1.285800000000000000e+04,1.306913726206975657e+00
1.285900000000000000e+04,1.227367198418016780e+00
1.286000000000000000e+04,1.332535239599872190e+00
1.286100000000000000e+04,1.236906340143349325e+00
1.286200000000000000e+04,1.297903298722393073e+00
1.286300000000000000e+04,1.180808619116876734e+00
1.286400000000000000e+04,1.273139847495562638e+00
1.286500000000000000e+04,1.325068909213897195e+00
1.286600000000000000e+04,1.150065909648795071e+00
1.286700000000000000e+04,1.261378427384111989e+00
1.286800000000000000e+04,1.296244420188805480e+00
1.286900000000000000e+04,1.333755293149371246e+00
1.287000000000000000e+04,1.161121723957151852e+00
1.287100000000000000e+04,1.259284589561484813e+00
1.287200000000000000e+04,1.008759520995167192e+00
1.287300000000000000e+04,1.299735065162912706e+00
1.287400000000000000e+04,1.376764431955067591e+00
1.287500000000000000e+04,1.169291388579514424e+00
1.287600000000000000e+04,1.190951629262751554e+00
1.287700000000000000e+04,1.149444975835494542e+00
1.287800000000000000e+04,1.146886448969551164e+00
1.287900000000000000e+04,1.314989545628939993e+00
1.288000000000000000e+04,1.328433502141956879e+00
1.288100000000000000e+04,1.209831125084091408e+00
1.288200000000000000e+04,1.329190627392214497e+00
1.288300000000000000e+04,1.281311348843250819e+00
1.288400000000000000e+04,1.209952773646471469e+00
1.288500000000000000e+04,1.144910983277029670e+00
1.288600000000000000e+04,1.339124698196843211e+00
1.288700000000000000e+04,1.318802178840603245e+00
1.288800000000000000e+04,1.169367914367848815e+00
1.288900000000000000e+04,1.068887548391971087e+00
1.289000000000000000e+04,1.175866011799633792e+00
1.289100000000000000e+04,1.043126098117523881e+00
1.289200000000000000e+04,1.097622124641274066e+00
1.289300000000000000e+04,1.235976633490406762e+00
1.289400000000000000e+04,1.358952219637213910e+00
1.289500000000000000e+04,1.330249193570859134e+00
1.289600000000000000e+04,1.154805898187265978e+00
1.289700000000000000e+04,1.336393686714314910e+00
1.289800000000000000e+04,1.418284292079863285e+00
1.289900000000000000e+04,1.387610531191830088e+00
1.290000000000000000e+04,1.323334446740188852e+00
1.290100000000000000e+04,1.342511348712036590e+00
1.290200000000000000e+04,1.258940278221929443e+00
1.290300000000000000e+04,1.326958236080731712e+00
1.290400000000000000e+04,1.313618593699523940e+00
1.290500000000000000e+04,1.218157831889760345e+00
1.290600000000000000e+04,1.358355033217517160e+00
1.290700000000000000e+04,1.404822634273498849e+00
1.290800000000000000e+04,1.125542674080819872e+00
1.290900000000000000e+04,1.354080778605125213e+00
1.291000000000000000e+04,1.239258001372242068e+00
1.291100000000000000e+04,1.195201372530418249e+00
1.291200000000000000e+04,1.197903522879427252e+00
1.291300000000000000e+04,1.286151861864500923e+00
1.291400000000000000e+04,1.297050362048560057e+00
1.291500000000000000e+04,1.234281695479828578e+00
1.291600000000000000e+04,1.193225173156643670e+00
1.291700000000000000e+04,1.235358939041979021e+00
1.291800000000000000e+04,1.173825448675111627e+00
1.291900000000000000e+04,1.275410218987438338e+00
1.292000000000000000e+04,1.334102497523131481e+00
1.292100000000000000e+04,1.173724526016959535e+00
1.292200000000000000e+04,1.217422958979093028e+00
1.292300000000000000e+04,1.098144287289956056e+00
1.292400000000000000e+04,1.453448387291702337e+00
1.292500000000000000e+04,1.201600758147952641e+00
1.292600000000000000e+04,1.350585038180665221e+00
1.292700000000000000e+04,1.209611825367720161e+00
1.292800000000000000e+04,1.217085346086599573e+00
1.292900000000000000e+04,1.212925203850151235e+00
1.293000000000000000e+04,1.319015189775907038e+00
1.293100000000000000e+04,1.419828914893174643e+00
1.293200000000000000e+04,1.366291111819331494e+00
1.293300000000000000e+04,1.192737201512523937e+00
1.293400000000000000e+04,1.253786177935649393e+00
1.293500000000000000e+04,1.221946997169288895e+00
1.293600000000000000e+04,1.301429963152145763e+00
1.293700000000000000e+04,1.408262297866167412e+00
1.293800000000000000e+04,1.289687208024895559e+00
1.293900000000000000e+04,1.364489518339208063e+00
1.294000000000000000e+04,1.265183955727175569e+00
1.294100000000000000e+04,1.339161164099736956e+00
1.294200000000000000e+04,1.298502170366996555e+00
1.294300000000000000e+04,1.408886636338257725e+00
1.294400000000000000e+04,1.205576055385954914e+00
1.294500000000000000e+04,1.204892112277391014e+00
1.294600000000000000e+04,1.376345283509667228e+00
1.294700000000000000e+04,1.277894995179405191e+00
1.294800000000000000e+04,1.167092560452874794e+00
1.294900000000000000e+04,1.097020459471778064e+00
1.295000000000000000e+04,1.233269489680886455e+00
1.295100000000000000e+04,9.923350562368825623e-01
1.295200000000000000e+04,1.151899800529573747e+00
1.295300000000000000e+04,1.247813983451714348e+00
1.295400000000000000e+04,1.328444037189875138e+00
1.295500000000000000e+04,1.197537173272289923e+00
1.295600000000000000e+04,1.199947698109761207e+00
1.295700000000000000e+04,1.243675921707925625e+00
1.295800000000000000e+04,1.191970104682707809e+00
1.295900000000000000e+04,1.219028039880623693e+00
1.296000000000000000e+04,1.109242284908360077e+00
1.296100000000000000e+04,1.301964092147670060e+00
1.296200000000000000e+04,1.168880953370606823e+00
1.296300000000000000e+04,1.275277199099731584e+00
1.296400000000000000e+04,1.209165134229845284e+00
1.296500000000000000e+04,1.157935727959914729e+00
1.296600000000000000e+04,1.263137626273559411e+00
1.296700000000000000e+04,1.205773620500008025e+00
1.296800000000000000e+04,1.215921213280134694e+00
1.296900000000000000e+04,1.165373887148347887e+00
1.297000000000000000e+04,1.215711220571691120e+00
1.297100000000000000e+04,1.307638630792441248e+00
1.297200000000000000e+04,1.116909468453854526e+00
1.297300000000000000e+04,1.218105503596025763e+00
1.297400000000000000e+04,1.116219691294111804e+00
1.297500000000000000e+04,1.168985226367443842e+00
1.297600000000000000e+04,1.178649408014521782e+00
1.297700000000000000e+04,1.189763140169947553e+00
1.297800000000000000e+04,1.287560783939166065e+00
1.297900000000000000e+04,1.282121363228289956e+00
1.298000000000000000e+04,1.297585462248735277e+00
1.298100000000000000e+04,1.097955063197830539e+00
1.298200000000000000e+04,1.074639886925445431e+00
1.298300000000000000e+04,1.224849777492087677e+00
1.298400000000000000e+04,1.170116176013357601e+00
1.298500000000000000e+04,1.192982812865148734e+00
1.298600000000000000e+04,1.212897466494297305e+00
1.298700000000000000e+04,1.334864446692470175e+00
1.298800000000000000e+04,1.397744504306236424e+00
1.298900000000000000e+04,1.326106476630217745e+00
1.299000000000000000e+04,1.251810300075277382e+00
1.299100000000000000e+04,1.137426189496181905e+00
1.299200000000000000e+04,1.299318153764117412e+00
1.299300000000000000e+04,1.176957178151389671e+00
1.299400000000000000e+04,1.289055376657624485e+00
1.299500000000000000e+04,1.232274160532139673e+00
1.299600000000000000e+04,1.034890997048551364e+00
1.299700000000000000e+04,1.010576129324932682e+00
1.299800000000000000e+04,1.101071925768075221e+00
1.299900000000000000e+04,1.240058151917192486e+00
1.300000000000000000e+04,1.236415134305726138e+00
1.300100000000000000e+04,1.201542881806595853e+00
1.300200000000000000e+04,1.209299006925983688e+00
1.300300000000000000e+04,1.285551156040345866e+00
1.300400000000000000e+04,1.242353482255841080e+00
1.300500000000000000e+04,1.156921014504423306e+00
1.300600000000000000e+04,1.234096251809327915e+00
1.300700000000000000e+04,1.136678680377920747e+00
1.300800000000000000e+04,1.255702931179042858e+00
1.300900000000000000e+04,1.176796990892750694e+00
1.301000000000000000e+04,1.168370137773415918e+00
1.301100000000000000e+04,1.324459103100167789e+00
1.301200000000000000e+04,1.134077395952772349e+00
1.301300000000000000e+04,1.342286492330136749e+00
1.301400000000000000e+04,1.114097298061013319e+00
1.301500000000000000e+04,1.104354074588007384e+00
1.301600000000000000e+04,1.267725224088072089e+00
1.301700000000000000e+04,1.214471746955332110e+00
1.301800000000000000e+04,1.201433971946100909e+00
1.301900000000000000e+04,1.151608073560914214e+00
1.302000000000000000e+04,1.199336420790555691e+00
1.302100000000000000e+04,1.192898623269150526e+00
1.302200000000000000e+04,1.152699597938497744e+00
1.302300000000000000e+04,9.774794270257756157e-01
1.302400000000000000e+04,1.065664434524970616e+00
1.302500000000000000e+04,1.216954199239310030e+00
1.302600000000000000e+04,1.204408272898175758e+00
1.302700000000000000e+04,1.424448892360431040e+00
1.302800000000000000e+04,1.358511937100423062e+00
1.302900000000000000e+04,1.470824856815008408e+00
1.303000000000000000e+04,1.154698705388811364e+00
1.303100000000000000e+04,1.105576354142690620e+00
1.303200000000000000e+04,1.064627115052817485e+00
1.303300000000000000e+04,1.155075926383094753e+00
1.303400000000000000e+04,1.293770245816386888e+00
1.303500000000000000e+04,1.257249785697309052e+00
1.303600000000000000e+04,1.314296630997550341e+00
1.303700000000000000e+04,1.277907833296635820e+00
1.303800000000000000e+04,1.126206361839035441e+00
1.303900000000000000e+04,1.180996290625160761e+00
1.304000000000000000e+04,1.172332069590367176e+00
1.304100000000000000e+04,1.230695600614078566e+00
1.304200000000000000e+04,1.161951631274442676e+00
1.304300000000000000e+04,1.194604222963995488e+00
1.304400000000000000e+04,1.178369330015170968e+00
1.304500000000000000e+04,1.248719587186771340e+00
1.304600000000000000e+04,1.174175711532436273e+00
1.304700000000000000e+04,1.159465135534419877e+00
1.304800000000000000e+04,1.289885165796760269e+00
1.304900000000000000e+04,1.221254825638678820e+00
1.305000000000000000e+04,1.426248688896694317e+00
1.305100000000000000e+04,1.327212326971481948e+00
1.305200000000000000e+04,1.130384504019385838e+00
1.305300000000000000e+04,1.349479905588907291e+00
1.305400000000000000e+04,1.397952736533040863e+00
1.305500000000000000e+04,1.300223931471471861e+00
1.305600000000000000e+04,1.297930351572424312e+00
1.305700000000000000e+04,1.258753060162846049e+00
1.305800000000000000e+04,1.216756245541981807e+00
1.305900000000000000e+04,1.247659932490968737e+00
1.306000000000000000e+04,1.251910270221119115e+00
1.306100000000000000e+04,1.244843939104075536e+00
1.306200000000000000e+04,1.026003704222823831e+00
1.306300000000000000e+04,1.396421825231175085e+00
1.306400000000000000e+04,1.162479498544440659e+00
1.306500000000000000e+04,1.377682091188464408e+00
1.306600000000000000e+04,1.236449385903103826e+00
1.306700000000000000e+04,1.191841435489687573e+00
1.306800000000000000e+04,1.235666504117696407e+00
1.306900000000000000e+04,1.273974870743905585e+00
1.307000000000000000e+04,1.161848949065258374e+00
1.307100000000000000e+04,1.175759660252980732e+00
1.307200000000000000e+04,1.232048378023700597e+00
1.307300000000000000e+04,1.227380185098183141e+00
1.307400000000000000e+04,1.349848927888297911e+00
1.307500000000000000e+04,1.339690154395447808e+00
1.307600000000000000e+04,1.321531399209663116e+00
1.307700000000000000e+04,1.209616662692431399e+00
1.307800000000000000e+04,1.358041244171789730e+00
1.307900000000000000e+04,1.171476763059274395e+00
1.308000000000000000e+04,1.429822129624195304e+00
1.308100000000000000e+04,1.323052300647431734e+00
1.308200000000000000e+04,1.149114706699896793e+00
1.308300000000000000e+04,1.147645510359214915e+00
1.308400000000000000e+04,1.269326325074376483e+00
1.308500000000000000e+04,1.205447777323463088e+00
1.308600000000000000e+04,1.256683260000279301e+00
1.308700000000000000e+04,1.148053061063821323e+00
1.308800000000000000e+04,1.161312122251094259e+00
1.308900000000000000e+04,1.178422213395003970e+00
1.309000000000000000e+04,1.093521995576991701e+00
1.309100000000000000e+04,1.156662852476259440e+00
1.309200000000000000e+04,1.223270649841192714e+00
1.309300000000000000e+04,1.362326988036034248e+00
1.309400000000000000e+04,1.317652648221892209e+00
1.309500000000000000e+04,1.231209932140074237e+00
1.309600000000000000e+04,1.162034055461904858e+00
1.309700000000000000e+04,1.183775727657818910e+00
1.309800000000000000e+04,1.254205951076401648e+00
1.309900000000000000e+04,1.208298542494666172e+00
1.310000000000000000e+04,1.072733494644931174e+00
1.310100000000000000e+04,1.284175974246902774e+00
1.310200000000000000e+04,1.247410651306110285e+00
1.310300000000000000e+04,1.192868862449588452e+00
1.310400000000000000e+04,1.104055930299650434e+00
1.310500000000000000e+04,1.231491943387997834e+00
1.310600000000000000e+04,1.123296650704263655e+00
1.310700000000000000e+04,1.261817167004089413e+00
1.310800000000000000e+04,1.164478911105905956e+00
1.310900000000000000e+04,1.095078411394325713e+00
1.311000000000000000e+04,1.294990457152398244e+00
1.311100000000000000e+04,1.281339606498444361e+00
1.311200000000000000e+04,1.233496555094950597e+00
1.311300000000000000e+04,1.337830040384022867e+00
1.311400000000000000e+04,1.276528727675723118e+00
1.311500000000000000e+04,1.350370884071436794e+00
1.311600000000000000e+04,1.194566756851215494e+00
1.311700000000000000e+04,1.301810562450841369e+00
1.311800000000000000e+04,1.369544734557342380e+00
1.311900000000000000e+04,1.430489638797961760e+00
1.312000000000000000e+04,1.265120279790259206e+00
1.312100000000000000e+04,1.394468073132371533e+00
1.312200000000000000e+04,1.420962556878001770e+00
1.312300000000000000e+04,1.373241856027219043e+00
1.312400000000000000e+04,1.302027718592186911e+00
1.312500000000000000e+04,1.198145182833581845e+00
1.312600000000000000e+04,1.248085996370522199e+00
1.312700000000000000e+04,1.342770366140900729e+00
1.312800000000000000e+04,1.364969896403671834e+00
1.312900000000000000e+04,1.299137137199038339e+00
1.313000000000000000e+04,1.247497019970495558e+00
1.313100000000000000e+04,1.284126089827050787e+00
1.313200000000000000e+04,1.365144250783153268e+00
1.313300000000000000e+04,1.304994880407189806e+00
1.313400000000000000e+04,1.121152820502175018e+00
1.313500000000000000e+04,1.242184181526192699e+00
1.313600000000000000e+04,1.200828066449583842e+00
1.313700000000000000e+04,1.306226785900262088e+00
1.313800000000000000e+04,1.209710188622426186e+00
1.313900000000000000e+04,1.169777373876804250e+00
1.314000000000000000e+04,1.187476976176191412e+00
1.314100000000000000e+04,1.309169394931503971e+00
1.314200000000000000e+04,1.325404214314910289e+00
1.314300000000000000e+04,1.258587374340945031e+00
1.314400000000000000e+04,1.222585872759790693e+00
1.314500000000000000e+04,1.316277870053681243e+00
1.314600000000000000e+04,1.335613267119691416e+00
1.314700000000000000e+04,1.286746976848073265e+00
1.314800000000000000e+04,1.283677428017979238e+00
1.314900000000000000e+04,1.256957880167202779e+00
1.315000000000000000e+04,1.307588726232022935e+00
1.315100000000000000e+04,1.389059328584078656e+00
1.315200000000000000e+04,1.311097101503639673e+00
1.315300000000000000e+04,1.213930588739792427e+00
1.315400000000000000e+04,1.315763756022864994e+00
1.315500000000000000e+04,1.348233556773963837e+00
1.315600000000000000e+04,1.232496425467276113e+00
1.315700000000000000e+04,1.121984461220992824e+00
1.315800000000000000e+04,1.260276695691739945e+00
1.315900000000000000e+04,1.206862798004151527e+00
1.316000000000000000e+04,1.208055624013220752e+00
1.316100000000000000e+04,1.220786455113270996e+00
1.316200000000000000e+04,1.242379055967169021e+00
1.316300000000000000e+04,1.223183338434748357e+00
1.316400000000000000e+04,1.257647749011645333e+00
1.316500000000000000e+04,1.104353536635667821e+00
1.316600000000000000e+04,1.195110345668670915e+00
1.316700000000000000e+04,1.112936752593358447e+00
1.316800000000000000e+04,1.155972673987099464e+00
1.316900000000000000e+04,1.327603941432917933e+00
1.317000000000000000e+04,1.385114639546611404e+00
1.317100000000000000e+04,1.312072767878474266e+00
1.317200000000000000e+04,1.277975658439271633e+00
1.317300000000000000e+04,1.295809280950209752e+00
1.317400000000000000e+04,1.337909140428156007e+00
1.317500000000000000e+04,1.331141871156945822e+00
1.317600000000000000e+04,1.260070026432522861e+00
1.317700000000000000e+04,1.291382396101644403e+00
1.317800000000000000e+04,1.280778131265475572e+00
1.317900000000000000e+04,1.285799989342731431e+00
1.318000000000000000e+04,1.283812335636142388e+00
1.318100000000000000e+04,1.150232605595183699e+00
1.318200000000000000e+04,1.247034405584286798e+00
1.318300000000000000e+04,1.195319452552605854e+00
1.318400000000000000e+04,1.309609930138781131e+00
1.318500000000000000e+04,1.138230630720977077e+00
1.318600000000000000e+04,1.253188595675756467e+00
1.318700000000000000e+04,1.230281128609824082e+00
1.318800000000000000e+04,1.176673486320154893e+00
1.318900000000000000e+04,1.122248608596359665e+00
1.319000000000000000e+04,1.188246879129685851e+00
1.319100000000000000e+04,1.363663540132340035e+00
1.319200000000000000e+04,1.190659581024302804e+00
1.319300000000000000e+04,1.092706548369043018e+00
1.319400000000000000e+04,1.368364136913394313e+00
1.319500000000000000e+04,1.197419918463928035e+00
1.319600000000000000e+04,1.097210811309136558e+00
1.319700000000000000e+04,1.197160928289703774e+00
1.319800000000000000e+04,1.206844136112495525e+00
1.319900000000000000e+04,1.218508048484399531e+00
1.320000000000000000e+04,1.374623879728090747e+00
1.320100000000000000e+04,1.223322762337753833e+00
1.320200000000000000e+04,1.187399699276248333e+00
1.320300000000000000e+04,1.156770696942517995e+00
1.320400000000000000e+04,1.302832329815843293e+00
1.320500000000000000e+04,1.120224521441774534e+00
1.320600000000000000e+04,1.261716398969101816e+00
1.320700000000000000e+04,1.268473436012787836e+00
1.320800000000000000e+04,1.181598453050072273e+00
1.320900000000000000e+04,1.248226907624210291e+00
1.321000000000000000e+04,1.208897754070291874e+00
1.321100000000000000e+04,1.234346103769074388e+00
1.321200000000000000e+04,1.302468145815426581e+00
1.321300000000000000e+04,1.240276366722632639e+00
1.321400000000000000e+04,1.443039288086202188e+00
1.321500000000000000e+04,1.377943033515237170e+00
1.321600000000000000e+04,1.326001644886259045e+00
1.321700000000000000e+04,1.180280251286496496e+00
1.321800000000000000e+04,1.070230452024538259e+00
1.321900000000000000e+04,1.057518445814532138e+00
1.322000000000000000e+04,1.070876502279014764e+00
1.322100000000000000e+04,1.204451773907286860e+00
1.322200000000000000e+04,1.256760013145661770e+00
1.322300000000000000e+04,1.198664883275317949e+00
1.322400000000000000e+04,1.290372451789606467e+00
1.322500000000000000e+04,1.249084385621006543e+00
1.322600000000000000e+04,1.395595491085140472e+00
1.322700000000000000e+04,1.192246707536749550e+00
1.322800000000000000e+04,1.144700213116245369e+00
1.322900000000000000e+04,1.226139380754072805e+00
1.323000000000000000e+04,1.383794482837270801e+00
1.323100000000000000e+04,1.121283714242659268e+00
1.323200000000000000e+04,1.263871755163575639e+00
1.323300000000000000e+04,1.336185432655152772e+00
1.323400000000000000e+04,1.413320887593917830e+00
1.323500000000000000e+04,1.406130298657808364e+00
1.323600000000000000e+04,1.250488349855600756e+00
1.323700000000000000e+04,1.236940694776732075e+00
1.323800000000000000e+04,1.240571309565556835e+00
1.323900000000000000e+04,1.227852835973245682e+00
1.324000000000000000e+04,1.237661140110939195e+00
1.324100000000000000e+04,1.321736678233957907e+00
1.324200000000000000e+04,1.137902174623621976e+00
1.324300000000000000e+04,1.308371295229070030e+00
1.324400000000000000e+04,1.135445251896763708e+00
1.324500000000000000e+04,1.185980802866893669e+00
1.324600000000000000e+04,1.229955056210937814e+00
1.324700000000000000e+04,1.271126777893046844e+00
1.324800000000000000e+04,1.376207384772428988e+00
1.324900000000000000e+04,1.197142270701788469e+00
1.325000000000000000e+04,1.200885271696270351e+00
1.325100000000000000e+04,1.297463823064539445e+00
1.325200000000000000e+04,1.207017428979380691e+00
1.325300000000000000e+04,1.279253900362289365e+00
1.325400000000000000e+04,1.110456423841456930e+00
1.325500000000000000e+04,1.121877409490927402e+00
1.325600000000000000e+04,1.207497986746173257e+00
1.325700000000000000e+04,1.104776570233554578e+00
1.325800000000000000e+04,1.129245874624972279e+00
1.325900000000000000e+04,1.173469791653304561e+00
1.326000000000000000e+04,1.408509064970163926e+00
1.326100000000000000e+04,1.296281821531297007e+00
1.326200000000000000e+04,1.176131991201691651e+00
1.326300000000000000e+04,1.135677156230953777e+00
1.326400000000000000e+04,1.525722532586450297e+00
1.326500000000000000e+04,1.222051229437652875e+00
1.326600000000000000e+04,1.272697680597823400e+00
1.326700000000000000e+04,1.284256147620979949e+00
1.326800000000000000e+04,1.163476619648042831e+00
1.326900000000000000e+04,1.193686545388410458e+00
1.327000000000000000e+04,1.130616245717602331e+00
1.327100000000000000e+04,1.168479675587961397e+00
1.327200000000000000e+04,1.150723715697522076e+00
1.327300000000000000e+04,1.298838210831130047e+00
1.327400000000000000e+04,1.182413710212787183e+00
1.327500000000000000e+04,1.250827887331585897e+00
1.327600000000000000e+04,1.309329114274263128e+00
1.327700000000000000e+04,1.237160070437926418e+00
1.327800000000000000e+04,1.363605593066933519e+00
1.327900000000000000e+04,1.467762407768979482e+00
1.328000000000000000e+04,1.383580608698148140e+00
1.328100000000000000e+04,1.284093892513430868e+00
1.328200000000000000e+04,1.275637669338545166e+00
1.328300000000000000e+04,1.270359719223504991e+00
1.328400000000000000e+04,1.141017104292738837e+00
1.328500000000000000e+04,1.337881597565853342e+00
1.328600000000000000e+04,1.367163950051982546e+00
1.328700000000000000e+04,1.219114511883073293e+00
1.328800000000000000e+04,1.282345278659686505e+00
1.328900000000000000e+04,1.161713580055960149e+00
1.329000000000000000e+04,1.190512397043601567e+00
1.329100000000000000e+04,1.290099827951053157e+00
1.329200000000000000e+04,1.309538559158634152e+00
1.329300000000000000e+04,1.190262368680206961e+00
1.329400000000000000e+04,1.309024935182886207e+00
1.329500000000000000e+04,1.224999070301514559e+00
1.329600000000000000e+04,1.189587029395434259e+00
1.329700000000000000e+04,1.248285202603533373e+00
1.329800000000000000e+04,1.153174150643534457e+00
1.329900000000000000e+04,1.312703275920815482e+00
1.330000000000000000e+04,1.144219282660900561e+00
1.330100000000000000e+04,1.265272487505228360e+00
1.330200000000000000e+04,1.238211587507976219e+00
1.330300000000000000e+04,1.211623415674014215e+00
1.330400000000000000e+04,1.184082652076880349e+00
1.330500000000000000e+04,1.262299475019328154e+00
1.330600000000000000e+04,1.246876232720602440e+00
1.330700000000000000e+04,1.262522241961092639e+00
1.330800000000000000e+04,1.219316754441376327e+00
1.330900000000000000e+04,1.351834910064286799e+00
1.331000000000000000e+04,1.258776577085172654e+00
1.331100000000000000e+04,1.317360856919740142e+00
1.331200000000000000e+04,1.280776118351762971e+00
1.331300000000000000e+04,1.287820724474617373e+00
1.331400000000000000e+04,1.187950589513483868e+00
1.331500000000000000e+04,1.237132429044415005e+00
1.331600000000000000e+04,1.167271352653748595e+00
1.331700000000000000e+04,1.331881475069972343e+00
1.331800000000000000e+04,1.173860163396924783e+00
1.331900000000000000e+04,1.155749425476848335e+00
1.332000000000000000e+04,1.214136936840769287e+00
1.332100000000000000e+04,1.449417622055625632e+00
1.332200000000000000e+04,1.334609405283690098e+00
1.332300000000000000e+04,1.322277688633242132e+00
1.332400000000000000e+04,1.383054075199112498e+00
1.332500000000000000e+04,1.308415265135719041e+00
1.332600000000000000e+04,1.314407682204886241e+00
1.332700000000000000e+04,1.243214970424038501e+00
1.332800000000000000e+04,1.259603102585934442e+00
1.332900000000000000e+04,1.158383959744671454e+00
1.333000000000000000e+04,1.226489052307204286e+00
1.333100000000000000e+04,1.204289447921939038e+00
1.333200000000000000e+04,1.286228999697706321e+00
1.333300000000000000e+04,1.427578205409933076e+00
1.333400000000000000e+04,1.395660388216349634e+00
1.333500000000000000e+04,1.340767104142788213e+00
1.333600000000000000e+04,1.384998758912771688e+00
1.333700000000000000e+04,1.271505716304508482e+00
1.333800000000000000e+04,1.228398198182036216e+00
1.333900000000000000e+04,1.301592830199076456e+00
1.334000000000000000e+04,1.329986073414627601e+00
1.334100000000000000e+04,1.304490668122269215e+00
1.334200000000000000e+04,1.295637875618928403e+00
1.334300000000000000e+04,1.223669090276377824e+00
1.334400000000000000e+04,1.190046821941013855e+00
1.334500000000000000e+04,1.168603113812459293e+00
1.334600000000000000e+04,1.246176179290031660e+00
1.334700000000000000e+04,1.035183495135222120e+00
1.334800000000000000e+04,1.182924096372844902e+00
1.334900000000000000e+04,1.125140317274805346e+00
1.335000000000000000e+04,1.353122152370442643e+00
1.335100000000000000e+04,1.200504091203157486e+00
1.335200000000000000e+04,1.336882245107114953e+00
1.335300000000000000e+04,1.216788955578164355e+00
1.335400000000000000e+04,1.276625558976456132e+00
1.335500000000000000e+04,1.310475341607262978e+00
1.335600000000000000e+04,1.265942851229681532e+00
1.335700000000000000e+04,1.332894877050325722e+00
1.335800000000000000e+04,1.356300529299044433e+00
1.335900000000000000e+04,1.149998778257290910e+00
1.336000000000000000e+04,1.264896571822750726e+00
1.336100000000000000e+04,1.205822648976253797e+00
1.336200000000000000e+04,1.149520959926434660e+00
1.336300000000000000e+04,1.257785375147664864e+00
1.336400000000000000e+04,1.186008803543422863e+00
1.336500000000000000e+04,1.224651165905164651e+00
1.336600000000000000e+04,1.119490945902004153e+00
1.336700000000000000e+04,1.131301510443893710e+00
1.336800000000000000e+04,1.240330423649732561e+00
1.336900000000000000e+04,1.283720095702170161e+00
1.337000000000000000e+04,1.179458514098116195e+00
1.337100000000000000e+04,1.258793741189893733e+00
1.337200000000000000e+04,1.361815547807424531e+00
1.337300000000000000e+04,1.234334312049580440e+00
1.337400000000000000e+04,1.288193325929965827e+00
1.337500000000000000e+04,1.228051545648152443e+00
1.337600000000000000e+04,1.256485333281366801e+00
1.337700000000000000e+04,1.355457417448060919e+00
1.337800000000000000e+04,1.229013419172537702e+00
1.337900000000000000e+04,1.210013391103377911e+00
1.338000000000000000e+04,1.182253781668593851e+00
1.338100000000000000e+04,1.178561451690954831e+00
1.338200000000000000e+04,1.288268970653746903e+00
1.338300000000000000e+04,1.313445693305903550e+00
1.338400000000000000e+04,1.303745869062907792e+00
1.338500000000000000e+04,1.371196363382823913e+00
1.338600000000000000e+04,1.227889006441176711e+00
1.338700000000000000e+04,1.123336941255141941e+00
1.338800000000000000e+04,1.345286300672613233e+00
1.338900000000000000e+04,1.252902962047116153e+00
1.339000000000000000e+04,1.197387279586706210e+00
1.339100000000000000e+04,1.301792281961877684e+00
1.339200000000000000e+04,1.218515602035302958e+00
1.339300000000000000e+04,1.122873846006381182e+00
1.339400000000000000e+04,1.218433007118998379e+00
1.339500000000000000e+04,1.469950028127879893e+00
1.339600000000000000e+04,1.272641592403705779e+00
1.339700000000000000e+04,1.274117042256813104e+00
1.339800000000000000e+04,1.189434249272100619e+00
1.339900000000000000e+04,1.242249549249164309e+00
1.340000000000000000e+04,1.179447844607534268e+00
1.340100000000000000e+04,1.097832831122328434e+00
1.340200000000000000e+04,1.173533609663145905e+00
1.340300000000000000e+04,1.261546628926995206e+00
1.340400000000000000e+04,1.243025842796749769e+00
1.340500000000000000e+04,1.175656979585535833e+00
1.340600000000000000e+04,1.360964965602749377e+00
1.340700000000000000e+04,1.102493434284096185e+00
1.340800000000000000e+04,1.106718123793414943e+00
1.340900000000000000e+04,1.259588003002792167e+00
1.341000000000000000e+04,1.164535017488867785e+00
1.341100000000000000e+04,1.107705051833133947e+00
1.341200000000000000e+04,1.082719634099100992e+00
1.341300000000000000e+04,1.226775765654127159e+00
1.341400000000000000e+04,1.166468249444781113e+00
1.341500000000000000e+04,1.262832453647450892e+00
1.341600000000000000e+04,1.203646835939172322e+00
1.341700000000000000e+04,1.388438613619178197e+00
1.341800000000000000e+04,1.245843570656143040e+00
1.341900000000000000e+04,1.239510742572067503e+00
1.342000000000000000e+04,1.196257789458718745e+00
1.342100000000000000e+04,1.334560429497519740e+00
1.342200000000000000e+04,1.221882144256006386e+00
1.342300000000000000e+04,1.235580784653992792e+00
1.342400000000000000e+04,1.278001807291503367e+00
1.342500000000000000e+04,1.244352404514831534e+00
1.342600000000000000e+04,1.336543410793843867e+00
1.342700000000000000e+04,1.241641435824138107e+00
1.342800000000000000e+04,1.183045702213879391e+00
1.342900000000000000e+04,1.186103899367859871e+00
1.343000000000000000e+04,1.076140572756364655e+00
1.343100000000000000e+04,1.161055318115767676e+00
1.343200000000000000e+04,1.233536718818349476e+00
1.343300000000000000e+04,1.300864814021472027e+00
1.343400000000000000e+04,1.274475018917649694e+00
1.343500000000000000e+04,1.333049852362562904e+00
1.343600000000000000e+04,1.407902587912251535e+00
1.343700000000000000e+04,1.147322418992207327e+00
1.343800000000000000e+04,1.247552215476944060e+00
1.343900000000000000e+04,1.182351154041549002e+00
1.344000000000000000e+04,1.324233941758074407e+00
1.344100000000000000e+04,1.195773408305640384e+00
1.344200000000000000e+04,1.355115925833357604e+00
1.344300000000000000e+04,1.135586011482495161e+00
1.344400000000000000e+04,1.357946542976042448e+00
1.344500000000000000e+04,1.154695889068725334e+00
1.344600000000000000e+04,1.405022132898810616e+00
1.344700000000000000e+04,1.300577561833827112e+00
1.344800000000000000e+04,1.285588780152835620e+00
1.344900000000000000e+04,1.119888993308804981e+00
1.345000000000000000e+04,1.340000293501099282e+00
1.345100000000000000e+04,1.139800826097613351e+00
1.345200000000000000e+04,1.279211237641494137e+00
1.345300000000000000e+04,1.209132015621184664e+00
1.345400000000000000e+04,1.258606571967419541e+00
1.345500000000000000e+04,1.211945204546037713e+00
1.345600000000000000e+04,1.374217438502342237e+00
1.345700000000000000e+04,1.321304999807106251e+00
1.345800000000000000e+04,1.291894746577504582e+00
1.345900000000000000e+04,1.293904507920035307e+00
1.346000000000000000e+04,1.061603011225529691e+00
1.346100000000000000e+04,1.191378595359009473e+00
1.346200000000000000e+04,1.205773900631437412e+00
1.346300000000000000e+04,1.249607720965763891e+00
1.346400000000000000e+04,1.409957933092115701e+00
1.346500000000000000e+04,1.308352564327365464e+00
1.346600000000000000e+04,1.326299815049650777e+00
1.346700000000000000e+04,1.122833791898074862e+00
1.346800000000000000e+04,1.252952608349733099e+00
1.346900000000000000e+04,1.319459010393942755e+00
1.347000000000000000e+04,1.172936504048802897e+00
1.347100000000000000e+04,1.275552821191854092e+00
1.347200000000000000e+04,1.128447739480322953e+00
1.347300000000000000e+04,1.322924489142529803e+00
1.347400000000000000e+04,1.041899694501590368e+00
1.347500000000000000e+04,1.221286366104537668e+00
1.347600000000000000e+04,1.093993409398893668e+00
1.347700000000000000e+04,1.089063181697684790e+00
1.347800000000000000e+04,1.085056284817172312e+00
1.347900000000000000e+04,1.227421289020300010e+00
1.348000000000000000e+04,1.145869959982161568e+00
1.348100000000000000e+04,1.227844116791460660e+00
1.348200000000000000e+04,1.086630073815038289e+00
1.348300000000000000e+04,1.340643629998438113e+00
1.348400000000000000e+04,1.218314726422226046e+00
1.348500000000000000e+04,1.181133654108652786e+00
1.348600000000000000e+04,1.240845345605458672e+00
1.348700000000000000e+04,1.183925062667513517e+00
1.348800000000000000e+04,1.181359103986550751e+00
1.348900000000000000e+04,1.184757322720805472e+00
1.349000000000000000e+04,1.181931309002026032e+00
1.349100000000000000e+04,1.117871001153921018e+00
1.349200000000000000e+04,1.294279997400628490e+00
1.349300000000000000e+04,1.375874332473069339e+00
1.349400000000000000e+04,1.332275745872938622e+00
1.349500000000000000e+04,1.307170761036462459e+00
1.349600000000000000e+04,1.162122384581970591e+00
1.349700000000000000e+04,1.194051655689368996e+00
1.349800000000000000e+04,1.143068227341749843e+00
1.349900000000000000e+04,1.256768158820579906e+00
1.350000000000000000e+04,1.362630687502726090e+00
1.350100000000000000e+04,1.090124749478413646e+00
1.350200000000000000e+04,1.328111399945776316e+00
1.350300000000000000e+04,1.199163317197521561e+00
1.350400000000000000e+04,1.291368378235168368e+00
1.350500000000000000e+04,1.274879162922810671e+00
1.350600000000000000e+04,1.249908023930658585e+00
1.350700000000000000e+04,1.223831227904645491e+00
1.350800000000000000e+04,1.355086754364024593e+00
1.350900000000000000e+04,1.097927123363622082e+00
1.351000000000000000e+04,1.329982917187124691e+00
1.351100000000000000e+04,1.249061402622977601e+00
1.351200000000000000e+04,1.150059575152766689e+00
1.351300000000000000e+04,1.232512436637876352e+00
1.351400000000000000e+04,1.157048301078993591e+00
1.351500000000000000e+04,1.244716425115131919e+00
1.351600000000000000e+04,1.210288070508357183e+00
1.351700000000000000e+04,1.275437488045245704e+00
1.351800000000000000e+04,1.303340318007311094e+00
1.351900000000000000e+04,1.331823567417486087e+00
1.352000000000000000e+04,1.476736115499162949e+00
1.352100000000000000e+04,1.263908503328347033e+00
1.352200000000000000e+04,1.143833506537303535e+00
1.352300000000000000e+04,1.060591741463362103e+00
1.352400000000000000e+04,1.163345898652533128e+00
1.352500000000000000e+04,1.105704451768876551e+00
1.352600000000000000e+04,1.281561780385539473e+00
1.352700000000000000e+04,1.240475114119872657e+00
1.352800000000000000e+04,1.200862007674505350e+00
1.352900000000000000e+04,1.333619584272363712e+00
1.353000000000000000e+04,1.281101729732472494e+00
1.353100000000000000e+04,1.379542865463414092e+00
1.353200000000000000e+04,1.204712923012147163e+00
1.353300000000000000e+04,1.328356507492679084e+00
1.353400000000000000e+04,1.229265084399910446e+00
1.353500000000000000e+04,1.214014460091940917e+00
1.353600000000000000e+04,1.255978912005265791e+00
1.353700000000000000e+04,1.334713817705194261e+00
1.353800000000000000e+04,1.290631672112341866e+00
1.353900000000000000e+04,1.116194409180383040e+00
1.354000000000000000e+04,1.230226143819163509e+00
1.354100000000000000e+04,1.261653861331803128e+00
1.354200000000000000e+04,1.314271526666239698e+00
1.354300000000000000e+04,1.193051143506538070e+00
1.354400000000000000e+04,1.273644765929488720e+00
1.354500000000000000e+04,1.338353085162959699e+00
1.354600000000000000e+04,1.272472822888693234e+00
1.354700000000000000e+04,1.430228216777179595e+00
1.354800000000000000e+04,1.287862358722534184e+00
1.354900000000000000e+04,1.221226798429547067e+00
1.355000000000000000e+04,1.042774396742117693e+00
1.355100000000000000e+04,1.315807741046329804e+00
1.355200000000000000e+04,1.382739321920795517e+00
1.355300000000000000e+04,1.170849678374456637e+00
1.355400000000000000e+04,1.153417932882964125e+00
1.355500000000000000e+04,1.279499684683367944e+00
1.355600000000000000e+04,1.116124135073365942e+00
1.355700000000000000e+04,1.292282023514834677e+00
1.355800000000000000e+04,1.421987958180481515e+00
1.355900000000000000e+04,1.271214531922854052e+00
1.356000000000000000e+04,1.212938620033864767e+00
1.356100000000000000e+04,1.231951990673131547e+00
1.356200000000000000e+04,1.271814815776296737e+00
1.356300000000000000e+04,1.310294673107488039e+00
1.356400000000000000e+04,1.221389137749411269e+00
1.356500000000000000e+04,1.212283551476258436e+00
1.356600000000000000e+04,1.280733291511175764e+00
1.356700000000000000e+04,1.265980363541882037e+00
1.356800000000000000e+04,1.143636018282029543e+00
1.356900000000000000e+04,1.323394676793145264e+00
1.357000000000000000e+04,1.219130256846089111e+00
1.357100000000000000e+04,1.191231384843379759e+00
1.357200000000000000e+04,1.298270589500936767e+00
1.357300000000000000e+04,1.312341592007996161e+00
1.357400000000000000e+04,1.301070046867053076e+00
1.357500000000000000e+04,1.326087259080787728e+00
1.357600000000000000e+04,1.339264265867570414e+00
1.357700000000000000e+04,1.204275569758572528e+00
1.357800000000000000e+04,1.193255275790865877e+00
1.357900000000000000e+04,1.183783151283974711e+00
1.358000000000000000e+04,1.174786216877190981e+00
1.358100000000000000e+04,1.208556699054220251e+00
1.358200000000000000e+04,1.320782939679672641e+00
1.358300000000000000e+04,1.274417483067849854e+00
1.358400000000000000e+04,1.312620578039452868e+00
1.358500000000000000e+04,1.241810762684708358e+00
1.358600000000000000e+04,1.250675538253062102e+00
1.358700000000000000e+04,1.268011609961891439e+00
1.358800000000000000e+04,1.180928458303230233e+00
1.358900000000000000e+04,1.255126196855286036e+00
1.359000000000000000e+04,1.182761018048231305e+00
1.359100000000000000e+04,1.253817178058957094e+00
1.359200000000000000e+04,1.211272742804931912e+00
1.359300000000000000e+04,1.104107003779146723e+00
1.359400000000000000e+04,1.295578514159700934e+00
1.359500000000000000e+04,1.420112923331001475e+00
1.359600000000000000e+04,1.299663371442756121e+00
1.359700000000000000e+04,1.379547296849854332e+00
1.359800000000000000e+04,1.290566893133953119e+00
1.359900000000000000e+04,1.227060790487410458e+00
1.360000000000000000e+04,1.134152033705680296e+00
1.360100000000000000e+04,1.300073740457196037e+00
1.360200000000000000e+04,1.228502846665424642e+00
1.360300000000000000e+04,1.297930228853689805e+00
1.360400000000000000e+04,1.370696686015781207e+00
1.360500000000000000e+04,1.252512001030368527e+00
1.360600000000000000e+04,1.271148317232995151e+00
1.360700000000000000e+04,1.198327760819391408e+00
1.360800000000000000e+04,1.332478869833113144e+00
1.360900000000000000e+04,1.233380167271663330e+00
1.361000000000000000e+04,1.220793498678850453e+00
1.361100000000000000e+04,1.216051117269146609e+00
1.361200000000000000e+04,1.091067200637618972e+00
1.361300000000000000e+04,1.047599471687982398e+00
1.361400000000000000e+04,1.142250974713557410e+00
1.361500000000000000e+04,1.184603153498410055e+00
1.361600000000000000e+04,1.299048944061228950e+00
1.361700000000000000e+04,1.346840629374014942e+00
1.361800000000000000e+04,1.301216979631457438e+00
1.361900000000000000e+04,1.280456361019903788e+00
1.362000000000000000e+04,1.241471177385833791e+00
1.362100000000000000e+04,1.201012369492434839e+00
1.362200000000000000e+04,1.335964543567841556e+00
1.362300000000000000e+04,1.233811739354096604e+00
1.362400000000000000e+04,1.075407975906941260e+00
1.362500000000000000e+04,1.254307439413969494e+00
1.362600000000000000e+04,1.181283643190581101e+00
1.362700000000000000e+04,1.153995601165386908e+00
1.362800000000000000e+04,1.242587131905831255e+00
1.362900000000000000e+04,1.174438294759745371e+00
1.363000000000000000e+04,1.205899265679563293e+00
1.363100000000000000e+04,1.299674911527764598e+00
1.363200000000000000e+04,1.356284021059710465e+00
1.363300000000000000e+04,1.161183156795918103e+00
1.363400000000000000e+04,1.165855150494236048e+00
1.363500000000000000e+04,1.222405057779387239e+00
1.363600000000000000e+04,1.184302110020281296e+00
1.363700000000000000e+04,1.178610439513825270e+00
1.363800000000000000e+04,1.252650942571736037e+00
1.363900000000000000e+04,1.287115028944080253e+00
1.364000000000000000e+04,1.231441328140093994e+00
1.364100000000000000e+04,1.294858188993635251e+00
1.364200000000000000e+04,1.277364323766316145e+00
1.364300000000000000e+04,1.239083209675813091e+00
1.364400000000000000e+04,1.278601407571924753e+00
1.364500000000000000e+04,1.172209917812714997e+00
1.364600000000000000e+04,1.296708911687200594e+00
1.364700000000000000e+04,1.222511570588074914e+00
1.364800000000000000e+04,1.360539040536145938e+00
1.364900000000000000e+04,1.278181339629551827e+00
1.365000000000000000e+04,1.329550219613574003e+00
1.365100000000000000e+04,1.385753854082231173e+00
1.365200000000000000e+04,1.335683114772383995e+00
1.365300000000000000e+04,1.273894508547515958e+00
1.365400000000000000e+04,1.221173095001007125e+00
1.365500000000000000e+04,1.326720254406329236e+00
1.365600000000000000e+04,1.403444931980367461e+00
1.365700000000000000e+04,1.208002566473203476e+00
1.365800000000000000e+04,1.233393872492101195e+00
1.365900000000000000e+04,1.205428280838341637e+00
1.366000000000000000e+04,1.230556444936531157e+00
1.366100000000000000e+04,1.183055702450715785e+00
1.366200000000000000e+04,1.137123720430755602e+00
1.366300000000000000e+04,1.293540998023827715e+00
1.366400000000000000e+04,1.229158531475075478e+00
1.366500000000000000e+04,1.331527011699833229e+00
1.366600000000000000e+04,1.242591733692335998e+00
1.366700000000000000e+04,1.272996182670457888e+00
1.366800000000000000e+04,1.331674001359983928e+00
1.366900000000000000e+04,1.219147923865954830e+00
1.367000000000000000e+04,1.264073779476237780e+00
1.367100000000000000e+04,1.141859357971908073e+00
1.367200000000000000e+04,1.209045528947064740e+00
1.367300000000000000e+04,1.329276427985970566e+00
1.367400000000000000e+04,1.276765187538646984e+00
1.367500000000000000e+04,1.372661032359359989e+00
1.367600000000000000e+04,1.248281443269911861e+00
1.367700000000000000e+04,1.343189114766943471e+00
1.367800000000000000e+04,1.393216959681537581e+00
1.367900000000000000e+04,1.332483832785844369e+00
1.368000000000000000e+04,1.226024525615503125e+00
1.368100000000000000e+04,1.149281505602993914e+00
1.368200000000000000e+04,1.233234310744246276e+00
1.368300000000000000e+04,1.069988870463662201e+00
1.368400000000000000e+04,1.254155296697204935e+00
1.368500000000000000e+04,1.193944707437328612e+00
1.368600000000000000e+04,1.336984940831927426e+00
1.368700000000000000e+04,1.324043833443200313e+00
1.368800000000000000e+04,1.328996089569767225e+00
1.368900000000000000e+04,1.149649802265931164e+00
1.369000000000000000e+04,1.358507530691510645e+00
1.369100000000000000e+04,1.361451924956102122e+00
1.369200000000000000e+04,1.271067872520375897e+00
1.369300000000000000e+04,1.208989780450566043e+00
1.369400000000000000e+04,1.263885946749121691e+00
1.369500000000000000e+04,1.266505026543173207e+00
1.369600000000000000e+04,1.240807530795201119e+00
1.369700000000000000e+04,1.194489254910531262e+00
1.369800000000000000e+04,1.111438305034697205e+00
1.369900000000000000e+04,1.256760040935192002e+00
1.370000000000000000e+04,1.213212906599348218e+00
1.370100000000000000e+04,1.185070966027885087e+00
1.370200000000000000e+04,1.141941838377808160e+00
1.370300000000000000e+04,1.209602669324462587e+00
1.370400000000000000e+04,1.209323292185235710e+00
1.370500000000000000e+04,1.191383156157039158e+00
1.370600000000000000e+04,1.193541333311214592e+00
1.370700000000000000e+04,1.100974431154738031e+00
1.370800000000000000e+04,1.162533205709721740e+00
1.370900000000000000e+04,1.155341866250688021e+00
1.371000000000000000e+04,1.462330917165935329e+00
1.371100000000000000e+04,1.269426598393293304e+00
1.371200000000000000e+04,1.096940864802082416e+00
1.371300000000000000e+04,1.288054587104602078e+00
1.371400000000000000e+04,1.246432058982881230e+00
1.371500000000000000e+04,1.031666827000502051e+00
1.371600000000000000e+04,1.156090022875263301e+00
1.371700000000000000e+04,1.265396621232693919e+00
1.371800000000000000e+04,1.207933092638220351e+00
1.371900000000000000e+04,1.286755024651198953e+00
1.372000000000000000e+04,1.229871707138763925e+00
1.372100000000000000e+04,1.221997393219498962e+00
1.372200000000000000e+04,1.198462476293195245e+00
1.372300000000000000e+04,1.290679455834493838e+00
1.372400000000000000e+04,1.066532482128193404e+00
1.372500000000000000e+04,1.321528640728191872e+00
1.372600000000000000e+04,1.231055676984909919e+00
1.372700000000000000e+04,1.200635653620940824e+00
1.372800000000000000e+04,1.220894658156540746e+00
1.372900000000000000e+04,1.220812526979716539e+00
1.373000000000000000e+04,1.143846762551712359e+00
1.373100000000000000e+04,1.227154027080338938e+00
1.373200000000000000e+04,1.251869430938224115e+00
1.373300000000000000e+04,1.321824384628619509e+00
1.373400000000000000e+04,1.240191073386288645e+00
1.373500000000000000e+04,1.184233639244329783e+00
1.373600000000000000e+04,1.180500855093266521e+00
1.373700000000000000e+04,1.249172382907499212e+00
1.373800000000000000e+04,1.297521485557844523e+00
1.373900000000000000e+04,1.214471054145757067e+00
1.374000000000000000e+04,1.276799811036602783e+00
1.374100000000000000e+04,1.139028546566307698e+00
1.374200000000000000e+04,1.215908779699563347e+00
1.374300000000000000e+04,1.342075740354666147e+00
1.374400000000000000e+04,1.486575480276569827e+00
1.374500000000000000e+04,1.299159330374286325e+00
1.374600000000000000e+04,1.234059129210120176e+00
1.374700000000000000e+04,1.082305159980095244e+00
1.374800000000000000e+04,1.246165597555084492e+00
1.374900000000000000e+04,1.132077216330179104e+00
1.375000000000000000e+04,1.305683804105501666e+00
1.375100000000000000e+04,1.289750681879747063e+00
1.375200000000000000e+04,1.261671244421092020e+00
1.375300000000000000e+04,1.326932620717456768e+00
1.375400000000000000e+04,1.141247523470388492e+00
1.375500000000000000e+04,1.208915389518417705e+00
1.375600000000000000e+04,1.031048585509892757e+00
1.375700000000000000e+04,1.184621183111496556e+00
1.375800000000000000e+04,1.150572592711942566e+00
1.375900000000000000e+04,1.370085457170221899e+00
1.376000000000000000e+04,1.394507228686344469e+00
1.376100000000000000e+04,1.197929637555174232e+00
1.376200000000000000e+04,1.336786015420869722e+00
1.376300000000000000e+04,1.247554708667458323e+00
1.376400000000000000e+04,1.255335532476148375e+00
1.376500000000000000e+04,1.282563435761200799e+00
1.376600000000000000e+04,1.173950092388664324e+00
1.376700000000000000e+04,1.312357353536435012e+00
1.376800000000000000e+04,1.195628388966843980e+00
1.376900000000000000e+04,1.147608804837113583e+00
1.377000000000000000e+04,1.088180993436969279e+00
1.377100000000000000e+04,1.435894581057764796e+00
1.377200000000000000e+04,1.166319293268960111e+00
1.377300000000000000e+04,1.110022374383506927e+00
1.377400000000000000e+04,1.204435218345530467e+00
1.377500000000000000e+04,1.062940803735390904e+00
1.377600000000000000e+04,1.235257930281671301e+00
1.377700000000000000e+04,1.308795662999599818e+00
1.377800000000000000e+04,1.259584505989819414e+00
1.377900000000000000e+04,1.303395471361858959e+00
1.378000000000000000e+04,1.197693816419608703e+00
1.378100000000000000e+04,1.210933911169451704e+00
1.378200000000000000e+04,1.362325758270472642e+00
1.378300000000000000e+04,1.274377787661105099e+00
1.378400000000000000e+04,1.387726491351886748e+00
1.378500000000000000e+04,1.250648817819825620e+00
1.378600000000000000e+04,1.334570134460418389e+00
1.378700000000000000e+04,1.241309534093426148e+00
1.378800000000000000e+04,1.157490000939645602e+00
1.378900000000000000e+04,1.247516946630126800e+00
1.379000000000000000e+04,1.292475204601250205e+00
1.379100000000000000e+04,1.415730621885378460e+00
1.379200000000000000e+04,1.369922164281864641e+00
1.379300000000000000e+04,1.308948886507862452e+00
1.379400000000000000e+04,1.276200535285026971e+00
1.379500000000000000e+04,1.220507706590063579e+00
1.379600000000000000e+04,1.443415504354806034e+00
1.379700000000000000e+04,1.317212637932493990e+00
1.379800000000000000e+04,1.275936080556034691e+00
1.379900000000000000e+04,1.302600245584340621e+00
1.380000000000000000e+04,1.367237872669480936e+00
1.380100000000000000e+04,1.269206905347432413e+00
1.380200000000000000e+04,1.302318398557416268e+00
1.380300000000000000e+04,1.235316084032939354e+00
1.380400000000000000e+04,1.223855074094780226e+00
1.380500000000000000e+04,1.346325279550710796e+00
1.380600000000000000e+04,1.418576775850407534e+00
1.380700000000000000e+04,1.206213706866914315e+00
1.380800000000000000e+04,1.220020203124044800e+00
1.380900000000000000e+04,1.229029129927722286e+00
1.381000000000000000e+04,1.210131328470611889e+00
1.381100000000000000e+04,1.264144894287665855e+00
1.381200000000000000e+04,1.280272005697746573e+00
1.381300000000000000e+04,1.148527754371371223e+00
1.381400000000000000e+04,1.312129801340051971e+00
1.381500000000000000e+04,1.269433604343603417e+00
1.381600000000000000e+04,1.402506916029817807e+00
1.381700000000000000e+04,1.176332592482575601e+00
1.381800000000000000e+04,1.294243228877035801e+00
1.381900000000000000e+04,1.213485985952043045e+00
1.382000000000000000e+04,1.256234258787179758e+00
1.382100000000000000e+04,1.214481764956812482e+00
1.382200000000000000e+04,1.211015775261759853e+00
1.382300000000000000e+04,1.100018856178045512e+00
1.382400000000000000e+04,1.182006747997365936e+00
1.382500000000000000e+04,1.078583018876970945e+00
1.382600000000000000e+04,1.195975214295465161e+00
1.382700000000000000e+04,1.254208573677002558e+00
1.382800000000000000e+04,1.264262261048348712e+00
1.382900000000000000e+04,1.242249833399689418e+00
1.383000000000000000e+04,1.298712778116145161e+00
1.383100000000000000e+04,1.242331795299570718e+00
1.383200000000000000e+04,1.240265252510682981e+00
1.383300000000000000e+04,1.180780585159902696e+00
1.383400000000000000e+04,1.267725818852424524e+00
1.383500000000000000e+04,1.129305511353142499e+00
1.383600000000000000e+04,1.062289737767375897e+00
1.383700000000000000e+04,1.172951392652409552e+00
1.383800000000000000e+04,1.144038614641577301e+00
1.383900000000000000e+04,1.093893027762891101e+00
1.384000000000000000e+04,1.275405552637568718e+00
1.384100000000000000e+04,1.274433971565602342e+00
1.384200000000000000e+04,1.280492098377559618e+00
1.384300000000000000e+04,1.381966252829586184e+00
1.384400000000000000e+04,1.307465001525735193e+00
1.384500000000000000e+04,1.022923300136930447e+00
1.384600000000000000e+04,1.309379337948735511e+00
1.384700000000000000e+04,1.350205063546881856e+00
1.384800000000000000e+04,1.316121547212862453e+00
1.384900000000000000e+04,1.224846478977687170e+00
1.385000000000000000e+04,1.210495090032484011e+00
1.385100000000000000e+04,1.333599753515245290e+00
1.385200000000000000e+04,1.262800467296762985e+00
1.385300000000000000e+04,1.266409198626671673e+00
1.385400000000000000e+04,1.263773624217767511e+00
1.385500000000000000e+04,1.384741934290018461e+00
1.385600000000000000e+04,1.237657409718786905e+00
1.385700000000000000e+04,1.131983493443398991e+00
1.385800000000000000e+04,1.223019656399551236e+00
1.385900000000000000e+04,1.114396733935105521e+00
1.386000000000000000e+04,1.239540247439662624e+00
1.386100000000000000e+04,1.257289760045995353e+00
1.386200000000000000e+04,1.268800443479863871e+00
1.386300000000000000e+04,1.346689180173475942e+00
1.386400000000000000e+04,1.361535636983099984e+00
1.386500000000000000e+04,1.178011412037985872e+00
1.386600000000000000e+04,1.225293445993180574e+00
1.386700000000000000e+04,1.196167272997668896e+00
1.386800000000000000e+04,1.211822672633809272e+00
1.386900000000000000e+04,1.352629939964247185e+00
1.387000000000000000e+04,1.192526118987770500e+00
1.387100000000000000e+04,1.296716612524765111e+00
1.387200000000000000e+04,1.231662153485650890e+00
1.387300000000000000e+04,1.262874965532348792e+00
1.387400000000000000e+04,1.310141761465853039e+00
1.387500000000000000e+04,1.332249624508940800e+00
1.387600000000000000e+04,1.272393209511532453e+00
1.387700000000000000e+04,1.341397113623441051e+00
1.387800000000000000e+04,1.255414951659861167e+00
1.387900000000000000e+04,1.291910327631659472e+00
1.388000000000000000e+04,1.309964336195510226e+00
1.388100000000000000e+04,1.277539671093538498e+00
1.388200000000000000e+04,1.333888823843511595e+00
1.388300000000000000e+04,1.221153162630870259e+00
1.388400000000000000e+04,1.197425591626746444e+00
1.388500000000000000e+04,1.277540546875985283e+00
1.388600000000000000e+04,1.188101582787930877e+00
1.388700000000000000e+04,1.067503217589319986e+00
1.388800000000000000e+04,1.115838077443711107e+00
1.388900000000000000e+04,1.236876549945617576e+00
1.389000000000000000e+04,1.251137638986244305e+00
1.389100000000000000e+04,1.172816900012453534e+00
1.389200000000000000e+04,1.168612758773493576e+00
1.389300000000000000e+04,1.112299273007064659e+00
1.389400000000000000e+04,1.306450901901183403e+00
1.389500000000000000e+04,1.336456355446812294e+00
1.389600000000000000e+04,1.318602733098668933e+00
1.389700000000000000e+04,1.346633366864083081e+00
1.389800000000000000e+04,1.226727508084865637e+00
1.389900000000000000e+04,1.308013397629743002e+00
1.390000000000000000e+04,1.189315317333943023e+00
1.390100000000000000e+04,1.197892660103389018e+00
1.390200000000000000e+04,1.217074045893014711e+00
1.390300000000000000e+04,1.198384754143685837e+00
1.390400000000000000e+04,1.186720403178440408e+00
1.390500000000000000e+04,1.393710210002657268e+00
1.390600000000000000e+04,1.321555690426421403e+00
1.390700000000000000e+04,1.303440598597593647e+00
1.390800000000000000e+04,1.266716354355141183e+00
1.390900000000000000e+04,1.276936446440207762e+00
1.391000000000000000e+04,1.295015380897303503e+00
1.391100000000000000e+04,1.412548062977902141e+00
1.391200000000000000e+04,1.375122176848323718e+00
1.391300000000000000e+04,1.186966525116786464e+00
1.391400000000000000e+04,1.161400269916792460e+00
1.391500000000000000e+04,1.278329353667719381e+00
1.391600000000000000e+04,1.347978310764969434e+00
1.391700000000000000e+04,1.122285104730093908e+00
1.391800000000000000e+04,1.360566394779541000e+00
1.391900000000000000e+04,1.314525104779272979e+00
1.392000000000000000e+04,1.313541847636892745e+00
1.392100000000000000e+04,1.356193236753794995e+00
1.392200000000000000e+04,1.254551859883893172e+00
1.392300000000000000e+04,1.392470106408648878e+00
1.392400000000000000e+04,1.217486139892631103e+00
1.392500000000000000e+04,1.333513855741962351e+00
1.392600000000000000e+04,1.225323022933882955e+00
1.392700000000000000e+04,1.274890324941093889e+00
1.392800000000000000e+04,1.265844110952266677e+00
1.392900000000000000e+04,1.167164283269943814e+00
1.393000000000000000e+04,1.274066153006460311e+00
1.393100000000000000e+04,1.257449701532519226e+00
1.393200000000000000e+04,1.346011312502592761e+00
1.393300000000000000e+04,1.211868275858969612e+00
1.393400000000000000e+04,1.369655028671850738e+00
1.393500000000000000e+04,1.257057569452588064e+00
1.393600000000000000e+04,1.371535470895659969e+00
1.393700000000000000e+04,1.265370846361486779e+00
1.393800000000000000e+04,1.350260268032291266e+00
1.393900000000000000e+04,1.170672725910439249e+00
1.394000000000000000e+04,1.249542042458826829e+00
1.394100000000000000e+04,1.201859119803965426e+00
1.394200000000000000e+04,1.202056781542926389e+00
1.394300000000000000e+04,1.329841747336885538e+00
1.394400000000000000e+04,1.114655355286028771e+00
1.394500000000000000e+04,1.268171614958889304e+00
1.394600000000000000e+04,1.163318335680199489e+00
1.394700000000000000e+04,1.194780785526954325e+00
1.394800000000000000e+04,1.103159559007970802e+00
1.394900000000000000e+04,1.131615351259681601e+00
1.395000000000000000e+04,1.182206285208440733e+00
1.395100000000000000e+04,1.229749332666950634e+00
1.395200000000000000e+04,1.250502830524222730e+00
1.395300000000000000e+04,1.143858107675742808e+00
1.395400000000000000e+04,1.314912231924161734e+00
1.395500000000000000e+04,1.094001060672443959e+00
1.395600000000000000e+04,1.239103248876664454e+00
1.395700000000000000e+04,1.208981355783418810e+00
1.395800000000000000e+04,1.241842577009310000e+00
1.395900000000000000e+04,1.286640513664851992e+00
1.396000000000000000e+04,1.197729584430325289e+00
1.396100000000000000e+04,1.170593921591806419e+00
1.396200000000000000e+04,1.288721851409283081e+00
1.396300000000000000e+04,1.209855115160319405e+00
1.396400000000000000e+04,1.234812984628064658e+00
1.396500000000000000e+04,1.361823944519579221e+00
1.396600000000000000e+04,1.335801127303647418e+00
1.396700000000000000e+04,1.366117794140142783e+00
1.396800000000000000e+04,1.244649950455068765e+00
1.396900000000000000e+04,1.417369915662833435e+00
1.397000000000000000e+04,1.291499506335487935e+00
1.397100000000000000e+04,1.230873077994472098e+00
1.397200000000000000e+04,1.244302802564686949e+00
1.397300000000000000e+04,1.303280551311298607e+00
1.397400000000000000e+04,1.390131407910404571e+00
1.397500000000000000e+04,1.262593564357595177e+00
1.397600000000000000e+04,1.301243104269636408e+00
1.397700000000000000e+04,1.206096291598638626e+00
1.397800000000000000e+04,1.215560281590260860e+00
1.397900000000000000e+04,1.321243935479347487e+00
1.398000000000000000e+04,1.149909747744715771e+00
1.398100000000000000e+04,1.102010463408030327e+00
1.398200000000000000e+04,1.283079525917581343e+00
1.398300000000000000e+04,1.114490528721514995e+00
1.398400000000000000e+04,1.288891249389166216e+00
1.398500000000000000e+04,1.274396838354267425e+00
1.398600000000000000e+04,1.245552917781904245e+00
1.398700000000000000e+04,1.273393484290028965e+00
1.398800000000000000e+04,1.255672540309548779e+00
1.398900000000000000e+04,1.256069443438471156e+00
1.399000000000000000e+04,1.220684778545391591e+00
1.399100000000000000e+04,1.309492545772714012e+00
1.399200000000000000e+04,1.139452988019004964e+00
1.399300000000000000e+04,1.268927338144448136e+00
1.399400000000000000e+04,1.302709879560327355e+00
1.399500000000000000e+04,1.204742461935613296e+00
1.399600000000000000e+04,1.385807896156596941e+00
1.399700000000000000e+04,1.271334048742538192e+00
1.399800000000000000e+04,1.272492120117540759e+00
1.399900000000000000e+04,1.287032115213538663e+00
1.400000000000000000e+04,1.370234357303802275e+00
1.400100000000000000e+04,1.345300830540115511e+00
1.400200000000000000e+04,1.341282328568708104e+00
1.400300000000000000e+04,1.190009575000807507e+00
1.400400000000000000e+04,1.299708447287471813e+00
1.400500000000000000e+04,1.232641620960727824e+00
1.400600000000000000e+04,1.370203362880026532e+00
1.400700000000000000e+04,1.203951084240030500e+00
1.400800000000000000e+04,1.146306859540226375e+00
1.400900000000000000e+04,1.125575200102261419e+00
1.401000000000000000e+04,1.293836472248448555e+00
1.401100000000000000e+04,1.252812067512232064e+00
1.401200000000000000e+04,1.357887877158383549e+00
1.401300000000000000e+04,1.131678675991658611e+00
1.401400000000000000e+04,1.315263236074929676e+00
1.401500000000000000e+04,1.256394266682203664e+00
1.401600000000000000e+04,1.324363264449982758e+00
1.401700000000000000e+04,1.196015290924410834e+00
1.401800000000000000e+04,1.118150687911910302e+00
1.401900000000000000e+04,1.131819623534960684e+00
1.402000000000000000e+04,1.174049283938909838e+00
1.402100000000000000e+04,1.193922703660696305e+00
1.402200000000000000e+04,1.274082536055977544e+00
1.402300000000000000e+04,1.153627878485522285e+00
1.402400000000000000e+04,1.160299819645941310e+00
1.402500000000000000e+04,1.238464357228434398e+00
1.402600000000000000e+04,1.446017659036824332e+00
1.402700000000000000e+04,1.244900921878946853e+00
1.402800000000000000e+04,1.246315321075104121e+00
1.402900000000000000e+04,1.169584919709748538e+00
1.403000000000000000e+04,1.093102154223301703e+00
1.403100000000000000e+04,1.164925720797017616e+00
1.403200000000000000e+04,1.331419757437762419e+00
1.403300000000000000e+04,1.161279465253636678e+00
1.403400000000000000e+04,1.259035749419031180e+00
1.403500000000000000e+04,1.301230330319386175e+00
1.403600000000000000e+04,1.308505104350013992e+00
1.403700000000000000e+04,1.149736083579272483e+00
1.403800000000000000e+04,1.165133826013871055e+00
1.403900000000000000e+04,1.216674578603577528e+00
1.404000000000000000e+04,1.318901633918352134e+00
1.404100000000000000e+04,1.114152742792149819e+00
1.404200000000000000e+04,1.198194805001477459e+00
1.404300000000000000e+04,1.105896672102494760e+00
1.404400000000000000e+04,1.076204719744741078e+00
1.404500000000000000e+04,1.068146222095257114e+00
1.404600000000000000e+04,1.301281598714165044e+00
1.404700000000000000e+04,1.282782428591706880e+00
1.404800000000000000e+04,1.305225913172786134e+00
1.404900000000000000e+04,1.202278892895909168e+00
1.405000000000000000e+04,1.220932562533979748e+00
1.405100000000000000e+04,1.099352721253683773e+00
1.405200000000000000e+04,1.285331951331520894e+00
1.405300000000000000e+04,1.278197123144455549e+00
1.405400000000000000e+04,1.413862461061121456e+00
1.405500000000000000e+04,1.274040583949001659e+00
1.405600000000000000e+04,1.218101646576446928e+00
1.405700000000000000e+04,1.218740857447465187e+00
1.405800000000000000e+04,1.241033798850763592e+00
1.405900000000000000e+04,1.134422704563943674e+00
1.406000000000000000e+04,1.090571142636911350e+00
1.406100000000000000e+04,1.121741063645124825e+00
1.406200000000000000e+04,1.195314275270631388e+00
1.406300000000000000e+04,1.127604203556709983e+00
1.406400000000000000e+04,1.153000158791432250e+00
1.406500000000000000e+04,1.268862943782959718e+00
1.406600000000000000e+04,1.339569691882457336e+00
1.406700000000000000e+04,1.312075264261296947e+00
1.406800000000000000e+04,1.279518674329957584e+00
1.406900000000000000e+04,1.199542040875673843e+00
1.407000000000000000e+04,1.242030714793711965e+00
1.407100000000000000e+04,1.229374810319382449e+00
1.407200000000000000e+04,1.299959051368145380e+00
1.407300000000000000e+04,1.318956942434163171e+00
1.407400000000000000e+04,1.247351511640018007e+00
1.407500000000000000e+04,1.013044225626084094e+00
1.407600000000000000e+04,1.053182136490998344e+00
1.407700000000000000e+04,1.089924780812320027e+00
1.407800000000000000e+04,1.226198251120083960e+00
1.407900000000000000e+04,1.305552559201013985e+00
1.408000000000000000e+04,1.464012032110419526e+00
1.408100000000000000e+04,1.212542729449103351e+00
1.408200000000000000e+04,1.387040871047685808e+00
1.408300000000000000e+04,1.216388238590119020e+00
1.408400000000000000e+04,1.327816275712369931e+00
1.408500000000000000e+04,1.240799546548781773e+00
1.408600000000000000e+04,1.209020899652720971e+00
1.408700000000000000e+04,1.323728914397790613e+00
1.408800000000000000e+04,1.297186996195595077e+00
1.408900000000000000e+04,1.297365454669572316e+00
1.409000000000000000e+04,1.276628585736797827e+00
1.409100000000000000e+04,1.227402277918414164e+00
1.409200000000000000e+04,1.277031136890701468e+00
1.409300000000000000e+04,1.231868684410700077e+00
1.409400000000000000e+04,1.322248150802266986e+00
1.409500000000000000e+04,1.350439193629760837e+00
1.409600000000000000e+04,1.357870049744207108e+00
1.409700000000000000e+04,1.255893468341912289e+00
1.409800000000000000e+04,1.143213101124799458e+00
1.409900000000000000e+04,1.219300862083394721e+00
1.410000000000000000e+04,1.214177397927689306e+00
1.410100000000000000e+04,1.314714014870124181e+00
1.410200000000000000e+04,1.272946385093430166e+00
1.410300000000000000e+04,1.242063919380765213e+00
1.410400000000000000e+04,1.234530033204002120e+00
1.410500000000000000e+04,1.384011295248971818e+00
1.410600000000000000e+04,1.292543318472634706e+00
1.410700000000000000e+04,1.296413555700850928e+00
1.410800000000000000e+04,1.356714710687596304e+00
1.410900000000000000e+04,1.328751379228674256e+00
1.411000000000000000e+04,1.270858203711133116e+00
1.411100000000000000e+04,1.269051881736434462e+00
1.411200000000000000e+04,1.254613205349000227e+00
1.411300000000000000e+04,1.217635731791436138e+00
1.411400000000000000e+04,1.187118245250274429e+00
1.411500000000000000e+04,1.223003922596089144e+00
1.411600000000000000e+04,1.171596247854272299e+00
1.411700000000000000e+04,1.300907927260593011e+00
1.411800000000000000e+04,1.309798196146787497e+00
1.411900000000000000e+04,1.190966571014819175e+00
1.412000000000000000e+04,1.329300062428037776e+00
1.412100000000000000e+04,1.138125287933507979e+00
1.412200000000000000e+04,1.342645563150815180e+00
1.412300000000000000e+04,1.451296519709094568e+00
1.412400000000000000e+04,1.261266760346069438e+00
1.412500000000000000e+04,1.269740489051466303e+00
1.412600000000000000e+04,1.195327087367892505e+00
1.412700000000000000e+04,1.223742625755009916e+00
1.412800000000000000e+04,1.241193665226932863e+00
1.412900000000000000e+04,1.339831785727807478e+00
1.413000000000000000e+04,1.260772784694372817e+00
1.413100000000000000e+04,1.275022171061823695e+00
1.413200000000000000e+04,1.186636740620320429e+00
1.413300000000000000e+04,1.016842915118694846e+00
1.413400000000000000e+04,1.121829095426622347e+00
1.413500000000000000e+04,1.333711128016231484e+00
1.413600000000000000e+04,1.210892119624205288e+00
1.413700000000000000e+04,1.280778662760581721e+00
1.413800000000000000e+04,1.288735761790446688e+00
1.413900000000000000e+04,1.358041800218290795e+00
1.414000000000000000e+04,1.180456377375111332e+00
1.414100000000000000e+04,1.217670871032789259e+00
1.414200000000000000e+04,1.288494306628985342e+00
1.414300000000000000e+04,1.203198475939375234e+00
1.414400000000000000e+04,1.292239716686938156e+00
1.414500000000000000e+04,1.204605501531728295e+00
1.414600000000000000e+04,1.118150198376894000e+00
1.414700000000000000e+04,1.303379860861641149e+00
1.414800000000000000e+04,1.245992614780447649e+00
1.414900000000000000e+04,1.207993804056724185e+00
1.415000000000000000e+04,1.236351486413356016e+00
1.415100000000000000e+04,1.063080248786098414e+00
1.415200000000000000e+04,1.126576070271081198e+00
1.415300000000000000e+04,1.202013148513401131e+00
1.415400000000000000e+04,1.255194868949493836e+00
1.415500000000000000e+04,1.174534922545073412e+00
1.415600000000000000e+04,1.227833115705479816e+00
1.415700000000000000e+04,1.278272156267175053e+00
1.415800000000000000e+04,1.317069455239154641e+00
1.415900000000000000e+04,1.368667074602353040e+00
1.416000000000000000e+04,1.156403585292015368e+00
1.416100000000000000e+04,1.103003051698391079e+00
1.416200000000000000e+04,1.083133377312285539e+00
1.416300000000000000e+04,1.149782116255450015e+00
1.416400000000000000e+04,1.193368464844495991e+00
1.416500000000000000e+04,1.175330824958500164e+00
1.416600000000000000e+04,1.184079983238427669e+00
1.416700000000000000e+04,1.242530880636462998e+00
1.416800000000000000e+04,1.076777408991131058e+00
1.416900000000000000e+04,1.112872419376727873e+00
1.417000000000000000e+04,1.207558466830924493e+00
1.417100000000000000e+04,1.070195084416806663e+00
1.417200000000000000e+04,1.155196312558121496e+00
1.417300000000000000e+04,1.293047653176806477e+00
1.417400000000000000e+04,1.180509645311824007e+00
1.417500000000000000e+04,1.342897899877270484e+00
1.417600000000000000e+04,1.196388111262177700e+00
1.417700000000000000e+04,1.246198515420002817e+00
1.417800000000000000e+04,1.170110381857089266e+00
1.417900000000000000e+04,1.221192657996778230e+00
1.418000000000000000e+04,1.128604413436324450e+00
1.418100000000000000e+04,1.108561288179127358e+00
1.418200000000000000e+04,1.251214661975806219e+00
1.418300000000000000e+04,1.202868369196495868e+00
1.418400000000000000e+04,1.223317302573476040e+00
1.418500000000000000e+04,1.166857658024041511e+00
1.418600000000000000e+04,1.263356018184348395e+00
1.418700000000000000e+04,1.327241799855923388e+00
1.418800000000000000e+04,1.245525821174788828e+00
1.418900000000000000e+04,1.275135672978005230e+00
1.419000000000000000e+04,1.268716665703162105e+00
1.419100000000000000e+04,1.380420932200065565e+00
1.419200000000000000e+04,1.269936100205742324e+00
1.419300000000000000e+04,1.248797593903575143e+00
1.419400000000000000e+04,1.215572399339356124e+00
1.419500000000000000e+04,1.283175962353382937e+00
1.419600000000000000e+04,1.170475091268909695e+00
1.419700000000000000e+04,1.191200526110535840e+00
1.419800000000000000e+04,1.364711919405734220e+00
1.419900000000000000e+04,1.379469614881510653e+00
1.420000000000000000e+04,1.293189183265623488e+00
1.420100000000000000e+04,1.093630948407693815e+00
1.420200000000000000e+04,1.131037964893039316e+00
1.420300000000000000e+04,1.083695200271332038e+00
1.420400000000000000e+04,1.113453364979569260e+00
1.420500000000000000e+04,1.160829516802842853e+00
1.420600000000000000e+04,1.198259311550598394e+00
1.420700000000000000e+04,1.167341447328112292e+00
1.420800000000000000e+04,1.305094421098722535e+00
1.420900000000000000e+04,1.260036063507641968e+00
1.421000000000000000e+04,1.257301512780693686e+00
1.421100000000000000e+04,1.115385157012210859e+00
1.421200000000000000e+04,1.225304451303367514e+00
1.421300000000000000e+04,1.292056245896077815e+00
1.421400000000000000e+04,1.231094742586338109e+00
1.421500000000000000e+04,1.070171593071427285e+00
1.421600000000000000e+04,1.346589277331434964e+00
1.421700000000000000e+04,1.171292698041719094e+00
1.421800000000000000e+04,1.221226434887112022e+00
1.421900000000000000e+04,1.267656846535888393e+00
1.422000000000000000e+04,1.167955811706955505e+00
1.422100000000000000e+04,1.197550524409848993e+00
1.422200000000000000e+04,1.219236203600398749e+00
1.422300000000000000e+04,1.180968286320338123e+00
1.422400000000000000e+04,1.332450273595740864e+00
1.422500000000000000e+04,1.194537451290563768e+00
1.422600000000000000e+04,1.149990293445336542e+00
1.422700000000000000e+04,1.159031701796272129e+00
1.422800000000000000e+04,1.146123892307514325e+00
1.422900000000000000e+04,1.271999448664356658e+00
1.423000000000000000e+04,1.275303465216019783e+00
1.423100000000000000e+04,1.202609156669770307e+00
1.423200000000000000e+04,1.205211940025824768e+00
1.423300000000000000e+04,1.204019910226515000e+00
1.423400000000000000e+04,1.224787588824840512e+00
1.423500000000000000e+04,1.120119594867278190e+00
1.423600000000000000e+04,1.144539814215672635e+00
1.423700000000000000e+04,1.194504014666184499e+00
1.423800000000000000e+04,1.417222078466410018e+00
1.423900000000000000e+04,1.136755548862761422e+00
1.424000000000000000e+04,1.445764825730126546e+00
1.424100000000000000e+04,1.125482434955078270e+00
1.424200000000000000e+04,1.246026573625830247e+00
1.424300000000000000e+04,1.262608400142186671e+00
1.424400000000000000e+04,1.152247016292426096e+00
1.424500000000000000e+04,1.411916637890036963e+00
1.424600000000000000e+04,1.171487994731230220e+00
1.424700000000000000e+04,1.244939614563310037e+00
1.424800000000000000e+04,1.180944700761446198e+00
1.424900000000000000e+04,1.310676485960100779e+00
1.425000000000000000e+04,1.285550327266310688e+00
1.425100000000000000e+04,1.364493232523663613e+00
1.425200000000000000e+04,1.389915718955606172e+00
1.425300000000000000e+04,1.333481405675792875e+00
1.425400000000000000e+04,1.331025734865946442e+00
1.425500000000000000e+04,1.309011686858616130e+00
1.425600000000000000e+04,1.429152849922815438e+00
1.425700000000000000e+04,1.312200588076547270e+00
1.425800000000000000e+04,1.227814712558470411e+00
1.425900000000000000e+04,1.353065365141965737e+00
1.426000000000000000e+04,1.255523816497422063e+00
1.426100000000000000e+04,1.174598308752737408e+00
1.426200000000000000e+04,1.110760546990834374e+00
1.426300000000000000e+04,1.237183679581846940e+00
1.426400000000000000e+04,1.322486947930788137e+00
1.426500000000000000e+04,1.228582293250059854e+00
1.426600000000000000e+04,1.192379784375833696e+00
1.426700000000000000e+04,1.175006793618829981e+00
1.426800000000000000e+04,1.200321880370959660e+00
1.426900000000000000e+04,1.325541491181108755e+00
1.427000000000000000e+04,1.155286061512039053e+00
1.427100000000000000e+04,1.239781647259092789e+00
1.427200000000000000e+04,1.291898528392117607e+00
1.427300000000000000e+04,1.245049459290915816e+00
1.427400000000000000e+04,1.326872400806827335e+00
1.427500000000000000e+04,1.444525968513812320e+00
1.427600000000000000e+04,1.258794488523777622e+00
1.427700000000000000e+04,1.163074710891872199e+00
1.427800000000000000e+04,1.389199991563533576e+00
1.427900000000000000e+04,1.291552580092744096e+00
1.428000000000000000e+04,1.176604144374046035e+00
1.428100000000000000e+04,1.396750787206730848e+00
1.428200000000000000e+04,1.318972898632398749e+00
1.428300000000000000e+04,1.202124809946666373e+00
1.428400000000000000e+04,1.337434705190711615e+00
1.428500000000000000e+04,1.275796713685849681e+00
1.428600000000000000e+04,1.179367183383838613e+00
1.428700000000000000e+04,1.195239961102745996e+00
1.428800000000000000e+04,1.349207115175248273e+00
1.428900000000000000e+04,1.214678598395224407e+00
1.429000000000000000e+04,1.149939567594002732e+00
1.429100000000000000e+04,1.084585503643554105e+00
1.429200000000000000e+04,1.209709306164180820e+00
1.429300000000000000e+04,1.321711853590744390e+00
1.429400000000000000e+04,1.293188133912512194e+00
1.429500000000000000e+04,1.250436303365191293e+00
1.429600000000000000e+04,1.417920385208267131e+00
1.429700000000000000e+04,1.285423817901994337e+00
1.429800000000000000e+04,1.403058452071091367e+00
1.429900000000000000e+04,1.471971451477567472e+00
1.430000000000000000e+04,1.286974417723116160e+00
1.430100000000000000e+04,1.241789512575573573e+00
1.430200000000000000e+04,1.240780074601481431e+00
1.430300000000000000e+04,1.370908900196702307e+00
1.430400000000000000e+04,1.434665252338354291e+00
1.430500000000000000e+04,1.223961524178987625e+00
1.430600000000000000e+04,1.210473434686981431e+00
1.430700000000000000e+04,1.208930985488094967e+00
1.430800000000000000e+04,1.148545833143117534e+00
1.430900000000000000e+04,1.226914324012363666e+00
1.431000000000000000e+04,1.166003164880122789e+00
1.431100000000000000e+04,1.301482923741196673e+00
1.431200000000000000e+04,1.347702149640349845e+00
1.431300000000000000e+04,1.420500672079687554e+00
1.431400000000000000e+04,1.265250490704843855e+00
1.431500000000000000e+04,1.265425304249196303e+00
1.431600000000000000e+04,1.122466764434767450e+00
1.431700000000000000e+04,1.263331643317360475e+00
1.431800000000000000e+04,1.101157771127220242e+00
1.431900000000000000e+04,1.163314229489369023e+00
1.432000000000000000e+04,1.151099643171869857e+00
1.432100000000000000e+04,1.191787106913374084e+00
1.432200000000000000e+04,1.350265309901012900e+00
1.432300000000000000e+04,1.237726349992005703e+00
1.432400000000000000e+04,1.307206544498760392e+00
1.432500000000000000e+04,1.275548500151728382e+00
1.432600000000000000e+04,1.317144855512420554e+00
1.432700000000000000e+04,1.299716045963339450e+00
1.432800000000000000e+04,1.262535142470399219e+00
1.432900000000000000e+04,1.230099938225910572e+00
1.433000000000000000e+04,1.248379107170688673e+00
1.433100000000000000e+04,1.217331092650372426e+00
1.433200000000000000e+04,1.231423109949453920e+00
1.433300000000000000e+04,1.241250324826477680e+00
1.433400000000000000e+04,1.266881065859295274e+00
1.433500000000000000e+04,1.277325629219832726e+00
1.433600000000000000e+04,1.241627137739302889e+00
1.433700000000000000e+04,1.170643860770133715e+00
1.433800000000000000e+04,1.182016503153136000e+00
1.433900000000000000e+04,1.508752872657267430e+00
1.434000000000000000e+04,1.197605835363654281e+00
1.434100000000000000e+04,1.199997268350638358e+00
1.434200000000000000e+04,1.195086963955679371e+00
1.434300000000000000e+04,1.307189824765015551e+00
1.434400000000000000e+04,1.271002978438580122e+00
1.434500000000000000e+04,1.401476680544743170e+00
1.434600000000000000e+04,1.201160514111760502e+00
1.434700000000000000e+04,1.233380933397270063e+00
1.434800000000000000e+04,1.312003491284348566e+00
1.434900000000000000e+04,1.330208309514010923e+00
1.435000000000000000e+04,1.362973364048039260e+00
1.435100000000000000e+04,1.231555151957903993e+00
1.435200000000000000e+04,1.208102075465130376e+00
1.435300000000000000e+04,1.249674873933774411e+00
1.435400000000000000e+04,1.179473709078891153e+00
1.435500000000000000e+04,1.147700274417073896e+00
1.435600000000000000e+04,1.279511187530645522e+00
1.435700000000000000e+04,1.376837635146297423e+00
1.435800000000000000e+04,1.314314526395269134e+00
1.435900000000000000e+04,1.101851114363373352e+00
1.436000000000000000e+04,1.259478456514875999e+00
1.436100000000000000e+04,1.237579220188037343e+00
1.436200000000000000e+04,1.117441036295886203e+00
1.436300000000000000e+04,1.214821605723528819e+00
1.436400000000000000e+04,1.201017679679770467e+00
1.436500000000000000e+04,1.305013052469546908e+00
1.436600000000000000e+04,1.161565060750533673e+00
1.436700000000000000e+04,1.295781307926577641e+00
1.436800000000000000e+04,1.265753844361389602e+00
1.436900000000000000e+04,1.303767885431765583e+00
1.437000000000000000e+04,1.118060072227314405e+00
1.437100000000000000e+04,1.299626655615465420e+00
1.437200000000000000e+04,1.118182315991391729e+00
1.437300000000000000e+04,1.322008954661900271e+00
1.437400000000000000e+04,1.350777731602534448e+00
1.437500000000000000e+04,1.152131623930687132e+00
1.437600000000000000e+04,1.299010083609218658e+00
1.437700000000000000e+04,1.140094092074298793e+00
1.437800000000000000e+04,1.221401327382439117e+00
1.437900000000000000e+04,1.286380483026446475e+00
1.438000000000000000e+04,1.066215738342391584e+00
1.438100000000000000e+04,1.137438172010392767e+00
1.438200000000000000e+04,1.126660998591286766e+00
1.438300000000000000e+04,1.327143487096554164e+00
1.438400000000000000e+04,1.301528358403173380e+00
1.438500000000000000e+04,1.129539607428911241e+00
1.438600000000000000e+04,1.229136560098163189e+00
1.438700000000000000e+04,1.174409455015919423e+00
1.438800000000000000e+04,1.123567165628640563e+00
1.438900000000000000e+04,1.281416270938858348e+00
1.439000000000000000e+04,1.200784670704494905e+00
1.439100000000000000e+04,1.211032177276573529e+00
1.439200000000000000e+04,1.519382523158164355e+00
1.439300000000000000e+04,1.194552257650753235e+00
1.439400000000000000e+04,1.458110733131389614e+00
1.439500000000000000e+04,1.236701497129693239e+00
1.439600000000000000e+04,1.322708111109601292e+00
1.439700000000000000e+04,1.110612675076881217e+00
1.439800000000000000e+04,1.150482109889767957e+00
1.439900000000000000e+04,1.203944426444244709e+00
1.440000000000000000e+04,1.197913528569844122e+00
1.440100000000000000e+04,1.146706896586740632e+00
1.440200000000000000e+04,1.143680577547638633e+00
1.440300000000000000e+04,1.296314750883712064e+00
1.440400000000000000e+04,1.366485527060166350e+00
1.440500000000000000e+04,1.255989303836526405e+00
1.440600000000000000e+04,1.372771640701627938e+00
1.440700000000000000e+04,1.410017481097783687e+00
1.440800000000000000e+04,1.411487202407109010e+00
1.440900000000000000e+04,1.328642943943373567e+00
1.441000000000000000e+04,1.332697463520806425e+00
1.441100000000000000e+04,1.197380468301230794e+00
1.441200000000000000e+04,1.416867193744277387e+00
1.441300000000000000e+04,1.209235542304393896e+00
1.441400000000000000e+04,1.331322674123192495e+00
1.441500000000000000e+04,1.272901134373482845e+00
1.441600000000000000e+04,1.210303606501719420e+00
1.441700000000000000e+04,1.224714986877907252e+00
1.441800000000000000e+04,1.197562800014589923e+00
1.441900000000000000e+04,1.321712821745600008e+00
1.442000000000000000e+04,1.117604626951878455e+00
1.442100000000000000e+04,1.135571470360374757e+00
1.442200000000000000e+04,1.170379428233432328e+00
1.442300000000000000e+04,1.194179072162302457e+00
1.442400000000000000e+04,1.209943128851925565e+00
1.442500000000000000e+04,1.189675802520197667e+00
1.442600000000000000e+04,1.257524313959083040e+00
1.442700000000000000e+04,1.154205453372846746e+00
1.442800000000000000e+04,1.197748771905526866e+00
1.442900000000000000e+04,1.246090680533508577e+00
1.443000000000000000e+04,1.188019378728578657e+00
1.443100000000000000e+04,1.168729556295469596e+00
1.443200000000000000e+04,1.079782490933802519e+00
1.443300000000000000e+04,1.111547892202229937e+00
1.443400000000000000e+04,1.160995142953852088e+00
1.443500000000000000e+04,1.031763766293669615e+00
1.443600000000000000e+04,1.189147209660908810e+00
1.443700000000000000e+04,1.378038098721108495e+00
1.443800000000000000e+04,1.389825801250761383e+00
1.443900000000000000e+04,1.203620538967241638e+00
1.444000000000000000e+04,1.265552877393297360e+00
1.444100000000000000e+04,1.500578856265619043e+00
1.444200000000000000e+04,1.273283871977287429e+00
1.444300000000000000e+04,1.160652632792585237e+00
1.444400000000000000e+04,1.262797495951522020e+00
1.444500000000000000e+04,1.240783945729690751e+00
1.444600000000000000e+04,1.212055815501447809e+00
1.444700000000000000e+04,1.238868071506712187e+00
1.444800000000000000e+04,1.159526325654730794e+00
1.444900000000000000e+04,1.159527694341224713e+00
1.445000000000000000e+04,1.251422291515360774e+00
1.445100000000000000e+04,1.417004814110867983e+00
1.445200000000000000e+04,1.276733581775982618e+00
1.445300000000000000e+04,1.294543518730869591e+00
1.445400000000000000e+04,1.204033299372054389e+00
1.445500000000000000e+04,1.329080016950343834e+00
1.445600000000000000e+04,1.252941803323375902e+00
1.445700000000000000e+04,1.291760812040998463e+00
1.445800000000000000e+04,1.172089167138405053e+00
1.445900000000000000e+04,1.113908044635280037e+00
1.446000000000000000e+04,1.115981333161328193e+00
1.446100000000000000e+04,1.264133804483190238e+00
1.446200000000000000e+04,1.200399914236532251e+00
1.446300000000000000e+04,1.198921585265932510e+00
1.446400000000000000e+04,1.230335926830474769e+00
1.446500000000000000e+04,1.260165207413908917e+00
1.446600000000000000e+04,1.260117894804036354e+00
1.446700000000000000e+04,1.376998819436004329e+00
1.446800000000000000e+04,1.284445974115591360e+00
1.446900000000000000e+04,1.317647166548203241e+00
1.447000000000000000e+04,1.449985479014223255e+00
1.447100000000000000e+04,1.389059267185349889e+00
1.447200000000000000e+04,1.362892046229833731e+00
1.447300000000000000e+04,1.422868424558870748e+00
1.447400000000000000e+04,1.279296033763036577e+00
1.447500000000000000e+04,1.331501777217147131e+00
1.447600000000000000e+04,1.283016380083033425e+00
1.447700000000000000e+04,1.277721085686777558e+00
1.447800000000000000e+04,1.237545835053009968e+00
1.447900000000000000e+04,1.298708085864772821e+00
1.448000000000000000e+04,1.296413085489919403e+00
1.448100000000000000e+04,1.193910655173564761e+00
1.448200000000000000e+04,1.227485794754370696e+00
1.448300000000000000e+04,1.246024950211924942e+00
1.448400000000000000e+04,1.154801110710498291e+00
1.448500000000000000e+04,1.269040110981813241e+00
1.448600000000000000e+04,1.231327210479896905e+00
1.448700000000000000e+04,1.142898458616949275e+00
1.448800000000000000e+04,1.210235535672228302e+00
1.448900000000000000e+04,1.182006386612956206e+00
1.449000000000000000e+04,1.249029098560443973e+00
1.449100000000000000e+04,1.160711127750768235e+00
1.449200000000000000e+04,1.186271543484982649e+00
1.449300000000000000e+04,1.090560432469766194e+00
1.449400000000000000e+04,1.324028227021764925e+00
1.449500000000000000e+04,1.318844340641798674e+00
1.449600000000000000e+04,1.197284745960734975e+00
1.449700000000000000e+04,1.170947820427121311e+00
1.449800000000000000e+04,1.178827519420645009e+00
1.449900000000000000e+04,1.041846061619828845e+00
1.450000000000000000e+04,1.067691175261374914e+00
1.450100000000000000e+04,1.195149539181481702e+00
1.450200000000000000e+04,1.203031158631693298e+00
1.450300000000000000e+04,1.206220145180743275e+00
1.450400000000000000e+04,1.127848712742981263e+00
1.450500000000000000e+04,1.238013242291607252e+00
1.450600000000000000e+04,1.079017475858181863e+00
1.450700000000000000e+04,1.154082503614538791e+00
1.450800000000000000e+04,1.104421873196060666e+00
1.450900000000000000e+04,1.174918261743971293e+00
1.451000000000000000e+04,1.226762188880677673e+00
1.451100000000000000e+04,1.245351664118991675e+00
1.451200000000000000e+04,1.155230801712939126e+00
1.451300000000000000e+04,1.110900896497177603e+00
1.451400000000000000e+04,1.282115662880871643e+00
1.451500000000000000e+04,1.205369675876362789e+00
1.451600000000000000e+04,1.172321906531053948e+00
1.451700000000000000e+04,1.115053228055581158e+00
1.451800000000000000e+04,1.239621473031526921e+00
1.451900000000000000e+04,1.242192111952902023e+00
1.452000000000000000e+04,1.403805767144095551e+00
1.452100000000000000e+04,1.212914297416077147e+00
1.452200000000000000e+04,1.163391088353008085e+00
1.452300000000000000e+04,1.115677784972912034e+00
1.452400000000000000e+04,1.285859081111600188e+00
1.452500000000000000e+04,1.242224508762449275e+00
1.452600000000000000e+04,1.452246497717559981e+00
1.452700000000000000e+04,1.193184860096480948e+00
1.452800000000000000e+04,1.199325174531521432e+00
1.452900000000000000e+04,1.173399953714373334e+00
1.453000000000000000e+04,1.137766281845521421e+00
1.453100000000000000e+04,1.118825620332194681e+00
1.453200000000000000e+04,1.043408056633398084e+00
1.453300000000000000e+04,1.131297235179226757e+00
1.453400000000000000e+04,1.237851011652984168e+00
1.453500000000000000e+04,1.280790763632986051e+00
1.453600000000000000e+04,1.261936294978921458e+00
1.453700000000000000e+04,1.224490525868490387e+00
1.453800000000000000e+04,1.298724435526996013e+00
1.453900000000000000e+04,1.188355772066517879e+00
1.454000000000000000e+04,1.129613088520308617e+00
1.454100000000000000e+04,1.217692149322113560e+00
1.454200000000000000e+04,1.127585734303355514e+00
1.454300000000000000e+04,1.234103649077730847e+00
1.454400000000000000e+04,1.182334443441015903e+00
1.454500000000000000e+04,1.076309181266792647e+00
1.454600000000000000e+04,1.214862608680879363e+00
1.454700000000000000e+04,1.227314991145642908e+00
1.454800000000000000e+04,1.329543502484715534e+00
1.454900000000000000e+04,1.358565119807546351e+00
1.455000000000000000e+04,1.330556177557302933e+00
1.455100000000000000e+04,1.136993218856132692e+00
1.455200000000000000e+04,1.208116518686712659e+00
1.455300000000000000e+04,1.119013618125358933e+00
1.455400000000000000e+04,1.143341507333746954e+00
1.455500000000000000e+04,1.166003192186386039e+00
1.455600000000000000e+04,1.207953091767963949e+00
1.455700000000000000e+04,1.227958090003526515e+00
1.455800000000000000e+04,1.261427292964549141e+00
1.455900000000000000e+04,1.111143537892587352e+00
1.456000000000000000e+04,1.270965186942590197e+00
1.456100000000000000e+04,1.347782122374886260e+00
1.456200000000000000e+04,1.164372825130656208e+00
1.456300000000000000e+04,1.241585193200372750e+00
1.456400000000000000e+04,1.165571076403081996e+00
1.456500000000000000e+04,1.265075908793178439e+00
1.456600000000000000e+04,1.221793624468302308e+00
1.456700000000000000e+04,1.226977333851677621e+00
1.456800000000000000e+04,1.312084254902714964e+00
1.456900000000000000e+04,1.050456231874203894e+00
1.457000000000000000e+04,1.287033544067430757e+00
1.457100000000000000e+04,1.308791969190294502e+00
1.457200000000000000e+04,1.341884280151695252e+00
1.457300000000000000e+04,1.365497730237424268e+00
1.457400000000000000e+04,1.199382593159930677e+00
1.457500000000000000e+04,1.277301401591460994e+00
1.457600000000000000e+04,1.382615301628848936e+00
1.457700000000000000e+04,1.282631405221143828e+00
1.457800000000000000e+04,1.242466019549918421e+00
1.457900000000000000e+04,1.213415856970680329e+00
1.458000000000000000e+04,1.282408359310433177e+00
1.458100000000000000e+04,1.118901841406143571e+00
1.458200000000000000e+04,1.248699352283569430e+00
1.458300000000000000e+04,1.158512267204608426e+00
1.458400000000000000e+04,1.204231130050020138e+00
1.458500000000000000e+04,1.192201786574198508e+00
1.458600000000000000e+04,1.232728672100967815e+00
1.458700000000000000e+04,1.079002265762618817e+00
1.458800000000000000e+04,1.274739390399047378e+00
1.458900000000000000e+04,1.166828729228219563e+00
1.459000000000000000e+04,1.168174000231422260e+00
1.459100000000000000e+04,1.231276619147731566e+00
1.459200000000000000e+04,1.329466725170820318e+00
1.459300000000000000e+04,1.177588998362840478e+00
1.459400000000000000e+04,1.066239303503601521e+00
1.459500000000000000e+04,1.188291164888660711e+00
1.459600000000000000e+04,1.206427697592475035e+00
1.459700000000000000e+04,1.298787000006232706e+00
1.459800000000000000e+04,1.222386835231760616e+00
1.459900000000000000e+04,1.037642142327848793e+00
1.460000000000000000e+04,1.206295255538110567e+00
1.460100000000000000e+04,1.085478040910818232e+00
1.460200000000000000e+04,1.174949657148681492e+00
1.460300000000000000e+04,1.208994807831305529e+00
1.460400000000000000e+04,1.291191410752548618e+00
1.460500000000000000e+04,1.234396096698932244e+00
1.460600000000000000e+04,1.279659028380243813e+00
1.460700000000000000e+04,1.249291474285171066e+00
1.460800000000000000e+04,1.314537264317652054e+00
1.460900000000000000e+04,1.237644815205149795e+00
1.461000000000000000e+04,1.118222591872746863e+00
1.461100000000000000e+04,1.217402387250092755e+00
1.461200000000000000e+04,1.133319487255310065e+00
1.461300000000000000e+04,1.264867241851619140e+00
1.461400000000000000e+04,1.303158090412416259e+00
1.461500000000000000e+04,1.198586737479419018e+00
1.461600000000000000e+04,1.240651977078542467e+00
1.461700000000000000e+04,1.199340053190015354e+00
1.461800000000000000e+04,1.170444766134615344e+00
1.461900000000000000e+04,1.210575577554094506e+00
1.462000000000000000e+04,1.288716417605431319e+00
1.462100000000000000e+04,1.260048442638620481e+00
1.462200000000000000e+04,1.275369352543656021e+00
1.462300000000000000e+04,1.214289261337530013e+00
1.462400000000000000e+04,1.264949404672417899e+00
1.462500000000000000e+04,1.330464208926948277e+00
1.462600000000000000e+04,1.213227660704755184e+00
1.462700000000000000e+04,1.412611471563811394e+00
1.462800000000000000e+04,1.365550248770589059e+00
1.462900000000000000e+04,1.159118748106898300e+00
1.463000000000000000e+04,1.137987705341685363e+00
1.463100000000000000e+04,1.207336675183507291e+00
1.463200000000000000e+04,1.213424431559482874e+00
1.463300000000000000e+04,1.329441626252965358e+00
1.463400000000000000e+04,1.239113872020780160e+00
1.463500000000000000e+04,1.196374284472761618e+00
1.463600000000000000e+04,1.151309779787924592e+00
1.463700000000000000e+04,1.181215867096439887e+00
1.463800000000000000e+04,1.243637240271906474e+00
1.463900000000000000e+04,1.257035074668762853e+00
1.464000000000000000e+04,1.305675548079068715e+00
1.464100000000000000e+04,1.265877572377689386e+00
1.464200000000000000e+04,1.137359738275580456e+00
1.464300000000000000e+04,1.176656841894766270e+00
1.464400000000000000e+04,1.345690807376388909e+00
1.464500000000000000e+04,1.153567897076489546e+00
1.464600000000000000e+04,1.355495067482783700e+00
1.464700000000000000e+04,1.281052263034412109e+00
1.464800000000000000e+04,1.235720898881630836e+00
1.464900000000000000e+04,1.345018465868788926e+00
1.465000000000000000e+04,1.158803053589472887e+00
1.465100000000000000e+04,1.205717165682695713e+00
1.465200000000000000e+04,1.095892143591744139e+00
1.465300000000000000e+04,1.147752888928469162e+00
1.465400000000000000e+04,1.123028880496295567e+00
1.465500000000000000e+04,1.139839665227107890e+00
1.465600000000000000e+04,1.139310804692089452e+00
1.465700000000000000e+04,1.059591264156128476e+00
1.465800000000000000e+04,1.148369049668773956e+00
1.465900000000000000e+04,1.193892415624768333e+00
1.466000000000000000e+04,1.093949677145249710e+00
1.466100000000000000e+04,1.173307184780066237e+00
1.466200000000000000e+04,1.282329241976096101e+00
1.466300000000000000e+04,1.258777950655193711e+00
1.466400000000000000e+04,1.367060358745149085e+00
1.466500000000000000e+04,1.167962337675510165e+00
1.466600000000000000e+04,1.124049088922443707e+00
1.466700000000000000e+04,1.257954035295444584e+00
1.466800000000000000e+04,1.207669288113991879e+00
1.466900000000000000e+04,1.304773273656419486e+00
1.467000000000000000e+04,1.192025665849061777e+00
1.467100000000000000e+04,1.102194933152517153e+00
1.467200000000000000e+04,1.354342792265128548e+00
1.467300000000000000e+04,1.128304027761408923e+00
1.467400000000000000e+04,1.185170017561558486e+00
1.467500000000000000e+04,1.238898366477939605e+00
1.467600000000000000e+04,1.225522270975596184e+00
1.467700000000000000e+04,1.102350896302482841e+00
1.467800000000000000e+04,1.092570182674690304e+00
1.467900000000000000e+04,1.160355491377890402e+00
1.468000000000000000e+04,1.179126309830557995e+00
1.468100000000000000e+04,1.216038518670882418e+00
1.468200000000000000e+04,1.238647853266676702e+00
1.468300000000000000e+04,1.201090910920461052e+00
1.468400000000000000e+04,1.115340656875327241e+00
1.468500000000000000e+04,1.178446675615421491e+00
1.468600000000000000e+04,1.294782696217565698e+00
1.468700000000000000e+04,1.303429454258933085e+00
1.468800000000000000e+04,1.342986780208522024e+00
1.468900000000000000e+04,1.128008560299516461e+00
1.469000000000000000e+04,1.453990034232503836e+00
1.469100000000000000e+04,1.270166440542785491e+00
1.469200000000000000e+04,1.321207668857608875e+00
1.469300000000000000e+04,1.192109697264405410e+00
1.469400000000000000e+04,1.450986188948517164e+00
1.469500000000000000e+04,1.267788436647636185e+00
1.469600000000000000e+04,1.244300836003857880e+00
1.469700000000000000e+04,1.390191552822275911e+00
1.469800000000000000e+04,1.343851270134783560e+00
1.469900000000000000e+04,1.392410462575613517e+00
1.470000000000000000e+04,1.196715213721770699e+00
1.470100000000000000e+04,1.135320218641179268e+00
1.470200000000000000e+04,1.302269804340283388e+00
1.470300000000000000e+04,1.184627459541327754e+00
1.470400000000000000e+04,1.100016945300883231e+00
1.470500000000000000e+04,1.195456154892372780e+00
1.470600000000000000e+04,1.282299284102752068e+00
1.470700000000000000e+04,1.140543769718745049e+00
1.470800000000000000e+04,1.259849389035590628e+00
1.470900000000000000e+04,1.244325466316143824e+00
1.471000000000000000e+04,1.302118215600284401e+00
1.471100000000000000e+04,1.156631360229221084e+00
1.471200000000000000e+04,1.176968418059634036e+00
1.471300000000000000e+04,1.171200607640699332e+00
1.471400000000000000e+04,1.224705050965712916e+00
1.471500000000000000e+04,1.090129890266164692e+00
1.471600000000000000e+04,1.161392951579325539e+00
1.471700000000000000e+04,1.156972536767525650e+00
1.471800000000000000e+04,1.222076174493289313e+00
1.471900000000000000e+04,1.199464502008192879e+00
1.472000000000000000e+04,1.137297762287150960e+00
1.472100000000000000e+04,1.251242209288871754e+00
1.472200000000000000e+04,1.129304512325659093e+00
1.472300000000000000e+04,1.215100625550782798e+00
1.472400000000000000e+04,1.065673366905529829e+00
1.472500000000000000e+04,1.251638615008151989e+00
1.472600000000000000e+04,1.127784086414040265e+00
1.472700000000000000e+04,1.149632868666982333e+00
1.472800000000000000e+04,1.322565547272765318e+00
1.472900000000000000e+04,1.069390658186137877e+00
1.473000000000000000e+04,1.230680445061908879e+00
1.473100000000000000e+04,1.324044923090803350e+00
1.473200000000000000e+04,1.194429824771416904e+00
1.473300000000000000e+04,1.426758979703776742e+00
1.473400000000000000e+04,1.297084782837955030e+00
1.473500000000000000e+04,1.077963609168531178e+00
1.473600000000000000e+04,1.096107990462733772e+00
1.473700000000000000e+04,1.137081784589242917e+00
1.473800000000000000e+04,1.212163514534553510e+00
1.473900000000000000e+04,1.171292320272568466e+00
1.474000000000000000e+04,1.156392261200273497e+00
1.474100000000000000e+04,1.082864983175636953e+00
1.474200000000000000e+04,1.200712454279399877e+00
1.474300000000000000e+04,1.200899467868329573e+00
1.474400000000000000e+04,1.260487910230466468e+00
1.474500000000000000e+04,1.225484572169390107e+00
1.474600000000000000e+04,1.166809882729249459e+00
1.474700000000000000e+04,1.066209583340850031e+00
1.474800000000000000e+04,1.266142667587665249e+00
1.474900000000000000e+04,1.347533214473276342e+00
1.475000000000000000e+04,1.092602854305172233e+00
1.475100000000000000e+04,1.213907161018392245e+00
1.475200000000000000e+04,1.096383484760843130e+00
1.475300000000000000e+04,1.247385721810574388e+00
1.475400000000000000e+04,1.265955843974656769e+00
1.475500000000000000e+04,1.242594495684826494e+00
1.475600000000000000e+04,1.157253979173962222e+00
1.475700000000000000e+04,1.237510236135596076e+00
1.475800000000000000e+04,1.182525745153209629e+00
1.475900000000000000e+04,1.175830381318781814e+00
1.476000000000000000e+04,1.231541784921924343e+00
1.476100000000000000e+04,1.225453076643685968e+00
1.476200000000000000e+04,1.101353018714227527e+00
1.476300000000000000e+04,1.236400906384918175e+00
1.476400000000000000e+04,1.331532470921443778e+00
1.476500000000000000e+04,1.247186863815056945e+00
1.476600000000000000e+04,1.150529175510794033e+00
1.476700000000000000e+04,1.215083041615673487e+00
1.476800000000000000e+04,1.093652375083088435e+00
1.476900000000000000e+04,1.225219079295696289e+00
1.477000000000000000e+04,1.163076596998716461e+00
1.477100000000000000e+04,1.093056978932562817e+00
1.477200000000000000e+04,1.179449660277669620e+00
1.477300000000000000e+04,1.126546976618234108e+00
1.477400000000000000e+04,1.287098373722888045e+00
1.477500000000000000e+04,1.157753554659086470e+00
1.477600000000000000e+04,1.315424197985309629e+00
1.477700000000000000e+04,1.307592291169757948e+00
1.477800000000000000e+04,1.266931293937463510e+00
1.477900000000000000e+04,1.189954429475273745e+00
1.478000000000000000e+04,1.195928316334688102e+00
1.478100000000000000e+04,9.923264467692742841e-01
1.478200000000000000e+04,1.171183710845595805e+00
1.478300000000000000e+04,1.174336248613916833e+00
1.478400000000000000e+04,1.249301706596094519e+00
1.478500000000000000e+04,1.167664678074556983e+00
1.478600000000000000e+04,1.152331965280883885e+00
1.478700000000000000e+04,1.225828831432268951e+00
1.478800000000000000e+04,1.144585577837577084e+00
1.478900000000000000e+04,1.290557893597784167e+00
1.479000000000000000e+04,1.232848222009440775e+00
1.479100000000000000e+04,1.155360460319445615e+00
1.479200000000000000e+04,1.374597615078874124e+00
1.479300000000000000e+04,1.097516161461024931e+00
1.479400000000000000e+04,1.046840772581607348e+00
1.479500000000000000e+04,1.347908097151361506e+00
1.479600000000000000e+04,1.063883374316844987e+00
1.479700000000000000e+04,1.196718518172493750e+00
1.479800000000000000e+04,1.180588039370744191e+00
1.479900000000000000e+04,1.179638445107495270e+00
1.480000000000000000e+04,1.056145066539489807e+00
1.480100000000000000e+04,1.334887310670122007e+00
1.480200000000000000e+04,1.291640323209175545e+00
1.480300000000000000e+04,1.263135028734076126e+00
1.480400000000000000e+04,1.234181430907232979e+00
1.480500000000000000e+04,1.216142269172388435e+00
1.480600000000000000e+04,1.209151649656352578e+00
1.480700000000000000e+04,1.232934729626199877e+00
1.480800000000000000e+04,1.125157410861660878e+00
1.480900000000000000e+04,1.209517412295194827e+00
1.481000000000000000e+04,9.869591627390215116e-01
1.481100000000000000e+04,1.116334488626749000e+00
1.481200000000000000e+04,1.134569770461864469e+00
1.481300000000000000e+04,1.262279185908130819e+00
1.481400000000000000e+04,1.208008653338193295e+00
1.481500000000000000e+04,1.363749568100034004e+00
1.481600000000000000e+04,1.247402715609412738e+00
1.481700000000000000e+04,1.425315639798311773e+00
1.481800000000000000e+04,1.238499707214965495e+00
1.481900000000000000e+04,1.228212251511238362e+00
1.482000000000000000e+04,1.123451748115084969e+00
1.482100000000000000e+04,1.247555161608057572e+00
1.482200000000000000e+04,1.263751477044224636e+00
1.482300000000000000e+04,1.227424929516111263e+00
1.482400000000000000e+04,1.267344682605471506e+00
1.482500000000000000e+04,1.117938307560236044e+00
1.482600000000000000e+04,1.299554547513443792e+00
1.482700000000000000e+04,1.112616787137955976e+00
1.482800000000000000e+04,1.256703598930793309e+00
1.482900000000000000e+04,1.177961779461236480e+00
1.483000000000000000e+04,1.138138564604670444e+00
1.483100000000000000e+04,1.150606104333266710e+00
1.483200000000000000e+04,1.174657630747218517e+00
1.483300000000000000e+04,1.346989090983769177e+00
1.483400000000000000e+04,1.219430036499994152e+00
1.483500000000000000e+04,1.272625383425510570e+00
1.483600000000000000e+04,1.296414543687438359e+00
1.483700000000000000e+04,1.297077530554577418e+00
1.483800000000000000e+04,1.217552381355055946e+00
1.483900000000000000e+04,1.264544051450669615e+00
1.484000000000000000e+04,1.251769008923066195e+00
1.484100000000000000e+04,1.282916197221827259e+00
1.484200000000000000e+04,1.196919103424431308e+00
1.484300000000000000e+04,1.159828112820892487e+00
1.484400000000000000e+04,1.213870846698553052e+00
1.484500000000000000e+04,1.344279761872823054e+00
1.484600000000000000e+04,1.246190904082108197e+00
1.484700000000000000e+04,1.269286072821753208e+00
1.484800000000000000e+04,1.236215972843375699e+00
1.484900000000000000e+04,1.251410153481181897e+00
1.485000000000000000e+04,1.227770423977044167e+00
1.485100000000000000e+04,1.252912485850001589e+00
1.485200000000000000e+04,1.212441749192228579e+00
1.485300000000000000e+04,1.259388793062525602e+00
1.485400000000000000e+04,1.356410351962559213e+00
1.485500000000000000e+04,1.198726111143773920e+00
1.485600000000000000e+04,1.204612598155022196e+00
1.485700000000000000e+04,1.088742419148482243e+00
1.485800000000000000e+04,1.246207789532586485e+00
1.485900000000000000e+04,1.338262562712055237e+00
1.486000000000000000e+04,1.304620085204436286e+00
1.486100000000000000e+04,1.287124627479256711e+00
1.486200000000000000e+04,1.073518560433494917e+00
1.486300000000000000e+04,1.130175690816192402e+00
1.486400000000000000e+04,1.240996750317357344e+00
1.486500000000000000e+04,1.189144821889072556e+00
1.486600000000000000e+04,1.301703297321066266e+00
1.486700000000000000e+04,1.265457337638592250e+00
1.486800000000000000e+04,1.165041948956548001e+00
1.486900000000000000e+04,1.230445054502820046e+00
1.487000000000000000e+04,1.298484711654934731e+00
1.487100000000000000e+04,1.197985219514783761e+00
1.487200000000000000e+04,1.226298278627619531e+00
1.487300000000000000e+04,1.215953421160735237e+00
1.487400000000000000e+04,1.252873737562818057e+00
1.487500000000000000e+04,1.245665673318712141e+00
1.487600000000000000e+04,1.315265015705648910e+00
1.487700000000000000e+04,1.278677216166874686e+00
1.487800000000000000e+04,1.161336799504685713e+00
1.487900000000000000e+04,1.300947702789705840e+00
1.488000000000000000e+04,1.254172717007621340e+00
1.488100000000000000e+04,1.329541602300348346e+00
1.488200000000000000e+04,1.311633262523930865e+00
1.488300000000000000e+04,1.339658339433615453e+00
1.488400000000000000e+04,1.193025288736585088e+00
1.488500000000000000e+04,1.296024150527406826e+00
1.488600000000000000e+04,1.477041659330697199e+00
1.488700000000000000e+04,1.309022261173279134e+00
1.488800000000000000e+04,1.107162863792342078e+00
1.488900000000000000e+04,1.240089597094796492e+00
1.489000000000000000e+04,1.229909294406066556e+00
1.489100000000000000e+04,1.162285009915864142e+00
1.489200000000000000e+04,1.157646391164467436e+00
1.489300000000000000e+04,1.343518922460498199e+00
1.489400000000000000e+04,1.255699052777977220e+00
1.489500000000000000e+04,1.278527804159036441e+00
1.489600000000000000e+04,1.335057999166675780e+00
1.489700000000000000e+04,1.383030943282389513e+00
1.489800000000000000e+04,1.288569801245228241e+00
1.489900000000000000e+04,1.246629497939224507e+00
1.490000000000000000e+04,1.217886231064063685e+00
1.490100000000000000e+04,1.262512362805256139e+00
1.490200000000000000e+04,1.311528309660612512e+00
1.490300000000000000e+04,1.139750286715952576e+00
1.490400000000000000e+04,1.171830650418662856e+00
1.490500000000000000e+04,1.243246835507700654e+00
1.490600000000000000e+04,1.368068551782854581e+00
1.490700000000000000e+04,1.328153503142926128e+00
1.490800000000000000e+04,1.164069164695302083e+00
1.490900000000000000e+04,1.258211078438106423e+00
1.491000000000000000e+04,1.223017391476390880e+00
1.491100000000000000e+04,1.141457990770510689e+00
1.491200000000000000e+04,1.328919853868161471e+00
1.491300000000000000e+04,1.342761615057262103e+00
1.491400000000000000e+04,1.313702407960501306e+00
1.491500000000000000e+04,1.216083578162799883e+00
1.491600000000000000e+04,1.361128442955287232e+00
1.491700000000000000e+04,1.121680080801053858e+00
1.491800000000000000e+04,1.141762788705293907e+00
1.491900000000000000e+04,1.251016744101261624e+00
1.492000000000000000e+04,1.222589093630706003e+00
1.492100000000000000e+04,1.226215948836809178e+00
1.492200000000000000e+04,1.267702586649913199e+00
1.492300000000000000e+04,1.103739109441550292e+00
1.492400000000000000e+04,1.267865084166081235e+00
1.492500000000000000e+04,1.268225299549331053e+00
1.492600000000000000e+04,1.295651020465054204e+00
1.492700000000000000e+04,1.199932247020311760e+00
1.492800000000000000e+04,1.229814938048938933e+00
1.492900000000000000e+04,1.230078268424105836e+00
1.493000000000000000e+04,1.284545205742479546e+00
1.493100000000000000e+04,1.191672249791903226e+00
1.493200000000000000e+04,1.196119577085220431e+00
1.493300000000000000e+04,1.189230138408191806e+00
1.493400000000000000e+04,1.252744545243092755e+00
1.493500000000000000e+04,1.225930218673960015e+00
1.493600000000000000e+04,1.158573408335825228e+00
1.493700000000000000e+04,1.144198816227316229e+00
1.493800000000000000e+04,1.255023717060856914e+00
1.493900000000000000e+04,1.290768905180281312e+00
1.494000000000000000e+04,1.244154397941711565e+00
1.494100000000000000e+04,1.144533214192135162e+00
1.494200000000000000e+04,1.155392668650439880e+00
1.494300000000000000e+04,1.363900084573237415e+00
1.494400000000000000e+04,1.350706585469373167e+00
1.494500000000000000e+04,1.184408906452714572e+00
1.494600000000000000e+04,1.329169053136281420e+00
1.494700000000000000e+04,1.200766624776039571e+00
1.494800000000000000e+04,1.184723695516242792e+00
1.494900000000000000e+04,1.209649376274891885e+00
1.495000000000000000e+04,1.114957148409028598e+00
1.495100000000000000e+04,1.290144981416877501e+00
1.495200000000000000e+04,1.215971003086630642e+00
1.495300000000000000e+04,1.254337635286892905e+00
1.495400000000000000e+04,1.068617765384356044e+00
1.495500000000000000e+04,1.231852092256685571e+00
1.495600000000000000e+04,1.270958657367164513e+00
1.495700000000000000e+04,1.233357388490036177e+00
1.495800000000000000e+04,1.330762021732611933e+00
1.495900000000000000e+04,1.323073630452587413e+00
1.496000000000000000e+04,1.277579864742593108e+00
1.496100000000000000e+04,1.342255111586027727e+00
1.496200000000000000e+04,1.201867678309180176e+00
1.496300000000000000e+04,1.226759070061437251e+00
1.496400000000000000e+04,1.199233394055283730e+00
1.496500000000000000e+04,1.288576492986386102e+00
1.496600000000000000e+04,1.348644092370523184e+00
1.496700000000000000e+04,1.218110426010651670e+00
1.496800000000000000e+04,1.246617802542149489e+00
1.496900000000000000e+04,1.172541718310714742e+00
1.497000000000000000e+04,1.243165831070595528e+00
1.497100000000000000e+04,1.199575578734626058e+00
1.497200000000000000e+04,1.181294300044279932e+00
1.497300000000000000e+04,1.222869437978818530e+00
1.497400000000000000e+04,1.257663791650642793e+00
1.497500000000000000e+04,1.339392241753244672e+00
1.497600000000000000e+04,1.199741839731329751e+00
1.497700000000000000e+04,1.229409086532589290e+00
1.497800000000000000e+04,1.133681467259312292e+00
1.497900000000000000e+04,1.253199689224511193e+00
1.498000000000000000e+04,1.163290823513229766e+00
1.498100000000000000e+04,1.076941729239598411e+00
1.498200000000000000e+04,1.306860333079754577e+00
1.498300000000000000e+04,1.186332324279193662e+00
1.498400000000000000e+04,1.076494034751390938e+00
1.498500000000000000e+04,1.141120248906014822e+00
1.498600000000000000e+04,1.061703121900600566e+00
1.498700000000000000e+04,1.166749950573630734e+00
1.498800000000000000e+04,1.226327349256330912e+00
1.498900000000000000e+04,1.153328031180168800e+00
1.499000000000000000e+04,1.203710279306890563e+00
1.499100000000000000e+04,1.412706916986250949e+00
1.499200000000000000e+04,1.392475785573822344e+00
1.499300000000000000e+04,1.264716444205259860e+00
1.499400000000000000e+04,1.214181079878662528e+00
1.499500000000000000e+04,1.401046122844830988e+00
1.499600000000000000e+04,1.119045855608657991e+00
1.499700000000000000e+04,1.230010760301074146e+00
1.499800000000000000e+04,1.208644703999791403e+00
1.499900000000000000e+04,1.186086874015220838e+00
1.500000000000000000e+04,1.156096076565607644e+00
1.500100000000000000e+04,1.234177055753973518e+00
1.500200000000000000e+04,1.367718024704067226e+00
1.500300000000000000e+04,1.242184623091893814e+00
1.500400000000000000e+04,1.311565954576496384e+00
1.500500000000000000e+04,1.251224451517346514e+00
1.500600000000000000e+04,1.172927265401908725e+00
1.500700000000000000e+04,1.301495796109771064e+00
1.500800000000000000e+04,1.259855765727282861e+00
1.500900000000000000e+04,1.258539295081835485e+00
1.501000000000000000e+04,1.276953627724967788e+00
1.501100000000000000e+04,1.108717097029887633e+00
1.501200000000000000e+04,1.191487883551014759e+00
1.501300000000000000e+04,1.170123429426763062e+00
1.501400000000000000e+04,1.189281866227688944e+00
1.501500000000000000e+04,1.150333420825038200e+00
1.501600000000000000e+04,1.111014184867390675e+00
1.501700000000000000e+04,1.278747417531753916e+00
1.501800000000000000e+04,1.344818561977170646e+00
1.501900000000000000e+04,1.356395183534162996e+00
1.502000000000000000e+04,1.361935512025957085e+00
1.502100000000000000e+04,1.229488881842517589e+00
1.502200000000000000e+04,1.165998888716720083e+00
1.502300000000000000e+04,1.287534665066098150e+00
1.502400000000000000e+04,1.398575253231969961e+00
1.502500000000000000e+04,1.298217130288554122e+00
1.502600000000000000e+04,1.181277996364772820e+00
1.502700000000000000e+04,1.291546498050008651e+00
1.502800000000000000e+04,1.206583686665437138e+00
1.502900000000000000e+04,1.165878480056550703e+00
1.503000000000000000e+04,1.169867238051593983e+00
1.503100000000000000e+04,1.154793944378998072e+00
1.503200000000000000e+04,1.262463885665771945e+00
1.503300000000000000e+04,1.245615317236792308e+00
1.503400000000000000e+04,1.204609581076761415e+00
1.503500000000000000e+04,1.115326090797125413e+00
1.503600000000000000e+04,1.134125095023821306e+00
1.503700000000000000e+04,1.088173378621453136e+00
1.503800000000000000e+04,1.060064764031004803e+00
1.503900000000000000e+04,1.238275319707224931e+00
1.504000000000000000e+04,1.323890038464933028e+00
1.504100000000000000e+04,1.310152779808306134e+00
1.504200000000000000e+04,1.358701042465476183e+00
1.504300000000000000e+04,1.075198713913617210e+00
1.504400000000000000e+04,1.191507600590998806e+00
1.504500000000000000e+04,1.353862037780154681e+00
1.504600000000000000e+04,1.291402736305808707e+00
1.504700000000000000e+04,1.262895079740069315e+00
1.504800000000000000e+04,1.318137077131255275e+00
1.504900000000000000e+04,1.335780111106196655e+00
1.505000000000000000e+04,1.203248580954549007e+00
1.505100000000000000e+04,1.413467544739394066e+00
1.505200000000000000e+04,1.317830027057169007e+00
1.505300000000000000e+04,1.289623474670177128e+00
1.505400000000000000e+04,1.219311978471976810e+00
1.505500000000000000e+04,1.152763237999742563e+00
1.505600000000000000e+04,1.211254529709943073e+00
1.505700000000000000e+04,1.196968308170364148e+00
1.505800000000000000e+04,1.151020699115298251e+00
1.505900000000000000e+04,1.147798474049997131e+00
1.506000000000000000e+04,1.247533497232829358e+00
1.506100000000000000e+04,1.275086575553305845e+00
1.506200000000000000e+04,1.241816509027343196e+00
1.506300000000000000e+04,1.045443965432894418e+00
1.506400000000000000e+04,1.418921614580331614e+00
1.506500000000000000e+04,1.239673268559701835e+00
1.506600000000000000e+04,1.258666397311694274e+00
1.506700000000000000e+04,1.167055016190202910e+00
1.506800000000000000e+04,1.312620846166458577e+00
1.506900000000000000e+04,1.095307424878720681e+00
1.507000000000000000e+04,1.284150581546919856e+00
1.507100000000000000e+04,1.234492186263079994e+00
1.507200000000000000e+04,1.365395996143820012e+00
1.507300000000000000e+04,1.280501320017749745e+00
1.507400000000000000e+04,1.352665307057437483e+00
1.507500000000000000e+04,1.306067440444441452e+00
1.507600000000000000e+04,1.216586907182774402e+00
1.507700000000000000e+04,1.202911836512818189e+00
1.507800000000000000e+04,1.325685676524428036e+00
1.507900000000000000e+04,1.179855014305546623e+00
1.508000000000000000e+04,1.277043274653499205e+00
1.508100000000000000e+04,1.416738816074355256e+00
1.508200000000000000e+04,1.237610429192923744e+00
1.508300000000000000e+04,1.390270354139444997e+00
1.508400000000000000e+04,1.346442762688260242e+00
1.508500000000000000e+04,1.282354338719036146e+00
1.508600000000000000e+04,1.224215347695376321e+00
1.508700000000000000e+04,1.175338475801648075e+00
1.508800000000000000e+04,1.256580387766675244e+00
1.508900000000000000e+04,1.222114790774897042e+00
1.509000000000000000e+04,1.230118826247339481e+00
1.509100000000000000e+04,1.133293863671705815e+00
1.509200000000000000e+04,1.357303791689461248e+00
1.509300000000000000e+04,1.230861336462673039e+00
1.509400000000000000e+04,1.265586481490611481e+00
1.509500000000000000e+04,1.180945527190285338e+00
1.509600000000000000e+04,1.206461418831299204e+00
1.509700000000000000e+04,1.202269822970837954e+00
1.509800000000000000e+04,1.213647941229235139e+00
1.509900000000000000e+04,1.433211325378215495e+00
1.510000000000000000e+04,1.088930584944223456e+00
1.510100000000000000e+04,1.380002096354614016e+00
1.510200000000000000e+04,1.202892963542625759e+00
1.510300000000000000e+04,1.268264307334473262e+00
1.510400000000000000e+04,1.240399878839990810e+00
1.510500000000000000e+04,1.181317391170410236e+00
1.510600000000000000e+04,1.266204827794515042e+00
1.510700000000000000e+04,1.225778047177181085e+00
1.510800000000000000e+04,1.351483443984093924e+00
1.510900000000000000e+04,1.180503795948881551e+00
1.511000000000000000e+04,1.293980661368562490e+00
1.511100000000000000e+04,1.271583765472087846e+00
1.511200000000000000e+04,1.526455923085879629e+00
1.511300000000000000e+04,1.170675345404516454e+00
1.511400000000000000e+04,1.295139596224800682e+00
1.511500000000000000e+04,1.227033055068631029e+00
1.511600000000000000e+04,1.206074950651391697e+00
1.511700000000000000e+04,1.173573036627847843e+00
1.511800000000000000e+04,1.134490026110214433e+00
1.511900000000000000e+04,1.057935107966692323e+00
1.512000000000000000e+04,1.219787480848264938e+00
1.512100000000000000e+04,1.175753611461956005e+00
1.512200000000000000e+04,1.230929968312342693e+00
1.512300000000000000e+04,1.148796180381246979e+00
1.512400000000000000e+04,1.153223658158237797e+00
1.512500000000000000e+04,1.199030804124729510e+00
1.512600000000000000e+04,1.231555956810880703e+00
1.512700000000000000e+04,1.098605294672120536e+00
1.512800000000000000e+04,1.171597097290929756e+00
1.512900000000000000e+04,9.983734906910628482e-01
1.513000000000000000e+04,1.149148249851583037e+00
1.513100000000000000e+04,1.250227937925145083e+00
1.513200000000000000e+04,1.176059489212567533e+00
1.513300000000000000e+04,1.101971214065770921e+00
1.513400000000000000e+04,1.212769359166468552e+00
1.513500000000000000e+04,1.310687739753019221e+00
1.513600000000000000e+04,1.225748935596708167e+00
1.513700000000000000e+04,9.979033900557474634e-01
1.513800000000000000e+04,1.225295794763951562e+00
1.513900000000000000e+04,1.323862445477365757e+00
1.514000000000000000e+04,1.190501049613736706e+00
1.514100000000000000e+04,1.339074695069766507e+00
1.514200000000000000e+04,1.213602280920298870e+00
1.514300000000000000e+04,1.218560660525118244e+00
1.514400000000000000e+04,1.189621810955243442e+00
1.514500000000000000e+04,1.273905988735696493e+00
1.514600000000000000e+04,1.161707658005389776e+00
1.514700000000000000e+04,1.241472504395976229e+00
1.514800000000000000e+04,1.253523701978809246e+00
1.514900000000000000e+04,1.242431008215963972e+00
1.515000000000000000e+04,1.178496781093847146e+00
1.515100000000000000e+04,1.354974040908969890e+00
1.515200000000000000e+04,1.260137738954451470e+00
1.515300000000000000e+04,1.377412072442792512e+00
1.515400000000000000e+04,1.207502464578676937e+00
1.515500000000000000e+04,1.340979741114004753e+00
1.515600000000000000e+04,1.322468810455041499e+00
1.515700000000000000e+04,1.127383404351832041e+00
1.515800000000000000e+04,9.807732416206415005e-01
1.515900000000000000e+04,1.192276367634824918e+00
1.516000000000000000e+04,1.215155375442185104e+00
1.516100000000000000e+04,1.177088477929288723e+00
1.516200000000000000e+04,1.223319338353782149e+00
1.516300000000000000e+04,1.313844945088823879e+00
1.516400000000000000e+04,1.222288373637310910e+00
1.516500000000000000e+04,1.275777633180106951e+00
1.516600000000000000e+04,1.148758296205158347e+00
1.516700000000000000e+04,1.315790049123031880e+00
1.516800000000000000e+04,1.202490419524695042e+00
1.516900000000000000e+04,1.223170842644643930e+00
1.517000000000000000e+04,1.172764406006947313e+00
1.517100000000000000e+04,1.278431827079726135e+00
1.517200000000000000e+04,1.084341851023854053e+00
1.517300000000000000e+04,1.156095765214165239e+00
1.517400000000000000e+04,1.218268909972050285e+00
1.517500000000000000e+04,1.141365919811422103e+00
1.517600000000000000e+04,1.253440379982692088e+00
1.517700000000000000e+04,1.289014986499888327e+00
1.517800000000000000e+04,1.100057074171443272e+00
1.517900000000000000e+04,1.212149762632573458e+00
1.518000000000000000e+04,1.338919736301196206e+00
1.518100000000000000e+04,1.177673196045826876e+00
1.518200000000000000e+04,1.187579065224739772e+00
1.518300000000000000e+04,1.282398877349123056e+00
1.518400000000000000e+04,1.221959421644941424e+00
1.518500000000000000e+04,1.207696962470501623e+00
1.518600000000000000e+04,1.288594377378372124e+00
1.518700000000000000e+04,1.218210169120422570e+00
1.518800000000000000e+04,1.114206379823497350e+00
1.518900000000000000e+04,1.092440429902120202e+00
1.519000000000000000e+04,1.259145371687548920e+00
1.519100000000000000e+04,1.359236171043747055e+00
1.519200000000000000e+04,1.342754906423286876e+00
1.519300000000000000e+04,1.274248038241868830e+00
1.519400000000000000e+04,1.296432409447533907e+00
1.519500000000000000e+04,1.357756499329688671e+00
1.519600000000000000e+04,1.312808067130199818e+00
1.519700000000000000e+04,1.246132537568671372e+00
1.519800000000000000e+04,1.193735235066298195e+00
1.519900000000000000e+04,1.164872347089112692e+00
1.520000000000000000e+04,1.200120459406800677e+00
1.520100000000000000e+04,1.126426454081384199e+00
1.520200000000000000e+04,1.236359052160195704e+00
1.520300000000000000e+04,1.205949108816442905e+00
1.520400000000000000e+04,1.110178391364132100e+00
1.520500000000000000e+04,1.180959295205481929e+00
1.520600000000000000e+04,1.169400118067994265e+00
1.520700000000000000e+04,1.432842578853148474e+00
1.520800000000000000e+04,1.218221099090573523e+00
1.520900000000000000e+04,1.177355483941663117e+00
1.521000000000000000e+04,1.283991573543333597e+00
1.521100000000000000e+04,1.192413097124386478e+00
1.521200000000000000e+04,1.360155015841859383e+00
1.521300000000000000e+04,1.193546605516810910e+00
1.521400000000000000e+04,1.223782235051440459e+00
1.521500000000000000e+04,1.301442269717446143e+00
1.521600000000000000e+04,1.324547062056343316e+00
1.521700000000000000e+04,1.285643852354012129e+00
1.521800000000000000e+04,1.234601554560539993e+00
1.521900000000000000e+04,1.290849618742826443e+00
1.522000000000000000e+04,1.186157621570469667e+00
1.522100000000000000e+04,1.262478619001588198e+00
1.522200000000000000e+04,1.405404014528927492e+00
1.522300000000000000e+04,1.166135474891482060e+00
1.522400000000000000e+04,1.315025996525302387e+00
1.522500000000000000e+04,1.180015750401596009e+00
1.522600000000000000e+04,1.262004752827440512e+00
1.522700000000000000e+04,1.314680099191304352e+00
1.522800000000000000e+04,1.202015285692788371e+00
1.522900000000000000e+04,1.309974678344814736e+00
1.523000000000000000e+04,1.245150977438487461e+00
1.523100000000000000e+04,1.280165207093738156e+00
1.523200000000000000e+04,1.170288677066354532e+00
1.523300000000000000e+04,1.335330362675509308e+00
1.523400000000000000e+04,1.233961000291871057e+00
1.523500000000000000e+04,1.169430779850016977e+00
1.523600000000000000e+04,1.263831439331535522e+00
1.523700000000000000e+04,1.281041069910575203e+00
1.523800000000000000e+04,1.092160575455111804e+00
1.523900000000000000e+04,1.289748931185058067e+00
1.524000000000000000e+04,1.247985099905483564e+00
1.524100000000000000e+04,1.245175928374147478e+00
1.524200000000000000e+04,1.157268913175488967e+00
1.524300000000000000e+04,1.062343891590562084e+00
1.524400000000000000e+04,1.193311660852069522e+00
1.524500000000000000e+04,1.230936916077845389e+00
1.524600000000000000e+04,1.175180217348894107e+00
1.524700000000000000e+04,1.298037867781660415e+00
1.524800000000000000e+04,1.174688251244980552e+00
1.524900000000000000e+04,1.318215926800144544e+00
1.525000000000000000e+04,1.177947942741772502e+00
1.525100000000000000e+04,1.230894451442276605e+00
1.525200000000000000e+04,1.331280843537734127e+00
1.525300000000000000e+04,1.346898370555107638e+00
1.525400000000000000e+04,1.424530636121854821e+00
1.525500000000000000e+04,1.054402397171265937e+00
1.525600000000000000e+04,1.269286865698933120e+00
1.525700000000000000e+04,1.192697542800365662e+00
1.525800000000000000e+04,1.180162280664128538e+00
1.525900000000000000e+04,1.229430205439557167e+00
1.526000000000000000e+04,1.190719720117793479e+00
1.526100000000000000e+04,1.154978483946317303e+00
1.526200000000000000e+04,1.087975532680341528e+00
1.526300000000000000e+04,1.335043545970173273e+00
1.526400000000000000e+04,1.228225885491463165e+00
1.526500000000000000e+04,1.154639290016598707e+00
1.526600000000000000e+04,1.189471091016207183e+00
1.526700000000000000e+04,1.244884133797766745e+00
1.526800000000000000e+04,1.152928802644314743e+00
1.526900000000000000e+04,1.160663594277234534e+00
1.527000000000000000e+04,1.205239767130687589e+00
1.527100000000000000e+04,1.161712717625348779e+00
1.527200000000000000e+04,1.220103940345178994e+00
1.527300000000000000e+04,1.334232277192793692e+00
1.527400000000000000e+04,1.301439118955666441e+00
1.527500000000000000e+04,1.315799804201032819e+00
1.527600000000000000e+04,1.284357196939956536e+00
1.527700000000000000e+04,1.355473155776500516e+00
1.527800000000000000e+04,1.231881238181014249e+00
1.527900000000000000e+04,1.351704215291280597e+00
1.528000000000000000e+04,1.252076502526312529e+00
1.528100000000000000e+04,1.117747606705782548e+00
1.528200000000000000e+04,1.201887688828731537e+00
1.528300000000000000e+04,1.224729832495394799e+00
1.528400000000000000e+04,1.259223188580582464e+00
1.528500000000000000e+04,1.160382952305514914e+00
1.528600000000000000e+04,1.224529800624548415e+00
1.528700000000000000e+04,1.384669240274453150e+00
1.528800000000000000e+04,1.258049220279561453e+00
1.528900000000000000e+04,1.298337912124764904e+00
1.529000000000000000e+04,1.153154828236307106e+00
1.529100000000000000e+04,1.138495809153546867e+00
1.529200000000000000e+04,1.292109190593339951e+00
1.529300000000000000e+04,1.193312421029378179e+00
1.529400000000000000e+04,1.221559461046078932e+00
1.529500000000000000e+04,1.316359172063687799e+00
1.529600000000000000e+04,1.416497383040965730e+00
1.529700000000000000e+04,1.249367203685592509e+00
1.529800000000000000e+04,1.309769755132691005e+00
1.529900000000000000e+04,1.242648623181844769e+00
1.530000000000000000e+04,1.303422036299102249e+00
1.530100000000000000e+04,1.365802171131830667e+00
1.530200000000000000e+04,1.152838107756029906e+00
1.530300000000000000e+04,1.107301820074608756e+00
1.530400000000000000e+04,1.058671246248213516e+00
1.530500000000000000e+04,1.181599827268691394e+00
1.530600000000000000e+04,1.205238541856610501e+00
1.530700000000000000e+04,1.214670735279663072e+00
1.530800000000000000e+04,1.184301195949598373e+00
1.530900000000000000e+04,1.334148185156652122e+00
1.531000000000000000e+04,1.185477062372383816e+00
1.531100000000000000e+04,1.103774158887948831e+00
1.531200000000000000e+04,1.301869137532012832e+00
1.531300000000000000e+04,1.323961702438040788e+00
1.531400000000000000e+04,1.069004061546169115e+00
1.531500000000000000e+04,1.073224645083890483e+00
1.531600000000000000e+04,1.217593598023599011e+00
1.531700000000000000e+04,1.278029724625492802e+00
1.531800000000000000e+04,1.178147240943412832e+00
1.531900000000000000e+04,1.246857830543370627e+00
1.532000000000000000e+04,1.270542685692790164e+00
1.532100000000000000e+04,1.196672107514898498e+00
1.532200000000000000e+04,1.053705386287193013e+00
1.532300000000000000e+04,1.235755183190187401e+00
1.532400000000000000e+04,1.222424725333245865e+00
1.532500000000000000e+04,1.235210461056978293e+00
1.532600000000000000e+04,1.306573000262285289e+00
1.532700000000000000e+04,1.320678610772134887e+00
1.532800000000000000e+04,1.327542285103976871e+00
1.532900000000000000e+04,1.306019477405180762e+00
1.533000000000000000e+04,1.092161107117016305e+00
1.533100000000000000e+04,1.041165082934255359e+00
1.533200000000000000e+04,1.365991664592073551e+00
1.533300000000000000e+04,1.247321277577716270e+00
1.533400000000000000e+04,1.027994704513321977e+00
1.533500000000000000e+04,1.098520166753957250e+00
1.533600000000000000e+04,1.054117736448037634e+00
1.533700000000000000e+04,1.323725569591815532e+00
1.533800000000000000e+04,1.281929760453382805e+00
1.533900000000000000e+04,1.302267758897935002e+00
1.534000000000000000e+04,1.203551303088897795e+00
1.534100000000000000e+04,1.223558818671058424e+00
1.534200000000000000e+04,1.059205080633868423e+00
1.534300000000000000e+04,1.263562908506385307e+00
1.534400000000000000e+04,1.211178074926366977e+00
1.534500000000000000e+04,1.304454270733967025e+00
1.534600000000000000e+04,1.032098874428069024e+00
1.534700000000000000e+04,1.273026465942041163e+00
1.534800000000000000e+04,1.187771721369850209e+00
1.534900000000000000e+04,1.137906223806919082e+00
1.535000000000000000e+04,1.115511550258875717e+00
1.535100000000000000e+04,1.134778546451230330e+00
1.535200000000000000e+04,1.149799197112433280e+00
1.535300000000000000e+04,1.255454184901786174e+00
1.535400000000000000e+04,1.375031093842556063e+00
1.535500000000000000e+04,1.277497934954542558e+00
1.535600000000000000e+04,1.446866546953135213e+00
1.535700000000000000e+04,1.356338675887625467e+00
1.535800000000000000e+04,1.330584359263569993e+00
1.535900000000000000e+04,1.155846383464121940e+00
1.536000000000000000e+04,1.385435819834925031e+00
1.536100000000000000e+04,1.150359914064613465e+00
1.536200000000000000e+04,1.225729966502575596e+00
1.536300000000000000e+04,1.258196630751233114e+00
1.536400000000000000e+04,1.330032677309526568e+00
1.536500000000000000e+04,1.281679594964475921e+00
1.536600000000000000e+04,1.288396664823264315e+00
1.536700000000000000e+04,1.247846513321779760e+00
1.536800000000000000e+04,1.304636887639100573e+00
1.536900000000000000e+04,1.179589142996176676e+00
1.537000000000000000e+04,1.060060394307518417e+00
1.537100000000000000e+04,1.258523455254967782e+00
1.537200000000000000e+04,1.242866204606014158e+00
1.537300000000000000e+04,1.352495918344834180e+00
1.537400000000000000e+04,1.204418645430734180e+00
1.537500000000000000e+04,1.342031165070022514e+00
1.537600000000000000e+04,1.288529854403621666e+00
1.537700000000000000e+04,1.119192753230855208e+00
1.537800000000000000e+04,1.141252248563429772e+00
1.537900000000000000e+04,1.237881952700430332e+00
1.538000000000000000e+04,1.323496305071233614e+00
1.538100000000000000e+04,1.191806018452892912e+00
1.538200000000000000e+04,1.266537220889108806e+00
1.538300000000000000e+04,1.385558766759569460e+00
1.538400000000000000e+04,1.203524104480681256e+00
1.538500000000000000e+04,1.245153274678731936e+00
1.538600000000000000e+04,1.120561853867428681e+00
1.538700000000000000e+04,1.304233474888338851e+00
1.538800000000000000e+04,1.327388063992743783e+00
1.538900000000000000e+04,1.248633114142642997e+00
1.539000000000000000e+04,1.398908326040178673e+00
1.539100000000000000e+04,1.238667138566770687e+00
1.539200000000000000e+04,1.396446285076636373e+00
1.539300000000000000e+04,1.235880534698448052e+00
1.539400000000000000e+04,1.210609196131422927e+00
1.539500000000000000e+04,1.171301692104363967e+00
1.539600000000000000e+04,1.263516005920150898e+00
1.539700000000000000e+04,1.289984526343407101e+00
1.539800000000000000e+04,1.298339487932007819e+00
1.539900000000000000e+04,1.192424070768699496e+00
1.540000000000000000e+04,1.127155712036106872e+00
1.540100000000000000e+04,1.348021423382318229e+00
1.540200000000000000e+04,1.222175704732396007e+00
1.540300000000000000e+04,1.257233035422434142e+00
1.540400000000000000e+04,1.161381623289952536e+00
1.540500000000000000e+04,1.198714765889157929e+00
1.540600000000000000e+04,1.195770584512024781e+00
1.540700000000000000e+04,1.215623858977217919e+00
1.540800000000000000e+04,1.129182715063101750e+00
1.540900000000000000e+04,1.189448409393233153e+00
1.541000000000000000e+04,1.313683846477919248e+00
1.541100000000000000e+04,1.201560184765954498e+00
1.541200000000000000e+04,1.305946433593778488e+00
1.541300000000000000e+04,1.167492462777185214e+00
1.541400000000000000e+04,1.225115801739128596e+00
1.541500000000000000e+04,1.119304038869354478e+00
1.541600000000000000e+04,1.232401607131879295e+00
1.541700000000000000e+04,1.167772562263941882e+00
1.541800000000000000e+04,1.313769178910631386e+00
1.541900000000000000e+04,1.287859571978762885e+00
1.542000000000000000e+04,1.193422453542102524e+00
1.542100000000000000e+04,1.102036881963455173e+00
1.542200000000000000e+04,1.495875133112737121e+00
1.542300000000000000e+04,1.246890158085133482e+00
1.542400000000000000e+04,1.301117468088460738e+00
1.542500000000000000e+04,1.300018578298202776e+00
1.542600000000000000e+04,1.269330868527071887e+00
1.542700000000000000e+04,1.232935609689009171e+00
1.542800000000000000e+04,1.196577409426414551e+00
1.542900000000000000e+04,1.128093932857965997e+00
1.543000000000000000e+04,1.129287906946637277e+00
1.543100000000000000e+04,1.184722093501000328e+00
1.543200000000000000e+04,1.189335424194496893e+00
1.543300000000000000e+04,1.226174730892421127e+00
1.543400000000000000e+04,1.182615690814668996e+00
1.543500000000000000e+04,1.265415743154618688e+00
1.543600000000000000e+04,1.113983067917374115e+00
1.543700000000000000e+04,1.220869208883673451e+00
1.543800000000000000e+04,1.319373883348584187e+00
1.543900000000000000e+04,1.272823300754048370e+00
1.544000000000000000e+04,1.278057443162285089e+00
1.544100000000000000e+04,1.232513028211256190e+00
1.544200000000000000e+04,1.197267810682673961e+00
1.544300000000000000e+04,1.148228786442310412e+00
1.544400000000000000e+04,1.279802216823331174e+00
1.544500000000000000e+04,1.179166732692029873e+00
1.544600000000000000e+04,1.236716998745801765e+00
1.544700000000000000e+04,1.116896523116538198e+00
1.544800000000000000e+04,1.202012177709047336e+00
1.544900000000000000e+04,1.119216680698398303e+00
1.545000000000000000e+04,1.156550318029418989e+00
1.545100000000000000e+04,1.124185588931164714e+00
1.545200000000000000e+04,1.206870222604856435e+00
1.545300000000000000e+04,1.145893757834221427e+00
1.545400000000000000e+04,1.236616889602642155e+00
1.545500000000000000e+04,1.229788954896610553e+00
1.545600000000000000e+04,1.234281147736769668e+00
1.545700000000000000e+04,1.007802414995585760e+00
1.545800000000000000e+04,1.311685974721140235e+00
1.545900000000000000e+04,1.255746181740102996e+00
1.546000000000000000e+04,1.203936975308098400e+00
1.546100000000000000e+04,1.218262511081697808e+00
1.546200000000000000e+04,1.409506012911652562e+00
1.546300000000000000e+04,1.224869639712069080e+00
1.546400000000000000e+04,1.251397211017987843e+00
1.546500000000000000e+04,1.155658871806932719e+00
1.546600000000000000e+04,1.257473591083878350e+00
1.546700000000000000e+04,1.243133694533598455e+00
1.546800000000000000e+04,1.172155141264780376e+00
1.546900000000000000e+04,1.134326761810406703e+00
1.547000000000000000e+04,1.204478074148961353e+00
1.547100000000000000e+04,1.098715029348577232e+00
1.547200000000000000e+04,1.077950160350597208e+00
1.547300000000000000e+04,1.156001997399945358e+00
1.547400000000000000e+04,1.268838815767695971e+00
1.547500000000000000e+04,1.223162627522356605e+00
1.547600000000000000e+04,1.209610102963051714e+00
1.547700000000000000e+04,1.270445504473029841e+00
1.547800000000000000e+04,1.255914634674573760e+00
1.547900000000000000e+04,1.248888792484697197e+00
1.548000000000000000e+04,1.282381547011623990e+00
1.548100000000000000e+04,1.191417018339786082e+00
1.548200000000000000e+04,1.333518580126110464e+00
1.548300000000000000e+04,1.196101875758642130e+00
1.548400000000000000e+04,1.145894787537285131e+00
1.548500000000000000e+04,1.338939589348699943e+00
1.548600000000000000e+04,1.131390606466972759e+00
1.548700000000000000e+04,1.151378943279984801e+00
1.548800000000000000e+04,1.308953439990024226e+00
1.548900000000000000e+04,1.161311256465574537e+00
1.549000000000000000e+04,1.345944256950780460e+00
1.549100000000000000e+04,1.271506981684093374e+00
1.549200000000000000e+04,1.293035547874799240e+00
1.549300000000000000e+04,1.185833547787061404e+00
1.549400000000000000e+04,1.373064172780332104e+00
1.549500000000000000e+04,1.165560843976745087e+00
1.549600000000000000e+04,1.222344676833637900e+00
1.549700000000000000e+04,1.383960003807537698e+00
1.549800000000000000e+04,1.180908658533914357e+00
1.549900000000000000e+04,1.246635787192155842e+00
1.550000000000000000e+04,1.293431984955067060e+00
1.550100000000000000e+04,1.405289350657773495e+00
1.550200000000000000e+04,1.309877925199030901e+00
1.550300000000000000e+04,1.368057085098922876e+00
1.550400000000000000e+04,1.295594569131613749e+00
1.550500000000000000e+04,1.056895417668098025e+00
1.550600000000000000e+04,1.285686268477479244e+00
1.550700000000000000e+04,1.179707032956801349e+00
1.550800000000000000e+04,1.227251596826407276e+00
1.550900000000000000e+04,1.173733510325288831e+00
1.551000000000000000e+04,1.303226281004455922e+00
1.551100000000000000e+04,1.281910508699699802e+00
1.551200000000000000e+04,1.207648815685352650e+00
1.551300000000000000e+04,1.204461624254434371e+00
1.551400000000000000e+04,1.247058550653631803e+00
1.551500000000000000e+04,1.046606206680365636e+00
1.551600000000000000e+04,1.120336984918399281e+00
1.551700000000000000e+04,1.144455781424099428e+00
1.551800000000000000e+04,1.183277471089896782e+00
1.551900000000000000e+04,1.116750768319604292e+00
1.552000000000000000e+04,1.164143539614093781e+00
1.552100000000000000e+04,1.275792366321881754e+00
1.552200000000000000e+04,1.330283275036786339e+00
1.552300000000000000e+04,1.362219294509015466e+00
1.552400000000000000e+04,1.282368484067684777e+00
1.552500000000000000e+04,1.106126431458520853e+00
1.552600000000000000e+04,1.324202215312942021e+00
1.552700000000000000e+04,1.087130278819546048e+00
1.552800000000000000e+04,1.279024993567145385e+00
1.552900000000000000e+04,1.319357737540598929e+00
1.553000000000000000e+04,1.286442381029587967e+00
1.553100000000000000e+04,1.143663945631601120e+00
1.553200000000000000e+04,1.182123512375458541e+00
1.553300000000000000e+04,1.275292435531183877e+00
1.553400000000000000e+04,1.344055572332772286e+00
1.553500000000000000e+04,1.379627359875184034e+00
1.553600000000000000e+04,1.351032724892472503e+00
1.553700000000000000e+04,1.257333820220750908e+00
1.553800000000000000e+04,1.300277896537865407e+00
1.553900000000000000e+04,1.323666066256567353e+00
1.554000000000000000e+04,1.245547269372227595e+00
1.554100000000000000e+04,1.281164278525174005e+00
1.554200000000000000e+04,1.233528242928460639e+00
1.554300000000000000e+04,1.185752313872789676e+00
1.554400000000000000e+04,1.190255413520852290e+00
1.554500000000000000e+04,1.148965974338448159e+00
1.554600000000000000e+04,1.249010801622376876e+00
1.554700000000000000e+04,1.259223671314749327e+00
1.554800000000000000e+04,1.242889675263126437e+00
1.554900000000000000e+04,1.238396123452787156e+00
1.555000000000000000e+04,1.178171171447773613e+00
1.555100000000000000e+04,1.228570322375878154e+00
1.555200000000000000e+04,1.454341336993665745e+00
1.555300000000000000e+04,1.299820272062168547e+00
1.555400000000000000e+04,1.230792576141539030e+00
1.555500000000000000e+04,1.542607330853862813e+00
1.555600000000000000e+04,1.458161438397393317e+00
1.555700000000000000e+04,1.375613980665688407e+00
1.555800000000000000e+04,1.187364494430042550e+00
1.555900000000000000e+04,1.314858551243354379e+00
1.556000000000000000e+04,1.167422096865713410e+00
1.556100000000000000e+04,1.253170239127844088e+00
1.556200000000000000e+04,1.355608479698001467e+00
1.556300000000000000e+04,1.349498612440351408e+00
1.556400000000000000e+04,1.383442963679706539e+00
1.556500000000000000e+04,1.342541488596967314e+00
1.556600000000000000e+04,1.250495013042608905e+00
1.556700000000000000e+04,1.386563125596625978e+00
1.556800000000000000e+04,1.255620868552617342e+00
1.556900000000000000e+04,1.180182026490305791e+00
1.557000000000000000e+04,1.058889678070898066e+00
1.557100000000000000e+04,1.172345736562598884e+00
1.557200000000000000e+04,1.207281939386195546e+00
1.557300000000000000e+04,1.268094993378589219e+00
1.557400000000000000e+04,1.259948579101684007e+00
1.557500000000000000e+04,1.315198985960994937e+00
1.557600000000000000e+04,1.224749828621193526e+00
1.557700000000000000e+04,1.194526389958508794e+00
1.557800000000000000e+04,1.262752793323282940e+00
1.557900000000000000e+04,1.405473999247636163e+00
1.558000000000000000e+04,1.343647110471063000e+00
1.558100000000000000e+04,1.340167628425616320e+00
1.558200000000000000e+04,1.169759314891416491e+00
1.558300000000000000e+04,1.347776253263515578e+00
1.558400000000000000e+04,1.210935697364420527e+00
1.558500000000000000e+04,1.221130284820120204e+00
1.558600000000000000e+04,1.251121342155154803e+00
1.558700000000000000e+04,1.455653285120373397e+00
1.558800000000000000e+04,1.296660841298652223e+00
1.558900000000000000e+04,1.260655118210706860e+00
1.559000000000000000e+04,1.253120532195984627e+00
1.559100000000000000e+04,1.147642711890178191e+00
1.559200000000000000e+04,1.324542502789055831e+00
1.559300000000000000e+04,1.243281654987892670e+00
1.559400000000000000e+04,1.374845226786431507e+00
1.559500000000000000e+04,1.317892903195442278e+00
1.559600000000000000e+04,1.284085056550045012e+00
1.559700000000000000e+04,1.212483986940322778e+00
1.559800000000000000e+04,1.307541081430314112e+00
1.559900000000000000e+04,1.248428503814874801e+00
1.560000000000000000e+04,1.244316210840174186e+00
1.560100000000000000e+04,1.116890352534141595e+00
1.560200000000000000e+04,1.210862255231315077e+00
1.560300000000000000e+04,1.155532101624488828e+00
1.560400000000000000e+04,1.338277332638829309e+00
1.560500000000000000e+04,1.245842347150195151e+00
1.560600000000000000e+04,1.404123207888104075e+00
1.560700000000000000e+04,1.385360818429178353e+00
1.560800000000000000e+04,1.258160390080235169e+00
1.560900000000000000e+04,1.241850890156041887e+00
1.561000000000000000e+04,1.266024114645909693e+00
1.561100000000000000e+04,1.303836850136934622e+00
1.561200000000000000e+04,1.041487278269802363e+00
1.561300000000000000e+04,1.329196166357246911e+00
1.561400000000000000e+04,1.241119435927200865e+00
1.561500000000000000e+04,1.226902333565808245e+00
1.561600000000000000e+04,1.069346948257756225e+00
1.561700000000000000e+04,1.304055877372629180e+00
1.561800000000000000e+04,1.144436614858616252e+00
1.561900000000000000e+04,1.163480380899177380e+00
1.562000000000000000e+04,1.346663445291504502e+00
1.562100000000000000e+04,1.185056332800514367e+00
1.562200000000000000e+04,1.263784961652136607e+00
1.562300000000000000e+04,1.191285998573179405e+00
1.562400000000000000e+04,1.355156246672353904e+00
1.562500000000000000e+04,1.356198588410987949e+00
1.562600000000000000e+04,1.211622194229762473e+00
1.562700000000000000e+04,1.323506346675109357e+00
1.562800000000000000e+04,1.289121945244908973e+00
1.562900000000000000e+04,1.330761079275031067e+00
1.563000000000000000e+04,1.270670332376784062e+00
1.563100000000000000e+04,1.301338865866523919e+00
1.563200000000000000e+04,1.336447313513328128e+00
1.563300000000000000e+04,1.204765019029689910e+00
1.563400000000000000e+04,1.198576147672930192e+00
1.563500000000000000e+04,1.203919883086212561e+00
1.563600000000000000e+04,1.253013563591110824e+00
1.563700000000000000e+04,1.127335313784357362e+00
1.563800000000000000e+04,1.184872659306627884e+00
1.563900000000000000e+04,1.127003122436943894e+00
1.564000000000000000e+04,1.106111345646357158e+00
1.564100000000000000e+04,1.188131821986009307e+00
1.564200000000000000e+04,1.236452659350518291e+00
1.564300000000000000e+04,1.097592171893138291e+00
1.564400000000000000e+04,1.426203540004751691e+00
1.564500000000000000e+04,1.372967980624645090e+00
1.564600000000000000e+04,1.269390324983825868e+00
1.564700000000000000e+04,1.376374562763128084e+00
1.564800000000000000e+04,1.260795248759009723e+00
1.564900000000000000e+04,1.224596952677362793e+00
1.565000000000000000e+04,1.303664532034909840e+00
1.565100000000000000e+04,1.249850135669732465e+00
1.565200000000000000e+04,1.142631955335220217e+00
1.565300000000000000e+04,1.071974396433673649e+00
1.565400000000000000e+04,1.186267864814631201e+00
1.565500000000000000e+04,1.123672886909993229e+00
1.565600000000000000e+04,1.227374128999234371e+00
1.565700000000000000e+04,1.166354066228384889e+00
1.565800000000000000e+04,1.197863209823224695e+00
1.565900000000000000e+04,1.240754601042374228e+00
1.566000000000000000e+04,1.227709542931778808e+00
1.566100000000000000e+04,1.284862710046200229e+00
1.566200000000000000e+04,1.129314731866441823e+00
1.566300000000000000e+04,1.248074603223883194e+00
1.566400000000000000e+04,1.292078734139938456e+00
1.566500000000000000e+04,1.199840504701867649e+00
1.566600000000000000e+04,1.212148360116097168e+00
1.566700000000000000e+04,1.169464955098362013e+00
1.566800000000000000e+04,1.342822825614187421e+00
1.566900000000000000e+04,1.334733480793141469e+00
1.567000000000000000e+04,1.205174043350643043e+00
1.567100000000000000e+04,1.233612041660969938e+00
1.567200000000000000e+04,1.261723195414391041e+00
1.567300000000000000e+04,1.133974045987115042e+00
1.567400000000000000e+04,1.277760546749408199e+00
1.567500000000000000e+04,1.244080822744342729e+00
1.567600000000000000e+04,1.149636031559584604e+00
1.567700000000000000e+04,1.259564109365732598e+00
1.567800000000000000e+04,1.280141803179008830e+00
1.567900000000000000e+04,1.265532081868174119e+00
1.568000000000000000e+04,1.111161788564259290e+00
1.568100000000000000e+04,1.231752694879284515e+00
1.568200000000000000e+04,1.261370365966596241e+00
1.568300000000000000e+04,1.109217850755819912e+00
1.568400000000000000e+04,1.151136858790223538e+00
1.568500000000000000e+04,1.313070200933486920e+00
1.568600000000000000e+04,1.326770929535411980e+00
1.568700000000000000e+04,1.234537343035612356e+00
1.568800000000000000e+04,1.293710431158275442e+00
1.568900000000000000e+04,1.356452888473448581e+00
1.569000000000000000e+04,1.285464039324023311e+00
1.569100000000000000e+04,1.074412885616098379e+00
1.569200000000000000e+04,1.181834246350650819e+00
1.569300000000000000e+04,1.232676379920887966e+00
1.569400000000000000e+04,1.189705571829490216e+00
1.569500000000000000e+04,1.164532363862104569e+00
1.569600000000000000e+04,1.210057099520936763e+00
1.569700000000000000e+04,1.175965574958083071e+00
1.569800000000000000e+04,1.135203417225170153e+00
1.569900000000000000e+04,1.182719132716320898e+00
1.570000000000000000e+04,1.184251078377767996e+00
1.570100000000000000e+04,1.253654765805275240e+00
1.570200000000000000e+04,1.235008850178278550e+00
1.570300000000000000e+04,1.112037707212835347e+00
1.570400000000000000e+04,1.278596683390644584e+00
1.570500000000000000e+04,1.072118136557305812e+00
1.570600000000000000e+04,1.165890414311100187e+00
1.570700000000000000e+04,1.219461435236639746e+00
1.570800000000000000e+04,1.264434426340950157e+00
1.570900000000000000e+04,1.399015708056614349e+00
1.571000000000000000e+04,1.337080184622957857e+00
1.571100000000000000e+04,1.236850818807972985e+00
1.571200000000000000e+04,1.362532649447828481e+00
1.571300000000000000e+04,1.261884935196015745e+00
1.571400000000000000e+04,1.169945457777758380e+00
1.571500000000000000e+04,1.265498092322091317e+00
1.571600000000000000e+04,1.266847928132686318e+00
1.571700000000000000e+04,1.175511610000413265e+00
1.571800000000000000e+04,1.382933674980008298e+00
1.571900000000000000e+04,1.306360373534281250e+00
1.572000000000000000e+04,1.211034204639383827e+00
1.572100000000000000e+04,1.022325247123772485e+00
1.572200000000000000e+04,1.399102501475946836e+00
1.572300000000000000e+04,1.352955743064913063e+00
1.572400000000000000e+04,1.218189780800278843e+00
1.572500000000000000e+04,1.315997217146042342e+00
1.572600000000000000e+04,1.201218920001857038e+00
1.572700000000000000e+04,1.314479949860928976e+00
1.572800000000000000e+04,1.276691571756773724e+00
1.572900000000000000e+04,1.197070490800371090e+00
1.573000000000000000e+04,1.218576354044871302e+00
1.573100000000000000e+04,1.256425752446673760e+00
1.573200000000000000e+04,1.320385809133562072e+00
1.573300000000000000e+04,1.421772530830997638e+00
1.573400000000000000e+04,1.231812422045937883e+00
1.573500000000000000e+04,1.091794739455961727e+00
1.573600000000000000e+04,1.193304965299263998e+00
1.573700000000000000e+04,1.448331618769243212e+00
1.573800000000000000e+04,1.264824135145163009e+00
1.573900000000000000e+04,1.358457343455129251e+00
1.574000000000000000e+04,1.329834336452434096e+00
1.574100000000000000e+04,1.321003639108795369e+00
1.574200000000000000e+04,1.313465036746385595e+00
1.574300000000000000e+04,1.341563986286761434e+00
1.574400000000000000e+04,1.277398808058647139e+00
1.574500000000000000e+04,1.428380698819556871e+00
1.574600000000000000e+04,1.270100540499972119e+00
1.574700000000000000e+04,1.316287890840589059e+00
1.574800000000000000e+04,1.290944144634633028e+00
1.574900000000000000e+04,1.273015434230815091e+00
1.575000000000000000e+04,1.294841544324585536e+00
1.575100000000000000e+04,1.259930677968745361e+00
1.575200000000000000e+04,1.253844118710620625e+00
1.575300000000000000e+04,1.216067026918811189e+00
1.575400000000000000e+04,1.386440781729303406e+00
1.575500000000000000e+04,1.207380075018746002e+00
1.575600000000000000e+04,1.284335282469477368e+00
1.575700000000000000e+04,1.159304564820552885e+00
1.575800000000000000e+04,1.064747321890852305e+00
1.575900000000000000e+04,1.027628841997194842e+00
1.576000000000000000e+04,1.279747417718687386e+00
1.576100000000000000e+04,1.222044262881715193e+00
1.576200000000000000e+04,1.130193657909813965e+00
1.576300000000000000e+04,1.303664625196652826e+00
1.576400000000000000e+04,1.136744217192906747e+00
1.576500000000000000e+04,1.204961568889013401e+00
1.576600000000000000e+04,1.167400389731876986e+00
1.576700000000000000e+04,1.100468150332863937e+00
1.576800000000000000e+04,1.018279042305447746e+00
1.576900000000000000e+04,1.267682159730599611e+00
1.577000000000000000e+04,1.265995333324755112e+00
1.577100000000000000e+04,1.184303101051606522e+00
1.577200000000000000e+04,1.141749877050007633e+00
1.577300000000000000e+04,1.144325107237091244e+00
1.577400000000000000e+04,1.051181065907213386e+00
1.577500000000000000e+04,1.117097495197696411e+00
1.577600000000000000e+04,1.314639557690453264e+00
1.577700000000000000e+04,1.243988409851578547e+00
1.577800000000000000e+04,1.378078118524872941e+00
1.577900000000000000e+04,1.321204751915848075e+00
1.578000000000000000e+04,1.219261625052532771e+00
1.578100000000000000e+04,1.205197670576105384e+00
1.578200000000000000e+04,1.363643755212704756e+00
1.578300000000000000e+04,1.372872890898725107e+00
1.578400000000000000e+04,1.281918007640199475e+00
1.578500000000000000e+04,1.307771035222733635e+00
1.578600000000000000e+04,1.054532560020695620e+00
1.578700000000000000e+04,1.264994135804352160e+00
1.578800000000000000e+04,1.146572756185673558e+00
1.578900000000000000e+04,1.178098067194585985e+00
1.579000000000000000e+04,1.351176071103250109e+00
1.579100000000000000e+04,1.188648927610531647e+00
1.579200000000000000e+04,1.338741389722811315e+00
1.579300000000000000e+04,1.389865459101732537e+00
1.579400000000000000e+04,1.163591481517135762e+00
1.579500000000000000e+04,1.167641648443961566e+00
1.579600000000000000e+04,1.174603716016472177e+00
1.579700000000000000e+04,1.190512280877618512e+00
1.579800000000000000e+04,1.187286908871715507e+00
1.579900000000000000e+04,1.216449784747607232e+00
1.580000000000000000e+04,1.247625767331872026e+00
1.580100000000000000e+04,1.140538934125497228e+00
1.580200000000000000e+04,1.195005306919901145e+00
1.580300000000000000e+04,1.219736857474190028e+00
1.580400000000000000e+04,1.252051467241692695e+00
1.580500000000000000e+04,1.239812441912840457e+00
1.580600000000000000e+04,1.175977674227486558e+00
1.580700000000000000e+04,1.106720703394155958e+00
1.580800000000000000e+04,1.198319257317267406e+00
1.580900000000000000e+04,1.302491668007168535e+00
1.581000000000000000e+04,1.369550943121859765e+00
1.581100000000000000e+04,1.347944965651048932e+00
1.581200000000000000e+04,1.164523195149472334e+00
1.581300000000000000e+04,1.157324559666210728e+00
1.581400000000000000e+04,1.145211508164714731e+00
1.581500000000000000e+04,1.176615571591346665e+00
1.581600000000000000e+04,1.285563226020608685e+00
1.581700000000000000e+04,1.230068857003705718e+00
1.581800000000000000e+04,1.421902705925100818e+00
1.581900000000000000e+04,1.321038642200568880e+00
1.582000000000000000e+04,1.344717543894333511e+00
1.582100000000000000e+04,1.244652086857049866e+00
1.582200000000000000e+04,1.200416559952246276e+00
1.582300000000000000e+04,1.257176983194448594e+00
1.582400000000000000e+04,1.425353111183799371e+00
1.582500000000000000e+04,1.234297085242330727e+00
1.582600000000000000e+04,1.335954162538849355e+00
1.582700000000000000e+04,1.249027693530613270e+00
1.582800000000000000e+04,1.311835515202065094e+00
1.582900000000000000e+04,1.198010727762508054e+00
1.583000000000000000e+04,1.383271322392984448e+00
1.583100000000000000e+04,1.162777116228292051e+00
1.583200000000000000e+04,1.298743287854175144e+00
1.583300000000000000e+04,1.238589504245882322e+00
1.583400000000000000e+04,1.199512260227862948e+00
1.583500000000000000e+04,1.252973597845612241e+00
1.583600000000000000e+04,1.242937860735424893e+00
1.583700000000000000e+04,1.282157625277053459e+00
1.583800000000000000e+04,1.323708150519886440e+00
1.583900000000000000e+04,1.135524033291788193e+00
1.584000000000000000e+04,1.289327432385829031e+00
1.584100000000000000e+04,1.245159975169741751e+00
1.584200000000000000e+04,1.328750905011671701e+00
1.584300000000000000e+04,1.260403861166846440e+00
1.584400000000000000e+04,1.273699056830154053e+00
1.584500000000000000e+04,1.185616871282519469e+00
1.584600000000000000e+04,1.119128260404905983e+00
1.584700000000000000e+04,1.207883901160103468e+00
1.584800000000000000e+04,1.076592983394531133e+00
1.584900000000000000e+04,1.151927300843841540e+00
1.585000000000000000e+04,1.198025509820712875e+00
1.585100000000000000e+04,1.153380919063127896e+00
1.585200000000000000e+04,1.247485284123819760e+00
1.585300000000000000e+04,1.295043475529346955e+00
1.585400000000000000e+04,1.176006155022416122e+00
1.585500000000000000e+04,1.234018219682601725e+00
1.585600000000000000e+04,1.295701763698006825e+00
1.585700000000000000e+04,1.210484916137504641e+00
1.585800000000000000e+04,1.280766318309155105e+00
1.585900000000000000e+04,1.214236735966372382e+00
1.586000000000000000e+04,1.247496009442085052e+00
1.586100000000000000e+04,1.233947883463334838e+00
1.586200000000000000e+04,1.301991186055381444e+00
1.586300000000000000e+04,1.134275772995372744e+00
1.586400000000000000e+04,1.229725213634750958e+00
1.586500000000000000e+04,1.266343990759637883e+00
1.586600000000000000e+04,1.201668094322142721e+00
1.586700000000000000e+04,1.344268946955934796e+00
1.586800000000000000e+04,1.439035403520464218e+00
1.586900000000000000e+04,1.212110470591845734e+00
1.587000000000000000e+04,1.276088076183805153e+00
1.587100000000000000e+04,1.306033707145586309e+00
1.587200000000000000e+04,1.326494231788903466e+00
1.587300000000000000e+04,1.229166163865106576e+00
1.587400000000000000e+04,1.249290244303620900e+00
1.587500000000000000e+04,1.096637099249179625e+00
1.587600000000000000e+04,1.095357333697935864e+00
1.587700000000000000e+04,1.124504308920347917e+00
1.587800000000000000e+04,1.308776682858177942e+00
1.587900000000000000e+04,1.193986383276384622e+00
1.588000000000000000e+04,1.331459733789412736e+00
1.588100000000000000e+04,1.287388790025830065e+00
1.588200000000000000e+04,1.104970181310267030e+00
1.588300000000000000e+04,1.276500458220882539e+00
1.588400000000000000e+04,1.238663571025387933e+00
1.588500000000000000e+04,1.262533215360551964e+00
1.588600000000000000e+04,1.258330743802333451e+00
1.588700000000000000e+04,1.198315170222271187e+00
1.588800000000000000e+04,1.224125645306919363e+00
1.588900000000000000e+04,1.162125928168276756e+00
1.589000000000000000e+04,1.132886614324143393e+00
1.589100000000000000e+04,1.262835034326512895e+00
1.589200000000000000e+04,1.108988425005933420e+00
1.589300000000000000e+04,1.262759154439678566e+00
1.589400000000000000e+04,1.179972404428017319e+00
1.589500000000000000e+04,1.243787101429331798e+00
1.589600000000000000e+04,1.334410161101574177e+00
1.589700000000000000e+04,1.335991602610810070e+00
1.589800000000000000e+04,1.255588063784062847e+00
1.589900000000000000e+04,1.139438132488752808e+00
1.590000000000000000e+04,1.130440275515973481e+00
1.590100000000000000e+04,1.252882862348895676e+00
1.590200000000000000e+04,1.296128255974302812e+00
1.590300000000000000e+04,1.323757189145353674e+00
1.590400000000000000e+04,1.325363235211870050e+00
1.590500000000000000e+04,1.235218022997704779e+00
1.590600000000000000e+04,1.322730752734131432e+00
1.590700000000000000e+04,1.326777775582359320e+00
1.590800000000000000e+04,1.261125593699541581e+00
1.590900000000000000e+04,1.371262194476945417e+00
1.591000000000000000e+04,1.275989614655530957e+00
1.591100000000000000e+04,1.242345361052592523e+00
1.591200000000000000e+04,1.144401611739265689e+00
1.591300000000000000e+04,1.310179055677431093e+00
1.591400000000000000e+04,1.175518210861759449e+00
1.591500000000000000e+04,1.239867310955372393e+00
1.591600000000000000e+04,1.331075867230442800e+00
1.591700000000000000e+04,1.398537202098036669e+00
1.591800000000000000e+04,1.294794047088219102e+00
1.591900000000000000e+04,1.255185032306743720e+00
1.592000000000000000e+04,1.192172857753256876e+00
1.592100000000000000e+04,1.227712131478560398e+00
1.592200000000000000e+04,1.246511438642303959e+00
1.592300000000000000e+04,1.119534623730817025e+00
1.592400000000000000e+04,1.237415554433320075e+00
1.592500000000000000e+04,1.293322050942062207e+00
1.592600000000000000e+04,1.404149625063434881e+00
1.592700000000000000e+04,1.234382623005572555e+00
1.592800000000000000e+04,1.225950553174012247e+00
1.592900000000000000e+04,1.229956247865940044e+00
1.593000000000000000e+04,1.321082368601766310e+00
1.593100000000000000e+04,1.423186869091892515e+00
1.593200000000000000e+04,1.259737443716406391e+00
1.593300000000000000e+04,1.458421992250769739e+00
1.593400000000000000e+04,1.292417769677665973e+00
1.593500000000000000e+04,1.222195084557103240e+00
1.593600000000000000e+04,1.193174810025394494e+00
1.593700000000000000e+04,1.261606659685293952e+00
1.593800000000000000e+04,1.279004331470131373e+00
1.593900000000000000e+04,1.298639346874766565e+00
1.594000000000000000e+04,1.299134344566655441e+00
1.594100000000000000e+04,1.342242187162819178e+00
1.594200000000000000e+04,1.331661627180068086e+00
1.594300000000000000e+04,1.265600348213405058e+00
1.594400000000000000e+04,1.246933642324044911e+00
1.594500000000000000e+04,1.128937872743317916e+00
1.594600000000000000e+04,1.199970311699835923e+00
1.594700000000000000e+04,1.243398613969749711e+00
1.594800000000000000e+04,1.270165029952978086e+00
1.594900000000000000e+04,1.176444621996517004e+00
1.595000000000000000e+04,1.340317444873021513e+00
1.595100000000000000e+04,1.240265347656305250e+00
1.595200000000000000e+04,1.210291976749335863e+00
1.595300000000000000e+04,1.285584703260425732e+00
1.595400000000000000e+04,1.222464973481656392e+00
1.595500000000000000e+04,1.219218482715974661e+00
1.595600000000000000e+04,1.374156963349258964e+00
1.595700000000000000e+04,1.160525329906844538e+00
1.595800000000000000e+04,1.183524218353788182e+00
1.595900000000000000e+04,1.294542971694532918e+00
1.596000000000000000e+04,1.324008269615845501e+00
1.596100000000000000e+04,1.420324071836810420e+00
1.596200000000000000e+04,1.312291407046389136e+00
1.596300000000000000e+04,1.263757399360641687e+00
1.596400000000000000e+04,1.060980153584482499e+00
1.596500000000000000e+04,1.114394309187353826e+00
1.596600000000000000e+04,1.098777951462600821e+00
1.596700000000000000e+04,1.202743970292627917e+00
1.596800000000000000e+04,1.251879659775056775e+00
1.596900000000000000e+04,1.277130522253755229e+00
1.597000000000000000e+04,1.134539667632789683e+00
1.597100000000000000e+04,1.239121443530464495e+00
1.597200000000000000e+04,1.409113156635669162e+00
1.597300000000000000e+04,1.193397659614976014e+00
1.597400000000000000e+04,1.198760627250885502e+00
1.597500000000000000e+04,1.164010412045029197e+00
1.597600000000000000e+04,1.231071697192201775e+00
1.597700000000000000e+04,1.259758409334381879e+00
1.597800000000000000e+04,1.329173346290357216e+00
1.597900000000000000e+04,1.217707897912325476e+00
1.598000000000000000e+04,1.328083235373983984e+00
1.598100000000000000e+04,1.249789411487767676e+00
1.598200000000000000e+04,1.232573747479683179e+00
1.598300000000000000e+04,1.307041273307013141e+00
1.598400000000000000e+04,1.280459260684724265e+00
1.598500000000000000e+04,1.344228344675311826e+00
1.598600000000000000e+04,1.333671430890476017e+00
1.598700000000000000e+04,1.216485327101488156e+00
1.598800000000000000e+04,1.213410008953956787e+00
1.598900000000000000e+04,1.288782216117289936e+00
1.599000000000000000e+04,1.333669585757698117e+00
1.599100000000000000e+04,1.322181469039155566e+00
1.599200000000000000e+04,1.275627919310249769e+00
1.599300000000000000e+04,1.195500566055029745e+00
1.599400000000000000e+04,1.247157140132459707e+00
1.599500000000000000e+04,1.207410519030403195e+00
1.599600000000000000e+04,1.213318029067624204e+00
1.599700000000000000e+04,1.210048246809346306e+00
1.599800000000000000e+04,1.222538260183846814e+00
1.599900000000000000e+04,1.389559468055682201e+00
1.600000000000000000e+04,1.223434742070547365e+00
1.600100000000000000e+04,1.377908571632807888e+00
1.600200000000000000e+04,1.176859773769898476e+00
1.600300000000000000e+04,1.241197943736104481e+00
1.600400000000000000e+04,1.309036335332431689e+00
1.600500000000000000e+04,1.302149716373122601e+00
1.600600000000000000e+04,1.365424474734778570e+00
1.600700000000000000e+04,1.375493882746687602e+00
1.600800000000000000e+04,1.392072706905930213e+00
1.600900000000000000e+04,1.273507421360767111e+00
1.601000000000000000e+04,1.165305024789232036e+00
1.601100000000000000e+04,1.199243734735226496e+00
1.601200000000000000e+04,1.166043150386692817e+00
1.601300000000000000e+04,1.319284112010051802e+00
1.601400000000000000e+04,1.257436340182569223e+00
1.601500000000000000e+04,1.108365473065517692e+00
1.601600000000000000e+04,1.247584812113152530e+00
1.601700000000000000e+04,1.164055135843370836e+00
1.601800000000000000e+04,1.164209449712626521e+00
1.601900000000000000e+04,1.091041114659537126e+00
1.602000000000000000e+04,1.314811284135078528e+00
1.602100000000000000e+04,1.251339406929299569e+00
1.602200000000000000e+04,1.115031739952783152e+00
1.602300000000000000e+04,1.226853688969467671e+00
1.602400000000000000e+04,1.184537857267733640e+00
1.602500000000000000e+04,1.271792252989272010e+00
1.602600000000000000e+04,1.218455160351004540e+00
1.602700000000000000e+04,1.246585462902019881e+00
1.602800000000000000e+04,1.105042668891599300e+00
1.602900000000000000e+04,1.258150000353324804e+00
1.603000000000000000e+04,1.266967553211486797e+00
1.603100000000000000e+04,1.232467432876382718e+00
1.603200000000000000e+04,1.113422022360285313e+00
1.603300000000000000e+04,1.111284948795075778e+00
1.603400000000000000e+04,1.036898856179466089e+00
1.603500000000000000e+04,1.129913348481812907e+00
1.603600000000000000e+04,1.198360671330487737e+00
1.603700000000000000e+04,1.282647229300059921e+00
1.603800000000000000e+04,1.391978833889855993e+00
1.603900000000000000e+04,1.382437238606937235e+00
1.604000000000000000e+04,1.303072253622441057e+00
1.604100000000000000e+04,1.380566759845318181e+00
1.604200000000000000e+04,1.177526031576142884e+00
1.604300000000000000e+04,1.164550843954345938e+00
1.604400000000000000e+04,1.278749883102470619e+00
1.604500000000000000e+04,1.250907061789967356e+00
1.604600000000000000e+04,1.133587935088358867e+00
1.604700000000000000e+04,1.238162210133865626e+00
1.604800000000000000e+04,1.362100977471792929e+00
1.604900000000000000e+04,1.169929242358718646e+00
1.605000000000000000e+04,1.307936448086679082e+00
1.605100000000000000e+04,1.256359304455917592e+00
1.605200000000000000e+04,1.344113202592678524e+00
1.605300000000000000e+04,1.256906783535430616e+00
1.605400000000000000e+04,1.464215037924691654e+00
1.605500000000000000e+04,1.235583708691601501e+00
1.605600000000000000e+04,1.281317923083848065e+00
1.605700000000000000e+04,1.290298256664212495e+00
1.605800000000000000e+04,1.367167009971928637e+00
1.605900000000000000e+04,1.234253005898265698e+00
1.606000000000000000e+04,1.293397719680797309e+00
1.606100000000000000e+04,1.361206237573632682e+00
1.606200000000000000e+04,1.240945750197918640e+00
1.606300000000000000e+04,1.387005579245055298e+00
1.606400000000000000e+04,1.234369192791140879e+00
1.606500000000000000e+04,1.252419948466141131e+00
1.606600000000000000e+04,1.184923272652620208e+00
1.606700000000000000e+04,1.067433376993256910e+00
1.606800000000000000e+04,1.231734022799999551e+00
1.606900000000000000e+04,1.285592328153023933e+00
1.607000000000000000e+04,1.216387288401678202e+00
1.607100000000000000e+04,1.189285788896968787e+00
1.607200000000000000e+04,1.187859206617099872e+00
1.607300000000000000e+04,1.182769931755677462e+00
1.607400000000000000e+04,1.233339162215306040e+00
1.607500000000000000e+04,1.171961107429929871e+00
1.607600000000000000e+04,1.408010886056676902e+00
1.607700000000000000e+04,1.209531422573300263e+00
1.607800000000000000e+04,1.267539756536411266e+00
1.607900000000000000e+04,1.427185678799812285e+00
1.608000000000000000e+04,1.334806349609222842e+00
1.608100000000000000e+04,1.233183671631010503e+00
1.608200000000000000e+04,1.230069788699000188e+00
1.608300000000000000e+04,1.285762584630827376e+00
1.608400000000000000e+04,1.141523475027414136e+00
1.608500000000000000e+04,1.229963275722560034e+00
1.608600000000000000e+04,1.122169541344084864e+00
1.608700000000000000e+04,1.350859868711482781e+00
1.608800000000000000e+04,1.294790005885430917e+00
1.608900000000000000e+04,1.195550444998829009e+00
1.609000000000000000e+04,1.196351711706975962e+00
1.609100000000000000e+04,1.383175691041606870e+00
1.609200000000000000e+04,1.153850572936276908e+00
1.609300000000000000e+04,1.334202360483287109e+00
1.609400000000000000e+04,1.362700838034354156e+00
1.609500000000000000e+04,1.169730622132812536e+00
1.609600000000000000e+04,1.187067372866497772e+00
1.609700000000000000e+04,1.245597719486810417e+00
1.609800000000000000e+04,1.214870514188889361e+00
1.609900000000000000e+04,1.330802392637544074e+00
1.610000000000000000e+04,1.130327092458257354e+00
1.610100000000000000e+04,1.136919180240666183e+00
1.610200000000000000e+04,1.189951448934486677e+00
1.610300000000000000e+04,1.339568066340680375e+00
1.610400000000000000e+04,1.320638699214533363e+00
1.610500000000000000e+04,1.343821438065669005e+00
1.610600000000000000e+04,1.304721307036606159e+00
1.610700000000000000e+04,1.310081588480999537e+00
1.610800000000000000e+04,1.189244433297521830e+00
1.610900000000000000e+04,1.165456311518257682e+00
1.611000000000000000e+04,1.373924376331765895e+00
1.611100000000000000e+04,1.248744678014858778e+00
1.611200000000000000e+04,1.155662541578740488e+00
1.611300000000000000e+04,1.341974201945151046e+00
1.611400000000000000e+04,1.216120024584329107e+00
1.611500000000000000e+04,1.343237755206780015e+00
1.611600000000000000e+04,1.193631412371178202e+00
1.611700000000000000e+04,1.243230945918018193e+00
1.611800000000000000e+04,1.049492490820330914e+00
1.611900000000000000e+04,1.164996817242258675e+00
1.612000000000000000e+04,1.251526935877503632e+00
1.612100000000000000e+04,1.505726605411866981e+00
1.612200000000000000e+04,1.097744952935437279e+00
1.612300000000000000e+04,1.182475619966671943e+00
1.612400000000000000e+04,1.299513163906713009e+00
1.612500000000000000e+04,1.164592714591112133e+00
1.612600000000000000e+04,1.212158096366615423e+00
1.612700000000000000e+04,1.205416526928540177e+00
1.612800000000000000e+04,1.275090835624485219e+00
1.612900000000000000e+04,1.365157055527880248e+00
1.613000000000000000e+04,1.271694481038759372e+00
1.613100000000000000e+04,1.066697988168624711e+00
1.613200000000000000e+04,1.057937150624996825e+00
1.613300000000000000e+04,1.053982811054161361e+00
1.613400000000000000e+04,1.242985058987329916e+00
1.613500000000000000e+04,1.217718844941519496e+00
1.613600000000000000e+04,1.130107326121842393e+00
1.613700000000000000e+04,1.303528742979139343e+00
1.613800000000000000e+04,1.179902238086615984e+00
1.613900000000000000e+04,1.249378541797269815e+00
1.614000000000000000e+04,1.272563868463726378e+00
1.614100000000000000e+04,1.267716456781576628e+00
1.614200000000000000e+04,1.219501939552862790e+00
1.614300000000000000e+04,1.226899501338045706e+00
1.614400000000000000e+04,1.324265145043318714e+00
1.614500000000000000e+04,1.266985012344981731e+00
1.614600000000000000e+04,1.375694874788874866e+00
1.614700000000000000e+04,1.217451061013910429e+00
1.614800000000000000e+04,1.504523479707012390e+00
1.614900000000000000e+04,1.259959123946333248e+00
1.615000000000000000e+04,1.392586069647604452e+00
1.615100000000000000e+04,1.127505160447402899e+00
1.615200000000000000e+04,1.186967909024774448e+00
1.615300000000000000e+04,1.077569731569955724e+00
1.615400000000000000e+04,1.034823062294592200e+00
1.615500000000000000e+04,1.100626180061715420e+00
1.615600000000000000e+04,1.192984637915400992e+00
1.615700000000000000e+04,1.269330156185820790e+00
1.615800000000000000e+04,1.191216303421075651e+00
1.615900000000000000e+04,1.256041500184348125e+00
1.616000000000000000e+04,1.298377795234505250e+00
1.616100000000000000e+04,1.272554726029753835e+00
1.616200000000000000e+04,1.241108892830022015e+00
1.616300000000000000e+04,1.282720336130033889e+00
1.616400000000000000e+04,1.502710467741870559e+00
1.616500000000000000e+04,1.311760058288832687e+00
1.616600000000000000e+04,1.212023490649117408e+00
1.616700000000000000e+04,1.252112897893616239e+00
1.616800000000000000e+04,1.465726671722950458e+00
1.616900000000000000e+04,1.234441841238552273e+00
1.617000000000000000e+04,1.222649448876150791e+00
1.617100000000000000e+04,1.359575626021346517e+00
1.617200000000000000e+04,1.147630390495092412e+00
1.617300000000000000e+04,1.315229273593953918e+00
1.617400000000000000e+04,1.237764449971327174e+00
1.617500000000000000e+04,1.293849332467175817e+00
1.617600000000000000e+04,1.253323845500718070e+00
1.617700000000000000e+04,1.254028355332709843e+00
1.617800000000000000e+04,1.348622107802084802e+00
1.617900000000000000e+04,1.265977515556399036e+00
1.618000000000000000e+04,1.383271192598965804e+00
1.618100000000000000e+04,1.210880622313621258e+00
1.618200000000000000e+04,1.137463236256449184e+00
1.618300000000000000e+04,1.109370667882527028e+00
1.618400000000000000e+04,1.451203400873460669e+00
1.618500000000000000e+04,1.331279815485716167e+00
1.618600000000000000e+04,1.279282471601713933e+00
1.618700000000000000e+04,1.196249602936956258e+00
1.618800000000000000e+04,1.136680567513800089e+00
1.618900000000000000e+04,1.178660317068846997e+00
1.619000000000000000e+04,1.283284805235014092e+00
1.619100000000000000e+04,1.280048286142858371e+00
1.619200000000000000e+04,1.205045496531930160e+00
1.619300000000000000e+04,1.393529998191124664e+00
1.619400000000000000e+04,1.344530897395834090e+00
1.619500000000000000e+04,1.297730345892162740e+00
1.619600000000000000e+04,1.233739539489129067e+00
1.619700000000000000e+04,1.178447024242858854e+00
1.619800000000000000e+04,1.269666968945692531e+00
1.619900000000000000e+04,9.978829911220093996e-01
1.620000000000000000e+04,1.169912991710541528e+00
1.620100000000000000e+04,1.192201457772457340e+00
1.620200000000000000e+04,1.331046593112233722e+00
1.620300000000000000e+04,1.163835642417152316e+00
1.620400000000000000e+04,1.227687475643956638e+00
1.620500000000000000e+04,1.281403772219238846e+00
1.620600000000000000e+04,1.279549521877292984e+00
1.620700000000000000e+04,1.203661211547117249e+00
1.620800000000000000e+04,1.119085386640212842e+00
1.620900000000000000e+04,1.201058319686782117e+00
1.621000000000000000e+04,1.277169276933905140e+00
1.621100000000000000e+04,1.302511930699876697e+00
1.621200000000000000e+04,1.170921405511583746e+00
1.621300000000000000e+04,1.154931059580002417e+00
1.621400000000000000e+04,1.133899089064807963e+00
1.621500000000000000e+04,1.337580121708528136e+00
1.621600000000000000e+04,1.278134494658047071e+00
1.621700000000000000e+04,1.338263335739086735e+00
1.621800000000000000e+04,1.264421841068781083e+00
1.621900000000000000e+04,1.131005971698609613e+00
1.622000000000000000e+04,1.248538753369367038e+00
1.622100000000000000e+04,1.370118553034739950e+00
1.622200000000000000e+04,1.170349403560785762e+00
1.622300000000000000e+04,1.415294718331577162e+00
1.622400000000000000e+04,1.156116870140702524e+00
1.622500000000000000e+04,1.360101582833420641e+00
1.622600000000000000e+04,1.136834198931999218e+00
1.622700000000000000e+04,1.067060644888284671e+00
1.622800000000000000e+04,1.302428746661581593e+00
1.622900000000000000e+04,1.228443030213467679e+00
1.623000000000000000e+04,1.232991500542743424e+00
1.623100000000000000e+04,1.326906429456840897e+00
1.623200000000000000e+04,1.228729942949349452e+00
1.623300000000000000e+04,1.457927055665211746e+00
1.623400000000000000e+04,1.217058732630360574e+00
1.623500000000000000e+04,1.331764349422501548e+00
1.623600000000000000e+04,1.422909901607123162e+00
1.623700000000000000e+04,1.268482618547592367e+00
1.623800000000000000e+04,1.248574225532872006e+00
1.623900000000000000e+04,1.355484729524621734e+00
1.624000000000000000e+04,1.105662933053529029e+00
1.624100000000000000e+04,1.279315453360513777e+00
1.624200000000000000e+04,1.216029314781810200e+00
1.624300000000000000e+04,1.163227547763476588e+00
1.624400000000000000e+04,1.217536659857027193e+00
1.624500000000000000e+04,1.333588438550416866e+00
1.624600000000000000e+04,1.239334751201743856e+00
1.624700000000000000e+04,1.346234696651866125e+00
1.624800000000000000e+04,1.285392357461315749e+00
1.624900000000000000e+04,1.298785756435245187e+00
1.625000000000000000e+04,1.295960554013078303e+00
1.625100000000000000e+04,1.294371044477180765e+00
1.625200000000000000e+04,1.225849687286125977e+00
1.625300000000000000e+04,1.245259384350797749e+00
1.625400000000000000e+04,1.074561795247117590e+00
1.625500000000000000e+04,1.065969558297222397e+00
1.625600000000000000e+04,1.140443430638649724e+00
1.625700000000000000e+04,1.177507606778221305e+00
1.625800000000000000e+04,1.261271521887602720e+00
1.625900000000000000e+04,1.255947264643733297e+00
1.626000000000000000e+04,1.261165960205310466e+00
1.626100000000000000e+04,1.334069176082934405e+00
1.626200000000000000e+04,1.315840598245363147e+00
1.626300000000000000e+04,1.182503530405534242e+00
1.626400000000000000e+04,1.208494507654982231e+00
1.626500000000000000e+04,1.082621084918844456e+00
1.626600000000000000e+04,1.271490285879231852e+00
1.626700000000000000e+04,1.333755679144027928e+00
1.626800000000000000e+04,1.328484350247175039e+00
1.626900000000000000e+04,1.374543895238827140e+00
1.627000000000000000e+04,1.204026731794469063e+00
1.627100000000000000e+04,1.309456917846271828e+00
1.627200000000000000e+04,1.243627952886401822e+00
1.627300000000000000e+04,1.248368801838731779e+00
1.627400000000000000e+04,1.320727945177731844e+00
1.627500000000000000e+04,1.280173808175566696e+00
1.627600000000000000e+04,1.385312113174920423e+00
1.627700000000000000e+04,1.468797765258312182e+00
1.627800000000000000e+04,1.194227762607982690e+00
1.627900000000000000e+04,1.202323709512854721e+00
1.628000000000000000e+04,1.407463229945803640e+00
1.628100000000000000e+04,1.265573086459800267e+00
1.628200000000000000e+04,1.148321464452816132e+00
1.628300000000000000e+04,1.351495821100896277e+00
1.628400000000000000e+04,1.342625321029899288e+00
1.628500000000000000e+04,1.358176795131938119e+00
1.628600000000000000e+04,1.435528002158437122e+00
1.628700000000000000e+04,1.267405549148536537e+00
1.628800000000000000e+04,1.332798238666098367e+00
1.628900000000000000e+04,1.283695520691527925e+00
1.629000000000000000e+04,1.241315177384263890e+00
1.629100000000000000e+04,1.163170876888917071e+00
1.629200000000000000e+04,1.103305057341377848e+00
1.629300000000000000e+04,1.234679003677807474e+00
1.629400000000000000e+04,1.395245322508481767e+00
1.629500000000000000e+04,1.266026730777898068e+00
1.629600000000000000e+04,1.166368906302129416e+00
1.629700000000000000e+04,1.223933696522869763e+00
1.629800000000000000e+04,1.175658105332480607e+00
1.629900000000000000e+04,1.253715152090384866e+00
1.630000000000000000e+04,1.315041317498181650e+00
1.630100000000000000e+04,1.293056812050399795e+00
1.630200000000000000e+04,1.264459305822078328e+00
1.630300000000000000e+04,1.358695755468788402e+00
1.630400000000000000e+04,1.256203402549536108e+00
1.630500000000000000e+04,1.220513073860316489e+00
1.630600000000000000e+04,1.213313726051691521e+00
1.630700000000000000e+04,1.130917496021004887e+00
1.630800000000000000e+04,1.128698997706037543e+00
1.630900000000000000e+04,1.115730439100059534e+00
1.631000000000000000e+04,1.320728430354616512e+00
1.631100000000000000e+04,1.231256514557419690e+00
1.631200000000000000e+04,1.260781720693874064e+00
1.631300000000000000e+04,1.106681149326108393e+00
1.631400000000000000e+04,1.263414499184811302e+00
1.631500000000000000e+04,1.438807625525066136e+00
1.631600000000000000e+04,1.334270049287693327e+00
1.631700000000000000e+04,1.489942079434385169e+00
1.631800000000000000e+04,1.159666322411102790e+00
1.631900000000000000e+04,1.178602797433220495e+00
1.632000000000000000e+04,1.160364522931612630e+00
1.632100000000000000e+04,1.358517133083183115e+00
1.632200000000000000e+04,1.317947755774700580e+00
1.632300000000000000e+04,1.359055614397483236e+00
1.632400000000000000e+04,1.322151728971674212e+00
1.632500000000000000e+04,1.190174426688224818e+00
1.632600000000000000e+04,1.134775784183160052e+00
1.632700000000000000e+04,1.179761379680092537e+00
1.632800000000000000e+04,1.301353043494135386e+00
1.632900000000000000e+04,1.169994330604381183e+00
1.633000000000000000e+04,1.238000993259999127e+00
1.633100000000000000e+04,1.348049483128315629e+00
1.633200000000000000e+04,1.216271807786772019e+00
1.633300000000000000e+04,1.293220570767785071e+00
1.633400000000000000e+04,1.308844052925018930e+00
1.633500000000000000e+04,1.271315765792225383e+00
1.633600000000000000e+04,1.247309636889473161e+00
1.633700000000000000e+04,1.344263137476308767e+00
1.633800000000000000e+04,1.196545954870697592e+00
1.633900000000000000e+04,1.351424451674047011e+00
1.634000000000000000e+04,1.254783722110661248e+00
1.634100000000000000e+04,1.261407304207840196e+00
1.634200000000000000e+04,1.174807634274952495e+00
1.634300000000000000e+04,1.305625181600879037e+00
1.634400000000000000e+04,1.151083664148836005e+00
1.634500000000000000e+04,1.180915244426826272e+00
1.634600000000000000e+04,1.224357448010724436e+00
1.634700000000000000e+04,1.277020876550308381e+00
1.634800000000000000e+04,1.179687939416407261e+00
1.634900000000000000e+04,1.175442697154071681e+00
1.635000000000000000e+04,1.194456597561108335e+00
1.635100000000000000e+04,1.200567434104178544e+00
1.635200000000000000e+04,1.333563096956378535e+00
1.635300000000000000e+04,1.122853514248673079e+00
1.635400000000000000e+04,1.152746787950392759e+00
1.635500000000000000e+04,1.273454736369245888e+00
1.635600000000000000e+04,1.176595078774567593e+00
1.635700000000000000e+04,1.332911119549478052e+00
1.635800000000000000e+04,1.195752063999906634e+00
1.635900000000000000e+04,1.127418026089053837e+00
1.636000000000000000e+04,1.333792563490321381e+00
1.636100000000000000e+04,1.290603148691608082e+00
1.636200000000000000e+04,1.308795632074322812e+00
1.636300000000000000e+04,1.260001451239160630e+00
1.636400000000000000e+04,1.331189136893381697e+00
1.636500000000000000e+04,1.243127252437464358e+00
1.636600000000000000e+04,1.120263659110572796e+00
1.636700000000000000e+04,1.203482889151200608e+00
1.636800000000000000e+04,1.305975121882797518e+00
1.636900000000000000e+04,1.190994944150338242e+00
1.637000000000000000e+04,1.244197152863298683e+00
1.637100000000000000e+04,1.127818613693110539e+00
1.637200000000000000e+04,1.221800949614872955e+00
1.637300000000000000e+04,1.411854154363390901e+00
1.637400000000000000e+04,1.240522094248218243e+00
1.637500000000000000e+04,1.385359458997845739e+00
1.637600000000000000e+04,1.394636283476921035e+00
1.637700000000000000e+04,1.306660773168932588e+00
1.637800000000000000e+04,1.357588613337310512e+00
1.637900000000000000e+04,1.312048148622184884e+00
1.638000000000000000e+04,1.112490098554732576e+00
1.638100000000000000e+04,1.081515595884745551e+00
1.638200000000000000e+04,1.298553641431881012e+00
1.638300000000000000e+04,1.205007979912553484e+00
