position,nll
0.000000000000000000e+00,6.634828777195977523e+00
1.000000000000000000e+00,5.517439868041604356e+00
2.000000000000000000e+00,5.679348333155522788e+00
3.000000000000000000e+00,5.220166950581259790e+00
4.000000000000000000e+00,4.834758257730023878e+00
5.000000000000000000e+00,4.953883406257287625e+00
6.000000000000000000e+00,4.436698394867240047e+00
7.000000000000000000e+00,4.787102324201068626e+00
8.000000000000000000e+00,4.428505284038418033e+00
9.000000000000000000e+00,4.502354661576815964e+00
1.000000000000000000e+01,4.563730652935681142e+00
1.100000000000000000e+01,4.249620172518046246e+00
1.200000000000000000e+01,4.230400973653084762e+00
1.300000000000000000e+01,4.494307705527171848e+00
1.400000000000000000e+01,4.272801179553336048e+00
1.500000000000000000e+01,4.183856299006547985e+00
1.600000000000000000e+01,4.214542668810511650e+00
1.700000000000000000e+01,4.066525933573396756e+00
1.800000000000000000e+01,4.036345212309254471e+00
1.900000000000000000e+01,4.023225893837506284e+00
2.000000000000000000e+01,4.155108713315033064e+00
2.100000000000000000e+01,3.783548937196992146e+00
2.200000000000000000e+01,3.829058891528507313e+00
2.300000000000000000e+01,4.004903512436907675e+00
2.400000000000000000e+01,3.982421883902146131e+00
2.500000000000000000e+01,4.023508565555437677e+00
2.600000000000000000e+01,4.136525387339557547e+00
2.700000000000000000e+01,4.056419590336068026e+00
2.800000000000000000e+01,3.959164066173014085e+00
2.900000000000000000e+01,3.958451894273195215e+00
3.000000000000000000e+01,3.845761665710943245e+00
3.100000000000000000e+01,3.899119349888997554e+00
3.200000000000000000e+01,3.995978259996412874e+00
3.300000000000000000e+01,4.035430392019209833e+00
3.400000000000000000e+01,3.992376983455252493e+00
3.500000000000000000e+01,4.146766937196018077e+00
3.600000000000000000e+01,3.827842537052683625e+00
3.700000000000000000e+01,4.024443552135795521e+00
3.800000000000000000e+01,3.808748953718358976e+00
3.900000000000000000e+01,3.876093741253397340e+00
4.000000000000000000e+01,3.790727332952937179e+00
4.100000000000000000e+01,3.494253778641902120e+00
4.200000000000000000e+01,3.667864068510529929e+00
4.300000000000000000e+01,3.819447570808766734e+00
4.400000000000000000e+01,4.121955854000932007e+00
4.500000000000000000e+01,4.157698207567793958e+00
4.600000000000000000e+01,4.067327376974524178e+00
4.700000000000000000e+01,3.901255534490099208e+00
4.800000000000000000e+01,3.831367056353409239e+00
4.900000000000000000e+01,3.666373307360255129e+00
5.000000000000000000e+01,3.728140311450344413e+00
5.100000000000000000e+01,3.793061213184389047e+00
5.200000000000000000e+01,3.928131476242274545e+00
5.300000000000000000e+01,4.056399994597986947e+00
5.400000000000000000e+01,3.851598396380961464e+00
5.500000000000000000e+01,4.069817602047895555e+00
5.600000000000000000e+01,3.841382510512952653e+00
5.700000000000000000e+01,3.713790917526021751e+00
5.800000000000000000e+01,4.007596997010280937e+00
5.900000000000000000e+01,3.542461764057916795e+00
6.000000000000000000e+01,4.114878540509237403e+00
6.100000000000000000e+01,3.748848350862705292e+00
6.200000000000000000e+01,3.784164718131880267e+00
6.300000000000000000e+01,3.654254664345902182e+00
6.400000000000000000e+01,3.882398910786978963e+00
6.500000000000000000e+01,4.129357624081961831e+00
6.600000000000000000e+01,3.658716823631176229e+00
6.700000000000000000e+01,3.779286958632924520e+00
6.800000000000000000e+01,3.960128553782959138e+00
6.900000000000000000e+01,3.902872786402118432e+00
7.000000000000000000e+01,3.973266192228187776e+00
7.100000000000000000e+01,3.654714781887849373e+00
7.200000000000000000e+01,3.624947035389682437e+00
7.300000000000000000e+01,3.576578071101312872e+00
7.400000000000000000e+01,4.073449235355870890e+00
7.500000000000000000e+01,3.838786700635826055e+00
7.600000000000000000e+01,3.889841527541767707e+00
7.700000000000000000e+01,4.049053069193261578e+00
7.800000000000000000e+01,3.967202639722596569e+00
7.900000000000000000e+01,3.874369220838111083e+00
8.000000000000000000e+01,3.511846532686814015e+00
8.100000000000000000e+01,3.786878016240800449e+00
8.200000000000000000e+01,3.860215276863414591e+00
8.300000000000000000e+01,3.729971815456758488e+00
8.400000000000000000e+01,3.824945010030718517e+00
8.500000000000000000e+01,3.942349624094318550e+00
8.600000000000000000e+01,3.779133511513860899e+00
8.700000000000000000e+01,3.908961835148225372e+00
8.800000000000000000e+01,3.865425624519387870e+00
8.900000000000000000e+01,3.989716190492331727e+00
9.000000000000000000e+01,3.912321863644164566e+00
9.100000000000000000e+01,3.924470069526422300e+00
9.200000000000000000e+01,4.146607273706551133e+00
9.300000000000000000e+01,3.610151698258690089e+00
9.400000000000000000e+01,4.021170401839027519e+00
9.500000000000000000e+01,3.877195140361150205e+00
9.600000000000000000e+01,3.871221443086902525e+00
9.700000000000000000e+01,3.823752357862299611e+00
9.800000000000000000e+01,3.663319174151672630e+00
9.900000000000000000e+01,3.612703907077074561e+00
1.000000000000000000e+02,4.437453537537777493e+00
1.010000000000000000e+02,3.966315300571265912e+00
1.020000000000000000e+02,3.810533803590579360e+00
1.030000000000000000e+02,3.595690887307912309e+00
1.040000000000000000e+02,3.546804923798714260e+00
1.050000000000000000e+02,3.658010916296075443e+00
1.060000000000000000e+02,3.757878915547893328e+00
1.070000000000000000e+02,3.725727298152375244e+00
1.080000000000000000e+02,3.992717055109955560e+00
1.090000000000000000e+02,3.827883284194604663e+00
1.100000000000000000e+02,4.028207280290275527e+00
1.110000000000000000e+02,4.154941257243835118e+00
1.120000000000000000e+02,3.789769158317263020e+00
1.130000000000000000e+02,4.042794453071384631e+00
1.140000000000000000e+02,4.053832628069239163e+00
1.150000000000000000e+02,3.832829712083292151e+00
1.160000000000000000e+02,3.655787590242280505e+00
1.170000000000000000e+02,3.981208012588840273e+00
1.180000000000000000e+02,3.763778482719391860e+00
1.190000000000000000e+02,3.950556497250518717e+00
1.200000000000000000e+02,3.501498753451768309e+00
1.210000000000000000e+02,3.412273225781210062e+00
1.220000000000000000e+02,4.099722472919845373e+00
1.230000000000000000e+02,3.868787915470006222e+00
1.240000000000000000e+02,3.926008104315870995e+00
1.250000000000000000e+02,3.501820709612473603e+00
1.260000000000000000e+02,3.836289493243432158e+00
1.270000000000000000e+02,3.943688505807914080e+00
1.280000000000000000e+02,3.749176579448540991e+00
1.290000000000000000e+02,4.201893285681736145e+00
1.300000000000000000e+02,3.781085374827504175e+00
1.310000000000000000e+02,3.696091123010469826e+00
1.320000000000000000e+02,3.881947607352788765e+00
1.330000000000000000e+02,3.547591253138862033e+00
1.340000000000000000e+02,3.990357787934456280e+00
1.350000000000000000e+02,3.897728383106819017e+00
1.360000000000000000e+02,3.593437881842084014e+00
1.370000000000000000e+02,3.684507630370156939e+00
1.380000000000000000e+02,4.033311959712329475e+00
1.390000000000000000e+02,3.470092537016040257e+00
1.400000000000000000e+02,3.974294110172863270e+00
1.410000000000000000e+02,3.807697454186873998e+00
1.420000000000000000e+02,3.492001488764799433e+00
1.430000000000000000e+02,3.969297673103979740e+00
1.440000000000000000e+02,3.610143679083796187e+00
1.450000000000000000e+02,3.663075175193434951e+00
1.460000000000000000e+02,3.590692970769722603e+00
1.470000000000000000e+02,4.229914881730238108e+00
1.480000000000000000e+02,3.735286589297103443e+00
1.490000000000000000e+02,3.897684349851469499e+00
1.500000000000000000e+02,3.556536480871089534e+00
1.510000000000000000e+02,3.732457424991882711e+00
1.520000000000000000e+02,3.941344559951539761e+00
1.530000000000000000e+02,4.105954440360825686e+00
1.540000000000000000e+02,3.709335896073657768e+00
1.550000000000000000e+02,3.137790840457014063e+00
1.560000000000000000e+02,3.379431995265717692e+00
1.570000000000000000e+02,3.920870221412722234e+00
1.580000000000000000e+02,3.645981875168014863e+00
1.590000000000000000e+02,4.099623312046343671e+00
1.600000000000000000e+02,3.492611867000614101e+00
1.610000000000000000e+02,3.705820465701874067e+00
1.620000000000000000e+02,3.987600451087314202e+00
1.630000000000000000e+02,3.910084992351305022e+00
1.640000000000000000e+02,3.962060010044309077e+00
1.650000000000000000e+02,3.869769778674156946e+00
1.660000000000000000e+02,3.803506975924750400e+00
1.670000000000000000e+02,3.822893107658920986e+00
1.680000000000000000e+02,3.461136065669737860e+00
1.690000000000000000e+02,3.686477344772161047e+00
1.700000000000000000e+02,3.797189808342138040e+00
1.710000000000000000e+02,3.803560145289811345e+00
1.720000000000000000e+02,4.119190485318248385e+00
1.730000000000000000e+02,3.696240473923845471e+00
1.740000000000000000e+02,3.598892129675133056e+00
1.750000000000000000e+02,3.711540488280351546e+00
1.760000000000000000e+02,3.589646986644649651e+00
1.770000000000000000e+02,3.588208466574569044e+00
1.780000000000000000e+02,3.680526760507749184e+00
1.790000000000000000e+02,3.949276414875543040e+00
1.800000000000000000e+02,3.734215466552667895e+00
1.810000000000000000e+02,3.459089486516945922e+00
1.820000000000000000e+02,3.735669960193459982e+00
1.830000000000000000e+02,3.737394798302485555e+00
1.840000000000000000e+02,3.811539706355324686e+00
1.850000000000000000e+02,3.747834013543973608e+00
1.860000000000000000e+02,3.571987816912611802e+00
1.870000000000000000e+02,3.554136164376433982e+00
1.880000000000000000e+02,3.582144237194599956e+00
1.890000000000000000e+02,3.554534204380924489e+00
1.900000000000000000e+02,3.702231610537586981e+00
1.910000000000000000e+02,3.675290394167843200e+00
1.920000000000000000e+02,3.559561796812990675e+00
1.930000000000000000e+02,3.905123373485643867e+00
1.940000000000000000e+02,3.450747509298657256e+00
1.950000000000000000e+02,3.384994507427266264e+00
1.960000000000000000e+02,3.817356772207745497e+00
1.970000000000000000e+02,3.693133988794618183e+00
1.980000000000000000e+02,3.815847440206445729e+00
1.990000000000000000e+02,3.832223141067056638e+00
2.000000000000000000e+02,3.828228788218865475e+00
2.010000000000000000e+02,3.624268961453833704e+00
2.020000000000000000e+02,3.812511450941860502e+00
2.030000000000000000e+02,3.554047775224889794e+00
2.040000000000000000e+02,3.997311654194873221e+00
2.050000000000000000e+02,4.174400894364102221e+00
2.060000000000000000e+02,3.879827139931399493e+00
2.070000000000000000e+02,3.572313666003293253e+00
2.080000000000000000e+02,4.095520353375111000e+00
2.090000000000000000e+02,3.716530102967011917e+00
2.100000000000000000e+02,3.480863251221209431e+00
2.110000000000000000e+02,3.744095764658914582e+00
2.120000000000000000e+02,3.741472549732444364e+00
2.130000000000000000e+02,3.733966402449696798e+00
2.140000000000000000e+02,3.925836810888770234e+00
2.150000000000000000e+02,3.524241481123442821e+00
2.160000000000000000e+02,3.656464188262570580e+00
2.170000000000000000e+02,3.808419393619117521e+00
2.180000000000000000e+02,3.910730388046252504e+00
2.190000000000000000e+02,3.957289369645029531e+00
2.200000000000000000e+02,3.511411346056876326e+00
2.210000000000000000e+02,3.619475358668438059e+00
2.220000000000000000e+02,3.877997296324026344e+00
2.230000000000000000e+02,3.693272125244205562e+00
2.240000000000000000e+02,3.636927407170598592e+00
2.250000000000000000e+02,3.759063365058974426e+00
2.260000000000000000e+02,3.654459797499055362e+00
2.270000000000000000e+02,3.717562569788841920e+00
2.280000000000000000e+02,3.755189471818364932e+00
2.290000000000000000e+02,3.427781917678866641e+00
2.300000000000000000e+02,3.477217148969018456e+00
2.310000000000000000e+02,3.977252974210509162e+00
2.320000000000000000e+02,3.757539555337300996e+00
2.330000000000000000e+02,3.817102699145374256e+00
2.340000000000000000e+02,3.767333832642018709e+00
2.350000000000000000e+02,3.851448264076017924e+00
2.360000000000000000e+02,3.831352784346703899e+00
2.370000000000000000e+02,3.780449473405386840e+00
2.380000000000000000e+02,3.899212763569949836e+00
2.390000000000000000e+02,3.670057221075432086e+00
2.400000000000000000e+02,3.649675417759517426e+00
2.410000000000000000e+02,3.971841158905411451e+00
2.420000000000000000e+02,3.847768297576494412e+00
2.430000000000000000e+02,3.741877866541662989e+00
2.440000000000000000e+02,3.802482970438627596e+00
2.450000000000000000e+02,3.507772173375672153e+00
2.460000000000000000e+02,4.048076726332958231e+00
2.470000000000000000e+02,3.715232928472538276e+00
2.480000000000000000e+02,3.561256805466062048e+00
2.490000000000000000e+02,4.034747695878244222e+00
2.500000000000000000e+02,3.857735337071849901e+00
2.510000000000000000e+02,3.796286767879386570e+00
2.520000000000000000e+02,3.712468300748453576e+00
2.530000000000000000e+02,4.025152984649482235e+00
2.540000000000000000e+02,3.773747538625189524e+00
2.550000000000000000e+02,3.841085167597589667e+00
2.560000000000000000e+02,3.582881413272948290e+00
2.570000000000000000e+02,3.698644554440349896e+00
2.580000000000000000e+02,3.625491769609387127e+00
2.590000000000000000e+02,3.812156063445057086e+00
2.600000000000000000e+02,3.811788060385405075e+00
2.610000000000000000e+02,3.998367321772868799e+00
2.620000000000000000e+02,3.581444043001889010e+00
2.630000000000000000e+02,3.825624772726945011e+00
2.640000000000000000e+02,4.127215434489514223e+00
2.650000000000000000e+02,3.479725054445502508e+00
2.660000000000000000e+02,3.853188263659285351e+00
2.670000000000000000e+02,3.796021969556010678e+00
2.680000000000000000e+02,3.518347615158933461e+00
2.690000000000000000e+02,3.468328703692305393e+00
2.700000000000000000e+02,3.765190764275578861e+00
2.710000000000000000e+02,3.875907950356581644e+00
2.720000000000000000e+02,3.799140031988204047e+00
2.730000000000000000e+02,3.602515978145704789e+00
2.740000000000000000e+02,3.683342515182609578e+00
2.750000000000000000e+02,3.631255410413757545e+00
2.760000000000000000e+02,3.645253181440981649e+00
2.770000000000000000e+02,3.587713166517737307e+00
2.780000000000000000e+02,4.033813302073895990e+00
2.790000000000000000e+02,3.889084801950510428e+00
2.800000000000000000e+02,4.016261683650195202e+00
2.810000000000000000e+02,3.792411818795310197e+00
2.820000000000000000e+02,3.500531561346049259e+00
2.830000000000000000e+02,3.789865860602898096e+00
2.840000000000000000e+02,3.791788204856618716e+00
2.850000000000000000e+02,3.707494106953876045e+00
2.860000000000000000e+02,3.804344106891454302e+00
2.870000000000000000e+02,3.839063919365830024e+00
2.880000000000000000e+02,4.019944009766596160e+00
2.890000000000000000e+02,3.655246610728124068e+00
2.900000000000000000e+02,3.437917998803693642e+00
2.910000000000000000e+02,3.806464850988747539e+00
2.920000000000000000e+02,3.789262871390234100e+00
2.930000000000000000e+02,3.714863218914631116e+00
2.940000000000000000e+02,3.808948163688276711e+00
2.950000000000000000e+02,3.533684371600632534e+00
2.960000000000000000e+02,3.796556533148509160e+00
2.970000000000000000e+02,3.909560962914134574e+00
2.980000000000000000e+02,3.973192294275571523e+00
2.990000000000000000e+02,3.835981511129454624e+00
3.000000000000000000e+02,3.420324010290759720e+00
3.010000000000000000e+02,3.615034704583699021e+00
3.020000000000000000e+02,3.588721566095041560e+00
3.030000000000000000e+02,3.773761489988059381e+00
3.040000000000000000e+02,3.627339898453151967e+00
3.050000000000000000e+02,3.669143763572892514e+00
3.060000000000000000e+02,3.900947808428046226e+00
3.070000000000000000e+02,3.851913939011537114e+00
3.080000000000000000e+02,3.478847993859070620e+00
3.090000000000000000e+02,3.862975703149629236e+00
3.100000000000000000e+02,3.894123886791978517e+00
3.110000000000000000e+02,3.984722751743311697e+00
3.120000000000000000e+02,3.814272360073318602e+00
3.130000000000000000e+02,3.907670671999209588e+00
3.140000000000000000e+02,3.649401646937013854e+00
3.150000000000000000e+02,3.663981868029721589e+00
3.160000000000000000e+02,3.922963267168424917e+00
3.170000000000000000e+02,3.678338694553303867e+00
3.180000000000000000e+02,3.557330868915226763e+00
3.190000000000000000e+02,3.646190895250526864e+00
3.200000000000000000e+02,3.902192004161385785e+00
3.210000000000000000e+02,3.992489156539126949e+00
3.220000000000000000e+02,3.932426894793710659e+00
3.230000000000000000e+02,3.549241800292997073e+00
3.240000000000000000e+02,3.843886347798037395e+00
3.250000000000000000e+02,4.035031898492715818e+00
3.260000000000000000e+02,3.828275319612174599e+00
3.270000000000000000e+02,3.709623224298644217e+00
3.280000000000000000e+02,3.544837598709225546e+00
3.290000000000000000e+02,3.723331293334651182e+00
3.300000000000000000e+02,3.942825873599523412e+00
3.310000000000000000e+02,4.103804785618272000e+00
3.320000000000000000e+02,3.688386129653163703e+00
3.330000000000000000e+02,3.734096598978353221e+00
3.340000000000000000e+02,3.929108586262426872e+00
3.350000000000000000e+02,3.763699608498141114e+00
3.360000000000000000e+02,4.034133013630033737e+00
3.370000000000000000e+02,4.280857663183388340e+00
3.380000000000000000e+02,3.661838883369413544e+00
3.390000000000000000e+02,3.391502661280788367e+00
3.400000000000000000e+02,3.483575107436889695e+00
3.410000000000000000e+02,3.814784479454029764e+00
3.420000000000000000e+02,3.787976873907740849e+00
3.430000000000000000e+02,3.788071922524844926e+00
3.440000000000000000e+02,3.869070306301444884e+00
3.450000000000000000e+02,3.872550802294722150e+00
3.460000000000000000e+02,3.396865579780822930e+00
3.470000000000000000e+02,4.163694227461824049e+00
3.480000000000000000e+02,3.662638660654079281e+00
3.490000000000000000e+02,3.540667470575588727e+00
3.500000000000000000e+02,3.625407286053713207e+00
3.510000000000000000e+02,3.665142383572328466e+00
3.520000000000000000e+02,3.488893183862569192e+00
3.530000000000000000e+02,3.795110211744747275e+00
3.540000000000000000e+02,3.573018494143352708e+00
3.550000000000000000e+02,3.881860842463088268e+00
3.560000000000000000e+02,3.853212597634160019e+00
3.570000000000000000e+02,3.420052006106493181e+00
3.580000000000000000e+02,3.598338191525497276e+00
3.590000000000000000e+02,3.535512195154715709e+00
3.600000000000000000e+02,3.772007640112465587e+00
3.610000000000000000e+02,3.716260087662031530e+00
3.620000000000000000e+02,3.569500820817767206e+00
3.630000000000000000e+02,3.625726875577886865e+00
3.640000000000000000e+02,3.668405640778631849e+00
3.650000000000000000e+02,3.708405995689386003e+00
3.660000000000000000e+02,3.783515813984811071e+00
3.670000000000000000e+02,3.472085583288374799e+00
3.680000000000000000e+02,3.918305372541303289e+00
3.690000000000000000e+02,3.609916594499390730e+00
3.700000000000000000e+02,4.001569246885659403e+00
3.710000000000000000e+02,3.481792742346061065e+00
3.720000000000000000e+02,3.680781430306643731e+00
3.730000000000000000e+02,3.801650730849217119e+00
3.740000000000000000e+02,3.872526933630660473e+00
3.750000000000000000e+02,3.571338549497466097e+00
3.760000000000000000e+02,3.702638731861108923e+00
3.770000000000000000e+02,3.976914785595619950e+00
3.780000000000000000e+02,3.518405467217206706e+00
3.790000000000000000e+02,3.945851318800910779e+00
3.800000000000000000e+02,3.560804556483088135e+00
3.810000000000000000e+02,3.687144824948572097e+00
3.820000000000000000e+02,4.008744909392455646e+00
3.830000000000000000e+02,3.747598789302504674e+00
3.840000000000000000e+02,3.633522403692246439e+00
3.850000000000000000e+02,3.269569022882945486e+00
3.860000000000000000e+02,3.789810675002534879e+00
3.870000000000000000e+02,3.732165660601085566e+00
3.880000000000000000e+02,3.606884288804117489e+00
3.890000000000000000e+02,3.566195532582632666e+00
3.900000000000000000e+02,3.784745093903474800e+00
3.910000000000000000e+02,3.689451997134853833e+00
3.920000000000000000e+02,3.900133238783325851e+00
3.930000000000000000e+02,4.074434223467661376e+00
3.940000000000000000e+02,3.883258901101291016e+00
3.950000000000000000e+02,3.637050193147762567e+00
3.960000000000000000e+02,4.088691536746546618e+00
3.970000000000000000e+02,3.513187867017810273e+00
3.980000000000000000e+02,3.773789424567612460e+00
3.990000000000000000e+02,3.831874841944501675e+00
4.000000000000000000e+02,3.857824600105971502e+00
4.010000000000000000e+02,3.698808113050078727e+00
4.020000000000000000e+02,3.592770142217460716e+00
4.030000000000000000e+02,3.626056825311651188e+00
4.040000000000000000e+02,3.403141880141880016e+00
4.050000000000000000e+02,3.660490346074985801e+00
4.060000000000000000e+02,3.924043775215930285e+00
4.070000000000000000e+02,3.740051079168534187e+00
4.080000000000000000e+02,3.408709619170163130e+00
4.090000000000000000e+02,3.595544719605445749e+00
4.100000000000000000e+02,3.795954036201998782e+00
4.110000000000000000e+02,3.855204588542369137e+00
4.120000000000000000e+02,3.590078888035025173e+00
4.130000000000000000e+02,3.834990147612528322e+00
4.140000000000000000e+02,3.914266053646381138e+00
4.150000000000000000e+02,3.406533241502704090e+00
4.160000000000000000e+02,4.006370805200454299e+00
4.170000000000000000e+02,3.678111047336609651e+00
4.180000000000000000e+02,3.747447479282983718e+00
4.190000000000000000e+02,3.777914882365618343e+00
4.200000000000000000e+02,3.767260182096413335e+00
4.210000000000000000e+02,4.071633167053923863e+00
4.220000000000000000e+02,3.567305420025006946e+00
4.230000000000000000e+02,3.860852998842357220e+00
4.240000000000000000e+02,3.662179321603664217e+00
4.250000000000000000e+02,3.731562148189395245e+00
4.260000000000000000e+02,3.975383110267693532e+00
4.270000000000000000e+02,3.620984873914832036e+00
4.280000000000000000e+02,3.754732443606178194e+00
4.290000000000000000e+02,3.858054482789369022e+00
4.300000000000000000e+02,3.554838917031341694e+00
4.310000000000000000e+02,3.702374969468852584e+00
4.320000000000000000e+02,4.185943417182060422e+00
4.330000000000000000e+02,4.009177270663504267e+00
4.340000000000000000e+02,3.651754266571113128e+00
4.350000000000000000e+02,3.924649378952052903e+00
4.360000000000000000e+02,3.900826258501278954e+00
4.370000000000000000e+02,3.861504092117733489e+00
4.380000000000000000e+02,3.674704960830631251e+00
4.390000000000000000e+02,3.526614148954995809e+00
4.400000000000000000e+02,3.557346595132357958e+00
4.410000000000000000e+02,3.769974716253328140e+00
4.420000000000000000e+02,3.706922447271228549e+00
4.430000000000000000e+02,3.832384594782914711e+00
4.440000000000000000e+02,3.516693141437606140e+00
4.450000000000000000e+02,3.798979751284547124e+00
4.460000000000000000e+02,4.121355416569483232e+00
4.470000000000000000e+02,3.704102421473839613e+00
4.480000000000000000e+02,3.995138175589478369e+00
4.490000000000000000e+02,3.729167053351800210e+00
4.500000000000000000e+02,3.562986143002841999e+00
4.510000000000000000e+02,3.799452488084072321e+00
4.520000000000000000e+02,3.693620988138289096e+00
4.530000000000000000e+02,3.728558803940046129e+00
4.540000000000000000e+02,3.800711519854607534e+00
4.550000000000000000e+02,3.771776378143673725e+00
4.560000000000000000e+02,3.931925281922196369e+00
4.570000000000000000e+02,3.556970463710866781e+00
4.580000000000000000e+02,3.715235163743523472e+00
4.590000000000000000e+02,3.787715897134211307e+00
4.600000000000000000e+02,3.619182761892061784e+00
4.610000000000000000e+02,3.396818273706254665e+00
4.620000000000000000e+02,3.889351189115002327e+00
4.630000000000000000e+02,3.574892131965805575e+00
4.640000000000000000e+02,3.526337660638446447e+00
4.650000000000000000e+02,3.711996834514237342e+00
4.660000000000000000e+02,3.952606217975191960e+00
4.670000000000000000e+02,3.729455605928726936e+00
4.680000000000000000e+02,3.578782957990170210e+00
4.690000000000000000e+02,3.748307248411843151e+00
4.700000000000000000e+02,3.750329305256506096e+00
4.710000000000000000e+02,3.753723897966704026e+00
4.720000000000000000e+02,3.520098687318276021e+00
4.730000000000000000e+02,3.966136880521692554e+00
4.740000000000000000e+02,3.657934328206239094e+00
4.750000000000000000e+02,4.017953226633024677e+00
4.760000000000000000e+02,3.517350521036168409e+00
4.770000000000000000e+02,3.766397818514654272e+00
4.780000000000000000e+02,3.547460007658005399e+00
4.790000000000000000e+02,3.841521443301443295e+00
4.800000000000000000e+02,3.997639522971439874e+00
4.810000000000000000e+02,3.705392117673933505e+00
4.820000000000000000e+02,3.816552195065276987e+00
4.830000000000000000e+02,3.806214837136406626e+00
4.840000000000000000e+02,3.725766170770478780e+00
4.850000000000000000e+02,3.634869823014983403e+00
4.860000000000000000e+02,3.694865812259362059e+00
4.870000000000000000e+02,3.563362284879616038e+00
4.880000000000000000e+02,3.641612765741664148e+00
4.890000000000000000e+02,3.664229247277816182e+00
4.900000000000000000e+02,3.628634388154401869e+00
4.910000000000000000e+02,3.597327285513075790e+00
4.920000000000000000e+02,3.824663712894846856e+00
4.930000000000000000e+02,3.940518179242960883e+00
4.940000000000000000e+02,3.841737338331109086e+00
4.950000000000000000e+02,3.735382073885211707e+00
4.960000000000000000e+02,3.815655401743508701e+00
4.970000000000000000e+02,3.687468603468391670e+00
4.980000000000000000e+02,3.915183431762947919e+00
4.990000000000000000e+02,3.688480369208288145e+00
5.000000000000000000e+02,3.775168177778889689e+00
5.010000000000000000e+02,3.735108566235370908e+00
5.020000000000000000e+02,3.778365799227298094e+00
5.030000000000000000e+02,3.451858145604021821e+00
5.040000000000000000e+02,3.700081177158641488e+00
5.050000000000000000e+02,3.786371647300165844e+00
5.060000000000000000e+02,3.683448315051416788e+00
5.070000000000000000e+02,3.753617783044522316e+00
5.080000000000000000e+02,3.618193390620939365e+00
5.090000000000000000e+02,3.839642650169534210e+00
5.100000000000000000e+02,3.322733806027063697e+00
5.110000000000000000e+02,3.798039034524639312e+00
5.120000000000000000e+02,3.628940296045900737e+00
5.130000000000000000e+02,3.935809976480669992e+00
5.140000000000000000e+02,3.536649593731889141e+00
5.150000000000000000e+02,3.676351932263179467e+00
5.160000000000000000e+02,3.630195915455380007e+00
5.170000000000000000e+02,3.996092199725338467e+00
5.180000000000000000e+02,3.868039318069803389e+00
5.190000000000000000e+02,3.641316595433991221e+00
5.200000000000000000e+02,3.367460420422199174e+00
5.210000000000000000e+02,3.695853351621047000e+00
5.220000000000000000e+02,3.501113446098089277e+00
5.230000000000000000e+02,3.503299869715705395e+00
5.240000000000000000e+02,3.743746998082705169e+00
5.250000000000000000e+02,3.550968989568549006e+00
5.260000000000000000e+02,3.821807525590159571e+00
5.270000000000000000e+02,3.794571638617958875e+00
5.280000000000000000e+02,3.915363455094710954e+00
5.290000000000000000e+02,3.418170474224366373e+00
5.300000000000000000e+02,3.625134039102841488e+00
5.310000000000000000e+02,3.818906794219395717e+00
5.320000000000000000e+02,3.595495224539740242e+00
5.330000000000000000e+02,3.710538279581377274e+00
5.340000000000000000e+02,3.565233012450534922e+00
5.350000000000000000e+02,3.964182936019034376e+00
5.360000000000000000e+02,3.526646893213624345e+00
5.370000000000000000e+02,3.683852830603057793e+00
5.380000000000000000e+02,3.910196912632520228e+00
5.390000000000000000e+02,3.583910158449797212e+00
5.400000000000000000e+02,4.026491639920659615e+00
5.410000000000000000e+02,3.551558840054531263e+00
5.420000000000000000e+02,3.350473330983099629e+00
5.430000000000000000e+02,3.741440706047755249e+00
5.440000000000000000e+02,3.659262087980990508e+00
5.450000000000000000e+02,3.742470605548454010e+00
5.460000000000000000e+02,3.659408289281227855e+00
5.470000000000000000e+02,3.963230398690118506e+00
5.480000000000000000e+02,3.650628981693688768e+00
5.490000000000000000e+02,3.825906018875660841e+00
5.500000000000000000e+02,3.701747927493548307e+00
5.510000000000000000e+02,3.338371898438106555e+00
5.520000000000000000e+02,3.820188793702767871e+00
5.530000000000000000e+02,3.555806204976302176e+00
5.540000000000000000e+02,3.701913753224930659e+00
5.550000000000000000e+02,3.677232981761299424e+00
5.560000000000000000e+02,3.748736537712603401e+00
5.570000000000000000e+02,3.981043411637357643e+00
5.580000000000000000e+02,3.696227612847187594e+00
5.590000000000000000e+02,3.573325772841089432e+00
5.600000000000000000e+02,3.567424686709039339e+00
5.610000000000000000e+02,3.324934211762393232e+00
5.620000000000000000e+02,3.956656061422572535e+00
5.630000000000000000e+02,3.607796951244607975e+00
5.640000000000000000e+02,3.781488227973209160e+00
5.650000000000000000e+02,3.587385876607224855e+00
5.660000000000000000e+02,3.934432571264509626e+00
5.670000000000000000e+02,3.703758873142390495e+00
5.680000000000000000e+02,3.766324884817648933e+00
5.690000000000000000e+02,3.552893349517139310e+00
5.700000000000000000e+02,3.567474919500103425e+00
5.710000000000000000e+02,3.693356049080150694e+00
5.720000000000000000e+02,3.738023379378685895e+00
5.730000000000000000e+02,3.933998505577431803e+00
5.740000000000000000e+02,3.754532945221199292e+00
5.750000000000000000e+02,3.586586438197180815e+00
5.760000000000000000e+02,3.540189826661114036e+00
5.770000000000000000e+02,3.700615332953128167e+00
5.780000000000000000e+02,3.763909828411625025e+00
5.790000000000000000e+02,3.668590675059278272e+00
5.800000000000000000e+02,3.698951252348209984e+00
5.810000000000000000e+02,3.622197034605110666e+00
5.820000000000000000e+02,3.645360423054003096e+00
5.830000000000000000e+02,3.942909339803580160e+00
5.840000000000000000e+02,3.749787046370031351e+00
5.850000000000000000e+02,3.857735683662824488e+00
5.860000000000000000e+02,3.604908015851797654e+00
5.870000000000000000e+02,3.756806943021657741e+00
5.880000000000000000e+02,3.930871535560495733e+00
5.890000000000000000e+02,3.627162593583040273e+00
5.900000000000000000e+02,3.670093107280012923e+00
5.910000000000000000e+02,3.837156203116349307e+00
5.920000000000000000e+02,3.957751142857227400e+00
5.930000000000000000e+02,3.517847058901107271e+00
5.940000000000000000e+02,3.576515043287590068e+00
5.950000000000000000e+02,3.485067909792949337e+00
5.960000000000000000e+02,3.956273041313484118e+00
5.970000000000000000e+02,3.746162667743228258e+00
5.980000000000000000e+02,3.748583978284045326e+00
5.990000000000000000e+02,3.482071193157708855e+00
6.000000000000000000e+02,3.538216946693745424e+00
6.010000000000000000e+02,4.340441694867128497e+00
6.020000000000000000e+02,3.499592568381995505e+00
6.030000000000000000e+02,3.567199406816816243e+00
6.040000000000000000e+02,3.738045470084106370e+00
6.050000000000000000e+02,3.731701938002861763e+00
6.060000000000000000e+02,3.833565389488938546e+00
6.070000000000000000e+02,3.695392400223189711e+00
6.080000000000000000e+02,3.893103538612099346e+00
6.090000000000000000e+02,3.459402664293168783e+00
6.100000000000000000e+02,3.821075988412825364e+00
6.110000000000000000e+02,3.545521475492306784e+00
6.120000000000000000e+02,4.133785141846019862e+00
6.130000000000000000e+02,3.215543483742515196e+00
6.140000000000000000e+02,4.060188248534171152e+00
6.150000000000000000e+02,4.131080339664716661e+00
6.160000000000000000e+02,3.573078265713801827e+00
6.170000000000000000e+02,3.967209135500000095e+00
6.180000000000000000e+02,3.511821701543944130e+00
6.190000000000000000e+02,3.909113650442268995e+00
6.200000000000000000e+02,3.883339939281121200e+00
6.210000000000000000e+02,3.741405352682257490e+00
6.220000000000000000e+02,3.763706485794654277e+00
6.230000000000000000e+02,3.535207476074898825e+00
6.240000000000000000e+02,3.477626953670026388e+00
6.250000000000000000e+02,3.870759949166987290e+00
6.260000000000000000e+02,3.457138110162224276e+00
6.270000000000000000e+02,3.720711036239197966e+00
6.280000000000000000e+02,3.444896340869970874e+00
6.290000000000000000e+02,4.088914774117289319e+00
6.300000000000000000e+02,3.925428337276031687e+00
6.310000000000000000e+02,3.686953792351319148e+00
6.320000000000000000e+02,3.652508892668259843e+00
6.330000000000000000e+02,3.691456349411493587e+00
6.340000000000000000e+02,3.867538842870939853e+00
6.350000000000000000e+02,3.417916004529691687e+00
6.360000000000000000e+02,3.522458121592058511e+00
6.370000000000000000e+02,3.735537649998383003e+00
6.380000000000000000e+02,3.862416044537733573e+00
6.390000000000000000e+02,3.511566628049808791e+00
6.400000000000000000e+02,3.735013991540794720e+00
6.410000000000000000e+02,3.263398289620555559e+00
6.420000000000000000e+02,3.645733067597733523e+00
6.430000000000000000e+02,3.614734207399657784e+00
6.440000000000000000e+02,3.773756435694274103e+00
6.450000000000000000e+02,3.674239984565387473e+00
6.460000000000000000e+02,3.770740689033238002e+00
6.470000000000000000e+02,3.304446638501921107e+00
6.480000000000000000e+02,3.524993444870633041e+00
6.490000000000000000e+02,4.273340302429932791e+00
6.500000000000000000e+02,3.683210417474612086e+00
6.510000000000000000e+02,3.763946404126830458e+00
6.520000000000000000e+02,3.943256546116837846e+00
6.530000000000000000e+02,3.799574510327731858e+00
6.540000000000000000e+02,3.609075939393274091e+00
6.550000000000000000e+02,3.585699998513978137e+00
6.560000000000000000e+02,3.668193512536288559e+00
6.570000000000000000e+02,3.684298359181447768e+00
6.580000000000000000e+02,3.477172539763978332e+00
6.590000000000000000e+02,3.926668223249748291e+00
6.600000000000000000e+02,3.511255380093837530e+00
6.610000000000000000e+02,3.733160347458343686e+00
6.620000000000000000e+02,3.915554060610739739e+00
6.630000000000000000e+02,3.873348943664737476e+00
6.640000000000000000e+02,4.097924327925082544e+00
6.650000000000000000e+02,3.675919955035792608e+00
6.660000000000000000e+02,3.854328633577416063e+00
6.670000000000000000e+02,3.681414707625603633e+00
6.680000000000000000e+02,3.976327233478371248e+00
6.690000000000000000e+02,3.728781854774546378e+00
6.700000000000000000e+02,3.965015511600123332e+00
6.710000000000000000e+02,3.346680302740024260e+00
6.720000000000000000e+02,3.809387899880658068e+00
6.730000000000000000e+02,3.717397101551858984e+00
6.740000000000000000e+02,3.784210920871299066e+00
6.750000000000000000e+02,3.692983326566202429e+00
6.760000000000000000e+02,3.540337446910652108e+00
6.770000000000000000e+02,3.526045144731789538e+00
6.780000000000000000e+02,3.685744349715325274e+00
6.790000000000000000e+02,3.953240412043961705e+00
6.800000000000000000e+02,3.530201933459937269e+00
6.810000000000000000e+02,3.805138638815771746e+00
6.820000000000000000e+02,3.949602561628197339e+00
6.830000000000000000e+02,3.913048610875390576e+00
6.840000000000000000e+02,3.720347961739133069e+00
6.850000000000000000e+02,4.011061934575156585e+00
6.860000000000000000e+02,3.811569080991550340e+00
6.870000000000000000e+02,3.338280616430917114e+00
6.880000000000000000e+02,3.703544883306527424e+00
6.890000000000000000e+02,3.802617190987612084e+00
6.900000000000000000e+02,3.415274971986266284e+00
6.910000000000000000e+02,3.529092002086438473e+00
6.920000000000000000e+02,3.410255795292311376e+00
6.930000000000000000e+02,3.646082659573823825e+00
6.940000000000000000e+02,3.781657988145197269e+00
6.950000000000000000e+02,4.054656418632287540e+00
6.960000000000000000e+02,3.546668765035989601e+00
6.970000000000000000e+02,3.914343485997572980e+00
6.980000000000000000e+02,3.602608444916625352e+00
6.990000000000000000e+02,3.678128561016081655e+00
7.000000000000000000e+02,3.757531954444751854e+00
7.010000000000000000e+02,3.570748013902355744e+00
7.020000000000000000e+02,3.645615162075046101e+00
7.030000000000000000e+02,3.786915858798471035e+00
7.040000000000000000e+02,3.671547100580597967e+00
7.050000000000000000e+02,3.617516387402238465e+00
7.060000000000000000e+02,4.028407982697649103e+00
7.070000000000000000e+02,3.856310676987694031e+00
7.080000000000000000e+02,3.427557897832131495e+00
7.090000000000000000e+02,4.063807171423269970e+00
7.100000000000000000e+02,3.878748128249380311e+00
7.110000000000000000e+02,3.357183583792190174e+00
7.120000000000000000e+02,3.964665418803180241e+00
7.130000000000000000e+02,3.927120899544191523e+00
7.140000000000000000e+02,3.786927899304482370e+00
7.150000000000000000e+02,3.740479991528144588e+00
7.160000000000000000e+02,3.771451019551977257e+00
7.170000000000000000e+02,3.677263357585144998e+00
7.180000000000000000e+02,3.943190475964822195e+00
7.190000000000000000e+02,3.915522056063014400e+00
7.200000000000000000e+02,3.629321850791756621e+00
7.210000000000000000e+02,3.812411817951137483e+00
7.220000000000000000e+02,3.705701476940915118e+00
7.230000000000000000e+02,3.638022186792035928e+00
7.240000000000000000e+02,4.052313026040065047e+00
7.250000000000000000e+02,3.581316746676029616e+00
7.260000000000000000e+02,3.721207786008178253e+00
7.270000000000000000e+02,3.704994707527061504e+00
7.280000000000000000e+02,3.992805967163720382e+00
7.290000000000000000e+02,3.732518891122768245e+00
7.300000000000000000e+02,3.927258100074424441e+00
7.310000000000000000e+02,3.612878613388661897e+00
7.320000000000000000e+02,3.360883573025279514e+00
7.330000000000000000e+02,3.567187014973952852e+00
7.340000000000000000e+02,3.583002851452758541e+00
7.350000000000000000e+02,3.448915350263608737e+00
7.360000000000000000e+02,3.607381720186401797e+00
7.370000000000000000e+02,3.511516533576275023e+00
7.380000000000000000e+02,3.425578143994291391e+00
7.390000000000000000e+02,3.742952908301049320e+00
7.400000000000000000e+02,3.803143672556957622e+00
7.410000000000000000e+02,3.643600361538158250e+00
7.420000000000000000e+02,3.752794835921259509e+00
7.430000000000000000e+02,3.528266932011865809e+00
7.440000000000000000e+02,3.912345984310109159e+00
7.450000000000000000e+02,3.893626201535591580e+00
7.460000000000000000e+02,3.775618367125091357e+00
7.470000000000000000e+02,3.745130333730871897e+00
7.480000000000000000e+02,3.703974754114794710e+00
7.490000000000000000e+02,3.593410359592771997e+00
7.500000000000000000e+02,3.738655657576078983e+00
7.510000000000000000e+02,3.700658265652851053e+00
7.520000000000000000e+02,3.583146504193416071e+00
7.530000000000000000e+02,3.909539449665496047e+00
7.540000000000000000e+02,3.516827624310122857e+00
7.550000000000000000e+02,3.827731073591831734e+00
7.560000000000000000e+02,3.871344219425235877e+00
7.570000000000000000e+02,3.726029393731531414e+00
7.580000000000000000e+02,3.984079955848365273e+00
7.590000000000000000e+02,3.613440361320538141e+00
7.600000000000000000e+02,3.427237651200158997e+00
7.610000000000000000e+02,3.882832840699937282e+00
7.620000000000000000e+02,3.820390097778333605e+00
7.630000000000000000e+02,3.661693444627086347e+00
7.640000000000000000e+02,3.895617946404124066e+00
7.650000000000000000e+02,3.682652319879051728e+00
7.660000000000000000e+02,3.713044468412647348e+00
7.670000000000000000e+02,3.926359502993942652e+00
7.680000000000000000e+02,3.798031985917366793e+00
7.690000000000000000e+02,3.328572353397324601e+00
7.700000000000000000e+02,3.705308773047049087e+00
7.710000000000000000e+02,3.921488932390448046e+00
7.720000000000000000e+02,4.002615317052109489e+00
7.730000000000000000e+02,3.916572355652181869e+00
7.740000000000000000e+02,3.645043689287200905e+00
7.750000000000000000e+02,3.799461764862608781e+00
7.760000000000000000e+02,3.519626702624635506e+00
7.770000000000000000e+02,3.348781893728372427e+00
7.780000000000000000e+02,3.742479323588653095e+00
7.790000000000000000e+02,3.994928847442569264e+00
7.800000000000000000e+02,3.446951558331864618e+00
7.810000000000000000e+02,3.730218631979023147e+00
7.820000000000000000e+02,3.717895965851565787e+00
7.830000000000000000e+02,3.707455467194938681e+00
7.840000000000000000e+02,3.585896277438639590e+00
7.850000000000000000e+02,3.556123318260142607e+00
7.860000000000000000e+02,3.796620827562320777e+00
7.870000000000000000e+02,3.636503184873435934e+00
7.880000000000000000e+02,3.570240114325740510e+00
7.890000000000000000e+02,3.497062585947698476e+00
7.900000000000000000e+02,3.604500050525387245e+00
7.910000000000000000e+02,3.594864672838832487e+00
7.920000000000000000e+02,3.715727436233294600e+00
7.930000000000000000e+02,3.599244033901485285e+00
7.940000000000000000e+02,3.384636017554556453e+00
7.950000000000000000e+02,3.842929697557952107e+00
7.960000000000000000e+02,3.965017610686625282e+00
7.970000000000000000e+02,3.690037985755079131e+00
7.980000000000000000e+02,3.768035866690437885e+00
7.990000000000000000e+02,3.683923845708615641e+00
8.000000000000000000e+02,3.672763595608373066e+00
8.010000000000000000e+02,3.810494828636561859e+00
8.020000000000000000e+02,3.766687865284871428e+00
8.030000000000000000e+02,3.869658762045925737e+00
8.040000000000000000e+02,3.783013736067643240e+00
8.050000000000000000e+02,3.807146078080215101e+00
8.060000000000000000e+02,3.673751263753771035e+00
8.070000000000000000e+02,3.848481918536601487e+00
8.080000000000000000e+02,3.589506885951560200e+00
8.090000000000000000e+02,3.639337519296377277e+00
8.100000000000000000e+02,3.931635428227476581e+00
8.110000000000000000e+02,3.705909410849062002e+00
8.120000000000000000e+02,3.526619594613961794e+00
8.130000000000000000e+02,3.460478643561330614e+00
8.140000000000000000e+02,3.449842241257194075e+00
8.150000000000000000e+02,3.631796745339896937e+00
8.160000000000000000e+02,3.778293182521049065e+00
8.170000000000000000e+02,3.910702530976336355e+00
8.180000000000000000e+02,3.699646530165280112e+00
8.190000000000000000e+02,3.834387858276571137e+00
8.200000000000000000e+02,3.991210430435075729e+00
8.210000000000000000e+02,3.734591726983800264e+00
8.220000000000000000e+02,3.607886853235626745e+00
8.230000000000000000e+02,3.697130008308533000e+00
8.240000000000000000e+02,3.791603379638799343e+00
8.250000000000000000e+02,3.526204710623588756e+00
8.260000000000000000e+02,3.676098197446722615e+00
8.270000000000000000e+02,3.575251953482003309e+00
8.280000000000000000e+02,3.769623836466351019e+00
8.290000000000000000e+02,3.824753600246191709e+00
8.300000000000000000e+02,3.475879332377565412e+00
8.310000000000000000e+02,3.556994372651078429e+00
8.320000000000000000e+02,3.668923939519801003e+00
8.330000000000000000e+02,3.744160767287115554e+00
8.340000000000000000e+02,3.576144086412649248e+00
8.350000000000000000e+02,3.726342649833032539e+00
8.360000000000000000e+02,3.835631993740362677e+00
8.370000000000000000e+02,3.567072570199173231e+00
8.380000000000000000e+02,4.139618347615211746e+00
8.390000000000000000e+02,3.348508277012714807e+00
8.400000000000000000e+02,3.563025137021844202e+00
8.410000000000000000e+02,3.712541048893727602e+00
8.420000000000000000e+02,3.744908316036198226e+00
8.430000000000000000e+02,3.686799144683617691e+00
8.440000000000000000e+02,3.451052869810337320e+00
8.450000000000000000e+02,3.870817246930587707e+00
8.460000000000000000e+02,3.560686910240641545e+00
8.470000000000000000e+02,3.554817316121078097e+00
8.480000000000000000e+02,3.817111910984576806e+00
8.490000000000000000e+02,3.548640162528229780e+00
8.500000000000000000e+02,3.886054856395759316e+00
8.510000000000000000e+02,3.781543630132161660e+00
8.520000000000000000e+02,3.767117143315529937e+00
8.530000000000000000e+02,3.707019450290343077e+00
8.540000000000000000e+02,3.546003261229939252e+00
8.550000000000000000e+02,3.786842788020452488e+00
8.560000000000000000e+02,3.357928096066044255e+00
8.570000000000000000e+02,3.394939316539507868e+00
8.580000000000000000e+02,3.313507531152047658e+00
8.590000000000000000e+02,3.683971030660332602e+00
8.600000000000000000e+02,3.831284867298614394e+00
8.610000000000000000e+02,3.395156106929473339e+00
8.620000000000000000e+02,3.679573054884692329e+00
8.630000000000000000e+02,3.907615732163610911e+00
8.640000000000000000e+02,3.576633611157087334e+00
8.650000000000000000e+02,3.959768745904528320e+00
8.660000000000000000e+02,3.736260158855758462e+00
8.670000000000000000e+02,3.672018802032966267e+00
8.680000000000000000e+02,3.533001066250814670e+00
8.690000000000000000e+02,3.387080932819215739e+00
8.700000000000000000e+02,3.768520464728087660e+00
8.710000000000000000e+02,3.888025949211722399e+00
8.720000000000000000e+02,3.648578626691739935e+00
8.730000000000000000e+02,3.604609649641205227e+00
8.740000000000000000e+02,3.947369753083430410e+00
8.750000000000000000e+02,3.899119521470786776e+00
8.760000000000000000e+02,3.320168020147988841e+00
8.770000000000000000e+02,3.707659135653178506e+00
8.780000000000000000e+02,3.378677526543977017e+00
8.790000000000000000e+02,3.815907483908160369e+00
8.800000000000000000e+02,3.796925408782062306e+00
8.810000000000000000e+02,3.490389428081703826e+00
8.820000000000000000e+02,3.362883447629856803e+00
8.830000000000000000e+02,3.521681144689599030e+00
8.840000000000000000e+02,3.890253544994767054e+00
8.850000000000000000e+02,3.803418337387591386e+00
8.860000000000000000e+02,3.728755452549089799e+00
8.870000000000000000e+02,3.867126862262519005e+00
8.880000000000000000e+02,3.924529323162176730e+00
8.890000000000000000e+02,3.596360169551822139e+00
8.900000000000000000e+02,3.816085915744457768e+00
8.910000000000000000e+02,3.871056650319737003e+00
8.920000000000000000e+02,3.782211222647869242e+00
8.930000000000000000e+02,3.546390860095415931e+00
8.940000000000000000e+02,3.955679845558447649e+00
8.950000000000000000e+02,3.833163815663131579e+00
8.960000000000000000e+02,3.770404967121311568e+00
8.970000000000000000e+02,3.665260444052582223e+00
8.980000000000000000e+02,3.443143722171678967e+00
8.990000000000000000e+02,3.407213056941285068e+00
9.000000000000000000e+02,3.709147153293726351e+00
9.010000000000000000e+02,3.635201491173151389e+00
9.020000000000000000e+02,3.949144586180904692e+00
9.030000000000000000e+02,3.788679621566104050e+00
9.040000000000000000e+02,3.992072346750131562e+00
9.050000000000000000e+02,3.638888336373938603e+00
9.060000000000000000e+02,3.840161839610808592e+00
9.070000000000000000e+02,3.526803911244019485e+00
9.080000000000000000e+02,3.997565938176024236e+00
9.090000000000000000e+02,3.715297706181051929e+00
9.100000000000000000e+02,3.769631824035942103e+00
9.110000000000000000e+02,3.948808670728010561e+00
9.120000000000000000e+02,3.917996404221018913e+00
9.130000000000000000e+02,3.312422386015404285e+00
9.140000000000000000e+02,3.549758634878019237e+00
9.150000000000000000e+02,3.833372380966996840e+00
9.160000000000000000e+02,3.448622517341157323e+00
9.170000000000000000e+02,3.944742985391864742e+00
9.180000000000000000e+02,3.738420883389006022e+00
9.190000000000000000e+02,3.722656726475939593e+00
9.200000000000000000e+02,3.743503974638803022e+00
9.210000000000000000e+02,3.683544560829602244e+00
9.220000000000000000e+02,3.629925197238361712e+00
9.230000000000000000e+02,3.628249453350725684e+00
9.240000000000000000e+02,3.636859325626745409e+00
9.250000000000000000e+02,3.731735070153409328e+00
9.260000000000000000e+02,3.506582120652283141e+00
9.270000000000000000e+02,3.678682353834759944e+00
9.280000000000000000e+02,3.780876082244469583e+00
9.290000000000000000e+02,3.808417151237772913e+00
9.300000000000000000e+02,3.622132528454951039e+00
9.310000000000000000e+02,3.616235950417354239e+00
9.320000000000000000e+02,3.757839801835709981e+00
9.330000000000000000e+02,3.860437501192415688e+00
9.340000000000000000e+02,3.627300245094398967e+00
9.350000000000000000e+02,3.658311039730348213e+00
9.360000000000000000e+02,3.608308322870136919e+00
9.370000000000000000e+02,3.700278374843556151e+00
9.380000000000000000e+02,3.605964908978236849e+00
9.390000000000000000e+02,3.538258594015851521e+00
9.400000000000000000e+02,3.689995880378896143e+00
9.410000000000000000e+02,3.761183018798937017e+00
9.420000000000000000e+02,3.885862852709098814e+00
9.430000000000000000e+02,3.606794625493337847e+00
9.440000000000000000e+02,3.748952342368066404e+00
9.450000000000000000e+02,3.623453908862447115e+00
9.460000000000000000e+02,3.721781966730322466e+00
9.470000000000000000e+02,3.630805398979154219e+00
9.480000000000000000e+02,3.526810407619165755e+00
9.490000000000000000e+02,3.919525890778321919e+00
9.500000000000000000e+02,3.690567255733859575e+00
9.510000000000000000e+02,3.576017602841650156e+00
9.520000000000000000e+02,3.434419323496875620e+00
9.530000000000000000e+02,3.697029262011385597e+00
9.540000000000000000e+02,3.608079667951192171e+00
9.550000000000000000e+02,3.770788003127146126e+00
9.560000000000000000e+02,3.593899752356711996e+00
9.570000000000000000e+02,3.531798562626097482e+00
9.580000000000000000e+02,3.474298581485846249e+00
9.590000000000000000e+02,3.852538364516789660e+00
9.600000000000000000e+02,3.624219866668477508e+00
9.610000000000000000e+02,3.581199289988130641e+00
9.620000000000000000e+02,3.635317113902467590e+00
9.630000000000000000e+02,3.859470095529996314e+00
9.640000000000000000e+02,3.797315572652623317e+00
9.650000000000000000e+02,3.692288363841123910e+00
9.660000000000000000e+02,3.526651261600031173e+00
9.670000000000000000e+02,3.637792667001727320e+00
9.680000000000000000e+02,3.716620683306681272e+00
9.690000000000000000e+02,3.778647997183264717e+00
9.700000000000000000e+02,3.625707871103720503e+00
9.710000000000000000e+02,3.634772442617935084e+00
9.720000000000000000e+02,3.603467338577397872e+00
9.730000000000000000e+02,3.471349053921251482e+00
9.740000000000000000e+02,3.909556038531764699e+00
9.750000000000000000e+02,3.779829043039568237e+00
9.760000000000000000e+02,3.674749701478992492e+00
9.770000000000000000e+02,3.632514004380907213e+00
9.780000000000000000e+02,3.607402097946074804e+00
9.790000000000000000e+02,3.593280491171416902e+00
9.800000000000000000e+02,3.649942191273049641e+00
9.810000000000000000e+02,3.752930926679821866e+00
9.820000000000000000e+02,3.510916678229913046e+00
9.830000000000000000e+02,3.449653531983464916e+00
9.840000000000000000e+02,3.751097147763810646e+00
9.850000000000000000e+02,3.608721351432392144e+00
9.860000000000000000e+02,3.640390658573148031e+00
9.870000000000000000e+02,3.737577534567348536e+00
9.880000000000000000e+02,3.566225489373361590e+00
9.890000000000000000e+02,3.586015070205948785e+00
9.900000000000000000e+02,3.612711137628085378e+00
9.910000000000000000e+02,3.488572608030016564e+00
9.920000000000000000e+02,3.881817662073373310e+00
9.930000000000000000e+02,3.602728798334938976e+00
9.940000000000000000e+02,3.729323642298308705e+00
9.950000000000000000e+02,3.649912401742779533e+00
9.960000000000000000e+02,3.828253004946224891e+00
9.970000000000000000e+02,3.485906596805186553e+00
9.980000000000000000e+02,3.769370025915086853e+00
9.990000000000000000e+02,3.611231911461675992e+00
1.000000000000000000e+03,3.413300319351255219e+00
1.001000000000000000e+03,3.876012055085549246e+00
1.002000000000000000e+03,3.549524965866890813e+00
1.003000000000000000e+03,3.753901777272051987e+00
1.004000000000000000e+03,3.606290979594441559e+00
1.005000000000000000e+03,3.887599750424111988e+00
1.006000000000000000e+03,3.514974242140866956e+00
1.007000000000000000e+03,3.632407385353967566e+00
1.008000000000000000e+03,3.598006215694959931e+00
1.009000000000000000e+03,3.913303975250951527e+00
1.010000000000000000e+03,3.461001709001661375e+00
1.011000000000000000e+03,3.883680962514625357e+00
1.012000000000000000e+03,3.324773137513729271e+00
1.013000000000000000e+03,3.686329663265067058e+00
1.014000000000000000e+03,3.424525745161882462e+00
1.015000000000000000e+03,3.835921165156621182e+00
1.016000000000000000e+03,3.525407362284606716e+00
1.017000000000000000e+03,3.735246130428858446e+00
1.018000000000000000e+03,3.731298269416568836e+00
1.019000000000000000e+03,3.549074214949516470e+00
1.020000000000000000e+03,3.699263460818868143e+00
1.021000000000000000e+03,3.857788409101723381e+00
1.022000000000000000e+03,3.787502900965105557e+00
1.023000000000000000e+03,3.509251835411839160e+00
1.024000000000000000e+03,3.562019085619604120e+00
1.025000000000000000e+03,3.522495185302894516e+00
1.026000000000000000e+03,3.472595922566983795e+00
1.027000000000000000e+03,3.637395192699346413e+00
1.028000000000000000e+03,3.954564123389008756e+00
1.029000000000000000e+03,3.611939517646249875e+00
1.030000000000000000e+03,3.676705421714448807e+00
1.031000000000000000e+03,3.941624373346922727e+00
1.032000000000000000e+03,3.559006270037123887e+00
1.033000000000000000e+03,4.014313434285686100e+00
1.034000000000000000e+03,3.448660164458905442e+00
1.035000000000000000e+03,4.012670642529331921e+00
1.036000000000000000e+03,4.063181781041131480e+00
1.037000000000000000e+03,3.445807275656371793e+00
1.038000000000000000e+03,3.766258197953446629e+00
1.039000000000000000e+03,3.461452106672271434e+00
1.040000000000000000e+03,3.770631089081000642e+00
1.041000000000000000e+03,3.884151189887791844e+00
1.042000000000000000e+03,3.576040966135182408e+00
1.043000000000000000e+03,3.549338925395997713e+00
1.044000000000000000e+03,3.848186838595485604e+00
1.045000000000000000e+03,3.509895190354303196e+00
1.046000000000000000e+03,3.666265361531277023e+00
1.047000000000000000e+03,3.441337173232684954e+00
1.048000000000000000e+03,3.907715017808927715e+00
1.049000000000000000e+03,3.765855209673365511e+00
1.050000000000000000e+03,3.725337350874495801e+00
1.051000000000000000e+03,3.634413470166526050e+00
1.052000000000000000e+03,3.534895650091380404e+00
1.053000000000000000e+03,3.760951537202178230e+00
1.054000000000000000e+03,3.511582846212032205e+00
1.055000000000000000e+03,3.494896203059361550e+00
1.056000000000000000e+03,4.014546781335205594e+00
1.057000000000000000e+03,3.755207277478943340e+00
1.058000000000000000e+03,3.746910505001064706e+00
1.059000000000000000e+03,3.765078365954134476e+00
1.060000000000000000e+03,3.357223194911674646e+00
1.061000000000000000e+03,3.691727464491215471e+00
1.062000000000000000e+03,3.395470416152232662e+00
1.063000000000000000e+03,3.522973167610438772e+00
1.064000000000000000e+03,3.667077232366560136e+00
1.065000000000000000e+03,3.643896252127606150e+00
1.066000000000000000e+03,3.738643640190974171e+00
1.067000000000000000e+03,3.609828432706961632e+00
1.068000000000000000e+03,3.626328540615881391e+00
1.069000000000000000e+03,3.700634513242291312e+00
1.070000000000000000e+03,3.303848913222859007e+00
1.071000000000000000e+03,3.628911725441401614e+00
1.072000000000000000e+03,3.654746106942960981e+00
1.073000000000000000e+03,3.531984797758538797e+00
1.074000000000000000e+03,3.734632375297742612e+00
1.075000000000000000e+03,3.630592676223738380e+00
1.076000000000000000e+03,3.655853512316603826e+00
1.077000000000000000e+03,3.662340296281774155e+00
1.078000000000000000e+03,3.443656898797318622e+00
1.079000000000000000e+03,3.484921151712050857e+00
1.080000000000000000e+03,3.702518538400539239e+00
1.081000000000000000e+03,3.302911394494020048e+00
1.082000000000000000e+03,3.619105162926983255e+00
1.083000000000000000e+03,3.768896325706175165e+00
1.084000000000000000e+03,3.325098212161774924e+00
1.085000000000000000e+03,3.725764410469933008e+00
1.086000000000000000e+03,3.820337696619759971e+00
1.087000000000000000e+03,3.582944045051014825e+00
1.088000000000000000e+03,3.706603116436468337e+00
1.089000000000000000e+03,3.564842191018700923e+00
1.090000000000000000e+03,3.644143669752359482e+00
1.091000000000000000e+03,3.519737390021074219e+00
1.092000000000000000e+03,3.532870337584286702e+00
1.093000000000000000e+03,3.383263608651831067e+00
1.094000000000000000e+03,3.674085014940038807e+00
1.095000000000000000e+03,3.445316413865402438e+00
1.096000000000000000e+03,3.855508358244622347e+00
1.097000000000000000e+03,3.582972508120644051e+00
1.098000000000000000e+03,3.616086877526659471e+00
1.099000000000000000e+03,3.907270823980106389e+00
1.100000000000000000e+03,4.145699986034670381e+00
1.101000000000000000e+03,3.187393606774675536e+00
1.102000000000000000e+03,3.923666125018262729e+00
1.103000000000000000e+03,3.775988568281459123e+00
1.104000000000000000e+03,3.931207851984549695e+00
1.105000000000000000e+03,3.479002104695021025e+00
1.106000000000000000e+03,3.628185843039986480e+00
1.107000000000000000e+03,3.626144216859207958e+00
1.108000000000000000e+03,3.750387932126730384e+00
1.109000000000000000e+03,3.640892014125305831e+00
1.110000000000000000e+03,3.662948541877277808e+00
1.111000000000000000e+03,3.798548639911778046e+00
1.112000000000000000e+03,3.894066048163539850e+00
1.113000000000000000e+03,3.834294749538071478e+00
1.114000000000000000e+03,3.655340978551721243e+00
1.115000000000000000e+03,3.728152492620670166e+00
1.116000000000000000e+03,3.804607764291281224e+00
1.117000000000000000e+03,3.950418774554612433e+00
1.118000000000000000e+03,3.866236387988146284e+00
1.119000000000000000e+03,3.692266702760404140e+00
1.120000000000000000e+03,3.509599757932575503e+00
1.121000000000000000e+03,3.764995031156357808e+00
1.122000000000000000e+03,3.635544790794191350e+00
1.123000000000000000e+03,3.812353829209385925e+00
1.124000000000000000e+03,3.943620168067170084e+00
1.125000000000000000e+03,3.863273342238247476e+00
1.126000000000000000e+03,3.541525491552840688e+00
1.127000000000000000e+03,3.602183292174082396e+00
1.128000000000000000e+03,3.570883095427261011e+00
1.129000000000000000e+03,3.921378781561087212e+00
1.130000000000000000e+03,3.879457940091143531e+00
1.131000000000000000e+03,3.651286552278393938e+00
1.132000000000000000e+03,3.680057015865561887e+00
1.133000000000000000e+03,3.587914057501216725e+00
1.134000000000000000e+03,3.803336244928648302e+00
1.135000000000000000e+03,3.523525954062941334e+00
1.136000000000000000e+03,3.648124821674385121e+00
1.137000000000000000e+03,3.536650731934209091e+00
1.138000000000000000e+03,3.742227699734728130e+00
1.139000000000000000e+03,3.882392274212382866e+00
1.140000000000000000e+03,3.743091984055926691e+00
1.141000000000000000e+03,3.633086234017918859e+00
1.142000000000000000e+03,3.538695056566354857e+00
1.143000000000000000e+03,3.592095305445768716e+00
1.144000000000000000e+03,3.818586225380366628e+00
1.145000000000000000e+03,3.872965291267288279e+00
1.146000000000000000e+03,3.734132559512840732e+00
1.147000000000000000e+03,3.879698012496886950e+00
1.148000000000000000e+03,3.908910219877176573e+00
1.149000000000000000e+03,3.454582699572881221e+00
1.150000000000000000e+03,3.986594845625297090e+00
1.151000000000000000e+03,3.346075741465255327e+00
1.152000000000000000e+03,3.343992900043226246e+00
1.153000000000000000e+03,3.717086353119840147e+00
1.154000000000000000e+03,3.780498332260672445e+00
1.155000000000000000e+03,3.580746214249797443e+00
1.156000000000000000e+03,3.698258226896165901e+00
1.157000000000000000e+03,3.628122317142804754e+00
1.158000000000000000e+03,3.436908866567050413e+00
1.159000000000000000e+03,3.867373972802455651e+00
1.160000000000000000e+03,3.682106103537202468e+00
1.161000000000000000e+03,3.833196285176465601e+00
1.162000000000000000e+03,3.870818140572012567e+00
1.163000000000000000e+03,3.752299178396937496e+00
1.164000000000000000e+03,3.698667854523252085e+00
1.165000000000000000e+03,3.626586365168910753e+00
1.166000000000000000e+03,3.676824151373597083e+00
1.167000000000000000e+03,3.747078236436437670e+00
1.168000000000000000e+03,3.556342687212773246e+00
1.169000000000000000e+03,3.741589938197386278e+00
1.170000000000000000e+03,3.641627826320502859e+00
1.171000000000000000e+03,3.518557739902538284e+00
1.172000000000000000e+03,3.625414884175677699e+00
1.173000000000000000e+03,3.788305485135072814e+00
1.174000000000000000e+03,3.758651186545088230e+00
1.175000000000000000e+03,4.318518237028124318e+00
1.176000000000000000e+03,3.971953107519077708e+00
1.177000000000000000e+03,3.839755987343176358e+00
1.178000000000000000e+03,3.858240976394010868e+00
1.179000000000000000e+03,3.321405162881545525e+00
1.180000000000000000e+03,3.714061836917017523e+00
1.181000000000000000e+03,3.957159160441924950e+00
1.182000000000000000e+03,3.383515676694523577e+00
1.183000000000000000e+03,3.814697228147475805e+00
1.184000000000000000e+03,3.569813461888629025e+00
1.185000000000000000e+03,3.864938044930272820e+00
1.186000000000000000e+03,3.916142713508695472e+00
1.187000000000000000e+03,3.721600607991511822e+00
1.188000000000000000e+03,4.013921340367048174e+00
1.189000000000000000e+03,3.778348700125504944e+00
1.190000000000000000e+03,3.742707150852649711e+00
1.191000000000000000e+03,3.567257104364821796e+00
1.192000000000000000e+03,3.692383058547778596e+00
1.193000000000000000e+03,3.641783482729162635e+00
1.194000000000000000e+03,3.701512769883850140e+00
1.195000000000000000e+03,3.823176065240396770e+00
1.196000000000000000e+03,3.515765487208394546e+00
1.197000000000000000e+03,3.784479172841372030e+00
1.198000000000000000e+03,3.816675876680532653e+00
1.199000000000000000e+03,3.660810811590570424e+00
1.200000000000000000e+03,3.885337773123283878e+00
1.201000000000000000e+03,3.613139145198218660e+00
1.202000000000000000e+03,3.693675678252295480e+00
1.203000000000000000e+03,3.717943291312580278e+00
1.204000000000000000e+03,3.790990369392739812e+00
1.205000000000000000e+03,3.613838309838111496e+00
1.206000000000000000e+03,3.333953643244729204e+00
1.207000000000000000e+03,3.667685316790973094e+00
1.208000000000000000e+03,3.835361404385017714e+00
1.209000000000000000e+03,3.415437244083439072e+00
1.210000000000000000e+03,3.656681907022780731e+00
1.211000000000000000e+03,3.598982215576081778e+00
1.212000000000000000e+03,3.912860814194649262e+00
1.213000000000000000e+03,3.935214671003667952e+00
1.214000000000000000e+03,3.708242235410153853e+00
1.215000000000000000e+03,3.819654367022149888e+00
1.216000000000000000e+03,3.676554683276940239e+00
1.217000000000000000e+03,3.628956901968206861e+00
1.218000000000000000e+03,3.833306963721934579e+00
1.219000000000000000e+03,3.719873688488038788e+00
1.220000000000000000e+03,3.737840054684760549e+00
1.221000000000000000e+03,3.826813007818666179e+00
1.222000000000000000e+03,3.808210849620857097e+00
1.223000000000000000e+03,3.562877990970768405e+00
1.224000000000000000e+03,3.868540630754235821e+00
1.225000000000000000e+03,3.523971849158830327e+00
1.226000000000000000e+03,3.547443869809397299e+00
1.227000000000000000e+03,3.531593753870347019e+00
1.228000000000000000e+03,3.317924769592667467e+00
1.229000000000000000e+03,3.503318079095008919e+00
1.230000000000000000e+03,3.408418886617892163e+00
1.231000000000000000e+03,3.525641220736256631e+00
1.232000000000000000e+03,3.606793814285313093e+00
1.233000000000000000e+03,3.652730755577782595e+00
1.234000000000000000e+03,3.619644771715672338e+00
1.235000000000000000e+03,3.520574554272156487e+00
1.236000000000000000e+03,3.494943654330509908e+00
1.237000000000000000e+03,3.595491482299660202e+00
1.238000000000000000e+03,3.538454217673720592e+00
1.239000000000000000e+03,3.727630613485115596e+00
1.240000000000000000e+03,3.594735978620811956e+00
1.241000000000000000e+03,3.714431033869167287e+00
1.242000000000000000e+03,3.526519761265349384e+00
1.243000000000000000e+03,3.816279424596136671e+00
1.244000000000000000e+03,3.534709097616139495e+00
1.245000000000000000e+03,3.592914206304632430e+00
1.246000000000000000e+03,3.705146241597550016e+00
1.247000000000000000e+03,3.688413464679818343e+00
1.248000000000000000e+03,3.578291242664725758e+00
1.249000000000000000e+03,3.536004202239147354e+00
1.250000000000000000e+03,3.673364375532335302e+00
1.251000000000000000e+03,3.826824909494593197e+00
1.252000000000000000e+03,3.514134809372030155e+00
1.253000000000000000e+03,3.543906086446805492e+00
1.254000000000000000e+03,3.814576155317106920e+00
1.255000000000000000e+03,4.136357116217451946e+00
1.256000000000000000e+03,3.643039898654253594e+00
1.257000000000000000e+03,3.758081717927356458e+00
1.258000000000000000e+03,3.670581326791908072e+00
1.259000000000000000e+03,3.450886508307112521e+00
1.260000000000000000e+03,3.859170863414051578e+00
1.261000000000000000e+03,3.835729634983798597e+00
1.262000000000000000e+03,3.652140138664763835e+00
1.263000000000000000e+03,3.575342257508409727e+00
1.264000000000000000e+03,3.748176753214921941e+00
1.265000000000000000e+03,3.667917856644169916e+00
1.266000000000000000e+03,3.483997149243542868e+00
1.267000000000000000e+03,3.998297894437922384e+00
1.268000000000000000e+03,3.503758442812321405e+00
1.269000000000000000e+03,4.056782276773949647e+00
1.270000000000000000e+03,3.609789944442559850e+00
1.271000000000000000e+03,3.522107399059533073e+00
1.272000000000000000e+03,3.633659718841377728e+00
1.273000000000000000e+03,3.333134975750989160e+00
1.274000000000000000e+03,3.534866810433297424e+00
1.275000000000000000e+03,3.888568167490737970e+00
1.276000000000000000e+03,3.863895026788584985e+00
1.277000000000000000e+03,3.537946766013531974e+00
1.278000000000000000e+03,3.528489550141989284e+00
1.279000000000000000e+03,3.349433317979080726e+00
1.280000000000000000e+03,3.817703677326032441e+00
1.281000000000000000e+03,3.799231791695316218e+00
1.282000000000000000e+03,3.634878930544231057e+00
1.283000000000000000e+03,3.687502878222680636e+00
1.284000000000000000e+03,3.753125346779111471e+00
1.285000000000000000e+03,3.700401557048611512e+00
1.286000000000000000e+03,3.763811956531715186e+00
1.287000000000000000e+03,3.578793737396225527e+00
1.288000000000000000e+03,3.626812076233838056e+00
1.289000000000000000e+03,3.480894172355428751e+00
1.290000000000000000e+03,3.487088084699010437e+00
1.291000000000000000e+03,3.435751706066426436e+00
1.292000000000000000e+03,3.702014995285702881e+00
1.293000000000000000e+03,3.447180705007154788e+00
1.294000000000000000e+03,3.671177370941789420e+00
1.295000000000000000e+03,3.495084142639133695e+00
1.296000000000000000e+03,3.631038184975830863e+00
1.297000000000000000e+03,3.333881171707888225e+00
1.298000000000000000e+03,4.062288332957791681e+00
1.299000000000000000e+03,3.714736644451489322e+00
1.300000000000000000e+03,3.816675189484533881e+00
1.301000000000000000e+03,3.737855359461109916e+00
1.302000000000000000e+03,3.710926909680096752e+00
1.303000000000000000e+03,3.814285369093364686e+00
1.304000000000000000e+03,3.720436666764416422e+00
1.305000000000000000e+03,3.552313163826803510e+00
1.306000000000000000e+03,3.670729629455951493e+00
1.307000000000000000e+03,3.692763316453735900e+00
1.308000000000000000e+03,3.824036612953929382e+00
1.309000000000000000e+03,3.656900193163767021e+00
1.310000000000000000e+03,3.665875740592249965e+00
1.311000000000000000e+03,3.650098994906666672e+00
1.312000000000000000e+03,3.383227442687216868e+00
1.313000000000000000e+03,3.364352415780281547e+00
1.314000000000000000e+03,3.978981934965718725e+00
1.315000000000000000e+03,3.848765397677150535e+00
1.316000000000000000e+03,3.724772741880027382e+00
1.317000000000000000e+03,3.854758731226272772e+00
1.318000000000000000e+03,3.532220449464511969e+00
1.319000000000000000e+03,3.724315929865865460e+00
1.320000000000000000e+03,3.507074823985427248e+00
1.321000000000000000e+03,3.859131909819023321e+00
1.322000000000000000e+03,3.659280431275874435e+00
1.323000000000000000e+03,3.958005462551418496e+00
1.324000000000000000e+03,3.537492157825287364e+00
1.325000000000000000e+03,3.536839644216028589e+00
1.326000000000000000e+03,3.808762622154597821e+00
1.327000000000000000e+03,3.587124888664832145e+00
1.328000000000000000e+03,3.690873241694731188e+00
1.329000000000000000e+03,3.559111964745297119e+00
1.330000000000000000e+03,3.712715004079142123e+00
1.331000000000000000e+03,3.502369441495991165e+00
1.332000000000000000e+03,3.740355974511643034e+00
1.333000000000000000e+03,3.523496973140656241e+00
1.334000000000000000e+03,3.714938788503416855e+00
1.335000000000000000e+03,3.629330834144537832e+00
1.336000000000000000e+03,3.545588732588829117e+00
1.337000000000000000e+03,3.908163801144199478e+00
1.338000000000000000e+03,3.885275019152486742e+00
1.339000000000000000e+03,3.538363940954258879e+00
1.340000000000000000e+03,3.630372921616662474e+00
1.341000000000000000e+03,3.718371444146977733e+00
1.342000000000000000e+03,3.756162305927040812e+00
1.343000000000000000e+03,3.729879166840751825e+00
1.344000000000000000e+03,3.914432274513821142e+00
1.345000000000000000e+03,3.449919369548223980e+00
1.346000000000000000e+03,3.447675526655033629e+00
1.347000000000000000e+03,3.912287836577542866e+00
1.348000000000000000e+03,3.454066343953738460e+00
1.349000000000000000e+03,3.712596479274766992e+00
1.350000000000000000e+03,3.499758766216026107e+00
1.351000000000000000e+03,3.564258335931746569e+00
1.352000000000000000e+03,3.915418132314159028e+00
1.353000000000000000e+03,3.525524492719323888e+00
1.354000000000000000e+03,3.381713054278856045e+00
1.355000000000000000e+03,3.779117824272609116e+00
1.356000000000000000e+03,3.762380083898612781e+00
1.357000000000000000e+03,3.734921603373803745e+00
1.358000000000000000e+03,3.622658213529101445e+00
1.359000000000000000e+03,3.481483322464722363e+00
1.360000000000000000e+03,3.501493540435157925e+00
1.361000000000000000e+03,3.481176652598437560e+00
1.362000000000000000e+03,3.865096579618811479e+00
1.363000000000000000e+03,3.747501514829885139e+00
1.364000000000000000e+03,3.607860487511454828e+00
1.365000000000000000e+03,3.653602876240897857e+00
1.366000000000000000e+03,3.680188320356629461e+00
1.367000000000000000e+03,3.722625408275852088e+00
1.368000000000000000e+03,3.551032232234461627e+00
1.369000000000000000e+03,3.853136761049522629e+00
1.370000000000000000e+03,3.953182410391369306e+00
1.371000000000000000e+03,3.676318185157394058e+00
1.372000000000000000e+03,3.620179020020751537e+00
1.373000000000000000e+03,3.672146101540885166e+00
1.374000000000000000e+03,3.537725297630119226e+00
1.375000000000000000e+03,3.991227008953841082e+00
1.376000000000000000e+03,3.401928852054089791e+00
1.377000000000000000e+03,3.674377952353634402e+00
1.378000000000000000e+03,3.593316690615677711e+00
1.379000000000000000e+03,3.708719164715720940e+00
1.380000000000000000e+03,3.513712960473550861e+00
1.381000000000000000e+03,3.705620728506106243e+00
1.382000000000000000e+03,3.652702277089675320e+00
1.383000000000000000e+03,3.692882587475212919e+00
1.384000000000000000e+03,3.420494187799388186e+00
1.385000000000000000e+03,3.717173036308250467e+00
1.386000000000000000e+03,3.402374041297378859e+00
1.387000000000000000e+03,3.838675140875511538e+00
1.388000000000000000e+03,3.675615346313259479e+00
1.389000000000000000e+03,3.774645041257530309e+00
1.390000000000000000e+03,3.691004073255227613e+00
1.391000000000000000e+03,3.813866303679490422e+00
1.392000000000000000e+03,3.762935284855418949e+00
1.393000000000000000e+03,3.854610562483998581e+00
1.394000000000000000e+03,3.938040616080377365e+00
1.395000000000000000e+03,4.050269644239826938e+00
1.396000000000000000e+03,3.775195085890768354e+00
1.397000000000000000e+03,3.596611640931878018e+00
1.398000000000000000e+03,3.500600181893170237e+00
1.399000000000000000e+03,3.552585083565228175e+00
1.400000000000000000e+03,3.417762388057593359e+00
1.401000000000000000e+03,3.736927118257615810e+00
1.402000000000000000e+03,3.621529315480289224e+00
1.403000000000000000e+03,3.746412182131020785e+00
1.404000000000000000e+03,3.987085652714425610e+00
1.405000000000000000e+03,3.489428711924477788e+00
1.406000000000000000e+03,4.072163707952680234e+00
1.407000000000000000e+03,3.712826095615398003e+00
1.408000000000000000e+03,3.727805765865273457e+00
1.409000000000000000e+03,3.836675067641205583e+00
1.410000000000000000e+03,3.635358080906897715e+00
1.411000000000000000e+03,3.630865830105033165e+00
1.412000000000000000e+03,3.668901359041285559e+00
1.413000000000000000e+03,3.672973306052908171e+00
1.414000000000000000e+03,3.529307295060470473e+00
1.415000000000000000e+03,3.764038427836641887e+00
1.416000000000000000e+03,3.626348594240666134e+00
1.417000000000000000e+03,3.564479690544034352e+00
1.418000000000000000e+03,3.921438633318405920e+00
1.419000000000000000e+03,3.574090162373652291e+00
1.420000000000000000e+03,3.620214642358172696e+00
1.421000000000000000e+03,3.393142133525686610e+00
1.422000000000000000e+03,4.078525846096447971e+00
1.423000000000000000e+03,3.607343116313215248e+00
1.424000000000000000e+03,3.918698521248126010e+00
1.425000000000000000e+03,3.920734000249786355e+00
1.426000000000000000e+03,3.690179854233399226e+00
1.427000000000000000e+03,3.337461627109408635e+00
1.428000000000000000e+03,4.159374249401065704e+00
1.429000000000000000e+03,3.394428566949339032e+00
1.430000000000000000e+03,3.757638462831909720e+00
1.431000000000000000e+03,3.660933312909132820e+00
1.432000000000000000e+03,3.491331807208964744e+00
1.433000000000000000e+03,3.843387458885328734e+00
1.434000000000000000e+03,3.584115961864197342e+00
1.435000000000000000e+03,3.635196538208427253e+00
1.436000000000000000e+03,3.429604442270915765e+00
1.437000000000000000e+03,3.814547242906853430e+00
1.438000000000000000e+03,3.893257951858106303e+00
1.439000000000000000e+03,3.490835140061733455e+00
1.440000000000000000e+03,3.899298062329482395e+00
1.441000000000000000e+03,3.425378604787526093e+00
1.442000000000000000e+03,3.840849685323811435e+00
1.443000000000000000e+03,3.817526243788001317e+00
1.444000000000000000e+03,3.886634813333261995e+00
1.445000000000000000e+03,3.854812164198540003e+00
1.446000000000000000e+03,4.160819454791433003e+00
1.447000000000000000e+03,3.918602225022586261e+00
1.448000000000000000e+03,3.796396398243754966e+00
1.449000000000000000e+03,3.594236278671394391e+00
1.450000000000000000e+03,3.866657601675552502e+00
1.451000000000000000e+03,3.558735021164304957e+00
1.452000000000000000e+03,3.522167891722462141e+00
1.453000000000000000e+03,3.779535535829080750e+00
1.454000000000000000e+03,3.835988364112891347e+00
1.455000000000000000e+03,3.758085183978153943e+00
1.456000000000000000e+03,3.743531838771848808e+00
1.457000000000000000e+03,3.481086540671106455e+00
1.458000000000000000e+03,3.737215956697848007e+00
1.459000000000000000e+03,3.737533453621111335e+00
1.460000000000000000e+03,3.419371468305820727e+00
1.461000000000000000e+03,3.505787864294840794e+00
1.462000000000000000e+03,3.921093675263474410e+00
1.463000000000000000e+03,3.928145656768219141e+00
1.464000000000000000e+03,4.003242147034602461e+00
1.465000000000000000e+03,3.436313974088989198e+00
1.466000000000000000e+03,3.674794315342700735e+00
1.467000000000000000e+03,3.649963243989176043e+00
1.468000000000000000e+03,3.959788970808836517e+00
1.469000000000000000e+03,3.695021410820493735e+00
1.470000000000000000e+03,3.788387278140997516e+00
1.471000000000000000e+03,3.674612791227162667e+00
1.472000000000000000e+03,3.720046989027659734e+00
1.473000000000000000e+03,3.547182037781332120e+00
1.474000000000000000e+03,3.908075188536370703e+00
1.475000000000000000e+03,3.498279501443485984e+00
1.476000000000000000e+03,4.046906139100178379e+00
1.477000000000000000e+03,3.948225183034876018e+00
1.478000000000000000e+03,3.396240147872463755e+00
1.479000000000000000e+03,4.004593376876150579e+00
1.480000000000000000e+03,3.998365900749246027e+00
1.481000000000000000e+03,3.635704282968242218e+00
1.482000000000000000e+03,3.580366229809907264e+00
1.483000000000000000e+03,3.877789806900933556e+00
1.484000000000000000e+03,3.627224846742069353e+00
1.485000000000000000e+03,3.904232632239553524e+00
1.486000000000000000e+03,3.568431853148295030e+00
1.487000000000000000e+03,3.593796416471353616e+00
1.488000000000000000e+03,3.651050476018325774e+00
1.489000000000000000e+03,3.503389512430758135e+00
1.490000000000000000e+03,3.725550718672522965e+00
1.491000000000000000e+03,3.878671017000944410e+00
1.492000000000000000e+03,3.424214148920041279e+00
1.493000000000000000e+03,3.829526913756242656e+00
1.494000000000000000e+03,3.867954925786197151e+00
1.495000000000000000e+03,3.622517628395446998e+00
1.496000000000000000e+03,3.176220023784510627e+00
1.497000000000000000e+03,3.925922305945487967e+00
1.498000000000000000e+03,3.395287846002807974e+00
1.499000000000000000e+03,3.488048348392905673e+00
1.500000000000000000e+03,3.757860772521929960e+00
1.501000000000000000e+03,3.683770302525165796e+00
1.502000000000000000e+03,3.499117022096446483e+00
1.503000000000000000e+03,3.678614629245772871e+00
1.504000000000000000e+03,3.738760725915652561e+00
1.505000000000000000e+03,3.786193010137599124e+00
1.506000000000000000e+03,3.900546752392432204e+00
1.507000000000000000e+03,3.536905646975609496e+00
1.508000000000000000e+03,3.534293034935267919e+00
1.509000000000000000e+03,3.813592687963241357e+00
1.510000000000000000e+03,3.426492271111341914e+00
1.511000000000000000e+03,3.607113367457934761e+00
1.512000000000000000e+03,3.484517147219800215e+00
1.513000000000000000e+03,3.730024020769594717e+00
1.514000000000000000e+03,3.617453166318335356e+00
1.515000000000000000e+03,3.953252633532542415e+00
1.516000000000000000e+03,3.468908867039272703e+00
1.517000000000000000e+03,3.286504515805489746e+00
1.518000000000000000e+03,3.928558620379198008e+00
1.519000000000000000e+03,3.508279456667717344e+00
1.520000000000000000e+03,3.745564433941193538e+00
1.521000000000000000e+03,3.345009836634509348e+00
1.522000000000000000e+03,3.610432562980570470e+00
1.523000000000000000e+03,3.538638361617712391e+00
1.524000000000000000e+03,3.701404359326446070e+00
1.525000000000000000e+03,3.849817691072757064e+00
1.526000000000000000e+03,3.552637075296157576e+00
1.527000000000000000e+03,3.460851484425219393e+00
1.528000000000000000e+03,3.266299923586207132e+00
1.529000000000000000e+03,3.699393227701166076e+00
1.530000000000000000e+03,3.703928829575014348e+00
1.531000000000000000e+03,3.802642013936684773e+00
1.532000000000000000e+03,3.750565638884672648e+00
1.533000000000000000e+03,3.671494960725368628e+00
1.534000000000000000e+03,3.873961999243531906e+00
1.535000000000000000e+03,3.733389526448028128e+00
1.536000000000000000e+03,3.957132543271675740e+00
1.537000000000000000e+03,3.653662030450336662e+00
1.538000000000000000e+03,3.741708044480574369e+00
1.539000000000000000e+03,3.765385606229452176e+00
1.540000000000000000e+03,3.764454221680920920e+00
1.541000000000000000e+03,3.756361904592870005e+00
1.542000000000000000e+03,3.943303013631956233e+00
1.543000000000000000e+03,3.541544989966855628e+00
1.544000000000000000e+03,3.854054355293440537e+00
1.545000000000000000e+03,3.516212579916501380e+00
1.546000000000000000e+03,3.516043940583505556e+00
1.547000000000000000e+03,3.986416987266778289e+00
1.548000000000000000e+03,3.923489174099604959e+00
1.549000000000000000e+03,3.770101338273984748e+00
1.550000000000000000e+03,3.824666249118609862e+00
1.551000000000000000e+03,3.726901666367669730e+00
1.552000000000000000e+03,3.609954556076699017e+00
1.553000000000000000e+03,3.615088922335607968e+00
1.554000000000000000e+03,3.594194114636648507e+00
1.555000000000000000e+03,3.758617746760562373e+00
1.556000000000000000e+03,3.733033723049909991e+00
1.557000000000000000e+03,3.693903196495942343e+00
1.558000000000000000e+03,3.852874099129538266e+00
1.559000000000000000e+03,3.710118931819211152e+00
1.560000000000000000e+03,3.647839724251111804e+00
1.561000000000000000e+03,4.119281399496267149e+00
1.562000000000000000e+03,3.852545284153392480e+00
1.563000000000000000e+03,3.970026934158445098e+00
1.564000000000000000e+03,3.608331161852330382e+00
1.565000000000000000e+03,3.964607177191885157e+00
1.566000000000000000e+03,4.071493187634900757e+00
1.567000000000000000e+03,3.495824888380641315e+00
1.568000000000000000e+03,3.317490820830968801e+00
1.569000000000000000e+03,3.702398986946277226e+00
1.570000000000000000e+03,3.652048837750694332e+00
1.571000000000000000e+03,3.823878188492810359e+00
1.572000000000000000e+03,3.604837959387173107e+00
1.573000000000000000e+03,3.806048251239819269e+00
1.574000000000000000e+03,3.509330133155315057e+00
1.575000000000000000e+03,3.910071038086625261e+00
1.576000000000000000e+03,3.547643864481643483e+00
1.577000000000000000e+03,3.524164575001586641e+00
1.578000000000000000e+03,3.874701384684074768e+00
1.579000000000000000e+03,4.001486671363866598e+00
1.580000000000000000e+03,3.577746880368822158e+00
1.581000000000000000e+03,3.985152715743033980e+00
1.582000000000000000e+03,3.914758816713344913e+00
1.583000000000000000e+03,3.655651224119809140e+00
1.584000000000000000e+03,4.099735530537143013e+00
1.585000000000000000e+03,3.573750338196545862e+00
1.586000000000000000e+03,4.015288775486415496e+00
1.587000000000000000e+03,3.720997542029076843e+00
1.588000000000000000e+03,3.667923893730892448e+00
1.589000000000000000e+03,3.499888424215020777e+00
1.590000000000000000e+03,3.623926366025959744e+00
1.591000000000000000e+03,4.131006719508806491e+00
1.592000000000000000e+03,3.496816176051536829e+00
1.593000000000000000e+03,3.736069438484616256e+00
1.594000000000000000e+03,3.781242482299001395e+00
1.595000000000000000e+03,3.776063763854156097e+00
1.596000000000000000e+03,3.729701594070323534e+00
1.597000000000000000e+03,3.862916200234106867e+00
1.598000000000000000e+03,3.696159828200921371e+00
1.599000000000000000e+03,3.420683551841174008e+00
1.600000000000000000e+03,3.943703455836872429e+00
1.601000000000000000e+03,3.660402092706955823e+00
1.602000000000000000e+03,3.882672722248169173e+00
1.603000000000000000e+03,4.029472453171684343e+00
1.604000000000000000e+03,3.773890267913520891e+00
1.605000000000000000e+03,3.554464728549938890e+00
1.606000000000000000e+03,3.710961230178067893e+00
1.607000000000000000e+03,3.733158460524351074e+00
1.608000000000000000e+03,3.508240057180037397e+00
1.609000000000000000e+03,3.654532209475572113e+00
1.610000000000000000e+03,3.639119737248392106e+00
1.611000000000000000e+03,3.713170074601689574e+00
1.612000000000000000e+03,3.773472030473692840e+00
1.613000000000000000e+03,3.819899238847095813e+00
1.614000000000000000e+03,3.864791007476026774e+00
1.615000000000000000e+03,3.808620772708064539e+00
1.616000000000000000e+03,3.828542080757086019e+00
1.617000000000000000e+03,3.744277287062707682e+00
1.618000000000000000e+03,3.933564329075533550e+00
1.619000000000000000e+03,3.722095494554351180e+00
1.620000000000000000e+03,3.772703718982773236e+00
1.621000000000000000e+03,3.747409592472891404e+00
1.622000000000000000e+03,3.641225920385519288e+00
1.623000000000000000e+03,3.665464329389745757e+00
1.624000000000000000e+03,3.916477198579317864e+00
1.625000000000000000e+03,3.657076555915600657e+00
1.626000000000000000e+03,3.790169753958686716e+00
1.627000000000000000e+03,3.778556711021603398e+00
1.628000000000000000e+03,3.504141622069365525e+00
1.629000000000000000e+03,3.630227382950398152e+00
1.630000000000000000e+03,3.457482231940719242e+00
1.631000000000000000e+03,3.828968140784836827e+00
1.632000000000000000e+03,3.670444825495360330e+00
1.633000000000000000e+03,3.790647334832680126e+00
1.634000000000000000e+03,3.329351984075422433e+00
1.635000000000000000e+03,3.938875258510180277e+00
1.636000000000000000e+03,3.492874058896268341e+00
1.637000000000000000e+03,3.707026437066517577e+00
1.638000000000000000e+03,3.692995537214360802e+00
1.639000000000000000e+03,3.938014263990640362e+00
1.640000000000000000e+03,3.636019199879049868e+00
1.641000000000000000e+03,3.879465161524778161e+00
1.642000000000000000e+03,3.915947535058299955e+00
1.643000000000000000e+03,3.714382393235064139e+00
1.644000000000000000e+03,3.324723349561052199e+00
1.645000000000000000e+03,3.588916323900644745e+00
1.646000000000000000e+03,3.761396823254689714e+00
1.647000000000000000e+03,3.508752233821472721e+00
1.648000000000000000e+03,3.962513757690385940e+00
1.649000000000000000e+03,3.535065860633328949e+00
1.650000000000000000e+03,3.738011857146622763e+00
1.651000000000000000e+03,3.743787711987665023e+00
1.652000000000000000e+03,3.813592858950956010e+00
1.653000000000000000e+03,3.447591856568814173e+00
1.654000000000000000e+03,3.595637809710866772e+00
1.655000000000000000e+03,3.598106933783701056e+00
1.656000000000000000e+03,3.416147520001620919e+00
1.657000000000000000e+03,3.939159148214025130e+00
1.658000000000000000e+03,3.652659604021212925e+00
1.659000000000000000e+03,3.812121571232008232e+00
1.660000000000000000e+03,3.832746921967047804e+00
1.661000000000000000e+03,3.524427290037710492e+00
1.662000000000000000e+03,3.963059350845093753e+00
1.663000000000000000e+03,3.808776785442989699e+00
1.664000000000000000e+03,3.789076999745678798e+00
1.665000000000000000e+03,3.638402011145414949e+00
1.666000000000000000e+03,3.497430792416955203e+00
1.667000000000000000e+03,3.424066711896092130e+00
1.668000000000000000e+03,3.738710082743306184e+00
1.669000000000000000e+03,3.597161532150339180e+00
1.670000000000000000e+03,3.490346738643028690e+00
1.671000000000000000e+03,3.863284225203576838e+00
1.672000000000000000e+03,3.847775297574385078e+00
1.673000000000000000e+03,3.586432779390119840e+00
1.674000000000000000e+03,3.630724443252232536e+00
1.675000000000000000e+03,3.485247510235257362e+00
1.676000000000000000e+03,3.628382559394474072e+00
1.677000000000000000e+03,3.821007315800253323e+00
1.678000000000000000e+03,3.894873655760626274e+00
1.679000000000000000e+03,3.764069640880641998e+00
1.680000000000000000e+03,3.968841571534417856e+00
1.681000000000000000e+03,3.741437522056206166e+00
1.682000000000000000e+03,3.702470162263238773e+00
1.683000000000000000e+03,3.912303096534742508e+00
1.684000000000000000e+03,3.634802302796838358e+00
1.685000000000000000e+03,3.704973485696979374e+00
1.686000000000000000e+03,3.636152025732735549e+00
1.687000000000000000e+03,3.579314737434458049e+00
1.688000000000000000e+03,3.575383479705893208e+00
1.689000000000000000e+03,3.319869162973095644e+00
1.690000000000000000e+03,3.694530212380735978e+00
1.691000000000000000e+03,3.552640368689276684e+00
1.692000000000000000e+03,3.803744575050497456e+00
1.693000000000000000e+03,3.877862739504637446e+00
1.694000000000000000e+03,3.608159249167230520e+00
1.695000000000000000e+03,3.980272814917383162e+00
1.696000000000000000e+03,3.754790984015324184e+00
1.697000000000000000e+03,3.432561792213419061e+00
1.698000000000000000e+03,3.755280306246760347e+00
1.699000000000000000e+03,3.686420839563187002e+00
1.700000000000000000e+03,3.849100645721916791e+00
1.701000000000000000e+03,3.590640366698861552e+00
1.702000000000000000e+03,3.505751473507853877e+00
1.703000000000000000e+03,3.649764422231642769e+00
1.704000000000000000e+03,3.743205074225264273e+00
1.705000000000000000e+03,3.731739824069082889e+00
1.706000000000000000e+03,3.760895278443630918e+00
1.707000000000000000e+03,3.769932471620603742e+00
1.708000000000000000e+03,3.872271971674764668e+00
1.709000000000000000e+03,3.724647976909745584e+00
1.710000000000000000e+03,3.666530958015081332e+00
1.711000000000000000e+03,3.370060127940492478e+00
1.712000000000000000e+03,3.976829753341687645e+00
1.713000000000000000e+03,3.896945493929607984e+00
1.714000000000000000e+03,3.470799085580197563e+00
1.715000000000000000e+03,3.974962889900136354e+00
1.716000000000000000e+03,3.646243181838591862e+00
1.717000000000000000e+03,4.014348874789849475e+00
1.718000000000000000e+03,3.397106610576964503e+00
1.719000000000000000e+03,3.455040025565352391e+00
1.720000000000000000e+03,3.702113750174293560e+00
1.721000000000000000e+03,3.955382906758483585e+00
1.722000000000000000e+03,3.688952786510466986e+00
1.723000000000000000e+03,3.638014731437113625e+00
1.724000000000000000e+03,3.590363004219833343e+00
1.725000000000000000e+03,3.996440879309059113e+00
1.726000000000000000e+03,3.575548607666824363e+00
1.727000000000000000e+03,3.752534638729221328e+00
1.728000000000000000e+03,3.529865755718710307e+00
1.729000000000000000e+03,3.821068456112292733e+00
1.730000000000000000e+03,3.542575217969354817e+00
1.731000000000000000e+03,3.278378624372682903e+00
1.732000000000000000e+03,3.763627969509453663e+00
1.733000000000000000e+03,3.745045445515386984e+00
1.734000000000000000e+03,3.918533528548558742e+00
1.735000000000000000e+03,3.622153866337523009e+00
1.736000000000000000e+03,3.685874250007604935e+00
1.737000000000000000e+03,3.708642341848069179e+00
1.738000000000000000e+03,3.512235094021176618e+00
1.739000000000000000e+03,3.949727905075417045e+00
1.740000000000000000e+03,3.730358276714249133e+00
1.741000000000000000e+03,3.929728583472104742e+00
1.742000000000000000e+03,3.869554412670740628e+00
1.743000000000000000e+03,3.475205684963123431e+00
1.744000000000000000e+03,3.404698364460231552e+00
1.745000000000000000e+03,3.834343817419784362e+00
1.746000000000000000e+03,3.467734218068247998e+00
1.747000000000000000e+03,3.672321604944534190e+00
1.748000000000000000e+03,3.688651517057408569e+00
1.749000000000000000e+03,3.807629651600899390e+00
1.750000000000000000e+03,3.337917675427596542e+00
1.751000000000000000e+03,3.732694963204791883e+00
1.752000000000000000e+03,3.792713058307541907e+00
1.753000000000000000e+03,3.456521258530531160e+00
1.754000000000000000e+03,3.720145162660497551e+00
1.755000000000000000e+03,3.397593434790608047e+00
1.756000000000000000e+03,3.862736878520333317e+00
1.757000000000000000e+03,3.754308800889470277e+00
1.758000000000000000e+03,3.638524110416202273e+00
1.759000000000000000e+03,3.930260412429948946e+00
1.760000000000000000e+03,3.550921110568068695e+00
1.761000000000000000e+03,3.929269272243761879e+00
1.762000000000000000e+03,3.527215669927266095e+00
1.763000000000000000e+03,3.560038185594418092e+00
1.764000000000000000e+03,3.417937039261913945e+00
1.765000000000000000e+03,3.718705638604749897e+00
1.766000000000000000e+03,3.717775584579779746e+00
1.767000000000000000e+03,3.708150529150055164e+00
1.768000000000000000e+03,3.544813930349852260e+00
1.769000000000000000e+03,3.675914976816993196e+00
1.770000000000000000e+03,3.551195810219157423e+00
1.771000000000000000e+03,3.338123613223648256e+00
1.772000000000000000e+03,3.695606196655120801e+00
1.773000000000000000e+03,3.489059508993022085e+00
1.774000000000000000e+03,3.850240892522871050e+00
1.775000000000000000e+03,3.509091777805182666e+00
1.776000000000000000e+03,3.585485048084602777e+00
1.777000000000000000e+03,3.900833386391413971e+00
1.778000000000000000e+03,3.844330587502906127e+00
1.779000000000000000e+03,3.680021832621876765e+00
1.780000000000000000e+03,3.676426068227660604e+00
1.781000000000000000e+03,3.539689651589663200e+00
1.782000000000000000e+03,3.622622344198924704e+00
1.783000000000000000e+03,3.777880634583872244e+00
1.784000000000000000e+03,3.712392068456428440e+00
1.785000000000000000e+03,3.585543317961163989e+00
1.786000000000000000e+03,3.471162159998255170e+00
1.787000000000000000e+03,3.283673526390607833e+00
1.788000000000000000e+03,3.703775919360838831e+00
1.789000000000000000e+03,3.371953463289794062e+00
1.790000000000000000e+03,3.890054433741459317e+00
1.791000000000000000e+03,3.897991041445612925e+00
1.792000000000000000e+03,3.823876308532200063e+00
1.793000000000000000e+03,3.659564963079555699e+00
1.794000000000000000e+03,3.413560382730000065e+00
1.795000000000000000e+03,3.556514408828078455e+00
1.796000000000000000e+03,3.454430261992414763e+00
1.797000000000000000e+03,4.011774613853365423e+00
1.798000000000000000e+03,3.793840083172120181e+00
1.799000000000000000e+03,3.780831267325706957e+00
1.800000000000000000e+03,3.432178167983949368e+00
1.801000000000000000e+03,3.558566837070182398e+00
1.802000000000000000e+03,3.700977196317154494e+00
1.803000000000000000e+03,3.680842091771288072e+00
1.804000000000000000e+03,3.535622042936576559e+00
1.805000000000000000e+03,3.325927468920939489e+00
1.806000000000000000e+03,3.841296586762805276e+00
1.807000000000000000e+03,3.753842565709687662e+00
1.808000000000000000e+03,4.019020145547721690e+00
1.809000000000000000e+03,3.250619516776279028e+00
1.810000000000000000e+03,3.730886061940357656e+00
1.811000000000000000e+03,3.679925907695680731e+00
1.812000000000000000e+03,3.839479739803782099e+00
1.813000000000000000e+03,3.985186367965317888e+00
1.814000000000000000e+03,3.358287259941246994e+00
1.815000000000000000e+03,3.879681296860180151e+00
1.816000000000000000e+03,3.818437866827370186e+00
1.817000000000000000e+03,3.686583832122265481e+00
1.818000000000000000e+03,3.753408804746546590e+00
1.819000000000000000e+03,3.729247030577587108e+00
1.820000000000000000e+03,3.652377574051653752e+00
1.821000000000000000e+03,3.819384787801904046e+00
1.822000000000000000e+03,3.576700053484223041e+00
1.823000000000000000e+03,3.890356703691881357e+00
1.824000000000000000e+03,3.492296840461852625e+00
1.825000000000000000e+03,3.633452783621390569e+00
1.826000000000000000e+03,3.411576752124910517e+00
1.827000000000000000e+03,3.637562958293144355e+00
1.828000000000000000e+03,3.464839498610147395e+00
1.829000000000000000e+03,3.786111675539258314e+00
1.830000000000000000e+03,3.812000562591463027e+00
1.831000000000000000e+03,3.584991245446168318e+00
1.832000000000000000e+03,3.472961618252577320e+00
1.833000000000000000e+03,3.787753919431789296e+00
1.834000000000000000e+03,3.588189142171976265e+00
1.835000000000000000e+03,3.479451647771452549e+00
1.836000000000000000e+03,3.732577121381774443e+00
1.837000000000000000e+03,4.101603800862119620e+00
1.838000000000000000e+03,3.333130143786646293e+00
1.839000000000000000e+03,3.513296440158198752e+00
1.840000000000000000e+03,3.359778332860615890e+00
1.841000000000000000e+03,3.404523996347046388e+00
1.842000000000000000e+03,3.582631064281208921e+00
1.843000000000000000e+03,3.553582094745678432e+00
1.844000000000000000e+03,3.778470203950546669e+00
1.845000000000000000e+03,3.969064471692650198e+00
1.846000000000000000e+03,3.422832812840491901e+00
1.847000000000000000e+03,3.665122363158843655e+00
1.848000000000000000e+03,3.615343137481798585e+00
1.849000000000000000e+03,3.718167767228060416e+00
1.850000000000000000e+03,3.487816363844157497e+00
1.851000000000000000e+03,3.625763836548597574e+00
1.852000000000000000e+03,3.632793071085289593e+00
1.853000000000000000e+03,3.722253248628965228e+00
1.854000000000000000e+03,3.718187382969312171e+00
1.855000000000000000e+03,3.334916796706280273e+00
1.856000000000000000e+03,3.780616073191141790e+00
1.857000000000000000e+03,3.971170084477252615e+00
1.858000000000000000e+03,3.969632203957320637e+00
1.859000000000000000e+03,3.698377792937062036e+00
1.860000000000000000e+03,3.744545734409979065e+00
1.861000000000000000e+03,3.630987326996215625e+00
1.862000000000000000e+03,3.522725798909217332e+00
1.863000000000000000e+03,3.589524217334617351e+00
1.864000000000000000e+03,3.452305234326111805e+00
1.865000000000000000e+03,3.521239640282391559e+00
1.866000000000000000e+03,3.651735328966617899e+00
1.867000000000000000e+03,3.726464739035431961e+00
1.868000000000000000e+03,3.884917456866050944e+00
1.869000000000000000e+03,3.766433532680045992e+00
1.870000000000000000e+03,3.709269262895806829e+00
1.871000000000000000e+03,3.593021816066746865e+00
1.872000000000000000e+03,3.623277863235439433e+00
1.873000000000000000e+03,3.724640111653576557e+00
1.874000000000000000e+03,3.814074301266594080e+00
1.875000000000000000e+03,3.748867482928937012e+00
1.876000000000000000e+03,3.873178986581884420e+00
1.877000000000000000e+03,4.013863255373551375e+00
1.878000000000000000e+03,3.423064898498077824e+00
1.879000000000000000e+03,3.641215568099147593e+00
1.880000000000000000e+03,3.462953597590586075e+00
1.881000000000000000e+03,4.034144482979431956e+00
1.882000000000000000e+03,3.880489059826259357e+00
1.883000000000000000e+03,3.582040557480936194e+00
1.884000000000000000e+03,3.643074078837275742e+00
1.885000000000000000e+03,3.869663432071246856e+00
1.886000000000000000e+03,3.931768637514373221e+00
1.887000000000000000e+03,3.759208917742049572e+00
1.888000000000000000e+03,3.583663297649306134e+00
1.889000000000000000e+03,3.727108894176920817e+00
1.890000000000000000e+03,3.703497630693187936e+00
1.891000000000000000e+03,3.956063305767294480e+00
1.892000000000000000e+03,3.689527817553491573e+00
1.893000000000000000e+03,3.693094935989926775e+00
1.894000000000000000e+03,3.665041253135507660e+00
1.895000000000000000e+03,3.424017080414574199e+00
1.896000000000000000e+03,4.047557257294189803e+00
1.897000000000000000e+03,3.679303339118418226e+00
1.898000000000000000e+03,4.015699080906807161e+00
1.899000000000000000e+03,3.742873526681769647e+00
1.900000000000000000e+03,3.471813925934314149e+00
1.901000000000000000e+03,3.896221370361494962e+00
1.902000000000000000e+03,3.606501990491996601e+00
1.903000000000000000e+03,3.716736274193514156e+00
1.904000000000000000e+03,4.001621529271325528e+00
1.905000000000000000e+03,3.642741046341128275e+00
1.906000000000000000e+03,3.845523626395909389e+00
1.907000000000000000e+03,3.324761553758148747e+00
1.908000000000000000e+03,3.689721356673937969e+00
1.909000000000000000e+03,3.655899750660823067e+00
1.910000000000000000e+03,3.614157102480266115e+00
1.911000000000000000e+03,3.757243296071628880e+00
1.912000000000000000e+03,3.903257270058816619e+00
1.913000000000000000e+03,3.622953816088580581e+00
1.914000000000000000e+03,3.942009590793299267e+00
1.915000000000000000e+03,3.530151146414024499e+00
1.916000000000000000e+03,3.785451822468576921e+00
1.917000000000000000e+03,3.894062515762663157e+00
1.918000000000000000e+03,3.481357315099215199e+00
1.919000000000000000e+03,3.375687070256273792e+00
1.920000000000000000e+03,3.632361148767443648e+00
1.921000000000000000e+03,3.804576319187009226e+00
1.922000000000000000e+03,3.935231354716901997e+00
1.923000000000000000e+03,3.532283189652197120e+00
1.924000000000000000e+03,3.527954008417736098e+00
1.925000000000000000e+03,3.514821106095012748e+00
1.926000000000000000e+03,3.518070935061107019e+00
1.927000000000000000e+03,3.478950540149958748e+00
1.928000000000000000e+03,3.825936103734349114e+00
1.929000000000000000e+03,3.518572962049228092e+00
1.930000000000000000e+03,3.832983578396271795e+00
1.931000000000000000e+03,3.515399302961289774e+00
1.932000000000000000e+03,3.599353356296175033e+00
1.933000000000000000e+03,3.535444040285932843e+00
1.934000000000000000e+03,3.498369425841100888e+00
1.935000000000000000e+03,3.619495761100720355e+00
1.936000000000000000e+03,3.361176074527247870e+00
1.937000000000000000e+03,3.815233894681457016e+00
1.938000000000000000e+03,3.657201967893963346e+00
1.939000000000000000e+03,3.771269829631494375e+00
1.940000000000000000e+03,3.828592605536925930e+00
1.941000000000000000e+03,3.475884680495365586e+00
1.942000000000000000e+03,3.791930343010289306e+00
1.943000000000000000e+03,3.752650697709187355e+00
1.944000000000000000e+03,3.519170805321202078e+00
1.945000000000000000e+03,3.870091252715878838e+00
1.946000000000000000e+03,3.690848541282023110e+00
1.947000000000000000e+03,3.355713137081609787e+00
1.948000000000000000e+03,3.568332639690817931e+00
1.949000000000000000e+03,3.747937455014793251e+00
1.950000000000000000e+03,3.821279503510178088e+00
1.951000000000000000e+03,3.453027286923178618e+00
1.952000000000000000e+03,3.612959927538484717e+00
1.953000000000000000e+03,3.803631972690426188e+00
1.954000000000000000e+03,3.360619679319841513e+00
1.955000000000000000e+03,3.763227787145899228e+00
1.956000000000000000e+03,3.765123525755618150e+00
1.957000000000000000e+03,3.472887093533683522e+00
1.958000000000000000e+03,3.945816349713969107e+00
1.959000000000000000e+03,3.570266396752213467e+00
1.960000000000000000e+03,3.364770848479300192e+00
1.961000000000000000e+03,3.822958138291991936e+00
1.962000000000000000e+03,3.733012497616466696e+00
1.963000000000000000e+03,3.948909949956458831e+00
1.964000000000000000e+03,3.759333896188024493e+00
1.965000000000000000e+03,3.955394324345204549e+00
1.966000000000000000e+03,3.344718478663147643e+00
1.967000000000000000e+03,3.530511673643648596e+00
1.968000000000000000e+03,3.567934718194666122e+00
1.969000000000000000e+03,3.514367049035580948e+00
1.970000000000000000e+03,3.677714844195012489e+00
1.971000000000000000e+03,3.977023905567854900e+00
1.972000000000000000e+03,3.708492307066933336e+00
1.973000000000000000e+03,3.844369758691021488e+00
1.974000000000000000e+03,3.582245736987116125e+00
1.975000000000000000e+03,4.002070587983767247e+00
1.976000000000000000e+03,3.850410942035816575e+00
1.977000000000000000e+03,3.570091217308928311e+00
1.978000000000000000e+03,3.789983739825907527e+00
1.979000000000000000e+03,3.800565914679602031e+00
1.980000000000000000e+03,3.705939404946381188e+00
1.981000000000000000e+03,3.708643063798361617e+00
1.982000000000000000e+03,3.142053767636269868e+00
1.983000000000000000e+03,3.568570848891380987e+00
1.984000000000000000e+03,3.741221786817544359e+00
1.985000000000000000e+03,3.713086062249963959e+00
1.986000000000000000e+03,3.872440540063070369e+00
1.987000000000000000e+03,3.726942608997211082e+00
1.988000000000000000e+03,3.423306647245796253e+00
1.989000000000000000e+03,3.734288880026841007e+00
1.990000000000000000e+03,3.746757591586010516e+00
1.991000000000000000e+03,3.632054109809196074e+00
1.992000000000000000e+03,3.483388710356601248e+00
1.993000000000000000e+03,3.711916941754668020e+00
1.994000000000000000e+03,3.575045307893777391e+00
1.995000000000000000e+03,3.876676494250671734e+00
1.996000000000000000e+03,3.628041697653632269e+00
1.997000000000000000e+03,3.677082633369408438e+00
1.998000000000000000e+03,3.976025678716374578e+00
1.999000000000000000e+03,3.687860845265753973e+00
2.000000000000000000e+03,3.408555817109248931e+00
2.001000000000000000e+03,3.615172373922529658e+00
2.002000000000000000e+03,3.258808929731015436e+00
2.003000000000000000e+03,3.614595010825167876e+00
2.004000000000000000e+03,3.717209624114083066e+00
2.005000000000000000e+03,3.398235638840432227e+00
2.006000000000000000e+03,3.513529722631550278e+00
2.007000000000000000e+03,3.493444759277333667e+00
2.008000000000000000e+03,3.536013587099533950e+00
2.009000000000000000e+03,3.810374062820307994e+00
2.010000000000000000e+03,3.515587225753384892e+00
2.011000000000000000e+03,3.544090835102984283e+00
2.012000000000000000e+03,3.742978384508430789e+00
2.013000000000000000e+03,3.194465631827647201e+00
2.014000000000000000e+03,3.400109842808971550e+00
2.015000000000000000e+03,3.555350774466753627e+00
2.016000000000000000e+03,3.726779717011547977e+00
2.017000000000000000e+03,3.934282449735349019e+00
2.018000000000000000e+03,3.843343436746088138e+00
2.019000000000000000e+03,3.556540006357812977e+00
2.020000000000000000e+03,3.689783977960540362e+00
2.021000000000000000e+03,3.464380083977228075e+00
2.022000000000000000e+03,3.645139837796111948e+00
2.023000000000000000e+03,3.435855719221634796e+00
2.024000000000000000e+03,3.470254093286748276e+00
2.025000000000000000e+03,3.691809881551596728e+00
2.026000000000000000e+03,3.674882942859206914e+00
2.027000000000000000e+03,3.659471789170285927e+00
2.028000000000000000e+03,3.648363199760158437e+00
2.029000000000000000e+03,3.757898612095876167e+00
2.030000000000000000e+03,3.649801560165205405e+00
2.031000000000000000e+03,3.552637243804362743e+00
2.032000000000000000e+03,3.516416264833248206e+00
2.033000000000000000e+03,3.919994762811569888e+00
2.034000000000000000e+03,3.690979781754456290e+00
2.035000000000000000e+03,3.049705814188707897e+00
2.036000000000000000e+03,3.733112715632112444e+00
2.037000000000000000e+03,3.763236452272272548e+00
2.038000000000000000e+03,3.491248373146156769e+00
2.039000000000000000e+03,3.453056879430393078e+00
2.040000000000000000e+03,3.653972045382209544e+00
2.041000000000000000e+03,3.842141164474305537e+00
2.042000000000000000e+03,3.549962193371240637e+00
2.043000000000000000e+03,3.447460958567553302e+00
2.044000000000000000e+03,3.455940316588862249e+00
2.045000000000000000e+03,3.694633441991957756e+00
2.046000000000000000e+03,3.725782026753474252e+00
2.047000000000000000e+03,3.639263733822431846e+00
2.048000000000000000e+03,3.995622262582526396e+00
2.049000000000000000e+03,3.554246212726448917e+00
2.050000000000000000e+03,3.577716907528180279e+00
2.051000000000000000e+03,3.415795712387733829e+00
2.052000000000000000e+03,3.740707024611224174e+00
2.053000000000000000e+03,3.331245535255447088e+00
2.054000000000000000e+03,3.819211563491921702e+00
2.055000000000000000e+03,3.548211497486659205e+00
2.056000000000000000e+03,3.672836511420633610e+00
2.057000000000000000e+03,3.673602098838270269e+00
2.058000000000000000e+03,3.470843450457746560e+00
2.059000000000000000e+03,3.886679639041283885e+00
2.060000000000000000e+03,3.708981349455220400e+00
2.061000000000000000e+03,3.507452793614523667e+00
2.062000000000000000e+03,4.078311594093641190e+00
2.063000000000000000e+03,3.649273594120316488e+00
2.064000000000000000e+03,3.133224406194672351e+00
2.065000000000000000e+03,3.677775159867810562e+00
2.066000000000000000e+03,3.768416735434829246e+00
2.067000000000000000e+03,3.606360807492086096e+00
2.068000000000000000e+03,3.843192056349136632e+00
2.069000000000000000e+03,3.832618719457706380e+00
2.070000000000000000e+03,3.473029177617127594e+00
2.071000000000000000e+03,4.005427206980496813e+00
2.072000000000000000e+03,3.628449034976025445e+00
2.073000000000000000e+03,3.718480446893586588e+00
2.074000000000000000e+03,3.744842957008898132e+00
2.075000000000000000e+03,3.696207207178420440e+00
2.076000000000000000e+03,3.847302214239512352e+00
2.077000000000000000e+03,3.567624363408161248e+00
2.078000000000000000e+03,3.688178603571207859e+00
2.079000000000000000e+03,3.783309808048692879e+00
2.080000000000000000e+03,3.716992885500720156e+00
2.081000000000000000e+03,3.929814123932964698e+00
2.082000000000000000e+03,3.991835169184589915e+00
2.083000000000000000e+03,3.787547786364821700e+00
2.084000000000000000e+03,3.723358960665690276e+00
2.085000000000000000e+03,3.780037324483860317e+00
2.086000000000000000e+03,3.598216505743668581e+00
2.087000000000000000e+03,3.779173897037700680e+00
2.088000000000000000e+03,4.052678992779477518e+00
2.089000000000000000e+03,3.688159053140962040e+00
2.090000000000000000e+03,3.462881985643829985e+00
2.091000000000000000e+03,3.545138518402367822e+00
2.092000000000000000e+03,3.782933943827802015e+00
2.093000000000000000e+03,3.583269871355982072e+00
2.094000000000000000e+03,3.841720709437051351e+00
2.095000000000000000e+03,3.481412501176094132e+00
2.096000000000000000e+03,3.295243020273684209e+00
2.097000000000000000e+03,3.918763932407070438e+00
2.098000000000000000e+03,3.760924607730132596e+00
2.099000000000000000e+03,3.959816017123423570e+00
2.100000000000000000e+03,3.510739928689419198e+00
2.101000000000000000e+03,3.854722064835753415e+00
2.102000000000000000e+03,3.818878643812666951e+00
2.103000000000000000e+03,3.577161445959761377e+00
2.104000000000000000e+03,3.685490050802596951e+00
2.105000000000000000e+03,3.558203598515367272e+00
2.106000000000000000e+03,3.511579843509872401e+00
2.107000000000000000e+03,3.802192541434237238e+00
2.108000000000000000e+03,3.816742308690836527e+00
2.109000000000000000e+03,3.503606338923573649e+00
2.110000000000000000e+03,3.706118915697039107e+00
2.111000000000000000e+03,3.992952846424766999e+00
2.112000000000000000e+03,3.459630240694983705e+00
2.113000000000000000e+03,3.473018765417182241e+00
2.114000000000000000e+03,3.740186970312008974e+00
2.115000000000000000e+03,4.011309199308892737e+00
2.116000000000000000e+03,3.640009272139563823e+00
2.117000000000000000e+03,3.813583132604694725e+00
2.118000000000000000e+03,3.744122372791073072e+00
2.119000000000000000e+03,3.410669013170090746e+00
2.120000000000000000e+03,3.832057340684642543e+00
2.121000000000000000e+03,3.647463126592047633e+00
2.122000000000000000e+03,3.775166240852800392e+00
2.123000000000000000e+03,3.605902394763462304e+00
2.124000000000000000e+03,3.734555774034337361e+00
2.125000000000000000e+03,3.605827902487267256e+00
2.126000000000000000e+03,3.663324536613632887e+00
2.127000000000000000e+03,3.590909378295542353e+00
2.128000000000000000e+03,3.825860128360375700e+00
2.129000000000000000e+03,3.841141507203133632e+00
2.130000000000000000e+03,3.696871226095731267e+00
2.131000000000000000e+03,3.537067637178310520e+00
2.132000000000000000e+03,3.443599236966909949e+00
2.133000000000000000e+03,3.698542394971648495e+00
2.134000000000000000e+03,3.812609883825643031e+00
2.135000000000000000e+03,3.440389290074130191e+00
2.136000000000000000e+03,3.607727618217213106e+00
2.137000000000000000e+03,3.615726521864601750e+00
2.138000000000000000e+03,3.648957501267092507e+00
2.139000000000000000e+03,3.486032478728502859e+00
2.140000000000000000e+03,3.875608768118696812e+00
2.141000000000000000e+03,4.037805011348511108e+00
2.142000000000000000e+03,3.764248950020531836e+00
2.143000000000000000e+03,3.842683488720615159e+00
2.144000000000000000e+03,3.428794998637885616e+00
2.145000000000000000e+03,3.673035233176600300e+00
2.146000000000000000e+03,3.795830019465467497e+00
2.147000000000000000e+03,3.687754362865425684e+00
2.148000000000000000e+03,3.826802130168629024e+00
2.149000000000000000e+03,3.405633411684548140e+00
2.150000000000000000e+03,3.672333417469381356e+00
2.151000000000000000e+03,3.687709164861246336e+00
2.152000000000000000e+03,3.627335259330112471e+00
2.153000000000000000e+03,3.606347037011231382e+00
2.154000000000000000e+03,3.820451204823609004e+00
2.155000000000000000e+03,3.553061166835406404e+00
2.156000000000000000e+03,3.664537555233711608e+00
2.157000000000000000e+03,3.724423144868506341e+00
2.158000000000000000e+03,3.555427422795252035e+00
2.159000000000000000e+03,3.800196856991056471e+00
2.160000000000000000e+03,3.333892906801410039e+00
2.161000000000000000e+03,3.527845875256631736e+00
2.162000000000000000e+03,4.020771496805259915e+00
2.163000000000000000e+03,3.931161071252516681e+00
2.164000000000000000e+03,3.759046690900415211e+00
2.165000000000000000e+03,3.465183342739608818e+00
2.166000000000000000e+03,3.674717513179563078e+00
2.167000000000000000e+03,3.913469160295591553e+00
2.168000000000000000e+03,3.564658562631761729e+00
2.169000000000000000e+03,3.970241343922632726e+00
2.170000000000000000e+03,3.725594035217101307e+00
2.171000000000000000e+03,3.582763684012913341e+00
2.172000000000000000e+03,3.765330551258772029e+00
2.173000000000000000e+03,3.679085495337497846e+00
2.174000000000000000e+03,3.611900628167817651e+00
2.175000000000000000e+03,4.157977820859383833e+00
2.176000000000000000e+03,3.645574808816571366e+00
2.177000000000000000e+03,3.768969869090920799e+00
2.178000000000000000e+03,3.858634809218507211e+00
2.179000000000000000e+03,3.544761043661438737e+00
2.180000000000000000e+03,3.644366313299005622e+00
2.181000000000000000e+03,4.006362012338125389e+00
2.182000000000000000e+03,3.469672069132449188e+00
2.183000000000000000e+03,4.125219480010402506e+00
2.184000000000000000e+03,3.850625194248307626e+00
2.185000000000000000e+03,3.824293770904305223e+00
2.186000000000000000e+03,3.462032308097487299e+00
2.187000000000000000e+03,3.802497548121999582e+00
2.188000000000000000e+03,3.601589928123778872e+00
2.189000000000000000e+03,4.053241868701655370e+00
2.190000000000000000e+03,3.641295482021996488e+00
2.191000000000000000e+03,3.703995284650707376e+00
2.192000000000000000e+03,3.688792650548256447e+00
2.193000000000000000e+03,3.193463634223350223e+00
2.194000000000000000e+03,3.778141860795013240e+00
2.195000000000000000e+03,3.768344368993944649e+00
2.196000000000000000e+03,3.658110221188028088e+00
2.197000000000000000e+03,3.685167736307189301e+00
2.198000000000000000e+03,3.803099347810646513e+00
2.199000000000000000e+03,3.514385072786234243e+00
2.200000000000000000e+03,3.840509711421515426e+00
2.201000000000000000e+03,3.544366494329053818e+00
2.202000000000000000e+03,3.579253279279389410e+00
2.203000000000000000e+03,3.649163559457484052e+00
2.204000000000000000e+03,3.466877845376393985e+00
2.205000000000000000e+03,3.599204881344210794e+00
2.206000000000000000e+03,3.443384483281147546e+00
2.207000000000000000e+03,3.908577788486182314e+00
2.208000000000000000e+03,3.892024331222777800e+00
2.209000000000000000e+03,4.009900547207245758e+00
2.210000000000000000e+03,3.593243281704017633e+00
2.211000000000000000e+03,3.738528189374599631e+00
2.212000000000000000e+03,3.579434841330025652e+00
2.213000000000000000e+03,3.671156615488685215e+00
2.214000000000000000e+03,3.619809416932202595e+00
2.215000000000000000e+03,3.374644663510635301e+00
2.216000000000000000e+03,3.634932683504201734e+00
2.217000000000000000e+03,3.674940609257440816e+00
2.218000000000000000e+03,3.768553292334435589e+00
2.219000000000000000e+03,3.824108916114223877e+00
2.220000000000000000e+03,3.843655141318571555e+00
2.221000000000000000e+03,3.584686080907089956e+00
2.222000000000000000e+03,3.701128674234496430e+00
2.223000000000000000e+03,3.817601031490594821e+00
2.224000000000000000e+03,3.302824840847282228e+00
2.225000000000000000e+03,3.726771241690349790e+00
2.226000000000000000e+03,3.756152259469073051e+00
2.227000000000000000e+03,3.750061147400038486e+00
2.228000000000000000e+03,3.441410207531705900e+00
2.229000000000000000e+03,3.718790685036766686e+00
2.230000000000000000e+03,3.684291676892869294e+00
2.231000000000000000e+03,3.708906424071780172e+00
2.232000000000000000e+03,3.631493815334027708e+00
2.233000000000000000e+03,3.527102778686380447e+00
2.234000000000000000e+03,3.576042108870840952e+00
2.235000000000000000e+03,3.384447592044951492e+00
2.236000000000000000e+03,3.557359520019492294e+00
2.237000000000000000e+03,3.569103281915797066e+00
2.238000000000000000e+03,3.763281149434976047e+00
2.239000000000000000e+03,3.842260699959672898e+00
2.240000000000000000e+03,3.906318114283091170e+00
2.241000000000000000e+03,3.305511662126356498e+00
2.242000000000000000e+03,3.790433801499373256e+00
2.243000000000000000e+03,3.970857248576341370e+00
2.244000000000000000e+03,3.576373411713694939e+00
2.245000000000000000e+03,3.675858251267512422e+00
2.246000000000000000e+03,3.391894653892739253e+00
2.247000000000000000e+03,3.638624790784458884e+00
2.248000000000000000e+03,3.707936570363157713e+00
2.249000000000000000e+03,3.815942737133600993e+00
2.250000000000000000e+03,3.666863608487422876e+00
2.251000000000000000e+03,3.875988272434289339e+00
2.252000000000000000e+03,3.759078173781703391e+00
2.253000000000000000e+03,3.672007952795558694e+00
2.254000000000000000e+03,3.836957697587543237e+00
2.255000000000000000e+03,3.526371495711610571e+00
2.256000000000000000e+03,3.600853568199162247e+00
2.257000000000000000e+03,3.641451650371470894e+00
2.258000000000000000e+03,3.735930753517334946e+00
2.259000000000000000e+03,3.772128337333406023e+00
2.260000000000000000e+03,3.251697306839410828e+00
2.261000000000000000e+03,3.587553534604617678e+00
2.262000000000000000e+03,3.598407561512747321e+00
2.263000000000000000e+03,3.647189765705548314e+00
2.264000000000000000e+03,3.563128283992126555e+00
2.265000000000000000e+03,3.936167103573196435e+00
2.266000000000000000e+03,3.781696495085521192e+00
2.267000000000000000e+03,3.950455609766647669e+00
2.268000000000000000e+03,4.007940100506338865e+00
2.269000000000000000e+03,3.960573313256362304e+00
2.270000000000000000e+03,3.820827057231181989e+00
2.271000000000000000e+03,3.872943674030633332e+00
2.272000000000000000e+03,3.811597624499986292e+00
2.273000000000000000e+03,3.745348323005135427e+00
2.274000000000000000e+03,3.623714061329292857e+00
2.275000000000000000e+03,3.735331441532521168e+00
2.276000000000000000e+03,3.607222134406610436e+00
2.277000000000000000e+03,3.732633454791786765e+00
2.278000000000000000e+03,3.564799981983053367e+00
2.279000000000000000e+03,3.826687542343625292e+00
2.280000000000000000e+03,3.704857806023746924e+00
2.281000000000000000e+03,3.507260788067102730e+00
2.282000000000000000e+03,3.760321587238888430e+00
2.283000000000000000e+03,3.934354242480492481e+00
2.284000000000000000e+03,3.777650913106314512e+00
2.285000000000000000e+03,3.694307653708010175e+00
2.286000000000000000e+03,3.547444491891292184e+00
2.287000000000000000e+03,3.410595290171322347e+00
2.288000000000000000e+03,3.728345797665549632e+00
2.289000000000000000e+03,3.902776224654872728e+00
2.290000000000000000e+03,3.849172385080672498e+00
2.291000000000000000e+03,3.675101157737758584e+00
2.292000000000000000e+03,3.738268972457516437e+00
2.293000000000000000e+03,3.447376675815340796e+00
2.294000000000000000e+03,3.494963833235765094e+00
2.295000000000000000e+03,3.793954609556731583e+00
2.296000000000000000e+03,3.569116690540548031e+00
2.297000000000000000e+03,3.560139144127284272e+00
2.298000000000000000e+03,3.580764961816748748e+00
2.299000000000000000e+03,3.572254417877086308e+00
2.300000000000000000e+03,3.098970235086524028e+00
2.301000000000000000e+03,3.723545082620193458e+00
2.302000000000000000e+03,3.587742624568729166e+00
2.303000000000000000e+03,3.720489814357028635e+00
2.304000000000000000e+03,3.795709993641109836e+00
2.305000000000000000e+03,3.800599509726166669e+00
2.306000000000000000e+03,3.947920357851779194e+00
2.307000000000000000e+03,3.370396980540025567e+00
2.308000000000000000e+03,3.743039768031607650e+00
2.309000000000000000e+03,3.802288691369409168e+00
2.310000000000000000e+03,4.030220043581178579e+00
2.311000000000000000e+03,3.817489227620177505e+00
2.312000000000000000e+03,3.592686964770742009e+00
2.313000000000000000e+03,3.975292758939937610e+00
2.314000000000000000e+03,3.805991597394241310e+00
2.315000000000000000e+03,3.568273458820259147e+00
2.316000000000000000e+03,3.591067595470508245e+00
2.317000000000000000e+03,3.688374698059559531e+00
2.318000000000000000e+03,3.579198172071083484e+00
2.319000000000000000e+03,3.863970240858012772e+00
2.320000000000000000e+03,3.868637169009567334e+00
2.321000000000000000e+03,3.415309190907843462e+00
2.322000000000000000e+03,3.320741064858130365e+00
2.323000000000000000e+03,3.948255934231642783e+00
2.324000000000000000e+03,3.575961284308427413e+00
2.325000000000000000e+03,3.602038141214870759e+00
2.326000000000000000e+03,3.733233211616046709e+00
2.327000000000000000e+03,3.768350632125448740e+00
2.328000000000000000e+03,3.394492944357485609e+00
2.329000000000000000e+03,3.811161237410613190e+00
2.330000000000000000e+03,3.487148224180729006e+00
2.331000000000000000e+03,3.501206493369717787e+00
2.332000000000000000e+03,3.751548960993493775e+00
2.333000000000000000e+03,3.518362147683934626e+00
2.334000000000000000e+03,3.858946711013574671e+00
2.335000000000000000e+03,3.725149007497563503e+00
2.336000000000000000e+03,3.652576338075679718e+00
2.337000000000000000e+03,3.572051184426736192e+00
2.338000000000000000e+03,3.762274367957088028e+00
2.339000000000000000e+03,4.069805213403504318e+00
2.340000000000000000e+03,3.916724050673088264e+00
2.341000000000000000e+03,3.587488991593057897e+00
2.342000000000000000e+03,3.439363485952819932e+00
2.343000000000000000e+03,3.781206278764923212e+00
2.344000000000000000e+03,3.418195146910588900e+00
2.345000000000000000e+03,3.826324351979424776e+00
2.346000000000000000e+03,4.058106088256079325e+00
2.347000000000000000e+03,3.605267720927242348e+00
2.348000000000000000e+03,3.421053006183668366e+00
2.349000000000000000e+03,3.694163665687835163e+00
2.350000000000000000e+03,3.605881303298570817e+00
2.351000000000000000e+03,3.468280054075327357e+00
2.352000000000000000e+03,3.652431640594635542e+00
2.353000000000000000e+03,3.479540962364692014e+00
2.354000000000000000e+03,4.027633435589174304e+00
2.355000000000000000e+03,3.507805845415535639e+00
2.356000000000000000e+03,3.334083489953132418e+00
2.357000000000000000e+03,3.912338567463219174e+00
2.358000000000000000e+03,3.901795493271540405e+00
2.359000000000000000e+03,3.670907492275452100e+00
2.360000000000000000e+03,3.564083361371102487e+00
2.361000000000000000e+03,3.719770919632850781e+00
2.362000000000000000e+03,3.640991584792519387e+00
2.363000000000000000e+03,3.590906745671928135e+00
2.364000000000000000e+03,3.720352974136504898e+00
2.365000000000000000e+03,3.541121276128668782e+00
2.366000000000000000e+03,3.519763177314765734e+00
2.367000000000000000e+03,3.681706201404521206e+00
2.368000000000000000e+03,3.457062310487938106e+00
2.369000000000000000e+03,3.797998024931584116e+00
2.370000000000000000e+03,3.912511178066776285e+00
2.371000000000000000e+03,3.709856646551473069e+00
2.372000000000000000e+03,3.449161504471450090e+00
2.373000000000000000e+03,3.909828062456272679e+00
2.374000000000000000e+03,3.491440437122266705e+00
2.375000000000000000e+03,3.781090362864411247e+00
2.376000000000000000e+03,3.744911206795413783e+00
2.377000000000000000e+03,3.641815500129534477e+00
2.378000000000000000e+03,3.870065427808420999e+00
2.379000000000000000e+03,3.607907626380745469e+00
2.380000000000000000e+03,3.341894102404569189e+00
2.381000000000000000e+03,3.823080487338004207e+00
2.382000000000000000e+03,3.838186454532973801e+00
2.383000000000000000e+03,3.642755800766797059e+00
2.384000000000000000e+03,3.768869058028457175e+00
2.385000000000000000e+03,3.750263114191216385e+00
2.386000000000000000e+03,3.676510456943088201e+00
2.387000000000000000e+03,3.607019659421008662e+00
2.388000000000000000e+03,3.698740025966861911e+00
2.389000000000000000e+03,3.638003865695144778e+00
2.390000000000000000e+03,3.919479075586327799e+00
2.391000000000000000e+03,3.559222699293727032e+00
2.392000000000000000e+03,3.492694730668110648e+00
2.393000000000000000e+03,3.683349197144677678e+00
2.394000000000000000e+03,3.685877878804908026e+00
2.395000000000000000e+03,3.650661848907696072e+00
2.396000000000000000e+03,3.746239821393530622e+00
2.397000000000000000e+03,3.923111201667433878e+00
2.398000000000000000e+03,3.597732719527206857e+00
2.399000000000000000e+03,3.424562265748300138e+00
2.400000000000000000e+03,3.723751954617695592e+00
2.401000000000000000e+03,3.675579171585905414e+00
2.402000000000000000e+03,4.105526209788000536e+00
2.403000000000000000e+03,3.612084207299607108e+00
2.404000000000000000e+03,3.365403303759486597e+00
2.405000000000000000e+03,3.514666010984712319e+00
2.406000000000000000e+03,3.536233547447045655e+00
2.407000000000000000e+03,3.925741488914670896e+00
2.408000000000000000e+03,3.957559498156598465e+00
2.409000000000000000e+03,3.822880128229836583e+00
2.410000000000000000e+03,3.415502927777191555e+00
2.411000000000000000e+03,3.803329329313067220e+00
2.412000000000000000e+03,3.762692138693765731e+00
2.413000000000000000e+03,3.729341484920896121e+00
2.414000000000000000e+03,3.814266389307134464e+00
2.415000000000000000e+03,4.018867692641436840e+00
2.416000000000000000e+03,3.680278512357495924e+00
2.417000000000000000e+03,3.887627667308781287e+00
2.418000000000000000e+03,3.980642976699689140e+00
2.419000000000000000e+03,3.656045091781746414e+00
2.420000000000000000e+03,3.732928950585040262e+00
2.421000000000000000e+03,3.264529986719112653e+00
2.422000000000000000e+03,3.508884075142829850e+00
2.423000000000000000e+03,3.663839839863875181e+00
2.424000000000000000e+03,3.749464976700267460e+00
2.425000000000000000e+03,3.868637618034219461e+00
2.426000000000000000e+03,3.735065632049975104e+00
2.427000000000000000e+03,3.784405351994296840e+00
2.428000000000000000e+03,3.629481759632996685e+00
2.429000000000000000e+03,3.864990917126502890e+00
2.430000000000000000e+03,3.794348043131137160e+00
2.431000000000000000e+03,3.732702587780790449e+00
2.432000000000000000e+03,3.615299029571751532e+00
2.433000000000000000e+03,3.658863934942129248e+00
2.434000000000000000e+03,3.676812204211604485e+00
2.435000000000000000e+03,3.293281110099567588e+00
2.436000000000000000e+03,3.582375675518033376e+00
2.437000000000000000e+03,3.853917861898230157e+00
2.438000000000000000e+03,3.455373617424006394e+00
2.439000000000000000e+03,3.788846778924805481e+00
2.440000000000000000e+03,3.806866104397492734e+00
2.441000000000000000e+03,3.701938378924471085e+00
2.442000000000000000e+03,3.444916222878672496e+00
2.443000000000000000e+03,3.544706236167816993e+00
2.444000000000000000e+03,3.737384598473171060e+00
2.445000000000000000e+03,3.502357652941371580e+00
2.446000000000000000e+03,3.635807512969457811e+00
2.447000000000000000e+03,3.751767940539234569e+00
2.448000000000000000e+03,3.768072829153445991e+00
2.449000000000000000e+03,3.748804656269513647e+00
2.450000000000000000e+03,3.883389070016197486e+00
2.451000000000000000e+03,3.597435760259299897e+00
2.452000000000000000e+03,3.640251986013432361e+00
2.453000000000000000e+03,3.802762906345912519e+00
2.454000000000000000e+03,3.686818112242403966e+00
2.455000000000000000e+03,3.423631829570851881e+00
2.456000000000000000e+03,3.668679051721815743e+00
2.457000000000000000e+03,3.569407006655876291e+00
2.458000000000000000e+03,3.585509256172109804e+00
2.459000000000000000e+03,3.869001880875958754e+00
2.460000000000000000e+03,3.591012437472758556e+00
2.461000000000000000e+03,3.732925097907485945e+00
2.462000000000000000e+03,3.536389278408816672e+00
2.463000000000000000e+03,3.580778282055331552e+00
2.464000000000000000e+03,3.625277995574586409e+00
2.465000000000000000e+03,3.446342061628338893e+00
2.466000000000000000e+03,3.499661280983437983e+00
2.467000000000000000e+03,3.810556771592811920e+00
2.468000000000000000e+03,3.664446888120246548e+00
2.469000000000000000e+03,3.528628777416475959e+00
2.470000000000000000e+03,3.673922314919662924e+00
2.471000000000000000e+03,3.673958972136111889e+00
2.472000000000000000e+03,3.814097038939658457e+00
2.473000000000000000e+03,3.626232617098938960e+00
2.474000000000000000e+03,3.895150973317885956e+00
2.475000000000000000e+03,3.690848813246499827e+00
2.476000000000000000e+03,3.926287085776046570e+00
2.477000000000000000e+03,3.606516925122114081e+00
2.478000000000000000e+03,3.982875348996234521e+00
2.479000000000000000e+03,3.956601840750990196e+00
2.480000000000000000e+03,3.511948660652735921e+00
2.481000000000000000e+03,3.445496990451408781e+00
2.482000000000000000e+03,3.496310642656367929e+00
2.483000000000000000e+03,3.720757056923380990e+00
2.484000000000000000e+03,3.515855689019586894e+00
2.485000000000000000e+03,3.776890101005095701e+00
2.486000000000000000e+03,3.580251103576874261e+00
2.487000000000000000e+03,3.660978476190104747e+00
2.488000000000000000e+03,3.464892461358690667e+00
2.489000000000000000e+03,3.595998945374558886e+00
2.490000000000000000e+03,3.418215702955117674e+00
2.491000000000000000e+03,4.016554459439340974e+00
2.492000000000000000e+03,3.644503381517422369e+00
2.493000000000000000e+03,3.644315008884255747e+00
2.494000000000000000e+03,3.897105326735152975e+00
2.495000000000000000e+03,3.388925986819700142e+00
2.496000000000000000e+03,3.774864392400314461e+00
2.497000000000000000e+03,3.835950266730818292e+00
2.498000000000000000e+03,3.256359130808840430e+00
2.499000000000000000e+03,3.720000166158933919e+00
2.500000000000000000e+03,3.414306120141340273e+00
2.501000000000000000e+03,3.858745514851921410e+00
2.502000000000000000e+03,3.436750646202753945e+00
2.503000000000000000e+03,3.707748248307194405e+00
2.504000000000000000e+03,3.575006075317066934e+00
2.505000000000000000e+03,3.676596122284920831e+00
2.506000000000000000e+03,3.630167264460021137e+00
2.507000000000000000e+03,3.841904076760191966e+00
2.508000000000000000e+03,3.562034337453188204e+00
2.509000000000000000e+03,3.952246969669401810e+00
2.510000000000000000e+03,3.660759930099638737e+00
2.511000000000000000e+03,3.791468025627425131e+00
2.512000000000000000e+03,3.612736392799674068e+00
2.513000000000000000e+03,3.688453921994285345e+00
2.514000000000000000e+03,3.781882544425970494e+00
2.515000000000000000e+03,3.811539902146599879e+00
2.516000000000000000e+03,3.356806273776356875e+00
2.517000000000000000e+03,3.510030173411884835e+00
2.518000000000000000e+03,3.544719033074907877e+00
2.519000000000000000e+03,3.723971814007972281e+00
2.520000000000000000e+03,3.469690826964208163e+00
2.521000000000000000e+03,3.957227910774631319e+00
2.522000000000000000e+03,3.219080116479011267e+00
2.523000000000000000e+03,3.691401446690939281e+00
2.524000000000000000e+03,3.599378169989227771e+00
2.525000000000000000e+03,3.484354895527451035e+00
2.526000000000000000e+03,3.581490973071336015e+00
2.527000000000000000e+03,3.647195850264545403e+00
2.528000000000000000e+03,3.598981287858599831e+00
2.529000000000000000e+03,3.719229746791070657e+00
2.530000000000000000e+03,3.485038402386207324e+00
2.531000000000000000e+03,3.412457684328707774e+00
2.532000000000000000e+03,3.645468151521279676e+00
2.533000000000000000e+03,3.442872287805240017e+00
2.534000000000000000e+03,3.638696414306835436e+00
2.535000000000000000e+03,3.668260766318639288e+00
2.536000000000000000e+03,3.665331028861334328e+00
2.537000000000000000e+03,3.248693705526912723e+00
2.538000000000000000e+03,3.843330253052062773e+00
2.539000000000000000e+03,3.633361293960550853e+00
2.540000000000000000e+03,3.666274856080906641e+00
2.541000000000000000e+03,3.577541637581321599e+00
2.542000000000000000e+03,4.056078423272015065e+00
2.543000000000000000e+03,3.331224345184514934e+00
2.544000000000000000e+03,3.628405037835730873e+00
2.545000000000000000e+03,3.848678697582410990e+00
2.546000000000000000e+03,3.262961045060436494e+00
2.547000000000000000e+03,3.765468119668009095e+00
2.548000000000000000e+03,3.707766806530702119e+00
2.549000000000000000e+03,3.971126633015961804e+00
2.550000000000000000e+03,3.813181312863722638e+00
2.551000000000000000e+03,3.611256719512442981e+00
2.552000000000000000e+03,3.792117722013399916e+00
2.553000000000000000e+03,3.780181704331418313e+00
2.554000000000000000e+03,3.502409339606567418e+00
2.555000000000000000e+03,3.387400674078621776e+00
2.556000000000000000e+03,3.669417873096274541e+00
2.557000000000000000e+03,3.699601211232474096e+00
2.558000000000000000e+03,3.382271436209488336e+00
2.559000000000000000e+03,3.928564480786675972e+00
2.560000000000000000e+03,3.644640235285908858e+00
2.561000000000000000e+03,3.567163916032330295e+00
2.562000000000000000e+03,3.751157782683844477e+00
2.563000000000000000e+03,3.616334130295044691e+00
2.564000000000000000e+03,3.456147867222659986e+00
2.565000000000000000e+03,3.602664636127671738e+00
2.566000000000000000e+03,3.426814387389748084e+00
2.567000000000000000e+03,3.588240069755028738e+00
2.568000000000000000e+03,3.647557078973593825e+00
2.569000000000000000e+03,3.750468461841753420e+00
2.570000000000000000e+03,3.918204590493846950e+00
2.571000000000000000e+03,3.936448037527934929e+00
2.572000000000000000e+03,3.669428739200449208e+00
2.573000000000000000e+03,3.684464333468999708e+00
2.574000000000000000e+03,3.601208235787366707e+00
2.575000000000000000e+03,3.496584020124685388e+00
2.576000000000000000e+03,3.981958519735107060e+00
2.577000000000000000e+03,3.440447811741328632e+00
2.578000000000000000e+03,3.565629410076185835e+00
2.579000000000000000e+03,3.620971273498004184e+00
2.580000000000000000e+03,3.812033862140617568e+00
2.581000000000000000e+03,3.695060022580630488e+00
2.582000000000000000e+03,3.752587462665286644e+00
2.583000000000000000e+03,3.792651976387874768e+00
2.584000000000000000e+03,3.658780314623412355e+00
2.585000000000000000e+03,3.847929963751359317e+00
2.586000000000000000e+03,3.640295819024286672e+00
2.587000000000000000e+03,3.667396196340552361e+00
2.588000000000000000e+03,3.578511885021046002e+00
2.589000000000000000e+03,3.590922178855556091e+00
2.590000000000000000e+03,3.813997643845218999e+00
2.591000000000000000e+03,3.540561240940671262e+00
2.592000000000000000e+03,3.777677478877262907e+00
2.593000000000000000e+03,3.722171043668166757e+00
2.594000000000000000e+03,3.710998895554531884e+00
2.595000000000000000e+03,3.530820464124392988e+00
2.596000000000000000e+03,3.474717417063781344e+00
2.597000000000000000e+03,3.736354169586864504e+00
2.598000000000000000e+03,3.663032195257577950e+00
2.599000000000000000e+03,3.511436669570965119e+00
2.600000000000000000e+03,3.679259000638414268e+00
2.601000000000000000e+03,3.461474058220703753e+00
2.602000000000000000e+03,3.931587991573059160e+00
2.603000000000000000e+03,3.647236720359820605e+00
2.604000000000000000e+03,3.462432630717012128e+00
2.605000000000000000e+03,4.008737198943902236e+00
2.606000000000000000e+03,3.710469615190822079e+00
2.607000000000000000e+03,3.482859703992021494e+00
2.608000000000000000e+03,3.531938966209358544e+00
2.609000000000000000e+03,3.799466367457710714e+00
2.610000000000000000e+03,3.797397853663208256e+00
2.611000000000000000e+03,3.203669130907306872e+00
2.612000000000000000e+03,3.595602146892558526e+00
2.613000000000000000e+03,3.738222297359529822e+00
2.614000000000000000e+03,3.523109862380281676e+00
2.615000000000000000e+03,3.376480797059567163e+00
2.616000000000000000e+03,4.015600724993478643e+00
2.617000000000000000e+03,3.740177049627542605e+00
2.618000000000000000e+03,3.683759435816767347e+00
2.619000000000000000e+03,3.572722792095141209e+00
2.620000000000000000e+03,3.825575908621607013e+00
2.621000000000000000e+03,3.888809925183033922e+00
2.622000000000000000e+03,3.543906858857854836e+00
2.623000000000000000e+03,3.812141934136948684e+00
2.624000000000000000e+03,3.818959073623489964e+00
2.625000000000000000e+03,3.860184382006866421e+00
2.626000000000000000e+03,3.822097449893411270e+00
2.627000000000000000e+03,3.779447599141759095e+00
2.628000000000000000e+03,3.784669365717979961e+00
2.629000000000000000e+03,3.517018209983808763e+00
2.630000000000000000e+03,3.433445037401448019e+00
2.631000000000000000e+03,3.797019595563694061e+00
2.632000000000000000e+03,3.687934400062253371e+00
2.633000000000000000e+03,3.701873843029420907e+00
2.634000000000000000e+03,3.464676500690198946e+00
2.635000000000000000e+03,3.405278839318742090e+00
2.636000000000000000e+03,3.616466870580632875e+00
2.637000000000000000e+03,3.583865605417429379e+00
2.638000000000000000e+03,3.846487881820146892e+00
2.639000000000000000e+03,3.729677084876585891e+00
2.640000000000000000e+03,3.614769918260047010e+00
2.641000000000000000e+03,3.930134638121134838e+00
2.642000000000000000e+03,3.968232260432136727e+00
2.643000000000000000e+03,3.507756360585693400e+00
2.644000000000000000e+03,3.552320426932872977e+00
2.645000000000000000e+03,3.850244895829370684e+00
2.646000000000000000e+03,3.613103675045358898e+00
2.647000000000000000e+03,4.014736835634974632e+00
2.648000000000000000e+03,3.649641480453617248e+00
2.649000000000000000e+03,3.700103538633629618e+00
2.650000000000000000e+03,3.611116202964658850e+00
2.651000000000000000e+03,3.463840183927793248e+00
2.652000000000000000e+03,3.598329283703525672e+00
2.653000000000000000e+03,3.614907273786838182e+00
2.654000000000000000e+03,3.577369804713804946e+00
2.655000000000000000e+03,3.680260602392041225e+00
2.656000000000000000e+03,3.808118991869488212e+00
2.657000000000000000e+03,3.605705037620918318e+00
2.658000000000000000e+03,3.826788631135503493e+00
2.659000000000000000e+03,3.750590403098625014e+00
2.660000000000000000e+03,3.804873239382773331e+00
2.661000000000000000e+03,3.688597440053591914e+00
2.662000000000000000e+03,3.782545420848494988e+00
2.663000000000000000e+03,3.581468060198557346e+00
2.664000000000000000e+03,3.788161332338413345e+00
2.665000000000000000e+03,3.579095415334593078e+00
2.666000000000000000e+03,3.838398917207313410e+00
2.667000000000000000e+03,3.637994108274343663e+00
2.668000000000000000e+03,3.834296486534236159e+00
2.669000000000000000e+03,3.519645505874001490e+00
2.670000000000000000e+03,3.782241891073044648e+00
2.671000000000000000e+03,3.763797430502542785e+00
2.672000000000000000e+03,3.676196950392114360e+00
2.673000000000000000e+03,3.679443381979921046e+00
2.674000000000000000e+03,3.715874725598494965e+00
2.675000000000000000e+03,3.564195242920993767e+00
2.676000000000000000e+03,3.729263776298609834e+00
2.677000000000000000e+03,3.539776099582258251e+00
2.678000000000000000e+03,3.703677243767659277e+00
2.679000000000000000e+03,3.632182265265265553e+00
2.680000000000000000e+03,3.433505039512906087e+00
2.681000000000000000e+03,3.639017381863652645e+00
2.682000000000000000e+03,3.725010408720583310e+00
2.683000000000000000e+03,3.393013120716264375e+00
2.684000000000000000e+03,3.867745769621460106e+00
2.685000000000000000e+03,3.971411241935475456e+00
2.686000000000000000e+03,3.607659517730720466e+00
2.687000000000000000e+03,3.749998617496152598e+00
2.688000000000000000e+03,3.724180144835888662e+00
2.689000000000000000e+03,3.631677119626412598e+00
2.690000000000000000e+03,3.677629633468588288e+00
2.691000000000000000e+03,3.720828925505463847e+00
2.692000000000000000e+03,3.613617776704918239e+00
2.693000000000000000e+03,3.713260287427597284e+00
2.694000000000000000e+03,3.820498581735019439e+00
2.695000000000000000e+03,3.454034717277270516e+00
2.696000000000000000e+03,3.363692982827503286e+00
2.697000000000000000e+03,3.947536297606356825e+00
2.698000000000000000e+03,3.711490219330297879e+00
2.699000000000000000e+03,3.755967458613793220e+00
2.700000000000000000e+03,3.566118541649538010e+00
2.701000000000000000e+03,3.689698385391739777e+00
2.702000000000000000e+03,3.691031762145905670e+00
2.703000000000000000e+03,3.802226868178391062e+00
2.704000000000000000e+03,3.810604334158236739e+00
2.705000000000000000e+03,4.085431710066094624e+00
2.706000000000000000e+03,3.910250393073928521e+00
2.707000000000000000e+03,3.681045385682335080e+00
2.708000000000000000e+03,3.689389187038691897e+00
2.709000000000000000e+03,3.593688961204298149e+00
2.710000000000000000e+03,3.343301989270846875e+00
2.711000000000000000e+03,3.609379625287343796e+00
2.712000000000000000e+03,3.827580035801334546e+00
2.713000000000000000e+03,3.795104863974859910e+00
2.714000000000000000e+03,3.607500872082250787e+00
2.715000000000000000e+03,3.702397641903698133e+00
2.716000000000000000e+03,3.578472987144849515e+00
2.717000000000000000e+03,3.978368605017570392e+00
2.718000000000000000e+03,3.673833871362349957e+00
2.719000000000000000e+03,3.636557822522600514e+00
2.720000000000000000e+03,3.797689930554204008e+00
2.721000000000000000e+03,3.658999988056369279e+00
2.722000000000000000e+03,3.854507734906238436e+00
2.723000000000000000e+03,3.618122129307209889e+00
2.724000000000000000e+03,3.617485265882315115e+00
2.725000000000000000e+03,3.775027729735009885e+00
2.726000000000000000e+03,3.836254730787317602e+00
2.727000000000000000e+03,3.445446688291169846e+00
2.728000000000000000e+03,3.612998926931928256e+00
2.729000000000000000e+03,3.884325832140482326e+00
2.730000000000000000e+03,3.911304588753206968e+00
2.731000000000000000e+03,3.994624407856868675e+00
2.732000000000000000e+03,3.608520414642756524e+00
2.733000000000000000e+03,3.988725234469148173e+00
2.734000000000000000e+03,3.342427464853686025e+00
2.735000000000000000e+03,3.862324006327420456e+00
2.736000000000000000e+03,3.583590119982068778e+00
2.737000000000000000e+03,3.562208255045012262e+00
2.738000000000000000e+03,3.626557132953792895e+00
2.739000000000000000e+03,3.517017661411216078e+00
2.740000000000000000e+03,3.835379222336987581e+00
2.741000000000000000e+03,3.743847662098271467e+00
2.742000000000000000e+03,3.398959020848090873e+00
2.743000000000000000e+03,3.794105191078627204e+00
2.744000000000000000e+03,3.910299922880215995e+00
2.745000000000000000e+03,3.778456804028169191e+00
2.746000000000000000e+03,3.575467400561129772e+00
2.747000000000000000e+03,3.901190870931406707e+00
2.748000000000000000e+03,3.595915842450082778e+00
2.749000000000000000e+03,3.650057253158843551e+00
2.750000000000000000e+03,3.588075018603331667e+00
2.751000000000000000e+03,3.630404225009443930e+00
2.752000000000000000e+03,3.743722173130198172e+00
2.753000000000000000e+03,3.807741742364618709e+00
2.754000000000000000e+03,3.651411323700282541e+00
2.755000000000000000e+03,3.689814732777917161e+00
2.756000000000000000e+03,3.740719207447628758e+00
2.757000000000000000e+03,3.645675529711059237e+00
2.758000000000000000e+03,3.426537719223309519e+00
2.759000000000000000e+03,4.263955492691695603e+00
2.760000000000000000e+03,3.631397635129977708e+00
2.761000000000000000e+03,3.613783622448446309e+00
2.762000000000000000e+03,3.575210082200271255e+00
2.763000000000000000e+03,3.810563024421404599e+00
2.764000000000000000e+03,3.739549350173988707e+00
2.765000000000000000e+03,3.664574956142624629e+00
2.766000000000000000e+03,3.458263137764641115e+00
2.767000000000000000e+03,3.884215588493253879e+00
2.768000000000000000e+03,3.587237634722880042e+00
2.769000000000000000e+03,3.919772931877700373e+00
2.770000000000000000e+03,3.464883637543112460e+00
2.771000000000000000e+03,3.526884453251641904e+00
2.772000000000000000e+03,3.890941823687296797e+00
2.773000000000000000e+03,3.495768116008897586e+00
2.774000000000000000e+03,3.524313511918832020e+00
2.775000000000000000e+03,3.444521667479987670e+00
2.776000000000000000e+03,3.751368404884947161e+00
2.777000000000000000e+03,3.932815126775047521e+00
2.778000000000000000e+03,3.779412986443347666e+00
2.779000000000000000e+03,3.870389502786529601e+00
2.780000000000000000e+03,3.894109081490482627e+00
2.781000000000000000e+03,3.831400927164225312e+00
2.782000000000000000e+03,3.669588804494769096e+00
2.783000000000000000e+03,3.887691181198262402e+00
2.784000000000000000e+03,3.492933030205727540e+00
2.785000000000000000e+03,4.104855723976002402e+00
2.786000000000000000e+03,3.692059295504781069e+00
2.787000000000000000e+03,3.750810845829088525e+00
2.788000000000000000e+03,3.738299365431897225e+00
2.789000000000000000e+03,4.000404760455421815e+00
2.790000000000000000e+03,3.840140866814296228e+00
2.791000000000000000e+03,3.610990497172891001e+00
2.792000000000000000e+03,3.903801876996282783e+00
2.793000000000000000e+03,3.824090509230166468e+00
2.794000000000000000e+03,3.587605737930270600e+00
2.795000000000000000e+03,3.751789727606920533e+00
2.796000000000000000e+03,3.610983946715860426e+00
2.797000000000000000e+03,3.728554592781444299e+00
2.798000000000000000e+03,3.313536519767811050e+00
2.799000000000000000e+03,3.752537154459301139e+00
2.800000000000000000e+03,3.765242062605269613e+00
2.801000000000000000e+03,3.480818508108108222e+00
2.802000000000000000e+03,3.695407243420008037e+00
2.803000000000000000e+03,3.746073093690950540e+00
2.804000000000000000e+03,3.904241334238457650e+00
2.805000000000000000e+03,3.564173131914651460e+00
2.806000000000000000e+03,3.909141623231021878e+00
2.807000000000000000e+03,3.358794398418032401e+00
2.808000000000000000e+03,3.582090456300400572e+00
2.809000000000000000e+03,3.649817169603646327e+00
2.810000000000000000e+03,3.573813369406021678e+00
2.811000000000000000e+03,3.696594128812618951e+00
2.812000000000000000e+03,3.821571765272721244e+00
2.813000000000000000e+03,3.782848124157997205e+00
2.814000000000000000e+03,3.705224087185951198e+00
2.815000000000000000e+03,3.535474843042257120e+00
2.816000000000000000e+03,3.592781042284511006e+00
2.817000000000000000e+03,3.631173797192712271e+00
2.818000000000000000e+03,3.551503137077686389e+00
2.819000000000000000e+03,3.535737728308013583e+00
2.820000000000000000e+03,3.301150051538534580e+00
2.821000000000000000e+03,3.827605984604678380e+00
2.822000000000000000e+03,3.224339928115057319e+00
2.823000000000000000e+03,3.975503302065280131e+00
2.824000000000000000e+03,3.692410757041997282e+00
2.825000000000000000e+03,3.332859024384025926e+00
2.826000000000000000e+03,3.891223976596785317e+00
2.827000000000000000e+03,3.725414751785334655e+00
2.828000000000000000e+03,3.829756281952627628e+00
2.829000000000000000e+03,3.560893050263985060e+00
2.830000000000000000e+03,3.386312168614933338e+00
2.831000000000000000e+03,3.759046303288957169e+00
2.832000000000000000e+03,3.608811300889635199e+00
2.833000000000000000e+03,3.828761672060082777e+00
2.834000000000000000e+03,3.489795609129405118e+00
2.835000000000000000e+03,3.583251861940978777e+00
2.836000000000000000e+03,3.980793395545648039e+00
2.837000000000000000e+03,3.289014229643572484e+00
2.838000000000000000e+03,3.795941293518370063e+00
2.839000000000000000e+03,3.572929540548045679e+00
2.840000000000000000e+03,3.701598122018024739e+00
2.841000000000000000e+03,3.815573727046583041e+00
2.842000000000000000e+03,3.425801808611256938e+00
2.843000000000000000e+03,3.953032459607708216e+00
2.844000000000000000e+03,3.404292041093262444e+00
2.845000000000000000e+03,3.849901442530542894e+00
2.846000000000000000e+03,3.515309652535268281e+00
2.847000000000000000e+03,3.753733806276634777e+00
2.848000000000000000e+03,3.619397391985429202e+00
2.849000000000000000e+03,3.451006180334828422e+00
2.850000000000000000e+03,3.763304929317579539e+00
2.851000000000000000e+03,3.592082218841791352e+00
2.852000000000000000e+03,3.490220351090393969e+00
2.853000000000000000e+03,3.787702132912177166e+00
2.854000000000000000e+03,3.688193059567688170e+00
2.855000000000000000e+03,3.645929690005487167e+00
2.856000000000000000e+03,3.696576073314752797e+00
2.857000000000000000e+03,3.536457844820849683e+00
2.858000000000000000e+03,3.694840106063777885e+00
2.859000000000000000e+03,3.830091956232567263e+00
2.860000000000000000e+03,3.517949216929370237e+00
2.861000000000000000e+03,3.546935543724141215e+00
2.862000000000000000e+03,3.864438865299443471e+00
2.863000000000000000e+03,3.359531934409555998e+00
2.864000000000000000e+03,3.848200287782972406e+00
2.865000000000000000e+03,3.571155717825219789e+00
2.866000000000000000e+03,3.667847236061442917e+00
2.867000000000000000e+03,3.882054083140330292e+00
2.868000000000000000e+03,3.863761679479970734e+00
2.869000000000000000e+03,3.619048394658316514e+00
2.870000000000000000e+03,3.636578202658979464e+00
2.871000000000000000e+03,3.392320367800624847e+00
2.872000000000000000e+03,3.736345587844149829e+00
2.873000000000000000e+03,3.657680669573018850e+00
2.874000000000000000e+03,3.554231875590803558e+00
2.875000000000000000e+03,3.785189264154043887e+00
2.876000000000000000e+03,3.582317474923040646e+00
2.877000000000000000e+03,3.563038924773554328e+00
2.878000000000000000e+03,3.582787371828039191e+00
2.879000000000000000e+03,3.496785566424239544e+00
2.880000000000000000e+03,3.616455814741720509e+00
2.881000000000000000e+03,3.889608954263350515e+00
2.882000000000000000e+03,3.637466608270071511e+00
2.883000000000000000e+03,3.769816681742423459e+00
2.884000000000000000e+03,3.656016701260320634e+00
2.885000000000000000e+03,3.549935558005226532e+00
2.886000000000000000e+03,3.785307710453081675e+00
2.887000000000000000e+03,3.769929082712528245e+00
2.888000000000000000e+03,3.723495535221791553e+00
2.889000000000000000e+03,3.760656868499456351e+00
2.890000000000000000e+03,3.715452039769299386e+00
2.891000000000000000e+03,3.690255114290684091e+00
2.892000000000000000e+03,3.959234225462916701e+00
2.893000000000000000e+03,3.291948668527191924e+00
2.894000000000000000e+03,3.413036090360424435e+00
2.895000000000000000e+03,3.595276594465967257e+00
2.896000000000000000e+03,3.594635203710980775e+00
2.897000000000000000e+03,3.562728173181241242e+00
2.898000000000000000e+03,3.855584551995719256e+00
2.899000000000000000e+03,3.575285443340817437e+00
2.900000000000000000e+03,3.794900690758851169e+00
2.901000000000000000e+03,3.822837246229284336e+00
2.902000000000000000e+03,4.001007919972376037e+00
2.903000000000000000e+03,3.823890088810212085e+00
2.904000000000000000e+03,3.644149761197063242e+00
2.905000000000000000e+03,3.930040377736500279e+00
2.906000000000000000e+03,3.917136371653133775e+00
2.907000000000000000e+03,3.842644176937616063e+00
2.908000000000000000e+03,3.484570121621069827e+00
2.909000000000000000e+03,3.531465294356749940e+00
2.910000000000000000e+03,3.808811591505651073e+00
2.911000000000000000e+03,3.628856133179043209e+00
2.912000000000000000e+03,3.662244975856751239e+00
2.913000000000000000e+03,3.621299040955123782e+00
2.914000000000000000e+03,3.637544576042500033e+00
2.915000000000000000e+03,3.397975805168816255e+00
2.916000000000000000e+03,3.735401192640910750e+00
2.917000000000000000e+03,3.761436763774726799e+00
2.918000000000000000e+03,3.460186456671666910e+00
2.919000000000000000e+03,3.685523366382305266e+00
2.920000000000000000e+03,3.721167661249828562e+00
2.921000000000000000e+03,3.497298138624402419e+00
2.922000000000000000e+03,3.753400556594078008e+00
2.923000000000000000e+03,3.642916597834608083e+00
2.924000000000000000e+03,3.518936972948059072e+00
2.925000000000000000e+03,3.605011317294575246e+00
2.926000000000000000e+03,3.725352384484233337e+00
2.927000000000000000e+03,3.661178871371938648e+00
2.928000000000000000e+03,3.417012917996395061e+00
2.929000000000000000e+03,3.632139845796438227e+00
2.930000000000000000e+03,3.388375626623192360e+00
2.931000000000000000e+03,3.786517411848676407e+00
2.932000000000000000e+03,3.427263447142323560e+00
2.933000000000000000e+03,3.726092896436858037e+00
2.934000000000000000e+03,3.799203176757742551e+00
2.935000000000000000e+03,3.717034929421272782e+00
2.936000000000000000e+03,3.757592784231096772e+00
2.937000000000000000e+03,3.550913768945086257e+00
2.938000000000000000e+03,3.478449966779291636e+00
2.939000000000000000e+03,3.629754904326295772e+00
2.940000000000000000e+03,3.838823239240851670e+00
2.941000000000000000e+03,3.877829931589147794e+00
2.942000000000000000e+03,3.615048685226971870e+00
2.943000000000000000e+03,3.861883935073693319e+00
2.944000000000000000e+03,4.113164945081919655e+00
2.945000000000000000e+03,3.661481212130957452e+00
2.946000000000000000e+03,3.718892884652274411e+00
2.947000000000000000e+03,3.840224103361642882e+00
2.948000000000000000e+03,3.535554484819247278e+00
2.949000000000000000e+03,3.722732514401960735e+00
2.950000000000000000e+03,3.744066491049175660e+00
2.951000000000000000e+03,3.827045323890343020e+00
2.952000000000000000e+03,3.987505846165475543e+00
2.953000000000000000e+03,3.492403002922392474e+00
2.954000000000000000e+03,3.513790551260611572e+00
2.955000000000000000e+03,3.623932371234713568e+00
2.956000000000000000e+03,3.810048362176796211e+00
2.957000000000000000e+03,3.661618181243806003e+00
2.958000000000000000e+03,3.730768155866838409e+00
2.959000000000000000e+03,3.959298215987047342e+00
2.960000000000000000e+03,3.967786761279147090e+00
2.961000000000000000e+03,3.651067419335630948e+00
2.962000000000000000e+03,3.444098660566910830e+00
2.963000000000000000e+03,3.873342428352830602e+00
2.964000000000000000e+03,3.327217486301980998e+00
2.965000000000000000e+03,3.643424640716713014e+00
2.966000000000000000e+03,3.687030325884628645e+00
2.967000000000000000e+03,4.051372354548328225e+00
2.968000000000000000e+03,3.531187280896024294e+00
2.969000000000000000e+03,3.832314627067535007e+00
2.970000000000000000e+03,3.957664716906774682e+00
2.971000000000000000e+03,3.648555471889487922e+00
2.972000000000000000e+03,3.804818157567062986e+00
2.973000000000000000e+03,3.844009014367545163e+00
2.974000000000000000e+03,3.768994174409993736e+00
2.975000000000000000e+03,3.620766568545458863e+00
2.976000000000000000e+03,3.616353599537603269e+00
2.977000000000000000e+03,3.721832537945440222e+00
2.978000000000000000e+03,3.656850761249454074e+00
2.979000000000000000e+03,3.626980491538609463e+00
2.980000000000000000e+03,3.822873219565467551e+00
2.981000000000000000e+03,3.548140866106741953e+00
2.982000000000000000e+03,3.770982081681895526e+00
2.983000000000000000e+03,3.741660648911154574e+00
2.984000000000000000e+03,3.593320720121393474e+00
2.985000000000000000e+03,3.764035787475896733e+00
2.986000000000000000e+03,3.848685244785000847e+00
2.987000000000000000e+03,3.654854025980012633e+00
2.988000000000000000e+03,4.035437869674092681e+00
2.989000000000000000e+03,3.471749464751415104e+00
2.990000000000000000e+03,3.803343603801250250e+00
2.991000000000000000e+03,3.554475559428173170e+00
2.992000000000000000e+03,3.915163061597360272e+00
2.993000000000000000e+03,3.727800886338851427e+00
2.994000000000000000e+03,3.793354838151598685e+00
2.995000000000000000e+03,3.481810159290817719e+00
2.996000000000000000e+03,3.659725683612588210e+00
2.997000000000000000e+03,3.765601744317374155e+00
2.998000000000000000e+03,3.509095251930197890e+00
2.999000000000000000e+03,3.661776172781487038e+00
3.000000000000000000e+03,3.727590704426471557e+00
3.001000000000000000e+03,3.902115640921227424e+00
3.002000000000000000e+03,3.806040931010063577e+00
3.003000000000000000e+03,3.842503028806167009e+00
3.004000000000000000e+03,3.434290556389714588e+00
3.005000000000000000e+03,3.805144732008873376e+00
3.006000000000000000e+03,3.479499946865534543e+00
3.007000000000000000e+03,3.837453782119897738e+00
3.008000000000000000e+03,3.760659509241787379e+00
3.009000000000000000e+03,3.446001620903382801e+00
3.010000000000000000e+03,3.497776847892763552e+00
3.011000000000000000e+03,3.788235348778286937e+00
3.012000000000000000e+03,3.954438649281983853e+00
3.013000000000000000e+03,3.650198639103222842e+00
3.014000000000000000e+03,3.946680500877706166e+00
3.015000000000000000e+03,3.599026031116379531e+00
3.016000000000000000e+03,3.576954090725186663e+00
3.017000000000000000e+03,3.689879965457872668e+00
3.018000000000000000e+03,4.015597167549756819e+00
3.019000000000000000e+03,4.001056846536425127e+00
3.020000000000000000e+03,3.919774533893038093e+00
3.021000000000000000e+03,3.512510391676616717e+00
3.022000000000000000e+03,3.536440194097369538e+00
3.023000000000000000e+03,3.953797418999458912e+00
3.024000000000000000e+03,3.549056560356534717e+00
3.025000000000000000e+03,3.591080773995424025e+00
3.026000000000000000e+03,3.696717498761901144e+00
3.027000000000000000e+03,3.470583039704517425e+00
3.028000000000000000e+03,3.764011439649062929e+00
3.029000000000000000e+03,3.499763792062218215e+00
3.030000000000000000e+03,3.558370788440045285e+00
3.031000000000000000e+03,3.560176572029019049e+00
3.032000000000000000e+03,3.693943302556094821e+00
3.033000000000000000e+03,3.947294386593910076e+00
3.034000000000000000e+03,3.375482152655163048e+00
3.035000000000000000e+03,3.581302973198559947e+00
3.036000000000000000e+03,3.524557196318531371e+00
3.037000000000000000e+03,3.542297455410938767e+00
3.038000000000000000e+03,3.670100946459176505e+00
3.039000000000000000e+03,3.382702588968572677e+00
3.040000000000000000e+03,3.682679153341116951e+00
3.041000000000000000e+03,3.633692681994448836e+00
3.042000000000000000e+03,3.805103487798648043e+00
3.043000000000000000e+03,3.736295639912590616e+00
3.044000000000000000e+03,3.682831871857098260e+00
3.045000000000000000e+03,3.575154849315656858e+00
3.046000000000000000e+03,3.804406457009284370e+00
3.047000000000000000e+03,3.501626185036020189e+00
3.048000000000000000e+03,3.472513975007624154e+00
3.049000000000000000e+03,3.742775679476246786e+00
3.050000000000000000e+03,3.904230524342660047e+00
3.051000000000000000e+03,3.779204998861606768e+00
3.052000000000000000e+03,3.848964651326694852e+00
3.053000000000000000e+03,3.668552680615360551e+00
3.054000000000000000e+03,3.585445098893716320e+00
3.055000000000000000e+03,3.809020503214145759e+00
3.056000000000000000e+03,3.803948875804822549e+00
3.057000000000000000e+03,3.516391334722494211e+00
3.058000000000000000e+03,3.220604396294272753e+00
3.059000000000000000e+03,3.459187148288121350e+00
3.060000000000000000e+03,4.030989143470209868e+00
3.061000000000000000e+03,3.350110928031241997e+00
3.062000000000000000e+03,3.364799373564087315e+00
3.063000000000000000e+03,3.686013120839370494e+00
3.064000000000000000e+03,3.771593903730640296e+00
3.065000000000000000e+03,3.677795078911337612e+00
3.066000000000000000e+03,3.810970618536079879e+00
3.067000000000000000e+03,3.882431323964192327e+00
3.068000000000000000e+03,3.486448886742032904e+00
3.069000000000000000e+03,3.762001096112780107e+00
3.070000000000000000e+03,3.612991347874955572e+00
3.071000000000000000e+03,3.329791828651078145e+00
3.072000000000000000e+03,3.478538706952236215e+00
3.073000000000000000e+03,3.809289538928108065e+00
3.074000000000000000e+03,3.537753532812491830e+00
3.075000000000000000e+03,3.913663734428760588e+00
3.076000000000000000e+03,3.703303473265295409e+00
3.077000000000000000e+03,3.682746467734149043e+00
3.078000000000000000e+03,3.554911921372048145e+00
3.079000000000000000e+03,3.769015331426791793e+00
3.080000000000000000e+03,3.617117196488861985e+00
3.081000000000000000e+03,3.511275448959517043e+00
3.082000000000000000e+03,3.722252373367640921e+00
3.083000000000000000e+03,3.675026456682814580e+00
3.084000000000000000e+03,3.784834339887955146e+00
3.085000000000000000e+03,3.966836744325414887e+00
3.086000000000000000e+03,3.787086223909124527e+00
3.087000000000000000e+03,3.556581927361590623e+00
3.088000000000000000e+03,3.584542076281572509e+00
3.089000000000000000e+03,3.994048633275445681e+00
3.090000000000000000e+03,3.791314588503083893e+00
3.091000000000000000e+03,3.795034048940364446e+00
3.092000000000000000e+03,3.499775594163859527e+00
3.093000000000000000e+03,3.771644316299496147e+00
3.094000000000000000e+03,3.880806333669647223e+00
3.095000000000000000e+03,3.721085884743971395e+00
3.096000000000000000e+03,3.773315178069335030e+00
3.097000000000000000e+03,3.711924510431863666e+00
3.098000000000000000e+03,3.874855750758824158e+00
3.099000000000000000e+03,3.853828006856582444e+00
3.100000000000000000e+03,3.668981215917146432e+00
3.101000000000000000e+03,3.686989469726091873e+00
3.102000000000000000e+03,3.729473933525317531e+00
3.103000000000000000e+03,3.503633451240555363e+00
3.104000000000000000e+03,3.964721455189020638e+00
3.105000000000000000e+03,3.723595630438410353e+00
3.106000000000000000e+03,3.656757243083061049e+00
3.107000000000000000e+03,3.675212534040050993e+00
3.108000000000000000e+03,3.796334830459878074e+00
3.109000000000000000e+03,3.796876123415960702e+00
3.110000000000000000e+03,3.741931110392427318e+00
3.111000000000000000e+03,3.642434760420423245e+00
3.112000000000000000e+03,3.568551584227572793e+00
3.113000000000000000e+03,4.068435294587956719e+00
3.114000000000000000e+03,3.547810768073484944e+00
3.115000000000000000e+03,3.614180830377774267e+00
3.116000000000000000e+03,3.655626725612515227e+00
3.117000000000000000e+03,3.566271614605385665e+00
3.118000000000000000e+03,3.696659468818283223e+00
3.119000000000000000e+03,3.671800190729547442e+00
3.120000000000000000e+03,3.175887363998212365e+00
3.121000000000000000e+03,3.686439128836754620e+00
3.122000000000000000e+03,3.500741900962152098e+00
3.123000000000000000e+03,3.434402084090870222e+00
3.124000000000000000e+03,3.770952469448650923e+00
3.125000000000000000e+03,3.654152771078555961e+00
3.126000000000000000e+03,3.744744840855974921e+00
3.127000000000000000e+03,3.794223842298555027e+00
3.128000000000000000e+03,3.676010985522422114e+00
3.129000000000000000e+03,3.629383877752487386e+00
3.130000000000000000e+03,3.540148577811344399e+00
3.131000000000000000e+03,3.778605892400196176e+00
3.132000000000000000e+03,3.528750350914644507e+00
3.133000000000000000e+03,3.669842296321326636e+00
3.134000000000000000e+03,3.627897675006706901e+00
3.135000000000000000e+03,3.761573201360824736e+00
3.136000000000000000e+03,3.859204072690951559e+00
3.137000000000000000e+03,3.918485889552020485e+00
3.138000000000000000e+03,3.414674653495043177e+00
3.139000000000000000e+03,3.776367237883370365e+00
3.140000000000000000e+03,3.741379455057632697e+00
3.141000000000000000e+03,3.614837720505707175e+00
3.142000000000000000e+03,3.912343801137491361e+00
3.143000000000000000e+03,3.971890482862316052e+00
3.144000000000000000e+03,3.605136544183837888e+00
3.145000000000000000e+03,3.339523556421437167e+00
3.146000000000000000e+03,3.693542722655729360e+00
3.147000000000000000e+03,3.803495743350677305e+00
3.148000000000000000e+03,3.920173860851889014e+00
3.149000000000000000e+03,3.672996094062775718e+00
3.150000000000000000e+03,3.467900671200878193e+00
3.151000000000000000e+03,3.601447296663057962e+00
3.152000000000000000e+03,3.564421423760007368e+00
3.153000000000000000e+03,3.485862088871613640e+00
3.154000000000000000e+03,3.772640663941831285e+00
3.155000000000000000e+03,3.902637963615103178e+00
3.156000000000000000e+03,3.527788029548871496e+00
3.157000000000000000e+03,3.648187644540401564e+00
3.158000000000000000e+03,3.963129509114461158e+00
3.159000000000000000e+03,3.564389441697285665e+00
3.160000000000000000e+03,3.437710534460604261e+00
3.161000000000000000e+03,3.728315761633858028e+00
3.162000000000000000e+03,3.896652360374872615e+00
3.163000000000000000e+03,3.775516745629057258e+00
3.164000000000000000e+03,3.710281290620141892e+00
3.165000000000000000e+03,3.640083818688146344e+00
3.166000000000000000e+03,3.778924227317123297e+00
3.167000000000000000e+03,3.669564767642954362e+00
3.168000000000000000e+03,3.537938239174597044e+00
3.169000000000000000e+03,3.475010207473988810e+00
3.170000000000000000e+03,3.940050020595758706e+00
3.171000000000000000e+03,3.571112251575661478e+00
3.172000000000000000e+03,3.771077977731895903e+00
3.173000000000000000e+03,3.609557904354315561e+00
3.174000000000000000e+03,4.033037007248437611e+00
3.175000000000000000e+03,3.777382167810446667e+00
3.176000000000000000e+03,3.803525037164718903e+00
3.177000000000000000e+03,3.794954558630718733e+00
3.178000000000000000e+03,4.093701355750296145e+00
3.179000000000000000e+03,3.563396524169246682e+00
3.180000000000000000e+03,3.673406742514215839e+00
3.181000000000000000e+03,3.598563709857524717e+00
3.182000000000000000e+03,3.798721445969985400e+00
3.183000000000000000e+03,3.514797256716984730e+00
3.184000000000000000e+03,3.546658325569769232e+00
3.185000000000000000e+03,3.543284785136168846e+00
3.186000000000000000e+03,3.544839915626450288e+00
3.187000000000000000e+03,3.900582931574625434e+00
3.188000000000000000e+03,3.835992672220760014e+00
3.189000000000000000e+03,3.861102809495250643e+00
3.190000000000000000e+03,3.615846694897159708e+00
3.191000000000000000e+03,4.027258939639104085e+00
3.192000000000000000e+03,3.646966378363315719e+00
3.193000000000000000e+03,3.553742564461035425e+00
3.194000000000000000e+03,3.585967974513073919e+00
3.195000000000000000e+03,3.591801345070804174e+00
3.196000000000000000e+03,3.731980287044422973e+00
3.197000000000000000e+03,3.539171307538342859e+00
3.198000000000000000e+03,3.876150032497663656e+00
3.199000000000000000e+03,3.624874395420765172e+00
3.200000000000000000e+03,4.015656080139041073e+00
3.201000000000000000e+03,3.564618546019405532e+00
3.202000000000000000e+03,3.605089944210008834e+00
3.203000000000000000e+03,3.337938579335106848e+00
3.204000000000000000e+03,3.515954822682063163e+00
3.205000000000000000e+03,3.876196344592214960e+00
3.206000000000000000e+03,3.331158802419650122e+00
3.207000000000000000e+03,3.922355513929416393e+00
3.208000000000000000e+03,4.075940795792646121e+00
3.209000000000000000e+03,3.623298337713169559e+00
3.210000000000000000e+03,3.910973516458827515e+00
3.211000000000000000e+03,3.795554662658534806e+00
3.212000000000000000e+03,3.651001781473860230e+00
3.213000000000000000e+03,3.524074328440534032e+00
3.214000000000000000e+03,3.897321951517136895e+00
3.215000000000000000e+03,3.558934176645724534e+00
3.216000000000000000e+03,3.685117104425104539e+00
3.217000000000000000e+03,3.823517718176740576e+00
3.218000000000000000e+03,3.613271789296568670e+00
3.219000000000000000e+03,3.768005519774985768e+00
3.220000000000000000e+03,3.466237592119313149e+00
3.221000000000000000e+03,3.711628988485704106e+00
3.222000000000000000e+03,3.384165000780117172e+00
3.223000000000000000e+03,3.722726413536340484e+00
3.224000000000000000e+03,3.807448290043785377e+00
3.225000000000000000e+03,3.437252747891009097e+00
3.226000000000000000e+03,3.495301339786626826e+00
3.227000000000000000e+03,3.841960226946899759e+00
3.228000000000000000e+03,3.580108305636011234e+00
3.229000000000000000e+03,3.747372560887765491e+00
3.230000000000000000e+03,3.925702416607892875e+00
3.231000000000000000e+03,3.930645960671149908e+00
3.232000000000000000e+03,3.967018703295741577e+00
3.233000000000000000e+03,3.700245051837110832e+00
3.234000000000000000e+03,3.560592310210324740e+00
3.235000000000000000e+03,3.421407155849894632e+00
3.236000000000000000e+03,3.811526393720460426e+00
3.237000000000000000e+03,3.805820686832724231e+00
3.238000000000000000e+03,3.846115996103665058e+00
3.239000000000000000e+03,3.583796775495272424e+00
3.240000000000000000e+03,3.334267297095917737e+00
3.241000000000000000e+03,3.596061887220621589e+00
3.242000000000000000e+03,3.632669796104868176e+00
3.243000000000000000e+03,3.880957405713908237e+00
3.244000000000000000e+03,3.748016444234987254e+00
3.245000000000000000e+03,3.556500988583830569e+00
3.246000000000000000e+03,3.690843928934310458e+00
3.247000000000000000e+03,3.621838358343298037e+00
3.248000000000000000e+03,3.994682814647084967e+00
3.249000000000000000e+03,3.668256566559375820e+00
3.250000000000000000e+03,3.620680770115460856e+00
3.251000000000000000e+03,3.825135667843916565e+00
3.252000000000000000e+03,3.404845528465190618e+00
3.253000000000000000e+03,3.364525509758621968e+00
3.254000000000000000e+03,3.936075259905048807e+00
3.255000000000000000e+03,3.596761845818472025e+00
3.256000000000000000e+03,3.584240768899514151e+00
3.257000000000000000e+03,3.749364278529709438e+00
3.258000000000000000e+03,3.900840975928188570e+00
3.259000000000000000e+03,3.574349884436140101e+00
3.260000000000000000e+03,3.622642197051808566e+00
3.261000000000000000e+03,3.633674852432725810e+00
3.262000000000000000e+03,3.618477972788832098e+00
3.263000000000000000e+03,3.655569412429114706e+00
3.264000000000000000e+03,3.569498567042313386e+00
3.265000000000000000e+03,3.763625182633357102e+00
3.266000000000000000e+03,3.498134458520310908e+00
3.267000000000000000e+03,3.744312354320864955e+00
3.268000000000000000e+03,3.356091195740350308e+00
3.269000000000000000e+03,3.575659287474799886e+00
3.270000000000000000e+03,3.630292849772663200e+00
3.271000000000000000e+03,3.742155317808467885e+00
3.272000000000000000e+03,3.638077828668986768e+00
3.273000000000000000e+03,3.743057928074231988e+00
3.274000000000000000e+03,3.621709753505835128e+00
3.275000000000000000e+03,3.720085962647254885e+00
3.276000000000000000e+03,3.667510264784421548e+00
3.277000000000000000e+03,3.348169903996283558e+00
3.278000000000000000e+03,3.731915111778820293e+00
3.279000000000000000e+03,3.648852913824915056e+00
3.280000000000000000e+03,3.505112867588437098e+00
3.281000000000000000e+03,3.701728186754390748e+00
3.282000000000000000e+03,3.556646293696120065e+00
3.283000000000000000e+03,3.511243988964921847e+00
3.284000000000000000e+03,3.575006495418382890e+00
3.285000000000000000e+03,3.581095803021228097e+00
3.286000000000000000e+03,3.331279140524953775e+00
3.287000000000000000e+03,3.680328213292809458e+00
3.288000000000000000e+03,3.883775372349596910e+00
3.289000000000000000e+03,3.557720222698224521e+00
3.290000000000000000e+03,3.684364065730977966e+00
3.291000000000000000e+03,3.807327266860746295e+00
3.292000000000000000e+03,3.425988518819147455e+00
3.293000000000000000e+03,3.808830977966908282e+00
3.294000000000000000e+03,3.881134540509876718e+00
3.295000000000000000e+03,3.649997435508730348e+00
3.296000000000000000e+03,3.603009113862554180e+00
3.297000000000000000e+03,3.553817294010330752e+00
3.298000000000000000e+03,3.619271574625313459e+00
3.299000000000000000e+03,3.831814693586659271e+00
3.300000000000000000e+03,3.928823021270769544e+00
3.301000000000000000e+03,3.311967967560354609e+00
3.302000000000000000e+03,3.961730905276087178e+00
3.303000000000000000e+03,3.677135611507568402e+00
3.304000000000000000e+03,3.570418813781021772e+00
3.305000000000000000e+03,3.420345802328867091e+00
3.306000000000000000e+03,3.611411777929646849e+00
3.307000000000000000e+03,3.864479912366995062e+00
3.308000000000000000e+03,3.724238838357221137e+00
3.309000000000000000e+03,3.797729535524761335e+00
3.310000000000000000e+03,3.635395298995037994e+00
3.311000000000000000e+03,3.653043441334858699e+00
3.312000000000000000e+03,3.447420105579112715e+00
3.313000000000000000e+03,3.399513088624940949e+00
3.314000000000000000e+03,3.518694328793929849e+00
3.315000000000000000e+03,3.693773337301643700e+00
3.316000000000000000e+03,3.398891638876333943e+00
3.317000000000000000e+03,3.700830673184987596e+00
3.318000000000000000e+03,3.528503489880769450e+00
3.319000000000000000e+03,3.387378960573276476e+00
3.320000000000000000e+03,3.728143481423670025e+00
3.321000000000000000e+03,3.871059366281973446e+00
3.322000000000000000e+03,3.857473521278337980e+00
3.323000000000000000e+03,3.606064328114654494e+00
3.324000000000000000e+03,3.460650954652069622e+00
3.325000000000000000e+03,3.982154966211497005e+00
3.326000000000000000e+03,3.895913878828290322e+00
3.327000000000000000e+03,3.456452356665076664e+00
3.328000000000000000e+03,3.496528991312194190e+00
3.329000000000000000e+03,3.614982789381312678e+00
3.330000000000000000e+03,3.593615978174039327e+00
3.331000000000000000e+03,3.539861255677900331e+00
3.332000000000000000e+03,3.631751203444725906e+00
3.333000000000000000e+03,3.768728136983984012e+00
3.334000000000000000e+03,3.877389989431169859e+00
3.335000000000000000e+03,3.579628003472686615e+00
3.336000000000000000e+03,3.695062757376381679e+00
3.337000000000000000e+03,3.563318573442296522e+00
3.338000000000000000e+03,3.769191192635492627e+00
3.339000000000000000e+03,3.634215972577449438e+00
3.340000000000000000e+03,3.677625748044589304e+00
3.341000000000000000e+03,3.672909055826908631e+00
3.342000000000000000e+03,3.424660706873501326e+00
3.343000000000000000e+03,3.745850967350285110e+00
3.344000000000000000e+03,4.066117839829089142e+00
3.345000000000000000e+03,3.653208857777376473e+00
3.346000000000000000e+03,3.813259289029472310e+00
3.347000000000000000e+03,3.656397674601045811e+00
3.348000000000000000e+03,4.025233540469010052e+00
3.349000000000000000e+03,3.627877777393885506e+00
3.350000000000000000e+03,3.499632046687925158e+00
3.351000000000000000e+03,4.215951432336124682e+00
3.352000000000000000e+03,3.579648876920365375e+00
3.353000000000000000e+03,3.634002143334206014e+00
3.354000000000000000e+03,3.534280215822187099e+00
3.355000000000000000e+03,3.912193746929593541e+00
3.356000000000000000e+03,3.673706082654569549e+00
3.357000000000000000e+03,3.593128403705981633e+00
3.358000000000000000e+03,3.309699421848563361e+00
3.359000000000000000e+03,3.747155764013941681e+00
3.360000000000000000e+03,3.962992296372129797e+00
3.361000000000000000e+03,3.800024041404459041e+00
3.362000000000000000e+03,3.659608946070165736e+00
3.363000000000000000e+03,3.966569982246556769e+00
3.364000000000000000e+03,3.675305097460671355e+00
3.365000000000000000e+03,3.399805530170899370e+00
3.366000000000000000e+03,3.797472478600046220e+00
3.367000000000000000e+03,3.900030779471922227e+00
3.368000000000000000e+03,3.392252572850978254e+00
3.369000000000000000e+03,3.550579270724524061e+00
3.370000000000000000e+03,4.036822657197116193e+00
3.371000000000000000e+03,3.324789248474987247e+00
3.372000000000000000e+03,3.862679652617579062e+00
3.373000000000000000e+03,3.559839594757674863e+00
3.374000000000000000e+03,3.752490784570849947e+00
3.375000000000000000e+03,3.596767396039923792e+00
3.376000000000000000e+03,3.696762814385564422e+00
3.377000000000000000e+03,3.862501842885214032e+00
3.378000000000000000e+03,3.529784349132077281e+00
3.379000000000000000e+03,4.148497259514368096e+00
3.380000000000000000e+03,3.734985670015467996e+00
3.381000000000000000e+03,3.751408317413090110e+00
3.382000000000000000e+03,3.582256285928409945e+00
3.383000000000000000e+03,3.762540616134302685e+00
3.384000000000000000e+03,3.442612385410208642e+00
3.385000000000000000e+03,4.015030053657452136e+00
3.386000000000000000e+03,3.946667688377909045e+00
3.387000000000000000e+03,3.773622726890142332e+00
3.388000000000000000e+03,3.412980195521637228e+00
3.389000000000000000e+03,3.514144338459738837e+00
3.390000000000000000e+03,3.646946928748061811e+00
3.391000000000000000e+03,3.701018129857021055e+00
3.392000000000000000e+03,3.641567885909379854e+00
3.393000000000000000e+03,3.828703018301040650e+00
3.394000000000000000e+03,3.426773978068144100e+00
3.395000000000000000e+03,3.395167414364559377e+00
3.396000000000000000e+03,3.580152690703766627e+00
3.397000000000000000e+03,3.670188280954226112e+00
3.398000000000000000e+03,3.910957390819504553e+00
3.399000000000000000e+03,3.670404080405080371e+00
3.400000000000000000e+03,3.573386560390066524e+00
3.401000000000000000e+03,3.422003799577345795e+00
3.402000000000000000e+03,3.949532701535245494e+00
3.403000000000000000e+03,3.657124797465779675e+00
3.404000000000000000e+03,3.526543677033564084e+00
3.405000000000000000e+03,3.591711593326217145e+00
3.406000000000000000e+03,3.779054773130719358e+00
3.407000000000000000e+03,3.458760129301961417e+00
3.408000000000000000e+03,3.836469328155160063e+00
3.409000000000000000e+03,3.867738980965781170e+00
3.410000000000000000e+03,3.726275316321543407e+00
3.411000000000000000e+03,3.762814614669893309e+00
3.412000000000000000e+03,3.524187978535503252e+00
3.413000000000000000e+03,3.649424624377087589e+00
3.414000000000000000e+03,3.568694296301966329e+00
3.415000000000000000e+03,3.443288344958326697e+00
3.416000000000000000e+03,3.434865300842236735e+00
3.417000000000000000e+03,3.580635604075553591e+00
3.418000000000000000e+03,3.548571845931208557e+00
3.419000000000000000e+03,3.763101926659677243e+00
3.420000000000000000e+03,3.665229968787180326e+00
3.421000000000000000e+03,3.520611660357769956e+00
3.422000000000000000e+03,3.723137228957051459e+00
3.423000000000000000e+03,3.652421033801701800e+00
3.424000000000000000e+03,3.908191147006502497e+00
3.425000000000000000e+03,3.595049401778216414e+00
3.426000000000000000e+03,3.653567467793439771e+00
3.427000000000000000e+03,3.759906305237036062e+00
3.428000000000000000e+03,3.554090409177133036e+00
3.429000000000000000e+03,3.956751795045242215e+00
3.430000000000000000e+03,3.267549783990928880e+00
3.431000000000000000e+03,3.558237556429773463e+00
3.432000000000000000e+03,3.446032010448574656e+00
3.433000000000000000e+03,3.827389457453151955e+00
3.434000000000000000e+03,3.700248474897683160e+00
3.435000000000000000e+03,3.698852128344563006e+00
3.436000000000000000e+03,3.326355623398272066e+00
3.437000000000000000e+03,3.453338551786337085e+00
3.438000000000000000e+03,3.837490134197537817e+00
3.439000000000000000e+03,3.486552860252366770e+00
3.440000000000000000e+03,3.528342196822500831e+00
3.441000000000000000e+03,3.771460948937931157e+00
3.442000000000000000e+03,3.907993852998655981e+00
3.443000000000000000e+03,3.623645699737613857e+00
3.444000000000000000e+03,3.764495315145767851e+00
3.445000000000000000e+03,3.731176454034722756e+00
3.446000000000000000e+03,3.538136769056696718e+00
3.447000000000000000e+03,3.823418036988675883e+00
3.448000000000000000e+03,3.749967416620442862e+00
3.449000000000000000e+03,3.656384141540899524e+00
3.450000000000000000e+03,3.502085938504656326e+00
3.451000000000000000e+03,3.511507855489593322e+00
3.452000000000000000e+03,3.713255121812036208e+00
3.453000000000000000e+03,3.889268569213342630e+00
3.454000000000000000e+03,3.413258643302311768e+00
3.455000000000000000e+03,3.679546411012857288e+00
3.456000000000000000e+03,3.742559057208122653e+00
3.457000000000000000e+03,3.514718998464717359e+00
3.458000000000000000e+03,3.491093907519629003e+00
3.459000000000000000e+03,3.473134355829705644e+00
3.460000000000000000e+03,3.813021362808673320e+00
3.461000000000000000e+03,3.470008406377036891e+00
3.462000000000000000e+03,3.463237265250469044e+00
3.463000000000000000e+03,3.577024392118368645e+00
3.464000000000000000e+03,3.938428830853403451e+00
3.465000000000000000e+03,3.543681028038900394e+00
3.466000000000000000e+03,3.474876930251125540e+00
3.467000000000000000e+03,3.713544747694149883e+00
3.468000000000000000e+03,3.423302022281967005e+00
3.469000000000000000e+03,3.547037920548761658e+00
3.470000000000000000e+03,3.442950238087119974e+00
3.471000000000000000e+03,3.626627685205199736e+00
3.472000000000000000e+03,3.797747308198593075e+00
3.473000000000000000e+03,3.400708927336190790e+00
3.474000000000000000e+03,3.917687468146847873e+00
3.475000000000000000e+03,3.513281737233186597e+00
3.476000000000000000e+03,3.923874278486149336e+00
3.477000000000000000e+03,3.633655388423501442e+00
3.478000000000000000e+03,3.561721694092754298e+00
3.479000000000000000e+03,3.698847431824237031e+00
3.480000000000000000e+03,3.757767490797707222e+00
3.481000000000000000e+03,3.769544658537713921e+00
3.482000000000000000e+03,3.501819307073459786e+00
3.483000000000000000e+03,3.679479527108739489e+00
3.484000000000000000e+03,3.592412182215704242e+00
3.485000000000000000e+03,3.444379382273568879e+00
3.486000000000000000e+03,3.702938067533823041e+00
3.487000000000000000e+03,3.601536928414966976e+00
3.488000000000000000e+03,3.803345639912549814e+00
3.489000000000000000e+03,3.607410914178011740e+00
3.490000000000000000e+03,3.642211798982262660e+00
3.491000000000000000e+03,3.671374960231094331e+00
3.492000000000000000e+03,3.883713356730093658e+00
3.493000000000000000e+03,3.759049005959086198e+00
3.494000000000000000e+03,3.845880719362440914e+00
3.495000000000000000e+03,3.834066387738379156e+00
3.496000000000000000e+03,3.649737594803279084e+00
3.497000000000000000e+03,3.945258643941478738e+00
3.498000000000000000e+03,3.793814902480159290e+00
3.499000000000000000e+03,3.547803576566148642e+00
3.500000000000000000e+03,3.841240984425843941e+00
3.501000000000000000e+03,3.428798633979654564e+00
3.502000000000000000e+03,3.554950230790432819e+00
3.503000000000000000e+03,3.531665704266969463e+00
3.504000000000000000e+03,3.641004618724830166e+00
3.505000000000000000e+03,3.492252354312844087e+00
3.506000000000000000e+03,3.781896302012987210e+00
3.507000000000000000e+03,3.777992111264005803e+00
3.508000000000000000e+03,3.994722708038337622e+00
3.509000000000000000e+03,3.642905393556608473e+00
3.510000000000000000e+03,3.777718900633991517e+00
3.511000000000000000e+03,3.837151530183502413e+00
3.512000000000000000e+03,3.797000521831954689e+00
3.513000000000000000e+03,3.590935761950278415e+00
3.514000000000000000e+03,3.679754160708164523e+00
3.515000000000000000e+03,3.414206990974940403e+00
3.516000000000000000e+03,3.504099366804549476e+00
3.517000000000000000e+03,3.754339955258773731e+00
3.518000000000000000e+03,3.574512618968821887e+00
3.519000000000000000e+03,3.629758302259870284e+00
3.520000000000000000e+03,3.464257181508890060e+00
3.521000000000000000e+03,3.685318642937544187e+00
3.522000000000000000e+03,3.163640946841969281e+00
3.523000000000000000e+03,3.899445906012213303e+00
3.524000000000000000e+03,3.764052853080671834e+00
3.525000000000000000e+03,3.440218817382897143e+00
3.526000000000000000e+03,3.767308284287647524e+00
3.527000000000000000e+03,3.662502597745966426e+00
3.528000000000000000e+03,3.712720908078013693e+00
3.529000000000000000e+03,3.306989462719848394e+00
3.530000000000000000e+03,4.019571026098450517e+00
3.531000000000000000e+03,3.811737437228037262e+00
3.532000000000000000e+03,3.725918934153598983e+00
3.533000000000000000e+03,3.841975714616643334e+00
3.534000000000000000e+03,3.257840116255495300e+00
3.535000000000000000e+03,3.564960483846892458e+00
3.536000000000000000e+03,3.754674638751927418e+00
3.537000000000000000e+03,3.570822300566844021e+00
3.538000000000000000e+03,3.439569480008778157e+00
3.539000000000000000e+03,3.948700672103330422e+00
3.540000000000000000e+03,3.768840807491356859e+00
3.541000000000000000e+03,4.076867976762219570e+00
3.542000000000000000e+03,3.768144752744124304e+00
3.543000000000000000e+03,3.775594292338034563e+00
3.544000000000000000e+03,3.948840479534711179e+00
3.545000000000000000e+03,3.779079111312865891e+00
3.546000000000000000e+03,3.968131712622794627e+00
3.547000000000000000e+03,3.746344541122666350e+00
3.548000000000000000e+03,3.604118874249870874e+00
3.549000000000000000e+03,3.703588810355448402e+00
3.550000000000000000e+03,3.870725786120688294e+00
3.551000000000000000e+03,3.514298526102095810e+00
3.552000000000000000e+03,3.583270327756049589e+00
3.553000000000000000e+03,3.650004995467972080e+00
3.554000000000000000e+03,3.493248620333572863e+00
3.555000000000000000e+03,3.850646346796291475e+00
3.556000000000000000e+03,3.545204863257214178e+00
3.557000000000000000e+03,4.031627319703359191e+00
3.558000000000000000e+03,3.913096950526030238e+00
3.559000000000000000e+03,3.388759379095808821e+00
3.560000000000000000e+03,3.639071012453770404e+00
3.561000000000000000e+03,3.496238498789062010e+00
3.562000000000000000e+03,3.762865646752044047e+00
3.563000000000000000e+03,3.691792808882112809e+00
3.564000000000000000e+03,3.750316106778578185e+00
3.565000000000000000e+03,3.851849810755024528e+00
3.566000000000000000e+03,3.782197376329737626e+00
3.567000000000000000e+03,3.743575914642180980e+00
3.568000000000000000e+03,3.512038093443999198e+00
3.569000000000000000e+03,3.698207445246989078e+00
3.570000000000000000e+03,3.587034575125710223e+00
3.571000000000000000e+03,3.696309450893273674e+00
3.572000000000000000e+03,3.698474527935108114e+00
3.573000000000000000e+03,3.587787681310564025e+00
3.574000000000000000e+03,3.650398059652252503e+00
3.575000000000000000e+03,3.505626791031082767e+00
3.576000000000000000e+03,3.412368346405402431e+00
3.577000000000000000e+03,3.562860755128779644e+00
3.578000000000000000e+03,3.503731427814070098e+00
3.579000000000000000e+03,3.445907030163101403e+00
3.580000000000000000e+03,3.644241055718925093e+00
3.581000000000000000e+03,3.284765099081927264e+00
3.582000000000000000e+03,3.449893620718207377e+00
3.583000000000000000e+03,3.783085141959981801e+00
3.584000000000000000e+03,3.763051385271897864e+00
3.585000000000000000e+03,3.519395399454944950e+00
3.586000000000000000e+03,3.626329539285477299e+00
3.587000000000000000e+03,3.850514099360711207e+00
3.588000000000000000e+03,3.583155858880407330e+00
3.589000000000000000e+03,3.613245719444737603e+00
3.590000000000000000e+03,3.813824932851733518e+00
3.591000000000000000e+03,3.687377099355670484e+00
3.592000000000000000e+03,3.456387980596437259e+00
3.593000000000000000e+03,3.761083720306736655e+00
3.594000000000000000e+03,3.986723985298552098e+00
3.595000000000000000e+03,3.752960537505404481e+00
3.596000000000000000e+03,3.694873836846591875e+00
3.597000000000000000e+03,3.979185276635224255e+00
3.598000000000000000e+03,3.555924551840310865e+00
3.599000000000000000e+03,3.691204941852842758e+00
3.600000000000000000e+03,3.709418700866373264e+00
3.601000000000000000e+03,3.578492693123225266e+00
3.602000000000000000e+03,3.895115172822511518e+00
3.603000000000000000e+03,3.638883482989259566e+00
3.604000000000000000e+03,3.741349296679363334e+00
3.605000000000000000e+03,3.639178299816040685e+00
3.606000000000000000e+03,3.953513128573667768e+00
3.607000000000000000e+03,3.541830089564156570e+00
3.608000000000000000e+03,3.604164012642333770e+00
3.609000000000000000e+03,3.757594395413280886e+00
3.610000000000000000e+03,3.782650966567371764e+00
3.611000000000000000e+03,3.893623856633265046e+00
3.612000000000000000e+03,3.672451091266899503e+00
3.613000000000000000e+03,3.377293789972714233e+00
3.614000000000000000e+03,3.550463892847333547e+00
3.615000000000000000e+03,3.831947896113121921e+00
3.616000000000000000e+03,3.680226325121630282e+00
3.617000000000000000e+03,3.665213835883618820e+00
3.618000000000000000e+03,3.663165713697765113e+00
3.619000000000000000e+03,3.545594338198718720e+00
3.620000000000000000e+03,3.902120561333068949e+00
3.621000000000000000e+03,3.522186869543677101e+00
3.622000000000000000e+03,3.599457583686403339e+00
3.623000000000000000e+03,3.585267526398426607e+00
3.624000000000000000e+03,3.639178066337149353e+00
3.625000000000000000e+03,3.452758572849620844e+00
3.626000000000000000e+03,3.812412142020082939e+00
3.627000000000000000e+03,3.473079245063994680e+00
3.628000000000000000e+03,3.584694770835127997e+00
3.629000000000000000e+03,3.600392880967253628e+00
3.630000000000000000e+03,3.940188512647471608e+00
3.631000000000000000e+03,3.945223458829937524e+00
3.632000000000000000e+03,3.858567088184922778e+00
3.633000000000000000e+03,3.819741458780296472e+00
3.634000000000000000e+03,3.871323237138882600e+00
3.635000000000000000e+03,3.584817318419819099e+00
3.636000000000000000e+03,3.599688579142284350e+00
3.637000000000000000e+03,3.812323794262741483e+00
3.638000000000000000e+03,3.883905168010370890e+00
3.639000000000000000e+03,3.627232694205555941e+00
3.640000000000000000e+03,3.889208696636856644e+00
3.641000000000000000e+03,3.725699073922285276e+00
3.642000000000000000e+03,3.424211658156676386e+00
3.643000000000000000e+03,3.592128891676621194e+00
3.644000000000000000e+03,3.680433149967509809e+00
3.645000000000000000e+03,3.702463764217827524e+00
3.646000000000000000e+03,3.441578205066953444e+00
3.647000000000000000e+03,3.825284411503847792e+00
3.648000000000000000e+03,3.665148748126220823e+00
3.649000000000000000e+03,3.581215043256575914e+00
3.650000000000000000e+03,3.576298805576507256e+00
3.651000000000000000e+03,3.849275645887407560e+00
3.652000000000000000e+03,3.400249262917310222e+00
3.653000000000000000e+03,3.479704170257089668e+00
3.654000000000000000e+03,3.795705923562956219e+00
3.655000000000000000e+03,3.440847400529566613e+00
3.656000000000000000e+03,3.728867727496378848e+00
3.657000000000000000e+03,3.119595492945291593e+00
3.658000000000000000e+03,3.496006410984576540e+00
3.659000000000000000e+03,3.370645719075594737e+00
3.660000000000000000e+03,3.867546818824741273e+00
3.661000000000000000e+03,3.372139071725204662e+00
3.662000000000000000e+03,3.672591589225742137e+00
3.663000000000000000e+03,3.816112423411150090e+00
3.664000000000000000e+03,3.953976888976920456e+00
3.665000000000000000e+03,3.614990933880209312e+00
3.666000000000000000e+03,3.380451468259420889e+00
3.667000000000000000e+03,3.260563138246276971e+00
3.668000000000000000e+03,3.695020445306045787e+00
3.669000000000000000e+03,3.405224572928416293e+00
3.670000000000000000e+03,3.908067588850671736e+00
3.671000000000000000e+03,3.844946211028307914e+00
3.672000000000000000e+03,3.571598904308675326e+00
3.673000000000000000e+03,3.530156792447671776e+00
3.674000000000000000e+03,3.645651073595581604e+00
3.675000000000000000e+03,3.337533899763044154e+00
3.676000000000000000e+03,3.693871445463231762e+00
3.677000000000000000e+03,3.678422313905213681e+00
3.678000000000000000e+03,3.682724765805461153e+00
3.679000000000000000e+03,3.664289903735477694e+00
3.680000000000000000e+03,3.579707900636212248e+00
3.681000000000000000e+03,3.611187008343293758e+00
3.682000000000000000e+03,3.339611788063126863e+00
3.683000000000000000e+03,3.742216202655910262e+00
3.684000000000000000e+03,3.722459214644406877e+00
3.685000000000000000e+03,3.695852883241545150e+00
3.686000000000000000e+03,3.513428799507683387e+00
3.687000000000000000e+03,3.352265412929958277e+00
3.688000000000000000e+03,3.465199786721868680e+00
3.689000000000000000e+03,3.724505675319283782e+00
3.690000000000000000e+03,3.707039197974300482e+00
3.691000000000000000e+03,3.537278487764667023e+00
3.692000000000000000e+03,3.461710121637376680e+00
3.693000000000000000e+03,3.736594806956191839e+00
3.694000000000000000e+03,3.749824661903982115e+00
3.695000000000000000e+03,3.773729651716694722e+00
3.696000000000000000e+03,3.574533001825141998e+00
3.697000000000000000e+03,3.787904703901854297e+00
3.698000000000000000e+03,3.484819412125281790e+00
3.699000000000000000e+03,3.781319554510246483e+00
3.700000000000000000e+03,3.543491411953759052e+00
3.701000000000000000e+03,3.772495133325826977e+00
3.702000000000000000e+03,3.772101685671101379e+00
3.703000000000000000e+03,3.680737599416719075e+00
3.704000000000000000e+03,3.842084551674276316e+00
3.705000000000000000e+03,3.417923753576178392e+00
3.706000000000000000e+03,3.308475094527954852e+00
3.707000000000000000e+03,3.683007587953973427e+00
3.708000000000000000e+03,3.616562411450706449e+00
3.709000000000000000e+03,3.603762235159865490e+00
3.710000000000000000e+03,3.514113976594922306e+00
3.711000000000000000e+03,3.952948515748697655e+00
3.712000000000000000e+03,3.403487298167269248e+00
3.713000000000000000e+03,3.961535330491317453e+00
3.714000000000000000e+03,3.638937408739515433e+00
3.715000000000000000e+03,3.778323869706803340e+00
3.716000000000000000e+03,3.694891329751861520e+00
3.717000000000000000e+03,3.773398864665581609e+00
3.718000000000000000e+03,4.091371761516979788e+00
3.719000000000000000e+03,3.609097430767604919e+00
3.720000000000000000e+03,3.527341680486124176e+00
3.721000000000000000e+03,3.578895215832720744e+00
3.722000000000000000e+03,3.710832635108111344e+00
3.723000000000000000e+03,3.829554677972871524e+00
3.724000000000000000e+03,3.650648844736696930e+00
3.725000000000000000e+03,3.741274541493908590e+00
3.726000000000000000e+03,3.488551273471252490e+00
3.727000000000000000e+03,3.477933859546411544e+00
3.728000000000000000e+03,3.384833942929790229e+00
3.729000000000000000e+03,3.645633777556189337e+00
3.730000000000000000e+03,3.676686853605288352e+00
3.731000000000000000e+03,3.817046865614760254e+00
3.732000000000000000e+03,3.884495168679072297e+00
3.733000000000000000e+03,3.618262308631970292e+00
3.734000000000000000e+03,3.454559284234925087e+00
3.735000000000000000e+03,3.662339652833117132e+00
3.736000000000000000e+03,3.836870668501318082e+00
3.737000000000000000e+03,3.590818605419595855e+00
3.738000000000000000e+03,3.704533007675213430e+00
3.739000000000000000e+03,3.781695744041978280e+00
3.740000000000000000e+03,3.580247621940580771e+00
3.741000000000000000e+03,3.616296116206941580e+00
3.742000000000000000e+03,3.417108087368823988e+00
3.743000000000000000e+03,3.406335240072171366e+00
3.744000000000000000e+03,3.742480927416793168e+00
3.745000000000000000e+03,3.357731787788647893e+00
3.746000000000000000e+03,3.297111776997155630e+00
3.747000000000000000e+03,3.302789678756935299e+00
3.748000000000000000e+03,3.438291182120370770e+00
3.749000000000000000e+03,3.628522521010107305e+00
3.750000000000000000e+03,3.810563723815214576e+00
3.751000000000000000e+03,3.610615658213914614e+00
3.752000000000000000e+03,3.600721331086862875e+00
3.753000000000000000e+03,3.987940548027752996e+00
3.754000000000000000e+03,3.508963632115100317e+00
3.755000000000000000e+03,3.562135447457837945e+00
3.756000000000000000e+03,3.735158276617415396e+00
3.757000000000000000e+03,3.453641549510921838e+00
3.758000000000000000e+03,3.448368318467620597e+00
3.759000000000000000e+03,3.703986466765324170e+00
3.760000000000000000e+03,3.841928885384508163e+00
3.761000000000000000e+03,3.561715081808602079e+00
3.762000000000000000e+03,3.334078274998411473e+00
3.763000000000000000e+03,3.797017605662317496e+00
3.764000000000000000e+03,3.424281664728836994e+00
3.765000000000000000e+03,3.858990144715715331e+00
3.766000000000000000e+03,3.599468279591364617e+00
3.767000000000000000e+03,3.478297167279384983e+00
3.768000000000000000e+03,3.687275505269621778e+00
3.769000000000000000e+03,3.832346273590134800e+00
3.770000000000000000e+03,3.371416649180298819e+00
3.771000000000000000e+03,3.667081493900719913e+00
3.772000000000000000e+03,3.763657786783029646e+00
3.773000000000000000e+03,3.686751047397458514e+00
3.774000000000000000e+03,3.791144332058081545e+00
3.775000000000000000e+03,3.712592125693544354e+00
3.776000000000000000e+03,3.453933604367945165e+00
3.777000000000000000e+03,3.494249027315595946e+00
3.778000000000000000e+03,3.698356768930874505e+00
3.779000000000000000e+03,3.782648152494438865e+00
3.780000000000000000e+03,3.693042434005140429e+00
3.781000000000000000e+03,3.763832679971943040e+00
3.782000000000000000e+03,3.593339457985625707e+00
3.783000000000000000e+03,3.631353342556836061e+00
3.784000000000000000e+03,3.728118139371341844e+00
3.785000000000000000e+03,3.550881842022726609e+00
3.786000000000000000e+03,3.863172195716964907e+00
3.787000000000000000e+03,3.717993412308073786e+00
3.788000000000000000e+03,3.723637885253921365e+00
3.789000000000000000e+03,3.427450388982964835e+00
3.790000000000000000e+03,3.978654110354984397e+00
3.791000000000000000e+03,3.488048141381889344e+00
3.792000000000000000e+03,3.965762396449591609e+00
3.793000000000000000e+03,3.530558887322775785e+00
3.794000000000000000e+03,3.768221276173310041e+00
3.795000000000000000e+03,3.573334174509059658e+00
3.796000000000000000e+03,3.398144829068316053e+00
3.797000000000000000e+03,3.513767596635801294e+00
3.798000000000000000e+03,3.503396056256100621e+00
3.799000000000000000e+03,3.683135316262120096e+00
3.800000000000000000e+03,3.755461171946235854e+00
3.801000000000000000e+03,3.247066217894885476e+00
3.802000000000000000e+03,3.448231273129775065e+00
3.803000000000000000e+03,3.538737635493982570e+00
3.804000000000000000e+03,3.660927169614028642e+00
3.805000000000000000e+03,3.597607894692084418e+00
3.806000000000000000e+03,3.766357546873816631e+00
3.807000000000000000e+03,3.508643524225891319e+00
3.808000000000000000e+03,3.406367852561000831e+00
3.809000000000000000e+03,3.775776655368027868e+00
3.810000000000000000e+03,3.358471233756438856e+00
3.811000000000000000e+03,3.732260248651180667e+00
3.812000000000000000e+03,3.671643014737497435e+00
3.813000000000000000e+03,3.509393096179791005e+00
3.814000000000000000e+03,3.457383499696748519e+00
3.815000000000000000e+03,3.496648997384157909e+00
3.816000000000000000e+03,3.599406611875497042e+00
3.817000000000000000e+03,3.582572704605090586e+00
3.818000000000000000e+03,3.503896402752458172e+00
3.819000000000000000e+03,3.615081305144244084e+00
3.820000000000000000e+03,3.324094118037761447e+00
3.821000000000000000e+03,3.513697037103547416e+00
3.822000000000000000e+03,3.564584573471888618e+00
3.823000000000000000e+03,3.755569715395503216e+00
3.824000000000000000e+03,3.644324953880945461e+00
3.825000000000000000e+03,3.770204506121969779e+00
3.826000000000000000e+03,3.784485293181241605e+00
3.827000000000000000e+03,3.613246450151248013e+00
3.828000000000000000e+03,3.631514988000076105e+00
3.829000000000000000e+03,3.789786744585163625e+00
3.830000000000000000e+03,3.749466840358218089e+00
3.831000000000000000e+03,3.710332502128373733e+00
3.832000000000000000e+03,3.712602230802476200e+00
3.833000000000000000e+03,3.820838287181761217e+00
3.834000000000000000e+03,3.517862841391889983e+00
3.835000000000000000e+03,3.638121027116703932e+00
3.836000000000000000e+03,3.398597213614522605e+00
3.837000000000000000e+03,3.514960141693431961e+00
3.838000000000000000e+03,3.610876211359708599e+00
3.839000000000000000e+03,3.557690723313087222e+00
3.840000000000000000e+03,3.756553498063747831e+00
3.841000000000000000e+03,3.593253445823730186e+00
3.842000000000000000e+03,3.855028103428728592e+00
3.843000000000000000e+03,3.550303506491334637e+00
3.844000000000000000e+03,3.623757184257436759e+00
3.845000000000000000e+03,3.560203563220265544e+00
3.846000000000000000e+03,3.936861498985266827e+00
3.847000000000000000e+03,3.482705741063009341e+00
3.848000000000000000e+03,3.590850740541574382e+00
3.849000000000000000e+03,3.919726595535471869e+00
3.850000000000000000e+03,3.418339139902148549e+00
3.851000000000000000e+03,3.909244994564463838e+00
3.852000000000000000e+03,3.387829622109019834e+00
3.853000000000000000e+03,3.604336805753241890e+00
3.854000000000000000e+03,3.718513167413647125e+00
3.855000000000000000e+03,3.458828549869934488e+00
3.856000000000000000e+03,3.459986435427304663e+00
3.857000000000000000e+03,3.621348034576865604e+00
3.858000000000000000e+03,3.346029017603227462e+00
3.859000000000000000e+03,3.818143565700099273e+00
3.860000000000000000e+03,3.869504566719270233e+00
3.861000000000000000e+03,3.730199273229705792e+00
3.862000000000000000e+03,3.800867618787960200e+00
3.863000000000000000e+03,3.694895500838916824e+00
3.864000000000000000e+03,3.291132974075913431e+00
3.865000000000000000e+03,3.603180853747274703e+00
3.866000000000000000e+03,3.920421177921466160e+00
3.867000000000000000e+03,3.535683958635562618e+00
3.868000000000000000e+03,3.418050604574800921e+00
3.869000000000000000e+03,3.756103278257158617e+00
3.870000000000000000e+03,3.487878714511015499e+00
3.871000000000000000e+03,3.666876481103500840e+00
3.872000000000000000e+03,3.952559083608338852e+00
3.873000000000000000e+03,3.820957126842541296e+00
3.874000000000000000e+03,3.456503902298083908e+00
3.875000000000000000e+03,3.566274384836389366e+00
3.876000000000000000e+03,3.693239081402555080e+00
3.877000000000000000e+03,3.479085623337852429e+00
3.878000000000000000e+03,3.518014932116095839e+00
3.879000000000000000e+03,3.309217255559697701e+00
3.880000000000000000e+03,3.825151284956661790e+00
3.881000000000000000e+03,3.564038666277075773e+00
3.882000000000000000e+03,3.535140008765179420e+00
3.883000000000000000e+03,3.628144801387620078e+00
3.884000000000000000e+03,3.802957001303723938e+00
3.885000000000000000e+03,3.818713486556046810e+00
3.886000000000000000e+03,3.474423723090011684e+00
3.887000000000000000e+03,3.745754688229897322e+00
3.888000000000000000e+03,3.571911161450544547e+00
3.889000000000000000e+03,3.469245127345702340e+00
3.890000000000000000e+03,4.131333635337110621e+00
3.891000000000000000e+03,3.614786096345099065e+00
3.892000000000000000e+03,3.488364685209278004e+00
3.893000000000000000e+03,3.645450474537315078e+00
3.894000000000000000e+03,3.489285806839861781e+00
3.895000000000000000e+03,3.768750323283994952e+00
3.896000000000000000e+03,3.075176647260149387e+00
3.897000000000000000e+03,3.379812291757619658e+00
3.898000000000000000e+03,3.504960505222276090e+00
3.899000000000000000e+03,3.440184967704253971e+00
3.900000000000000000e+03,3.685855309957920323e+00
3.901000000000000000e+03,3.721843416257914150e+00
3.902000000000000000e+03,3.792241989791030221e+00
3.903000000000000000e+03,3.588424991413623477e+00
3.904000000000000000e+03,3.629659450489649775e+00
3.905000000000000000e+03,3.582051287446516685e+00
3.906000000000000000e+03,3.897079953245487616e+00
3.907000000000000000e+03,3.819438776959577897e+00
3.908000000000000000e+03,3.543127469976728783e+00
3.909000000000000000e+03,3.409086739206473204e+00
3.910000000000000000e+03,3.719718309102552301e+00
3.911000000000000000e+03,3.602601316306062618e+00
3.912000000000000000e+03,3.565005284724408696e+00
3.913000000000000000e+03,3.608796638717502336e+00
3.914000000000000000e+03,3.205051825103217844e+00
3.915000000000000000e+03,3.497902038377998846e+00
3.916000000000000000e+03,3.520385856188659179e+00
3.917000000000000000e+03,3.466259646125165794e+00
3.918000000000000000e+03,3.595259203839108242e+00
3.919000000000000000e+03,3.269742274932637027e+00
3.920000000000000000e+03,3.315109405594641068e+00
3.921000000000000000e+03,3.951485976682866941e+00
3.922000000000000000e+03,3.456125263284775428e+00
3.923000000000000000e+03,3.756890649408995309e+00
3.924000000000000000e+03,3.794229825265209133e+00
3.925000000000000000e+03,3.789368625542949953e+00
3.926000000000000000e+03,3.728520280185926516e+00
3.927000000000000000e+03,3.598328051352887691e+00
3.928000000000000000e+03,3.706524629882605115e+00
3.929000000000000000e+03,3.246140314875238353e+00
3.930000000000000000e+03,3.303434363739685686e+00
3.931000000000000000e+03,3.200019707449389461e+00
3.932000000000000000e+03,3.694404119335594761e+00
3.933000000000000000e+03,3.598746356523311096e+00
3.934000000000000000e+03,3.541934086136354409e+00
3.935000000000000000e+03,3.485533664518259744e+00
3.936000000000000000e+03,3.591102376203111124e+00
3.937000000000000000e+03,3.512438379741451566e+00
3.938000000000000000e+03,3.487443105829396650e+00
3.939000000000000000e+03,3.504391816834581785e+00
3.940000000000000000e+03,3.801311485650506583e+00
3.941000000000000000e+03,3.628780671066249575e+00
3.942000000000000000e+03,3.706871010836170210e+00
3.943000000000000000e+03,3.537056547867517775e+00
3.944000000000000000e+03,3.816615150518063437e+00
3.945000000000000000e+03,3.518156567105635180e+00
3.946000000000000000e+03,3.216743863348439536e+00
3.947000000000000000e+03,3.664218842612646299e+00
3.948000000000000000e+03,3.540854381216323343e+00
3.949000000000000000e+03,3.339873385079313195e+00
3.950000000000000000e+03,3.678422044168303984e+00
3.951000000000000000e+03,3.379092447857507509e+00
3.952000000000000000e+03,3.670264047591835777e+00
3.953000000000000000e+03,3.646371143368235312e+00
3.954000000000000000e+03,3.565199174783615810e+00
3.955000000000000000e+03,3.814795021102207695e+00
3.956000000000000000e+03,3.469789657476155753e+00
3.957000000000000000e+03,3.604496539825631007e+00
3.958000000000000000e+03,3.409760047306955144e+00
3.959000000000000000e+03,3.801905364702422130e+00
3.960000000000000000e+03,3.783680731242256012e+00
3.961000000000000000e+03,3.798950734853732580e+00
3.962000000000000000e+03,3.630543460849635196e+00
3.963000000000000000e+03,3.403489401263111169e+00
3.964000000000000000e+03,3.437637830486394375e+00
3.965000000000000000e+03,3.499054740675315855e+00
3.966000000000000000e+03,3.490436728660482046e+00
3.967000000000000000e+03,3.506741288878540530e+00
3.968000000000000000e+03,3.657243586364228527e+00
3.969000000000000000e+03,3.574944491388515555e+00
3.970000000000000000e+03,3.458115145341944974e+00
3.971000000000000000e+03,3.570777727979699279e+00
3.972000000000000000e+03,3.334444538725718665e+00
3.973000000000000000e+03,3.521183126486238546e+00
3.974000000000000000e+03,3.879969772954421803e+00
3.975000000000000000e+03,3.559463667630533124e+00
3.976000000000000000e+03,3.828825833276374269e+00
3.977000000000000000e+03,3.265348199448695254e+00
3.978000000000000000e+03,3.463811824408912887e+00
3.979000000000000000e+03,3.733200971956413206e+00
3.980000000000000000e+03,3.277729478043010403e+00
3.981000000000000000e+03,3.459145769881624588e+00
3.982000000000000000e+03,3.565127093394856672e+00
3.983000000000000000e+03,3.584502548883622186e+00
3.984000000000000000e+03,3.590315133238690226e+00
3.985000000000000000e+03,3.857771137331565736e+00
3.986000000000000000e+03,3.720628273804203356e+00
3.987000000000000000e+03,3.220921670317697938e+00
3.988000000000000000e+03,3.565274678256641572e+00
3.989000000000000000e+03,3.733316355330865477e+00
3.990000000000000000e+03,3.706392533640842757e+00
3.991000000000000000e+03,3.489062859840231123e+00
3.992000000000000000e+03,3.470136255330111830e+00
3.993000000000000000e+03,3.773574414203558103e+00
3.994000000000000000e+03,3.550828314972404254e+00
3.995000000000000000e+03,3.810557162049100555e+00
3.996000000000000000e+03,3.416726557946201837e+00
3.997000000000000000e+03,3.764940830034718910e+00
3.998000000000000000e+03,3.323475747437285133e+00
3.999000000000000000e+03,3.499227777927671035e+00
4.000000000000000000e+03,3.353373966338630829e+00
4.001000000000000000e+03,3.837700329519262876e+00
4.002000000000000000e+03,3.328643685381457828e+00
4.003000000000000000e+03,3.647696420775078163e+00
4.004000000000000000e+03,3.765508296954651613e+00
4.005000000000000000e+03,3.473772343340733482e+00
4.006000000000000000e+03,4.220897234859011249e+00
4.007000000000000000e+03,3.082786025177325584e+00
4.008000000000000000e+03,3.617549739979974976e+00
4.009000000000000000e+03,3.717814584135554323e+00
4.010000000000000000e+03,3.908863269640360460e+00
4.011000000000000000e+03,3.690959182930195315e+00
4.012000000000000000e+03,3.604603381965845177e+00
4.013000000000000000e+03,3.420469254306810925e+00
4.014000000000000000e+03,4.157569308895580740e+00
4.015000000000000000e+03,3.871371932355020196e+00
4.016000000000000000e+03,3.655771857649038115e+00
4.017000000000000000e+03,3.619322675011275692e+00
4.018000000000000000e+03,3.411459979593522984e+00
4.019000000000000000e+03,3.892059642266478381e+00
4.020000000000000000e+03,3.757593999783731320e+00
4.021000000000000000e+03,3.540650497363696747e+00
4.022000000000000000e+03,3.559293131457938131e+00
4.023000000000000000e+03,3.775180856710056876e+00
4.024000000000000000e+03,3.581748512982449117e+00
4.025000000000000000e+03,3.561328912287950121e+00
4.026000000000000000e+03,3.590498351356118167e+00
4.027000000000000000e+03,3.793979716201450803e+00
4.028000000000000000e+03,3.399839905259121942e+00
4.029000000000000000e+03,3.648060984222790015e+00
4.030000000000000000e+03,3.536240730345185934e+00
4.031000000000000000e+03,3.658336955517078160e+00
4.032000000000000000e+03,3.778195315592869363e+00
4.033000000000000000e+03,3.463972447650738751e+00
4.034000000000000000e+03,3.467563867578652204e+00
4.035000000000000000e+03,3.740754929735418788e+00
4.036000000000000000e+03,3.698917242470583400e+00
4.037000000000000000e+03,3.781980570517440299e+00
4.038000000000000000e+03,3.557152474990861624e+00
4.039000000000000000e+03,3.844465567204446543e+00
4.040000000000000000e+03,3.602120246291904859e+00
4.041000000000000000e+03,3.692697097834741982e+00
4.042000000000000000e+03,3.843076443160561961e+00
4.043000000000000000e+03,3.438064950266670916e+00
4.044000000000000000e+03,3.799420161148510111e+00
4.045000000000000000e+03,3.677427914251317986e+00
4.046000000000000000e+03,3.281866680895483501e+00
4.047000000000000000e+03,3.706254539901526979e+00
4.048000000000000000e+03,3.299303648293046898e+00
4.049000000000000000e+03,3.575396744995800180e+00
4.050000000000000000e+03,3.557875136330797883e+00
4.051000000000000000e+03,3.919112116506871413e+00
4.052000000000000000e+03,3.683681546898407877e+00
4.053000000000000000e+03,3.416256143997415062e+00
4.054000000000000000e+03,3.627974016364036380e+00
4.055000000000000000e+03,3.291788955141702555e+00
4.056000000000000000e+03,3.554144386491509877e+00
4.057000000000000000e+03,3.419037718693280326e+00
4.058000000000000000e+03,3.770214646502283884e+00
4.059000000000000000e+03,3.694936494042390329e+00
4.060000000000000000e+03,3.770269714004051309e+00
4.061000000000000000e+03,3.566556411168415153e+00
4.062000000000000000e+03,3.439791601050539605e+00
4.063000000000000000e+03,3.428640026910794614e+00
4.064000000000000000e+03,3.548254258342236955e+00
4.065000000000000000e+03,3.771899269544987554e+00
4.066000000000000000e+03,3.903039828116388943e+00
4.067000000000000000e+03,3.832844142585331682e+00
4.068000000000000000e+03,3.880683084616636247e+00
4.069000000000000000e+03,3.677918923381402472e+00
4.070000000000000000e+03,3.524777794018900234e+00
4.071000000000000000e+03,3.836907306624198100e+00
4.072000000000000000e+03,3.543319787456995051e+00
4.073000000000000000e+03,3.531042866340732278e+00
4.074000000000000000e+03,3.438443680856944074e+00
4.075000000000000000e+03,3.768582366846048526e+00
4.076000000000000000e+03,3.416165310974603742e+00
4.077000000000000000e+03,3.514896181766594463e+00
4.078000000000000000e+03,3.238937299086037225e+00
4.079000000000000000e+03,3.448593759688470595e+00
4.080000000000000000e+03,3.922770452561615606e+00
4.081000000000000000e+03,3.683855476855532274e+00
4.082000000000000000e+03,3.519583263827317676e+00
4.083000000000000000e+03,3.648396901517218183e+00
4.084000000000000000e+03,3.400085376664331971e+00
4.085000000000000000e+03,3.700393713044432431e+00
4.086000000000000000e+03,3.562497857476385921e+00
4.087000000000000000e+03,3.665213056227128341e+00
4.088000000000000000e+03,3.673241317375647963e+00
4.089000000000000000e+03,3.797471149047368044e+00
4.090000000000000000e+03,3.944939309894643920e+00
4.091000000000000000e+03,3.663440291704712415e+00
4.092000000000000000e+03,3.427046158521222630e+00
4.093000000000000000e+03,3.420458099584285705e+00
4.094000000000000000e+03,3.563905288653935521e+00
4.095000000000000000e+03,3.360164407951000243e+00
4.096000000000000000e+03,3.581706310437346108e+00
4.097000000000000000e+03,3.596518724873150052e+00
4.098000000000000000e+03,3.543754883935457123e+00
4.099000000000000000e+03,3.590780497588586861e+00
4.100000000000000000e+03,3.695304853075921603e+00
4.101000000000000000e+03,3.605109892784129855e+00
4.102000000000000000e+03,3.718876750979730694e+00
4.103000000000000000e+03,3.590348575052711766e+00
4.104000000000000000e+03,3.831751022831983988e+00
4.105000000000000000e+03,3.676905363175558161e+00
4.106000000000000000e+03,3.259319095568496749e+00
4.107000000000000000e+03,3.998988428320698230e+00
4.108000000000000000e+03,3.472835086887097855e+00
4.109000000000000000e+03,3.206329036463949844e+00
4.110000000000000000e+03,3.905241789488271387e+00
4.111000000000000000e+03,3.505851082937815555e+00
4.112000000000000000e+03,3.498042610368620409e+00
4.113000000000000000e+03,3.379182176398809911e+00
4.114000000000000000e+03,3.582918536219591665e+00
4.115000000000000000e+03,3.600306610730590773e+00
4.116000000000000000e+03,3.613787038241135896e+00
4.117000000000000000e+03,3.467024553708491830e+00
4.118000000000000000e+03,3.430126594756143454e+00
4.119000000000000000e+03,3.734091496880906469e+00
4.120000000000000000e+03,3.517942470118542442e+00
4.121000000000000000e+03,3.735341734820490256e+00
4.122000000000000000e+03,3.220386734933994966e+00
4.123000000000000000e+03,3.542513672911904887e+00
4.124000000000000000e+03,3.711167049976980437e+00
4.125000000000000000e+03,3.784544511943976453e+00
4.126000000000000000e+03,3.561583877063398518e+00
4.127000000000000000e+03,3.699638525397163757e+00
4.128000000000000000e+03,3.472053478460293441e+00
4.129000000000000000e+03,3.971611054655525663e+00
4.130000000000000000e+03,3.754113507933461324e+00
4.131000000000000000e+03,3.987372249818883940e+00
4.132000000000000000e+03,3.550080421816371956e+00
4.133000000000000000e+03,3.329998007893704592e+00
4.134000000000000000e+03,3.883538192503767306e+00
4.135000000000000000e+03,3.797427634426077780e+00
4.136000000000000000e+03,3.449907671287226307e+00
4.137000000000000000e+03,3.523871079349216284e+00
4.138000000000000000e+03,3.455452813041704374e+00
4.139000000000000000e+03,3.719910255620030970e+00
4.140000000000000000e+03,3.272424820406452994e+00
4.141000000000000000e+03,3.752361306888108761e+00
4.142000000000000000e+03,4.033454771471903122e+00
4.143000000000000000e+03,3.537812281938648606e+00
4.144000000000000000e+03,3.532166779684252411e+00
4.145000000000000000e+03,3.746951360085842619e+00
4.146000000000000000e+03,3.316712159196966603e+00
4.147000000000000000e+03,3.921462393581687689e+00
4.148000000000000000e+03,3.557172024163935742e+00
4.149000000000000000e+03,3.606861791419802010e+00
4.150000000000000000e+03,3.786916928167795238e+00
4.151000000000000000e+03,3.622081121089596234e+00
4.152000000000000000e+03,4.139295462252725599e+00
4.153000000000000000e+03,3.696214580166222508e+00
4.154000000000000000e+03,3.675846546257036884e+00
4.155000000000000000e+03,3.704328452005360095e+00
4.156000000000000000e+03,3.342721538805628612e+00
4.157000000000000000e+03,3.775741639278021644e+00
4.158000000000000000e+03,3.498986781744045871e+00
4.159000000000000000e+03,3.653713208596476303e+00
4.160000000000000000e+03,3.946342316504297454e+00
4.161000000000000000e+03,3.337219867892215142e+00
4.162000000000000000e+03,3.403117659791165206e+00
4.163000000000000000e+03,3.311721935636289693e+00
4.164000000000000000e+03,3.620339148342356594e+00
4.165000000000000000e+03,3.732629236184560551e+00
4.166000000000000000e+03,3.553161166882243371e+00
4.167000000000000000e+03,3.932222728652759791e+00
4.168000000000000000e+03,3.568730149708336796e+00
4.169000000000000000e+03,3.655875773657012662e+00
4.170000000000000000e+03,3.771299875692962100e+00
4.171000000000000000e+03,3.321837933873468263e+00
4.172000000000000000e+03,3.736485027066943410e+00
4.173000000000000000e+03,3.627292662529316036e+00
4.174000000000000000e+03,3.549619097829074921e+00
4.175000000000000000e+03,3.782807831153605971e+00
4.176000000000000000e+03,3.741488439931565768e+00
4.177000000000000000e+03,3.926811208196448355e+00
4.178000000000000000e+03,3.414393526362726305e+00
4.179000000000000000e+03,3.701312926250454272e+00
4.180000000000000000e+03,3.523159305220351811e+00
4.181000000000000000e+03,3.622675130200609495e+00
4.182000000000000000e+03,3.991263476202024041e+00
4.183000000000000000e+03,3.558070010577755848e+00
4.184000000000000000e+03,3.445115501119441426e+00
4.185000000000000000e+03,3.580107169241556697e+00
4.186000000000000000e+03,3.585658151574600438e+00
4.187000000000000000e+03,3.493158436000050493e+00
4.188000000000000000e+03,3.766413848460621328e+00
4.189000000000000000e+03,3.827584430989825925e+00
4.190000000000000000e+03,3.598464037644709013e+00
4.191000000000000000e+03,3.510288575462392036e+00
4.192000000000000000e+03,3.515449154156128575e+00
4.193000000000000000e+03,3.781483540656881637e+00
4.194000000000000000e+03,3.557006353177950775e+00
4.195000000000000000e+03,3.925134150198656968e+00
4.196000000000000000e+03,3.683600461674669369e+00
4.197000000000000000e+03,3.622401058817907860e+00
4.198000000000000000e+03,3.759076529456321758e+00
4.199000000000000000e+03,3.143227319132419151e+00
4.200000000000000000e+03,3.713493507871764354e+00
4.201000000000000000e+03,3.647159177395188134e+00
4.202000000000000000e+03,3.798507721448090901e+00
4.203000000000000000e+03,3.645873218280077932e+00
4.204000000000000000e+03,3.394662446750148721e+00
4.205000000000000000e+03,3.387703891164722592e+00
4.206000000000000000e+03,3.661824624063398037e+00
4.207000000000000000e+03,3.492591607172626400e+00
4.208000000000000000e+03,3.572384431989419351e+00
4.209000000000000000e+03,3.576750449711066704e+00
4.210000000000000000e+03,3.564089467187406157e+00
4.211000000000000000e+03,3.549810149241763746e+00
4.212000000000000000e+03,3.775792591633956530e+00
4.213000000000000000e+03,3.425816306960876467e+00
4.214000000000000000e+03,3.722292597577444351e+00
4.215000000000000000e+03,3.311757450877121478e+00
4.216000000000000000e+03,3.648887855491205201e+00
4.217000000000000000e+03,3.672633024289706505e+00
4.218000000000000000e+03,3.234650344397252741e+00
4.219000000000000000e+03,3.570410313937803615e+00
4.220000000000000000e+03,3.501102390038765666e+00
4.221000000000000000e+03,3.590752179435532376e+00
4.222000000000000000e+03,3.740061276769990783e+00
4.223000000000000000e+03,3.603742531806637839e+00
4.224000000000000000e+03,3.594704390426800344e+00
4.225000000000000000e+03,3.821781776339048697e+00
4.226000000000000000e+03,3.907934798586375269e+00
4.227000000000000000e+03,3.450150743436938505e+00
4.228000000000000000e+03,3.608013772822238341e+00
4.229000000000000000e+03,3.695731253218077939e+00
4.230000000000000000e+03,3.538477801050895710e+00
4.231000000000000000e+03,3.586118153931864505e+00
4.232000000000000000e+03,3.473955007182373489e+00
4.233000000000000000e+03,3.351730464185102676e+00
4.234000000000000000e+03,3.936870955001776640e+00
4.235000000000000000e+03,3.869952409857880138e+00
4.236000000000000000e+03,3.481687936015731122e+00
4.237000000000000000e+03,3.895029505125087610e+00
4.238000000000000000e+03,3.547609264165371368e+00
4.239000000000000000e+03,3.700942143478942903e+00
4.240000000000000000e+03,3.567587079538824479e+00
4.241000000000000000e+03,3.255262128346518402e+00
4.242000000000000000e+03,3.931764602066664782e+00
4.243000000000000000e+03,3.921291862210303236e+00
4.244000000000000000e+03,3.454116513984212489e+00
4.245000000000000000e+03,3.743728967151664033e+00
4.246000000000000000e+03,3.305362490798464226e+00
4.247000000000000000e+03,3.719980385256074662e+00
4.248000000000000000e+03,3.233518397950111201e+00
4.249000000000000000e+03,3.705787128407827868e+00
4.250000000000000000e+03,3.506980567002147886e+00
4.251000000000000000e+03,3.599453615465274758e+00
4.252000000000000000e+03,3.750769822714227875e+00
4.253000000000000000e+03,3.657971463499082088e+00
4.254000000000000000e+03,3.631565977783969501e+00
4.255000000000000000e+03,3.783367767389570258e+00
4.256000000000000000e+03,3.446108301000121443e+00
4.257000000000000000e+03,3.959843604629594616e+00
4.258000000000000000e+03,3.777673116434254741e+00
4.259000000000000000e+03,4.030194828611089797e+00
4.260000000000000000e+03,3.639690990017286243e+00
4.261000000000000000e+03,3.523446922674773774e+00
4.262000000000000000e+03,3.838637847791592339e+00
4.263000000000000000e+03,3.571484448985473570e+00
4.264000000000000000e+03,3.542370813444382538e+00
4.265000000000000000e+03,3.780318303299758931e+00
4.266000000000000000e+03,3.529147350088920998e+00
4.267000000000000000e+03,3.263938679832790513e+00
4.268000000000000000e+03,3.167729348992752048e+00
4.269000000000000000e+03,3.939786215264382552e+00
4.270000000000000000e+03,3.417707499638770408e+00
4.271000000000000000e+03,3.826271666314588593e+00
4.272000000000000000e+03,3.733785042188841885e+00
4.273000000000000000e+03,3.623906615981271617e+00
4.274000000000000000e+03,3.982034758008841546e+00
4.275000000000000000e+03,3.860119119955567335e+00
4.276000000000000000e+03,3.334028544500127644e+00
4.277000000000000000e+03,3.624485880586263420e+00
4.278000000000000000e+03,3.431716709742864246e+00
4.279000000000000000e+03,3.522777314284269323e+00
4.280000000000000000e+03,3.601359857025806299e+00
4.281000000000000000e+03,3.568412274210420509e+00
4.282000000000000000e+03,3.309045478431454246e+00
4.283000000000000000e+03,3.350575261482691136e+00
4.284000000000000000e+03,3.489036753863861140e+00
4.285000000000000000e+03,3.674424602600636192e+00
4.286000000000000000e+03,3.553281693988835865e+00
4.287000000000000000e+03,3.502136128786478952e+00
4.288000000000000000e+03,4.044025437195386985e+00
4.289000000000000000e+03,3.352078984373279447e+00
4.290000000000000000e+03,3.673152724973768990e+00
4.291000000000000000e+03,3.517165101305089081e+00
4.292000000000000000e+03,3.339578179868649688e+00
4.293000000000000000e+03,4.083439781299668780e+00
4.294000000000000000e+03,3.753740393112988016e+00
4.295000000000000000e+03,3.755611739662604531e+00
4.296000000000000000e+03,3.367576140222057646e+00
4.297000000000000000e+03,3.847349774215217622e+00
4.298000000000000000e+03,3.634811776397965932e+00
4.299000000000000000e+03,3.409640707065087373e+00
4.300000000000000000e+03,3.679046902776002437e+00
4.301000000000000000e+03,3.596047855117064707e+00
4.302000000000000000e+03,3.789350933713810488e+00
4.303000000000000000e+03,3.410936033334092343e+00
4.304000000000000000e+03,3.732596514984677594e+00
4.305000000000000000e+03,3.647172483464001580e+00
4.306000000000000000e+03,3.632368157992593716e+00
4.307000000000000000e+03,3.640774817072357727e+00
4.308000000000000000e+03,3.762690048959186573e+00
4.309000000000000000e+03,3.614679193597255313e+00
4.310000000000000000e+03,3.514803019500209569e+00
4.311000000000000000e+03,4.173612185561033527e+00
4.312000000000000000e+03,3.807326671608771917e+00
4.313000000000000000e+03,3.864792216983795381e+00
4.314000000000000000e+03,3.745968876892226351e+00
4.315000000000000000e+03,3.849060589823343204e+00
4.316000000000000000e+03,3.676617623444123684e+00
4.317000000000000000e+03,3.366587075286529007e+00
4.318000000000000000e+03,3.905788636851569962e+00
4.319000000000000000e+03,3.620775641586692739e+00
4.320000000000000000e+03,3.403655579937566955e+00
4.321000000000000000e+03,3.851937174013568832e+00
4.322000000000000000e+03,3.486881413184343526e+00
4.323000000000000000e+03,3.768114816231768582e+00
4.324000000000000000e+03,3.654898566027998896e+00
4.325000000000000000e+03,3.207536993772769573e+00
4.326000000000000000e+03,3.672557458651320772e+00
4.327000000000000000e+03,4.012001924190288449e+00
4.328000000000000000e+03,3.479989473791775811e+00
4.329000000000000000e+03,3.717585655268384581e+00
4.330000000000000000e+03,3.921968628739741280e+00
4.331000000000000000e+03,3.869464993038473466e+00
4.332000000000000000e+03,3.753670809527448249e+00
4.333000000000000000e+03,3.745699132140761556e+00
4.334000000000000000e+03,3.834566300406863082e+00
4.335000000000000000e+03,3.618914272545350919e+00
4.336000000000000000e+03,3.369980018019835821e+00
4.337000000000000000e+03,3.720225946646940951e+00
4.338000000000000000e+03,3.750389014112177399e+00
4.339000000000000000e+03,3.506351756302538814e+00
4.340000000000000000e+03,3.670276671904174837e+00
4.341000000000000000e+03,3.688556015929731036e+00
4.342000000000000000e+03,3.542032352552488828e+00
4.343000000000000000e+03,3.399988140730420216e+00
4.344000000000000000e+03,3.515031237175953560e+00
4.345000000000000000e+03,3.446146269124291894e+00
4.346000000000000000e+03,3.623572452270613642e+00
4.347000000000000000e+03,3.689420126226433005e+00
4.348000000000000000e+03,4.115788936276334908e+00
4.349000000000000000e+03,3.698250334539392892e+00
4.350000000000000000e+03,3.702041078270813745e+00
4.351000000000000000e+03,3.781289946762501408e+00
4.352000000000000000e+03,3.803128176794011051e+00
4.353000000000000000e+03,3.850138434506598095e+00
4.354000000000000000e+03,3.732415660990937134e+00
4.355000000000000000e+03,3.794094201564973456e+00
4.356000000000000000e+03,3.496620943976865625e+00
4.357000000000000000e+03,3.923300582368249412e+00
4.358000000000000000e+03,3.539341553685051878e+00
4.359000000000000000e+03,3.534421272451138130e+00
4.360000000000000000e+03,4.066496167838498543e+00
4.361000000000000000e+03,3.612296507971541892e+00
4.362000000000000000e+03,3.838316251003573765e+00
4.363000000000000000e+03,3.892835803752834334e+00
4.364000000000000000e+03,3.750118043522514544e+00
4.365000000000000000e+03,3.690844658679908630e+00
4.366000000000000000e+03,3.725592684149654943e+00
4.367000000000000000e+03,3.512745967896900634e+00
4.368000000000000000e+03,3.811727614428124689e+00
4.369000000000000000e+03,3.975834118641522252e+00
4.370000000000000000e+03,3.225958017278330203e+00
4.371000000000000000e+03,3.573970361918540561e+00
4.372000000000000000e+03,3.317980289530055860e+00
4.373000000000000000e+03,3.774095527447767662e+00
4.374000000000000000e+03,3.666106896774040891e+00
4.375000000000000000e+03,3.586015501406365491e+00
4.376000000000000000e+03,3.747787812508896810e+00
4.377000000000000000e+03,3.969237440345774637e+00
4.378000000000000000e+03,3.658976515449848588e+00
4.379000000000000000e+03,3.779941019582260253e+00
4.380000000000000000e+03,4.162856641378962053e+00
4.381000000000000000e+03,3.503845876853801222e+00
4.382000000000000000e+03,3.804886786747492256e+00
4.383000000000000000e+03,3.981398566620057533e+00
4.384000000000000000e+03,3.836930929892416131e+00
4.385000000000000000e+03,3.746968455020897260e+00
4.386000000000000000e+03,3.674652513199231141e+00
4.387000000000000000e+03,3.726361620277274245e+00
4.388000000000000000e+03,3.787725134876638311e+00
4.389000000000000000e+03,3.843617930222809953e+00
4.390000000000000000e+03,3.668108122650492131e+00
4.391000000000000000e+03,3.503569572047234182e+00
4.392000000000000000e+03,3.613170601795505199e+00
4.393000000000000000e+03,3.408278795976068309e+00
4.394000000000000000e+03,3.575232056877587716e+00
4.395000000000000000e+03,3.860219126196266171e+00
4.396000000000000000e+03,3.652750024212033875e+00
4.397000000000000000e+03,3.777021285566357189e+00
4.398000000000000000e+03,3.619867708167055387e+00
4.399000000000000000e+03,3.465202350383417063e+00
4.400000000000000000e+03,3.395710969297826676e+00
4.401000000000000000e+03,3.742287299404272183e+00
4.402000000000000000e+03,3.390802947935024569e+00
4.403000000000000000e+03,3.687018481206538745e+00
4.404000000000000000e+03,3.587301167422621617e+00
4.405000000000000000e+03,3.659049886889922831e+00
4.406000000000000000e+03,3.779069117457530602e+00
4.407000000000000000e+03,3.390441126144308370e+00
4.408000000000000000e+03,3.484243149472377787e+00
4.409000000000000000e+03,3.412659760137225273e+00
4.410000000000000000e+03,3.495281375657396161e+00
4.411000000000000000e+03,3.658615235779425046e+00
4.412000000000000000e+03,3.659215194770000235e+00
4.413000000000000000e+03,3.988207884389876501e+00
4.414000000000000000e+03,3.817096429406646063e+00
4.415000000000000000e+03,3.591322250749088507e+00
4.416000000000000000e+03,3.750976683531839218e+00
4.417000000000000000e+03,3.773659252486388116e+00
4.418000000000000000e+03,3.893225320008968815e+00
4.419000000000000000e+03,3.619880117746974157e+00
4.420000000000000000e+03,3.416395957735791189e+00
4.421000000000000000e+03,3.822005858716571058e+00
4.422000000000000000e+03,3.589147643138613564e+00
4.423000000000000000e+03,3.665421135958532695e+00
4.424000000000000000e+03,3.496538689211044382e+00
4.425000000000000000e+03,3.409092066623597095e+00
4.426000000000000000e+03,3.632950801775194805e+00
4.427000000000000000e+03,3.577992379045865867e+00
4.428000000000000000e+03,3.619181450443355708e+00
4.429000000000000000e+03,3.677853783693431300e+00
4.430000000000000000e+03,3.358086579039836206e+00
4.431000000000000000e+03,4.001332563065294501e+00
4.432000000000000000e+03,3.586680497218948549e+00
4.433000000000000000e+03,3.799194542147883880e+00
4.434000000000000000e+03,3.529190500785662987e+00
4.435000000000000000e+03,3.986145452627682939e+00
4.436000000000000000e+03,3.660429334434116111e+00
4.437000000000000000e+03,3.592723174454234503e+00
4.438000000000000000e+03,3.431111217829240001e+00
4.439000000000000000e+03,3.877073520804184437e+00
4.440000000000000000e+03,3.556526304923011139e+00
4.441000000000000000e+03,3.639158466522623314e+00
4.442000000000000000e+03,3.435390947338726519e+00
4.443000000000000000e+03,3.715075297231077656e+00
4.444000000000000000e+03,3.766308433259622834e+00
4.445000000000000000e+03,3.510355402444337525e+00
4.446000000000000000e+03,3.458334136453407481e+00
4.447000000000000000e+03,3.151636005768010396e+00
4.448000000000000000e+03,3.811519738384392397e+00
4.449000000000000000e+03,3.787931946875341627e+00
4.450000000000000000e+03,3.837485850858141312e+00
4.451000000000000000e+03,3.767441507584050164e+00
4.452000000000000000e+03,3.790119727414827722e+00
4.453000000000000000e+03,3.652938977592972147e+00
4.454000000000000000e+03,3.484361284501222400e+00
4.455000000000000000e+03,3.706618677273874063e+00
4.456000000000000000e+03,3.591692597109601426e+00
4.457000000000000000e+03,3.668380882063588810e+00
4.458000000000000000e+03,3.598099869045633614e+00
4.459000000000000000e+03,3.751455248092372408e+00
4.460000000000000000e+03,3.190699544734736826e+00
4.461000000000000000e+03,3.745690483172563923e+00
4.462000000000000000e+03,3.390490372959786392e+00
4.463000000000000000e+03,3.652703832411140272e+00
4.464000000000000000e+03,3.573005514958795814e+00
4.465000000000000000e+03,3.844603219181303988e+00
4.466000000000000000e+03,3.777127672763353150e+00
4.467000000000000000e+03,3.715926350975496284e+00
4.468000000000000000e+03,3.949878145581777744e+00
4.469000000000000000e+03,3.608062252047703922e+00
4.470000000000000000e+03,3.789496356522825238e+00
4.471000000000000000e+03,3.498762566872523294e+00
4.472000000000000000e+03,4.088339995274742122e+00
4.473000000000000000e+03,3.586843655007839526e+00
4.474000000000000000e+03,3.600489730314563985e+00
4.475000000000000000e+03,3.590743634220814329e+00
4.476000000000000000e+03,3.452918336086773454e+00
4.477000000000000000e+03,3.412542208513594577e+00
4.478000000000000000e+03,3.683004691537436148e+00
4.479000000000000000e+03,3.794617940384726218e+00
4.480000000000000000e+03,3.693489271280999464e+00
4.481000000000000000e+03,3.799548556757207596e+00
4.482000000000000000e+03,3.273223904854186017e+00
4.483000000000000000e+03,3.605234583014083949e+00
4.484000000000000000e+03,3.688893837251626007e+00
4.485000000000000000e+03,3.614061466805481349e+00
4.486000000000000000e+03,3.389930564930182300e+00
4.487000000000000000e+03,3.563399279865424596e+00
4.488000000000000000e+03,3.512112953813639304e+00
4.489000000000000000e+03,3.872060347295981142e+00
4.490000000000000000e+03,3.717947795375932341e+00
4.491000000000000000e+03,3.620093946552479292e+00
4.492000000000000000e+03,3.496919807673457559e+00
4.493000000000000000e+03,3.934466735349943622e+00
4.494000000000000000e+03,3.731042462276744853e+00
4.495000000000000000e+03,3.545442383107875184e+00
4.496000000000000000e+03,3.853111721916424148e+00
4.497000000000000000e+03,3.596766976455689768e+00
4.498000000000000000e+03,3.574244460134274881e+00
4.499000000000000000e+03,3.572508805382187624e+00
4.500000000000000000e+03,3.477479377221332602e+00
4.501000000000000000e+03,3.569726444260840292e+00
4.502000000000000000e+03,3.618440913821362681e+00
4.503000000000000000e+03,3.341540013921729280e+00
4.504000000000000000e+03,3.769028321436265205e+00
4.505000000000000000e+03,3.787369447585965165e+00
4.506000000000000000e+03,3.758293998062808949e+00
4.507000000000000000e+03,3.351572963448800735e+00
4.508000000000000000e+03,3.810767940652193264e+00
4.509000000000000000e+03,3.507191674473762788e+00
4.510000000000000000e+03,3.537267912245293910e+00
4.511000000000000000e+03,3.593241721891184071e+00
4.512000000000000000e+03,3.823122878719529716e+00
4.513000000000000000e+03,3.598134320616289461e+00
4.514000000000000000e+03,3.497807400682606538e+00
4.515000000000000000e+03,3.187500317057530008e+00
4.516000000000000000e+03,3.538340263774311101e+00
4.517000000000000000e+03,3.725662410680545822e+00
4.518000000000000000e+03,3.656462016940373427e+00
4.519000000000000000e+03,3.311013149884790785e+00
4.520000000000000000e+03,3.494789485714410837e+00
4.521000000000000000e+03,3.541465955386300823e+00
4.522000000000000000e+03,3.644884302519085573e+00
4.523000000000000000e+03,3.585952431195789103e+00
4.524000000000000000e+03,3.643679949638312987e+00
4.525000000000000000e+03,3.567749708112530449e+00
4.526000000000000000e+03,3.536294976389924294e+00
4.527000000000000000e+03,3.742999691583493327e+00
4.528000000000000000e+03,3.356513721970145969e+00
4.529000000000000000e+03,3.561012916245331894e+00
4.530000000000000000e+03,3.418801196264299236e+00
4.531000000000000000e+03,3.671629171697044391e+00
4.532000000000000000e+03,3.559711801554989563e+00
4.533000000000000000e+03,3.781815842701088837e+00
4.534000000000000000e+03,3.476034445741523093e+00
4.535000000000000000e+03,3.666585905608617857e+00
4.536000000000000000e+03,3.600866521282088950e+00
4.537000000000000000e+03,3.656290126529210482e+00
4.538000000000000000e+03,3.579674931622562895e+00
4.539000000000000000e+03,3.863363142061094990e+00
4.540000000000000000e+03,3.465621472370644440e+00
4.541000000000000000e+03,3.556391814070993362e+00
4.542000000000000000e+03,3.846493684779256128e+00
4.543000000000000000e+03,3.629915870863397398e+00
4.544000000000000000e+03,3.914467495112425865e+00
4.545000000000000000e+03,3.430749736335269695e+00
4.546000000000000000e+03,3.805928698317092795e+00
4.547000000000000000e+03,3.726176619645963584e+00
4.548000000000000000e+03,3.691052683474862928e+00
4.549000000000000000e+03,3.536956693007596186e+00
4.550000000000000000e+03,3.578889516641729607e+00
4.551000000000000000e+03,3.657664100023844789e+00
4.552000000000000000e+03,3.552168139793183688e+00
4.553000000000000000e+03,3.864807044037756878e+00
4.554000000000000000e+03,3.830139768153282276e+00
4.555000000000000000e+03,3.595523403439955246e+00
4.556000000000000000e+03,3.769489315816882069e+00
4.557000000000000000e+03,3.618166454517346420e+00
4.558000000000000000e+03,3.418687933784659627e+00
4.559000000000000000e+03,3.815864612121576460e+00
4.560000000000000000e+03,3.821648065292001739e+00
4.561000000000000000e+03,3.349860843336506466e+00
4.562000000000000000e+03,3.670715405996813008e+00
4.563000000000000000e+03,3.625902736338899590e+00
4.564000000000000000e+03,3.831018771614712826e+00
4.565000000000000000e+03,3.595283273305337257e+00
4.566000000000000000e+03,3.728843502168563528e+00
4.567000000000000000e+03,3.486476170105087036e+00
4.568000000000000000e+03,3.543879934912696594e+00
4.569000000000000000e+03,3.503315740154989921e+00
4.570000000000000000e+03,3.568714805228183629e+00
4.571000000000000000e+03,3.874673729279924039e+00
4.572000000000000000e+03,3.872688947394397285e+00
4.573000000000000000e+03,3.570017398456026392e+00
4.574000000000000000e+03,3.995903968786306049e+00
4.575000000000000000e+03,3.503473903699007685e+00
4.576000000000000000e+03,3.482904155763163256e+00
4.577000000000000000e+03,3.928039630513591174e+00
4.578000000000000000e+03,3.649450535322687372e+00
4.579000000000000000e+03,3.778825921236444785e+00
4.580000000000000000e+03,3.611217176654797356e+00
4.581000000000000000e+03,3.648013819002732028e+00
4.582000000000000000e+03,3.814314613266553078e+00
4.583000000000000000e+03,3.609875420119162293e+00
4.584000000000000000e+03,3.511178630558499325e+00
4.585000000000000000e+03,3.421119277792491253e+00
4.586000000000000000e+03,3.926938802129513739e+00
4.587000000000000000e+03,3.411711040415769780e+00
4.588000000000000000e+03,3.523664489646334275e+00
4.589000000000000000e+03,3.577613226995496998e+00
4.590000000000000000e+03,3.683323652567572104e+00
4.591000000000000000e+03,3.676028404283989914e+00
4.592000000000000000e+03,3.669266596182890083e+00
4.593000000000000000e+03,3.745855796699589568e+00
4.594000000000000000e+03,3.707968208641320373e+00
4.595000000000000000e+03,3.630502244804200362e+00
4.596000000000000000e+03,3.753931055654335935e+00
4.597000000000000000e+03,3.800644754914561663e+00
4.598000000000000000e+03,3.500448375558585568e+00
4.599000000000000000e+03,3.852898217340252174e+00
4.600000000000000000e+03,3.960549545471093946e+00
4.601000000000000000e+03,3.696907886391392228e+00
4.602000000000000000e+03,3.679263524902823601e+00
4.603000000000000000e+03,3.726059729708885992e+00
4.604000000000000000e+03,3.748774446648942327e+00
4.605000000000000000e+03,3.315035883027602992e+00
4.606000000000000000e+03,3.563966733778519913e+00
4.607000000000000000e+03,3.355758914491167477e+00
4.608000000000000000e+03,3.722305452324299324e+00
4.609000000000000000e+03,3.495588066535774363e+00
4.610000000000000000e+03,3.724642066007704866e+00
4.611000000000000000e+03,3.620380106172357504e+00
4.612000000000000000e+03,3.545062356020302730e+00
4.613000000000000000e+03,3.649798315689384065e+00
4.614000000000000000e+03,3.439602647527070012e+00
4.615000000000000000e+03,3.723928796407141029e+00
4.616000000000000000e+03,3.523323968409201257e+00
4.617000000000000000e+03,3.545272246619239453e+00
4.618000000000000000e+03,3.696094293629602401e+00
4.619000000000000000e+03,3.758650043415841857e+00
4.620000000000000000e+03,3.774656730445575814e+00
4.621000000000000000e+03,3.693727227232798782e+00
4.622000000000000000e+03,3.735351608200397244e+00
4.623000000000000000e+03,3.770527017358108246e+00
4.624000000000000000e+03,3.304155275016193105e+00
4.625000000000000000e+03,3.369379589242512907e+00
4.626000000000000000e+03,3.413546331892668206e+00
4.627000000000000000e+03,3.581626239872251816e+00
4.628000000000000000e+03,3.342929739694673330e+00
4.629000000000000000e+03,3.914148996384786194e+00
4.630000000000000000e+03,3.682550074296290443e+00
4.631000000000000000e+03,3.698809003052734745e+00
4.632000000000000000e+03,3.370319241778331421e+00
4.633000000000000000e+03,3.606905998002993829e+00
4.634000000000000000e+03,3.600869766182685616e+00
4.635000000000000000e+03,3.761532389604684390e+00
4.636000000000000000e+03,3.444017333678159876e+00
4.637000000000000000e+03,3.791205559157567517e+00
4.638000000000000000e+03,3.604606052586433407e+00
4.639000000000000000e+03,3.738080086856882644e+00
4.640000000000000000e+03,3.433241265350055915e+00
4.641000000000000000e+03,3.798359724363471024e+00
4.642000000000000000e+03,3.641792576913648105e+00
4.643000000000000000e+03,3.682825895414021389e+00
4.644000000000000000e+03,3.735466298947895059e+00
4.645000000000000000e+03,3.585808128269998285e+00
4.646000000000000000e+03,3.666624956115215994e+00
4.647000000000000000e+03,3.390232055458890059e+00
4.648000000000000000e+03,3.494580980278864324e+00
4.649000000000000000e+03,3.732223719518252825e+00
4.650000000000000000e+03,3.722543255273325524e+00
4.651000000000000000e+03,3.924451289774992357e+00
4.652000000000000000e+03,3.329538019087423528e+00
4.653000000000000000e+03,3.388492860578009580e+00
4.654000000000000000e+03,3.581578470203361508e+00
4.655000000000000000e+03,3.563306950211568402e+00
4.656000000000000000e+03,3.772327511602699968e+00
4.657000000000000000e+03,3.711585940308953724e+00
4.658000000000000000e+03,3.655921759289478601e+00
4.659000000000000000e+03,3.861426244596483315e+00
4.660000000000000000e+03,3.846345940340551550e+00
4.661000000000000000e+03,4.120432350055799553e+00
4.662000000000000000e+03,3.640026856697205826e+00
4.663000000000000000e+03,3.472804536899949390e+00
4.664000000000000000e+03,3.639242335839561360e+00
4.665000000000000000e+03,3.765983020743788323e+00
4.666000000000000000e+03,4.018380572013190211e+00
4.667000000000000000e+03,3.888722484593084783e+00
4.668000000000000000e+03,3.655115367255801662e+00
4.669000000000000000e+03,3.782713526277360128e+00
4.670000000000000000e+03,3.595056493488546501e+00
4.671000000000000000e+03,3.780342847271166207e+00
4.672000000000000000e+03,3.634565225637996999e+00
4.673000000000000000e+03,3.634353270400690228e+00
4.674000000000000000e+03,3.674922507058846488e+00
4.675000000000000000e+03,3.669724800647665930e+00
4.676000000000000000e+03,3.193192405650540966e+00
4.677000000000000000e+03,3.629986575767531587e+00
4.678000000000000000e+03,3.975854782558095213e+00
4.679000000000000000e+03,3.567062411310993664e+00
4.680000000000000000e+03,3.841473325620832657e+00
4.681000000000000000e+03,3.623332085206770969e+00
4.682000000000000000e+03,3.912831078994164713e+00
4.683000000000000000e+03,3.493532898487188287e+00
4.684000000000000000e+03,3.735506412179487867e+00
4.685000000000000000e+03,3.838734158152506293e+00
4.686000000000000000e+03,3.371333278597739902e+00
4.687000000000000000e+03,3.614480537023202711e+00
4.688000000000000000e+03,3.942474007107047651e+00
4.689000000000000000e+03,3.848430795559678153e+00
4.690000000000000000e+03,3.814428784502906122e+00
4.691000000000000000e+03,4.174664243656119211e+00
4.692000000000000000e+03,3.462541627335049110e+00
4.693000000000000000e+03,3.604830280178114243e+00
4.694000000000000000e+03,3.730820590913500823e+00
4.695000000000000000e+03,4.013909484400332239e+00
4.696000000000000000e+03,3.779810255062921787e+00
4.697000000000000000e+03,3.596319383648512780e+00
4.698000000000000000e+03,3.384141239227058229e+00
4.699000000000000000e+03,3.650250583483918287e+00
4.700000000000000000e+03,3.536512808924078044e+00
4.701000000000000000e+03,3.559507993256818992e+00
4.702000000000000000e+03,3.686500665559729217e+00
4.703000000000000000e+03,3.776175380912897506e+00
4.704000000000000000e+03,3.682690975386119003e+00
4.705000000000000000e+03,3.982270865564165874e+00
4.706000000000000000e+03,3.747442605523283010e+00
4.707000000000000000e+03,3.890015277568263929e+00
4.708000000000000000e+03,3.309960603037981119e+00
4.709000000000000000e+03,3.726644748577167654e+00
4.710000000000000000e+03,3.738754830426740838e+00
4.711000000000000000e+03,3.889435998534487293e+00
4.712000000000000000e+03,3.731526466224606153e+00
4.713000000000000000e+03,3.525827922725478736e+00
4.714000000000000000e+03,3.655229822445276167e+00
4.715000000000000000e+03,3.754256184836457955e+00
4.716000000000000000e+03,3.670156757787236490e+00
4.717000000000000000e+03,3.660057378662263439e+00
4.718000000000000000e+03,3.835466486373706463e+00
4.719000000000000000e+03,3.665547480010995951e+00
4.720000000000000000e+03,3.882702675259002589e+00
4.721000000000000000e+03,3.841837029547787274e+00
4.722000000000000000e+03,3.467887357853593588e+00
4.723000000000000000e+03,3.233463409272410605e+00
4.724000000000000000e+03,3.831255546267642753e+00
4.725000000000000000e+03,3.423215589033399731e+00
4.726000000000000000e+03,3.712464177956137590e+00
4.727000000000000000e+03,3.664569800712671022e+00
4.728000000000000000e+03,3.652087702840887573e+00
4.729000000000000000e+03,3.762508077585009936e+00
4.730000000000000000e+03,3.900572683629303317e+00
4.731000000000000000e+03,4.060795334123311839e+00
4.732000000000000000e+03,3.546432982076717533e+00
4.733000000000000000e+03,3.689210940522013260e+00
4.734000000000000000e+03,4.137059973661747492e+00
4.735000000000000000e+03,3.349412928161568548e+00
4.736000000000000000e+03,3.558015230382258309e+00
4.737000000000000000e+03,3.316840692101865606e+00
4.738000000000000000e+03,3.511916630554529739e+00
4.739000000000000000e+03,3.885418272125233941e+00
4.740000000000000000e+03,3.500567993263085320e+00
4.741000000000000000e+03,3.557177096786627413e+00
4.742000000000000000e+03,3.536661243993029391e+00
4.743000000000000000e+03,3.613156383726533694e+00
4.744000000000000000e+03,3.352889117863345536e+00
4.745000000000000000e+03,3.542334367852279620e+00
4.746000000000000000e+03,3.741870459282940597e+00
4.747000000000000000e+03,3.633468843944005044e+00
4.748000000000000000e+03,3.411336946172514928e+00
4.749000000000000000e+03,3.963030768521537794e+00
4.750000000000000000e+03,3.835109560702093301e+00
4.751000000000000000e+03,3.697049500453532644e+00
4.752000000000000000e+03,3.833896684550921474e+00
4.753000000000000000e+03,3.453166665015753090e+00
4.754000000000000000e+03,3.550304258004999713e+00
4.755000000000000000e+03,3.690084146045422120e+00
4.756000000000000000e+03,3.467299695543589078e+00
4.757000000000000000e+03,3.510622487093782773e+00
4.758000000000000000e+03,3.794888734165436706e+00
4.759000000000000000e+03,3.640027792371328008e+00
4.760000000000000000e+03,3.741681779232704397e+00
4.761000000000000000e+03,3.582506009047830897e+00
4.762000000000000000e+03,3.591900445392129271e+00
4.763000000000000000e+03,3.716201689211436232e+00
4.764000000000000000e+03,3.764529346450032676e+00
4.765000000000000000e+03,3.548145963375696432e+00
4.766000000000000000e+03,3.795978867865838158e+00
4.767000000000000000e+03,3.610609815128424049e+00
4.768000000000000000e+03,3.579925225805872024e+00
4.769000000000000000e+03,3.391537311465291360e+00
4.770000000000000000e+03,3.832293110378281131e+00
4.771000000000000000e+03,3.741205158737099357e+00
4.772000000000000000e+03,3.472797035621316031e+00
4.773000000000000000e+03,3.615643154129062786e+00
4.774000000000000000e+03,3.786596250319071100e+00
4.775000000000000000e+03,3.670654736139804974e+00
4.776000000000000000e+03,3.657611149446284848e+00
4.777000000000000000e+03,3.616741110287705840e+00
4.778000000000000000e+03,3.435776039469980336e+00
4.779000000000000000e+03,3.228980623735376643e+00
4.780000000000000000e+03,3.737264208384571962e+00
4.781000000000000000e+03,3.989971290346088217e+00
4.782000000000000000e+03,3.578413820769575704e+00
4.783000000000000000e+03,3.719403214889206222e+00
4.784000000000000000e+03,3.825645428208718446e+00
4.785000000000000000e+03,3.405986881751241313e+00
4.786000000000000000e+03,3.990268118547900311e+00
4.787000000000000000e+03,3.734872487077092185e+00
4.788000000000000000e+03,4.068367208513852695e+00
4.789000000000000000e+03,3.527338667354120716e+00
4.790000000000000000e+03,3.900420090944490159e+00
4.791000000000000000e+03,3.828323435348928161e+00
4.792000000000000000e+03,3.531875716886694327e+00
4.793000000000000000e+03,3.901461330616224465e+00
4.794000000000000000e+03,3.749853496364717209e+00
4.795000000000000000e+03,3.652980248974581290e+00
4.796000000000000000e+03,3.598367716696939667e+00
4.797000000000000000e+03,3.848410837932296324e+00
4.798000000000000000e+03,4.059379725843557551e+00
4.799000000000000000e+03,3.554203262581892897e+00
4.800000000000000000e+03,3.146667887935973962e+00
4.801000000000000000e+03,3.631961064225207814e+00
4.802000000000000000e+03,3.741766203983761141e+00
4.803000000000000000e+03,3.521168587840048492e+00
4.804000000000000000e+03,3.544400055986965281e+00
4.805000000000000000e+03,3.521981181189421939e+00
4.806000000000000000e+03,3.930097177572489109e+00
4.807000000000000000e+03,3.605836408664805592e+00
4.808000000000000000e+03,3.752817357166970513e+00
4.809000000000000000e+03,3.673641301985397511e+00
4.810000000000000000e+03,3.620349592444839004e+00
4.811000000000000000e+03,3.555237171803811158e+00
4.812000000000000000e+03,3.969410829760943393e+00
4.813000000000000000e+03,3.521690687943296094e+00
4.814000000000000000e+03,3.579844324380652143e+00
4.815000000000000000e+03,3.801893042867655392e+00
4.816000000000000000e+03,3.544941816874422003e+00
4.817000000000000000e+03,3.566664735660778351e+00
4.818000000000000000e+03,4.064663116881387595e+00
4.819000000000000000e+03,3.500251298959399904e+00
4.820000000000000000e+03,3.528261385591404231e+00
4.821000000000000000e+03,3.544867098732988886e+00
4.822000000000000000e+03,3.865748416432170043e+00
4.823000000000000000e+03,3.944556860105149276e+00
4.824000000000000000e+03,4.055537140655983919e+00
4.825000000000000000e+03,3.243649345968109721e+00
4.826000000000000000e+03,3.480275096455288431e+00
4.827000000000000000e+03,4.086885420830713045e+00
4.828000000000000000e+03,3.516796312912235489e+00
4.829000000000000000e+03,3.650525560734819042e+00
4.830000000000000000e+03,3.785686102945387876e+00
4.831000000000000000e+03,3.685850453274178928e+00
4.832000000000000000e+03,3.807960756384928924e+00
4.833000000000000000e+03,3.762877140988199365e+00
4.834000000000000000e+03,3.470083326624059605e+00
4.835000000000000000e+03,3.797140584804258090e+00
4.836000000000000000e+03,3.297185759172525099e+00
4.837000000000000000e+03,3.683930241381378590e+00
4.838000000000000000e+03,3.628003190484589968e+00
4.839000000000000000e+03,3.847252507383897235e+00
4.840000000000000000e+03,3.438245189385192635e+00
4.841000000000000000e+03,3.607294129329447596e+00
4.842000000000000000e+03,3.970295689652326043e+00
4.843000000000000000e+03,4.182030908462565755e+00
4.844000000000000000e+03,3.749488171342854503e+00
4.845000000000000000e+03,3.621304417553130595e+00
4.846000000000000000e+03,3.356738395263473951e+00
4.847000000000000000e+03,3.674568651701976219e+00
4.848000000000000000e+03,3.707492818681549007e+00
4.849000000000000000e+03,3.714455569471405649e+00
4.850000000000000000e+03,3.578659095333825313e+00
4.851000000000000000e+03,3.580656740243532088e+00
4.852000000000000000e+03,3.600134723808773973e+00
4.853000000000000000e+03,3.804511174035788201e+00
4.854000000000000000e+03,3.440880556665022016e+00
4.855000000000000000e+03,4.179905337238767338e+00
4.856000000000000000e+03,3.356204263462206683e+00
4.857000000000000000e+03,3.814020424740050874e+00
4.858000000000000000e+03,3.725768798956796246e+00
4.859000000000000000e+03,4.002716684089366872e+00
4.860000000000000000e+03,3.717994309019791999e+00
4.861000000000000000e+03,3.715538578670632308e+00
4.862000000000000000e+03,4.041465177506259110e+00
4.863000000000000000e+03,3.553976719001594287e+00
4.864000000000000000e+03,3.680397622786153011e+00
4.865000000000000000e+03,3.710220231560146242e+00
4.866000000000000000e+03,3.939566313921651908e+00
4.867000000000000000e+03,3.902194405978632208e+00
4.868000000000000000e+03,3.624593693775231884e+00
4.869000000000000000e+03,3.639379581232904393e+00
4.870000000000000000e+03,3.576653635109198426e+00
4.871000000000000000e+03,3.547508062271102602e+00
4.872000000000000000e+03,3.890978213873468761e+00
4.873000000000000000e+03,3.717611683380668275e+00
4.874000000000000000e+03,3.761358435133488332e+00
4.875000000000000000e+03,3.843753811875160409e+00
4.876000000000000000e+03,3.485011573375270455e+00
4.877000000000000000e+03,3.612552473261193331e+00
4.878000000000000000e+03,3.767532735478589245e+00
4.879000000000000000e+03,3.774051648990292218e+00
4.880000000000000000e+03,3.606966391131859240e+00
4.881000000000000000e+03,3.466880770305782011e+00
4.882000000000000000e+03,3.889311423192076678e+00
4.883000000000000000e+03,3.622575451307211925e+00
4.884000000000000000e+03,3.825058999421365069e+00
4.885000000000000000e+03,3.687165886758240863e+00
4.886000000000000000e+03,3.805318916080288272e+00
4.887000000000000000e+03,3.861848065777509387e+00
4.888000000000000000e+03,3.829316576638296610e+00
4.889000000000000000e+03,3.518739908703817587e+00
4.890000000000000000e+03,3.619305657281766564e+00
4.891000000000000000e+03,3.373594424252008839e+00
4.892000000000000000e+03,3.407047796522106875e+00
4.893000000000000000e+03,3.386310314713347314e+00
4.894000000000000000e+03,3.722940617207797231e+00
4.895000000000000000e+03,3.672141868906929396e+00
4.896000000000000000e+03,3.444946056373194843e+00
4.897000000000000000e+03,3.777730280429326903e+00
4.898000000000000000e+03,3.704539024911337464e+00
4.899000000000000000e+03,3.710679817844058537e+00
4.900000000000000000e+03,3.893810963324907171e+00
4.901000000000000000e+03,3.653391723619458187e+00
4.902000000000000000e+03,3.789585312192001787e+00
4.903000000000000000e+03,3.795354482296104504e+00
4.904000000000000000e+03,3.485979629893127374e+00
4.905000000000000000e+03,3.747666403749704500e+00
4.906000000000000000e+03,3.554363804225070922e+00
4.907000000000000000e+03,3.513941432122344111e+00
4.908000000000000000e+03,3.780595837773055745e+00
4.909000000000000000e+03,3.759409628860431951e+00
4.910000000000000000e+03,3.610921497712031858e+00
4.911000000000000000e+03,3.694621245412161414e+00
4.912000000000000000e+03,3.623394469421429065e+00
4.913000000000000000e+03,3.834708766937302560e+00
4.914000000000000000e+03,3.520923818980957076e+00
4.915000000000000000e+03,3.675470689993511897e+00
4.916000000000000000e+03,4.042241531240154728e+00
4.917000000000000000e+03,3.581020345454402953e+00
4.918000000000000000e+03,3.661984921495551326e+00
4.919000000000000000e+03,3.525057608102444284e+00
4.920000000000000000e+03,3.477236220998704663e+00
4.921000000000000000e+03,3.614248135335877077e+00
4.922000000000000000e+03,3.521920215509477536e+00
4.923000000000000000e+03,3.890317142206493273e+00
4.924000000000000000e+03,3.670548971409600014e+00
4.925000000000000000e+03,3.343290186227076521e+00
4.926000000000000000e+03,3.685612198451822863e+00
4.927000000000000000e+03,3.835262831251593063e+00
4.928000000000000000e+03,3.460239643331042725e+00
4.929000000000000000e+03,4.064532464040731874e+00
4.930000000000000000e+03,3.788570799679391587e+00
4.931000000000000000e+03,3.953689355610126022e+00
4.932000000000000000e+03,3.676982444170533437e+00
4.933000000000000000e+03,3.701371258117027718e+00
4.934000000000000000e+03,3.785534817180045142e+00
4.935000000000000000e+03,3.731647087179366551e+00
4.936000000000000000e+03,3.866447568800396528e+00
4.937000000000000000e+03,3.770547955825800379e+00
4.938000000000000000e+03,3.712885191865393342e+00
4.939000000000000000e+03,3.772630363530047770e+00
4.940000000000000000e+03,3.955233712307774763e+00
4.941000000000000000e+03,3.812727855877481087e+00
4.942000000000000000e+03,3.886416894771548947e+00
4.943000000000000000e+03,3.557584063979334577e+00
4.944000000000000000e+03,3.566889685737224536e+00
4.945000000000000000e+03,3.939511131163328628e+00
4.946000000000000000e+03,4.072592385969965534e+00
4.947000000000000000e+03,3.869614154514348314e+00
4.948000000000000000e+03,3.436044931507165501e+00
4.949000000000000000e+03,3.880769866849887340e+00
4.950000000000000000e+03,3.789764523816526065e+00
4.951000000000000000e+03,3.492626125113413416e+00
4.952000000000000000e+03,3.810797079586175418e+00
4.953000000000000000e+03,3.646916409208744270e+00
4.954000000000000000e+03,3.562716620473942886e+00
4.955000000000000000e+03,3.458581660811841374e+00
4.956000000000000000e+03,3.674367479912797219e+00
4.957000000000000000e+03,3.844755571302785668e+00
4.958000000000000000e+03,3.859274960811970079e+00
4.959000000000000000e+03,3.907196216095564889e+00
4.960000000000000000e+03,3.913979713025922624e+00
4.961000000000000000e+03,3.578675937978209376e+00
4.962000000000000000e+03,3.931672193104441160e+00
4.963000000000000000e+03,3.824698532123487649e+00
4.964000000000000000e+03,3.202538593423386981e+00
4.965000000000000000e+03,3.584545690148721597e+00
4.966000000000000000e+03,3.455512406060944119e+00
4.967000000000000000e+03,3.649026516284765709e+00
4.968000000000000000e+03,3.458377632151780734e+00
4.969000000000000000e+03,3.616078077146371417e+00
4.970000000000000000e+03,3.751519911121395712e+00
4.971000000000000000e+03,3.648905822321686365e+00
4.972000000000000000e+03,3.496116805814846185e+00
4.973000000000000000e+03,3.478441454361698160e+00
4.974000000000000000e+03,3.469731309796687313e+00
4.975000000000000000e+03,3.804045171117122148e+00
4.976000000000000000e+03,3.924161025826494065e+00
4.977000000000000000e+03,3.646191110776164201e+00
4.978000000000000000e+03,3.427877125162647864e+00
4.979000000000000000e+03,4.122339363863815720e+00
4.980000000000000000e+03,3.578929450856484173e+00
4.981000000000000000e+03,3.711555791091384560e+00
4.982000000000000000e+03,3.584787882327127750e+00
4.983000000000000000e+03,3.501515345952865399e+00
4.984000000000000000e+03,3.827412756534136484e+00
4.985000000000000000e+03,3.769397696513254736e+00
4.986000000000000000e+03,3.446063611948118943e+00
4.987000000000000000e+03,3.795277064091160391e+00
4.988000000000000000e+03,3.717456477013947325e+00
4.989000000000000000e+03,4.004794828855450461e+00
4.990000000000000000e+03,3.954857500496383960e+00
4.991000000000000000e+03,3.625500816832357032e+00
4.992000000000000000e+03,4.046197520500292910e+00
4.993000000000000000e+03,3.434017340546594355e+00
4.994000000000000000e+03,3.331561036654969499e+00
4.995000000000000000e+03,3.641187559494450277e+00
4.996000000000000000e+03,3.623526115061760589e+00
4.997000000000000000e+03,3.374666409095684827e+00
4.998000000000000000e+03,4.334578939856295499e+00
4.999000000000000000e+03,3.421600356166891288e+00
5.000000000000000000e+03,3.692131494588883456e+00
5.001000000000000000e+03,3.712524569142540809e+00
5.002000000000000000e+03,3.527498265036792535e+00
5.003000000000000000e+03,3.753877347725690594e+00
5.004000000000000000e+03,3.781247130117633137e+00
5.005000000000000000e+03,3.654631282494107847e+00
5.006000000000000000e+03,3.712541910332244122e+00
5.007000000000000000e+03,3.498707540634298674e+00
5.008000000000000000e+03,3.686036446228774466e+00
5.009000000000000000e+03,3.576875013262644121e+00
5.010000000000000000e+03,3.463527450126907770e+00
5.011000000000000000e+03,3.722168078499840771e+00
5.012000000000000000e+03,3.519301228020155214e+00
5.013000000000000000e+03,3.567997630985428437e+00
5.014000000000000000e+03,3.697380151539405801e+00
5.015000000000000000e+03,3.477956493082699385e+00
5.016000000000000000e+03,3.827061994241351961e+00
5.017000000000000000e+03,3.685589336136696481e+00
5.018000000000000000e+03,3.553702724194809814e+00
5.019000000000000000e+03,3.992228148260843046e+00
5.020000000000000000e+03,3.908265022915531794e+00
5.021000000000000000e+03,3.465058263725680376e+00
5.022000000000000000e+03,3.928282448480550748e+00
5.023000000000000000e+03,3.813465789794579841e+00
5.024000000000000000e+03,3.562224247226049023e+00
5.025000000000000000e+03,4.064850366797267966e+00
5.026000000000000000e+03,4.020040674006869708e+00
5.027000000000000000e+03,3.527186677704555517e+00
5.028000000000000000e+03,3.931776378955999185e+00
5.029000000000000000e+03,3.750018876520776256e+00
5.030000000000000000e+03,3.619262353040522129e+00
5.031000000000000000e+03,3.480479057974335877e+00
5.032000000000000000e+03,3.782964358616550449e+00
5.033000000000000000e+03,3.418576514102630526e+00
5.034000000000000000e+03,3.655247609498939010e+00
5.035000000000000000e+03,3.543983388612641949e+00
5.036000000000000000e+03,3.669278490128719206e+00
5.037000000000000000e+03,3.683660960847116250e+00
5.038000000000000000e+03,3.702770911637398132e+00
5.039000000000000000e+03,3.752422116508530525e+00
5.040000000000000000e+03,3.666659074541303909e+00
5.041000000000000000e+03,3.653581721887727785e+00
5.042000000000000000e+03,3.673929566217160048e+00
5.043000000000000000e+03,3.529044843642193729e+00
5.044000000000000000e+03,3.914644133925714975e+00
5.045000000000000000e+03,3.318223110388685004e+00
5.046000000000000000e+03,3.856868694190943359e+00
5.047000000000000000e+03,3.426847418042289650e+00
5.048000000000000000e+03,3.420961284723868179e+00
5.049000000000000000e+03,3.497233398913092817e+00
5.050000000000000000e+03,3.379427633288698996e+00
5.051000000000000000e+03,3.647816246720703592e+00
5.052000000000000000e+03,3.872082387280706861e+00
5.053000000000000000e+03,3.626446901745144835e+00
5.054000000000000000e+03,3.738959246928413194e+00
5.055000000000000000e+03,3.577403130810274945e+00
5.056000000000000000e+03,4.019125312642001013e+00
5.057000000000000000e+03,3.761134260130820195e+00
5.058000000000000000e+03,4.017957518489513546e+00
5.059000000000000000e+03,3.681908054391902940e+00
5.060000000000000000e+03,3.405061959792236248e+00
5.061000000000000000e+03,3.570421060925677903e+00
5.062000000000000000e+03,3.884906451238728575e+00
5.063000000000000000e+03,3.851983515119807855e+00
5.064000000000000000e+03,3.576260543583252627e+00
5.065000000000000000e+03,3.832643596524155871e+00
5.066000000000000000e+03,3.851744505715931410e+00
5.067000000000000000e+03,3.727963667182542906e+00
5.068000000000000000e+03,3.839136150849698836e+00
5.069000000000000000e+03,3.480187570309153156e+00
5.070000000000000000e+03,3.465995642273199007e+00
5.071000000000000000e+03,3.727651209923864339e+00
5.072000000000000000e+03,3.848316556797028998e+00
5.073000000000000000e+03,3.645918782122829604e+00
5.074000000000000000e+03,3.661010695594844044e+00
5.075000000000000000e+03,3.464120276138335619e+00
5.076000000000000000e+03,3.613147053872260095e+00
5.077000000000000000e+03,3.762612186700091677e+00
5.078000000000000000e+03,3.745071922459945135e+00
5.079000000000000000e+03,3.738775805498294691e+00
5.080000000000000000e+03,3.733289912998875248e+00
5.081000000000000000e+03,3.530419268328233606e+00
5.082000000000000000e+03,3.721407526954740863e+00
5.083000000000000000e+03,4.152344112532460052e+00
5.084000000000000000e+03,3.937554480877826890e+00
5.085000000000000000e+03,3.916011108878532987e+00
5.086000000000000000e+03,3.734544012256616696e+00
5.087000000000000000e+03,3.397242565757312871e+00
5.088000000000000000e+03,4.090781701389033742e+00
5.089000000000000000e+03,3.570476649405659231e+00
5.090000000000000000e+03,3.905408587134154619e+00
5.091000000000000000e+03,3.476679430270695814e+00
5.092000000000000000e+03,3.698193483666853076e+00
5.093000000000000000e+03,3.865007644164823120e+00
5.094000000000000000e+03,3.504931442761547000e+00
5.095000000000000000e+03,3.602508148071841720e+00
5.096000000000000000e+03,3.571901882125279926e+00
5.097000000000000000e+03,3.746542310894771965e+00
5.098000000000000000e+03,3.520297033859075331e+00
5.099000000000000000e+03,3.723825670295836332e+00
5.100000000000000000e+03,3.531818994550986357e+00
5.101000000000000000e+03,3.663515129740466669e+00
5.102000000000000000e+03,3.740712087434935107e+00
5.103000000000000000e+03,3.545900993732371997e+00
5.104000000000000000e+03,3.649886494802772940e+00
5.105000000000000000e+03,3.622196207124633638e+00
5.106000000000000000e+03,3.747065191678508267e+00
5.107000000000000000e+03,3.950588679055959673e+00
5.108000000000000000e+03,3.665625831730459527e+00
5.109000000000000000e+03,3.700068195316181807e+00
5.110000000000000000e+03,3.828580328812092759e+00
5.111000000000000000e+03,3.430329361431478041e+00
5.112000000000000000e+03,3.817984979514788435e+00
5.113000000000000000e+03,3.639837255207826416e+00
5.114000000000000000e+03,3.866170524509446871e+00
5.115000000000000000e+03,3.368037024356406395e+00
5.116000000000000000e+03,3.544715053145113259e+00
5.117000000000000000e+03,3.424635956975782491e+00
5.118000000000000000e+03,3.708320735364169174e+00
5.119000000000000000e+03,3.695287449449037531e+00
5.120000000000000000e+03,3.588113336309362911e+00
5.121000000000000000e+03,3.557491464521556512e+00
5.122000000000000000e+03,3.576859841185748845e+00
5.123000000000000000e+03,4.174961871927454382e+00
5.124000000000000000e+03,3.631643293364466007e+00
5.125000000000000000e+03,3.448172895411033778e+00
5.126000000000000000e+03,3.502842890754084948e+00
5.127000000000000000e+03,3.327723260512895465e+00
5.128000000000000000e+03,3.783858607764729154e+00
5.129000000000000000e+03,3.628526604850681014e+00
5.130000000000000000e+03,3.829941231102804711e+00
5.131000000000000000e+03,3.566216779928274239e+00
5.132000000000000000e+03,3.427538703471065151e+00
5.133000000000000000e+03,3.466280369398007988e+00
5.134000000000000000e+03,3.897310884394494579e+00
5.135000000000000000e+03,3.635651540209598576e+00
5.136000000000000000e+03,4.090146158765271878e+00
5.137000000000000000e+03,3.504036312953537458e+00
5.138000000000000000e+03,4.230715173591429235e+00
5.139000000000000000e+03,3.803559573069532185e+00
5.140000000000000000e+03,3.545379037527521593e+00
5.141000000000000000e+03,3.847137202927726651e+00
5.142000000000000000e+03,3.620820505294527702e+00
5.143000000000000000e+03,3.615016020039780287e+00
5.144000000000000000e+03,3.399523879490104594e+00
5.145000000000000000e+03,3.625656780170562588e+00
5.146000000000000000e+03,3.537928280962851169e+00
5.147000000000000000e+03,3.405470078604463158e+00
5.148000000000000000e+03,3.321642454524166510e+00
5.149000000000000000e+03,3.478787799429020833e+00
5.150000000000000000e+03,3.556835085583878175e+00
5.151000000000000000e+03,3.612992205756242914e+00
5.152000000000000000e+03,3.418760682966979658e+00
5.153000000000000000e+03,3.600116397922251021e+00
5.154000000000000000e+03,3.750126515589297771e+00
5.155000000000000000e+03,3.928653838210308002e+00
5.156000000000000000e+03,3.867912194170807005e+00
5.157000000000000000e+03,3.524988939697033974e+00
5.158000000000000000e+03,3.961917539361081264e+00
5.159000000000000000e+03,3.971861650628709661e+00
5.160000000000000000e+03,3.808768872903321334e+00
5.161000000000000000e+03,3.803695617038586274e+00
5.162000000000000000e+03,3.269712618183665764e+00
5.163000000000000000e+03,3.520265163395045249e+00
5.164000000000000000e+03,3.421827828958745155e+00
5.165000000000000000e+03,3.491549891056334065e+00
5.166000000000000000e+03,3.340658637976963607e+00
5.167000000000000000e+03,3.909816626346649837e+00
5.168000000000000000e+03,3.766404375697006035e+00
5.169000000000000000e+03,3.285551261612612350e+00
5.170000000000000000e+03,3.328453545806894454e+00
5.171000000000000000e+03,3.369748756222555208e+00
5.172000000000000000e+03,3.491889454830934270e+00
5.173000000000000000e+03,3.823117286088292044e+00
5.174000000000000000e+03,3.529343355779773983e+00
5.175000000000000000e+03,3.940368327605690890e+00
5.176000000000000000e+03,3.597310343913239450e+00
5.177000000000000000e+03,3.771407841422872220e+00
5.178000000000000000e+03,3.785049247957520624e+00
5.179000000000000000e+03,3.561902200513974215e+00
5.180000000000000000e+03,3.818847451561555584e+00
5.181000000000000000e+03,3.738032092679886897e+00
5.182000000000000000e+03,3.801013726423855488e+00
5.183000000000000000e+03,4.026678678577702009e+00
5.184000000000000000e+03,3.817842728469467595e+00
5.185000000000000000e+03,3.565452935719017002e+00
5.186000000000000000e+03,3.991713139153151069e+00
5.187000000000000000e+03,3.549464921650932858e+00
5.188000000000000000e+03,3.660336470961304212e+00
5.189000000000000000e+03,3.903946568288069408e+00
5.190000000000000000e+03,3.819702560775458888e+00
5.191000000000000000e+03,3.497608386026122673e+00
5.192000000000000000e+03,3.573437063708777561e+00
5.193000000000000000e+03,3.343765449887670105e+00
5.194000000000000000e+03,3.857852064643681800e+00
5.195000000000000000e+03,3.981276631114201159e+00
5.196000000000000000e+03,3.737970743909896587e+00
5.197000000000000000e+03,3.790157544660297528e+00
5.198000000000000000e+03,3.807458749739083270e+00
5.199000000000000000e+03,3.839823930781262273e+00
5.200000000000000000e+03,3.856450585431618006e+00
5.201000000000000000e+03,3.322091943558783900e+00
5.202000000000000000e+03,3.658695450924568160e+00
5.203000000000000000e+03,3.663334705936448277e+00
5.204000000000000000e+03,3.482877575992115116e+00
5.205000000000000000e+03,3.403492191668037403e+00
5.206000000000000000e+03,3.570787196788767659e+00
5.207000000000000000e+03,3.567268697258164423e+00
5.208000000000000000e+03,3.802264000342840955e+00
5.209000000000000000e+03,3.618480951681716018e+00
5.210000000000000000e+03,3.687347223446275191e+00
5.211000000000000000e+03,3.762467410003317525e+00
5.212000000000000000e+03,3.504891136657748429e+00
5.213000000000000000e+03,4.097075368236231974e+00
5.214000000000000000e+03,3.723975305312759776e+00
5.215000000000000000e+03,3.948499821104895613e+00
5.216000000000000000e+03,3.561468732937193238e+00
5.217000000000000000e+03,3.659332723699146861e+00
5.218000000000000000e+03,3.581291350301804233e+00
5.219000000000000000e+03,3.311431822352580046e+00
5.220000000000000000e+03,3.633349954328983777e+00
5.221000000000000000e+03,3.733183971529542511e+00
5.222000000000000000e+03,3.738731022767441736e+00
5.223000000000000000e+03,3.682401171552190267e+00
5.224000000000000000e+03,3.776082225966185035e+00
5.225000000000000000e+03,3.825380345963842910e+00
5.226000000000000000e+03,3.809795605616001613e+00
5.227000000000000000e+03,3.401157114614391741e+00
5.228000000000000000e+03,3.435548296541220736e+00
5.229000000000000000e+03,3.984312831996198234e+00
5.230000000000000000e+03,3.523885026897604966e+00
5.231000000000000000e+03,3.565228196340366029e+00
5.232000000000000000e+03,3.538971986357304367e+00
5.233000000000000000e+03,3.750167860086474292e+00
5.234000000000000000e+03,3.452892315716300953e+00
5.235000000000000000e+03,3.558228215212462686e+00
5.236000000000000000e+03,3.490422400438308426e+00
5.237000000000000000e+03,3.874648962111239658e+00
5.238000000000000000e+03,3.974881029025846946e+00
5.239000000000000000e+03,3.454942112351750083e+00
5.240000000000000000e+03,3.680565919140088127e+00
5.241000000000000000e+03,3.550722479786224461e+00
5.242000000000000000e+03,3.455796738116492239e+00
5.243000000000000000e+03,3.880491309971324299e+00
5.244000000000000000e+03,3.616873380773081514e+00
5.245000000000000000e+03,3.735947720149762841e+00
5.246000000000000000e+03,4.000053097540120284e+00
5.247000000000000000e+03,3.375470223062689179e+00
5.248000000000000000e+03,3.567993599422030204e+00
5.249000000000000000e+03,3.797090416214889075e+00
5.250000000000000000e+03,4.057479860100110969e+00
5.251000000000000000e+03,3.822783969365657786e+00
5.252000000000000000e+03,4.060640778032524878e+00
5.253000000000000000e+03,3.607049965370004330e+00
5.254000000000000000e+03,3.938738620677437297e+00
5.255000000000000000e+03,3.690609082548350184e+00
5.256000000000000000e+03,4.157020797678634416e+00
5.257000000000000000e+03,3.827026004762067668e+00
5.258000000000000000e+03,4.037869441441449325e+00
5.259000000000000000e+03,3.606028643993298921e+00
5.260000000000000000e+03,3.658769398764915692e+00
5.261000000000000000e+03,3.700968310482875889e+00
5.262000000000000000e+03,3.918082629552265495e+00
5.263000000000000000e+03,3.819979764757423624e+00
5.264000000000000000e+03,3.460940308908699858e+00
5.265000000000000000e+03,3.869614354166398762e+00
5.266000000000000000e+03,3.798956226451526419e+00
5.267000000000000000e+03,3.768932013562039440e+00
5.268000000000000000e+03,3.350677164366431260e+00
5.269000000000000000e+03,3.651861217783498592e+00
5.270000000000000000e+03,3.832035734633001400e+00
5.271000000000000000e+03,3.872933317548891363e+00
5.272000000000000000e+03,3.522413400221882984e+00
5.273000000000000000e+03,3.841346622391425658e+00
5.274000000000000000e+03,3.464653371081288569e+00
5.275000000000000000e+03,3.564140198083647348e+00
5.276000000000000000e+03,3.507452643990431440e+00
5.277000000000000000e+03,3.801454617717154427e+00
5.278000000000000000e+03,3.460861943756053272e+00
5.279000000000000000e+03,3.914767820638979767e+00
5.280000000000000000e+03,3.921364595246652929e+00
5.281000000000000000e+03,3.579493450940440802e+00
5.282000000000000000e+03,3.690982587109677304e+00
5.283000000000000000e+03,3.103955664602044084e+00
5.284000000000000000e+03,3.554515028387629894e+00
5.285000000000000000e+03,3.533855288111363624e+00
5.286000000000000000e+03,3.400887661273999107e+00
5.287000000000000000e+03,3.506617290211663018e+00
5.288000000000000000e+03,3.200182757749340023e+00
5.289000000000000000e+03,3.736546786157844746e+00
5.290000000000000000e+03,3.786928288448215163e+00
5.291000000000000000e+03,3.390796433501033658e+00
5.292000000000000000e+03,3.881065925756619794e+00
5.293000000000000000e+03,3.617718035121592290e+00
5.294000000000000000e+03,3.591995521841585326e+00
5.295000000000000000e+03,3.691025752712806529e+00
5.296000000000000000e+03,3.540510055893931085e+00
5.297000000000000000e+03,3.413577981166003195e+00
5.298000000000000000e+03,3.993749621455768839e+00
5.299000000000000000e+03,3.585592294353612264e+00
5.300000000000000000e+03,3.665310919472087203e+00
5.301000000000000000e+03,3.838107003866777056e+00
5.302000000000000000e+03,3.432479990704495609e+00
5.303000000000000000e+03,3.770327239217080351e+00
5.304000000000000000e+03,3.392865684460781850e+00
5.305000000000000000e+03,3.731157159517503707e+00
5.306000000000000000e+03,3.613609175481661939e+00
5.307000000000000000e+03,3.964931986789594909e+00
5.308000000000000000e+03,3.950585640236934815e+00
5.309000000000000000e+03,3.657480641806698074e+00
5.310000000000000000e+03,3.306991566698444629e+00
5.311000000000000000e+03,3.779605103592680759e+00
5.312000000000000000e+03,3.606797820115573927e+00
5.313000000000000000e+03,3.393755164574097094e+00
5.314000000000000000e+03,3.603635881480129921e+00
5.315000000000000000e+03,3.596895400911170437e+00
5.316000000000000000e+03,3.511210793708174460e+00
5.317000000000000000e+03,3.643186904459768893e+00
5.318000000000000000e+03,3.665816285098975946e+00
5.319000000000000000e+03,3.787160380606596100e+00
5.320000000000000000e+03,3.635787453194315511e+00
5.321000000000000000e+03,3.758863586112169752e+00
5.322000000000000000e+03,3.605252825159269925e+00
5.323000000000000000e+03,3.843189362849855240e+00
5.324000000000000000e+03,3.669211558760411052e+00
5.325000000000000000e+03,3.494325079978926940e+00
5.326000000000000000e+03,3.658538164969292072e+00
5.327000000000000000e+03,3.619306813693341951e+00
5.328000000000000000e+03,3.556634669926315162e+00
5.329000000000000000e+03,3.619783376499098537e+00
5.330000000000000000e+03,3.827149089183685682e+00
5.331000000000000000e+03,3.833634043180981887e+00
5.332000000000000000e+03,3.581576647820117199e+00
5.333000000000000000e+03,3.597707758772191955e+00
5.334000000000000000e+03,3.599471549539948967e+00
5.335000000000000000e+03,3.841549693250283948e+00
5.336000000000000000e+03,3.792078605064613139e+00
5.337000000000000000e+03,3.736141559328467920e+00
5.338000000000000000e+03,3.446462719480924086e+00
5.339000000000000000e+03,3.548520519932518269e+00
5.340000000000000000e+03,3.624474650057115888e+00
5.341000000000000000e+03,3.369285734717903047e+00
5.342000000000000000e+03,3.514434527697538613e+00
5.343000000000000000e+03,3.368523501021263744e+00
5.344000000000000000e+03,3.488330361009070124e+00
5.345000000000000000e+03,3.689533812516036182e+00
5.346000000000000000e+03,3.704639244888676242e+00
5.347000000000000000e+03,3.796138404019137713e+00
5.348000000000000000e+03,3.696671713462912123e+00
5.349000000000000000e+03,4.069763889207276719e+00
5.350000000000000000e+03,3.636077770715558710e+00
5.351000000000000000e+03,3.605258775682218975e+00
5.352000000000000000e+03,3.664622327590348227e+00
5.353000000000000000e+03,3.504715411415626924e+00
5.354000000000000000e+03,3.863416638628539346e+00
5.355000000000000000e+03,3.606335208770663492e+00
5.356000000000000000e+03,3.890790487144626386e+00
5.357000000000000000e+03,3.404327892190873506e+00
5.358000000000000000e+03,3.661342144828637846e+00
5.359000000000000000e+03,3.443759565591524741e+00
5.360000000000000000e+03,3.574808326761075516e+00
5.361000000000000000e+03,3.638795686913041116e+00
5.362000000000000000e+03,3.428625681999422969e+00
5.363000000000000000e+03,4.031803020237965107e+00
5.364000000000000000e+03,3.556456002115970350e+00
5.365000000000000000e+03,3.843062770232504644e+00
5.366000000000000000e+03,3.641833243295054867e+00
5.367000000000000000e+03,3.976326949347159800e+00
5.368000000000000000e+03,3.928743478703550007e+00
5.369000000000000000e+03,3.911326990832529660e+00
5.370000000000000000e+03,4.250483872710341338e+00
5.371000000000000000e+03,3.829443076940861168e+00
5.372000000000000000e+03,3.641845875553649137e+00
5.373000000000000000e+03,3.772966032783954482e+00
5.374000000000000000e+03,3.684123851840415576e+00
5.375000000000000000e+03,3.768553501086120416e+00
5.376000000000000000e+03,3.781332844238976865e+00
5.377000000000000000e+03,3.511535681295108180e+00
5.378000000000000000e+03,3.620986834949714073e+00
5.379000000000000000e+03,3.634663970980009040e+00
5.380000000000000000e+03,3.653785834510151709e+00
5.381000000000000000e+03,3.851906843409012460e+00
5.382000000000000000e+03,3.610647241718822453e+00
5.383000000000000000e+03,3.858141381813020576e+00
5.384000000000000000e+03,3.578868571840241763e+00
5.385000000000000000e+03,4.153032669368508678e+00
5.386000000000000000e+03,3.794186344647217712e+00
5.387000000000000000e+03,3.528299995816043921e+00
5.388000000000000000e+03,3.699018923245126267e+00
5.389000000000000000e+03,3.958808260743475582e+00
5.390000000000000000e+03,3.597872453341432131e+00
5.391000000000000000e+03,3.657796467505070925e+00
5.392000000000000000e+03,3.563083048756705118e+00
5.393000000000000000e+03,3.978305158932282204e+00
5.394000000000000000e+03,3.730282629744069212e+00
5.395000000000000000e+03,3.532261699823076917e+00
5.396000000000000000e+03,3.789945987011420492e+00
5.397000000000000000e+03,3.965150437905703651e+00
5.398000000000000000e+03,3.456718495620887399e+00
5.399000000000000000e+03,3.757168331982539300e+00
5.400000000000000000e+03,3.635629911386598412e+00
5.401000000000000000e+03,3.939443295350272489e+00
5.402000000000000000e+03,3.734510323076225546e+00
5.403000000000000000e+03,3.951765926133473439e+00
5.404000000000000000e+03,4.199106815517364311e+00
5.405000000000000000e+03,3.522954261564321676e+00
5.406000000000000000e+03,3.701798236040128032e+00
5.407000000000000000e+03,3.472917851605052508e+00
5.408000000000000000e+03,3.379477259026435920e+00
5.409000000000000000e+03,3.479493485330650948e+00
5.410000000000000000e+03,3.421512423021246363e+00
5.411000000000000000e+03,3.555110053788296920e+00
5.412000000000000000e+03,3.546670001280606499e+00
5.413000000000000000e+03,4.001970969660629152e+00
5.414000000000000000e+03,3.775997102514025539e+00
5.415000000000000000e+03,3.477686560822275563e+00
5.416000000000000000e+03,3.693643625788643359e+00
5.417000000000000000e+03,3.395431682938283569e+00
5.418000000000000000e+03,3.614428982738172813e+00
5.419000000000000000e+03,3.652833994600461764e+00
5.420000000000000000e+03,3.623063296138559153e+00
5.421000000000000000e+03,3.840853868633700596e+00
5.422000000000000000e+03,3.564402263150202810e+00
5.423000000000000000e+03,3.433462745383797809e+00
5.424000000000000000e+03,3.604314245012390838e+00
5.425000000000000000e+03,3.429717835914681157e+00
5.426000000000000000e+03,4.086278880526265311e+00
5.427000000000000000e+03,3.550066076166999096e+00
5.428000000000000000e+03,3.444641667439598098e+00
5.429000000000000000e+03,3.599312496182581533e+00
5.430000000000000000e+03,3.454686846534942291e+00
5.431000000000000000e+03,3.841536882847217615e+00
5.432000000000000000e+03,3.747294660545166689e+00
5.433000000000000000e+03,3.480178199268970207e+00
5.434000000000000000e+03,3.740528174413685125e+00
5.435000000000000000e+03,3.704946907910618759e+00
5.436000000000000000e+03,3.665244492571821056e+00
5.437000000000000000e+03,3.254707259862492652e+00
5.438000000000000000e+03,3.577155396411613619e+00
5.439000000000000000e+03,3.570708644614038807e+00
5.440000000000000000e+03,3.606659515178480380e+00
5.441000000000000000e+03,3.679435626554943717e+00
5.442000000000000000e+03,3.782174777341979155e+00
5.443000000000000000e+03,3.621638912719055359e+00
5.444000000000000000e+03,4.025241637027349384e+00
5.445000000000000000e+03,3.433464182357157668e+00
5.446000000000000000e+03,3.588898121124263874e+00
5.447000000000000000e+03,3.507551668438374293e+00
5.448000000000000000e+03,3.685684055488204880e+00
5.449000000000000000e+03,3.581370832587833952e+00
5.450000000000000000e+03,3.800820157937515820e+00
5.451000000000000000e+03,3.251641176540603251e+00
5.452000000000000000e+03,3.611514733319700632e+00
5.453000000000000000e+03,3.529127986541258366e+00
5.454000000000000000e+03,3.687789088102142454e+00
5.455000000000000000e+03,3.796857363858332057e+00
5.456000000000000000e+03,3.683539644072737040e+00
5.457000000000000000e+03,3.574009963667943879e+00
5.458000000000000000e+03,3.623606827440201794e+00
5.459000000000000000e+03,3.553988674719221308e+00
5.460000000000000000e+03,4.126798820659051792e+00
5.461000000000000000e+03,3.661459357724175412e+00
5.462000000000000000e+03,3.218194794600620856e+00
5.463000000000000000e+03,3.607792461006972484e+00
5.464000000000000000e+03,3.882490948231909211e+00
5.465000000000000000e+03,3.700677470763934718e+00
5.466000000000000000e+03,3.567285625076066502e+00
5.467000000000000000e+03,3.744592100230010434e+00
5.468000000000000000e+03,3.937569505988966601e+00
5.469000000000000000e+03,3.648035214558724704e+00
5.470000000000000000e+03,3.648197578724475587e+00
5.471000000000000000e+03,3.591393891937696203e+00
5.472000000000000000e+03,3.480911575817387416e+00
5.473000000000000000e+03,3.464488973308846642e+00
5.474000000000000000e+03,3.749793399211315936e+00
5.475000000000000000e+03,3.430120771214629105e+00
5.476000000000000000e+03,3.750910241609470397e+00
5.477000000000000000e+03,3.658664561234865165e+00
5.478000000000000000e+03,3.561372061922982724e+00
5.479000000000000000e+03,3.718248286766663746e+00
5.480000000000000000e+03,3.437685468094196839e+00
5.481000000000000000e+03,3.494804195233405686e+00
5.482000000000000000e+03,4.035750836707943101e+00
5.483000000000000000e+03,3.517413481649424689e+00
5.484000000000000000e+03,4.132581796449824374e+00
5.485000000000000000e+03,3.627836002133914217e+00
5.486000000000000000e+03,3.650886364098968606e+00
5.487000000000000000e+03,3.540552570783859210e+00
5.488000000000000000e+03,3.428797744388021762e+00
5.489000000000000000e+03,3.400288577885938412e+00
5.490000000000000000e+03,3.862367220883469621e+00
5.491000000000000000e+03,3.908520296809204542e+00
5.492000000000000000e+03,3.963796302216331835e+00
5.493000000000000000e+03,3.627146578624622641e+00
5.494000000000000000e+03,3.641218883007407925e+00
5.495000000000000000e+03,3.890542582937844607e+00
5.496000000000000000e+03,3.157396319498643411e+00
5.497000000000000000e+03,3.925485751726904837e+00
5.498000000000000000e+03,3.867599471492269902e+00
5.499000000000000000e+03,3.630845585723647240e+00
5.500000000000000000e+03,3.606153860845930925e+00
5.501000000000000000e+03,3.577677873679442566e+00
5.502000000000000000e+03,3.646325580598377414e+00
5.503000000000000000e+03,3.661017758415994638e+00
5.504000000000000000e+03,3.258813262048912751e+00
5.505000000000000000e+03,4.031715485001279298e+00
5.506000000000000000e+03,3.502056155134933402e+00
5.507000000000000000e+03,4.126314514403762956e+00
5.508000000000000000e+03,3.741660602733082097e+00
5.509000000000000000e+03,3.542634966791908813e+00
5.510000000000000000e+03,4.024795407093474608e+00
5.511000000000000000e+03,3.848111638073908658e+00
5.512000000000000000e+03,3.773352722088485489e+00
5.513000000000000000e+03,3.821995150403846520e+00
5.514000000000000000e+03,3.732986516058234283e+00
5.515000000000000000e+03,3.646130716702489671e+00
5.516000000000000000e+03,3.988510074751132617e+00
5.517000000000000000e+03,3.928778485840994872e+00
5.518000000000000000e+03,3.654936142212193317e+00
5.519000000000000000e+03,3.837456741985117770e+00
5.520000000000000000e+03,3.557630498625779847e+00
5.521000000000000000e+03,3.720433140629602065e+00
5.522000000000000000e+03,3.462320415086454606e+00
5.523000000000000000e+03,3.739813667341048475e+00
5.524000000000000000e+03,3.717540522244604961e+00
5.525000000000000000e+03,3.745138606585294738e+00
5.526000000000000000e+03,3.466363849439752620e+00
5.527000000000000000e+03,3.681983944234862527e+00
5.528000000000000000e+03,3.501063212131166225e+00
5.529000000000000000e+03,3.741888901307021342e+00
5.530000000000000000e+03,3.652975275984596593e+00
5.531000000000000000e+03,3.895053494255239723e+00
5.532000000000000000e+03,4.106965657318741414e+00
5.533000000000000000e+03,3.796400657389357836e+00
5.534000000000000000e+03,3.859025033451895403e+00
5.535000000000000000e+03,3.545702412304326145e+00
5.536000000000000000e+03,3.722916122943074058e+00
5.537000000000000000e+03,3.868133768113962034e+00
5.538000000000000000e+03,3.773805052002526583e+00
5.539000000000000000e+03,3.743862303736890773e+00
5.540000000000000000e+03,3.675809533849976773e+00
5.541000000000000000e+03,3.850398335452280385e+00
5.542000000000000000e+03,3.535077027395187699e+00
5.543000000000000000e+03,3.774261222321702469e+00
5.544000000000000000e+03,3.936083786953620933e+00
5.545000000000000000e+03,3.413559743233483434e+00
5.546000000000000000e+03,3.568113430851515222e+00
5.547000000000000000e+03,3.650806704103754186e+00
5.548000000000000000e+03,3.874830123914213331e+00
5.549000000000000000e+03,3.664036765233751769e+00
5.550000000000000000e+03,3.861292901402196165e+00
5.551000000000000000e+03,3.895369185950281032e+00
5.552000000000000000e+03,3.694939294570320332e+00
5.553000000000000000e+03,3.817820713709997982e+00
5.554000000000000000e+03,3.377361096183228550e+00
5.555000000000000000e+03,3.595292558616144607e+00
5.556000000000000000e+03,3.679665710711845339e+00
5.557000000000000000e+03,3.847232113064593229e+00
5.558000000000000000e+03,3.404531378605214265e+00
5.559000000000000000e+03,3.844378210827502862e+00
5.560000000000000000e+03,3.701115090606951874e+00
5.561000000000000000e+03,3.703228785920235300e+00
5.562000000000000000e+03,3.565445280552077989e+00
5.563000000000000000e+03,3.910298860596737924e+00
5.564000000000000000e+03,3.770402905816761407e+00
5.565000000000000000e+03,3.527646238668812106e+00
5.566000000000000000e+03,4.075432629910454629e+00
5.567000000000000000e+03,3.613214105021035571e+00
5.568000000000000000e+03,3.657628448183733560e+00
5.569000000000000000e+03,3.906346387808538712e+00
5.570000000000000000e+03,3.782827292978510503e+00
5.571000000000000000e+03,3.762257788650411161e+00
5.572000000000000000e+03,3.437909013069785136e+00
5.573000000000000000e+03,3.667886965323030601e+00
5.574000000000000000e+03,3.479504399276149407e+00
5.575000000000000000e+03,3.680757402561452896e+00
5.576000000000000000e+03,3.481673987491722411e+00
5.577000000000000000e+03,3.703190610248697556e+00
5.578000000000000000e+03,3.505352596589644598e+00
5.579000000000000000e+03,3.865959140594813714e+00
5.580000000000000000e+03,3.864301737528697434e+00
5.581000000000000000e+03,3.726801437707274456e+00
5.582000000000000000e+03,3.986434019238594750e+00
5.583000000000000000e+03,3.438695260510898244e+00
5.584000000000000000e+03,3.800427853965540947e+00
5.585000000000000000e+03,3.837182975588540490e+00
5.586000000000000000e+03,3.858856289525644190e+00
5.587000000000000000e+03,3.605686973968715847e+00
5.588000000000000000e+03,3.422364571463835770e+00
5.589000000000000000e+03,3.910485435828717105e+00
5.590000000000000000e+03,3.493402553929552568e+00
5.591000000000000000e+03,3.523881129168735971e+00
5.592000000000000000e+03,3.474885922928335980e+00
5.593000000000000000e+03,3.675202217031175334e+00
5.594000000000000000e+03,3.328205441629995764e+00
5.595000000000000000e+03,3.974605866116421637e+00
5.596000000000000000e+03,3.873529156745769697e+00
5.597000000000000000e+03,3.688636513218485291e+00
5.598000000000000000e+03,3.845218679528977113e+00
5.599000000000000000e+03,3.727715534795484675e+00
5.600000000000000000e+03,3.564471102940138802e+00
5.601000000000000000e+03,3.806559418424638075e+00
5.602000000000000000e+03,3.944814407526845645e+00
5.603000000000000000e+03,3.778455953982150284e+00
5.604000000000000000e+03,3.731340513404205250e+00
5.605000000000000000e+03,3.796132046109891967e+00
5.606000000000000000e+03,3.829831271171479035e+00
5.607000000000000000e+03,3.448750462529123428e+00
5.608000000000000000e+03,3.529749638316785454e+00
5.609000000000000000e+03,3.552892829274972630e+00
5.610000000000000000e+03,3.546272216517667442e+00
5.611000000000000000e+03,3.587072245693820882e+00
5.612000000000000000e+03,3.567496859289598365e+00
5.613000000000000000e+03,3.293039381905860097e+00
5.614000000000000000e+03,3.580190243971181463e+00
5.615000000000000000e+03,3.808228082651488933e+00
5.616000000000000000e+03,3.709233031172450623e+00
5.617000000000000000e+03,3.510836209031597210e+00
5.618000000000000000e+03,3.703617921781396483e+00
5.619000000000000000e+03,3.637628011572850983e+00
5.620000000000000000e+03,3.644134629789359980e+00
5.621000000000000000e+03,3.510736150422652635e+00
5.622000000000000000e+03,3.649975432335355041e+00
5.623000000000000000e+03,3.718038660691297181e+00
5.624000000000000000e+03,3.626483374058419695e+00
5.625000000000000000e+03,3.696996801321927428e+00
5.626000000000000000e+03,3.840656393061677498e+00
5.627000000000000000e+03,3.875318997323871528e+00
5.628000000000000000e+03,3.545972902040885444e+00
5.629000000000000000e+03,3.889866317661242245e+00
5.630000000000000000e+03,3.778375362458079145e+00
5.631000000000000000e+03,3.876382988376519734e+00
5.632000000000000000e+03,3.580498333190619054e+00
5.633000000000000000e+03,3.987761934024727672e+00
5.634000000000000000e+03,3.984093678816825967e+00
5.635000000000000000e+03,3.572830672254838191e+00
5.636000000000000000e+03,3.933710031525468054e+00
5.637000000000000000e+03,3.794427219665873707e+00
5.638000000000000000e+03,3.781583821578485605e+00
5.639000000000000000e+03,3.866454180595867651e+00
5.640000000000000000e+03,3.462609185720889382e+00
5.641000000000000000e+03,3.461892434293890819e+00
5.642000000000000000e+03,3.818673922847784841e+00
5.643000000000000000e+03,3.680017196894001863e+00
5.644000000000000000e+03,3.663437657989048635e+00
5.645000000000000000e+03,3.447142006098183220e+00
5.646000000000000000e+03,3.499830391679353614e+00
5.647000000000000000e+03,3.890320374931914404e+00
5.648000000000000000e+03,3.599315437152427855e+00
5.649000000000000000e+03,3.791111673656412329e+00
5.650000000000000000e+03,3.736640145481620490e+00
5.651000000000000000e+03,3.645103850578719662e+00
5.652000000000000000e+03,3.884023169611899640e+00
5.653000000000000000e+03,3.891353139179003939e+00
5.654000000000000000e+03,3.778077092393552938e+00
5.655000000000000000e+03,3.561218503494181675e+00
5.656000000000000000e+03,3.641624599342441204e+00
5.657000000000000000e+03,3.912882464845067521e+00
5.658000000000000000e+03,3.830238087901641109e+00
5.659000000000000000e+03,3.583915451613589820e+00
5.660000000000000000e+03,3.548208863049362005e+00
5.661000000000000000e+03,3.664541644433800371e+00
5.662000000000000000e+03,3.722039265863212876e+00
5.663000000000000000e+03,3.985967473719139065e+00
5.664000000000000000e+03,3.967337008920087005e+00
5.665000000000000000e+03,3.824912600709613475e+00
5.666000000000000000e+03,3.891773110299040273e+00
5.667000000000000000e+03,3.350480056852864319e+00
5.668000000000000000e+03,3.575733259437931189e+00
5.669000000000000000e+03,3.623789708577588087e+00
5.670000000000000000e+03,3.509352029603618917e+00
5.671000000000000000e+03,3.707823494116595953e+00
5.672000000000000000e+03,4.040648389733839885e+00
5.673000000000000000e+03,3.713759027590682216e+00
5.674000000000000000e+03,3.574543712184226063e+00
5.675000000000000000e+03,3.436628089801429198e+00
5.676000000000000000e+03,3.629466062665411830e+00
5.677000000000000000e+03,3.558568244901891831e+00
5.678000000000000000e+03,3.585201487894581263e+00
5.679000000000000000e+03,3.656985909182865147e+00
5.680000000000000000e+03,3.596651824707176370e+00
5.681000000000000000e+03,3.285432564021294688e+00
5.682000000000000000e+03,3.757223199670475910e+00
5.683000000000000000e+03,3.707367479230981644e+00
5.684000000000000000e+03,4.040113478047453022e+00
5.685000000000000000e+03,3.479032963373007270e+00
5.686000000000000000e+03,3.591874574188686609e+00
5.687000000000000000e+03,3.796823277149752318e+00
5.688000000000000000e+03,3.821801144339567191e+00
5.689000000000000000e+03,3.887927205983992884e+00
5.690000000000000000e+03,3.381223410781478478e+00
5.691000000000000000e+03,3.494860804435325985e+00
5.692000000000000000e+03,3.675278133935442781e+00
5.693000000000000000e+03,3.861498875599178149e+00
5.694000000000000000e+03,3.461807604427745044e+00
5.695000000000000000e+03,3.796627729484519431e+00
5.696000000000000000e+03,3.607990082249826091e+00
5.697000000000000000e+03,3.607360429268520186e+00
5.698000000000000000e+03,3.718818792205137669e+00
5.699000000000000000e+03,3.479880120949514488e+00
5.700000000000000000e+03,3.568224871056605352e+00
5.701000000000000000e+03,3.570679496797818153e+00
5.702000000000000000e+03,3.811756122378647138e+00
5.703000000000000000e+03,3.837918847761618402e+00
5.704000000000000000e+03,3.631981513250723381e+00
5.705000000000000000e+03,3.826280301630000213e+00
5.706000000000000000e+03,3.549419433139915814e+00
5.707000000000000000e+03,3.874536131905289338e+00
5.708000000000000000e+03,3.765986930952864409e+00
5.709000000000000000e+03,3.792746023367046693e+00
5.710000000000000000e+03,3.811148841029853962e+00
5.711000000000000000e+03,3.392260235087403597e+00
5.712000000000000000e+03,3.721735964463577684e+00
5.713000000000000000e+03,3.683622727743383507e+00
5.714000000000000000e+03,4.002964462996574824e+00
5.715000000000000000e+03,3.593254276391330659e+00
5.716000000000000000e+03,3.731545639382644275e+00
5.717000000000000000e+03,3.618652696833746685e+00
5.718000000000000000e+03,3.448631796642095182e+00
5.719000000000000000e+03,3.601004211852127046e+00
5.720000000000000000e+03,3.679925716368478650e+00
5.721000000000000000e+03,3.634748592952728785e+00
5.722000000000000000e+03,3.859126651303372402e+00
5.723000000000000000e+03,3.765247618830877219e+00
5.724000000000000000e+03,3.828018049628204800e+00
5.725000000000000000e+03,3.863466064903111619e+00
5.726000000000000000e+03,3.729857908130099098e+00
5.727000000000000000e+03,3.622302508118988573e+00
5.728000000000000000e+03,3.763953260588999594e+00
5.729000000000000000e+03,3.742039404956073678e+00
5.730000000000000000e+03,3.440151601572202456e+00
5.731000000000000000e+03,3.448206628476387259e+00
5.732000000000000000e+03,3.590207803114127572e+00
5.733000000000000000e+03,3.574427832195489430e+00
5.734000000000000000e+03,3.814641294800968030e+00
5.735000000000000000e+03,3.597613704354843733e+00
5.736000000000000000e+03,3.797935044017301198e+00
5.737000000000000000e+03,3.736441966869323839e+00
5.738000000000000000e+03,3.567288710181902189e+00
5.739000000000000000e+03,3.362585748316945899e+00
5.740000000000000000e+03,3.716247803230744218e+00
5.741000000000000000e+03,3.698772636497698496e+00
5.742000000000000000e+03,3.535061194174862642e+00
5.743000000000000000e+03,3.630904796023373127e+00
5.744000000000000000e+03,3.411030637030191492e+00
5.745000000000000000e+03,3.547257036273343989e+00
5.746000000000000000e+03,3.414449191539872697e+00
5.747000000000000000e+03,3.725202265511647237e+00
5.748000000000000000e+03,3.614408247656576201e+00
5.749000000000000000e+03,3.598209170405641810e+00
5.750000000000000000e+03,3.658191246030991550e+00
5.751000000000000000e+03,3.614087052806340239e+00
5.752000000000000000e+03,3.682528930427706904e+00
5.753000000000000000e+03,3.577177790811345126e+00
5.754000000000000000e+03,3.438438402009037720e+00
5.755000000000000000e+03,3.515657395661138551e+00
5.756000000000000000e+03,3.657227600339585383e+00
5.757000000000000000e+03,3.789746251767506013e+00
5.758000000000000000e+03,3.659075633913854375e+00
5.759000000000000000e+03,3.550737739325840803e+00
5.760000000000000000e+03,3.371590467207829178e+00
5.761000000000000000e+03,3.812162559515950289e+00
5.762000000000000000e+03,3.780381964725958888e+00
5.763000000000000000e+03,3.412252426446007902e+00
5.764000000000000000e+03,3.886536969117228235e+00
5.765000000000000000e+03,3.842428997318986017e+00
5.766000000000000000e+03,3.570433162978624342e+00
5.767000000000000000e+03,3.889320990113283028e+00
5.768000000000000000e+03,3.538614833580528529e+00
5.769000000000000000e+03,3.613248963910098421e+00
5.770000000000000000e+03,3.592406461909323223e+00
5.771000000000000000e+03,3.641786700327490855e+00
5.772000000000000000e+03,3.890266501123294862e+00
5.773000000000000000e+03,3.485011628551871965e+00
5.774000000000000000e+03,3.797626727117157763e+00
5.775000000000000000e+03,3.378582183087564861e+00
5.776000000000000000e+03,3.923745045754668315e+00
5.777000000000000000e+03,3.590726435020984209e+00
5.778000000000000000e+03,3.441127099437934156e+00
5.779000000000000000e+03,3.762790577088266808e+00
5.780000000000000000e+03,3.567263151363338380e+00
5.781000000000000000e+03,3.554753089154721213e+00
5.782000000000000000e+03,3.647770177541997949e+00
5.783000000000000000e+03,3.548950322789317102e+00
5.784000000000000000e+03,3.805383983695218575e+00
5.785000000000000000e+03,3.777720981756882868e+00
5.786000000000000000e+03,3.727219003530209296e+00
5.787000000000000000e+03,3.890365949105285104e+00
5.788000000000000000e+03,3.607312945918148994e+00
5.789000000000000000e+03,3.811527451123622789e+00
5.790000000000000000e+03,3.721960183933816779e+00
5.791000000000000000e+03,3.639506505755516930e+00
5.792000000000000000e+03,3.777741099846950057e+00
5.793000000000000000e+03,3.605352426915457986e+00
5.794000000000000000e+03,3.375342944103028930e+00
5.795000000000000000e+03,3.576039429198392128e+00
5.796000000000000000e+03,3.597929947722746657e+00
5.797000000000000000e+03,3.510310079226444113e+00
5.798000000000000000e+03,3.432611293921242090e+00
5.799000000000000000e+03,3.728692409909326155e+00
5.800000000000000000e+03,3.689177738825802244e+00
5.801000000000000000e+03,3.448005188339257288e+00
5.802000000000000000e+03,3.808946885140784389e+00
5.803000000000000000e+03,3.715055657239938913e+00
5.804000000000000000e+03,3.820894470656926334e+00
5.805000000000000000e+03,3.409625346371620402e+00
5.806000000000000000e+03,3.461178848166560407e+00
5.807000000000000000e+03,3.509023469664817263e+00
5.808000000000000000e+03,3.590315892148884913e+00
5.809000000000000000e+03,3.636324833339778184e+00
5.810000000000000000e+03,3.681231461519415493e+00
5.811000000000000000e+03,3.592129004040657048e+00
5.812000000000000000e+03,3.835254315810380010e+00
5.813000000000000000e+03,3.652218670770955189e+00
5.814000000000000000e+03,3.739128322663636261e+00
5.815000000000000000e+03,3.531306092658859974e+00
5.816000000000000000e+03,3.652086573691819549e+00
5.817000000000000000e+03,3.884640521947633207e+00
5.818000000000000000e+03,3.659078545217240297e+00
5.819000000000000000e+03,3.530718614878519457e+00
5.820000000000000000e+03,3.996153071493537379e+00
5.821000000000000000e+03,3.798868043454612931e+00
5.822000000000000000e+03,3.726892431088526969e+00
5.823000000000000000e+03,3.703611175274958534e+00
5.824000000000000000e+03,3.785531392162863717e+00
5.825000000000000000e+03,3.778209413583611287e+00
5.826000000000000000e+03,3.691397077152852813e+00
5.827000000000000000e+03,3.615318821221671364e+00
5.828000000000000000e+03,3.884078422208073089e+00
5.829000000000000000e+03,3.440024305259824278e+00
5.830000000000000000e+03,3.422645893213089430e+00
5.831000000000000000e+03,3.963910797923693607e+00
5.832000000000000000e+03,3.371375092154551556e+00
5.833000000000000000e+03,3.545494500728620491e+00
5.834000000000000000e+03,3.466709303445758561e+00
5.835000000000000000e+03,4.043435019023475796e+00
5.836000000000000000e+03,3.540146350900386985e+00
5.837000000000000000e+03,3.540633453812077835e+00
5.838000000000000000e+03,3.826127780154447766e+00
5.839000000000000000e+03,3.316453745624876159e+00
5.840000000000000000e+03,3.618847832410380772e+00
5.841000000000000000e+03,3.986886796675532807e+00
5.842000000000000000e+03,3.407895728591852080e+00
5.843000000000000000e+03,3.695651796329959549e+00
5.844000000000000000e+03,3.516424833515040760e+00
5.845000000000000000e+03,3.796137407119099638e+00
5.846000000000000000e+03,3.919318714633559519e+00
5.847000000000000000e+03,3.549633046145146409e+00
5.848000000000000000e+03,3.803076743903177626e+00
5.849000000000000000e+03,3.892715262574146351e+00
5.850000000000000000e+03,3.614181252133046751e+00
5.851000000000000000e+03,3.628427878415793284e+00
5.852000000000000000e+03,3.736993997453765814e+00
5.853000000000000000e+03,3.282698419038277748e+00
5.854000000000000000e+03,3.366489722730756196e+00
5.855000000000000000e+03,3.682669776018179686e+00
5.856000000000000000e+03,3.621021230629555721e+00
5.857000000000000000e+03,3.685710888815930009e+00
5.858000000000000000e+03,3.798614670028843232e+00
5.859000000000000000e+03,3.901562352304447590e+00
5.860000000000000000e+03,3.581208676490448273e+00
5.861000000000000000e+03,3.611728923653213297e+00
5.862000000000000000e+03,3.658036205513989891e+00
5.863000000000000000e+03,4.001693670731938823e+00
5.864000000000000000e+03,3.640810859486098838e+00
5.865000000000000000e+03,3.975650305476547519e+00
5.866000000000000000e+03,3.658675694908116949e+00
5.867000000000000000e+03,3.711513885669677215e+00
5.868000000000000000e+03,3.645733885480173075e+00
5.869000000000000000e+03,3.730562257081054156e+00
5.870000000000000000e+03,3.545801676061628438e+00
5.871000000000000000e+03,3.839492115641196968e+00
5.872000000000000000e+03,3.752819892739711172e+00
5.873000000000000000e+03,4.109530557629454073e+00
5.874000000000000000e+03,3.829920328583233946e+00
5.875000000000000000e+03,3.728173597198915612e+00
5.876000000000000000e+03,3.577620468133813514e+00
5.877000000000000000e+03,3.757348702715851196e+00
5.878000000000000000e+03,3.438339603556507029e+00
5.879000000000000000e+03,3.791838758758466987e+00
5.880000000000000000e+03,3.772545958305216551e+00
5.881000000000000000e+03,3.778721449310352476e+00
5.882000000000000000e+03,4.137166681231199128e+00
5.883000000000000000e+03,3.837858508127006019e+00
5.884000000000000000e+03,3.591273862848531007e+00
5.885000000000000000e+03,3.614080638112782129e+00
5.886000000000000000e+03,3.685863132312764634e+00
5.887000000000000000e+03,3.628074492768803783e+00
5.888000000000000000e+03,3.814195671846487112e+00
5.889000000000000000e+03,3.660816043070360237e+00
5.890000000000000000e+03,3.583004705459266415e+00
5.891000000000000000e+03,3.818413623656783606e+00
5.892000000000000000e+03,3.968036572682753782e+00
5.893000000000000000e+03,3.790733262124725833e+00
5.894000000000000000e+03,3.491327187020954792e+00
5.895000000000000000e+03,3.953500500540382490e+00
5.896000000000000000e+03,3.444243819824999164e+00
5.897000000000000000e+03,3.946107498244976419e+00
5.898000000000000000e+03,3.290026660816129489e+00
5.899000000000000000e+03,3.876405557492452303e+00
5.900000000000000000e+03,3.696469696751502720e+00
5.901000000000000000e+03,3.842845695354325741e+00
5.902000000000000000e+03,3.585088984503913778e+00
5.903000000000000000e+03,3.628260716654791551e+00
5.904000000000000000e+03,3.622203196936308878e+00
5.905000000000000000e+03,3.632453718570754830e+00
5.906000000000000000e+03,3.839309061920906263e+00
5.907000000000000000e+03,3.628757966389332346e+00
5.908000000000000000e+03,3.599513961008027341e+00
5.909000000000000000e+03,3.408039560332917439e+00
5.910000000000000000e+03,3.759333988808471805e+00
5.911000000000000000e+03,3.615474417454377143e+00
5.912000000000000000e+03,3.646369198814255697e+00
5.913000000000000000e+03,3.961073581236996599e+00
5.914000000000000000e+03,3.575414251376107355e+00
5.915000000000000000e+03,3.689829548468821940e+00
5.916000000000000000e+03,3.380621776420832614e+00
5.917000000000000000e+03,3.598133664528827325e+00
5.918000000000000000e+03,3.480249778206264466e+00
5.919000000000000000e+03,3.918983318052277731e+00
5.920000000000000000e+03,3.524909259906595871e+00
5.921000000000000000e+03,3.336765143285614243e+00
5.922000000000000000e+03,3.872601951338136228e+00
5.923000000000000000e+03,3.462520546508223163e+00
5.924000000000000000e+03,3.561446932468255167e+00
5.925000000000000000e+03,3.739984026650402527e+00
5.926000000000000000e+03,3.549746865931576512e+00
5.927000000000000000e+03,3.848129713936956797e+00
5.928000000000000000e+03,3.675784177457967594e+00
5.929000000000000000e+03,3.697716258545844070e+00
5.930000000000000000e+03,4.003383468738067386e+00
5.931000000000000000e+03,3.497831365019111516e+00
5.932000000000000000e+03,3.752810527776276217e+00
5.933000000000000000e+03,3.908690028527745053e+00
5.934000000000000000e+03,3.609873996515715611e+00
5.935000000000000000e+03,3.690181948229089404e+00
5.936000000000000000e+03,3.666176143707421176e+00
5.937000000000000000e+03,4.055022255557571675e+00
5.938000000000000000e+03,3.844216933437803352e+00
5.939000000000000000e+03,3.517920886649153367e+00
5.940000000000000000e+03,3.488544478323614140e+00
5.941000000000000000e+03,3.880964195622731872e+00
5.942000000000000000e+03,3.469378822045843247e+00
5.943000000000000000e+03,3.780862971311616416e+00
5.944000000000000000e+03,3.505975935182949144e+00
5.945000000000000000e+03,3.363602875612501375e+00
5.946000000000000000e+03,3.665464263371451814e+00
5.947000000000000000e+03,3.743017991227387764e+00
5.948000000000000000e+03,3.645277687198242411e+00
5.949000000000000000e+03,3.871854105748069763e+00
5.950000000000000000e+03,4.054606157367176777e+00
5.951000000000000000e+03,3.218963600251925961e+00
5.952000000000000000e+03,3.965854805888792800e+00
5.953000000000000000e+03,3.508331821193073186e+00
5.954000000000000000e+03,3.735093250577936619e+00
5.955000000000000000e+03,3.599601226702993984e+00
5.956000000000000000e+03,3.646756310951771773e+00
5.957000000000000000e+03,3.819665001759906087e+00
5.958000000000000000e+03,3.364499925752146403e+00
5.959000000000000000e+03,3.722140184418369024e+00
5.960000000000000000e+03,3.336192295081747972e+00
5.961000000000000000e+03,3.789761926232170008e+00
5.962000000000000000e+03,3.746641180591150810e+00
5.963000000000000000e+03,3.627187545094438637e+00
5.964000000000000000e+03,3.578513098464926045e+00
5.965000000000000000e+03,3.981836879810105589e+00
5.966000000000000000e+03,3.870277002337961125e+00
5.967000000000000000e+03,3.822420911561657864e+00
5.968000000000000000e+03,3.690130211606828858e+00
5.969000000000000000e+03,3.777865230651842321e+00
5.970000000000000000e+03,3.972044095849023293e+00
5.971000000000000000e+03,3.747876695550099946e+00
5.972000000000000000e+03,3.358794828928261644e+00
5.973000000000000000e+03,3.486699007538535788e+00
5.974000000000000000e+03,3.677869378847634874e+00
5.975000000000000000e+03,3.604559310323193433e+00
5.976000000000000000e+03,3.623224804559036283e+00
5.977000000000000000e+03,4.298355897979657669e+00
5.978000000000000000e+03,3.379083346727697279e+00
5.979000000000000000e+03,3.632603719115345964e+00
5.980000000000000000e+03,3.496833885109563500e+00
5.981000000000000000e+03,3.540761268556341435e+00
5.982000000000000000e+03,3.717886081583229974e+00
5.983000000000000000e+03,3.943539136853274396e+00
5.984000000000000000e+03,3.866122316533658232e+00
5.985000000000000000e+03,3.892555297114001167e+00
5.986000000000000000e+03,3.732950315407938202e+00
5.987000000000000000e+03,3.933435189349030026e+00
5.988000000000000000e+03,3.948331121258984222e+00
5.989000000000000000e+03,3.766946800875374368e+00
5.990000000000000000e+03,3.673017721487682685e+00
5.991000000000000000e+03,3.430034329453319764e+00
5.992000000000000000e+03,3.408852260299906956e+00
5.993000000000000000e+03,3.898492581176439931e+00
5.994000000000000000e+03,3.482005764397441361e+00
5.995000000000000000e+03,3.541456114982620473e+00
5.996000000000000000e+03,3.961635937519680795e+00
5.997000000000000000e+03,3.771875068736973535e+00
5.998000000000000000e+03,3.930285398185485057e+00
5.999000000000000000e+03,3.776873383362860714e+00
6.000000000000000000e+03,3.496727747324931634e+00
6.001000000000000000e+03,3.704437700113113241e+00
6.002000000000000000e+03,3.704342512338929083e+00
6.003000000000000000e+03,3.992919867098352782e+00
6.004000000000000000e+03,3.607652783604313740e+00
6.005000000000000000e+03,3.593747817768777608e+00
6.006000000000000000e+03,3.533092189157146734e+00
6.007000000000000000e+03,3.691832543848545090e+00
6.008000000000000000e+03,4.114233009856896217e+00
6.009000000000000000e+03,3.826312020260318914e+00
6.010000000000000000e+03,3.869754698613554034e+00
6.011000000000000000e+03,3.761369034308762682e+00
6.012000000000000000e+03,3.416059709074057871e+00
6.013000000000000000e+03,3.694342847756343140e+00
6.014000000000000000e+03,3.771651131829955705e+00
6.015000000000000000e+03,3.485859817218311729e+00
6.016000000000000000e+03,3.972358603350151451e+00
6.017000000000000000e+03,3.503466365214966238e+00
6.018000000000000000e+03,3.674715400767362361e+00
6.019000000000000000e+03,3.719287224335011022e+00
6.020000000000000000e+03,3.905081505183112256e+00
6.021000000000000000e+03,3.718609700732885770e+00
6.022000000000000000e+03,3.932730498567980071e+00
6.023000000000000000e+03,3.655189135578346793e+00
6.024000000000000000e+03,3.643334061514578170e+00
6.025000000000000000e+03,3.657390994144803731e+00
6.026000000000000000e+03,3.518661386095297328e+00
6.027000000000000000e+03,3.630257156379826267e+00
6.028000000000000000e+03,3.766479703458855077e+00
6.029000000000000000e+03,3.768909960256639824e+00
6.030000000000000000e+03,3.680302923247422253e+00
6.031000000000000000e+03,3.654810281807324479e+00
6.032000000000000000e+03,3.490186112822144082e+00
6.033000000000000000e+03,3.759728527548732657e+00
6.034000000000000000e+03,3.752862446579295241e+00
6.035000000000000000e+03,4.027449084699499693e+00
6.036000000000000000e+03,3.770547994580562445e+00
6.037000000000000000e+03,3.695623361229702031e+00
6.038000000000000000e+03,4.018006645135566934e+00
6.039000000000000000e+03,3.644929427856102855e+00
6.040000000000000000e+03,3.792198662406568666e+00
6.041000000000000000e+03,3.812392470701483127e+00
6.042000000000000000e+03,3.663291173545189405e+00
6.043000000000000000e+03,3.707204169868544064e+00
6.044000000000000000e+03,3.646208912819279391e+00
6.045000000000000000e+03,3.646072784341994666e+00
6.046000000000000000e+03,3.777531636896680034e+00
6.047000000000000000e+03,3.800933715313929984e+00
6.048000000000000000e+03,3.821656980880199228e+00
6.049000000000000000e+03,3.926712315402100639e+00
6.050000000000000000e+03,3.952131006848903283e+00
6.051000000000000000e+03,3.585848634749798425e+00
6.052000000000000000e+03,3.656523693787825824e+00
6.053000000000000000e+03,3.727031335193145001e+00
6.054000000000000000e+03,3.932841032504212020e+00
6.055000000000000000e+03,3.732651252638535144e+00
6.056000000000000000e+03,3.788314884467441246e+00
6.057000000000000000e+03,3.518104037728549738e+00
6.058000000000000000e+03,4.057130602586653367e+00
6.059000000000000000e+03,3.774104611530277875e+00
6.060000000000000000e+03,3.653824455743704736e+00
6.061000000000000000e+03,3.726419813228965872e+00
6.062000000000000000e+03,3.470868525824760020e+00
6.063000000000000000e+03,3.451009178790615639e+00
6.064000000000000000e+03,3.768499478666165192e+00
6.065000000000000000e+03,3.778597394859544156e+00
6.066000000000000000e+03,3.861639515486452012e+00
6.067000000000000000e+03,3.933573502170269354e+00
6.068000000000000000e+03,3.537833644529284172e+00
6.069000000000000000e+03,3.665825346344336655e+00
6.070000000000000000e+03,3.634826021712880717e+00
6.071000000000000000e+03,3.267829311082567134e+00
6.072000000000000000e+03,4.116192129516877962e+00
6.073000000000000000e+03,3.761213960101156495e+00
6.074000000000000000e+03,3.435196932359836364e+00
6.075000000000000000e+03,3.584893372608971784e+00
6.076000000000000000e+03,3.401211757649097667e+00
6.077000000000000000e+03,3.954687852245151181e+00
6.078000000000000000e+03,3.957453425497090560e+00
6.079000000000000000e+03,3.664101253257041169e+00
6.080000000000000000e+03,3.560192765285390859e+00
6.081000000000000000e+03,3.609181937849858635e+00
6.082000000000000000e+03,3.678047535435498450e+00
6.083000000000000000e+03,3.797435615657156927e+00
6.084000000000000000e+03,4.107734341729257110e+00
6.085000000000000000e+03,3.887526483776786890e+00
6.086000000000000000e+03,3.804652970161124248e+00
6.087000000000000000e+03,3.551618060149801526e+00
6.088000000000000000e+03,3.856156865766245279e+00
6.089000000000000000e+03,3.675947245679034303e+00
6.090000000000000000e+03,3.771888640949900395e+00
6.091000000000000000e+03,4.056540954982208902e+00
6.092000000000000000e+03,3.683081345131132167e+00
6.093000000000000000e+03,3.734488066747775115e+00
6.094000000000000000e+03,3.568844724751129238e+00
6.095000000000000000e+03,3.846637908137473971e+00
6.096000000000000000e+03,3.743897595207597462e+00
6.097000000000000000e+03,3.695380264480682353e+00
6.098000000000000000e+03,3.311882497003522996e+00
6.099000000000000000e+03,3.568404921189551882e+00
6.100000000000000000e+03,3.711349689583609113e+00
6.101000000000000000e+03,3.925372162737457149e+00
6.102000000000000000e+03,3.498446628656702195e+00
6.103000000000000000e+03,3.880491842408130054e+00
6.104000000000000000e+03,3.979329234063190945e+00
6.105000000000000000e+03,3.837696087668986955e+00
6.106000000000000000e+03,3.767192295897197507e+00
6.107000000000000000e+03,3.779093184968533858e+00
6.108000000000000000e+03,3.432920408295682346e+00
6.109000000000000000e+03,3.698832450114310166e+00
6.110000000000000000e+03,3.582859435607201881e+00
6.111000000000000000e+03,3.641184114641235592e+00
6.112000000000000000e+03,3.619851970734292212e+00
6.113000000000000000e+03,3.783268235982057970e+00
6.114000000000000000e+03,3.643972311636371586e+00
6.115000000000000000e+03,3.694726970561982959e+00
6.116000000000000000e+03,3.643924263975892863e+00
6.117000000000000000e+03,3.605015204248477101e+00
6.118000000000000000e+03,3.753884378426743496e+00
6.119000000000000000e+03,3.747227501140441230e+00
6.120000000000000000e+03,3.908929948772194685e+00
6.121000000000000000e+03,3.771683501084303725e+00
6.122000000000000000e+03,3.866906898198672504e+00
6.123000000000000000e+03,3.534870936572334532e+00
6.124000000000000000e+03,3.662291117413522201e+00
6.125000000000000000e+03,3.498873132387401164e+00
6.126000000000000000e+03,3.291192278349829525e+00
6.127000000000000000e+03,3.973274002193069254e+00
6.128000000000000000e+03,3.392296275078628298e+00
6.129000000000000000e+03,3.448234882584193972e+00
6.130000000000000000e+03,3.542833313943634987e+00
6.131000000000000000e+03,3.550699695254673216e+00
6.132000000000000000e+03,3.378517339221729809e+00
6.133000000000000000e+03,3.679450110577256794e+00
6.134000000000000000e+03,3.641223359798173131e+00
6.135000000000000000e+03,3.658053077282248822e+00
6.136000000000000000e+03,3.744025277991571254e+00
6.137000000000000000e+03,3.591784164858860429e+00
6.138000000000000000e+03,3.711414663393893143e+00
6.139000000000000000e+03,3.480466235616851645e+00
6.140000000000000000e+03,3.760376451865063530e+00
6.141000000000000000e+03,3.599292395146847845e+00
6.142000000000000000e+03,3.933580591536537607e+00
6.143000000000000000e+03,3.767667514679635232e+00
6.144000000000000000e+03,3.824945179860604672e+00
6.145000000000000000e+03,3.659495976236510462e+00
6.146000000000000000e+03,3.913767452066340358e+00
6.147000000000000000e+03,3.491827257934136952e+00
6.148000000000000000e+03,3.581932487966815959e+00
6.149000000000000000e+03,3.746871746233955580e+00
6.150000000000000000e+03,3.597537854286929182e+00
6.151000000000000000e+03,3.628314491234318595e+00
6.152000000000000000e+03,3.857240882638262480e+00
6.153000000000000000e+03,3.514404430501784304e+00
6.154000000000000000e+03,3.450002732883757695e+00
6.155000000000000000e+03,3.882505759198674689e+00
6.156000000000000000e+03,3.576926960951882783e+00
6.157000000000000000e+03,3.713627021883284751e+00
6.158000000000000000e+03,3.625871081052310707e+00
6.159000000000000000e+03,3.422813883524221001e+00
6.160000000000000000e+03,3.601264259763649722e+00
6.161000000000000000e+03,3.887525643394128316e+00
6.162000000000000000e+03,3.683182061452239253e+00
6.163000000000000000e+03,3.494199282134073048e+00
6.164000000000000000e+03,3.682945593821759456e+00
6.165000000000000000e+03,3.944298177038616959e+00
6.166000000000000000e+03,3.978233348023576976e+00
6.167000000000000000e+03,3.885805178337566446e+00
6.168000000000000000e+03,3.336365135905170920e+00
6.169000000000000000e+03,3.967948232516904650e+00
6.170000000000000000e+03,3.615952218936408613e+00
6.171000000000000000e+03,3.579375564471136695e+00
6.172000000000000000e+03,3.646591607222610776e+00
6.173000000000000000e+03,3.734607526473408878e+00
6.174000000000000000e+03,3.639416800992139489e+00
6.175000000000000000e+03,3.701678143065832316e+00
6.176000000000000000e+03,3.884308555871954560e+00
6.177000000000000000e+03,3.657691303359298818e+00
6.178000000000000000e+03,4.192616440836753888e+00
6.179000000000000000e+03,3.683673461978075547e+00
6.180000000000000000e+03,3.739466555631260736e+00
6.181000000000000000e+03,3.489452102704910796e+00
6.182000000000000000e+03,3.794046259323444303e+00
6.183000000000000000e+03,3.540303282226790138e+00
6.184000000000000000e+03,3.416410466992930051e+00
6.185000000000000000e+03,3.821760236527940169e+00
6.186000000000000000e+03,4.019622404031936824e+00
6.187000000000000000e+03,3.721546032807797388e+00
6.188000000000000000e+03,3.796363136989139964e+00
6.189000000000000000e+03,3.460369518754162321e+00
6.190000000000000000e+03,3.733368328993972529e+00
6.191000000000000000e+03,3.654411630345468343e+00
6.192000000000000000e+03,3.656437040194124855e+00
6.193000000000000000e+03,3.948959730829116666e+00
6.194000000000000000e+03,3.760100468536996310e+00
6.195000000000000000e+03,3.746221386685110399e+00
6.196000000000000000e+03,4.059008669051841878e+00
6.197000000000000000e+03,3.385348723826463679e+00
6.198000000000000000e+03,3.732059934362291997e+00
6.199000000000000000e+03,3.929302638659080138e+00
6.200000000000000000e+03,3.701978101153296841e+00
6.201000000000000000e+03,3.326398777611065505e+00
6.202000000000000000e+03,3.586074137511080284e+00
6.203000000000000000e+03,3.733825252218814672e+00
6.204000000000000000e+03,3.671924550097937168e+00
6.205000000000000000e+03,3.655354762987398587e+00
6.206000000000000000e+03,3.883874275710516688e+00
6.207000000000000000e+03,3.736425241300922906e+00
6.208000000000000000e+03,3.871562770449128887e+00
6.209000000000000000e+03,3.553271948201929042e+00
6.210000000000000000e+03,3.959005678173937337e+00
6.211000000000000000e+03,3.781058556794387737e+00
6.212000000000000000e+03,3.238337620084312807e+00
6.213000000000000000e+03,3.686269463456238515e+00
6.214000000000000000e+03,3.893517956596978635e+00
6.215000000000000000e+03,3.747719954949475518e+00
6.216000000000000000e+03,3.520966823068130136e+00
6.217000000000000000e+03,3.665499064491939407e+00
6.218000000000000000e+03,3.913979100998892680e+00
6.219000000000000000e+03,3.905480006650682068e+00
6.220000000000000000e+03,3.865464410677811991e+00
6.221000000000000000e+03,3.359115641797963292e+00
6.222000000000000000e+03,3.629665658440103027e+00
6.223000000000000000e+03,4.157723139390235190e+00
6.224000000000000000e+03,3.867703781367401561e+00
6.225000000000000000e+03,3.723352716067783064e+00
6.226000000000000000e+03,3.478811082413054923e+00
6.227000000000000000e+03,3.940884863252567261e+00
6.228000000000000000e+03,3.896727100363669205e+00
6.229000000000000000e+03,3.642222946110960535e+00
6.230000000000000000e+03,3.545010200002589595e+00
6.231000000000000000e+03,3.572737398675733367e+00
6.232000000000000000e+03,3.720584839283699541e+00
6.233000000000000000e+03,3.647508980163666870e+00
6.234000000000000000e+03,3.621912477687707188e+00
6.235000000000000000e+03,3.728906684745634692e+00
6.236000000000000000e+03,3.808115420851700961e+00
6.237000000000000000e+03,4.086255325198022703e+00
6.238000000000000000e+03,3.605855571369155577e+00
6.239000000000000000e+03,3.731455879417387766e+00
6.240000000000000000e+03,3.859873213865893327e+00
6.241000000000000000e+03,3.698427292048061421e+00
6.242000000000000000e+03,3.793039812070514660e+00
6.243000000000000000e+03,3.715443221504362903e+00
6.244000000000000000e+03,3.866356475485724253e+00
6.245000000000000000e+03,3.804907371372124203e+00
6.246000000000000000e+03,3.736244380800816778e+00
6.247000000000000000e+03,3.599230821059669072e+00
6.248000000000000000e+03,3.800049996004271957e+00
6.249000000000000000e+03,3.745292042962826251e+00
6.250000000000000000e+03,3.561868994627324536e+00
6.251000000000000000e+03,3.741375363312336333e+00
6.252000000000000000e+03,3.518891597676785388e+00
6.253000000000000000e+03,3.682265473463884664e+00
6.254000000000000000e+03,3.869424750491721188e+00
6.255000000000000000e+03,4.014397108573280804e+00
6.256000000000000000e+03,3.758549601079101077e+00
6.257000000000000000e+03,3.545449430967012372e+00
6.258000000000000000e+03,3.642121307870839875e+00
6.259000000000000000e+03,3.765668930908160128e+00
6.260000000000000000e+03,3.719517479684117500e+00
6.261000000000000000e+03,3.985426358822528048e+00
6.262000000000000000e+03,3.794166868579027518e+00
6.263000000000000000e+03,3.693650442280555612e+00
6.264000000000000000e+03,3.742268434026196022e+00
6.265000000000000000e+03,3.330029749009208562e+00
6.266000000000000000e+03,4.139727883529837449e+00
6.267000000000000000e+03,3.333112681581710035e+00
6.268000000000000000e+03,3.687772031976818798e+00
6.269000000000000000e+03,3.822538374386251547e+00
6.270000000000000000e+03,3.491718588804443968e+00
6.271000000000000000e+03,3.627284829488375273e+00
6.272000000000000000e+03,3.509441769370030606e+00
6.273000000000000000e+03,3.461624447360277301e+00
6.274000000000000000e+03,3.951227516685333452e+00
6.275000000000000000e+03,3.836796350489397156e+00
6.276000000000000000e+03,3.681730267474834228e+00
6.277000000000000000e+03,3.566276751994328365e+00
6.278000000000000000e+03,3.403563584114239315e+00
6.279000000000000000e+03,3.991998775385904086e+00
6.280000000000000000e+03,3.927640341472901309e+00
6.281000000000000000e+03,3.616022337399724673e+00
6.282000000000000000e+03,3.431435236693870738e+00
6.283000000000000000e+03,3.632605595485277394e+00
6.284000000000000000e+03,3.714882054310525206e+00
6.285000000000000000e+03,3.701697620266445554e+00
6.286000000000000000e+03,3.322979500264780839e+00
6.287000000000000000e+03,3.999898867472271746e+00
6.288000000000000000e+03,3.465574792672779125e+00
6.289000000000000000e+03,4.126201863506488543e+00
6.290000000000000000e+03,3.444678112317819618e+00
6.291000000000000000e+03,3.580315477627574960e+00
6.292000000000000000e+03,3.751555046249517300e+00
6.293000000000000000e+03,3.715572532878131273e+00
6.294000000000000000e+03,3.669804200299141783e+00
6.295000000000000000e+03,3.603978773509238565e+00
6.296000000000000000e+03,3.944732185065979113e+00
6.297000000000000000e+03,3.566036459425768079e+00
6.298000000000000000e+03,3.765157698932444674e+00
6.299000000000000000e+03,3.489376038443060768e+00
6.300000000000000000e+03,3.728721218247808444e+00
6.301000000000000000e+03,3.503105597613168420e+00
6.302000000000000000e+03,3.733954782262000727e+00
6.303000000000000000e+03,3.469089125075817126e+00
6.304000000000000000e+03,3.750934447890776013e+00
6.305000000000000000e+03,3.378703857426095247e+00
6.306000000000000000e+03,3.805668768980923655e+00
6.307000000000000000e+03,3.865160135357053051e+00
6.308000000000000000e+03,3.761216911790605355e+00
6.309000000000000000e+03,3.879503506931956114e+00
6.310000000000000000e+03,3.536076603556040254e+00
6.311000000000000000e+03,3.807849669397862957e+00
6.312000000000000000e+03,3.803798078323263887e+00
6.313000000000000000e+03,3.745540571135846264e+00
6.314000000000000000e+03,3.574286333067497434e+00
6.315000000000000000e+03,3.628573829702667286e+00
6.316000000000000000e+03,3.601433125024455784e+00
6.317000000000000000e+03,3.786558018683181093e+00
6.318000000000000000e+03,3.359608495612003587e+00
6.319000000000000000e+03,3.400044059344485170e+00
6.320000000000000000e+03,3.987944389740273543e+00
6.321000000000000000e+03,3.458965233549071261e+00
6.322000000000000000e+03,3.603121829213794758e+00
6.323000000000000000e+03,3.564865641725385004e+00
6.324000000000000000e+03,3.636336526307285766e+00
6.325000000000000000e+03,3.938908045264128521e+00
6.326000000000000000e+03,3.365612504362881729e+00
6.327000000000000000e+03,3.710499608661448789e+00
6.328000000000000000e+03,3.647698849879100536e+00
6.329000000000000000e+03,3.866399872574485919e+00
6.330000000000000000e+03,3.276374202889519971e+00
6.331000000000000000e+03,3.675894274748778390e+00
6.332000000000000000e+03,3.798525898254056177e+00
6.333000000000000000e+03,3.867646300889594713e+00
6.334000000000000000e+03,3.730615246172570121e+00
6.335000000000000000e+03,3.742148599117267604e+00
6.336000000000000000e+03,3.687763906585970641e+00
6.337000000000000000e+03,3.655465779277572214e+00
6.338000000000000000e+03,3.817721816608223850e+00
6.339000000000000000e+03,3.700915529836469098e+00
6.340000000000000000e+03,3.807270316408104094e+00
6.341000000000000000e+03,3.469467760095036102e+00
6.342000000000000000e+03,3.650782068714272466e+00
6.343000000000000000e+03,3.719966080357147487e+00
6.344000000000000000e+03,3.651185275295449451e+00
6.345000000000000000e+03,3.825748142288791787e+00
6.346000000000000000e+03,3.731804710895406885e+00
6.347000000000000000e+03,3.640505834208068059e+00
6.348000000000000000e+03,3.482719108573500755e+00
6.349000000000000000e+03,3.753312485155485767e+00
6.350000000000000000e+03,3.939424636468150887e+00
6.351000000000000000e+03,3.416054612596068463e+00
6.352000000000000000e+03,3.519511207944856057e+00
6.353000000000000000e+03,3.536163016828853589e+00
6.354000000000000000e+03,3.750238687435516027e+00
6.355000000000000000e+03,3.514379733070024159e+00
6.356000000000000000e+03,3.625113955371513264e+00
6.357000000000000000e+03,3.901632430057434764e+00
6.358000000000000000e+03,3.659063342090663973e+00
6.359000000000000000e+03,3.761252710849428471e+00
6.360000000000000000e+03,3.842171633910211437e+00
6.361000000000000000e+03,3.655160371375641759e+00
6.362000000000000000e+03,3.638884181373553961e+00
6.363000000000000000e+03,3.731603098892941617e+00
6.364000000000000000e+03,3.508318282149161416e+00
6.365000000000000000e+03,3.871810347609640157e+00
6.366000000000000000e+03,3.549391310047208314e+00
6.367000000000000000e+03,3.855293123488552798e+00
6.368000000000000000e+03,3.743937227869862383e+00
6.369000000000000000e+03,3.555910912334273366e+00
6.370000000000000000e+03,3.555212037696979799e+00
6.371000000000000000e+03,3.642437430055319059e+00
6.372000000000000000e+03,3.516789911479204278e+00
6.373000000000000000e+03,3.753814103341931219e+00
6.374000000000000000e+03,3.892534354217224823e+00
6.375000000000000000e+03,3.797993883301768570e+00
6.376000000000000000e+03,3.632925163129939516e+00
6.377000000000000000e+03,4.096124697804926384e+00
6.378000000000000000e+03,3.402499185957592598e+00
6.379000000000000000e+03,3.549556305975557713e+00
6.380000000000000000e+03,3.691176091648528779e+00
6.381000000000000000e+03,3.754691938283976516e+00
6.382000000000000000e+03,3.707010189452057070e+00
6.383000000000000000e+03,3.964514363944998454e+00
6.384000000000000000e+03,3.573869868537660643e+00
6.385000000000000000e+03,3.668203937337161324e+00
6.386000000000000000e+03,3.951838051910412375e+00
6.387000000000000000e+03,3.558566511932261367e+00
6.388000000000000000e+03,3.565223118710640904e+00
6.389000000000000000e+03,3.664852300745446101e+00
6.390000000000000000e+03,3.464236448753515774e+00
6.391000000000000000e+03,3.654043100957463430e+00
6.392000000000000000e+03,3.605578620402885903e+00
6.393000000000000000e+03,3.631761783976438451e+00
6.394000000000000000e+03,3.810484229648106513e+00
6.395000000000000000e+03,3.394932190433258334e+00
6.396000000000000000e+03,3.773220665231606930e+00
6.397000000000000000e+03,3.515295106561008520e+00
6.398000000000000000e+03,3.545293037010977866e+00
6.399000000000000000e+03,3.521613708047540481e+00
6.400000000000000000e+03,3.516710922073428502e+00
6.401000000000000000e+03,3.267649620092895280e+00
6.402000000000000000e+03,3.860077510808618939e+00
6.403000000000000000e+03,3.860170638065642645e+00
6.404000000000000000e+03,3.654406789240518538e+00
6.405000000000000000e+03,3.784904947077019077e+00
6.406000000000000000e+03,3.515373724019505541e+00
6.407000000000000000e+03,3.995109292032239079e+00
6.408000000000000000e+03,3.911800035308296675e+00
6.409000000000000000e+03,3.601698107264204030e+00
6.410000000000000000e+03,4.062970684179824765e+00
6.411000000000000000e+03,3.508191988424547603e+00
6.412000000000000000e+03,3.763118136063653196e+00
6.413000000000000000e+03,3.689930607551073383e+00
6.414000000000000000e+03,3.688415647431563915e+00
6.415000000000000000e+03,3.571727874904363276e+00
6.416000000000000000e+03,3.704960137734189196e+00
6.417000000000000000e+03,3.528206368714125407e+00
6.418000000000000000e+03,3.513520494266079375e+00
6.419000000000000000e+03,3.662133671301919247e+00
6.420000000000000000e+03,3.555455486616406091e+00
6.421000000000000000e+03,3.707160695418637353e+00
6.422000000000000000e+03,3.620162681676292404e+00
6.423000000000000000e+03,3.744467575527863357e+00
6.424000000000000000e+03,3.948493818255459864e+00
6.425000000000000000e+03,3.562749850437019639e+00
6.426000000000000000e+03,3.578027959799086943e+00
6.427000000000000000e+03,3.623981177009462762e+00
6.428000000000000000e+03,3.812099118020133126e+00
6.429000000000000000e+03,3.536576198875114763e+00
6.430000000000000000e+03,3.604673566473615587e+00
6.431000000000000000e+03,4.046256143463983435e+00
6.432000000000000000e+03,3.718960933365117683e+00
6.433000000000000000e+03,3.570445890853398474e+00
6.434000000000000000e+03,3.717634570471040512e+00
6.435000000000000000e+03,3.430186627247441500e+00
6.436000000000000000e+03,3.392963206109239849e+00
6.437000000000000000e+03,3.499531520450641420e+00
6.438000000000000000e+03,3.919552344135227795e+00
6.439000000000000000e+03,3.471428653153219468e+00
6.440000000000000000e+03,3.952238542658543352e+00
6.441000000000000000e+03,3.576225537667516274e+00
6.442000000000000000e+03,3.664540781125297020e+00
6.443000000000000000e+03,3.678681824435844572e+00
6.444000000000000000e+03,3.701788186495689637e+00
6.445000000000000000e+03,3.898791197852972346e+00
6.446000000000000000e+03,3.530385876394658951e+00
6.447000000000000000e+03,3.587732391349739203e+00
6.448000000000000000e+03,3.427415083166875931e+00
6.449000000000000000e+03,3.493389662652246486e+00
6.450000000000000000e+03,3.241150772352366705e+00
6.451000000000000000e+03,3.974672987662147605e+00
6.452000000000000000e+03,3.404396386120168483e+00
6.453000000000000000e+03,3.628427376011990724e+00
6.454000000000000000e+03,3.609148996703933410e+00
6.455000000000000000e+03,3.394220000816106975e+00
6.456000000000000000e+03,3.563685831713507390e+00
6.457000000000000000e+03,3.496047854032493962e+00
6.458000000000000000e+03,4.104072914255239901e+00
6.459000000000000000e+03,3.660368073664733934e+00
6.460000000000000000e+03,3.703660812075129982e+00
6.461000000000000000e+03,4.038318749986824052e+00
6.462000000000000000e+03,3.672247507119194232e+00
6.463000000000000000e+03,3.826167395319963749e+00
6.464000000000000000e+03,3.782273797938787485e+00
6.465000000000000000e+03,3.859642770039750204e+00
6.466000000000000000e+03,3.635003914840821526e+00
6.467000000000000000e+03,3.662308375415427975e+00
6.468000000000000000e+03,3.307842490947593195e+00
6.469000000000000000e+03,3.519191790213421989e+00
6.470000000000000000e+03,3.356490361016397639e+00
6.471000000000000000e+03,3.578720573462281784e+00
6.472000000000000000e+03,3.230056842874593936e+00
6.473000000000000000e+03,3.519181451970746277e+00
6.474000000000000000e+03,3.747896359301572833e+00
6.475000000000000000e+03,3.677471115937358537e+00
6.476000000000000000e+03,3.511411486291130757e+00
6.477000000000000000e+03,3.825506480666946096e+00
6.478000000000000000e+03,3.263044349884911988e+00
6.479000000000000000e+03,3.583918801299785351e+00
6.480000000000000000e+03,3.982701955622336421e+00
6.481000000000000000e+03,3.709520758649064387e+00
6.482000000000000000e+03,3.625377744662277912e+00
6.483000000000000000e+03,3.224298002013302522e+00
6.484000000000000000e+03,3.840608638734496871e+00
6.485000000000000000e+03,3.511899067952080955e+00
6.486000000000000000e+03,3.642011405598168494e+00
6.487000000000000000e+03,3.455927423300036772e+00
6.488000000000000000e+03,3.809861348627106015e+00
6.489000000000000000e+03,3.768321576607022383e+00
6.490000000000000000e+03,3.510811913643219206e+00
6.491000000000000000e+03,3.734539526600356485e+00
6.492000000000000000e+03,3.431576030335485417e+00
6.493000000000000000e+03,3.778907951127434828e+00
6.494000000000000000e+03,3.896406486044006634e+00
6.495000000000000000e+03,3.613813337738962961e+00
6.496000000000000000e+03,3.711201670326850444e+00
6.497000000000000000e+03,3.618004802484192872e+00
6.498000000000000000e+03,3.553864993728981680e+00
6.499000000000000000e+03,3.773121586877382416e+00
6.500000000000000000e+03,3.749751811058415818e+00
6.501000000000000000e+03,3.998764012407547419e+00
6.502000000000000000e+03,3.629104879490959945e+00
6.503000000000000000e+03,3.709857682618990182e+00
6.504000000000000000e+03,3.827218267414301600e+00
6.505000000000000000e+03,3.893138365435703907e+00
6.506000000000000000e+03,3.515849652892306665e+00
6.507000000000000000e+03,3.740879836522024160e+00
6.508000000000000000e+03,3.328069325843153070e+00
6.509000000000000000e+03,3.411416742814939340e+00
6.510000000000000000e+03,3.756282728717049046e+00
6.511000000000000000e+03,4.038119371336342134e+00
6.512000000000000000e+03,3.663539890096962903e+00
6.513000000000000000e+03,3.695925610088223401e+00
6.514000000000000000e+03,3.733091220016384160e+00
6.515000000000000000e+03,3.829452281768555899e+00
6.516000000000000000e+03,3.593085209065951524e+00
6.517000000000000000e+03,3.530364829692851369e+00
6.518000000000000000e+03,3.556962227251547315e+00
6.519000000000000000e+03,3.584737712997519310e+00
6.520000000000000000e+03,3.804652065622496249e+00
6.521000000000000000e+03,3.661346332303773821e+00
6.522000000000000000e+03,3.287993941480960913e+00
6.523000000000000000e+03,3.446898049949052911e+00
6.524000000000000000e+03,4.049930942266607659e+00
6.525000000000000000e+03,3.769229390770058696e+00
6.526000000000000000e+03,3.539102370041726786e+00
6.527000000000000000e+03,3.581957551675226448e+00
6.528000000000000000e+03,3.459611146238901647e+00
6.529000000000000000e+03,3.719045875505360588e+00
6.530000000000000000e+03,3.850237733284409991e+00
6.531000000000000000e+03,3.912919730585474376e+00
6.532000000000000000e+03,3.470159330321812341e+00
6.533000000000000000e+03,3.684762471145693663e+00
6.534000000000000000e+03,3.803098396220080613e+00
6.535000000000000000e+03,3.503340476485719446e+00
6.536000000000000000e+03,3.679844720363731447e+00
6.537000000000000000e+03,3.606326505129463289e+00
6.538000000000000000e+03,3.915827923752754014e+00
6.539000000000000000e+03,3.593350667370383889e+00
6.540000000000000000e+03,3.763793973504068635e+00
6.541000000000000000e+03,3.595559144430182208e+00
6.542000000000000000e+03,3.449469277784749544e+00
6.543000000000000000e+03,3.784740473182974796e+00
6.544000000000000000e+03,3.717901452040162091e+00
6.545000000000000000e+03,3.895596058120303962e+00
6.546000000000000000e+03,3.857491088540563773e+00
6.547000000000000000e+03,3.797282968157259297e+00
6.548000000000000000e+03,3.671894519702666226e+00
6.549000000000000000e+03,3.645141095596248437e+00
6.550000000000000000e+03,3.753694272968231438e+00
6.551000000000000000e+03,3.594436778571801661e+00
6.552000000000000000e+03,3.854340073974997782e+00
6.553000000000000000e+03,3.732055253605501388e+00
6.554000000000000000e+03,3.527047456608279674e+00
6.555000000000000000e+03,3.537650193662867260e+00
6.556000000000000000e+03,3.973757037164018069e+00
6.557000000000000000e+03,3.566006584602184226e+00
6.558000000000000000e+03,3.704304066393107053e+00
6.559000000000000000e+03,3.573629852149025954e+00
6.560000000000000000e+03,3.741308095241676401e+00
6.561000000000000000e+03,3.743602993532626044e+00
6.562000000000000000e+03,4.092995608640981331e+00
6.563000000000000000e+03,3.919574917787490342e+00
6.564000000000000000e+03,3.850328453589284550e+00
6.565000000000000000e+03,3.725409788966439262e+00
6.566000000000000000e+03,3.544168162263095390e+00
6.567000000000000000e+03,3.581065027265867506e+00
6.568000000000000000e+03,3.542016638736011469e+00
6.569000000000000000e+03,3.676388834908315584e+00
6.570000000000000000e+03,3.698002312882973097e+00
6.571000000000000000e+03,3.756215963993540186e+00
6.572000000000000000e+03,3.817999135973585645e+00
6.573000000000000000e+03,3.664116197626941851e+00
6.574000000000000000e+03,3.727582693887143250e+00
6.575000000000000000e+03,3.607420983243941226e+00
6.576000000000000000e+03,3.562095401076523782e+00
6.577000000000000000e+03,3.999088632496357043e+00
6.578000000000000000e+03,3.825943664440476955e+00
6.579000000000000000e+03,3.546324892187584066e+00
6.580000000000000000e+03,3.600257168870636626e+00
6.581000000000000000e+03,3.723281765664391063e+00
6.582000000000000000e+03,3.641459900705653840e+00
6.583000000000000000e+03,3.701874907273912552e+00
6.584000000000000000e+03,3.611991527906593724e+00
6.585000000000000000e+03,3.535722734340808859e+00
6.586000000000000000e+03,4.064048568834157216e+00
6.587000000000000000e+03,3.440652859836891064e+00
6.588000000000000000e+03,3.946099143864872261e+00
6.589000000000000000e+03,3.878942806123432341e+00
6.590000000000000000e+03,3.844537393910101741e+00
6.591000000000000000e+03,3.431391181853046479e+00
6.592000000000000000e+03,3.720252473215548861e+00
6.593000000000000000e+03,3.593787837057472956e+00
6.594000000000000000e+03,3.778216837644486237e+00
6.595000000000000000e+03,3.900947579393049036e+00
6.596000000000000000e+03,3.770362895680531956e+00
6.597000000000000000e+03,3.623228398224312308e+00
6.598000000000000000e+03,3.893547335524707442e+00
6.599000000000000000e+03,3.625955032014945623e+00
6.600000000000000000e+03,3.757503223575765716e+00
6.601000000000000000e+03,3.517985024526718796e+00
6.602000000000000000e+03,3.660737916482536214e+00
6.603000000000000000e+03,3.707748366197996859e+00
6.604000000000000000e+03,3.788425843962566208e+00
6.605000000000000000e+03,3.701191917591456715e+00
6.606000000000000000e+03,4.185034230322821180e+00
6.607000000000000000e+03,3.365889630444633074e+00
6.608000000000000000e+03,3.673305169738547260e+00
6.609000000000000000e+03,3.492658883424716088e+00
6.610000000000000000e+03,3.962119634069354746e+00
6.611000000000000000e+03,3.630497562614094065e+00
6.612000000000000000e+03,4.065343120395596976e+00
6.613000000000000000e+03,3.720988159625750136e+00
6.614000000000000000e+03,3.459927768985779473e+00
6.615000000000000000e+03,3.513447810397970272e+00
6.616000000000000000e+03,3.918844510908451095e+00
6.617000000000000000e+03,3.801440213719406991e+00
6.618000000000000000e+03,3.841788725987295816e+00
6.619000000000000000e+03,3.420740829429585350e+00
6.620000000000000000e+03,3.811942252800362585e+00
6.621000000000000000e+03,3.878873462487249846e+00
6.622000000000000000e+03,3.388933081705861383e+00
6.623000000000000000e+03,3.865781934991250779e+00
6.624000000000000000e+03,3.639377779596662865e+00
6.625000000000000000e+03,3.801014435926457491e+00
6.626000000000000000e+03,3.911988275390920755e+00
6.627000000000000000e+03,3.801218379341262832e+00
6.628000000000000000e+03,3.858210821342358710e+00
6.629000000000000000e+03,3.617768594388850900e+00
6.630000000000000000e+03,3.541736315084062170e+00
6.631000000000000000e+03,3.768970355770663083e+00
6.632000000000000000e+03,3.706177781539235383e+00
6.633000000000000000e+03,3.462452864623795534e+00
6.634000000000000000e+03,3.748308806562844708e+00
6.635000000000000000e+03,3.906856875840631016e+00
6.636000000000000000e+03,3.600745990939122176e+00
6.637000000000000000e+03,3.799145517748452328e+00
6.638000000000000000e+03,3.555274070352368199e+00
6.639000000000000000e+03,3.657120663433986341e+00
6.640000000000000000e+03,3.673401448042437512e+00
6.641000000000000000e+03,3.478645675361908385e+00
6.642000000000000000e+03,3.744999898115381143e+00
6.643000000000000000e+03,3.769181721934275142e+00
6.644000000000000000e+03,3.675500887104427683e+00
6.645000000000000000e+03,4.008948955960909721e+00
6.646000000000000000e+03,3.603362668891737730e+00
6.647000000000000000e+03,3.618088386238855314e+00
6.648000000000000000e+03,3.895444834735397155e+00
6.649000000000000000e+03,3.375889280632204947e+00
6.650000000000000000e+03,3.764851314133437654e+00
6.651000000000000000e+03,3.924081101419965023e+00
6.652000000000000000e+03,3.902864726971073228e+00
6.653000000000000000e+03,3.739829759615330484e+00
6.654000000000000000e+03,3.712369356878682858e+00
6.655000000000000000e+03,3.661478055979601631e+00
6.656000000000000000e+03,3.481408697591768409e+00
6.657000000000000000e+03,3.472244439177323283e+00
6.658000000000000000e+03,3.467865267065692425e+00
6.659000000000000000e+03,3.706750910307912594e+00
6.660000000000000000e+03,3.794336508347111003e+00
6.661000000000000000e+03,3.761843378880934452e+00
6.662000000000000000e+03,3.519873271539222248e+00
6.663000000000000000e+03,3.886791189296513682e+00
6.664000000000000000e+03,3.647568613199037912e+00
6.665000000000000000e+03,4.065574519341482507e+00
6.666000000000000000e+03,3.948811722442232774e+00
6.667000000000000000e+03,3.689453094747021655e+00
6.668000000000000000e+03,4.029511920603330744e+00
6.669000000000000000e+03,3.506957308010235419e+00
6.670000000000000000e+03,3.902182943215231070e+00
6.671000000000000000e+03,3.595413332968305120e+00
6.672000000000000000e+03,4.162500161539057331e+00
6.673000000000000000e+03,3.543719699238804033e+00
6.674000000000000000e+03,3.530960803409632032e+00
6.675000000000000000e+03,3.765830351006488552e+00
6.676000000000000000e+03,3.579985953974946788e+00
6.677000000000000000e+03,3.481469455039458705e+00
6.678000000000000000e+03,3.449110661032282810e+00
6.679000000000000000e+03,3.951223928727160217e+00
6.680000000000000000e+03,3.575898712300352056e+00
6.681000000000000000e+03,3.940404384115802294e+00
6.682000000000000000e+03,3.558254007044435507e+00
6.683000000000000000e+03,3.724844875080041362e+00
6.684000000000000000e+03,3.651704125668342904e+00
6.685000000000000000e+03,3.538146969152285770e+00
6.686000000000000000e+03,3.421684157206105859e+00
6.687000000000000000e+03,3.961710332406562785e+00
6.688000000000000000e+03,3.623124390050719068e+00
6.689000000000000000e+03,3.532247941774135036e+00
6.690000000000000000e+03,3.472397766548331877e+00
6.691000000000000000e+03,4.039918644261324410e+00
6.692000000000000000e+03,3.794681344587583993e+00
6.693000000000000000e+03,3.465525202610201916e+00
6.694000000000000000e+03,3.786461929243619018e+00
6.695000000000000000e+03,3.807041454723575580e+00
6.696000000000000000e+03,3.832689319355694124e+00
6.697000000000000000e+03,3.971505458636727326e+00
6.698000000000000000e+03,3.646387422020553437e+00
6.699000000000000000e+03,3.714964348087423485e+00
6.700000000000000000e+03,3.624354361676893621e+00
6.701000000000000000e+03,3.578039122577242548e+00
6.702000000000000000e+03,3.489955761189714956e+00
6.703000000000000000e+03,3.677347048499025384e+00
6.704000000000000000e+03,3.793264529900112425e+00
6.705000000000000000e+03,3.465648097436699437e+00
6.706000000000000000e+03,3.601369826494979609e+00
6.707000000000000000e+03,3.849828176686441505e+00
6.708000000000000000e+03,3.552960365126386577e+00
6.709000000000000000e+03,3.812076095695332789e+00
6.710000000000000000e+03,3.748132909502207788e+00
6.711000000000000000e+03,3.574548760640352540e+00
6.712000000000000000e+03,3.390003484919266175e+00
6.713000000000000000e+03,3.791912328366278118e+00
6.714000000000000000e+03,3.564748621065649825e+00
6.715000000000000000e+03,3.767723453690668300e+00
6.716000000000000000e+03,4.253503967552918041e+00
6.717000000000000000e+03,3.824884849446625434e+00
6.718000000000000000e+03,3.951917523579340674e+00
6.719000000000000000e+03,3.383258590296040147e+00
6.720000000000000000e+03,3.430425285072487895e+00
6.721000000000000000e+03,3.972956618373940874e+00
6.722000000000000000e+03,3.669253584962351766e+00
6.723000000000000000e+03,3.702942569951197083e+00
6.724000000000000000e+03,3.393064081568430534e+00
6.725000000000000000e+03,3.550202465860257117e+00
6.726000000000000000e+03,3.984998710581880044e+00
6.727000000000000000e+03,3.647181581591301569e+00
6.728000000000000000e+03,3.494930497213785792e+00
6.729000000000000000e+03,3.719737031178261155e+00
6.730000000000000000e+03,3.730600912152449933e+00
6.731000000000000000e+03,3.767193007780260228e+00
6.732000000000000000e+03,3.777424601604193022e+00
6.733000000000000000e+03,4.050627904700937698e+00
6.734000000000000000e+03,3.423300221227667528e+00
6.735000000000000000e+03,3.898278694432782299e+00
6.736000000000000000e+03,3.890218286039679896e+00
6.737000000000000000e+03,3.459730447255364716e+00
6.738000000000000000e+03,3.827694291188980191e+00
6.739000000000000000e+03,3.355103322771209928e+00
6.740000000000000000e+03,3.747346300179340339e+00
6.741000000000000000e+03,3.428858385541305509e+00
6.742000000000000000e+03,3.818641579742632075e+00
6.743000000000000000e+03,3.594907199931716146e+00
6.744000000000000000e+03,3.684931108633980212e+00
6.745000000000000000e+03,3.906553312559940316e+00
6.746000000000000000e+03,3.757659482691183328e+00
6.747000000000000000e+03,3.754318944447013529e+00
6.748000000000000000e+03,3.685485585169165468e+00
6.749000000000000000e+03,3.631000944099126215e+00
6.750000000000000000e+03,3.660182524115547675e+00
6.751000000000000000e+03,3.886512851483056252e+00
6.752000000000000000e+03,3.565880319472173543e+00
6.753000000000000000e+03,3.972115935242856999e+00
6.754000000000000000e+03,3.848823443685489565e+00
6.755000000000000000e+03,3.485770696009529157e+00
6.756000000000000000e+03,3.583686148752161404e+00
6.757000000000000000e+03,3.738567821385093470e+00
6.758000000000000000e+03,3.854546664587804372e+00
6.759000000000000000e+03,3.465385273631402363e+00
6.760000000000000000e+03,3.615012459518479826e+00
6.761000000000000000e+03,3.810770662960376587e+00
6.762000000000000000e+03,3.723749699850649186e+00
6.763000000000000000e+03,3.743983896384935228e+00
6.764000000000000000e+03,3.781522385191935509e+00
6.765000000000000000e+03,3.422209402012738266e+00
6.766000000000000000e+03,3.617609989761220834e+00
6.767000000000000000e+03,3.612580994842365278e+00
6.768000000000000000e+03,3.936404699753286884e+00
6.769000000000000000e+03,3.693586058878878031e+00
6.770000000000000000e+03,3.680757852176707257e+00
6.771000000000000000e+03,3.710257524787096362e+00
6.772000000000000000e+03,3.616132316588291484e+00
6.773000000000000000e+03,3.360815052317334128e+00
6.774000000000000000e+03,4.014931173663920383e+00
6.775000000000000000e+03,3.708762175699320984e+00
6.776000000000000000e+03,3.578840664476449440e+00
6.777000000000000000e+03,3.760579361420157696e+00
6.778000000000000000e+03,4.071557378796646809e+00
6.779000000000000000e+03,3.808496263823791583e+00
6.780000000000000000e+03,3.707354471998161038e+00
6.781000000000000000e+03,3.980901526988194661e+00
6.782000000000000000e+03,3.711660035765626198e+00
6.783000000000000000e+03,3.767585152558240225e+00
6.784000000000000000e+03,3.434410869460955418e+00
6.785000000000000000e+03,3.603040341752689724e+00
6.786000000000000000e+03,3.564659174272817310e+00
6.787000000000000000e+03,3.654909083892502686e+00
6.788000000000000000e+03,3.527182990950546770e+00
6.789000000000000000e+03,3.534513879711401074e+00
6.790000000000000000e+03,4.130848577024832657e+00
6.791000000000000000e+03,3.672921260562952206e+00
6.792000000000000000e+03,3.716253806095936252e+00
6.793000000000000000e+03,3.856895620108522049e+00
6.794000000000000000e+03,3.834478848174283083e+00
6.795000000000000000e+03,3.606009146799654452e+00
6.796000000000000000e+03,3.950214752062609413e+00
6.797000000000000000e+03,3.500673224598352729e+00
6.798000000000000000e+03,3.604199167754105648e+00
6.799000000000000000e+03,3.968501522127565462e+00
6.800000000000000000e+03,3.600018860159353906e+00
6.801000000000000000e+03,3.651575388651499665e+00
6.802000000000000000e+03,3.224523170191885946e+00
6.803000000000000000e+03,3.618072075441735258e+00
6.804000000000000000e+03,3.759959472054318130e+00
6.805000000000000000e+03,3.705265749505311845e+00
6.806000000000000000e+03,3.484638901966244262e+00
6.807000000000000000e+03,3.579995479742712039e+00
6.808000000000000000e+03,3.577834512136869982e+00
6.809000000000000000e+03,4.142094206371054632e+00
6.810000000000000000e+03,3.737035178948453940e+00
6.811000000000000000e+03,3.715885008229458109e+00
6.812000000000000000e+03,3.785197392156212537e+00
6.813000000000000000e+03,3.495029287377996230e+00
6.814000000000000000e+03,3.812721538031187407e+00
6.815000000000000000e+03,3.699850316214772228e+00
6.816000000000000000e+03,3.407304844595887783e+00
6.817000000000000000e+03,3.600927846618878103e+00
6.818000000000000000e+03,3.557219269830161235e+00
6.819000000000000000e+03,3.518080930629214897e+00
6.820000000000000000e+03,3.636420779387647961e+00
6.821000000000000000e+03,3.545853196900134119e+00
6.822000000000000000e+03,3.610840507621755791e+00
6.823000000000000000e+03,3.756996552660067934e+00
6.824000000000000000e+03,3.592491799322174995e+00
6.825000000000000000e+03,3.752633406678792305e+00
6.826000000000000000e+03,3.674793334602419748e+00
6.827000000000000000e+03,3.674689202476251193e+00
6.828000000000000000e+03,3.695826453831017933e+00
6.829000000000000000e+03,3.670514232305080782e+00
6.830000000000000000e+03,3.382606187124498565e+00
6.831000000000000000e+03,3.623541224104355418e+00
6.832000000000000000e+03,3.608151207578208286e+00
6.833000000000000000e+03,3.859846954965738597e+00
6.834000000000000000e+03,3.645801782374849864e+00
6.835000000000000000e+03,3.420578389730937641e+00
6.836000000000000000e+03,3.545566567962472160e+00
6.837000000000000000e+03,3.568885057716022047e+00
6.838000000000000000e+03,3.679286313120620822e+00
6.839000000000000000e+03,3.618027758774587710e+00
6.840000000000000000e+03,3.694695694799372987e+00
6.841000000000000000e+03,3.492535724233491123e+00
6.842000000000000000e+03,3.825546436815716156e+00
6.843000000000000000e+03,3.511412147542492423e+00
6.844000000000000000e+03,3.970520796023521815e+00
6.845000000000000000e+03,3.683041233752016197e+00
6.846000000000000000e+03,3.831045899583770176e+00
6.847000000000000000e+03,3.467974645653109977e+00
6.848000000000000000e+03,3.690916848929716387e+00
6.849000000000000000e+03,3.723231028505867179e+00
6.850000000000000000e+03,3.809439276533971963e+00
6.851000000000000000e+03,3.477264498129180925e+00
6.852000000000000000e+03,3.559950558586716163e+00
6.853000000000000000e+03,3.956684308587548493e+00
6.854000000000000000e+03,3.470319070612563284e+00
6.855000000000000000e+03,3.589429862892456136e+00
6.856000000000000000e+03,3.872697640345746706e+00
6.857000000000000000e+03,3.530589818997217133e+00
6.858000000000000000e+03,3.774426053182051710e+00
6.859000000000000000e+03,3.477621607927698033e+00
6.860000000000000000e+03,3.505362080753214205e+00
6.861000000000000000e+03,3.739401632820611443e+00
6.862000000000000000e+03,3.553318038999785600e+00
6.863000000000000000e+03,3.482078686148338598e+00
6.864000000000000000e+03,3.561351433383573628e+00
6.865000000000000000e+03,3.707021317586717046e+00
6.866000000000000000e+03,3.613272503294103100e+00
6.867000000000000000e+03,3.510797621882279618e+00
6.868000000000000000e+03,3.747073831138252320e+00
6.869000000000000000e+03,3.299022009559347879e+00
6.870000000000000000e+03,3.802458268262808527e+00
6.871000000000000000e+03,3.779555051528406207e+00
6.872000000000000000e+03,3.495353650942650159e+00
6.873000000000000000e+03,3.534572227525764276e+00
6.874000000000000000e+03,3.711735492388521074e+00
6.875000000000000000e+03,3.756493397241000842e+00
6.876000000000000000e+03,3.798506338281087302e+00
6.877000000000000000e+03,3.435300993307458750e+00
6.878000000000000000e+03,3.462316172423767213e+00
6.879000000000000000e+03,3.737272090178274109e+00
6.880000000000000000e+03,3.741525241147276581e+00
6.881000000000000000e+03,3.574916930920463365e+00
6.882000000000000000e+03,3.634248026541064824e+00
6.883000000000000000e+03,3.630644378308972353e+00
6.884000000000000000e+03,3.731369379314894541e+00
6.885000000000000000e+03,3.960202856676962035e+00
6.886000000000000000e+03,3.582671615908403773e+00
6.887000000000000000e+03,3.452461532260913124e+00
6.888000000000000000e+03,3.398837897531168384e+00
6.889000000000000000e+03,3.581995558846368777e+00
6.890000000000000000e+03,3.789774973613551534e+00
6.891000000000000000e+03,3.665677318623572489e+00
6.892000000000000000e+03,3.667209900805199485e+00
6.893000000000000000e+03,3.504663266471078398e+00
6.894000000000000000e+03,3.572711322588996818e+00
6.895000000000000000e+03,3.742708025872623967e+00
6.896000000000000000e+03,3.707091365641549618e+00
6.897000000000000000e+03,3.300624581658568424e+00
6.898000000000000000e+03,3.767020230496456623e+00
6.899000000000000000e+03,3.333765265463145777e+00
6.900000000000000000e+03,3.449196476561763980e+00
6.901000000000000000e+03,3.908657388949180245e+00
6.902000000000000000e+03,3.767701404600189097e+00
6.903000000000000000e+03,3.726167802393314243e+00
6.904000000000000000e+03,4.017960429211163031e+00
6.905000000000000000e+03,3.551907010821921062e+00
6.906000000000000000e+03,3.438561711419239941e+00
6.907000000000000000e+03,3.881916489741873644e+00
6.908000000000000000e+03,3.462552870650715153e+00
6.909000000000000000e+03,3.518006854709152531e+00
6.910000000000000000e+03,3.901726969633007691e+00
6.911000000000000000e+03,3.525951724150504507e+00
6.912000000000000000e+03,3.870723500574985820e+00
6.913000000000000000e+03,3.606519259723171000e+00
6.914000000000000000e+03,3.883941986167194660e+00
6.915000000000000000e+03,3.541281715627242477e+00
6.916000000000000000e+03,3.293777636860828473e+00
6.917000000000000000e+03,3.630292013267085061e+00
6.918000000000000000e+03,3.385657161151193417e+00
6.919000000000000000e+03,3.711724144663350433e+00
6.920000000000000000e+03,3.520975033107785368e+00
6.921000000000000000e+03,3.422544746034917207e+00
6.922000000000000000e+03,3.532010487827651701e+00
6.923000000000000000e+03,3.828400456735787660e+00
6.924000000000000000e+03,3.672247660867610008e+00
6.925000000000000000e+03,3.638981035289031052e+00
6.926000000000000000e+03,3.703460308198167628e+00
6.927000000000000000e+03,3.570344299595010096e+00
6.928000000000000000e+03,3.635993305090829075e+00
6.929000000000000000e+03,3.624392544243915992e+00
6.930000000000000000e+03,3.999014158957249876e+00
6.931000000000000000e+03,3.561462895709823329e+00
6.932000000000000000e+03,3.621557036290792286e+00
6.933000000000000000e+03,3.877264934982489031e+00
6.934000000000000000e+03,3.463228690599689852e+00
6.935000000000000000e+03,3.626010906159974123e+00
6.936000000000000000e+03,3.538709693670021750e+00
6.937000000000000000e+03,4.263906873556692290e+00
6.938000000000000000e+03,3.928798710729497046e+00
6.939000000000000000e+03,3.888285229483541272e+00
6.940000000000000000e+03,3.881074466838617898e+00
6.941000000000000000e+03,3.629413883951657649e+00
6.942000000000000000e+03,3.555537469904513248e+00
6.943000000000000000e+03,3.426794369297901710e+00
6.944000000000000000e+03,4.003017666922440654e+00
6.945000000000000000e+03,3.538857008757038347e+00
6.946000000000000000e+03,3.663405354583169959e+00
6.947000000000000000e+03,3.467889026255570606e+00
6.948000000000000000e+03,3.583666560291859593e+00
6.949000000000000000e+03,3.603999312272547773e+00
6.950000000000000000e+03,3.810030078854662161e+00
6.951000000000000000e+03,3.997551479930224971e+00
6.952000000000000000e+03,3.737120161694611475e+00
6.953000000000000000e+03,3.496488022019494490e+00
6.954000000000000000e+03,3.587023498557176726e+00
6.955000000000000000e+03,3.604120121041112235e+00
6.956000000000000000e+03,3.716123569944966842e+00
6.957000000000000000e+03,3.503009982623272567e+00
6.958000000000000000e+03,3.512724297625534398e+00
6.959000000000000000e+03,3.698210516847143303e+00
6.960000000000000000e+03,3.797586203295523877e+00
6.961000000000000000e+03,3.762104547494980800e+00
6.962000000000000000e+03,3.483170486847383174e+00
6.963000000000000000e+03,3.540599107229318587e+00
6.964000000000000000e+03,3.583703686590820059e+00
6.965000000000000000e+03,3.839858543252873790e+00
6.966000000000000000e+03,3.587792305523490377e+00
6.967000000000000000e+03,3.738999814675438849e+00
6.968000000000000000e+03,3.392704989519087277e+00
6.969000000000000000e+03,3.735925476199023709e+00
6.970000000000000000e+03,4.110046651649761351e+00
6.971000000000000000e+03,3.633668975573533633e+00
6.972000000000000000e+03,3.606258027582611714e+00
6.973000000000000000e+03,3.425437977757744612e+00
6.974000000000000000e+03,3.729461237486306313e+00
6.975000000000000000e+03,3.441465329718952582e+00
6.976000000000000000e+03,3.394804316364388619e+00
6.977000000000000000e+03,3.568042877769731280e+00
6.978000000000000000e+03,3.598698095909317995e+00
6.979000000000000000e+03,3.486074845383751342e+00
6.980000000000000000e+03,3.335529906472047390e+00
6.981000000000000000e+03,3.467457036035937801e+00
6.982000000000000000e+03,3.421570629686416787e+00
6.983000000000000000e+03,4.104328238260522177e+00
6.984000000000000000e+03,3.633441738717675396e+00
6.985000000000000000e+03,3.457403264371854856e+00
6.986000000000000000e+03,3.497036409360517961e+00
6.987000000000000000e+03,3.741131935161007060e+00
6.988000000000000000e+03,3.707937334088667658e+00
6.989000000000000000e+03,3.544197491066245043e+00
6.990000000000000000e+03,3.535911797942914880e+00
6.991000000000000000e+03,3.830482275169218020e+00
6.992000000000000000e+03,3.602790570338332277e+00
6.993000000000000000e+03,3.762173642720622269e+00
6.994000000000000000e+03,3.627934950932175440e+00
6.995000000000000000e+03,3.721931112058483038e+00
6.996000000000000000e+03,3.517950871757915987e+00
6.997000000000000000e+03,3.608862039283049938e+00
6.998000000000000000e+03,3.471010289819313144e+00
6.999000000000000000e+03,3.566811419317780896e+00
7.000000000000000000e+03,3.589208410367547231e+00
7.001000000000000000e+03,3.784354866620882607e+00
7.002000000000000000e+03,3.406661858026253764e+00
7.003000000000000000e+03,3.629481923734804827e+00
7.004000000000000000e+03,3.395190899363744297e+00
7.005000000000000000e+03,3.563630784944993302e+00
7.006000000000000000e+03,3.541014874655706635e+00
7.007000000000000000e+03,3.645104198234134341e+00
7.008000000000000000e+03,3.561512558956148933e+00
7.009000000000000000e+03,3.411414256544624379e+00
7.010000000000000000e+03,3.515119117676634986e+00
7.011000000000000000e+03,3.394846462158903844e+00
7.012000000000000000e+03,3.709555627396822874e+00
7.013000000000000000e+03,3.635130253106041653e+00
7.014000000000000000e+03,3.708489421476698578e+00
7.015000000000000000e+03,3.486563455522622146e+00
7.016000000000000000e+03,3.400676610715437587e+00
7.017000000000000000e+03,3.504811871530391088e+00
7.018000000000000000e+03,3.945312833508761052e+00
7.019000000000000000e+03,3.816658559045259302e+00
7.020000000000000000e+03,3.626660655150667711e+00
7.021000000000000000e+03,3.529960608450412263e+00
7.022000000000000000e+03,3.647416163556044921e+00
7.023000000000000000e+03,3.590349971983092470e+00
7.024000000000000000e+03,3.665673840575666365e+00
7.025000000000000000e+03,3.534329928902435025e+00
7.026000000000000000e+03,3.560587390187815782e+00
7.027000000000000000e+03,3.573680388689042253e+00
7.028000000000000000e+03,3.789396590665580877e+00
7.029000000000000000e+03,3.528084598701603625e+00
7.030000000000000000e+03,3.461754939625330429e+00
7.031000000000000000e+03,3.772898905789642487e+00
7.032000000000000000e+03,3.604423573719127472e+00
7.033000000000000000e+03,3.542821491837192305e+00
7.034000000000000000e+03,3.819703141637203814e+00
7.035000000000000000e+03,3.587477485876202188e+00
7.036000000000000000e+03,3.888766887227405267e+00
7.037000000000000000e+03,3.544799490581046264e+00
7.038000000000000000e+03,4.005913104278753245e+00
7.039000000000000000e+03,3.383365282330379920e+00
7.040000000000000000e+03,3.598897902092196954e+00
7.041000000000000000e+03,3.598203768026467575e+00
7.042000000000000000e+03,3.797583944384639310e+00
7.043000000000000000e+03,3.407677420044694649e+00
7.044000000000000000e+03,3.554144441627354212e+00
7.045000000000000000e+03,3.292576328161840760e+00
7.046000000000000000e+03,3.471803355670713298e+00
7.047000000000000000e+03,3.528258654978678521e+00
7.048000000000000000e+03,3.580327430696097046e+00
7.049000000000000000e+03,3.648213890258503955e+00
7.050000000000000000e+03,3.461793104927060494e+00
7.051000000000000000e+03,3.445315915091665904e+00
7.052000000000000000e+03,3.717210698627349874e+00
7.053000000000000000e+03,3.803269272104342846e+00
7.054000000000000000e+03,3.606181975434912257e+00
7.055000000000000000e+03,3.837232580996494669e+00
7.056000000000000000e+03,3.934584515097672153e+00
7.057000000000000000e+03,3.950087316933726722e+00
7.058000000000000000e+03,3.505517370407061684e+00
7.059000000000000000e+03,3.786328254278585881e+00
7.060000000000000000e+03,3.591631838359247375e+00
7.061000000000000000e+03,3.883743129499402258e+00
7.062000000000000000e+03,3.406699373841511669e+00
7.063000000000000000e+03,4.174023804800675919e+00
7.064000000000000000e+03,3.801445510558312701e+00
7.065000000000000000e+03,3.522703123108455792e+00
7.066000000000000000e+03,3.760213668909681672e+00
7.067000000000000000e+03,3.437212633526676164e+00
7.068000000000000000e+03,3.430272746104358284e+00
7.069000000000000000e+03,3.927925114287151409e+00
7.070000000000000000e+03,3.995090448919267789e+00
7.071000000000000000e+03,3.862273515165453919e+00
7.072000000000000000e+03,3.695470291753780945e+00
7.073000000000000000e+03,3.824606125395560330e+00
7.074000000000000000e+03,3.741932448003526090e+00
7.075000000000000000e+03,3.709538918598477064e+00
7.076000000000000000e+03,3.396935001601435911e+00
7.077000000000000000e+03,3.618714720971500043e+00
7.078000000000000000e+03,3.759539578241686275e+00
7.079000000000000000e+03,3.452459051460289974e+00
7.080000000000000000e+03,3.701491908998871150e+00
7.081000000000000000e+03,3.798759503728332376e+00
7.082000000000000000e+03,3.512766559654360687e+00
7.083000000000000000e+03,3.846053020507172349e+00
7.084000000000000000e+03,3.576518953464569162e+00
7.085000000000000000e+03,3.641654034353517755e+00
7.086000000000000000e+03,3.627863357506949438e+00
7.087000000000000000e+03,3.466705326993249958e+00
7.088000000000000000e+03,3.874810154753738356e+00
7.089000000000000000e+03,3.628705991574309841e+00
7.090000000000000000e+03,3.987154829640659148e+00
7.091000000000000000e+03,3.624635297966286807e+00
7.092000000000000000e+03,3.801433638306969343e+00
7.093000000000000000e+03,3.798740148328672017e+00
7.094000000000000000e+03,3.873237712903228047e+00
7.095000000000000000e+03,3.626800514480186699e+00
7.096000000000000000e+03,3.731878514572319450e+00
7.097000000000000000e+03,3.615613174306388178e+00
7.098000000000000000e+03,3.954246365162961574e+00
7.099000000000000000e+03,3.824967242823722913e+00
7.100000000000000000e+03,3.663430423528013069e+00
7.101000000000000000e+03,3.693503854852064894e+00
7.102000000000000000e+03,3.811506109381519014e+00
7.103000000000000000e+03,3.560381774585140491e+00
7.104000000000000000e+03,3.531390019108352263e+00
7.105000000000000000e+03,3.876252726200284826e+00
7.106000000000000000e+03,4.052401123502479052e+00
7.107000000000000000e+03,3.539608852114238591e+00
7.108000000000000000e+03,3.541211268705109383e+00
7.109000000000000000e+03,3.613506629555660155e+00
7.110000000000000000e+03,3.751783770102434357e+00
7.111000000000000000e+03,3.982168967304734686e+00
7.112000000000000000e+03,3.811114268574899988e+00
7.113000000000000000e+03,3.568496229516305629e+00
7.114000000000000000e+03,3.635555296640754275e+00
7.115000000000000000e+03,3.838851986912521053e+00
7.116000000000000000e+03,3.821185402042930335e+00
7.117000000000000000e+03,4.109280997350809983e+00
7.118000000000000000e+03,3.839546983355592413e+00
7.119000000000000000e+03,3.524287576550138468e+00
7.120000000000000000e+03,3.981095245603099908e+00
7.121000000000000000e+03,3.801752481825487973e+00
7.122000000000000000e+03,3.727304228546551634e+00
7.123000000000000000e+03,3.505397088035772324e+00
7.124000000000000000e+03,3.661142813475772417e+00
7.125000000000000000e+03,3.604759945922852094e+00
7.126000000000000000e+03,3.639988167075812076e+00
7.127000000000000000e+03,3.774978788975567934e+00
7.128000000000000000e+03,3.672196271036309856e+00
7.129000000000000000e+03,3.456712236919732284e+00
7.130000000000000000e+03,3.608519626397680646e+00
7.131000000000000000e+03,3.412501275527166200e+00
7.132000000000000000e+03,3.593505513513738592e+00
7.133000000000000000e+03,3.663385740644178323e+00
7.134000000000000000e+03,3.808135848631691633e+00
7.135000000000000000e+03,3.844819278879127555e+00
7.136000000000000000e+03,3.846279283734579391e+00
7.137000000000000000e+03,3.682219768699399154e+00
7.138000000000000000e+03,3.688786878171267158e+00
7.139000000000000000e+03,3.586377652604916477e+00
7.140000000000000000e+03,3.429258169928497857e+00
7.141000000000000000e+03,3.822850493347347278e+00
7.142000000000000000e+03,3.529623253337439426e+00
7.143000000000000000e+03,3.625631541127127377e+00
7.144000000000000000e+03,3.469294497288878620e+00
7.145000000000000000e+03,3.448446018777900246e+00
7.146000000000000000e+03,3.583796698349563492e+00
7.147000000000000000e+03,3.554633996642414751e+00
7.148000000000000000e+03,3.833180733305307175e+00
7.149000000000000000e+03,3.549991614641822224e+00
7.150000000000000000e+03,3.397638840776932234e+00
7.151000000000000000e+03,3.397728833795306880e+00
7.152000000000000000e+03,3.726879844126549379e+00
7.153000000000000000e+03,3.737277135217863755e+00
7.154000000000000000e+03,3.697826115624799126e+00
7.155000000000000000e+03,3.565932466605711504e+00
7.156000000000000000e+03,3.628259663231011789e+00
7.157000000000000000e+03,3.470435883557407397e+00
7.158000000000000000e+03,3.880804154474085887e+00
7.159000000000000000e+03,3.586731170782472056e+00
7.160000000000000000e+03,3.765716110358251267e+00
7.161000000000000000e+03,3.662380799215518845e+00
7.162000000000000000e+03,3.611958818583035580e+00
7.163000000000000000e+03,3.230383420491856228e+00
7.164000000000000000e+03,3.956413768871543279e+00
7.165000000000000000e+03,3.654417982484286398e+00
7.166000000000000000e+03,3.533847990767610803e+00
7.167000000000000000e+03,3.856935366667907150e+00
7.168000000000000000e+03,3.584325563420942107e+00
7.169000000000000000e+03,3.455236310343096751e+00
7.170000000000000000e+03,3.956443349090877248e+00
7.171000000000000000e+03,3.679645856289241124e+00
7.172000000000000000e+03,3.596926256277217071e+00
7.173000000000000000e+03,3.703595028083992435e+00
7.174000000000000000e+03,3.785727119938293583e+00
7.175000000000000000e+03,3.708104121878520676e+00
7.176000000000000000e+03,3.679860873023748535e+00
7.177000000000000000e+03,3.541774952984269476e+00
7.178000000000000000e+03,3.743461019984068550e+00
7.179000000000000000e+03,3.661527197612969076e+00
7.180000000000000000e+03,3.667876187157180112e+00
7.181000000000000000e+03,3.868718946250895740e+00
7.182000000000000000e+03,3.596957550601324272e+00
7.183000000000000000e+03,3.504785895935921936e+00
7.184000000000000000e+03,3.518991157845716700e+00
7.185000000000000000e+03,3.615927746537096699e+00
7.186000000000000000e+03,3.677536713159730297e+00
7.187000000000000000e+03,3.473257170982495090e+00
7.188000000000000000e+03,3.467235580207041590e+00
7.189000000000000000e+03,3.744473784390720539e+00
7.190000000000000000e+03,3.535394248760426628e+00
7.191000000000000000e+03,3.467354248209383538e+00
7.192000000000000000e+03,3.994707947558180816e+00
7.193000000000000000e+03,3.766888134218910889e+00
7.194000000000000000e+03,3.504858484783567096e+00
7.195000000000000000e+03,3.481616611838565856e+00
7.196000000000000000e+03,3.898939758756005514e+00
7.197000000000000000e+03,3.795340189315359769e+00
7.198000000000000000e+03,3.322509979327365581e+00
7.199000000000000000e+03,3.813441527183857094e+00
7.200000000000000000e+03,3.675486163674052342e+00
7.201000000000000000e+03,3.597844989960751416e+00
7.202000000000000000e+03,3.371429653322697728e+00
7.203000000000000000e+03,3.670038837624911121e+00
7.204000000000000000e+03,3.880109842834525757e+00
7.205000000000000000e+03,3.539971056949822170e+00
7.206000000000000000e+03,3.766547659395413916e+00
7.207000000000000000e+03,3.752721310401831545e+00
7.208000000000000000e+03,3.638750474838732707e+00
7.209000000000000000e+03,3.612026341242734251e+00
7.210000000000000000e+03,3.727042087717312047e+00
7.211000000000000000e+03,4.014649441955555176e+00
7.212000000000000000e+03,3.523038868778703758e+00
7.213000000000000000e+03,3.660225721683238120e+00
7.214000000000000000e+03,3.503180355710838967e+00
7.215000000000000000e+03,3.949744514069332801e+00
7.216000000000000000e+03,3.749346851402503233e+00
7.217000000000000000e+03,3.775875643740210563e+00
7.218000000000000000e+03,3.748560428234498421e+00
7.219000000000000000e+03,3.906550873964872217e+00
7.220000000000000000e+03,3.600482142128127894e+00
7.221000000000000000e+03,3.544552350619837089e+00
7.222000000000000000e+03,3.506515674553881468e+00
7.223000000000000000e+03,3.731143849068012219e+00
7.224000000000000000e+03,3.594503525501488550e+00
7.225000000000000000e+03,3.609274080886454517e+00
7.226000000000000000e+03,3.386167420080076429e+00
7.227000000000000000e+03,3.315087541230569812e+00
7.228000000000000000e+03,3.681481376736510658e+00
7.229000000000000000e+03,3.771252323135821261e+00
7.230000000000000000e+03,3.711353347298749217e+00
7.231000000000000000e+03,3.767862059490659110e+00
7.232000000000000000e+03,3.565208538245265402e+00
7.233000000000000000e+03,3.853835116799865457e+00
7.234000000000000000e+03,3.602312851318707487e+00
7.235000000000000000e+03,3.413689136963774740e+00
7.236000000000000000e+03,3.529421161882747349e+00
7.237000000000000000e+03,3.822728169424551403e+00
7.238000000000000000e+03,3.738642776986832228e+00
7.239000000000000000e+03,3.516038473204747383e+00
7.240000000000000000e+03,3.310609132877014638e+00
7.241000000000000000e+03,3.707955140580261322e+00
7.242000000000000000e+03,3.782721633360874858e+00
7.243000000000000000e+03,3.795066400661494033e+00
7.244000000000000000e+03,3.699628772984078218e+00
7.245000000000000000e+03,3.661473062288881142e+00
7.246000000000000000e+03,3.560441091136872682e+00
7.247000000000000000e+03,4.018687001887430554e+00
7.248000000000000000e+03,3.604394333067445721e+00
7.249000000000000000e+03,4.033429480369219000e+00
7.250000000000000000e+03,3.789556674222569477e+00
7.251000000000000000e+03,3.336415093232474316e+00
7.252000000000000000e+03,3.636774252465478696e+00
7.253000000000000000e+03,3.883212230554773381e+00
7.254000000000000000e+03,3.789801061665955206e+00
7.255000000000000000e+03,3.673689679770189453e+00
7.256000000000000000e+03,3.818117781969721847e+00
7.257000000000000000e+03,3.404145660224255021e+00
7.258000000000000000e+03,3.703031459555092830e+00
7.259000000000000000e+03,3.866400919560485594e+00
7.260000000000000000e+03,3.518349392290879951e+00
7.261000000000000000e+03,3.505755423701073958e+00
7.262000000000000000e+03,3.666764045193324772e+00
7.263000000000000000e+03,3.659958785203409448e+00
7.264000000000000000e+03,3.634624772995782571e+00
7.265000000000000000e+03,3.578691965798887153e+00
7.266000000000000000e+03,3.696384417271413092e+00
7.267000000000000000e+03,3.737165424678211334e+00
7.268000000000000000e+03,3.903113633127522242e+00
7.269000000000000000e+03,3.794601601522430645e+00
7.270000000000000000e+03,3.932820330741098491e+00
7.271000000000000000e+03,3.891953244351465280e+00
7.272000000000000000e+03,3.933099899483607054e+00
7.273000000000000000e+03,3.874213502113972751e+00
7.274000000000000000e+03,3.839242863859228638e+00
7.275000000000000000e+03,3.205228274693825430e+00
7.276000000000000000e+03,3.633672500781301107e+00
7.277000000000000000e+03,3.640665073169075949e+00
7.278000000000000000e+03,3.895478395519365034e+00
7.279000000000000000e+03,3.819189587425508403e+00
7.280000000000000000e+03,3.814788050283405951e+00
7.281000000000000000e+03,3.282554396022503429e+00
7.282000000000000000e+03,3.612750384098872392e+00
7.283000000000000000e+03,3.494951033283246300e+00
7.284000000000000000e+03,3.807183039952345638e+00
7.285000000000000000e+03,3.494846483237195045e+00
7.286000000000000000e+03,3.871019700534362951e+00
7.287000000000000000e+03,3.585414222116193539e+00
7.288000000000000000e+03,3.654710659160866459e+00
7.289000000000000000e+03,3.630295358704771491e+00
7.290000000000000000e+03,3.869147925849792280e+00
7.291000000000000000e+03,3.509619020582583460e+00
7.292000000000000000e+03,3.574472049447888100e+00
7.293000000000000000e+03,3.775989735440093753e+00
7.294000000000000000e+03,3.972236501838481093e+00
7.295000000000000000e+03,3.723408642725374307e+00
7.296000000000000000e+03,3.734709845221905411e+00
7.297000000000000000e+03,3.481311547073113744e+00
7.298000000000000000e+03,3.765329128527655111e+00
7.299000000000000000e+03,3.993310683601491551e+00
7.300000000000000000e+03,3.243581090694303892e+00
7.301000000000000000e+03,4.009859512712408147e+00
7.302000000000000000e+03,3.748899424726288565e+00
7.303000000000000000e+03,3.715120240242876903e+00
7.304000000000000000e+03,3.506197085177211292e+00
7.305000000000000000e+03,3.665980687308469488e+00
7.306000000000000000e+03,3.519033428893185267e+00
7.307000000000000000e+03,3.747016000937835045e+00
7.308000000000000000e+03,3.738337747942130473e+00
7.309000000000000000e+03,3.621414310842056672e+00
7.310000000000000000e+03,3.606628290954466021e+00
7.311000000000000000e+03,3.631535185402336552e+00
7.312000000000000000e+03,3.763495963996907445e+00
7.313000000000000000e+03,3.614982079655291169e+00
7.314000000000000000e+03,3.332128808762032435e+00
7.315000000000000000e+03,3.945867548735187746e+00
7.316000000000000000e+03,3.201936241582949094e+00
7.317000000000000000e+03,3.782632600647298560e+00
7.318000000000000000e+03,3.604974680622308192e+00
7.319000000000000000e+03,3.798613575675508613e+00
7.320000000000000000e+03,3.466644076102835204e+00
7.321000000000000000e+03,3.982459356082090896e+00
7.322000000000000000e+03,3.549685684500987648e+00
7.323000000000000000e+03,3.710674535117284289e+00
7.324000000000000000e+03,3.931512395238548674e+00
7.325000000000000000e+03,3.400228277711649927e+00
7.326000000000000000e+03,3.724443873067975641e+00
7.327000000000000000e+03,3.774181028004708338e+00
7.328000000000000000e+03,3.685398086622243330e+00
7.329000000000000000e+03,3.671692901776557605e+00
7.330000000000000000e+03,3.933282700584006086e+00
7.331000000000000000e+03,3.923973565430495469e+00
7.332000000000000000e+03,3.684716441373972806e+00
7.333000000000000000e+03,3.729574158263715411e+00
7.334000000000000000e+03,3.457042683895920732e+00
7.335000000000000000e+03,3.649837201994511560e+00
7.336000000000000000e+03,3.477198223523868759e+00
7.337000000000000000e+03,3.390507193751700843e+00
7.338000000000000000e+03,3.673283667238200767e+00
7.339000000000000000e+03,3.612266211083648315e+00
7.340000000000000000e+03,3.590788081127294529e+00
7.341000000000000000e+03,3.773764432568878391e+00
7.342000000000000000e+03,3.686412612161245050e+00
7.343000000000000000e+03,3.603062226224746478e+00
7.344000000000000000e+03,3.446482053556997993e+00
7.345000000000000000e+03,3.801791886183682134e+00
7.346000000000000000e+03,3.763448539943574644e+00
7.347000000000000000e+03,3.767481903230464724e+00
7.348000000000000000e+03,3.763960139903490099e+00
7.349000000000000000e+03,3.721760333805004262e+00
7.350000000000000000e+03,3.781469161805715462e+00
7.351000000000000000e+03,3.881141034310214621e+00
7.352000000000000000e+03,3.834810977012583777e+00
7.353000000000000000e+03,3.709884882017426389e+00
7.354000000000000000e+03,3.878539467861688017e+00
7.355000000000000000e+03,3.715547722333934377e+00
7.356000000000000000e+03,3.960446435126230735e+00
7.357000000000000000e+03,3.801812993941901642e+00
7.358000000000000000e+03,3.263229275808895213e+00
7.359000000000000000e+03,3.495198810250237376e+00
7.360000000000000000e+03,3.737024296899984499e+00
7.361000000000000000e+03,3.542619807275491084e+00
7.362000000000000000e+03,3.619595786197312481e+00
7.363000000000000000e+03,3.687599242573506686e+00
7.364000000000000000e+03,3.626146450452506720e+00
7.365000000000000000e+03,3.734780460608083885e+00
7.366000000000000000e+03,3.929301404058352265e+00
7.367000000000000000e+03,3.636313993463528238e+00
7.368000000000000000e+03,3.692678414106057350e+00
7.369000000000000000e+03,3.602749763444205833e+00
7.370000000000000000e+03,3.819579290024565310e+00
7.371000000000000000e+03,3.576610607522299201e+00
7.372000000000000000e+03,3.778554472311058454e+00
7.373000000000000000e+03,3.811767081588818940e+00
7.374000000000000000e+03,3.704074521671896214e+00
7.375000000000000000e+03,3.582705284422120329e+00
7.376000000000000000e+03,3.498602393268844146e+00
7.377000000000000000e+03,3.825303534474060907e+00
7.378000000000000000e+03,3.565060673034164740e+00
7.379000000000000000e+03,3.730381907735647928e+00
7.380000000000000000e+03,3.811830694432662536e+00
7.381000000000000000e+03,3.778972407284593160e+00
7.382000000000000000e+03,3.759461150582465550e+00
7.383000000000000000e+03,3.864006822301062183e+00
7.384000000000000000e+03,3.681724534009314542e+00
7.385000000000000000e+03,3.822024546108132359e+00
7.386000000000000000e+03,3.843745321868291320e+00
7.387000000000000000e+03,3.545779558662216502e+00
7.388000000000000000e+03,3.660929541129687603e+00
7.389000000000000000e+03,3.680518476327663269e+00
7.390000000000000000e+03,3.774206964009320764e+00
7.391000000000000000e+03,3.778075033661429494e+00
7.392000000000000000e+03,3.742252232281924940e+00
7.393000000000000000e+03,3.772295879660800377e+00
7.394000000000000000e+03,3.520034173448506998e+00
7.395000000000000000e+03,3.710946326264295880e+00
7.396000000000000000e+03,3.878996451886596919e+00
7.397000000000000000e+03,3.950849472361783743e+00
7.398000000000000000e+03,3.902745882169256220e+00
7.399000000000000000e+03,3.727478076108616367e+00
7.400000000000000000e+03,3.861557869451563985e+00
7.401000000000000000e+03,3.840632952366548558e+00
7.402000000000000000e+03,3.901476870350764958e+00
7.403000000000000000e+03,3.465460559166860577e+00
7.404000000000000000e+03,3.574932674796155840e+00
7.405000000000000000e+03,3.809563595817957005e+00
7.406000000000000000e+03,3.600839798523031376e+00
7.407000000000000000e+03,3.917972237182426820e+00
7.408000000000000000e+03,3.967498846922845601e+00
7.409000000000000000e+03,3.749219279147369299e+00
7.410000000000000000e+03,3.677228818826092649e+00
7.411000000000000000e+03,3.533962082208548683e+00
7.412000000000000000e+03,3.840353895601655410e+00
7.413000000000000000e+03,3.749141733782243247e+00
7.414000000000000000e+03,3.870476744790526169e+00
7.415000000000000000e+03,3.818588812071908922e+00
7.416000000000000000e+03,3.731744168635272363e+00
7.417000000000000000e+03,3.622089913910686576e+00
7.418000000000000000e+03,3.936324143114688923e+00
7.419000000000000000e+03,3.490267403930060297e+00
7.420000000000000000e+03,3.567779749135187473e+00
7.421000000000000000e+03,3.716868614077875499e+00
7.422000000000000000e+03,3.403241224815130472e+00
7.423000000000000000e+03,3.649111225594868557e+00
7.424000000000000000e+03,3.633039955953444977e+00
7.425000000000000000e+03,4.020019141490977610e+00
7.426000000000000000e+03,3.802397956364885978e+00
7.427000000000000000e+03,3.700737897913865204e+00
7.428000000000000000e+03,3.691594767945207245e+00
7.429000000000000000e+03,3.409944799123331816e+00
7.430000000000000000e+03,3.697100396233326869e+00
7.431000000000000000e+03,3.731939321569239798e+00
7.432000000000000000e+03,3.582465101918004269e+00
7.433000000000000000e+03,3.628165167094874910e+00
7.434000000000000000e+03,3.746708220009585588e+00
7.435000000000000000e+03,3.834312301472241558e+00
7.436000000000000000e+03,3.922149950813954788e+00
7.437000000000000000e+03,3.918945596354173055e+00
7.438000000000000000e+03,3.786757564881693128e+00
7.439000000000000000e+03,3.790263329072796505e+00
7.440000000000000000e+03,3.878038497141424568e+00
7.441000000000000000e+03,3.765728542746514140e+00
7.442000000000000000e+03,3.640286549929831139e+00
7.443000000000000000e+03,3.569544301634238526e+00
7.444000000000000000e+03,3.435230295566024772e+00
7.445000000000000000e+03,3.428823726540499273e+00
7.446000000000000000e+03,3.581887448998663181e+00
7.447000000000000000e+03,3.512209511412858642e+00
7.448000000000000000e+03,3.420401153916511561e+00
7.449000000000000000e+03,3.566449800543606941e+00
7.450000000000000000e+03,3.776001666292138292e+00
7.451000000000000000e+03,3.601998748853182164e+00
7.452000000000000000e+03,3.711200606324441598e+00
7.453000000000000000e+03,3.328069122746867503e+00
7.454000000000000000e+03,3.691288808429411983e+00
7.455000000000000000e+03,3.808984810158087431e+00
7.456000000000000000e+03,3.529146916760405706e+00
7.457000000000000000e+03,3.490034482957648176e+00
7.458000000000000000e+03,3.865708785514599288e+00
7.459000000000000000e+03,3.400986784715138711e+00
7.460000000000000000e+03,3.529389541411722675e+00
7.461000000000000000e+03,3.557201945561192513e+00
7.462000000000000000e+03,3.508162156296092515e+00
7.463000000000000000e+03,3.454158469660955078e+00
7.464000000000000000e+03,3.762166882308186189e+00
7.465000000000000000e+03,3.732361235267609434e+00
7.466000000000000000e+03,3.891561540631867544e+00
7.467000000000000000e+03,3.865691700173180756e+00
7.468000000000000000e+03,3.493877040455165339e+00
7.469000000000000000e+03,3.822362910672578717e+00
7.470000000000000000e+03,3.530925751569473192e+00
7.471000000000000000e+03,3.499209348081894433e+00
7.472000000000000000e+03,3.598252702242026757e+00
7.473000000000000000e+03,3.958179668279906860e+00
7.474000000000000000e+03,3.945592504867770689e+00
7.475000000000000000e+03,3.617191095684810342e+00
7.476000000000000000e+03,3.774132210238033025e+00
7.477000000000000000e+03,3.346462351067945207e+00
7.478000000000000000e+03,3.710514098346231915e+00
7.479000000000000000e+03,3.699559675970325312e+00
7.480000000000000000e+03,3.687505010081876033e+00
7.481000000000000000e+03,3.555023842064080952e+00
7.482000000000000000e+03,3.474118159063317446e+00
7.483000000000000000e+03,3.804149859401084299e+00
7.484000000000000000e+03,3.700613787138199218e+00
7.485000000000000000e+03,3.787375303370623225e+00
7.486000000000000000e+03,3.691755318991093660e+00
7.487000000000000000e+03,3.590139324924762843e+00
7.488000000000000000e+03,3.652128689861274147e+00
7.489000000000000000e+03,3.801081071073340478e+00
7.490000000000000000e+03,3.770399771949188406e+00
7.491000000000000000e+03,3.759549085157575021e+00
7.492000000000000000e+03,3.602628017258041826e+00
7.493000000000000000e+03,3.773104207894447004e+00
7.494000000000000000e+03,3.816969098989492881e+00
7.495000000000000000e+03,3.688005406442947720e+00
7.496000000000000000e+03,3.855573623339167977e+00
7.497000000000000000e+03,3.590721282005363335e+00
7.498000000000000000e+03,3.763005236864170211e+00
7.499000000000000000e+03,4.006368889408747691e+00
7.500000000000000000e+03,3.541020890614843264e+00
7.501000000000000000e+03,3.690965786064425380e+00
7.502000000000000000e+03,3.211879285863854960e+00
7.503000000000000000e+03,3.851656206829861873e+00
7.504000000000000000e+03,3.627502039542871426e+00
7.505000000000000000e+03,3.713224208662794457e+00
7.506000000000000000e+03,3.755451911828238121e+00
7.507000000000000000e+03,3.730778471629298210e+00
7.508000000000000000e+03,3.460412224214409527e+00
7.509000000000000000e+03,3.675905239683585179e+00
7.510000000000000000e+03,3.820947740470144183e+00
7.511000000000000000e+03,3.654111229377664749e+00
7.512000000000000000e+03,3.672465650951514782e+00
7.513000000000000000e+03,3.748352164249290297e+00
7.514000000000000000e+03,3.563256374799788961e+00
7.515000000000000000e+03,3.649749666133708992e+00
7.516000000000000000e+03,3.685818369095995362e+00
7.517000000000000000e+03,4.016766556630294360e+00
7.518000000000000000e+03,3.596529480060443706e+00
7.519000000000000000e+03,3.764062054895696452e+00
7.520000000000000000e+03,3.237068741477032496e+00
7.521000000000000000e+03,3.753437420312911943e+00
7.522000000000000000e+03,3.802074481647486959e+00
7.523000000000000000e+03,3.398093647611140078e+00
7.524000000000000000e+03,3.881950530489991724e+00
7.525000000000000000e+03,3.752556184578682785e+00
7.526000000000000000e+03,3.706884874945619135e+00
7.527000000000000000e+03,3.710928302337883178e+00
7.528000000000000000e+03,3.806816133230349397e+00
7.529000000000000000e+03,3.905061829810390517e+00
7.530000000000000000e+03,3.621351186890641394e+00
7.531000000000000000e+03,3.981981935995281496e+00
7.532000000000000000e+03,3.357376293134283873e+00
7.533000000000000000e+03,3.737956280508648810e+00
7.534000000000000000e+03,3.789473091128892079e+00
7.535000000000000000e+03,3.681947210819515703e+00
7.536000000000000000e+03,3.536235949416323798e+00
7.537000000000000000e+03,3.659769029387295092e+00
7.538000000000000000e+03,3.734072200694165566e+00
7.539000000000000000e+03,3.352071629945263087e+00
7.540000000000000000e+03,3.738019591336604552e+00
7.541000000000000000e+03,3.934217962391604040e+00
7.542000000000000000e+03,3.450567921023816709e+00
7.543000000000000000e+03,3.722450404250000844e+00
7.544000000000000000e+03,3.807272254963802283e+00
7.545000000000000000e+03,3.830810490472960517e+00
7.546000000000000000e+03,3.458832532459713338e+00
7.547000000000000000e+03,3.908430379389123743e+00
7.548000000000000000e+03,3.817457264070286183e+00
7.549000000000000000e+03,3.559160692864035802e+00
7.550000000000000000e+03,3.578318589422347262e+00
7.551000000000000000e+03,3.954279899385038100e+00
7.552000000000000000e+03,3.875655069734641689e+00
7.553000000000000000e+03,3.711239251492845170e+00
7.554000000000000000e+03,3.360340792545285282e+00
7.555000000000000000e+03,3.728668149270021548e+00
7.556000000000000000e+03,3.612477480395402285e+00
7.557000000000000000e+03,3.570894622528105522e+00
7.558000000000000000e+03,3.481033714135858048e+00
7.559000000000000000e+03,4.110000373968698995e+00
7.560000000000000000e+03,4.084048872095582539e+00
7.561000000000000000e+03,3.756362319844903652e+00
7.562000000000000000e+03,3.693128246354357103e+00
7.563000000000000000e+03,3.780812620408246172e+00
7.564000000000000000e+03,3.820959695539456469e+00
7.565000000000000000e+03,3.405009813121884221e+00
7.566000000000000000e+03,3.573291920824297030e+00
7.567000000000000000e+03,3.821091283652890969e+00
7.568000000000000000e+03,3.553739871517736404e+00
7.569000000000000000e+03,3.388291934827966756e+00
7.570000000000000000e+03,3.722064078501257534e+00
7.571000000000000000e+03,3.701876704213455049e+00
7.572000000000000000e+03,3.739427182193273858e+00
7.573000000000000000e+03,3.607719591135668757e+00
7.574000000000000000e+03,3.734599655292516918e+00
7.575000000000000000e+03,3.379789582469746811e+00
7.576000000000000000e+03,3.869681121361705056e+00
7.577000000000000000e+03,4.023915719701567362e+00
7.578000000000000000e+03,3.323324708001421435e+00
7.579000000000000000e+03,3.814490342384479149e+00
7.580000000000000000e+03,3.705217438821768461e+00
7.581000000000000000e+03,3.678437255883295176e+00
7.582000000000000000e+03,3.433158048259912221e+00
7.583000000000000000e+03,3.502527964220025325e+00
7.584000000000000000e+03,3.571245071365005241e+00
7.585000000000000000e+03,3.621584617684940888e+00
7.586000000000000000e+03,3.621255658909959596e+00
7.587000000000000000e+03,3.903329922522770001e+00
7.588000000000000000e+03,3.812055124710446830e+00
7.589000000000000000e+03,3.459291706210957607e+00
7.590000000000000000e+03,3.705090610582854271e+00
7.591000000000000000e+03,3.771609399242557448e+00
7.592000000000000000e+03,3.483650910161334657e+00
7.593000000000000000e+03,3.545618475208175191e+00
7.594000000000000000e+03,3.724648799081681450e+00
7.595000000000000000e+03,3.792456201490894685e+00
7.596000000000000000e+03,3.769552873224329748e+00
7.597000000000000000e+03,3.686838268187057288e+00
7.598000000000000000e+03,3.699113448045562969e+00
7.599000000000000000e+03,3.557744442142944941e+00
7.600000000000000000e+03,3.832252681395981408e+00
7.601000000000000000e+03,3.743896797568500023e+00
7.602000000000000000e+03,3.433289397255800068e+00
7.603000000000000000e+03,3.489885756941967898e+00
7.604000000000000000e+03,3.581162445203583289e+00
7.605000000000000000e+03,3.790855684870579445e+00
7.606000000000000000e+03,3.765853890075865351e+00
7.607000000000000000e+03,3.622030739442979375e+00
7.608000000000000000e+03,3.783382926727146600e+00
7.609000000000000000e+03,3.479811569657470294e+00
7.610000000000000000e+03,3.605498866555574278e+00
7.611000000000000000e+03,3.924413903185972163e+00
7.612000000000000000e+03,3.828371104707614325e+00
7.613000000000000000e+03,4.034397354427859739e+00
7.614000000000000000e+03,3.752632285084998465e+00
7.615000000000000000e+03,3.717111215021476234e+00
7.616000000000000000e+03,3.769390201916793970e+00
7.617000000000000000e+03,3.657403700407455549e+00
7.618000000000000000e+03,3.671562975136019702e+00
7.619000000000000000e+03,3.585753214807700040e+00
7.620000000000000000e+03,3.549760399912308628e+00
7.621000000000000000e+03,3.370302835041819378e+00
7.622000000000000000e+03,3.785660512179620962e+00
7.623000000000000000e+03,3.761266242760685774e+00
7.624000000000000000e+03,3.711770018732299725e+00
7.625000000000000000e+03,3.652536321203386560e+00
7.626000000000000000e+03,3.894673324741860121e+00
7.627000000000000000e+03,3.469316789521374123e+00
7.628000000000000000e+03,3.569894207911022299e+00
7.629000000000000000e+03,3.934585625431032518e+00
7.630000000000000000e+03,3.658920555057810553e+00
7.631000000000000000e+03,3.887422817675220355e+00
7.632000000000000000e+03,3.742218387174355065e+00
7.633000000000000000e+03,3.589706727125792529e+00
7.634000000000000000e+03,3.945652434846962375e+00
7.635000000000000000e+03,3.329545421506712621e+00
7.636000000000000000e+03,3.493559952684191394e+00
7.637000000000000000e+03,3.596054896503745546e+00
7.638000000000000000e+03,4.048578885709867237e+00
7.639000000000000000e+03,3.509375551770802293e+00
7.640000000000000000e+03,3.581298730337653335e+00
7.641000000000000000e+03,3.423012844621136974e+00
7.642000000000000000e+03,3.711193665234355343e+00
7.643000000000000000e+03,3.716371851209635757e+00
7.644000000000000000e+03,3.585076240435326689e+00
7.645000000000000000e+03,3.965211504056227021e+00
7.646000000000000000e+03,3.707098849378085870e+00
7.647000000000000000e+03,3.422904748857960477e+00
7.648000000000000000e+03,3.777873620463425119e+00
7.649000000000000000e+03,3.831342847665452744e+00
7.650000000000000000e+03,3.647095984635896126e+00
7.651000000000000000e+03,3.938245226765111795e+00
7.652000000000000000e+03,3.808801062857435582e+00
7.653000000000000000e+03,3.573969765549876776e+00
7.654000000000000000e+03,3.387581800981761315e+00
7.655000000000000000e+03,3.600334535247396328e+00
7.656000000000000000e+03,3.497866009008454125e+00
7.657000000000000000e+03,3.570263512965974328e+00
7.658000000000000000e+03,3.784082125250833872e+00
7.659000000000000000e+03,3.837258776470727994e+00
7.660000000000000000e+03,3.460803457397753746e+00
7.661000000000000000e+03,3.620698979452142918e+00
7.662000000000000000e+03,3.624601329227889135e+00
7.663000000000000000e+03,3.495321572933476784e+00
7.664000000000000000e+03,3.707446792670948010e+00
7.665000000000000000e+03,3.925760090662635093e+00
7.666000000000000000e+03,3.929314728637502974e+00
7.667000000000000000e+03,3.479776749238691291e+00
7.668000000000000000e+03,3.435201447805813935e+00
7.669000000000000000e+03,3.558346321465832407e+00
7.670000000000000000e+03,3.724115114573548713e+00
7.671000000000000000e+03,3.656235201273685398e+00
7.672000000000000000e+03,3.450700384330173343e+00
7.673000000000000000e+03,3.763126612805974158e+00
7.674000000000000000e+03,3.645181500478555936e+00
7.675000000000000000e+03,3.406679546321252250e+00
7.676000000000000000e+03,3.855196498766778390e+00
7.677000000000000000e+03,3.617611426479400372e+00
7.678000000000000000e+03,3.784932956753582989e+00
7.679000000000000000e+03,3.976975300047485895e+00
7.680000000000000000e+03,3.661293170135122121e+00
7.681000000000000000e+03,3.791232988747854638e+00
7.682000000000000000e+03,3.610779238427375137e+00
7.683000000000000000e+03,3.746437105168625603e+00
7.684000000000000000e+03,3.953322011577673933e+00
7.685000000000000000e+03,3.421876161219130186e+00
7.686000000000000000e+03,3.616428436773395649e+00
7.687000000000000000e+03,3.697030651440259774e+00
7.688000000000000000e+03,3.284088358796009910e+00
7.689000000000000000e+03,3.714723655532188751e+00
7.690000000000000000e+03,3.905919452125853564e+00
7.691000000000000000e+03,3.442916696973490343e+00
7.692000000000000000e+03,3.610666615156061798e+00
7.693000000000000000e+03,3.558322823222582976e+00
7.694000000000000000e+03,3.736501995817704369e+00
7.695000000000000000e+03,3.527694806272236416e+00
7.696000000000000000e+03,3.234606132671916434e+00
7.697000000000000000e+03,3.529956334077724023e+00
7.698000000000000000e+03,3.887214727964253935e+00
7.699000000000000000e+03,3.471239594228530123e+00
7.700000000000000000e+03,3.818390125632486587e+00
7.701000000000000000e+03,3.593947670137473516e+00
7.702000000000000000e+03,3.582045372676855521e+00
7.703000000000000000e+03,3.441413811286564428e+00
7.704000000000000000e+03,3.535234708799803283e+00
7.705000000000000000e+03,3.726236583193507368e+00
7.706000000000000000e+03,3.771814596703987998e+00
7.707000000000000000e+03,3.814820675800907779e+00
7.708000000000000000e+03,3.646435584531766416e+00
7.709000000000000000e+03,3.872935792389664122e+00
7.710000000000000000e+03,3.556573364543468507e+00
7.711000000000000000e+03,3.764490301255112747e+00
7.712000000000000000e+03,3.651234097123317035e+00
7.713000000000000000e+03,4.044823117415339730e+00
7.714000000000000000e+03,3.586052271356955590e+00
7.715000000000000000e+03,3.815328922966107594e+00
7.716000000000000000e+03,3.586444697515462021e+00
7.717000000000000000e+03,3.625632537377246223e+00
7.718000000000000000e+03,3.531305002250471947e+00
7.719000000000000000e+03,3.573441129225853885e+00
7.720000000000000000e+03,4.104097695671380386e+00
7.721000000000000000e+03,3.898506707011102801e+00
7.722000000000000000e+03,3.747897644321632971e+00
7.723000000000000000e+03,3.405778349260757842e+00
7.724000000000000000e+03,3.817945236754190841e+00
7.725000000000000000e+03,3.653084191260361546e+00
7.726000000000000000e+03,3.536233765040951216e+00
7.727000000000000000e+03,3.610023671745989038e+00
7.728000000000000000e+03,3.699287426424521019e+00
7.729000000000000000e+03,3.551655097916154524e+00
7.730000000000000000e+03,3.686902053908027721e+00
7.731000000000000000e+03,3.424218677683779966e+00
7.732000000000000000e+03,3.815939583312579320e+00
7.733000000000000000e+03,3.564818153284406765e+00
7.734000000000000000e+03,3.589521494778121102e+00
7.735000000000000000e+03,3.600303733197840472e+00
7.736000000000000000e+03,3.873869860096148532e+00
7.737000000000000000e+03,3.672092669725530723e+00
7.738000000000000000e+03,3.752374273204635013e+00
7.739000000000000000e+03,3.488272232846250986e+00
7.740000000000000000e+03,3.563600956469933578e+00
7.741000000000000000e+03,3.983485968231318175e+00
7.742000000000000000e+03,3.882020490152574332e+00
7.743000000000000000e+03,3.695279298673726842e+00
7.744000000000000000e+03,3.714991050660957139e+00
7.745000000000000000e+03,3.453027157599723562e+00
7.746000000000000000e+03,3.799079148959154661e+00
7.747000000000000000e+03,3.743020163279670243e+00
7.748000000000000000e+03,4.014535645572013145e+00
7.749000000000000000e+03,3.475570508057598040e+00
7.750000000000000000e+03,3.532264807023996589e+00
7.751000000000000000e+03,3.414453101565181115e+00
7.752000000000000000e+03,3.932081248141924501e+00
7.753000000000000000e+03,3.775738559224448121e+00
7.754000000000000000e+03,3.397751686795133619e+00
7.755000000000000000e+03,3.976273934098655261e+00
7.756000000000000000e+03,3.402330697473538557e+00
7.757000000000000000e+03,3.648696500855103331e+00
7.758000000000000000e+03,3.949427399480597067e+00
7.759000000000000000e+03,3.597493043541036162e+00
7.760000000000000000e+03,3.588481844972127632e+00
7.761000000000000000e+03,3.536428421776649067e+00
7.762000000000000000e+03,3.761240773643824920e+00
7.763000000000000000e+03,3.931471334264380335e+00
7.764000000000000000e+03,3.634022353586803256e+00
7.765000000000000000e+03,3.778848785832022106e+00
7.766000000000000000e+03,3.386628744996122542e+00
7.767000000000000000e+03,3.856839447742538063e+00
7.768000000000000000e+03,3.899875779117750518e+00
7.769000000000000000e+03,3.593465275620157939e+00
7.770000000000000000e+03,3.458094203221737217e+00
7.771000000000000000e+03,3.680308658136631994e+00
7.772000000000000000e+03,3.596670660150755428e+00
7.773000000000000000e+03,3.781983511225153638e+00
7.774000000000000000e+03,4.106446130717515075e+00
7.775000000000000000e+03,3.567525869185919962e+00
7.776000000000000000e+03,3.977548881924804824e+00
7.777000000000000000e+03,3.775890448448484982e+00
7.778000000000000000e+03,3.650021750730444214e+00
7.779000000000000000e+03,3.789403599473556206e+00
7.780000000000000000e+03,3.511329174974138212e+00
7.781000000000000000e+03,3.565454170271577183e+00
7.782000000000000000e+03,3.604379846578418256e+00
7.783000000000000000e+03,3.592216478881438579e+00
7.784000000000000000e+03,3.785442705179778766e+00
7.785000000000000000e+03,3.552750521311144549e+00
7.786000000000000000e+03,3.913881921202500447e+00
7.787000000000000000e+03,3.598175233548848606e+00
7.788000000000000000e+03,3.942649204188181322e+00
7.789000000000000000e+03,3.658739906595551705e+00
7.790000000000000000e+03,3.781490692847889523e+00
7.791000000000000000e+03,3.601997536603417149e+00
7.792000000000000000e+03,3.642035417450377288e+00
7.793000000000000000e+03,3.733508308281483057e+00
7.794000000000000000e+03,3.624465376303749764e+00
7.795000000000000000e+03,3.588727806097497197e+00
7.796000000000000000e+03,3.380052418628418209e+00
7.797000000000000000e+03,3.539426206082164406e+00
7.798000000000000000e+03,3.835233517942917114e+00
7.799000000000000000e+03,3.728717611023117051e+00
7.800000000000000000e+03,3.717080531323610160e+00
7.801000000000000000e+03,3.473109310713659692e+00
7.802000000000000000e+03,3.545515897049723364e+00
7.803000000000000000e+03,3.671196299207127201e+00
7.804000000000000000e+03,3.791077479710565967e+00
7.805000000000000000e+03,3.951548071232811488e+00
7.806000000000000000e+03,3.684015208362882987e+00
7.807000000000000000e+03,3.435410086814095543e+00
7.808000000000000000e+03,3.638811327946188889e+00
7.809000000000000000e+03,3.859050790683780541e+00
7.810000000000000000e+03,3.602698278396099685e+00
7.811000000000000000e+03,3.704964345205836729e+00
7.812000000000000000e+03,3.715764447622960986e+00
7.813000000000000000e+03,3.628111415946632778e+00
7.814000000000000000e+03,3.391251508355830335e+00
7.815000000000000000e+03,3.569793703881942726e+00
7.816000000000000000e+03,3.674120143415777751e+00
7.817000000000000000e+03,3.711047671367624368e+00
7.818000000000000000e+03,3.609094765683468875e+00
7.819000000000000000e+03,3.635543073569321937e+00
7.820000000000000000e+03,3.742755761502126521e+00
7.821000000000000000e+03,4.009378083189123032e+00
7.822000000000000000e+03,3.625602901425074354e+00
7.823000000000000000e+03,3.364000308354587077e+00
7.824000000000000000e+03,3.692450931174709350e+00
7.825000000000000000e+03,3.684474402236130430e+00
7.826000000000000000e+03,3.866915561932169343e+00
7.827000000000000000e+03,3.462596727743577851e+00
7.828000000000000000e+03,3.738599693477984154e+00
7.829000000000000000e+03,3.539065608065565804e+00
7.830000000000000000e+03,3.973929991742768397e+00
7.831000000000000000e+03,3.882999715972291099e+00
7.832000000000000000e+03,3.596274473823279028e+00
7.833000000000000000e+03,3.773915480849424853e+00
7.834000000000000000e+03,3.826390078102611003e+00
7.835000000000000000e+03,3.661144703822513780e+00
7.836000000000000000e+03,3.550908062745868676e+00
7.837000000000000000e+03,3.696309639089793375e+00
7.838000000000000000e+03,3.751341954562995351e+00
7.839000000000000000e+03,3.693980610002353338e+00
7.840000000000000000e+03,3.695752441567346391e+00
7.841000000000000000e+03,3.850157356373117512e+00
7.842000000000000000e+03,3.397846441041438847e+00
7.843000000000000000e+03,3.949801025703688406e+00
7.844000000000000000e+03,3.387094958751335039e+00
7.845000000000000000e+03,3.600383301848640194e+00
7.846000000000000000e+03,3.585865158889276483e+00
7.847000000000000000e+03,3.226191902934615552e+00
7.848000000000000000e+03,3.791886539403573231e+00
7.849000000000000000e+03,3.745890876785838763e+00
7.850000000000000000e+03,3.537400057145102306e+00
7.851000000000000000e+03,3.633266873577518652e+00
7.852000000000000000e+03,3.809202478291838556e+00
7.853000000000000000e+03,3.504851466678197358e+00
7.854000000000000000e+03,3.935759441669792746e+00
7.855000000000000000e+03,3.698427343664769218e+00
7.856000000000000000e+03,3.519143435502528394e+00
7.857000000000000000e+03,3.530356714744057545e+00
7.858000000000000000e+03,3.681322230744862090e+00
7.859000000000000000e+03,3.712557445027844683e+00
7.860000000000000000e+03,3.998089885108949471e+00
7.861000000000000000e+03,3.583010347385282124e+00
7.862000000000000000e+03,3.656323262745324598e+00
7.863000000000000000e+03,3.562596999303190515e+00
7.864000000000000000e+03,3.604495747280291429e+00
7.865000000000000000e+03,3.474384283494480030e+00
7.866000000000000000e+03,3.879103134370425199e+00
7.867000000000000000e+03,3.274002303071816389e+00
7.868000000000000000e+03,3.567883176949973922e+00
7.869000000000000000e+03,3.753605326496257444e+00
7.870000000000000000e+03,3.735396194820302718e+00
7.871000000000000000e+03,3.574916884306990283e+00
7.872000000000000000e+03,3.649364205357784829e+00
7.873000000000000000e+03,3.820924765766707143e+00
7.874000000000000000e+03,3.508244082634349059e+00
7.875000000000000000e+03,3.455862885904917192e+00
7.876000000000000000e+03,3.234684234502540168e+00
7.877000000000000000e+03,3.855112605867457187e+00
7.878000000000000000e+03,3.744467067643095337e+00
7.879000000000000000e+03,3.861387852828002121e+00
7.880000000000000000e+03,3.932978615283641233e+00
7.881000000000000000e+03,3.958926090604064196e+00
7.882000000000000000e+03,4.007888776631509664e+00
7.883000000000000000e+03,3.588702432417765209e+00
7.884000000000000000e+03,3.724158990075090436e+00
7.885000000000000000e+03,3.863205306849333276e+00
7.886000000000000000e+03,3.815991639580297523e+00
7.887000000000000000e+03,3.509634307814565979e+00
7.888000000000000000e+03,3.848297472002347952e+00
7.889000000000000000e+03,3.695017235602832351e+00
7.890000000000000000e+03,3.805093468831170611e+00
7.891000000000000000e+03,3.852366152918765607e+00
7.892000000000000000e+03,3.568678805786857478e+00
7.893000000000000000e+03,3.806848068287608466e+00
7.894000000000000000e+03,3.490277608511886953e+00
7.895000000000000000e+03,3.728970172619570089e+00
7.896000000000000000e+03,3.860607772718790187e+00
7.897000000000000000e+03,3.836493882860960269e+00
7.898000000000000000e+03,3.311147442595178347e+00
7.899000000000000000e+03,3.738547351076149550e+00
7.900000000000000000e+03,3.412336007360505796e+00
7.901000000000000000e+03,3.727307754504035398e+00
7.902000000000000000e+03,3.555710632292950812e+00
7.903000000000000000e+03,3.415592083434925375e+00
7.904000000000000000e+03,3.603772042951812082e+00
7.905000000000000000e+03,3.767950713104443405e+00
7.906000000000000000e+03,3.372270255219843804e+00
7.907000000000000000e+03,3.750265941861696373e+00
7.908000000000000000e+03,3.652476049201503372e+00
7.909000000000000000e+03,3.611655580703858170e+00
7.910000000000000000e+03,3.668495478060843862e+00
7.911000000000000000e+03,3.911307936438272570e+00
7.912000000000000000e+03,3.301831963295253747e+00
7.913000000000000000e+03,3.744386978915358988e+00
7.914000000000000000e+03,3.756535732690349683e+00
7.915000000000000000e+03,3.788100660496894978e+00
7.916000000000000000e+03,3.658400161019479402e+00
7.917000000000000000e+03,3.573677446618327647e+00
7.918000000000000000e+03,3.704550505151087414e+00
7.919000000000000000e+03,3.755762321843952201e+00
7.920000000000000000e+03,3.487251040084817344e+00
7.921000000000000000e+03,3.496655730955511743e+00
7.922000000000000000e+03,3.776502175270159967e+00
7.923000000000000000e+03,3.651279318049327038e+00
7.924000000000000000e+03,3.965076958567138377e+00
7.925000000000000000e+03,3.744049352157138522e+00
7.926000000000000000e+03,3.623177023071855629e+00
7.927000000000000000e+03,3.879963144191832747e+00
7.928000000000000000e+03,3.295804970101004816e+00
7.929000000000000000e+03,3.358274797777058396e+00
7.930000000000000000e+03,3.531328977099450483e+00
7.931000000000000000e+03,3.501177372054312009e+00
7.932000000000000000e+03,3.730349268945714947e+00
7.933000000000000000e+03,3.613043039293228897e+00
7.934000000000000000e+03,3.493994632705122338e+00
7.935000000000000000e+03,3.478549990124490510e+00
7.936000000000000000e+03,3.576220276205980486e+00
7.937000000000000000e+03,3.597854529350404729e+00
7.938000000000000000e+03,3.705834840379939710e+00
7.939000000000000000e+03,3.599491665726254563e+00
7.940000000000000000e+03,3.625008596986976084e+00
7.941000000000000000e+03,3.721461299991934979e+00
7.942000000000000000e+03,3.727613338816501809e+00
7.943000000000000000e+03,3.813456377169340605e+00
7.944000000000000000e+03,3.647821551957740382e+00
7.945000000000000000e+03,3.649433726352841134e+00
7.946000000000000000e+03,3.611086121398186854e+00
7.947000000000000000e+03,3.633498102010225050e+00
7.948000000000000000e+03,3.675502639581481823e+00
7.949000000000000000e+03,3.898834544691385240e+00
7.950000000000000000e+03,3.490856369550399130e+00
7.951000000000000000e+03,3.972701472541189549e+00
7.952000000000000000e+03,3.915612315235629026e+00
7.953000000000000000e+03,3.509178611195751696e+00
7.954000000000000000e+03,4.021682527229041071e+00
7.955000000000000000e+03,3.785028349462198349e+00
7.956000000000000000e+03,3.721163142199090501e+00
7.957000000000000000e+03,3.726204707146927309e+00
7.958000000000000000e+03,3.851610578243858551e+00
7.959000000000000000e+03,3.537432609662388927e+00
7.960000000000000000e+03,3.606702012430886395e+00
7.961000000000000000e+03,3.866756348641799956e+00
7.962000000000000000e+03,3.978024802127563042e+00
7.963000000000000000e+03,3.631265086353185012e+00
7.964000000000000000e+03,3.859645400900477252e+00
7.965000000000000000e+03,3.629025996724817293e+00
7.966000000000000000e+03,3.802385123078396489e+00
7.967000000000000000e+03,3.675285271908081075e+00
7.968000000000000000e+03,3.790116947654541324e+00
7.969000000000000000e+03,3.530684101183996226e+00
7.970000000000000000e+03,4.133695356440100888e+00
7.971000000000000000e+03,3.735296155260590556e+00
7.972000000000000000e+03,3.621067871627556389e+00
7.973000000000000000e+03,3.715334026505345388e+00
7.974000000000000000e+03,3.490528856590938922e+00
7.975000000000000000e+03,3.678909272826865084e+00
7.976000000000000000e+03,3.795004237694856286e+00
7.977000000000000000e+03,3.441951147736704630e+00
7.978000000000000000e+03,3.307732378595147793e+00
7.979000000000000000e+03,3.508819517044357017e+00
7.980000000000000000e+03,3.441859732107408032e+00
7.981000000000000000e+03,3.552488897983237859e+00
7.982000000000000000e+03,3.755113469244169444e+00
7.983000000000000000e+03,3.686820972148714404e+00
7.984000000000000000e+03,3.582116591114742565e+00
7.985000000000000000e+03,3.691030222297129182e+00
7.986000000000000000e+03,3.665001485788291102e+00
7.987000000000000000e+03,3.936911800176837506e+00
7.988000000000000000e+03,3.847629424986096947e+00
7.989000000000000000e+03,3.369224116013785686e+00
7.990000000000000000e+03,3.659044060966429868e+00
7.991000000000000000e+03,3.723184477849978968e+00
7.992000000000000000e+03,3.642609326383714485e+00
7.993000000000000000e+03,3.641356993791362129e+00
7.994000000000000000e+03,3.286006692143445207e+00
7.995000000000000000e+03,3.282607657220867114e+00
7.996000000000000000e+03,3.757781633404040811e+00
7.997000000000000000e+03,3.187739697837480346e+00
7.998000000000000000e+03,3.612508889268184475e+00
7.999000000000000000e+03,3.850386170333692348e+00
8.000000000000000000e+03,3.671409180582080989e+00
8.001000000000000000e+03,3.922483973687764358e+00
8.002000000000000000e+03,3.587763143648482700e+00
8.003000000000000000e+03,3.402686835439936885e+00
8.004000000000000000e+03,3.713289845718719562e+00
8.005000000000000000e+03,3.556229812568453941e+00
8.006000000000000000e+03,3.702800589942401910e+00
8.007000000000000000e+03,3.552341056592493107e+00
8.008000000000000000e+03,3.802312573551859920e+00
8.009000000000000000e+03,3.204573869254393692e+00
8.010000000000000000e+03,3.867538477977049194e+00
8.011000000000000000e+03,3.183536327572914715e+00
8.012000000000000000e+03,3.463416059258428437e+00
8.013000000000000000e+03,3.786189005815256525e+00
8.014000000000000000e+03,3.598389145188113591e+00
8.015000000000000000e+03,3.525623144935525310e+00
8.016000000000000000e+03,3.930566562867745972e+00
8.017000000000000000e+03,3.869878043343320861e+00
8.018000000000000000e+03,3.697568856488864686e+00
8.019000000000000000e+03,3.899281140178519234e+00
8.020000000000000000e+03,3.426640007266073873e+00
8.021000000000000000e+03,3.946373826732260781e+00
8.022000000000000000e+03,3.499191187244352630e+00
8.023000000000000000e+03,3.757328263793265233e+00
8.024000000000000000e+03,3.894644715649659972e+00
8.025000000000000000e+03,3.523759546804434706e+00
8.026000000000000000e+03,3.715235877418588295e+00
8.027000000000000000e+03,3.690982239156631373e+00
8.028000000000000000e+03,3.950672761217633777e+00
8.029000000000000000e+03,3.647955897471982567e+00
8.030000000000000000e+03,3.724007491589348184e+00
8.031000000000000000e+03,3.892816008021381169e+00
8.032000000000000000e+03,3.593365312453939531e+00
8.033000000000000000e+03,3.915396797800504203e+00
8.034000000000000000e+03,3.621632967723583896e+00
8.035000000000000000e+03,3.729004298438709064e+00
8.036000000000000000e+03,4.003596378729582739e+00
8.037000000000000000e+03,3.467580953118623466e+00
8.038000000000000000e+03,3.753051596986390681e+00
8.039000000000000000e+03,4.005763347104232430e+00
8.040000000000000000e+03,3.696546497914993790e+00
8.041000000000000000e+03,3.723605469933914502e+00
8.042000000000000000e+03,3.762466385081194353e+00
8.043000000000000000e+03,3.671736250215075881e+00
8.044000000000000000e+03,3.279021970843147393e+00
8.045000000000000000e+03,3.922055413238761279e+00
8.046000000000000000e+03,3.644981834189880310e+00
8.047000000000000000e+03,3.747866507789304080e+00
8.048000000000000000e+03,3.667665794727699602e+00
8.049000000000000000e+03,3.648751792882587885e+00
8.050000000000000000e+03,4.024091219231866745e+00
8.051000000000000000e+03,3.989119477806793768e+00
8.052000000000000000e+03,3.664748542310255264e+00
8.053000000000000000e+03,3.499248592233663135e+00
8.054000000000000000e+03,3.397909402496562148e+00
8.055000000000000000e+03,3.737919574227423603e+00
8.056000000000000000e+03,3.712714522898905134e+00
8.057000000000000000e+03,3.917787935550747669e+00
8.058000000000000000e+03,3.729143628466065952e+00
8.059000000000000000e+03,3.642027495750655763e+00
8.060000000000000000e+03,3.675017918496067626e+00
8.061000000000000000e+03,3.774295820826371273e+00
8.062000000000000000e+03,3.780079015559397959e+00
8.063000000000000000e+03,3.281815696325817377e+00
8.064000000000000000e+03,3.650837151099881162e+00
8.065000000000000000e+03,3.802112826921062894e+00
8.066000000000000000e+03,3.696016136395277929e+00
8.067000000000000000e+03,3.789219635641862372e+00
8.068000000000000000e+03,3.730505852552966406e+00
8.069000000000000000e+03,3.707370185893010817e+00
8.070000000000000000e+03,3.761017853652793175e+00
8.071000000000000000e+03,3.733462689040067506e+00
8.072000000000000000e+03,3.742412551571435486e+00
8.073000000000000000e+03,3.618708351457593508e+00
8.074000000000000000e+03,3.585024179091753194e+00
8.075000000000000000e+03,3.731086285854060769e+00
8.076000000000000000e+03,3.518717559853250965e+00
8.077000000000000000e+03,3.643321195426217685e+00
8.078000000000000000e+03,3.789627262756450676e+00
8.079000000000000000e+03,3.607981230141698692e+00
8.080000000000000000e+03,3.616218658468767444e+00
8.081000000000000000e+03,3.432663788706229901e+00
8.082000000000000000e+03,3.455181171336319856e+00
8.083000000000000000e+03,4.009572987827855428e+00
8.084000000000000000e+03,3.863890156736807135e+00
8.085000000000000000e+03,3.505758579403506214e+00
8.086000000000000000e+03,3.891087232390872064e+00
8.087000000000000000e+03,3.575217432779775439e+00
8.088000000000000000e+03,3.755319692535930898e+00
8.089000000000000000e+03,3.810349835613484615e+00
8.090000000000000000e+03,3.547273612343606608e+00
8.091000000000000000e+03,3.819376140322152668e+00
8.092000000000000000e+03,3.644473214922737458e+00
8.093000000000000000e+03,3.579872535126578104e+00
8.094000000000000000e+03,3.884410527080351727e+00
8.095000000000000000e+03,3.380478193916800933e+00
8.096000000000000000e+03,3.774969712082173690e+00
8.097000000000000000e+03,3.722280210561450975e+00
8.098000000000000000e+03,3.374057842136005902e+00
8.099000000000000000e+03,3.538191987198631150e+00
8.100000000000000000e+03,3.616084575646594690e+00
8.101000000000000000e+03,3.603314338314515641e+00
8.102000000000000000e+03,3.809183926655735242e+00
8.103000000000000000e+03,3.803293513216214894e+00
8.104000000000000000e+03,3.333106969843243395e+00
8.105000000000000000e+03,3.703482278442004727e+00
8.106000000000000000e+03,3.640394347709494660e+00
8.107000000000000000e+03,3.923866863014151551e+00
8.108000000000000000e+03,3.738742107725890662e+00
8.109000000000000000e+03,3.514900286647625549e+00
8.110000000000000000e+03,3.721122362226659153e+00
8.111000000000000000e+03,3.817420672735110543e+00
8.112000000000000000e+03,3.721002176047405907e+00
8.113000000000000000e+03,3.468299034154659122e+00
8.114000000000000000e+03,3.651445445740611362e+00
8.115000000000000000e+03,3.666497316542017160e+00
8.116000000000000000e+03,3.415932348534964635e+00
8.117000000000000000e+03,3.703612809886848822e+00
8.118000000000000000e+03,3.850164578487041300e+00
8.119000000000000000e+03,3.450215334559935787e+00
8.120000000000000000e+03,3.744489082843622363e+00
8.121000000000000000e+03,3.428614512080278676e+00
8.122000000000000000e+03,3.471609518297705588e+00
8.123000000000000000e+03,3.350085185529434018e+00
8.124000000000000000e+03,3.660068320556265409e+00
8.125000000000000000e+03,3.547457094185012316e+00
8.126000000000000000e+03,3.528860585785082105e+00
8.127000000000000000e+03,3.527037061126408801e+00
8.128000000000000000e+03,3.846442187393553258e+00
8.129000000000000000e+03,3.768059976953760604e+00
8.130000000000000000e+03,3.410347562939796795e+00
8.131000000000000000e+03,3.841819414370559738e+00
8.132000000000000000e+03,3.758850458019127316e+00
8.133000000000000000e+03,3.922421517998152307e+00
8.134000000000000000e+03,3.710928143675583879e+00
8.135000000000000000e+03,3.826036204855133516e+00
8.136000000000000000e+03,3.732240455429717940e+00
8.137000000000000000e+03,3.766399318001509400e+00
8.138000000000000000e+03,4.097780639260093061e+00
8.139000000000000000e+03,3.475257894681760718e+00
8.140000000000000000e+03,3.377197704444098836e+00
8.141000000000000000e+03,3.332190234295450804e+00
8.142000000000000000e+03,3.812356953684055139e+00
8.143000000000000000e+03,3.568637288100473537e+00
8.144000000000000000e+03,3.635620319237479414e+00
8.145000000000000000e+03,3.513058284535354403e+00
8.146000000000000000e+03,3.858039070567575113e+00
8.147000000000000000e+03,3.696948376887333243e+00
8.148000000000000000e+03,3.563811591180077620e+00
8.149000000000000000e+03,3.783159047590578528e+00
8.150000000000000000e+03,3.817163575275054566e+00
8.151000000000000000e+03,3.400772592021334084e+00
8.152000000000000000e+03,3.762365459968863401e+00
8.153000000000000000e+03,3.836304502659901861e+00
8.154000000000000000e+03,3.666520365778049850e+00
8.155000000000000000e+03,3.606844591506685127e+00
8.156000000000000000e+03,3.712492256240523592e+00
8.157000000000000000e+03,3.776794596941073667e+00
8.158000000000000000e+03,3.637999912396588265e+00
8.159000000000000000e+03,3.925182539886121091e+00
8.160000000000000000e+03,3.735681537463860113e+00
8.161000000000000000e+03,3.831451986836828638e+00
8.162000000000000000e+03,3.594871605561012373e+00
8.163000000000000000e+03,3.425549292698980341e+00
8.164000000000000000e+03,3.768828692595397101e+00
8.165000000000000000e+03,3.541069877416597400e+00
8.166000000000000000e+03,3.675790721994054877e+00
8.167000000000000000e+03,3.473939345977470783e+00
8.168000000000000000e+03,3.635787438612515299e+00
8.169000000000000000e+03,3.880615031261600567e+00
8.170000000000000000e+03,3.879334349566601947e+00
8.171000000000000000e+03,3.615199228480208138e+00
8.172000000000000000e+03,3.866190025463914992e+00
8.173000000000000000e+03,3.881388733223049226e+00
8.174000000000000000e+03,3.625829709811731583e+00
8.175000000000000000e+03,4.054804565474740663e+00
8.176000000000000000e+03,3.416475852159735371e+00
8.177000000000000000e+03,3.514609063520873100e+00
8.178000000000000000e+03,3.336987763942274032e+00
8.179000000000000000e+03,3.701073301583768682e+00
8.180000000000000000e+03,3.809518098072890879e+00
8.181000000000000000e+03,3.559847625739104071e+00
8.182000000000000000e+03,3.802282757177014361e+00
8.183000000000000000e+03,3.513983894671001362e+00
8.184000000000000000e+03,3.597440155290439812e+00
8.185000000000000000e+03,3.694056841911872890e+00
8.186000000000000000e+03,3.999470985166873493e+00
8.187000000000000000e+03,3.993599177201192063e+00
8.188000000000000000e+03,3.668656410792266342e+00
8.189000000000000000e+03,3.680722722485608944e+00
8.190000000000000000e+03,3.470823685428217953e+00
8.191000000000000000e+03,3.827295460381618941e+00
8.192000000000000000e+03,3.602732349430108005e+00
8.193000000000000000e+03,4.097052813052187936e+00
8.194000000000000000e+03,3.448136328918115279e+00
8.195000000000000000e+03,3.558131155349169905e+00
8.196000000000000000e+03,3.340370176883414643e+00
8.197000000000000000e+03,3.862749396518570411e+00
8.198000000000000000e+03,3.358518013468901664e+00
8.199000000000000000e+03,3.446351931386696155e+00
8.200000000000000000e+03,3.782749925886274234e+00
8.201000000000000000e+03,3.706568742651608073e+00
8.202000000000000000e+03,3.644798810671648681e+00
8.203000000000000000e+03,3.840035396963252801e+00
8.204000000000000000e+03,3.952812711779340127e+00
8.205000000000000000e+03,3.570819784260591767e+00
8.206000000000000000e+03,3.694469912283322444e+00
8.207000000000000000e+03,3.719286471126912463e+00
8.208000000000000000e+03,3.757024518273626157e+00
8.209000000000000000e+03,3.900581799856695842e+00
8.210000000000000000e+03,3.540084641928753495e+00
8.211000000000000000e+03,3.459845490734974494e+00
8.212000000000000000e+03,3.756573041568400662e+00
8.213000000000000000e+03,3.753215910446616288e+00
8.214000000000000000e+03,3.510082356236733148e+00
8.215000000000000000e+03,3.796213746537002276e+00
8.216000000000000000e+03,3.733678341662614475e+00
8.217000000000000000e+03,3.541688239001540062e+00
8.218000000000000000e+03,3.738525568485730144e+00
8.219000000000000000e+03,3.805557297676483763e+00
8.220000000000000000e+03,3.674430001413628855e+00
8.221000000000000000e+03,3.837591834812724034e+00
8.222000000000000000e+03,3.807478690936978438e+00
8.223000000000000000e+03,3.525213253588239670e+00
8.224000000000000000e+03,3.908828519632815635e+00
8.225000000000000000e+03,3.632295567913122802e+00
8.226000000000000000e+03,3.704862142293561256e+00
8.227000000000000000e+03,3.885102414846163477e+00
8.228000000000000000e+03,3.554406776521977562e+00
8.229000000000000000e+03,3.649544495269965161e+00
8.230000000000000000e+03,3.836889019485363761e+00
8.231000000000000000e+03,3.749997901257505095e+00
8.232000000000000000e+03,3.838112901539262989e+00
8.233000000000000000e+03,3.443554924228815484e+00
8.234000000000000000e+03,3.863444698507706221e+00
8.235000000000000000e+03,3.802933048893607726e+00
8.236000000000000000e+03,3.893833218944890984e+00
8.237000000000000000e+03,3.705701543584064783e+00
8.238000000000000000e+03,4.025302110961619384e+00
8.239000000000000000e+03,3.915692306438770753e+00
8.240000000000000000e+03,3.890877443355894361e+00
8.241000000000000000e+03,3.697921821263310704e+00
8.242000000000000000e+03,3.999441385168741814e+00
8.243000000000000000e+03,3.491126430660918434e+00
8.244000000000000000e+03,3.742357276432168867e+00
8.245000000000000000e+03,3.484657887147564193e+00
8.246000000000000000e+03,3.586153888515203558e+00
8.247000000000000000e+03,3.626377605196007714e+00
8.248000000000000000e+03,3.560087943400289223e+00
8.249000000000000000e+03,3.388176792324711695e+00
8.250000000000000000e+03,3.582390357534086966e+00
8.251000000000000000e+03,4.017049001636003425e+00
8.252000000000000000e+03,3.510928606034708022e+00
8.253000000000000000e+03,3.803682049513956720e+00
8.254000000000000000e+03,3.597382593054307964e+00
8.255000000000000000e+03,3.616285080128715634e+00
8.256000000000000000e+03,3.650220852102330493e+00
8.257000000000000000e+03,3.725429767231205336e+00
8.258000000000000000e+03,3.736857056666449850e+00
8.259000000000000000e+03,3.524371536511600400e+00
8.260000000000000000e+03,3.673269121611359100e+00
8.261000000000000000e+03,3.751399192335132859e+00
8.262000000000000000e+03,3.397933118984548972e+00
8.263000000000000000e+03,3.510815761799754409e+00
8.264000000000000000e+03,3.663497837550407699e+00
8.265000000000000000e+03,3.742628024248402685e+00
8.266000000000000000e+03,3.601217420120340851e+00
8.267000000000000000e+03,3.925867060683290610e+00
8.268000000000000000e+03,3.860377975255365524e+00
8.269000000000000000e+03,3.763349185411514863e+00
8.270000000000000000e+03,3.979102495585646437e+00
8.271000000000000000e+03,3.745525792726045022e+00
8.272000000000000000e+03,3.793919265340941038e+00
8.273000000000000000e+03,3.553552939196534144e+00
8.274000000000000000e+03,3.972175196618683568e+00
8.275000000000000000e+03,3.861817825069583154e+00
8.276000000000000000e+03,3.639753722345571596e+00
8.277000000000000000e+03,3.489949216985679836e+00
8.278000000000000000e+03,4.079498581752179831e+00
8.279000000000000000e+03,3.401462542942317757e+00
8.280000000000000000e+03,3.876419319775906036e+00
8.281000000000000000e+03,3.507742856218572403e+00
8.282000000000000000e+03,3.293315819639016429e+00
8.283000000000000000e+03,3.709268625339177117e+00
8.284000000000000000e+03,3.753450946875026339e+00
8.285000000000000000e+03,3.611631729461662665e+00
8.286000000000000000e+03,3.703882669709008812e+00
8.287000000000000000e+03,3.799324948177209116e+00
8.288000000000000000e+03,3.513816781879597784e+00
8.289000000000000000e+03,3.217056614811861337e+00
8.290000000000000000e+03,3.549760379722811443e+00
8.291000000000000000e+03,3.640723105335128995e+00
8.292000000000000000e+03,3.901373587817988042e+00
8.293000000000000000e+03,3.589728903060611653e+00
8.294000000000000000e+03,3.575059642971448515e+00
8.295000000000000000e+03,3.779992956718867259e+00
8.296000000000000000e+03,3.613843191080968076e+00
8.297000000000000000e+03,4.016857449400031754e+00
8.298000000000000000e+03,3.444065161169016953e+00
8.299000000000000000e+03,3.912652835534235152e+00
8.300000000000000000e+03,3.721065867932526583e+00
8.301000000000000000e+03,3.597118637453204926e+00
8.302000000000000000e+03,3.654600111151292463e+00
8.303000000000000000e+03,3.637933335859914408e+00
8.304000000000000000e+03,3.724772893483645486e+00
8.305000000000000000e+03,3.777558377194709216e+00
8.306000000000000000e+03,3.383984807253662463e+00
8.307000000000000000e+03,3.809476096302016668e+00
8.308000000000000000e+03,3.489468128831314964e+00
8.309000000000000000e+03,3.613426829142118990e+00
8.310000000000000000e+03,3.825259737580890107e+00
8.311000000000000000e+03,3.685728149801048126e+00
8.312000000000000000e+03,3.727302083060531679e+00
8.313000000000000000e+03,3.537455022794392168e+00
8.314000000000000000e+03,3.847665151839870123e+00
8.315000000000000000e+03,3.517639102862926581e+00
8.316000000000000000e+03,3.672285111648026845e+00
8.317000000000000000e+03,3.835709721792710525e+00
8.318000000000000000e+03,3.809320185049060115e+00
8.319000000000000000e+03,3.804799300822971908e+00
8.320000000000000000e+03,3.506092995949730895e+00
8.321000000000000000e+03,3.820024842880003213e+00
8.322000000000000000e+03,3.754895198034709836e+00
8.323000000000000000e+03,3.795853432609432865e+00
8.324000000000000000e+03,3.475677729931625937e+00
8.325000000000000000e+03,3.739789792472882013e+00
8.326000000000000000e+03,3.541787261807591847e+00
8.327000000000000000e+03,3.897831058163936824e+00
8.328000000000000000e+03,3.992291656906309161e+00
8.329000000000000000e+03,3.489837525118920869e+00
8.330000000000000000e+03,3.689833198893467614e+00
8.331000000000000000e+03,3.741320537168063343e+00
8.332000000000000000e+03,3.937507259335059739e+00
8.333000000000000000e+03,3.735794250532522565e+00
8.334000000000000000e+03,3.332882909497529411e+00
8.335000000000000000e+03,3.406632746585858129e+00
8.336000000000000000e+03,3.776843257522216390e+00
8.337000000000000000e+03,3.717791294990957507e+00
8.338000000000000000e+03,3.873452571568582137e+00
8.339000000000000000e+03,3.578718858141822778e+00
8.340000000000000000e+03,3.606168834401447754e+00
8.341000000000000000e+03,3.593860403125433756e+00
8.342000000000000000e+03,3.725685836646856597e+00
8.343000000000000000e+03,3.555283972379903012e+00
8.344000000000000000e+03,3.655802778373033579e+00
8.345000000000000000e+03,3.565087237323278480e+00
8.346000000000000000e+03,3.940667082642514529e+00
8.347000000000000000e+03,3.569265580584459752e+00
8.348000000000000000e+03,3.552848602233155351e+00
8.349000000000000000e+03,3.870467269786807218e+00
8.350000000000000000e+03,3.586515709533068641e+00
8.351000000000000000e+03,3.547505458014970969e+00
8.352000000000000000e+03,3.799610828245647109e+00
8.353000000000000000e+03,3.561533884987110543e+00
8.354000000000000000e+03,3.819194012809378869e+00
8.355000000000000000e+03,3.600423295756006947e+00
8.356000000000000000e+03,3.847082619597381736e+00
8.357000000000000000e+03,3.670389598180351598e+00
8.358000000000000000e+03,3.861413420020835652e+00
8.359000000000000000e+03,3.713496312384026332e+00
8.360000000000000000e+03,4.212326837803012758e+00
8.361000000000000000e+03,3.662499731260095981e+00
8.362000000000000000e+03,3.881706492612337467e+00
8.363000000000000000e+03,3.726871457745538851e+00
8.364000000000000000e+03,3.665414641274317820e+00
8.365000000000000000e+03,3.453975964788219777e+00
8.366000000000000000e+03,3.759912644137240800e+00
8.367000000000000000e+03,3.538198615325645946e+00
8.368000000000000000e+03,3.689900182798293127e+00
8.369000000000000000e+03,3.758439522076228112e+00
8.370000000000000000e+03,3.616348179803491103e+00
8.371000000000000000e+03,3.685294819082960860e+00
8.372000000000000000e+03,3.788713797208354439e+00
8.373000000000000000e+03,3.786091142417678856e+00
8.374000000000000000e+03,3.552347168856127002e+00
8.375000000000000000e+03,4.022864506323672984e+00
8.376000000000000000e+03,3.571702108379752882e+00
8.377000000000000000e+03,3.605106451146707691e+00
8.378000000000000000e+03,4.005971781612350568e+00
8.379000000000000000e+03,3.656881700332315521e+00
8.380000000000000000e+03,3.813418195547138456e+00
8.381000000000000000e+03,3.814191048119755401e+00
8.382000000000000000e+03,3.570577507071172274e+00
8.383000000000000000e+03,3.779314442620456127e+00
8.384000000000000000e+03,3.810800971806103554e+00
8.385000000000000000e+03,3.575503403996642238e+00
8.386000000000000000e+03,3.660849632100661388e+00
8.387000000000000000e+03,3.499892981179878237e+00
8.388000000000000000e+03,3.898751029808301460e+00
8.389000000000000000e+03,3.560975376435417949e+00
8.390000000000000000e+03,3.473103313181264529e+00
8.391000000000000000e+03,4.034054843525697542e+00
8.392000000000000000e+03,3.867272622667760729e+00
8.393000000000000000e+03,3.573170500057605281e+00
8.394000000000000000e+03,3.445554559113424897e+00
8.395000000000000000e+03,3.832642399048804993e+00
8.396000000000000000e+03,3.909557353191699836e+00
8.397000000000000000e+03,3.475406143929643310e+00
8.398000000000000000e+03,3.704657466988002579e+00
8.399000000000000000e+03,3.325073189264212026e+00
8.400000000000000000e+03,3.793842984252248751e+00
8.401000000000000000e+03,3.752308170867800996e+00
8.402000000000000000e+03,3.732661358832276566e+00
8.403000000000000000e+03,3.951641831545539940e+00
8.404000000000000000e+03,3.677132294610329755e+00
8.405000000000000000e+03,3.644467708184534693e+00
8.406000000000000000e+03,3.632285388955952765e+00
8.407000000000000000e+03,3.801825031013892353e+00
8.408000000000000000e+03,3.489494171553290336e+00
8.409000000000000000e+03,3.738815034367430457e+00
8.410000000000000000e+03,3.677409511228796113e+00
8.411000000000000000e+03,3.844581859213827890e+00
8.412000000000000000e+03,3.381743874305169317e+00
8.413000000000000000e+03,3.393368088918894188e+00
8.414000000000000000e+03,4.077731240309742766e+00
8.415000000000000000e+03,3.630080124086613846e+00
8.416000000000000000e+03,3.550549263115752918e+00
8.417000000000000000e+03,3.746521235497237257e+00
8.418000000000000000e+03,3.717555293670094851e+00
8.419000000000000000e+03,3.708063145767592772e+00
8.420000000000000000e+03,3.499359118856860018e+00
8.421000000000000000e+03,3.782600302948377013e+00
8.422000000000000000e+03,3.797978548670234211e+00
8.423000000000000000e+03,3.642721762547963760e+00
8.424000000000000000e+03,3.695443879099521212e+00
8.425000000000000000e+03,3.795121764438516010e+00
8.426000000000000000e+03,3.716024669455157969e+00
8.427000000000000000e+03,3.826774688760967713e+00
8.428000000000000000e+03,3.652902770840090962e+00
8.429000000000000000e+03,3.557499233656783666e+00
8.430000000000000000e+03,3.372387298332176098e+00
8.431000000000000000e+03,3.668969066829620651e+00
8.432000000000000000e+03,3.786797846640162835e+00
8.433000000000000000e+03,3.938438514735783436e+00
8.434000000000000000e+03,3.444681911129475527e+00
8.435000000000000000e+03,3.667363558010251268e+00
8.436000000000000000e+03,3.449829947536326546e+00
8.437000000000000000e+03,3.822357946019581565e+00
8.438000000000000000e+03,3.686046023571185604e+00
8.439000000000000000e+03,3.668529876688572777e+00
8.440000000000000000e+03,3.362902956024428125e+00
8.441000000000000000e+03,3.428522415843517468e+00
8.442000000000000000e+03,3.587529339247309768e+00
8.443000000000000000e+03,4.023158884237493460e+00
8.444000000000000000e+03,3.844591483030349810e+00
8.445000000000000000e+03,3.648059674525029550e+00
8.446000000000000000e+03,3.661638140772855987e+00
8.447000000000000000e+03,3.723599778065360244e+00
8.448000000000000000e+03,3.481219834264322799e+00
8.449000000000000000e+03,3.773750303832398068e+00
8.450000000000000000e+03,3.420525661986283161e+00
8.451000000000000000e+03,3.738419274658085989e+00
8.452000000000000000e+03,3.811986884350350380e+00
8.453000000000000000e+03,3.550986832002096971e+00
8.454000000000000000e+03,3.754115066992929517e+00
8.455000000000000000e+03,3.810389051491217760e+00
8.456000000000000000e+03,3.810278017121064842e+00
8.457000000000000000e+03,3.858012765249047682e+00
8.458000000000000000e+03,3.908946561745795467e+00
8.459000000000000000e+03,3.612762593212421880e+00
8.460000000000000000e+03,3.853001540606115327e+00
8.461000000000000000e+03,3.621145142116838134e+00
8.462000000000000000e+03,3.752729646362720661e+00
8.463000000000000000e+03,3.603038833393812368e+00
8.464000000000000000e+03,3.450329450949298771e+00
8.465000000000000000e+03,3.796021838077377364e+00
8.466000000000000000e+03,3.779226001173638494e+00
8.467000000000000000e+03,3.361497843381853201e+00
8.468000000000000000e+03,3.801484715748397303e+00
8.469000000000000000e+03,3.920291619108475345e+00
8.470000000000000000e+03,3.746567649439557002e+00
8.471000000000000000e+03,3.309652956017208769e+00
8.472000000000000000e+03,3.718192592213601877e+00
8.473000000000000000e+03,3.827379069579063930e+00
8.474000000000000000e+03,3.716793243389230117e+00
8.475000000000000000e+03,3.905210970379660473e+00
8.476000000000000000e+03,3.828104685099976034e+00
8.477000000000000000e+03,3.410876541644652260e+00
8.478000000000000000e+03,3.517733812015412020e+00
8.479000000000000000e+03,3.741907172070947585e+00
8.480000000000000000e+03,3.554457450648719430e+00
8.481000000000000000e+03,3.729277922773177156e+00
8.482000000000000000e+03,3.549635148674884721e+00
8.483000000000000000e+03,3.644269762036856264e+00
8.484000000000000000e+03,3.678229199121999748e+00
8.485000000000000000e+03,3.576745592596737300e+00
8.486000000000000000e+03,3.803348067447360314e+00
8.487000000000000000e+03,3.706035251079293769e+00
8.488000000000000000e+03,3.568694346352496716e+00
8.489000000000000000e+03,3.672383015526976546e+00
8.490000000000000000e+03,3.584678008813662942e+00
8.491000000000000000e+03,3.728367823688540028e+00
8.492000000000000000e+03,3.730459927062367509e+00
8.493000000000000000e+03,3.748896571272053002e+00
8.494000000000000000e+03,3.502711531811178780e+00
8.495000000000000000e+03,3.595933068671115063e+00
8.496000000000000000e+03,3.743390160943352640e+00
8.497000000000000000e+03,3.324081113362179263e+00
8.498000000000000000e+03,3.620663018231067731e+00
8.499000000000000000e+03,3.710707705396897538e+00
8.500000000000000000e+03,3.572430322299135153e+00
8.501000000000000000e+03,3.786106965875899011e+00
8.502000000000000000e+03,3.797400692022979474e+00
8.503000000000000000e+03,3.745518351709956839e+00
8.504000000000000000e+03,3.575338178251767030e+00
8.505000000000000000e+03,3.321130996432338556e+00
8.506000000000000000e+03,3.498076419079272359e+00
8.507000000000000000e+03,3.516073418501734604e+00
8.508000000000000000e+03,3.460785735717313294e+00
8.509000000000000000e+03,3.777312857034813121e+00
8.510000000000000000e+03,3.533269167387469878e+00
8.511000000000000000e+03,3.724474149955700586e+00
8.512000000000000000e+03,3.597133231310476464e+00
8.513000000000000000e+03,3.767500169528016141e+00
8.514000000000000000e+03,3.807415260663496781e+00
8.515000000000000000e+03,3.559478569124543856e+00
8.516000000000000000e+03,3.764687919471048971e+00
8.517000000000000000e+03,3.576564301712606309e+00
8.518000000000000000e+03,3.817926905995653986e+00
8.519000000000000000e+03,3.359033258119213272e+00
8.520000000000000000e+03,3.517235886512177778e+00
8.521000000000000000e+03,3.535359142202663119e+00
8.522000000000000000e+03,3.859913068214963161e+00
8.523000000000000000e+03,3.462544250593891260e+00
8.524000000000000000e+03,3.587425692464695892e+00
8.525000000000000000e+03,3.552199529387123356e+00
8.526000000000000000e+03,3.440755729843945065e+00
8.527000000000000000e+03,3.626499255336197436e+00
8.528000000000000000e+03,3.712369135071997839e+00
8.529000000000000000e+03,3.935963896172545606e+00
8.530000000000000000e+03,3.311264088704273689e+00
8.531000000000000000e+03,3.465951223070185883e+00
8.532000000000000000e+03,3.580688571645751939e+00
8.533000000000000000e+03,3.699531745827430385e+00
8.534000000000000000e+03,3.215359604820757333e+00
8.535000000000000000e+03,3.598471483010643901e+00
8.536000000000000000e+03,3.589091639837653336e+00
8.537000000000000000e+03,3.526046774509692394e+00
8.538000000000000000e+03,3.503714856507730513e+00
8.539000000000000000e+03,3.454977123142821238e+00
8.540000000000000000e+03,3.598826966758002399e+00
8.541000000000000000e+03,3.887975396291776686e+00
8.542000000000000000e+03,3.817427503717790049e+00
8.543000000000000000e+03,3.450441844675670389e+00
8.544000000000000000e+03,3.577816619941693865e+00
8.545000000000000000e+03,3.902742014800188564e+00
8.546000000000000000e+03,3.635193031506680050e+00
8.547000000000000000e+03,3.647692459721746161e+00
8.548000000000000000e+03,4.097021506795970325e+00
8.549000000000000000e+03,3.459988337435648376e+00
8.550000000000000000e+03,3.683669893082148317e+00
8.551000000000000000e+03,4.006203241843676821e+00
8.552000000000000000e+03,3.656759473944998895e+00
8.553000000000000000e+03,3.716626941182838539e+00
8.554000000000000000e+03,3.534811007066345656e+00
8.555000000000000000e+03,3.765083172690379953e+00
8.556000000000000000e+03,3.596354413846281961e+00
8.557000000000000000e+03,3.650065936424235602e+00
8.558000000000000000e+03,3.564754410405604368e+00
8.559000000000000000e+03,3.764912172767024057e+00
8.560000000000000000e+03,3.575023716404030161e+00
8.561000000000000000e+03,3.561817302381371064e+00
8.562000000000000000e+03,3.723657217703312039e+00
8.563000000000000000e+03,3.530874424547006285e+00
8.564000000000000000e+03,3.894562710911207759e+00
8.565000000000000000e+03,3.721823742164669380e+00
8.566000000000000000e+03,3.701747039434760023e+00
8.567000000000000000e+03,3.615930587485067349e+00
8.568000000000000000e+03,3.478997145519404643e+00
8.569000000000000000e+03,3.304014856554555735e+00
8.570000000000000000e+03,3.532518378353671995e+00
8.571000000000000000e+03,3.439018606003941603e+00
8.572000000000000000e+03,3.445567561124090350e+00
8.573000000000000000e+03,3.803496118232161383e+00
8.574000000000000000e+03,3.622396744849717631e+00
8.575000000000000000e+03,3.765638826792600646e+00
8.576000000000000000e+03,3.555332103961306611e+00
8.577000000000000000e+03,3.701447545818688845e+00
8.578000000000000000e+03,3.471071425910903674e+00
8.579000000000000000e+03,3.493861956789377388e+00
8.580000000000000000e+03,3.882156637011468625e+00
8.581000000000000000e+03,3.850354942727796104e+00
8.582000000000000000e+03,3.583588808520933533e+00
8.583000000000000000e+03,3.468379141489929651e+00
8.584000000000000000e+03,3.667112261204084511e+00
8.585000000000000000e+03,4.204992241276889864e+00
8.586000000000000000e+03,3.572861775692354858e+00
8.587000000000000000e+03,3.244333470509705997e+00
8.588000000000000000e+03,3.817322608478374235e+00
8.589000000000000000e+03,3.689164404283560739e+00
8.590000000000000000e+03,3.901575630823423069e+00
8.591000000000000000e+03,3.740103332936519642e+00
8.592000000000000000e+03,3.799705489701686645e+00
8.593000000000000000e+03,3.515476550690627811e+00
8.594000000000000000e+03,3.876701100620862928e+00
8.595000000000000000e+03,3.551841665511391799e+00
8.596000000000000000e+03,3.913221107704539126e+00
8.597000000000000000e+03,3.540474681920750211e+00
8.598000000000000000e+03,3.856245406285233823e+00
8.599000000000000000e+03,3.526346334375587421e+00
8.600000000000000000e+03,3.731143839533347162e+00
8.601000000000000000e+03,3.431427452592744398e+00
8.602000000000000000e+03,3.786405922561697057e+00
8.603000000000000000e+03,3.819949882120666107e+00
8.604000000000000000e+03,3.881264480828943597e+00
8.605000000000000000e+03,3.702551783908639926e+00
8.606000000000000000e+03,3.556548805577940620e+00
8.607000000000000000e+03,3.680750102627943665e+00
8.608000000000000000e+03,3.653409619220831406e+00
8.609000000000000000e+03,4.033742890778407642e+00
8.610000000000000000e+03,4.142935001299236752e+00
8.611000000000000000e+03,3.450428849716562496e+00
8.612000000000000000e+03,3.680228221241322650e+00
8.613000000000000000e+03,3.445989926836165118e+00
8.614000000000000000e+03,3.553156578301592816e+00
8.615000000000000000e+03,3.984345585910556320e+00
8.616000000000000000e+03,3.615636541618404642e+00
8.617000000000000000e+03,3.681966773721242259e+00
8.618000000000000000e+03,3.749614753231320652e+00
8.619000000000000000e+03,3.894580125391171155e+00
8.620000000000000000e+03,3.798100107512079049e+00
8.621000000000000000e+03,3.408321797759130245e+00
8.622000000000000000e+03,3.372671676494207738e+00
8.623000000000000000e+03,3.489315849496218647e+00
8.624000000000000000e+03,3.671052407528712536e+00
8.625000000000000000e+03,3.803099963858976196e+00
8.626000000000000000e+03,3.772963829642429268e+00
8.627000000000000000e+03,4.082145479636952068e+00
8.628000000000000000e+03,3.221083939670494001e+00
8.629000000000000000e+03,4.017147884503505573e+00
8.630000000000000000e+03,3.854294820159595236e+00
8.631000000000000000e+03,3.478561232517307200e+00
8.632000000000000000e+03,3.681025846087202069e+00
8.633000000000000000e+03,3.711817740025488810e+00
8.634000000000000000e+03,3.669179598173062828e+00
8.635000000000000000e+03,3.261041057358288864e+00
8.636000000000000000e+03,3.615889404554937681e+00
8.637000000000000000e+03,3.627597503917756594e+00
8.638000000000000000e+03,3.727586744324309809e+00
8.639000000000000000e+03,3.600434467971818986e+00
8.640000000000000000e+03,3.510260206816043560e+00
8.641000000000000000e+03,3.655164793666836776e+00
8.642000000000000000e+03,3.594036007085813722e+00
8.643000000000000000e+03,3.490965010676977620e+00
8.644000000000000000e+03,3.663328211369420551e+00
8.645000000000000000e+03,3.638017150585509452e+00
8.646000000000000000e+03,3.491615140395419203e+00
8.647000000000000000e+03,4.055307151793463127e+00
8.648000000000000000e+03,3.674162033753625156e+00
8.649000000000000000e+03,3.640117831202223986e+00
8.650000000000000000e+03,3.533960358559602000e+00
8.651000000000000000e+03,3.662292199793149017e+00
8.652000000000000000e+03,3.658327677693291147e+00
8.653000000000000000e+03,3.684485890498739202e+00
8.654000000000000000e+03,3.703256251371072505e+00
8.655000000000000000e+03,3.909259044112409764e+00
8.656000000000000000e+03,3.606785204550021273e+00
8.657000000000000000e+03,3.572639537846896474e+00
8.658000000000000000e+03,3.422479982275900223e+00
8.659000000000000000e+03,3.500870603387658431e+00
8.660000000000000000e+03,3.587490287569326863e+00
8.661000000000000000e+03,3.806679291709245128e+00
8.662000000000000000e+03,3.844847252258352555e+00
8.663000000000000000e+03,3.687391340529855732e+00
8.664000000000000000e+03,3.873600801646667424e+00
8.665000000000000000e+03,3.848705429089362529e+00
8.666000000000000000e+03,3.868231299216525088e+00
8.667000000000000000e+03,3.406456385228148864e+00
8.668000000000000000e+03,3.510154492842065821e+00
8.669000000000000000e+03,3.688021135499288672e+00
8.670000000000000000e+03,3.223907200388369976e+00
8.671000000000000000e+03,3.787648363176031374e+00
8.672000000000000000e+03,3.634599161602066975e+00
8.673000000000000000e+03,3.585134996770538152e+00
8.674000000000000000e+03,3.554878827714387679e+00
8.675000000000000000e+03,3.748306404858599450e+00
8.676000000000000000e+03,3.552865609230914323e+00
8.677000000000000000e+03,3.336866104527895338e+00
8.678000000000000000e+03,3.565479888392417251e+00
8.679000000000000000e+03,3.751587944788733253e+00
8.680000000000000000e+03,3.626712947711005608e+00
8.681000000000000000e+03,3.587755884522296324e+00
8.682000000000000000e+03,3.608057970320328600e+00
8.683000000000000000e+03,3.850899868735738529e+00
8.684000000000000000e+03,3.641917511481666647e+00
8.685000000000000000e+03,3.656622154431861116e+00
8.686000000000000000e+03,3.582493953704175116e+00
8.687000000000000000e+03,3.476163308678875463e+00
8.688000000000000000e+03,3.789952649956163100e+00
8.689000000000000000e+03,3.528229341568514865e+00
8.690000000000000000e+03,3.844499269841998856e+00
8.691000000000000000e+03,3.627341241573081909e+00
8.692000000000000000e+03,3.920827549976650506e+00
8.693000000000000000e+03,3.956650977409752468e+00
8.694000000000000000e+03,3.551083871923156998e+00
8.695000000000000000e+03,3.708991614999115782e+00
8.696000000000000000e+03,3.290941818806333963e+00
8.697000000000000000e+03,3.970120404642225598e+00
8.698000000000000000e+03,3.453738300886065371e+00
8.699000000000000000e+03,3.462060742927097312e+00
8.700000000000000000e+03,3.806098365372981629e+00
8.701000000000000000e+03,3.680806980956525809e+00
8.702000000000000000e+03,3.516972642663921622e+00
8.703000000000000000e+03,3.646473039301637797e+00
8.704000000000000000e+03,3.484601114817436063e+00
8.705000000000000000e+03,3.523864752924597887e+00
8.706000000000000000e+03,3.635632104699962674e+00
8.707000000000000000e+03,3.537312906482188879e+00
8.708000000000000000e+03,3.526238014038026947e+00
8.709000000000000000e+03,3.645142309732193997e+00
8.710000000000000000e+03,3.861736518836167864e+00
8.711000000000000000e+03,3.514680433071667220e+00
8.712000000000000000e+03,3.834054890986533515e+00
8.713000000000000000e+03,3.864997304551583301e+00
8.714000000000000000e+03,3.344879892404695187e+00
8.715000000000000000e+03,3.815204601763420023e+00
8.716000000000000000e+03,3.601235149574143257e+00
8.717000000000000000e+03,3.543598392560357357e+00
8.718000000000000000e+03,3.642649732072757551e+00
8.719000000000000000e+03,3.620872796384534631e+00
8.720000000000000000e+03,3.297477458716445486e+00
8.721000000000000000e+03,4.022193599787416751e+00
8.722000000000000000e+03,3.253789635605778052e+00
8.723000000000000000e+03,3.736074418730214397e+00
8.724000000000000000e+03,4.003221281464738546e+00
8.725000000000000000e+03,3.477785989466255945e+00
8.726000000000000000e+03,3.645580253207311383e+00
8.727000000000000000e+03,3.475332422401238741e+00
8.728000000000000000e+03,4.012799661550275232e+00
8.729000000000000000e+03,3.509420794461611592e+00
8.730000000000000000e+03,3.499099127283857857e+00
8.731000000000000000e+03,3.662884990719224909e+00
8.732000000000000000e+03,3.425044846883693150e+00
8.733000000000000000e+03,3.590145981265166153e+00
8.734000000000000000e+03,3.621365972564376978e+00
8.735000000000000000e+03,3.487206186774771677e+00
8.736000000000000000e+03,3.758483509382387400e+00
8.737000000000000000e+03,3.930132064097785261e+00
8.738000000000000000e+03,3.635966817407604523e+00
8.739000000000000000e+03,3.438803994690533550e+00
8.740000000000000000e+03,3.687465201808502346e+00
8.741000000000000000e+03,3.950173864228322618e+00
8.742000000000000000e+03,3.597879370319817749e+00
8.743000000000000000e+03,3.749157840609844694e+00
8.744000000000000000e+03,3.608636361191694064e+00
8.745000000000000000e+03,3.391926124502096407e+00
8.746000000000000000e+03,3.719888040918402972e+00
8.747000000000000000e+03,3.529941581490475322e+00
8.748000000000000000e+03,3.546133068345771466e+00
8.749000000000000000e+03,3.777934018969465235e+00
8.750000000000000000e+03,3.579804751638966831e+00
8.751000000000000000e+03,3.546205112115246028e+00
8.752000000000000000e+03,3.951604346657816347e+00
8.753000000000000000e+03,3.818272796912416833e+00
8.754000000000000000e+03,3.732083358145532603e+00
8.755000000000000000e+03,3.604728517590864101e+00
8.756000000000000000e+03,3.505200256903197698e+00
8.757000000000000000e+03,3.512123525049889228e+00
8.758000000000000000e+03,3.641171050694368194e+00
8.759000000000000000e+03,3.475793378389330446e+00
8.760000000000000000e+03,3.787263204640637149e+00
8.761000000000000000e+03,3.513742434282354665e+00
8.762000000000000000e+03,3.528098284803007800e+00
8.763000000000000000e+03,3.548723280627046783e+00
8.764000000000000000e+03,3.749137709894970083e+00
8.765000000000000000e+03,3.543860177890991281e+00
8.766000000000000000e+03,3.606230787009261363e+00
8.767000000000000000e+03,3.376647694234795605e+00
8.768000000000000000e+03,3.968282246876059016e+00
8.769000000000000000e+03,3.636359158404424363e+00
8.770000000000000000e+03,3.546578157894693106e+00
8.771000000000000000e+03,3.577060760027322317e+00
8.772000000000000000e+03,3.862732437081732417e+00
8.773000000000000000e+03,3.724967420160651077e+00
8.774000000000000000e+03,3.658239352678499312e+00
8.775000000000000000e+03,3.641565341167941394e+00
8.776000000000000000e+03,3.690534744688959812e+00
8.777000000000000000e+03,3.780976666800323294e+00
8.778000000000000000e+03,3.868553342798903394e+00
8.779000000000000000e+03,3.708417493824896827e+00
8.780000000000000000e+03,3.459747702010036896e+00
8.781000000000000000e+03,3.894778490737747401e+00
8.782000000000000000e+03,3.731310529959114497e+00
8.783000000000000000e+03,3.384895080817957869e+00
8.784000000000000000e+03,3.497999201467765218e+00
8.785000000000000000e+03,3.604898864260054570e+00
8.786000000000000000e+03,3.640244775711739766e+00
8.787000000000000000e+03,3.873552759438804838e+00
8.788000000000000000e+03,3.524143834158103061e+00
8.789000000000000000e+03,3.645163489653326483e+00
8.790000000000000000e+03,3.598941544596718778e+00
8.791000000000000000e+03,3.539436550139302362e+00
8.792000000000000000e+03,3.673956309276257048e+00
8.793000000000000000e+03,3.474027389685427014e+00
8.794000000000000000e+03,3.430286742462262506e+00
8.795000000000000000e+03,3.492569881397611820e+00
8.796000000000000000e+03,3.538896702429651153e+00
8.797000000000000000e+03,3.644598097215614452e+00
8.798000000000000000e+03,3.540437061513523886e+00
8.799000000000000000e+03,3.393871200688781453e+00
8.800000000000000000e+03,3.651558515732463039e+00
8.801000000000000000e+03,3.578067067433952086e+00
8.802000000000000000e+03,3.503039797591370075e+00
8.803000000000000000e+03,3.605198405153648977e+00
8.804000000000000000e+03,3.615073672683192019e+00
8.805000000000000000e+03,3.524119393567794134e+00
8.806000000000000000e+03,3.996943729260691303e+00
8.807000000000000000e+03,3.600938844036959186e+00
8.808000000000000000e+03,3.908321689204316218e+00
8.809000000000000000e+03,3.648181190736604851e+00
8.810000000000000000e+03,3.760682352530897887e+00
8.811000000000000000e+03,3.528271088551693691e+00
8.812000000000000000e+03,3.739344671592149894e+00
8.813000000000000000e+03,3.879094066209797909e+00
8.814000000000000000e+03,3.523350851290965924e+00
8.815000000000000000e+03,3.410986360513278193e+00
8.816000000000000000e+03,3.685109886485879116e+00
8.817000000000000000e+03,3.615866474893530302e+00
8.818000000000000000e+03,3.652775172167189055e+00
8.819000000000000000e+03,3.805951524624696880e+00
8.820000000000000000e+03,3.838865229607529184e+00
8.821000000000000000e+03,3.504846133284284182e+00
8.822000000000000000e+03,3.804340298356140515e+00
8.823000000000000000e+03,3.741375368823100622e+00
8.824000000000000000e+03,3.602883195229204638e+00
8.825000000000000000e+03,3.883515753836674467e+00
8.826000000000000000e+03,3.933085014499678955e+00
8.827000000000000000e+03,3.659988300050030841e+00
8.828000000000000000e+03,3.768285039640959955e+00
8.829000000000000000e+03,3.408815364454804708e+00
8.830000000000000000e+03,3.698073633495929435e+00
8.831000000000000000e+03,3.317631207622138145e+00
8.832000000000000000e+03,3.471464600670354006e+00
8.833000000000000000e+03,3.617829283571378340e+00
8.834000000000000000e+03,3.644512280642925095e+00
8.835000000000000000e+03,3.806470385286551572e+00
8.836000000000000000e+03,3.600596481043380148e+00
8.837000000000000000e+03,3.946602393350914451e+00
8.838000000000000000e+03,3.582934473746953508e+00
8.839000000000000000e+03,3.631718671402619947e+00
8.840000000000000000e+03,3.757763318815084741e+00
8.841000000000000000e+03,4.005602260612658228e+00
8.842000000000000000e+03,3.855084314830993009e+00
8.843000000000000000e+03,3.708768173285287073e+00
8.844000000000000000e+03,3.820142479147786041e+00
8.845000000000000000e+03,3.654025658639631136e+00
8.846000000000000000e+03,3.720196192327115625e+00
8.847000000000000000e+03,3.623647989287755777e+00
8.848000000000000000e+03,3.379568267466317000e+00
8.849000000000000000e+03,3.588459207609937085e+00
8.850000000000000000e+03,3.538644405930316594e+00
8.851000000000000000e+03,3.403258886221344426e+00
8.852000000000000000e+03,3.704810649722031446e+00
8.853000000000000000e+03,3.627046901810306423e+00
8.854000000000000000e+03,3.773396654398532224e+00
8.855000000000000000e+03,3.713367732006235489e+00
8.856000000000000000e+03,3.505991009072594977e+00
8.857000000000000000e+03,3.964942615687615302e+00
8.858000000000000000e+03,3.660118291656744738e+00
8.859000000000000000e+03,3.521838153517256043e+00
8.860000000000000000e+03,3.529037667042447701e+00
8.861000000000000000e+03,3.852498583124865039e+00
8.862000000000000000e+03,3.393142148612396714e+00
8.863000000000000000e+03,3.809366281778581609e+00
8.864000000000000000e+03,3.542549805906030080e+00
8.865000000000000000e+03,3.331361791346347356e+00
8.866000000000000000e+03,3.891331876555054858e+00
8.867000000000000000e+03,3.300057035562483865e+00
8.868000000000000000e+03,3.546603250288982601e+00
8.869000000000000000e+03,3.668577890226831784e+00
8.870000000000000000e+03,3.865318056768848543e+00
8.871000000000000000e+03,3.279883077126570790e+00
8.872000000000000000e+03,3.481474427889818202e+00
8.873000000000000000e+03,3.735548687243254840e+00
8.874000000000000000e+03,3.705926861042275977e+00
8.875000000000000000e+03,3.514453197820807340e+00
8.876000000000000000e+03,3.567938144680967927e+00
8.877000000000000000e+03,3.624180978216061000e+00
8.878000000000000000e+03,3.724019074911180116e+00
8.879000000000000000e+03,3.568078103565416992e+00
8.880000000000000000e+03,3.937127482026472336e+00
8.881000000000000000e+03,3.617064448414295530e+00
8.882000000000000000e+03,3.732653218484668578e+00
8.883000000000000000e+03,3.816337268159760043e+00
8.884000000000000000e+03,3.607321063607020317e+00
8.885000000000000000e+03,3.776842400736674321e+00
8.886000000000000000e+03,3.936866640026742914e+00
8.887000000000000000e+03,3.679930407057881769e+00
8.888000000000000000e+03,3.760844176766256375e+00
8.889000000000000000e+03,3.701374256390507433e+00
8.890000000000000000e+03,3.765191701873887631e+00
8.891000000000000000e+03,3.880501711994436498e+00
8.892000000000000000e+03,3.591043325592894853e+00
8.893000000000000000e+03,3.862840022935385864e+00
8.894000000000000000e+03,3.822916873402624205e+00
8.895000000000000000e+03,3.740795169251901697e+00
8.896000000000000000e+03,3.649077429577163745e+00
8.897000000000000000e+03,3.489495820214476574e+00
8.898000000000000000e+03,3.577100671161062007e+00
8.899000000000000000e+03,4.072288647643677706e+00
8.900000000000000000e+03,3.832227038157707710e+00
8.901000000000000000e+03,3.645767286997746659e+00
8.902000000000000000e+03,3.562639300533746667e+00
8.903000000000000000e+03,3.816838094462033482e+00
8.904000000000000000e+03,3.419823327442684580e+00
8.905000000000000000e+03,3.972639192335310376e+00
8.906000000000000000e+03,3.490548858249518993e+00
8.907000000000000000e+03,3.680441914522309510e+00
8.908000000000000000e+03,3.640372172577941878e+00
8.909000000000000000e+03,3.825587288288878618e+00
8.910000000000000000e+03,3.782011023361840252e+00
8.911000000000000000e+03,3.799082713961254854e+00
8.912000000000000000e+03,3.808669648022492638e+00
8.913000000000000000e+03,3.656010034386560914e+00
8.914000000000000000e+03,3.439227123388335361e+00
8.915000000000000000e+03,3.873988786002417584e+00
8.916000000000000000e+03,3.711777686929715880e+00
8.917000000000000000e+03,3.469691107224547100e+00
8.918000000000000000e+03,3.604061682204809269e+00
8.919000000000000000e+03,3.360959023943057566e+00
8.920000000000000000e+03,3.647379286928024378e+00
8.921000000000000000e+03,3.298025777329398167e+00
8.922000000000000000e+03,3.443687621120762543e+00
8.923000000000000000e+03,3.496511998906439267e+00
8.924000000000000000e+03,3.529346724025640203e+00
8.925000000000000000e+03,4.000928294337397162e+00
8.926000000000000000e+03,3.485633058801182571e+00
8.927000000000000000e+03,3.479300222504025264e+00
8.928000000000000000e+03,3.757935313646282971e+00
8.929000000000000000e+03,3.860034208468635875e+00
8.930000000000000000e+03,3.401212128740884300e+00
8.931000000000000000e+03,3.733478601376761130e+00
8.932000000000000000e+03,3.511793769114771369e+00
8.933000000000000000e+03,3.640434572321115780e+00
8.934000000000000000e+03,3.761348765529150207e+00
8.935000000000000000e+03,3.339466021482333957e+00
8.936000000000000000e+03,3.655204180525100544e+00
8.937000000000000000e+03,3.726843424615760902e+00
8.938000000000000000e+03,3.963999554600932118e+00
8.939000000000000000e+03,3.827347253914677783e+00
8.940000000000000000e+03,3.522810317111747747e+00
8.941000000000000000e+03,3.812483269941921993e+00
8.942000000000000000e+03,3.682625206658757033e+00
8.943000000000000000e+03,3.739020026660706986e+00
8.944000000000000000e+03,3.488993931798349823e+00
8.945000000000000000e+03,3.477527756137758441e+00
8.946000000000000000e+03,3.376212891566674479e+00
8.947000000000000000e+03,3.496895662308661112e+00
8.948000000000000000e+03,3.760876122765409502e+00
8.949000000000000000e+03,3.467955192411881882e+00
8.950000000000000000e+03,3.516752052956588770e+00
8.951000000000000000e+03,3.492677451294253110e+00
8.952000000000000000e+03,3.559878300182086175e+00
8.953000000000000000e+03,3.511829728815422325e+00
8.954000000000000000e+03,4.028837303186124430e+00
8.955000000000000000e+03,4.042036535264136532e+00
8.956000000000000000e+03,3.663167075994119060e+00
8.957000000000000000e+03,3.501712912480571482e+00
8.958000000000000000e+03,3.401887432527554100e+00
8.959000000000000000e+03,3.710535729408926731e+00
8.960000000000000000e+03,3.668304149649649126e+00
8.961000000000000000e+03,3.931001769164468751e+00
8.962000000000000000e+03,3.621230197819207408e+00
8.963000000000000000e+03,3.469239642982789640e+00
8.964000000000000000e+03,3.520217682748887800e+00
8.965000000000000000e+03,3.392089779096222113e+00
8.966000000000000000e+03,3.420309168166519864e+00
8.967000000000000000e+03,3.667194097832337185e+00
8.968000000000000000e+03,3.616868130597623576e+00
8.969000000000000000e+03,3.836526096379670570e+00
8.970000000000000000e+03,3.532857969628523609e+00
8.971000000000000000e+03,3.697710559462909607e+00
8.972000000000000000e+03,3.430543456984763040e+00
8.973000000000000000e+03,3.533107209558535189e+00
8.974000000000000000e+03,3.980517288805013987e+00
8.975000000000000000e+03,3.635899247410459889e+00
8.976000000000000000e+03,3.648259917204781377e+00
8.977000000000000000e+03,3.451460087845497071e+00
8.978000000000000000e+03,3.783702161918502949e+00
8.979000000000000000e+03,3.486829295480331936e+00
8.980000000000000000e+03,3.575055907596857985e+00
8.981000000000000000e+03,3.812629557151963944e+00
8.982000000000000000e+03,3.502734966094705360e+00
8.983000000000000000e+03,3.722739310678202962e+00
8.984000000000000000e+03,3.619925085134202192e+00
8.985000000000000000e+03,3.570706280804078148e+00
8.986000000000000000e+03,3.379568045583923208e+00
8.987000000000000000e+03,3.403544622363138039e+00
8.988000000000000000e+03,3.466643675574233807e+00
8.989000000000000000e+03,3.304576134289740619e+00
8.990000000000000000e+03,3.605993696169671026e+00
8.991000000000000000e+03,3.743312477484153522e+00
8.992000000000000000e+03,3.689945810230906176e+00
8.993000000000000000e+03,3.843718540772036452e+00
8.994000000000000000e+03,3.749899384963419458e+00
8.995000000000000000e+03,3.696949118659117239e+00
8.996000000000000000e+03,4.071415517070433587e+00
8.997000000000000000e+03,3.507495090976793239e+00
8.998000000000000000e+03,3.434745522791931904e+00
8.999000000000000000e+03,3.776187317691091838e+00
9.000000000000000000e+03,3.374801521526399561e+00
9.001000000000000000e+03,3.660248479150144174e+00
9.002000000000000000e+03,3.631323301597530584e+00
9.003000000000000000e+03,3.618771805060067237e+00
9.004000000000000000e+03,3.350068721974966302e+00
9.005000000000000000e+03,3.569229205118300108e+00
9.006000000000000000e+03,3.569588610751097679e+00
9.007000000000000000e+03,3.802500963108373266e+00
9.008000000000000000e+03,4.001180782575346484e+00
9.009000000000000000e+03,3.773554644653608126e+00
9.010000000000000000e+03,3.680004184604015460e+00
9.011000000000000000e+03,3.607140740644293686e+00
9.012000000000000000e+03,3.526280339944514619e+00
9.013000000000000000e+03,3.524108725258535024e+00
9.014000000000000000e+03,3.237197720619349184e+00
9.015000000000000000e+03,3.068968168753495096e+00
9.016000000000000000e+03,3.443806449320397700e+00
9.017000000000000000e+03,3.821547984436238554e+00
9.018000000000000000e+03,3.866446691452402273e+00
9.019000000000000000e+03,3.489199489524152042e+00
9.020000000000000000e+03,3.821039097026708742e+00
9.021000000000000000e+03,3.757283665069285128e+00
9.022000000000000000e+03,3.901122280755500160e+00
9.023000000000000000e+03,3.601805686342416379e+00
9.024000000000000000e+03,3.665416377916866253e+00
9.025000000000000000e+03,3.398751461542783847e+00
9.026000000000000000e+03,3.810504764706531322e+00
9.027000000000000000e+03,3.614010881884332615e+00
9.028000000000000000e+03,3.509707777183647348e+00
9.029000000000000000e+03,3.726738852209680708e+00
9.030000000000000000e+03,3.667622629130769862e+00
9.031000000000000000e+03,3.542232986090997571e+00
9.032000000000000000e+03,3.596519390639878022e+00
9.033000000000000000e+03,3.692879772447504205e+00
9.034000000000000000e+03,3.777669486318992575e+00
9.035000000000000000e+03,4.072019825523430114e+00
9.036000000000000000e+03,3.392389174291461362e+00
9.037000000000000000e+03,3.582290861030426043e+00
9.038000000000000000e+03,3.422845181801891012e+00
9.039000000000000000e+03,3.542961338878728217e+00
9.040000000000000000e+03,3.510394166725578913e+00
9.041000000000000000e+03,3.741426986968848567e+00
9.042000000000000000e+03,3.414500135763073096e+00
9.043000000000000000e+03,3.515409218096587018e+00
9.044000000000000000e+03,3.539226833046566600e+00
9.045000000000000000e+03,3.588090834784765537e+00
9.046000000000000000e+03,3.499878145682191910e+00
9.047000000000000000e+03,3.520236104167384195e+00
9.048000000000000000e+03,3.820875055804939802e+00
9.049000000000000000e+03,3.484848329226283958e+00
9.050000000000000000e+03,3.633331934127815188e+00
9.051000000000000000e+03,3.718644057773864642e+00
9.052000000000000000e+03,3.776744189850182565e+00
9.053000000000000000e+03,3.745228549311203192e+00
9.054000000000000000e+03,3.425996904235561136e+00
9.055000000000000000e+03,3.789662798868681293e+00
9.056000000000000000e+03,3.326938299706432733e+00
9.057000000000000000e+03,3.508530530025232963e+00
9.058000000000000000e+03,3.793778691462585950e+00
9.059000000000000000e+03,3.708468320579980215e+00
9.060000000000000000e+03,3.810578236398220131e+00
9.061000000000000000e+03,3.721527227292991569e+00
9.062000000000000000e+03,3.728308952072805660e+00
9.063000000000000000e+03,3.669320091389743688e+00
9.064000000000000000e+03,3.512042432132850056e+00
9.065000000000000000e+03,3.508219686287624928e+00
9.066000000000000000e+03,3.627960298017963048e+00
9.067000000000000000e+03,3.676221218352108355e+00
9.068000000000000000e+03,3.430781483915607222e+00
9.069000000000000000e+03,3.637485254380846467e+00
9.070000000000000000e+03,3.522703001796554378e+00
9.071000000000000000e+03,3.352389569431958538e+00
9.072000000000000000e+03,3.745339995250058340e+00
9.073000000000000000e+03,3.437362075427094599e+00
9.074000000000000000e+03,3.443327129195893122e+00
9.075000000000000000e+03,3.752132507272949447e+00
9.076000000000000000e+03,3.635735638788609059e+00
9.077000000000000000e+03,3.644570043494765876e+00
9.078000000000000000e+03,3.785107567707352239e+00
9.079000000000000000e+03,3.712602596776214181e+00
9.080000000000000000e+03,3.623588208635597496e+00
9.081000000000000000e+03,3.662851556544626686e+00
9.082000000000000000e+03,3.808025037552531522e+00
9.083000000000000000e+03,3.640836394824071398e+00
9.084000000000000000e+03,3.445003864406433358e+00
9.085000000000000000e+03,3.716133336355039063e+00
9.086000000000000000e+03,3.601117274794902734e+00
9.087000000000000000e+03,3.710151184284871562e+00
9.088000000000000000e+03,3.567528178805923211e+00
9.089000000000000000e+03,3.750904273371682862e+00
9.090000000000000000e+03,3.630314302802092108e+00
9.091000000000000000e+03,3.903349434665904116e+00
9.092000000000000000e+03,3.829710783957038789e+00
9.093000000000000000e+03,3.838031509371679029e+00
9.094000000000000000e+03,3.960287336903376421e+00
9.095000000000000000e+03,3.840426759784716815e+00
9.096000000000000000e+03,3.730500893426981879e+00
9.097000000000000000e+03,3.507059865402316401e+00
9.098000000000000000e+03,3.762916305129651029e+00
9.099000000000000000e+03,3.841136689157309547e+00
9.100000000000000000e+03,3.800510278508376416e+00
9.101000000000000000e+03,3.701391911153071312e+00
9.102000000000000000e+03,3.477590536409557398e+00
9.103000000000000000e+03,3.960636190578645355e+00
9.104000000000000000e+03,3.846039211566777638e+00
9.105000000000000000e+03,3.601954237126244962e+00
9.106000000000000000e+03,3.435296204812438692e+00
9.107000000000000000e+03,3.748730048493670086e+00
9.108000000000000000e+03,3.512732934838134202e+00
9.109000000000000000e+03,3.832919370412599225e+00
9.110000000000000000e+03,3.622271526851271517e+00
9.111000000000000000e+03,3.676819889918952367e+00
9.112000000000000000e+03,3.622734816907105859e+00
9.113000000000000000e+03,3.831241549018934656e+00
9.114000000000000000e+03,3.798042851771946449e+00
9.115000000000000000e+03,3.598379207557707904e+00
9.116000000000000000e+03,3.783745119876856133e+00
9.117000000000000000e+03,3.833359314803201912e+00
9.118000000000000000e+03,3.847652743467608438e+00
9.119000000000000000e+03,3.784862716750553968e+00
9.120000000000000000e+03,3.944663379786228941e+00
9.121000000000000000e+03,3.772526905588093893e+00
9.122000000000000000e+03,3.918150172794567343e+00
9.123000000000000000e+03,3.530764014606590173e+00
9.124000000000000000e+03,3.702764640225592263e+00
9.125000000000000000e+03,3.421826611773196358e+00
9.126000000000000000e+03,3.824864323785478248e+00
9.127000000000000000e+03,3.533553907809034555e+00
9.128000000000000000e+03,3.684029656587801238e+00
9.129000000000000000e+03,3.437278734120824630e+00
9.130000000000000000e+03,4.220285016785901178e+00
9.131000000000000000e+03,3.752413698250702812e+00
9.132000000000000000e+03,3.253100712392897886e+00
9.133000000000000000e+03,3.668956612339168366e+00
9.134000000000000000e+03,3.666097579726162792e+00
9.135000000000000000e+03,3.396537986096669126e+00
9.136000000000000000e+03,3.618438733458129164e+00
9.137000000000000000e+03,3.548762379026877412e+00
9.138000000000000000e+03,3.736356893113919941e+00
9.139000000000000000e+03,3.643482714157706859e+00
9.140000000000000000e+03,3.363192178471348992e+00
9.141000000000000000e+03,4.125461505958762487e+00
9.142000000000000000e+03,3.625885430037046664e+00
9.143000000000000000e+03,3.401088326458092226e+00
9.144000000000000000e+03,3.760641180121831795e+00
9.145000000000000000e+03,3.490071201346171659e+00
9.146000000000000000e+03,3.506678140460221194e+00
9.147000000000000000e+03,3.774709842649391689e+00
9.148000000000000000e+03,3.823423371454853559e+00
9.149000000000000000e+03,3.820774220356662365e+00
9.150000000000000000e+03,3.711267841946794377e+00
9.151000000000000000e+03,3.187090055217627782e+00
9.152000000000000000e+03,3.923850984687483834e+00
9.153000000000000000e+03,3.625803021301490681e+00
9.154000000000000000e+03,3.960099186445555031e+00
9.155000000000000000e+03,3.807063263931952601e+00
9.156000000000000000e+03,3.452127349886031205e+00
9.157000000000000000e+03,3.926123869549253964e+00
9.158000000000000000e+03,3.726232356685092117e+00
9.159000000000000000e+03,3.563875080576979659e+00
9.160000000000000000e+03,3.936212089946082848e+00
9.161000000000000000e+03,3.696179295375057183e+00
9.162000000000000000e+03,3.941152643130283018e+00
9.163000000000000000e+03,3.778246036522256546e+00
9.164000000000000000e+03,3.804814401121620726e+00
9.165000000000000000e+03,3.685589978503997166e+00
9.166000000000000000e+03,3.568152176933892861e+00
9.167000000000000000e+03,3.973918426060293552e+00
9.168000000000000000e+03,3.791345617016462555e+00
9.169000000000000000e+03,3.607116654485613694e+00
9.170000000000000000e+03,4.079504157361273364e+00
9.171000000000000000e+03,3.720510289241601765e+00
9.172000000000000000e+03,3.642793321111577054e+00
9.173000000000000000e+03,3.495975014504676626e+00
9.174000000000000000e+03,3.912819031004398873e+00
9.175000000000000000e+03,3.705687422188667757e+00
9.176000000000000000e+03,3.612177480364026305e+00
9.177000000000000000e+03,3.615473674020525774e+00
9.178000000000000000e+03,3.613903519651094243e+00
9.179000000000000000e+03,3.578948819294970551e+00
9.180000000000000000e+03,3.797051815916407058e+00
9.181000000000000000e+03,3.450508454325847296e+00
9.182000000000000000e+03,3.845750547450835555e+00
9.183000000000000000e+03,3.762471213936498415e+00
9.184000000000000000e+03,3.684910404206407364e+00
9.185000000000000000e+03,3.916838784274033536e+00
9.186000000000000000e+03,3.615867340876210534e+00
9.187000000000000000e+03,3.435365041777921125e+00
9.188000000000000000e+03,3.868098503371536712e+00
9.189000000000000000e+03,3.552201029499379548e+00
9.190000000000000000e+03,4.263091984720730032e+00
9.191000000000000000e+03,3.872609375816384425e+00
9.192000000000000000e+03,3.553281667073589833e+00
9.193000000000000000e+03,3.735907891094548461e+00
9.194000000000000000e+03,3.696920809480046533e+00
9.195000000000000000e+03,3.868154684794344877e+00
9.196000000000000000e+03,3.885088054430412274e+00
9.197000000000000000e+03,3.500671309007097332e+00
9.198000000000000000e+03,3.575432893845802429e+00
9.199000000000000000e+03,3.643888916079165874e+00
9.200000000000000000e+03,3.877216335996021002e+00
9.201000000000000000e+03,3.729479872871489299e+00
9.202000000000000000e+03,3.849447838087722840e+00
9.203000000000000000e+03,3.790721791422297482e+00
9.204000000000000000e+03,3.504659180259367179e+00
9.205000000000000000e+03,3.430031208519153996e+00
9.206000000000000000e+03,3.499887325577018427e+00
9.207000000000000000e+03,3.715321836056121985e+00
9.208000000000000000e+03,3.556098212224701349e+00
9.209000000000000000e+03,3.637094857753397470e+00
9.210000000000000000e+03,3.525442990544442878e+00
9.211000000000000000e+03,3.565905971405464836e+00
9.212000000000000000e+03,3.651651038617828693e+00
9.213000000000000000e+03,3.794643240322449262e+00
9.214000000000000000e+03,3.581534267203430488e+00
9.215000000000000000e+03,3.729238234900155824e+00
9.216000000000000000e+03,3.576752370630737143e+00
9.217000000000000000e+03,3.964802163579636218e+00
9.218000000000000000e+03,3.796109919754150130e+00
9.219000000000000000e+03,3.895441759864822995e+00
9.220000000000000000e+03,3.627165765799431618e+00
9.221000000000000000e+03,3.484460488680884982e+00
9.222000000000000000e+03,3.636657396247970464e+00
9.223000000000000000e+03,3.399961712843551087e+00
9.224000000000000000e+03,3.725805157915381916e+00
9.225000000000000000e+03,3.812519153559425611e+00
9.226000000000000000e+03,3.125617613389441107e+00
9.227000000000000000e+03,3.702988878179172882e+00
9.228000000000000000e+03,3.883036039550547880e+00
9.229000000000000000e+03,3.763093975612820330e+00
9.230000000000000000e+03,3.709203602846585124e+00
9.231000000000000000e+03,3.704506297014277028e+00
9.232000000000000000e+03,3.531601988810895154e+00
9.233000000000000000e+03,3.567499869245798205e+00
9.234000000000000000e+03,3.714543533091398508e+00
9.235000000000000000e+03,3.565073554707800518e+00
9.236000000000000000e+03,3.678881856989868915e+00
9.237000000000000000e+03,3.731245824930243149e+00
9.238000000000000000e+03,3.849175217678202809e+00
9.239000000000000000e+03,3.714091984839996918e+00
9.240000000000000000e+03,3.666063141670159897e+00
9.241000000000000000e+03,3.755677430986631204e+00
9.242000000000000000e+03,3.590904773727015886e+00
9.243000000000000000e+03,3.917239626741866321e+00
9.244000000000000000e+03,3.646731004443667157e+00
9.245000000000000000e+03,3.504289022632465223e+00
9.246000000000000000e+03,3.714948326710879378e+00
9.247000000000000000e+03,3.580910811438530406e+00
9.248000000000000000e+03,3.645809925249997363e+00
9.249000000000000000e+03,3.667766824116540203e+00
9.250000000000000000e+03,3.657327338547474938e+00
9.251000000000000000e+03,3.721027563770407109e+00
9.252000000000000000e+03,3.546073721111613786e+00
9.253000000000000000e+03,3.895767340326072858e+00
9.254000000000000000e+03,3.380738294549859191e+00
9.255000000000000000e+03,3.941568363943958264e+00
9.256000000000000000e+03,3.412402885910590822e+00
9.257000000000000000e+03,3.830040256716159330e+00
9.258000000000000000e+03,3.718680281248936126e+00
9.259000000000000000e+03,3.453604673387945301e+00
9.260000000000000000e+03,3.663556434224256808e+00
9.261000000000000000e+03,3.841712220195517613e+00
9.262000000000000000e+03,3.773584753520858204e+00
9.263000000000000000e+03,3.767518801677442131e+00
9.264000000000000000e+03,3.759248022107096521e+00
9.265000000000000000e+03,3.534047162572072853e+00
9.266000000000000000e+03,3.635624140521287462e+00
9.267000000000000000e+03,3.780562244319990661e+00
9.268000000000000000e+03,3.592677363281001846e+00
9.269000000000000000e+03,3.512471745186600103e+00
9.270000000000000000e+03,3.842754142211161295e+00
9.271000000000000000e+03,3.478760008198300113e+00
9.272000000000000000e+03,3.782615741893132100e+00
9.273000000000000000e+03,3.444014092429845686e+00
9.274000000000000000e+03,3.572123769468483090e+00
9.275000000000000000e+03,3.799216742688628745e+00
9.276000000000000000e+03,3.580687265711070655e+00
9.277000000000000000e+03,3.922849527105725098e+00
9.278000000000000000e+03,4.131282522147292191e+00
9.279000000000000000e+03,3.463180937195605935e+00
9.280000000000000000e+03,3.925831665055881992e+00
9.281000000000000000e+03,3.404816368364791845e+00
9.282000000000000000e+03,3.490916920822063840e+00
9.283000000000000000e+03,3.677588339368685233e+00
9.284000000000000000e+03,3.540007537921373348e+00
9.285000000000000000e+03,3.452663972198683595e+00
9.286000000000000000e+03,3.598182382210006303e+00
9.287000000000000000e+03,3.224733529379755215e+00
9.288000000000000000e+03,3.572251310465304197e+00
9.289000000000000000e+03,3.820427240067940211e+00
9.290000000000000000e+03,3.895224463814782823e+00
9.291000000000000000e+03,4.112452778874684967e+00
9.292000000000000000e+03,3.417051833700551544e+00
9.293000000000000000e+03,3.296607743759377929e+00
9.294000000000000000e+03,3.690703863843867616e+00
9.295000000000000000e+03,4.040377408695124295e+00
9.296000000000000000e+03,3.940440116436486839e+00
9.297000000000000000e+03,3.822218350432123213e+00
9.298000000000000000e+03,3.726983186618623378e+00
9.299000000000000000e+03,3.720959065863870929e+00
9.300000000000000000e+03,3.483896697324449843e+00
9.301000000000000000e+03,3.550174919587045341e+00
9.302000000000000000e+03,3.866078175361093994e+00
9.303000000000000000e+03,3.634908134841698057e+00
9.304000000000000000e+03,4.006997901624849590e+00
9.305000000000000000e+03,3.699610785792090795e+00
9.306000000000000000e+03,3.955697977101465312e+00
9.307000000000000000e+03,4.084237191372675824e+00
9.308000000000000000e+03,3.669127483332072170e+00
9.309000000000000000e+03,3.563823747280214782e+00
9.310000000000000000e+03,3.873953103197179448e+00
9.311000000000000000e+03,3.634376728945784230e+00
9.312000000000000000e+03,3.434897806255220232e+00
9.313000000000000000e+03,3.553055209373142898e+00
9.314000000000000000e+03,3.388448599965485197e+00
9.315000000000000000e+03,4.063138095319232868e+00
9.316000000000000000e+03,3.706502490263518190e+00
9.317000000000000000e+03,3.672344284980940898e+00
9.318000000000000000e+03,3.605040463563493613e+00
9.319000000000000000e+03,3.934031129879892230e+00
9.320000000000000000e+03,3.434994330501345505e+00
9.321000000000000000e+03,3.809948196369966400e+00
9.322000000000000000e+03,3.567564640984577817e+00
9.323000000000000000e+03,3.626919066857664742e+00
9.324000000000000000e+03,3.861141337219761827e+00
9.325000000000000000e+03,3.849170032381814988e+00
9.326000000000000000e+03,3.512142487990113970e+00
9.327000000000000000e+03,3.753674896480709400e+00
9.328000000000000000e+03,3.494560403615528887e+00
9.329000000000000000e+03,3.810657333243711253e+00
9.330000000000000000e+03,3.809246938487731438e+00
9.331000000000000000e+03,3.508616754740898180e+00
9.332000000000000000e+03,3.742755653059143928e+00
9.333000000000000000e+03,4.010410376240650443e+00
9.334000000000000000e+03,3.894167732448876595e+00
9.335000000000000000e+03,3.759946601103323793e+00
9.336000000000000000e+03,3.310163442908724551e+00
9.337000000000000000e+03,3.662997110754136365e+00
9.338000000000000000e+03,3.771533795215843643e+00
9.339000000000000000e+03,3.397522341040833282e+00
9.340000000000000000e+03,3.937112602333772582e+00
9.341000000000000000e+03,3.501529512809661959e+00
9.342000000000000000e+03,3.763048562046152679e+00
9.343000000000000000e+03,3.635958684466077617e+00
9.344000000000000000e+03,3.704050391004718890e+00
9.345000000000000000e+03,3.825180011111946943e+00
9.346000000000000000e+03,3.669419725875941118e+00
9.347000000000000000e+03,3.518869165119967501e+00
9.348000000000000000e+03,3.584635289712122308e+00
9.349000000000000000e+03,3.678808280506045136e+00
9.350000000000000000e+03,3.577140483186464603e+00
9.351000000000000000e+03,3.636888048414361307e+00
9.352000000000000000e+03,3.756132164043942012e+00
9.353000000000000000e+03,3.330246295300010484e+00
9.354000000000000000e+03,3.854699477366026805e+00
9.355000000000000000e+03,3.957576865159272206e+00
9.356000000000000000e+03,3.512733608407190733e+00
9.357000000000000000e+03,3.543146103725219653e+00
9.358000000000000000e+03,3.699520083321578223e+00
9.359000000000000000e+03,3.632752569367400319e+00
9.360000000000000000e+03,3.606936342512795601e+00
9.361000000000000000e+03,3.357615634047597108e+00
9.362000000000000000e+03,3.610001441683533763e+00
9.363000000000000000e+03,3.645540415103841525e+00
9.364000000000000000e+03,3.644038264933683990e+00
9.365000000000000000e+03,3.624681692578191949e+00
9.366000000000000000e+03,3.205759318452042095e+00
9.367000000000000000e+03,3.630600371854615815e+00
9.368000000000000000e+03,3.550369556805384796e+00
9.369000000000000000e+03,3.989150443213114627e+00
9.370000000000000000e+03,3.541789712082631159e+00
9.371000000000000000e+03,3.882094099367663365e+00
9.372000000000000000e+03,3.769368788477219123e+00
9.373000000000000000e+03,3.633264633600295390e+00
9.374000000000000000e+03,4.117210579627973210e+00
9.375000000000000000e+03,3.783876802655021354e+00
9.376000000000000000e+03,3.497642322901155065e+00
9.377000000000000000e+03,3.453611845502336131e+00
9.378000000000000000e+03,3.993581371572936689e+00
9.379000000000000000e+03,3.499420753872366507e+00
9.380000000000000000e+03,3.687203476529787860e+00
9.381000000000000000e+03,3.730909087628361931e+00
9.382000000000000000e+03,3.436754573233469667e+00
9.383000000000000000e+03,3.722774104202644541e+00
9.384000000000000000e+03,3.709320635079252693e+00
9.385000000000000000e+03,3.830026354614433526e+00
9.386000000000000000e+03,3.576557284339019205e+00
9.387000000000000000e+03,4.027075987002023183e+00
9.388000000000000000e+03,3.704808060880709686e+00
9.389000000000000000e+03,3.784547710439473356e+00
9.390000000000000000e+03,3.811672742007216730e+00
9.391000000000000000e+03,3.645043673595038669e+00
9.392000000000000000e+03,3.924173247865396341e+00
9.393000000000000000e+03,3.492771787569391773e+00
9.394000000000000000e+03,3.779935832672905782e+00
9.395000000000000000e+03,3.880606871429199689e+00
9.396000000000000000e+03,3.466093323309527019e+00
9.397000000000000000e+03,3.590072609936536541e+00
9.398000000000000000e+03,3.616188044222436559e+00
9.399000000000000000e+03,3.834050717110126349e+00
9.400000000000000000e+03,3.748964743871832983e+00
9.401000000000000000e+03,3.911722726506350778e+00
9.402000000000000000e+03,3.685915951681030922e+00
9.403000000000000000e+03,3.785701490447694439e+00
9.404000000000000000e+03,3.812862128280507079e+00
9.405000000000000000e+03,3.541895730855506574e+00
9.406000000000000000e+03,3.380228333645313388e+00
9.407000000000000000e+03,3.590801963176696088e+00
9.408000000000000000e+03,3.239829608252467352e+00
9.409000000000000000e+03,4.125388462325053851e+00
9.410000000000000000e+03,3.302019816675372255e+00
9.411000000000000000e+03,3.751750706231696597e+00
9.412000000000000000e+03,3.506912096133386392e+00
9.413000000000000000e+03,3.806047201604085384e+00
9.414000000000000000e+03,3.990695163178974880e+00
9.415000000000000000e+03,3.739218707166368283e+00
9.416000000000000000e+03,4.025915624018778338e+00
9.417000000000000000e+03,3.612197585250157772e+00
9.418000000000000000e+03,3.674755198899517961e+00
9.419000000000000000e+03,3.505416237552159586e+00
9.420000000000000000e+03,3.505851776853506241e+00
9.421000000000000000e+03,3.781182054059557096e+00
9.422000000000000000e+03,3.770944842494789118e+00
9.423000000000000000e+03,3.463024737138886255e+00
9.424000000000000000e+03,3.903025117862805704e+00
9.425000000000000000e+03,3.559794518775528438e+00
9.426000000000000000e+03,3.650355914220068332e+00
9.427000000000000000e+03,4.087945686756574659e+00
9.428000000000000000e+03,3.779144021137054388e+00
9.429000000000000000e+03,3.726153342270380087e+00
9.430000000000000000e+03,3.573687028665644139e+00
9.431000000000000000e+03,3.485255375147348733e+00
9.432000000000000000e+03,3.512727772684497651e+00
9.433000000000000000e+03,3.332865159531259280e+00
9.434000000000000000e+03,3.938342284559249507e+00
9.435000000000000000e+03,3.507026750045579622e+00
9.436000000000000000e+03,4.062910424634496032e+00
9.437000000000000000e+03,3.472796830985617422e+00
9.438000000000000000e+03,3.562238459338616270e+00
9.439000000000000000e+03,3.790187508554347495e+00
9.440000000000000000e+03,3.793878502901420369e+00
9.441000000000000000e+03,3.735704004497767627e+00
9.442000000000000000e+03,3.615401068937198481e+00
9.443000000000000000e+03,3.487370614263955559e+00
9.444000000000000000e+03,3.411969710247604759e+00
9.445000000000000000e+03,3.497730393088642753e+00
9.446000000000000000e+03,3.759460574074612094e+00
9.447000000000000000e+03,3.475174562606450301e+00
9.448000000000000000e+03,3.609115779252462186e+00
9.449000000000000000e+03,3.422980944911745649e+00
9.450000000000000000e+03,3.848044650303831915e+00
9.451000000000000000e+03,3.471888424972047638e+00
9.452000000000000000e+03,3.507314132884295166e+00
9.453000000000000000e+03,3.848738963300114779e+00
9.454000000000000000e+03,3.327176600447300459e+00
9.455000000000000000e+03,3.422279801420542000e+00
9.456000000000000000e+03,3.803240887078763954e+00
9.457000000000000000e+03,3.636426508568988858e+00
9.458000000000000000e+03,3.652744679663713967e+00
9.459000000000000000e+03,3.626625105690749695e+00
9.460000000000000000e+03,3.550679891228701646e+00
9.461000000000000000e+03,3.451934564124975235e+00
9.462000000000000000e+03,3.691636058629872430e+00
9.463000000000000000e+03,3.521011478389580951e+00
9.464000000000000000e+03,3.422055226283403417e+00
9.465000000000000000e+03,3.494186118321402912e+00
9.466000000000000000e+03,3.797694773207999308e+00
9.467000000000000000e+03,3.459477582965622133e+00
9.468000000000000000e+03,3.591996000779800191e+00
9.469000000000000000e+03,3.912626243809588455e+00
9.470000000000000000e+03,3.528870129192197336e+00
9.471000000000000000e+03,3.877057037682793528e+00
9.472000000000000000e+03,3.761532434563011229e+00
9.473000000000000000e+03,3.448553428262771448e+00
9.474000000000000000e+03,3.690243819728732166e+00
9.475000000000000000e+03,3.489408477248160612e+00
9.476000000000000000e+03,3.708451445134295366e+00
9.477000000000000000e+03,3.642075027429886092e+00
9.478000000000000000e+03,3.437816555589794376e+00
9.479000000000000000e+03,3.836107774522870439e+00
9.480000000000000000e+03,4.016607342419724169e+00
9.481000000000000000e+03,3.496755072094632766e+00
9.482000000000000000e+03,3.758790045597656615e+00
9.483000000000000000e+03,3.471963088772904715e+00
9.484000000000000000e+03,4.003426912750359001e+00
9.485000000000000000e+03,3.573927335611617462e+00
9.486000000000000000e+03,3.704349008963977230e+00
9.487000000000000000e+03,3.451190722061848959e+00
9.488000000000000000e+03,3.722111444743424702e+00
9.489000000000000000e+03,3.641900985702246629e+00
9.490000000000000000e+03,3.381978075152901386e+00
9.491000000000000000e+03,3.661946392722387866e+00
9.492000000000000000e+03,3.847773762161597944e+00
9.493000000000000000e+03,3.777701144649341369e+00
9.494000000000000000e+03,3.745136852937025917e+00
9.495000000000000000e+03,3.964444059907876294e+00
9.496000000000000000e+03,3.764343661157837584e+00
9.497000000000000000e+03,3.728764946466396779e+00
9.498000000000000000e+03,3.744236048305854325e+00
9.499000000000000000e+03,3.465441251869888717e+00
9.500000000000000000e+03,3.831826729599143722e+00
9.501000000000000000e+03,3.866962480376414657e+00
9.502000000000000000e+03,3.662001826252618830e+00
9.503000000000000000e+03,3.647301469261720719e+00
9.504000000000000000e+03,3.370830262530051247e+00
9.505000000000000000e+03,3.366099457489248881e+00
9.506000000000000000e+03,3.746298109933732245e+00
9.507000000000000000e+03,3.964833196741934351e+00
9.508000000000000000e+03,3.429895318256949821e+00
9.509000000000000000e+03,3.451143783911711616e+00
9.510000000000000000e+03,3.479054626458455868e+00
9.511000000000000000e+03,3.893982795018328780e+00
9.512000000000000000e+03,3.478363671904358245e+00
9.513000000000000000e+03,3.602147461546779006e+00
9.514000000000000000e+03,3.411237857717629662e+00
9.515000000000000000e+03,4.057501501266615129e+00
9.516000000000000000e+03,3.729993388296420243e+00
9.517000000000000000e+03,3.917015695211642612e+00
9.518000000000000000e+03,3.604372077664626417e+00
9.519000000000000000e+03,3.494708751391375490e+00
9.520000000000000000e+03,3.483437339140741162e+00
9.521000000000000000e+03,3.367875720483157309e+00
9.522000000000000000e+03,3.842586458429260610e+00
9.523000000000000000e+03,3.553877198384782332e+00
9.524000000000000000e+03,3.412897285397986646e+00
9.525000000000000000e+03,3.681003940944964636e+00
9.526000000000000000e+03,3.661708532364658986e+00
9.527000000000000000e+03,3.464906837775233228e+00
9.528000000000000000e+03,3.576499759876438755e+00
9.529000000000000000e+03,3.711334174560689814e+00
9.530000000000000000e+03,3.298622174816418617e+00
9.531000000000000000e+03,4.053952564849829798e+00
9.532000000000000000e+03,3.705088856954880772e+00
9.533000000000000000e+03,3.945414552528346164e+00
9.534000000000000000e+03,3.590013424371553796e+00
9.535000000000000000e+03,3.634800537323868319e+00
9.536000000000000000e+03,3.692478159542114113e+00
9.537000000000000000e+03,3.612670632536251425e+00
9.538000000000000000e+03,3.627086410917394144e+00
9.539000000000000000e+03,3.846942208975386190e+00
9.540000000000000000e+03,3.879024231608315443e+00
9.541000000000000000e+03,3.446832748524505607e+00
9.542000000000000000e+03,3.687660596834406501e+00
9.543000000000000000e+03,3.374434714767167165e+00
9.544000000000000000e+03,3.441479334662898459e+00
9.545000000000000000e+03,3.637346708304825871e+00
9.546000000000000000e+03,3.715968257888131454e+00
9.547000000000000000e+03,3.461048062910955903e+00
9.548000000000000000e+03,3.550340324512077039e+00
9.549000000000000000e+03,3.778017552820537084e+00
9.550000000000000000e+03,3.507282622179830334e+00
9.551000000000000000e+03,3.683189786293664891e+00
9.552000000000000000e+03,3.367391025931808279e+00
9.553000000000000000e+03,3.661684287476925981e+00
9.554000000000000000e+03,3.462805849455509843e+00
9.555000000000000000e+03,3.630091584474677280e+00
9.556000000000000000e+03,3.670672375574320689e+00
9.557000000000000000e+03,3.617918285390588462e+00
9.558000000000000000e+03,3.721978768274481819e+00
9.559000000000000000e+03,3.688854973325053965e+00
9.560000000000000000e+03,3.521584618998442107e+00
9.561000000000000000e+03,3.444637700078848841e+00
9.562000000000000000e+03,3.442897036305092584e+00
9.563000000000000000e+03,3.413426599468803779e+00
9.564000000000000000e+03,3.727128645019722075e+00
9.565000000000000000e+03,3.578017196057725613e+00
9.566000000000000000e+03,3.604720364873504668e+00
9.567000000000000000e+03,3.963026968309290687e+00
9.568000000000000000e+03,3.515393427716975605e+00
9.569000000000000000e+03,3.907525632011001004e+00
9.570000000000000000e+03,3.573073112224367076e+00
9.571000000000000000e+03,4.079623714002416079e+00
9.572000000000000000e+03,3.561272868709497885e+00
9.573000000000000000e+03,3.591413912586382207e+00
9.574000000000000000e+03,4.212898431375681874e+00
9.575000000000000000e+03,3.539876696559720592e+00
9.576000000000000000e+03,3.797359886585203181e+00
9.577000000000000000e+03,3.813890599875740417e+00
9.578000000000000000e+03,3.581225649406358347e+00
9.579000000000000000e+03,3.728356620787727671e+00
9.580000000000000000e+03,3.397613632100323411e+00
9.581000000000000000e+03,3.650299929921343001e+00
9.582000000000000000e+03,3.943148747840958368e+00
9.583000000000000000e+03,3.630910987755222141e+00
9.584000000000000000e+03,3.393295538883084106e+00
9.585000000000000000e+03,3.750742221267071574e+00
9.586000000000000000e+03,3.479506661863348782e+00
9.587000000000000000e+03,3.955480323515290220e+00
9.588000000000000000e+03,3.860595482263916356e+00
9.589000000000000000e+03,3.392954048602531802e+00
9.590000000000000000e+03,3.826440566521062792e+00
9.591000000000000000e+03,3.702614567948819602e+00
9.592000000000000000e+03,3.902787802850179677e+00
9.593000000000000000e+03,3.571028210832461358e+00
9.594000000000000000e+03,3.616100119850611527e+00
9.595000000000000000e+03,4.015970548658014394e+00
9.596000000000000000e+03,3.856125699978437460e+00
9.597000000000000000e+03,3.898536399818888221e+00
9.598000000000000000e+03,3.873352904818733844e+00
9.599000000000000000e+03,3.595936210826702784e+00
9.600000000000000000e+03,3.660643217724226961e+00
9.601000000000000000e+03,3.891146235849332058e+00
9.602000000000000000e+03,3.649400591987534082e+00
9.603000000000000000e+03,3.828567098042298777e+00
9.604000000000000000e+03,3.906376562401640218e+00
9.605000000000000000e+03,3.455098510911479792e+00
9.606000000000000000e+03,3.989170965339380093e+00
9.607000000000000000e+03,3.680463544739943860e+00
9.608000000000000000e+03,3.805507658500048684e+00
9.609000000000000000e+03,3.683502522379425770e+00
9.610000000000000000e+03,3.624502205754082329e+00
9.611000000000000000e+03,3.583086110692832005e+00
9.612000000000000000e+03,3.899740832854227790e+00
9.613000000000000000e+03,3.789939489229799729e+00
9.614000000000000000e+03,3.543103226210478685e+00
9.615000000000000000e+03,3.827493428362267913e+00
9.616000000000000000e+03,3.596729531427090176e+00
9.617000000000000000e+03,4.077837068094797957e+00
9.618000000000000000e+03,3.704621984016617464e+00
9.619000000000000000e+03,3.740312004006877800e+00
9.620000000000000000e+03,3.819935294177328799e+00
9.621000000000000000e+03,3.850398404099746319e+00
9.622000000000000000e+03,3.750597572966973381e+00
9.623000000000000000e+03,3.730887611097282619e+00
9.624000000000000000e+03,3.611905884302935021e+00
9.625000000000000000e+03,3.483223670922132698e+00
9.626000000000000000e+03,3.825282363350413828e+00
9.627000000000000000e+03,3.385606922624506687e+00
9.628000000000000000e+03,3.565709577894199178e+00
9.629000000000000000e+03,3.796796217492540926e+00
9.630000000000000000e+03,3.636110957822902279e+00
9.631000000000000000e+03,3.585879723305745337e+00
9.632000000000000000e+03,3.641844562404683128e+00
9.633000000000000000e+03,3.600701727347242365e+00
9.634000000000000000e+03,4.123235741919651254e+00
9.635000000000000000e+03,3.641195819305912629e+00
9.636000000000000000e+03,3.495324636080901826e+00
9.637000000000000000e+03,3.583666174577857966e+00
9.638000000000000000e+03,3.733639684059098851e+00
9.639000000000000000e+03,3.679832635838236943e+00
9.640000000000000000e+03,3.663352673837985574e+00
9.641000000000000000e+03,3.819289222072394185e+00
9.642000000000000000e+03,3.270234909034837489e+00
9.643000000000000000e+03,3.546376481045242279e+00
9.644000000000000000e+03,3.714630034334251985e+00
9.645000000000000000e+03,3.784393994639888792e+00
9.646000000000000000e+03,3.796877714530870307e+00
9.647000000000000000e+03,3.471338995811853678e+00
9.648000000000000000e+03,3.925341976729801896e+00
9.649000000000000000e+03,3.516257910614763560e+00
9.650000000000000000e+03,3.543320364534559008e+00
9.651000000000000000e+03,3.826312933962486174e+00
9.652000000000000000e+03,4.044763314151076372e+00
9.653000000000000000e+03,3.746142001070212224e+00
9.654000000000000000e+03,3.756303958513508068e+00
9.655000000000000000e+03,3.534085594454425827e+00
9.656000000000000000e+03,4.006073041415130653e+00
9.657000000000000000e+03,3.541164479329983905e+00
9.658000000000000000e+03,3.725827873754935293e+00
9.659000000000000000e+03,3.946912306134846116e+00
9.660000000000000000e+03,3.584031529647973890e+00
9.661000000000000000e+03,3.657090491219033179e+00
9.662000000000000000e+03,3.809031445612863997e+00
9.663000000000000000e+03,3.692673330415805033e+00
9.664000000000000000e+03,3.385730974278757355e+00
9.665000000000000000e+03,3.882941363014630998e+00
9.666000000000000000e+03,3.703785002098492818e+00
9.667000000000000000e+03,3.641812663510312298e+00
9.668000000000000000e+03,3.553101617708784410e+00
9.669000000000000000e+03,4.016060474633797561e+00
9.670000000000000000e+03,3.805938212026974021e+00
9.671000000000000000e+03,3.897870619510435120e+00
9.672000000000000000e+03,3.670799313524301333e+00
9.673000000000000000e+03,3.637153774835332865e+00
9.674000000000000000e+03,3.641718886776891040e+00
9.675000000000000000e+03,3.568684828812267007e+00
9.676000000000000000e+03,3.670715671228599319e+00
9.677000000000000000e+03,3.745512339577711458e+00
9.678000000000000000e+03,3.631609580076040178e+00
9.679000000000000000e+03,3.733822434759735742e+00
9.680000000000000000e+03,3.541029203671767878e+00
9.681000000000000000e+03,3.745833175339591481e+00
9.682000000000000000e+03,3.843798709415935377e+00
9.683000000000000000e+03,3.726485776884433054e+00
9.684000000000000000e+03,3.537538752036031298e+00
9.685000000000000000e+03,3.681813660041558744e+00
9.686000000000000000e+03,3.751056732503347035e+00
9.687000000000000000e+03,4.003722415037268334e+00
9.688000000000000000e+03,3.401379364859802301e+00
9.689000000000000000e+03,3.987057514666673352e+00
9.690000000000000000e+03,3.834423312469751988e+00
9.691000000000000000e+03,3.490790628753601244e+00
9.692000000000000000e+03,4.006024892201589083e+00
9.693000000000000000e+03,3.616312527245591824e+00
9.694000000000000000e+03,3.665975613035568514e+00
9.695000000000000000e+03,3.760496892683926617e+00
9.696000000000000000e+03,3.673148954535028210e+00
9.697000000000000000e+03,3.484398460545490295e+00
9.698000000000000000e+03,3.629022704464021754e+00
9.699000000000000000e+03,3.750252169829969784e+00
9.700000000000000000e+03,3.680059455165953342e+00
9.701000000000000000e+03,3.695376108913630109e+00
9.702000000000000000e+03,3.690209996265783943e+00
9.703000000000000000e+03,3.937999934719625728e+00
9.704000000000000000e+03,3.618219710123063315e+00
9.705000000000000000e+03,3.457766657233341867e+00
9.706000000000000000e+03,3.564448755130863233e+00
9.707000000000000000e+03,3.618945407094957378e+00
9.708000000000000000e+03,3.593568128590151289e+00
9.709000000000000000e+03,3.550124422377846312e+00
9.710000000000000000e+03,3.797241872737515678e+00
9.711000000000000000e+03,3.286749436281445114e+00
9.712000000000000000e+03,3.697772602441289802e+00
9.713000000000000000e+03,3.579890611146442136e+00
9.714000000000000000e+03,4.032757259278377582e+00
9.715000000000000000e+03,3.954835375907422179e+00
9.716000000000000000e+03,3.917371924982992137e+00
9.717000000000000000e+03,3.698634161444995794e+00
9.718000000000000000e+03,3.745035822802909919e+00
9.719000000000000000e+03,3.633222146143214371e+00
9.720000000000000000e+03,3.590875708146157752e+00
9.721000000000000000e+03,3.881928274247637312e+00
9.722000000000000000e+03,3.666707296167108332e+00
9.723000000000000000e+03,3.457457470104573716e+00
9.724000000000000000e+03,3.521577677500592252e+00
9.725000000000000000e+03,3.808450336532315905e+00
9.726000000000000000e+03,3.514292096199565396e+00
9.727000000000000000e+03,3.695082045866216358e+00
9.728000000000000000e+03,3.789630358180833269e+00
9.729000000000000000e+03,3.353548575909067520e+00
9.730000000000000000e+03,3.571431142649486024e+00
9.731000000000000000e+03,3.570181847587678536e+00
9.732000000000000000e+03,3.797813645380447856e+00
9.733000000000000000e+03,3.676277804160239082e+00
9.734000000000000000e+03,3.888819136625793593e+00
9.735000000000000000e+03,3.540700042585197771e+00
9.736000000000000000e+03,3.978604240102209033e+00
9.737000000000000000e+03,3.246197891699987181e+00
9.738000000000000000e+03,3.784703086171522735e+00
9.739000000000000000e+03,3.503039685997416885e+00
9.740000000000000000e+03,3.452216128440698917e+00
9.741000000000000000e+03,3.763933807745471150e+00
9.742000000000000000e+03,3.395951314410007083e+00
9.743000000000000000e+03,3.692492614952469943e+00
9.744000000000000000e+03,3.689811606540072120e+00
9.745000000000000000e+03,3.737676864333891569e+00
9.746000000000000000e+03,3.934985883150842856e+00
9.747000000000000000e+03,3.716268483337041850e+00
9.748000000000000000e+03,3.861680473603540165e+00
9.749000000000000000e+03,3.607493007706717325e+00
9.750000000000000000e+03,3.392223456653974623e+00
9.751000000000000000e+03,3.789434937052885477e+00
9.752000000000000000e+03,3.864783543906545216e+00
9.753000000000000000e+03,3.712897739188548485e+00
9.754000000000000000e+03,3.697272823845566325e+00
9.755000000000000000e+03,3.446127676306724563e+00
9.756000000000000000e+03,3.875626938160739332e+00
9.757000000000000000e+03,3.602821375179027896e+00
9.758000000000000000e+03,3.571492892717046175e+00
9.759000000000000000e+03,3.669478623196402278e+00
9.760000000000000000e+03,3.488083688598484944e+00
9.761000000000000000e+03,3.396324510448630374e+00
9.762000000000000000e+03,4.152373658010731994e+00
9.763000000000000000e+03,3.662527558078045864e+00
9.764000000000000000e+03,3.461875753301745906e+00
9.765000000000000000e+03,3.620285916628921186e+00
9.766000000000000000e+03,3.937086743443689585e+00
9.767000000000000000e+03,4.045734201481214320e+00
9.768000000000000000e+03,3.824346048614485127e+00
9.769000000000000000e+03,3.888042077279509456e+00
9.770000000000000000e+03,3.393655078401970560e+00
9.771000000000000000e+03,3.684867572483926601e+00
9.772000000000000000e+03,3.941944505458138792e+00
9.773000000000000000e+03,3.709649515038952572e+00
9.774000000000000000e+03,3.519454285165350971e+00
9.775000000000000000e+03,3.846761333605285937e+00
9.776000000000000000e+03,3.462143511689359965e+00
9.777000000000000000e+03,3.477258110766491939e+00
9.778000000000000000e+03,3.570391560664227804e+00
9.779000000000000000e+03,3.812026663621561617e+00
9.780000000000000000e+03,3.803716101028828067e+00
9.781000000000000000e+03,3.391249694589819619e+00
9.782000000000000000e+03,3.762943880081198955e+00
9.783000000000000000e+03,3.667639199249391968e+00
9.784000000000000000e+03,3.710791222013212209e+00
9.785000000000000000e+03,4.014393817615921733e+00
9.786000000000000000e+03,3.654832015324269712e+00
9.787000000000000000e+03,3.702945675866093911e+00
9.788000000000000000e+03,3.703794642955508198e+00
9.789000000000000000e+03,3.598634845587927344e+00
9.790000000000000000e+03,3.741413466106123575e+00
9.791000000000000000e+03,3.444831603909909390e+00
9.792000000000000000e+03,3.558460399939309848e+00
9.793000000000000000e+03,3.233921118519357041e+00
9.794000000000000000e+03,3.437129674240960053e+00
9.795000000000000000e+03,3.522154903448567076e+00
9.796000000000000000e+03,3.462076022312582602e+00
9.797000000000000000e+03,3.236584978657044864e+00
9.798000000000000000e+03,3.935925578130895719e+00
9.799000000000000000e+03,3.534707938059892030e+00
9.800000000000000000e+03,3.849563365238535706e+00
9.801000000000000000e+03,3.557844612133441498e+00
9.802000000000000000e+03,3.711903849082553997e+00
9.803000000000000000e+03,3.728020629664662522e+00
9.804000000000000000e+03,3.560458810489688375e+00
9.805000000000000000e+03,4.026880648295661835e+00
9.806000000000000000e+03,3.427005995940864747e+00
9.807000000000000000e+03,3.511713525905933775e+00
9.808000000000000000e+03,3.812558336819565241e+00
9.809000000000000000e+03,3.547221230461568897e+00
9.810000000000000000e+03,3.719906654540401814e+00
9.811000000000000000e+03,3.559842472367608313e+00
9.812000000000000000e+03,3.914531608051229128e+00
9.813000000000000000e+03,3.787256006459276403e+00
9.814000000000000000e+03,3.647872355434530256e+00
9.815000000000000000e+03,3.971424304002166839e+00
9.816000000000000000e+03,3.874644466151084377e+00
9.817000000000000000e+03,3.748568527723021404e+00
9.818000000000000000e+03,3.619964774634568894e+00
9.819000000000000000e+03,3.693620114241237040e+00
9.820000000000000000e+03,3.642004796695147206e+00
9.821000000000000000e+03,3.846271300705389251e+00
9.822000000000000000e+03,3.772993510100035142e+00
9.823000000000000000e+03,3.757665617835960870e+00
9.824000000000000000e+03,3.896886047653356222e+00
9.825000000000000000e+03,3.550613426965910424e+00
9.826000000000000000e+03,3.597232402898893788e+00
9.827000000000000000e+03,3.613888274990098459e+00
9.828000000000000000e+03,3.384445472237610719e+00
9.829000000000000000e+03,3.694005384754850407e+00
9.830000000000000000e+03,3.731079850773485251e+00
9.831000000000000000e+03,3.604595469812503339e+00
9.832000000000000000e+03,3.754439327711198260e+00
9.833000000000000000e+03,3.558377667066547456e+00
9.834000000000000000e+03,3.585919253579920696e+00
9.835000000000000000e+03,3.745257262075112337e+00
9.836000000000000000e+03,3.780132519344321818e+00
9.837000000000000000e+03,3.584327600795771396e+00
9.838000000000000000e+03,3.798125355778446455e+00
9.839000000000000000e+03,3.805233549248261404e+00
9.840000000000000000e+03,3.549919078398932726e+00
9.841000000000000000e+03,3.615580082340978052e+00
9.842000000000000000e+03,3.607328098759254864e+00
9.843000000000000000e+03,3.953111296712551237e+00
9.844000000000000000e+03,3.600462773759905755e+00
9.845000000000000000e+03,3.751865230948547403e+00
9.846000000000000000e+03,3.938654162800457215e+00
9.847000000000000000e+03,3.706583355007071479e+00
9.848000000000000000e+03,3.796018959445338403e+00
9.849000000000000000e+03,3.648614876253898132e+00
9.850000000000000000e+03,3.525484340851534171e+00
9.851000000000000000e+03,3.666329847862240143e+00
9.852000000000000000e+03,3.802400228758528566e+00
9.853000000000000000e+03,3.576462618127009829e+00
9.854000000000000000e+03,3.784072611277877751e+00
9.855000000000000000e+03,3.643303897090627963e+00
9.856000000000000000e+03,3.435669561631712998e+00
9.857000000000000000e+03,3.697167527682508226e+00
9.858000000000000000e+03,3.614394496281268410e+00
9.859000000000000000e+03,3.726058096483393367e+00
9.860000000000000000e+03,3.562686571002113389e+00
9.861000000000000000e+03,3.494453812022414230e+00
9.862000000000000000e+03,3.849596236968992446e+00
9.863000000000000000e+03,3.701590173535865169e+00
9.864000000000000000e+03,3.478691328105696812e+00
9.865000000000000000e+03,3.589660042036446175e+00
9.866000000000000000e+03,3.289115173380112722e+00
9.867000000000000000e+03,3.557751426770417336e+00
9.868000000000000000e+03,3.791699078436855164e+00
9.869000000000000000e+03,3.883226141260502917e+00
9.870000000000000000e+03,3.633944104271197961e+00
9.871000000000000000e+03,3.720711601191301288e+00
9.872000000000000000e+03,3.674488278120081830e+00
9.873000000000000000e+03,3.646894301283513329e+00
9.874000000000000000e+03,3.925315842416695400e+00
9.875000000000000000e+03,3.929382156724917419e+00
9.876000000000000000e+03,3.382541010776233037e+00
9.877000000000000000e+03,3.626477262688851955e+00
9.878000000000000000e+03,4.003089129543203839e+00
9.879000000000000000e+03,3.864677275727003369e+00
9.880000000000000000e+03,3.649016811837347607e+00
9.881000000000000000e+03,3.665135028757444680e+00
9.882000000000000000e+03,3.625530878465098361e+00
9.883000000000000000e+03,3.595684865870576008e+00
9.884000000000000000e+03,3.548013073348549096e+00
9.885000000000000000e+03,3.756917597979071655e+00
9.886000000000000000e+03,3.441905139758938414e+00
9.887000000000000000e+03,3.631343557410152911e+00
9.888000000000000000e+03,3.966979726664932038e+00
9.889000000000000000e+03,3.460915867311630922e+00
9.890000000000000000e+03,3.839816540483982354e+00
9.891000000000000000e+03,4.060264623808144790e+00
9.892000000000000000e+03,3.612671754050252648e+00
9.893000000000000000e+03,3.645838020636658960e+00
9.894000000000000000e+03,3.601448577244079186e+00
9.895000000000000000e+03,3.307613584434124121e+00
9.896000000000000000e+03,3.644035807796553339e+00
9.897000000000000000e+03,3.786665259516009296e+00
9.898000000000000000e+03,3.605637067664995588e+00
9.899000000000000000e+03,3.636391291338745280e+00
9.900000000000000000e+03,3.385595734580801430e+00
9.901000000000000000e+03,3.497187311299570833e+00
9.902000000000000000e+03,3.785139924593619032e+00
9.903000000000000000e+03,3.872702555230749688e+00
9.904000000000000000e+03,3.637233636772833290e+00
9.905000000000000000e+03,3.788199443822394041e+00
9.906000000000000000e+03,3.539611546129985964e+00
9.907000000000000000e+03,3.713614119941484937e+00
9.908000000000000000e+03,3.583860431481776132e+00
9.909000000000000000e+03,3.719828256419845491e+00
9.910000000000000000e+03,3.915241342564313776e+00
9.911000000000000000e+03,3.639551339659523155e+00
9.912000000000000000e+03,3.862581411627456607e+00
9.913000000000000000e+03,3.710345168082637812e+00
9.914000000000000000e+03,3.346260981000147794e+00
9.915000000000000000e+03,3.766103085385463345e+00
9.916000000000000000e+03,3.453744111029043662e+00
9.917000000000000000e+03,3.613034624646042747e+00
9.918000000000000000e+03,3.687635458692894996e+00
9.919000000000000000e+03,4.095804914936370444e+00
9.920000000000000000e+03,3.661430948227949678e+00
9.921000000000000000e+03,4.049646279199585308e+00
9.922000000000000000e+03,3.813097595370318782e+00
9.923000000000000000e+03,3.642794320352393367e+00
9.924000000000000000e+03,3.830533282815077545e+00
9.925000000000000000e+03,3.840457481174956555e+00
9.926000000000000000e+03,3.578436313847615402e+00
9.927000000000000000e+03,3.629207443026646995e+00
9.928000000000000000e+03,3.642738702408465201e+00
9.929000000000000000e+03,3.909373358829919098e+00
9.930000000000000000e+03,3.772431982261925665e+00
9.931000000000000000e+03,4.041644439866694860e+00
9.932000000000000000e+03,3.584474875703764329e+00
9.933000000000000000e+03,3.685019253439305142e+00
9.934000000000000000e+03,3.623009437324732129e+00
9.935000000000000000e+03,3.880862391102837261e+00
9.936000000000000000e+03,3.771844978643663193e+00
9.937000000000000000e+03,3.632881372074022064e+00
9.938000000000000000e+03,3.649435643867549484e+00
9.939000000000000000e+03,4.017092866952195251e+00
9.940000000000000000e+03,3.910164327481017388e+00
9.941000000000000000e+03,3.652392402666837068e+00
9.942000000000000000e+03,3.660807530421132938e+00
9.943000000000000000e+03,4.075518472248139012e+00
9.944000000000000000e+03,3.655331782630023785e+00
9.945000000000000000e+03,3.809307498430390737e+00
9.946000000000000000e+03,3.779885706522402078e+00
9.947000000000000000e+03,3.545174127080272353e+00
9.948000000000000000e+03,3.761766649120444228e+00
9.949000000000000000e+03,3.848627872785186366e+00
9.950000000000000000e+03,3.592325633032460885e+00
9.951000000000000000e+03,3.726555743015300237e+00
9.952000000000000000e+03,3.647290958675303507e+00
9.953000000000000000e+03,3.640622907935295416e+00
9.954000000000000000e+03,3.541974876562171914e+00
9.955000000000000000e+03,3.617181343118249792e+00
9.956000000000000000e+03,3.718511206226577936e+00
9.957000000000000000e+03,3.264462593635161447e+00
9.958000000000000000e+03,3.446191432773796581e+00
9.959000000000000000e+03,3.540183934107508534e+00
9.960000000000000000e+03,4.043477346675702577e+00
9.961000000000000000e+03,3.409831631043317657e+00
9.962000000000000000e+03,4.000207860666867177e+00
9.963000000000000000e+03,3.512077186224167757e+00
9.964000000000000000e+03,3.749829845087139901e+00
9.965000000000000000e+03,3.602023674203817638e+00
9.966000000000000000e+03,4.080010045720669609e+00
9.967000000000000000e+03,3.880776778050941900e+00
9.968000000000000000e+03,3.821509306033292308e+00
9.969000000000000000e+03,3.861978840071857988e+00
9.970000000000000000e+03,3.675861066750451656e+00
9.971000000000000000e+03,3.876528593376294296e+00
9.972000000000000000e+03,3.686962824904534308e+00
9.973000000000000000e+03,3.649699594081450282e+00
9.974000000000000000e+03,3.814168265155186255e+00
9.975000000000000000e+03,3.741781122940647464e+00
9.976000000000000000e+03,4.004346307114646564e+00
9.977000000000000000e+03,3.577109028098863330e+00
9.978000000000000000e+03,3.364337944181683415e+00
9.979000000000000000e+03,3.798879899367429758e+00
9.980000000000000000e+03,3.667434429886403446e+00
9.981000000000000000e+03,3.610202416073954090e+00
9.982000000000000000e+03,3.741605315719312319e+00
9.983000000000000000e+03,3.536790520890614964e+00
9.984000000000000000e+03,3.680375581593317680e+00
9.985000000000000000e+03,3.881500440456791878e+00
9.986000000000000000e+03,3.987637715239316982e+00
9.987000000000000000e+03,3.408617313867037701e+00
9.988000000000000000e+03,3.824394265300870011e+00
9.989000000000000000e+03,3.703446182489338323e+00
9.990000000000000000e+03,3.590958671442559424e+00
9.991000000000000000e+03,3.774045256931282566e+00
9.992000000000000000e+03,3.472034813936783149e+00
9.993000000000000000e+03,3.961946805712492026e+00
9.994000000000000000e+03,3.582300439438702355e+00
9.995000000000000000e+03,3.727254968690298043e+00
9.996000000000000000e+03,3.441112785805881646e+00
9.997000000000000000e+03,3.693776857677972814e+00
9.998000000000000000e+03,3.838819845027113598e+00
9.999000000000000000e+03,3.611734181185053405e+00
1.000000000000000000e+04,4.097521355337311988e+00
1.000100000000000000e+04,4.029026441996762742e+00
1.000200000000000000e+04,3.346542032541216738e+00
1.000300000000000000e+04,3.690220232982451609e+00
1.000400000000000000e+04,3.742080967225035248e+00
1.000500000000000000e+04,3.681089059168817013e+00
1.000600000000000000e+04,3.512805969171793219e+00
1.000700000000000000e+04,4.033664406852867756e+00
1.000800000000000000e+04,3.761360497494516508e+00
1.000900000000000000e+04,3.723448250332029641e+00
1.001000000000000000e+04,3.478451594491956289e+00
1.001100000000000000e+04,3.615568229757403884e+00
1.001200000000000000e+04,4.028019085585878400e+00
1.001300000000000000e+04,3.730152074241420035e+00
1.001400000000000000e+04,3.578229319811087716e+00
1.001500000000000000e+04,3.760776578898174627e+00
1.001600000000000000e+04,3.622507511411369396e+00
1.001700000000000000e+04,3.770770174287749743e+00
1.001800000000000000e+04,4.098061420804532951e+00
1.001900000000000000e+04,3.971632782683696128e+00
1.002000000000000000e+04,3.698838928593959796e+00
1.002100000000000000e+04,3.816178165857747384e+00
1.002200000000000000e+04,3.921804853959802717e+00
1.002300000000000000e+04,3.712026392647790995e+00
1.002400000000000000e+04,3.892036819596036423e+00
1.002500000000000000e+04,3.709629706982819020e+00
1.002600000000000000e+04,3.503245053910621465e+00
1.002700000000000000e+04,3.999736432264002328e+00
1.002800000000000000e+04,4.049290717094252479e+00
1.002900000000000000e+04,3.482441225036295496e+00
1.003000000000000000e+04,3.956912074817538372e+00
1.003100000000000000e+04,3.855457724580534595e+00
1.003200000000000000e+04,3.783849283588284873e+00
1.003300000000000000e+04,3.498120557475152381e+00
1.003400000000000000e+04,3.886925176070520127e+00
1.003500000000000000e+04,3.871802814955621397e+00
1.003600000000000000e+04,3.597335233453975434e+00
1.003700000000000000e+04,3.488811215265475774e+00
1.003800000000000000e+04,3.752804903962613459e+00
1.003900000000000000e+04,3.796321467568868346e+00
1.004000000000000000e+04,3.601657121275125828e+00
1.004100000000000000e+04,3.602264150524367547e+00
1.004200000000000000e+04,3.706587527824340977e+00
1.004300000000000000e+04,3.312153069125365334e+00
1.004400000000000000e+04,3.739447481294092768e+00
1.004500000000000000e+04,3.506929673731639774e+00
1.004600000000000000e+04,3.702868641317825116e+00
1.004700000000000000e+04,3.814248287671589299e+00
1.004800000000000000e+04,3.869465831306523995e+00
1.004900000000000000e+04,3.503534048923733213e+00
1.005000000000000000e+04,3.192885817774095081e+00
1.005100000000000000e+04,3.920869012255582930e+00
1.005200000000000000e+04,3.377650895389983532e+00
1.005300000000000000e+04,3.571693419665503910e+00
1.005400000000000000e+04,3.922107189450676490e+00
1.005500000000000000e+04,3.867511934831961096e+00
1.005600000000000000e+04,3.636346346011451569e+00
1.005700000000000000e+04,3.719834623275182661e+00
1.005800000000000000e+04,3.614686520099241296e+00
1.005900000000000000e+04,3.387207831281342951e+00
1.006000000000000000e+04,3.760967516191742632e+00
1.006100000000000000e+04,3.825798924465388939e+00
1.006200000000000000e+04,3.555333324454483357e+00
1.006300000000000000e+04,3.658604402007991752e+00
1.006400000000000000e+04,3.626718075507768368e+00
1.006500000000000000e+04,3.343989806961457756e+00
1.006600000000000000e+04,3.449984127917188559e+00
1.006700000000000000e+04,3.543280254679171737e+00
1.006800000000000000e+04,3.869564577826483998e+00
1.006900000000000000e+04,3.666682566095312623e+00
1.007000000000000000e+04,3.945310910377902047e+00
1.007100000000000000e+04,3.485331801356894132e+00
1.007200000000000000e+04,3.684119795942714326e+00
1.007300000000000000e+04,3.960473787862518691e+00
1.007400000000000000e+04,3.512640814880934048e+00
1.007500000000000000e+04,3.756631755328996292e+00
1.007600000000000000e+04,3.984189529775969518e+00
1.007700000000000000e+04,3.566671958875453186e+00
1.007800000000000000e+04,3.645059322037321081e+00
1.007900000000000000e+04,3.716697812050605343e+00
1.008000000000000000e+04,4.048231849187910569e+00
1.008100000000000000e+04,3.563893362574491075e+00
1.008200000000000000e+04,3.767607245408821637e+00
1.008300000000000000e+04,3.820433268657793313e+00
1.008400000000000000e+04,3.803644799640991003e+00
1.008500000000000000e+04,3.847702279243696566e+00
1.008600000000000000e+04,3.657783819540263437e+00
1.008700000000000000e+04,3.869034056417829159e+00
1.008800000000000000e+04,3.643207633650642485e+00
1.008900000000000000e+04,3.419447046103239796e+00
1.009000000000000000e+04,3.850389744245454438e+00
1.009100000000000000e+04,3.845120687811447890e+00
1.009200000000000000e+04,3.757906751796241895e+00
1.009300000000000000e+04,3.680363771466852896e+00
1.009400000000000000e+04,3.420600154652631897e+00
1.009500000000000000e+04,3.595209683288167035e+00
1.009600000000000000e+04,3.904162841062782885e+00
1.009700000000000000e+04,3.919614624259726288e+00
1.009800000000000000e+04,3.658245071732112663e+00
1.009900000000000000e+04,3.581597037782829229e+00
1.010000000000000000e+04,3.444831062750840722e+00
1.010100000000000000e+04,3.812276437081661751e+00
1.010200000000000000e+04,3.271832996607220601e+00
1.010300000000000000e+04,3.904185818306401323e+00
1.010400000000000000e+04,3.448511953327588309e+00
1.010500000000000000e+04,3.926583323969417894e+00
1.010600000000000000e+04,3.891538373383326643e+00
1.010700000000000000e+04,3.594993226934338093e+00
1.010800000000000000e+04,3.630176915287818051e+00
1.010900000000000000e+04,3.527374731877348513e+00
1.011000000000000000e+04,3.770705888123353056e+00
1.011100000000000000e+04,3.385711095176282104e+00
1.011200000000000000e+04,3.791472000813850940e+00
1.011300000000000000e+04,3.887743714980581800e+00
1.011400000000000000e+04,3.428886085901743375e+00
1.011500000000000000e+04,3.638416266903967689e+00
1.011600000000000000e+04,3.624467209738258422e+00
1.011700000000000000e+04,3.954713023071712019e+00
1.011800000000000000e+04,3.855235041382852224e+00
1.011900000000000000e+04,3.822094496364913496e+00
1.012000000000000000e+04,3.680709150605916413e+00
1.012100000000000000e+04,3.589888464113898614e+00
1.012200000000000000e+04,3.630989258245322482e+00
1.012300000000000000e+04,3.901375529441077461e+00
1.012400000000000000e+04,3.742279840172436423e+00
1.012500000000000000e+04,3.673491485362856412e+00
1.012600000000000000e+04,3.608620988328671064e+00
1.012700000000000000e+04,3.773092933608644728e+00
1.012800000000000000e+04,3.830448786374997194e+00
1.012900000000000000e+04,3.989553564714974243e+00
1.013000000000000000e+04,3.988440904883959082e+00
1.013100000000000000e+04,3.453133043698734195e+00
1.013200000000000000e+04,3.971237730314300496e+00
1.013300000000000000e+04,3.788757449006092681e+00
1.013400000000000000e+04,3.664434334910932733e+00
1.013500000000000000e+04,3.487036819535325183e+00
1.013600000000000000e+04,3.763352347306729406e+00
1.013700000000000000e+04,3.691121402282346864e+00
1.013800000000000000e+04,3.914076825649627445e+00
1.013900000000000000e+04,3.521002458771415711e+00
1.014000000000000000e+04,3.739369170247448082e+00
1.014100000000000000e+04,3.551276025849074536e+00
1.014200000000000000e+04,3.888784508725844802e+00
1.014300000000000000e+04,3.871719286933345217e+00
1.014400000000000000e+04,3.485370843748330838e+00
1.014500000000000000e+04,3.857350635587249332e+00
1.014600000000000000e+04,3.876382000154089624e+00
1.014700000000000000e+04,3.728581518739364942e+00
1.014800000000000000e+04,3.822320316624269410e+00
1.014900000000000000e+04,3.807240591172692312e+00
1.015000000000000000e+04,3.813730356927828691e+00
1.015100000000000000e+04,4.059687812356859382e+00
1.015200000000000000e+04,4.027783764608502182e+00
1.015300000000000000e+04,3.504555619849687886e+00
1.015400000000000000e+04,3.686183098082673304e+00
1.015500000000000000e+04,3.650640858791240451e+00
1.015600000000000000e+04,3.702477342579137076e+00
1.015700000000000000e+04,3.617903195689544660e+00
1.015800000000000000e+04,3.699119011793708722e+00
1.015900000000000000e+04,3.679089458208682828e+00
1.016000000000000000e+04,3.533761309130939665e+00
1.016100000000000000e+04,3.377765236981141506e+00
1.016200000000000000e+04,3.875848987486449015e+00
1.016300000000000000e+04,3.687007536446645695e+00
1.016400000000000000e+04,3.717979502400369451e+00
1.016500000000000000e+04,3.982756231664002389e+00
1.016600000000000000e+04,3.390324858730282997e+00
1.016700000000000000e+04,3.669453025213896158e+00
1.016800000000000000e+04,4.031327598966496950e+00
1.016900000000000000e+04,3.639471222954350882e+00
1.017000000000000000e+04,3.699857259070109983e+00
1.017100000000000000e+04,3.942916079907744731e+00
1.017200000000000000e+04,3.904697276331574152e+00
1.017300000000000000e+04,3.968429098542902267e+00
1.017400000000000000e+04,3.554853596073701993e+00
1.017500000000000000e+04,3.480671544821512420e+00
1.017600000000000000e+04,3.497438194167977521e+00
1.017700000000000000e+04,3.810734301143026137e+00
1.017800000000000000e+04,3.759295494055979514e+00
1.017900000000000000e+04,3.579060351833573073e+00
1.018000000000000000e+04,4.211164166362415529e+00
1.018100000000000000e+04,3.522176637884948391e+00
1.018200000000000000e+04,3.537783225124580877e+00
1.018300000000000000e+04,3.712445549000868983e+00
1.018400000000000000e+04,3.691413290575511486e+00
1.018500000000000000e+04,3.478433725089234319e+00
1.018600000000000000e+04,3.967768861573256700e+00
1.018700000000000000e+04,3.704161170463393216e+00
1.018800000000000000e+04,3.548549794328141438e+00
1.018900000000000000e+04,3.716397084787413707e+00
1.019000000000000000e+04,3.264311955881728178e+00
1.019100000000000000e+04,3.492353430737904940e+00
1.019200000000000000e+04,3.518497253541589487e+00
1.019300000000000000e+04,3.715469163002889541e+00
1.019400000000000000e+04,3.203915517959997850e+00
1.019500000000000000e+04,3.785747439362841860e+00
1.019600000000000000e+04,3.795969112391440969e+00
1.019700000000000000e+04,3.925319349817711245e+00
1.019800000000000000e+04,3.748693473181545777e+00
1.019900000000000000e+04,3.618120489947421969e+00
1.020000000000000000e+04,4.044379466956125491e+00
1.020100000000000000e+04,3.487590386797219555e+00
1.020200000000000000e+04,3.618507475948231633e+00
1.020300000000000000e+04,3.470376949768099628e+00
1.020400000000000000e+04,3.533462212705853922e+00
1.020500000000000000e+04,3.852117240912326768e+00
1.020600000000000000e+04,3.442416912317246336e+00
1.020700000000000000e+04,3.446375548740902239e+00
1.020800000000000000e+04,3.883729376450070880e+00
1.020900000000000000e+04,3.533126662859701561e+00
1.021000000000000000e+04,3.757036313395252680e+00
1.021100000000000000e+04,3.679291224755052436e+00
1.021200000000000000e+04,3.762660326124454446e+00
1.021300000000000000e+04,3.699816914643991872e+00
1.021400000000000000e+04,3.680126154498811530e+00
1.021500000000000000e+04,3.572704134006985832e+00
1.021600000000000000e+04,3.793650219128307466e+00
1.021700000000000000e+04,3.527433081017595562e+00
1.021800000000000000e+04,3.564645431151585164e+00
1.021900000000000000e+04,3.381289664724556498e+00
1.022000000000000000e+04,3.761713551220111640e+00
1.022100000000000000e+04,3.977201362997978329e+00
1.022200000000000000e+04,3.746541811410544653e+00
1.022300000000000000e+04,3.796364109395977682e+00
1.022400000000000000e+04,4.129329538750798889e+00
1.022500000000000000e+04,3.670549115743838797e+00
1.022600000000000000e+04,3.451678952124547894e+00
1.022700000000000000e+04,3.969048276929759034e+00
1.022800000000000000e+04,3.539847543511722705e+00
1.022900000000000000e+04,3.909861185221437108e+00
1.023000000000000000e+04,3.641777618693941232e+00
1.023100000000000000e+04,3.565355125720160334e+00
1.023200000000000000e+04,3.933454724155964310e+00
1.023300000000000000e+04,3.733255104529986212e+00
1.023400000000000000e+04,3.558830285273468341e+00
1.023500000000000000e+04,3.964976564313658969e+00
1.023600000000000000e+04,3.543480693533189285e+00
1.023700000000000000e+04,3.529548090826538864e+00
1.023800000000000000e+04,3.696383443754261755e+00
1.023900000000000000e+04,3.668836200438239548e+00
1.024000000000000000e+04,3.574248554800006250e+00
1.024100000000000000e+04,3.602855537360032834e+00
1.024200000000000000e+04,3.872145059712371218e+00
1.024300000000000000e+04,3.505135530744146521e+00
1.024400000000000000e+04,3.694628016270168125e+00
1.024500000000000000e+04,3.486662640649389910e+00
1.024600000000000000e+04,3.579122349552545046e+00
1.024700000000000000e+04,3.799415187969533925e+00
1.024800000000000000e+04,3.555049890779520716e+00
1.024900000000000000e+04,3.573589774065971447e+00
1.025000000000000000e+04,3.738766287366113605e+00
1.025100000000000000e+04,3.741563557824016062e+00
1.025200000000000000e+04,3.661867132527490298e+00
1.025300000000000000e+04,3.909957721947535436e+00
1.025400000000000000e+04,3.804496920752105993e+00
1.025500000000000000e+04,3.886855096152570965e+00
1.025600000000000000e+04,3.632161228182840151e+00
1.025700000000000000e+04,3.528284767283948131e+00
1.025800000000000000e+04,3.455102851510211348e+00
1.025900000000000000e+04,3.816598361473154899e+00
1.026000000000000000e+04,3.806533081067869251e+00
1.026100000000000000e+04,3.595782459470841630e+00
1.026200000000000000e+04,3.838040344731249665e+00
1.026300000000000000e+04,3.525637000030635182e+00
1.026400000000000000e+04,3.664804934758023158e+00
1.026500000000000000e+04,3.538009998442860127e+00
1.026600000000000000e+04,3.717701903487423021e+00
1.026700000000000000e+04,3.565029655979706558e+00
1.026800000000000000e+04,3.721342602247667219e+00
1.026900000000000000e+04,3.711359794315482130e+00
1.027000000000000000e+04,4.080804961149815391e+00
1.027100000000000000e+04,3.803537409250685730e+00
1.027200000000000000e+04,3.694422047631433337e+00
1.027300000000000000e+04,3.522233199339956933e+00
1.027400000000000000e+04,3.689168576281837364e+00
1.027500000000000000e+04,3.570331196910211613e+00
1.027600000000000000e+04,3.834631453990697381e+00
1.027700000000000000e+04,3.942490189420232216e+00
1.027800000000000000e+04,3.484756482712924264e+00
1.027900000000000000e+04,3.473223569237681385e+00
1.028000000000000000e+04,3.796335629239994791e+00
1.028100000000000000e+04,3.607167993943573236e+00
1.028200000000000000e+04,3.833282109656559911e+00
1.028300000000000000e+04,3.662117261402388912e+00
1.028400000000000000e+04,3.535990185820537590e+00
1.028500000000000000e+04,4.209674138831434931e+00
1.028600000000000000e+04,3.559480503292356435e+00
1.028700000000000000e+04,3.659826884714551642e+00
1.028800000000000000e+04,3.809070033100881769e+00
1.028900000000000000e+04,3.572586134661451585e+00
1.029000000000000000e+04,3.565951613340737847e+00
1.029100000000000000e+04,3.610105191903894006e+00
1.029200000000000000e+04,3.806467978412487518e+00
1.029300000000000000e+04,3.675825721108317623e+00
1.029400000000000000e+04,3.603178879404707491e+00
1.029500000000000000e+04,3.815503663882280794e+00
1.029600000000000000e+04,3.779110627986683291e+00
1.029700000000000000e+04,3.880876525857516413e+00
1.029800000000000000e+04,3.451654426962081690e+00
1.029900000000000000e+04,3.639703084403757671e+00
1.030000000000000000e+04,3.748404635692293319e+00
1.030100000000000000e+04,3.770983530872608291e+00
1.030200000000000000e+04,3.769291403398332019e+00
1.030300000000000000e+04,3.518280177889058002e+00
1.030400000000000000e+04,3.687951743730678356e+00
1.030500000000000000e+04,3.532585970309682022e+00
1.030600000000000000e+04,3.774441903657647313e+00
1.030700000000000000e+04,3.508541027138401436e+00
1.030800000000000000e+04,3.769792611418836259e+00
1.030900000000000000e+04,3.653355946517820030e+00
1.031000000000000000e+04,3.717611004696860899e+00
1.031100000000000000e+04,3.675346660926539943e+00
1.031200000000000000e+04,3.835215336846790724e+00
1.031300000000000000e+04,3.867684790357786451e+00
1.031400000000000000e+04,4.080365262815146998e+00
1.031500000000000000e+04,3.386366236758262094e+00
1.031600000000000000e+04,3.960008856129344057e+00
1.031700000000000000e+04,3.546727161933229233e+00
1.031800000000000000e+04,3.559537091236988360e+00
1.031900000000000000e+04,3.735091325868930223e+00
1.032000000000000000e+04,3.428630293704280518e+00
1.032100000000000000e+04,3.927279578611054145e+00
1.032200000000000000e+04,3.536278809745752039e+00
1.032300000000000000e+04,3.536185261096654209e+00
1.032400000000000000e+04,3.713423199419307874e+00
1.032500000000000000e+04,3.780680960666311652e+00
1.032600000000000000e+04,3.500670678956378179e+00
1.032700000000000000e+04,3.521409123388193674e+00
1.032800000000000000e+04,3.828986838490425981e+00
1.032900000000000000e+04,3.881637602972133561e+00
1.033000000000000000e+04,3.860597485516479743e+00
1.033100000000000000e+04,3.558318027735181133e+00
1.033200000000000000e+04,3.892712751109129510e+00
1.033300000000000000e+04,3.785614654014000990e+00
1.033400000000000000e+04,3.434453138715876097e+00
1.033500000000000000e+04,3.754659110920262055e+00
1.033600000000000000e+04,3.506679005079130107e+00
1.033700000000000000e+04,3.566761350091265381e+00
1.033800000000000000e+04,3.338601539760587045e+00
1.033900000000000000e+04,3.563302087588610778e+00
1.034000000000000000e+04,3.572899332882661927e+00
1.034100000000000000e+04,3.579980791625032577e+00
1.034200000000000000e+04,3.580036633564543269e+00
1.034300000000000000e+04,3.454401219109744403e+00
1.034400000000000000e+04,3.277841301271658736e+00
1.034500000000000000e+04,3.597916014606585389e+00
1.034600000000000000e+04,3.743343221090704276e+00
1.034700000000000000e+04,3.606116071710297355e+00
1.034800000000000000e+04,3.772330461423440529e+00
1.034900000000000000e+04,3.709318361499780892e+00
1.035000000000000000e+04,3.506010280005702029e+00
1.035100000000000000e+04,3.851444949916313920e+00
1.035200000000000000e+04,3.654601332610369013e+00
1.035300000000000000e+04,3.735263168838908410e+00
1.035400000000000000e+04,3.690463697888593408e+00
1.035500000000000000e+04,3.369361787998467861e+00
1.035600000000000000e+04,3.618087348320750518e+00
1.035700000000000000e+04,3.605679527138172080e+00
1.035800000000000000e+04,3.676633575213202665e+00
1.035900000000000000e+04,3.479844870876593887e+00
1.036000000000000000e+04,3.745596499543219160e+00
1.036100000000000000e+04,3.610019903915050676e+00
1.036200000000000000e+04,3.606724109575261128e+00
1.036300000000000000e+04,3.850153063474720305e+00
1.036400000000000000e+04,4.054354926861095443e+00
1.036500000000000000e+04,3.737118368243938615e+00
1.036600000000000000e+04,3.586853071031319118e+00
1.036700000000000000e+04,3.704242498578039111e+00
1.036800000000000000e+04,3.813197509322875156e+00
1.036900000000000000e+04,3.514315439392378337e+00
1.037000000000000000e+04,3.718333728227054102e+00
1.037100000000000000e+04,3.916477195186801374e+00
1.037200000000000000e+04,3.610750888817561677e+00
1.037300000000000000e+04,3.607704297172187768e+00
1.037400000000000000e+04,3.887663164987958719e+00
1.037500000000000000e+04,3.647200765505184350e+00
1.037600000000000000e+04,3.869817794595387550e+00
1.037700000000000000e+04,3.791793156499092099e+00
1.037800000000000000e+04,3.800030345362270356e+00
1.037900000000000000e+04,3.533922771065969304e+00
1.038000000000000000e+04,3.363287620201508066e+00
1.038100000000000000e+04,3.644615807498580384e+00
1.038200000000000000e+04,3.759039954360243740e+00
1.038300000000000000e+04,3.804146957367191106e+00
1.038400000000000000e+04,3.939074302198059652e+00
1.038500000000000000e+04,3.862190758997849915e+00
1.038600000000000000e+04,3.439685758452988296e+00
1.038700000000000000e+04,3.691289150665546970e+00
1.038800000000000000e+04,3.614801396744764972e+00
1.038900000000000000e+04,3.454155411652242158e+00
1.039000000000000000e+04,3.537903982213925769e+00
1.039100000000000000e+04,3.578397385286734789e+00
1.039200000000000000e+04,3.612985344957800216e+00
1.039300000000000000e+04,3.572185730127978687e+00
1.039400000000000000e+04,3.379096005072403930e+00
1.039500000000000000e+04,3.739364794565434025e+00
1.039600000000000000e+04,4.034621868908032205e+00
1.039700000000000000e+04,3.598069731724189868e+00
1.039800000000000000e+04,3.654006163592077527e+00
1.039900000000000000e+04,3.718195584507933749e+00
1.040000000000000000e+04,3.478127911346194701e+00
1.040100000000000000e+04,3.594354220393011889e+00
1.040200000000000000e+04,3.555907678643089653e+00
1.040300000000000000e+04,3.611429402512956521e+00
1.040400000000000000e+04,3.570043304044836496e+00
1.040500000000000000e+04,3.721271217825629751e+00
1.040600000000000000e+04,3.466971503607634286e+00
1.040700000000000000e+04,3.650571920080079913e+00
1.040800000000000000e+04,3.784389196219603679e+00
1.040900000000000000e+04,3.679897444035197474e+00
1.041000000000000000e+04,3.702451497246916912e+00
1.041100000000000000e+04,3.717761562265013087e+00
1.041200000000000000e+04,3.716420601995888084e+00
1.041300000000000000e+04,3.723118264050279791e+00
1.041400000000000000e+04,3.447890274384851850e+00
1.041500000000000000e+04,3.807345952876076911e+00
1.041600000000000000e+04,4.050535790812840986e+00
1.041700000000000000e+04,3.766858303162353483e+00
1.041800000000000000e+04,3.362530014763338571e+00
1.041900000000000000e+04,3.695726050144247932e+00
1.042000000000000000e+04,3.751526111449611012e+00
1.042100000000000000e+04,3.767170666086638420e+00
1.042200000000000000e+04,3.626839301267596127e+00
1.042300000000000000e+04,3.655394000059328352e+00
1.042400000000000000e+04,3.759681435038677133e+00
1.042500000000000000e+04,3.522473495371921892e+00
1.042600000000000000e+04,3.824912658476476768e+00
1.042700000000000000e+04,3.731433228159002358e+00
1.042800000000000000e+04,3.596019710341435527e+00
1.042900000000000000e+04,3.924462834939698830e+00
1.043000000000000000e+04,3.799990615218517664e+00
1.043100000000000000e+04,3.533092001582577968e+00
1.043200000000000000e+04,3.967746173532810339e+00
1.043300000000000000e+04,3.898561564464887663e+00
1.043400000000000000e+04,3.982429969922585133e+00
1.043500000000000000e+04,3.479251815316101837e+00
1.043600000000000000e+04,3.536620815013258312e+00
1.043700000000000000e+04,3.561657941345789613e+00
1.043800000000000000e+04,3.583920883503038723e+00
1.043900000000000000e+04,4.044915739177966429e+00
1.044000000000000000e+04,3.546539784566284492e+00
1.044100000000000000e+04,3.732293272192256595e+00
1.044200000000000000e+04,3.496727321588147586e+00
1.044300000000000000e+04,3.311226942114635641e+00
1.044400000000000000e+04,3.502278422530023416e+00
1.044500000000000000e+04,3.557172495231943898e+00
1.044600000000000000e+04,3.717253402229530934e+00
1.044700000000000000e+04,3.561993342795918949e+00
1.044800000000000000e+04,3.788914355561595393e+00
1.044900000000000000e+04,3.787258065886335956e+00
1.045000000000000000e+04,3.643046005660875775e+00
1.045100000000000000e+04,3.748140238447117412e+00
1.045200000000000000e+04,3.645963266081478249e+00
1.045300000000000000e+04,3.776652527326500586e+00
1.045400000000000000e+04,3.586648760578267314e+00
1.045500000000000000e+04,4.045459119936062109e+00
1.045600000000000000e+04,3.602273730707515220e+00
1.045700000000000000e+04,3.833300098208129558e+00
1.045800000000000000e+04,3.417320770674380448e+00
1.045900000000000000e+04,3.568858442634945227e+00
1.046000000000000000e+04,3.707934149813147062e+00
1.046100000000000000e+04,3.805791499615720053e+00
1.046200000000000000e+04,3.946622529405836577e+00
1.046300000000000000e+04,3.826465131195436520e+00
1.046400000000000000e+04,3.679900493968331077e+00
1.046500000000000000e+04,3.521696959423129325e+00
1.046600000000000000e+04,3.777237719918370207e+00
1.046700000000000000e+04,3.793974109437315612e+00
1.046800000000000000e+04,3.515066631771615047e+00
1.046900000000000000e+04,3.671070500945219806e+00
1.047000000000000000e+04,3.947566166337551863e+00
1.047100000000000000e+04,3.716316220905516499e+00
1.047200000000000000e+04,3.394387154965460951e+00
1.047300000000000000e+04,3.434600111786405119e+00
1.047400000000000000e+04,4.008191821477001149e+00
1.047500000000000000e+04,3.721459752776211438e+00
1.047600000000000000e+04,3.448375112249885355e+00
1.047700000000000000e+04,3.569478874705091176e+00
1.047800000000000000e+04,4.000939717726180511e+00
1.047900000000000000e+04,3.833750118160323961e+00
1.048000000000000000e+04,3.558344969492004850e+00
1.048100000000000000e+04,3.703151152822662162e+00
1.048200000000000000e+04,3.788598015821758036e+00
1.048300000000000000e+04,3.585575591310622201e+00
1.048400000000000000e+04,3.661257189776355059e+00
1.048500000000000000e+04,3.921938959973382044e+00
1.048600000000000000e+04,3.676519889469296754e+00
1.048700000000000000e+04,3.615362752465235197e+00
1.048800000000000000e+04,3.802450713334462051e+00
1.048900000000000000e+04,3.603362531745013531e+00
1.049000000000000000e+04,3.784969801552449553e+00
1.049100000000000000e+04,3.499858993700185383e+00
1.049200000000000000e+04,3.125453309142772529e+00
1.049300000000000000e+04,3.618032189275396160e+00
1.049400000000000000e+04,3.712144626175296391e+00
1.049500000000000000e+04,4.005166871888722113e+00
1.049600000000000000e+04,3.591169640503077964e+00
1.049700000000000000e+04,3.791939472672612332e+00
1.049800000000000000e+04,3.531606408514350814e+00
1.049900000000000000e+04,3.639496279565058945e+00
1.050000000000000000e+04,3.633868370070338027e+00
1.050100000000000000e+04,3.927159274457815652e+00
1.050200000000000000e+04,3.535858711491951301e+00
1.050300000000000000e+04,3.891783257549032982e+00
1.050400000000000000e+04,3.626239252940381519e+00
1.050500000000000000e+04,3.495226731286842359e+00
1.050600000000000000e+04,3.756151144551428178e+00
1.050700000000000000e+04,3.707360998886650272e+00
1.050800000000000000e+04,3.853254824209705109e+00
1.050900000000000000e+04,3.633629073438016999e+00
1.051000000000000000e+04,3.918104166288494561e+00
1.051100000000000000e+04,3.752095221317543583e+00
1.051200000000000000e+04,3.669293388575185055e+00
1.051300000000000000e+04,3.953053174780924550e+00
1.051400000000000000e+04,3.769781977002848450e+00
1.051500000000000000e+04,4.089121115278189222e+00
1.051600000000000000e+04,3.556059414376417038e+00
1.051700000000000000e+04,3.700664090258475980e+00
1.051800000000000000e+04,3.831990958943916503e+00
1.051900000000000000e+04,3.541321039227185441e+00
1.052000000000000000e+04,3.760114579474469920e+00
1.052100000000000000e+04,3.703817277363782079e+00
1.052200000000000000e+04,3.878421445498118736e+00
1.052300000000000000e+04,3.686735813523433603e+00
1.052400000000000000e+04,3.351103741741688680e+00
1.052500000000000000e+04,3.313778421971359300e+00
1.052600000000000000e+04,3.394121011265793797e+00
1.052700000000000000e+04,3.890344003721345256e+00
1.052800000000000000e+04,3.536462174107479317e+00
1.052900000000000000e+04,3.647718599401142292e+00
1.053000000000000000e+04,3.403275693418504666e+00
1.053100000000000000e+04,3.834630264130900024e+00
1.053200000000000000e+04,3.475329047321095377e+00
1.053300000000000000e+04,3.805328416158751725e+00
1.053400000000000000e+04,3.880843030825789963e+00
1.053500000000000000e+04,4.011311975943418595e+00
1.053600000000000000e+04,4.051970726837883063e+00
1.053700000000000000e+04,3.470182932503464102e+00
1.053800000000000000e+04,3.735618746969142645e+00
1.053900000000000000e+04,3.697729572891533145e+00
1.054000000000000000e+04,3.620613526345747513e+00
1.054100000000000000e+04,3.721988108416073526e+00
1.054200000000000000e+04,3.341136266988625536e+00
1.054300000000000000e+04,3.801615004549955046e+00
1.054400000000000000e+04,3.417245650478363483e+00
1.054500000000000000e+04,3.618507440208319714e+00
1.054600000000000000e+04,3.955237589006552756e+00
1.054700000000000000e+04,3.917894579961112012e+00
1.054800000000000000e+04,3.681689232002899104e+00
1.054900000000000000e+04,3.787145011563123109e+00
1.055000000000000000e+04,3.574172781822959166e+00
1.055100000000000000e+04,4.009758624477643529e+00
1.055200000000000000e+04,3.303610467218110358e+00
1.055300000000000000e+04,3.475635503339936427e+00
1.055400000000000000e+04,3.652906432146903359e+00
1.055500000000000000e+04,4.125050428971228200e+00
1.055600000000000000e+04,3.636675703802327853e+00
1.055700000000000000e+04,3.756666158932307820e+00
1.055800000000000000e+04,3.845971375681542348e+00
1.055900000000000000e+04,3.632223431495081201e+00
1.056000000000000000e+04,3.415464639196723162e+00
1.056100000000000000e+04,3.632987660712838185e+00
1.056200000000000000e+04,3.683991752852993073e+00
1.056300000000000000e+04,3.549647059155045969e+00
1.056400000000000000e+04,3.736383765001495050e+00
1.056500000000000000e+04,3.767650668570929451e+00
1.056600000000000000e+04,4.024799738413174843e+00
1.056700000000000000e+04,3.760598635884173646e+00
1.056800000000000000e+04,3.693632569891854178e+00
1.056900000000000000e+04,3.981222626785147600e+00
1.057000000000000000e+04,3.763403747851760794e+00
1.057100000000000000e+04,3.846548787454030727e+00
1.057200000000000000e+04,3.792583062342362421e+00
1.057300000000000000e+04,3.719815630811866836e+00
1.057400000000000000e+04,3.611440246556964162e+00
1.057500000000000000e+04,3.998401732597529623e+00
1.057600000000000000e+04,3.934036463297215125e+00
1.057700000000000000e+04,3.628402815886730526e+00
1.057800000000000000e+04,3.744814498411252579e+00
1.057900000000000000e+04,3.702648000726695088e+00
1.058000000000000000e+04,3.706331621977859481e+00
1.058100000000000000e+04,3.676959481163257770e+00
1.058200000000000000e+04,3.835195171247931967e+00
1.058300000000000000e+04,3.533162189700559619e+00
1.058400000000000000e+04,3.764331027862870549e+00
1.058500000000000000e+04,3.760939434022991357e+00
1.058600000000000000e+04,3.643682536891573509e+00
1.058700000000000000e+04,3.621040027162795383e+00
1.058800000000000000e+04,3.628234634593342722e+00
1.058900000000000000e+04,3.834119033089336881e+00
1.059000000000000000e+04,3.880788080224957248e+00
1.059100000000000000e+04,3.601953544306960353e+00
1.059200000000000000e+04,3.846204148987473204e+00
1.059300000000000000e+04,3.377360174635621437e+00
1.059400000000000000e+04,3.667576281058344101e+00
1.059500000000000000e+04,3.795936259371848642e+00
1.059600000000000000e+04,3.855394028400316309e+00
1.059700000000000000e+04,3.666737785862791643e+00
1.059800000000000000e+04,3.461160843870460635e+00
1.059900000000000000e+04,3.805163605177505293e+00
1.060000000000000000e+04,4.014296321643980647e+00
1.060100000000000000e+04,3.344531608330380212e+00
1.060200000000000000e+04,3.703736559533445050e+00
1.060300000000000000e+04,3.550916303698469001e+00
1.060400000000000000e+04,3.629699540362862020e+00
1.060500000000000000e+04,3.731575027254665944e+00
1.060600000000000000e+04,3.378080331513392931e+00
1.060700000000000000e+04,3.850501316824243681e+00
1.060800000000000000e+04,3.837769659293823299e+00
1.060900000000000000e+04,3.633415463599152240e+00
1.061000000000000000e+04,3.506256244351690476e+00
1.061100000000000000e+04,3.780496906924474487e+00
1.061200000000000000e+04,4.009908768468956275e+00
1.061300000000000000e+04,3.498203246848560433e+00
1.061400000000000000e+04,3.791838655412510750e+00
1.061500000000000000e+04,3.529203213935615313e+00
1.061600000000000000e+04,3.816341645053225928e+00
1.061700000000000000e+04,4.010082509443293475e+00
1.061800000000000000e+04,3.477302384927014600e+00
1.061900000000000000e+04,3.419713993683497488e+00
1.062000000000000000e+04,3.827517437977275616e+00
1.062100000000000000e+04,3.741603663232994315e+00
1.062200000000000000e+04,3.423857982635171826e+00
1.062300000000000000e+04,3.436510628404143119e+00
1.062400000000000000e+04,3.564872361943540735e+00
1.062500000000000000e+04,3.639198286233438218e+00
1.062600000000000000e+04,3.371276767022968190e+00
1.062700000000000000e+04,3.544106120999992449e+00
1.062800000000000000e+04,3.667237607323262427e+00
1.062900000000000000e+04,3.777384912675125772e+00
1.063000000000000000e+04,3.657756853669349439e+00
1.063100000000000000e+04,3.573006675696750900e+00
1.063200000000000000e+04,3.908627699393532051e+00
1.063300000000000000e+04,3.532227744556081905e+00
1.063400000000000000e+04,3.699967319315872860e+00
1.063500000000000000e+04,3.378805352926394612e+00
1.063600000000000000e+04,3.581595014984257030e+00
1.063700000000000000e+04,3.697798235994495641e+00
1.063800000000000000e+04,3.724607530686139700e+00
1.063900000000000000e+04,3.595790876265077429e+00
1.064000000000000000e+04,3.361117288447429630e+00
1.064100000000000000e+04,3.786353362833852376e+00
1.064200000000000000e+04,3.635795735919639338e+00
1.064300000000000000e+04,3.414886457543710563e+00
1.064400000000000000e+04,4.026740830117204517e+00
1.064500000000000000e+04,3.197152229095221898e+00
1.064600000000000000e+04,3.543914179811231691e+00
1.064700000000000000e+04,3.670860396733232722e+00
1.064800000000000000e+04,3.398208654099945658e+00
1.064900000000000000e+04,3.841751334929403239e+00
1.065000000000000000e+04,3.590681902337514053e+00
1.065100000000000000e+04,3.385244200801276193e+00
1.065200000000000000e+04,3.649608071182425473e+00
1.065300000000000000e+04,3.443272242799324090e+00
1.065400000000000000e+04,3.843099677865089436e+00
1.065500000000000000e+04,3.756673558368111454e+00
1.065600000000000000e+04,3.853026757065503016e+00
1.065700000000000000e+04,3.913744610276471025e+00
1.065800000000000000e+04,3.346036747408926981e+00
1.065900000000000000e+04,3.566601747040721193e+00
1.066000000000000000e+04,3.760464406110406443e+00
1.066100000000000000e+04,3.507709193761239241e+00
1.066200000000000000e+04,3.383583372227753294e+00
1.066300000000000000e+04,3.624165802903004607e+00
1.066400000000000000e+04,3.693859026179878491e+00
1.066500000000000000e+04,3.639251549822700937e+00
1.066600000000000000e+04,3.647371927090859778e+00
1.066700000000000000e+04,3.792311706592310649e+00
1.066800000000000000e+04,3.523729545213201142e+00
1.066900000000000000e+04,3.545600689412333306e+00
1.067000000000000000e+04,3.355400152402085556e+00
1.067100000000000000e+04,3.759051681484227636e+00
1.067200000000000000e+04,3.728286483987617750e+00
1.067300000000000000e+04,3.722459706475626184e+00
1.067400000000000000e+04,3.521986925476302766e+00
1.067500000000000000e+04,3.489143277054880254e+00
1.067600000000000000e+04,3.510178126710342017e+00
1.067700000000000000e+04,3.464830928381707142e+00
1.067800000000000000e+04,3.529023219132885192e+00
1.067900000000000000e+04,3.527369649234039617e+00
1.068000000000000000e+04,3.872181802884018254e+00
1.068100000000000000e+04,3.628228978688645245e+00
1.068200000000000000e+04,3.635547263870538615e+00
1.068300000000000000e+04,3.616937503173998980e+00
1.068400000000000000e+04,4.008740226594390776e+00
1.068500000000000000e+04,3.774266718419585942e+00
1.068600000000000000e+04,3.570469955052821831e+00
1.068700000000000000e+04,3.759156080928240939e+00
1.068800000000000000e+04,3.853938255766354182e+00
1.068900000000000000e+04,3.718852557791239466e+00
1.069000000000000000e+04,3.645021191143564820e+00
1.069100000000000000e+04,3.858331876457668841e+00
1.069200000000000000e+04,3.660504513969333740e+00
1.069300000000000000e+04,3.578677273407954385e+00
1.069400000000000000e+04,3.721022420761389782e+00
1.069500000000000000e+04,3.661438151636028593e+00
1.069600000000000000e+04,3.694067657504128466e+00
1.069700000000000000e+04,3.800423979093132232e+00
1.069800000000000000e+04,3.886983126234804686e+00
1.069900000000000000e+04,3.524289368241825038e+00
1.070000000000000000e+04,3.338762295822332415e+00
1.070100000000000000e+04,3.694107633408071578e+00
1.070200000000000000e+04,3.790031355764714061e+00
1.070300000000000000e+04,3.806864177026846985e+00
1.070400000000000000e+04,3.484178437919703608e+00
1.070500000000000000e+04,3.725396331665865812e+00
1.070600000000000000e+04,3.457597903955714091e+00
1.070700000000000000e+04,3.870615744348457898e+00
1.070800000000000000e+04,3.768122311739531938e+00
1.070900000000000000e+04,4.012422128456914372e+00
1.071000000000000000e+04,4.145774250122843618e+00
1.071100000000000000e+04,3.547945317949051880e+00
1.071200000000000000e+04,3.810183549623744614e+00
1.071300000000000000e+04,3.622116329716225547e+00
1.071400000000000000e+04,3.842888815131619396e+00
1.071500000000000000e+04,3.678101242841166574e+00
1.071600000000000000e+04,3.777320337496095082e+00
1.071700000000000000e+04,3.187366722753287362e+00
1.071800000000000000e+04,3.641408918871785083e+00
1.071900000000000000e+04,3.648629631238571758e+00
1.072000000000000000e+04,3.788528240908024536e+00
1.072100000000000000e+04,3.877801326670484272e+00
1.072200000000000000e+04,3.840023100204744466e+00
1.072300000000000000e+04,3.476498168376887410e+00
1.072400000000000000e+04,4.062322994406904364e+00
1.072500000000000000e+04,3.758882774660086135e+00
1.072600000000000000e+04,3.478358268139575049e+00
1.072700000000000000e+04,3.603568077058036057e+00
1.072800000000000000e+04,3.554925033550095037e+00
1.072900000000000000e+04,3.412173265139874179e+00
1.073000000000000000e+04,3.562012253501662062e+00
1.073100000000000000e+04,3.836601175065791125e+00
1.073200000000000000e+04,3.557411710125026882e+00
1.073300000000000000e+04,3.612493258426977327e+00
1.073400000000000000e+04,3.541140400877289540e+00
1.073500000000000000e+04,3.783629949381595026e+00
1.073600000000000000e+04,3.514191516335589682e+00
1.073700000000000000e+04,3.671460603214917295e+00
1.073800000000000000e+04,3.835067810093525598e+00
1.073900000000000000e+04,3.987218152101192459e+00
1.074000000000000000e+04,3.387437753416780328e+00
1.074100000000000000e+04,3.615642677093321655e+00
1.074200000000000000e+04,4.004189783641876055e+00
1.074300000000000000e+04,3.844199864954361168e+00
1.074400000000000000e+04,3.960485509144600069e+00
1.074500000000000000e+04,3.600471668086299815e+00
1.074600000000000000e+04,3.411595190720683846e+00
1.074700000000000000e+04,3.790619826489449729e+00
1.074800000000000000e+04,3.638999618616855614e+00
1.074900000000000000e+04,3.839743478844523494e+00
1.075000000000000000e+04,3.976210237761891975e+00
1.075100000000000000e+04,3.878926125140746084e+00
1.075200000000000000e+04,3.406312158881325658e+00
1.075300000000000000e+04,3.817437202217610626e+00
1.075400000000000000e+04,3.680949243116477199e+00
1.075500000000000000e+04,3.832217103114507140e+00
1.075600000000000000e+04,3.672680203638041263e+00
1.075700000000000000e+04,3.842113191742744682e+00
1.075800000000000000e+04,3.626754643385183829e+00
1.075900000000000000e+04,3.524785426082151396e+00
1.076000000000000000e+04,3.729071561308806793e+00
1.076100000000000000e+04,3.538734629393494480e+00
1.076200000000000000e+04,3.786052127312281801e+00
1.076300000000000000e+04,3.474415843126469561e+00
1.076400000000000000e+04,3.633643355072274872e+00
1.076500000000000000e+04,3.832038886314944826e+00
1.076600000000000000e+04,3.886299770829586553e+00
1.076700000000000000e+04,3.735871016861394889e+00
1.076800000000000000e+04,3.648000319863303087e+00
1.076900000000000000e+04,3.281992963729278401e+00
1.077000000000000000e+04,3.956446731768575642e+00
1.077100000000000000e+04,3.444757193688207320e+00
1.077200000000000000e+04,3.850875354809309759e+00
1.077300000000000000e+04,3.656935616144309176e+00
1.077400000000000000e+04,3.539248371169295027e+00
1.077500000000000000e+04,3.585471733805645211e+00
1.077600000000000000e+04,3.584171376305255396e+00
1.077700000000000000e+04,3.776824497779299072e+00
1.077800000000000000e+04,3.751696484342848414e+00
1.077900000000000000e+04,3.868527572680387383e+00
1.078000000000000000e+04,4.257997365801360345e+00
1.078100000000000000e+04,3.883642631136644763e+00
1.078200000000000000e+04,3.830888747344545209e+00
1.078300000000000000e+04,3.544391248162913399e+00
1.078400000000000000e+04,3.792694341314498008e+00
1.078500000000000000e+04,3.857771012414204836e+00
1.078600000000000000e+04,3.348678737173657716e+00
1.078700000000000000e+04,3.654508711211263972e+00
1.078800000000000000e+04,3.628837871789598601e+00
1.078900000000000000e+04,3.630830622083262682e+00
1.079000000000000000e+04,3.590882826828732721e+00
1.079100000000000000e+04,3.515179261932369847e+00
1.079200000000000000e+04,3.839830474223827839e+00
1.079300000000000000e+04,3.523007284231205016e+00
1.079400000000000000e+04,4.039456275297579779e+00
1.079500000000000000e+04,3.252313060641668585e+00
1.079600000000000000e+04,3.667281843959873999e+00
1.079700000000000000e+04,3.641973616724403673e+00
1.079800000000000000e+04,3.985538273923719288e+00
1.079900000000000000e+04,3.622767518230812556e+00
1.080000000000000000e+04,3.548950430503702957e+00
1.080100000000000000e+04,3.923065464062431840e+00
1.080200000000000000e+04,3.401992658033832662e+00
1.080300000000000000e+04,3.481561589272302637e+00
1.080400000000000000e+04,3.401706421848274431e+00
1.080500000000000000e+04,3.327694226669834610e+00
1.080600000000000000e+04,3.533849158518867384e+00
1.080700000000000000e+04,3.551978019360181094e+00
1.080800000000000000e+04,3.624867686636642716e+00
1.080900000000000000e+04,3.901536830948268975e+00
1.081000000000000000e+04,3.616130086508058117e+00
1.081100000000000000e+04,3.610654622236801892e+00
1.081200000000000000e+04,3.675488316782025588e+00
1.081300000000000000e+04,3.666536014868468030e+00
1.081400000000000000e+04,3.612474491333141913e+00
1.081500000000000000e+04,3.853874158785205228e+00
1.081600000000000000e+04,3.413381961749127669e+00
1.081700000000000000e+04,3.717275620777254819e+00
1.081800000000000000e+04,3.747768623786032371e+00
1.081900000000000000e+04,3.421339939589245649e+00
1.082000000000000000e+04,3.815893717941095442e+00
1.082100000000000000e+04,3.440976786950672217e+00
1.082200000000000000e+04,3.779416690919343846e+00
1.082300000000000000e+04,3.460035092580938887e+00
1.082400000000000000e+04,3.655081822680073866e+00
1.082500000000000000e+04,3.557010359531257215e+00
1.082600000000000000e+04,3.942559244086689674e+00
1.082700000000000000e+04,3.872268052489308943e+00
1.082800000000000000e+04,3.900405700282737698e+00
1.082900000000000000e+04,3.978853953453527215e+00
1.083000000000000000e+04,3.416369745647358958e+00
1.083100000000000000e+04,3.856354770082481398e+00
1.083200000000000000e+04,3.564020162103731515e+00
1.083300000000000000e+04,3.519949710723529801e+00
1.083400000000000000e+04,3.660833356568498953e+00
1.083500000000000000e+04,3.628998497377190269e+00
1.083600000000000000e+04,3.698464799654253010e+00
1.083700000000000000e+04,3.767136367709308153e+00
1.083800000000000000e+04,3.148142788268923464e+00
1.083900000000000000e+04,3.605354904413807127e+00
1.084000000000000000e+04,3.553349520080918644e+00
1.084100000000000000e+04,3.534788325222076644e+00
1.084200000000000000e+04,3.538263089472346579e+00
1.084300000000000000e+04,3.885057713830586845e+00
1.084400000000000000e+04,3.795892723680281300e+00
1.084500000000000000e+04,3.429493917194855968e+00
1.084600000000000000e+04,4.015099722910492552e+00
1.084700000000000000e+04,3.790897462459128509e+00
1.084800000000000000e+04,3.318946873253719065e+00
1.084900000000000000e+04,3.489986909955691718e+00
1.085000000000000000e+04,3.812738627053630758e+00
1.085100000000000000e+04,3.839208865409252436e+00
1.085200000000000000e+04,3.422330608245590877e+00
1.085300000000000000e+04,3.773475973398233929e+00
1.085400000000000000e+04,3.800322071111283062e+00
1.085500000000000000e+04,3.498421557409320037e+00
1.085600000000000000e+04,3.843347798524038961e+00
1.085700000000000000e+04,3.926174042513152607e+00
1.085800000000000000e+04,3.701243179243942638e+00
1.085900000000000000e+04,3.602855652283019960e+00
1.086000000000000000e+04,3.407032321189259250e+00
1.086100000000000000e+04,3.483135082119776182e+00
1.086200000000000000e+04,3.665401555601861538e+00
1.086300000000000000e+04,3.433524068244073302e+00
1.086400000000000000e+04,3.617643802113060136e+00
1.086500000000000000e+04,3.756535612209965347e+00
1.086600000000000000e+04,3.644074458069931577e+00
1.086700000000000000e+04,3.442501484662269018e+00
1.086800000000000000e+04,3.473716020774844093e+00
1.086900000000000000e+04,3.956685156282049309e+00
1.087000000000000000e+04,3.569826397206443236e+00
1.087100000000000000e+04,3.699287410162275691e+00
1.087200000000000000e+04,3.663750892042695551e+00
1.087300000000000000e+04,3.631956941245093162e+00
1.087400000000000000e+04,3.912239082832003501e+00
1.087500000000000000e+04,3.482150952566958946e+00
1.087600000000000000e+04,3.471432851158378519e+00
1.087700000000000000e+04,3.567641626964863644e+00
1.087800000000000000e+04,3.778693607908894858e+00
1.087900000000000000e+04,3.525441274303501960e+00
1.088000000000000000e+04,3.963080974645845966e+00
1.088100000000000000e+04,3.337745760584423849e+00
1.088200000000000000e+04,3.501739269602265114e+00
1.088300000000000000e+04,3.568447036972793196e+00
1.088400000000000000e+04,3.462003078271794987e+00
1.088500000000000000e+04,3.934166361319082927e+00
1.088600000000000000e+04,3.712370416997611056e+00
1.088700000000000000e+04,3.612377135400656858e+00
1.088800000000000000e+04,3.746092120948492088e+00
1.088900000000000000e+04,3.653407935013569308e+00
1.089000000000000000e+04,3.451334286576090093e+00
1.089100000000000000e+04,3.805605886768350210e+00
1.089200000000000000e+04,3.437003699431794956e+00
1.089300000000000000e+04,4.268624096043605043e+00
1.089400000000000000e+04,3.746208378053880850e+00
1.089500000000000000e+04,3.829110788268644594e+00
1.089600000000000000e+04,3.698192491307268792e+00
1.089700000000000000e+04,3.455153529280046598e+00
1.089800000000000000e+04,3.420358987597140299e+00
1.089900000000000000e+04,3.759483391381185147e+00
1.090000000000000000e+04,3.599855161687258498e+00
1.090100000000000000e+04,3.759437202723961757e+00
1.090200000000000000e+04,3.464303228631997467e+00
1.090300000000000000e+04,3.509842528832641584e+00
1.090400000000000000e+04,3.960547691904372059e+00
1.090500000000000000e+04,3.677389449426679224e+00
1.090600000000000000e+04,3.914821571916191179e+00
1.090700000000000000e+04,3.600594577100509674e+00
1.090800000000000000e+04,3.661453606924087278e+00
1.090900000000000000e+04,3.599535012183153526e+00
1.091000000000000000e+04,3.798188855552614651e+00
1.091100000000000000e+04,3.484063391920468433e+00
1.091200000000000000e+04,3.707832373098417733e+00
1.091300000000000000e+04,3.990973654012904159e+00
1.091400000000000000e+04,3.611141558311468103e+00
1.091500000000000000e+04,3.596303819126013490e+00
1.091600000000000000e+04,3.422774186098121785e+00
1.091700000000000000e+04,3.693890146152124743e+00
1.091800000000000000e+04,3.528619676287709339e+00
1.091900000000000000e+04,3.825737576164471410e+00
1.092000000000000000e+04,3.654839164301877386e+00
1.092100000000000000e+04,3.758148197100782628e+00
1.092200000000000000e+04,3.565750861202766853e+00
1.092300000000000000e+04,3.723635870690408911e+00
1.092400000000000000e+04,3.594217534874358133e+00
1.092500000000000000e+04,3.923560597775177072e+00
1.092600000000000000e+04,3.532931432859782728e+00
1.092700000000000000e+04,3.711116716624821343e+00
1.092800000000000000e+04,4.052539789993573116e+00
1.092900000000000000e+04,3.457215437837783512e+00
1.093000000000000000e+04,3.908052546405708316e+00
1.093100000000000000e+04,3.585222022135378772e+00
1.093200000000000000e+04,3.712902407876998989e+00
1.093300000000000000e+04,3.439269330652853895e+00
1.093400000000000000e+04,3.745833828164499391e+00
1.093500000000000000e+04,3.569856448251499170e+00
1.093600000000000000e+04,3.569222884541558560e+00
1.093700000000000000e+04,3.783771560712491766e+00
1.093800000000000000e+04,3.381425779017063427e+00
1.093900000000000000e+04,3.529486026778880348e+00
1.094000000000000000e+04,3.767872380916724495e+00
1.094100000000000000e+04,3.934118392401313891e+00
1.094200000000000000e+04,3.802692122234573979e+00
1.094300000000000000e+04,3.843851325852224221e+00
1.094400000000000000e+04,3.631610390362778329e+00
1.094500000000000000e+04,3.359200581391776019e+00
1.094600000000000000e+04,4.171376265477577228e+00
1.094700000000000000e+04,3.400843560019734202e+00
1.094800000000000000e+04,3.808378588882281424e+00
1.094900000000000000e+04,3.733983662014301874e+00
1.095000000000000000e+04,3.642162312584052319e+00
1.095100000000000000e+04,3.605890034425285773e+00
1.095200000000000000e+04,3.677201029015641609e+00
1.095300000000000000e+04,3.827468485050822267e+00
1.095400000000000000e+04,3.668949555114537908e+00
1.095500000000000000e+04,3.470264117585850183e+00
1.095600000000000000e+04,3.681674220852227286e+00
1.095700000000000000e+04,3.826249844711598236e+00
1.095800000000000000e+04,3.627840137967249134e+00
1.095900000000000000e+04,3.472007575841369320e+00
1.096000000000000000e+04,3.636054727539217879e+00
1.096100000000000000e+04,3.756458941478672209e+00
1.096200000000000000e+04,3.705377244912245516e+00
1.096300000000000000e+04,3.615125162035480066e+00
1.096400000000000000e+04,3.572183806477989609e+00
1.096500000000000000e+04,3.952216732744863403e+00
1.096600000000000000e+04,3.702686061924830074e+00
1.096700000000000000e+04,4.030980157418096788e+00
1.096800000000000000e+04,3.867703230616360344e+00
1.096900000000000000e+04,3.822916667045406225e+00
1.097000000000000000e+04,3.829212493727844446e+00
1.097100000000000000e+04,3.813090507266100548e+00
1.097200000000000000e+04,3.459465517742363883e+00
1.097300000000000000e+04,3.757356165976766249e+00
1.097400000000000000e+04,3.734964052191655171e+00
1.097500000000000000e+04,3.653339173565016917e+00
1.097600000000000000e+04,3.806783075353665335e+00
1.097700000000000000e+04,3.704348507307069660e+00
1.097800000000000000e+04,3.638232432918072856e+00
1.097900000000000000e+04,3.671691014314149015e+00
1.098000000000000000e+04,3.801106760411351093e+00
1.098100000000000000e+04,3.688581806572047483e+00
1.098200000000000000e+04,3.615670055699998553e+00
1.098300000000000000e+04,3.901214757861289240e+00
1.098400000000000000e+04,3.648119513967614136e+00
1.098500000000000000e+04,3.899469084317269019e+00
1.098600000000000000e+04,3.813883273811633057e+00
1.098700000000000000e+04,3.878209462251750672e+00
1.098800000000000000e+04,3.760322876536013048e+00
1.098900000000000000e+04,3.692461069136518947e+00
1.099000000000000000e+04,3.637825579624321293e+00
1.099100000000000000e+04,3.513758821081089501e+00
1.099200000000000000e+04,3.735865579728076646e+00
1.099300000000000000e+04,3.739779463881349741e+00
1.099400000000000000e+04,3.617772237290687087e+00
1.099500000000000000e+04,3.470956915534372023e+00
1.099600000000000000e+04,3.656494206099457855e+00
1.099700000000000000e+04,3.648066250358509510e+00
1.099800000000000000e+04,3.736331789637104883e+00
1.099900000000000000e+04,3.788587044800916459e+00
1.100000000000000000e+04,3.476204570054746146e+00
1.100100000000000000e+04,3.558582864657471756e+00
1.100200000000000000e+04,3.816390620065961858e+00
1.100300000000000000e+04,3.620434540652381017e+00
1.100400000000000000e+04,3.936908973198570916e+00
1.100500000000000000e+04,3.874967198571229510e+00
1.100600000000000000e+04,3.787750535349031722e+00
1.100700000000000000e+04,3.697007634070291537e+00
1.100800000000000000e+04,3.647797062570796722e+00
1.100900000000000000e+04,3.345348529254073000e+00
1.101000000000000000e+04,3.856124134376439194e+00
1.101100000000000000e+04,3.671452113716649812e+00
1.101200000000000000e+04,3.590387226541747800e+00
1.101300000000000000e+04,3.571708571675126009e+00
1.101400000000000000e+04,3.482760899302916879e+00
1.101500000000000000e+04,3.490292392437788660e+00
1.101600000000000000e+04,3.617624776912125029e+00
1.101700000000000000e+04,3.667821519291548427e+00
1.101800000000000000e+04,3.690947450808272912e+00
1.101900000000000000e+04,3.888612615763515912e+00
1.102000000000000000e+04,3.519814020296278212e+00
1.102100000000000000e+04,3.567785232106355231e+00
1.102200000000000000e+04,3.512540113850890044e+00
1.102300000000000000e+04,3.457156956741062714e+00
1.102400000000000000e+04,3.606132941124863045e+00
1.102500000000000000e+04,3.652018157435882983e+00
1.102600000000000000e+04,3.522880811943266188e+00
1.102700000000000000e+04,3.530159763636730119e+00
1.102800000000000000e+04,3.579048215662116839e+00
1.102900000000000000e+04,3.588486470204894641e+00
1.103000000000000000e+04,3.368349628489935021e+00
1.103100000000000000e+04,3.758356074033258221e+00
1.103200000000000000e+04,3.986798888846798672e+00
1.103300000000000000e+04,3.461543823664879671e+00
1.103400000000000000e+04,3.637326868057031870e+00
1.103500000000000000e+04,3.719274827679047934e+00
1.103600000000000000e+04,3.560519953280712357e+00
1.103700000000000000e+04,3.751915011875825989e+00
1.103800000000000000e+04,3.675423604092203256e+00
1.103900000000000000e+04,3.384177738338729036e+00
1.104000000000000000e+04,3.691961880222814241e+00
1.104100000000000000e+04,3.835589063665505449e+00
1.104200000000000000e+04,3.590392736504890880e+00
1.104300000000000000e+04,3.657000563648280522e+00
1.104400000000000000e+04,3.787584835616108148e+00
1.104500000000000000e+04,3.837980089912663484e+00
1.104600000000000000e+04,3.697878805991529738e+00
1.104700000000000000e+04,3.805400267278906234e+00
1.104800000000000000e+04,3.990263255504347129e+00
1.104900000000000000e+04,3.962820948215979744e+00
1.105000000000000000e+04,4.018441919661021267e+00
1.105100000000000000e+04,3.806879391431017279e+00
1.105200000000000000e+04,3.534311907767354377e+00
1.105300000000000000e+04,3.866563682590974160e+00
1.105400000000000000e+04,3.815254689216498463e+00
1.105500000000000000e+04,3.832103327590758557e+00
1.105600000000000000e+04,3.866280998941725500e+00
1.105700000000000000e+04,3.281929283411567422e+00
1.105800000000000000e+04,3.787716859023847249e+00
1.105900000000000000e+04,3.699372093748812151e+00
1.106000000000000000e+04,3.695330792861306168e+00
1.106100000000000000e+04,3.641361931107280459e+00
1.106200000000000000e+04,3.544989654908090593e+00
1.106300000000000000e+04,3.741968435518266745e+00
1.106400000000000000e+04,3.876439407471192311e+00
1.106500000000000000e+04,3.756059115473303400e+00
1.106600000000000000e+04,3.844676353445267036e+00
1.106700000000000000e+04,3.673518946019063591e+00
1.106800000000000000e+04,3.543173590415053642e+00
1.106900000000000000e+04,4.025738770393954447e+00
1.107000000000000000e+04,3.733862708299164446e+00
1.107100000000000000e+04,3.843515232730151610e+00
1.107200000000000000e+04,3.865061180011927000e+00
1.107300000000000000e+04,3.475761360568694780e+00
1.107400000000000000e+04,3.815583436926550220e+00
1.107500000000000000e+04,3.880376160837658794e+00
1.107600000000000000e+04,3.598909189256426444e+00
1.107700000000000000e+04,4.008332665544220852e+00
1.107800000000000000e+04,3.412576634158853484e+00
1.107900000000000000e+04,3.581469500725172672e+00
1.108000000000000000e+04,3.940918965193605850e+00
1.108100000000000000e+04,3.778498675506253512e+00
1.108200000000000000e+04,3.760220163396906123e+00
1.108300000000000000e+04,4.120746323571921721e+00
1.108400000000000000e+04,3.476738726983792827e+00
1.108500000000000000e+04,3.771515037574201479e+00
1.108600000000000000e+04,3.497738721772113202e+00
1.108700000000000000e+04,3.752418662789216874e+00
1.108800000000000000e+04,3.734328582901342397e+00
1.108900000000000000e+04,3.582468989967781514e+00
1.109000000000000000e+04,3.806521642566356611e+00
1.109100000000000000e+04,3.731004743456788564e+00
1.109200000000000000e+04,3.670065152364450078e+00
1.109300000000000000e+04,3.509261616996929067e+00
1.109400000000000000e+04,3.753279167777509251e+00
1.109500000000000000e+04,3.717321766710116826e+00
1.109600000000000000e+04,3.784663519989235336e+00
1.109700000000000000e+04,3.588863469585637844e+00
1.109800000000000000e+04,3.687218832608008867e+00
1.109900000000000000e+04,3.402747290005477154e+00
1.110000000000000000e+04,3.785493459999899279e+00
1.110100000000000000e+04,3.515332182715265930e+00
1.110200000000000000e+04,3.726845282966548822e+00
1.110300000000000000e+04,3.814632032175639509e+00
1.110400000000000000e+04,3.623397881188263003e+00
1.110500000000000000e+04,3.668676486532690628e+00
1.110600000000000000e+04,3.908769311016759840e+00
1.110700000000000000e+04,3.880858696032824184e+00
1.110800000000000000e+04,3.652025176478384427e+00
1.110900000000000000e+04,3.500489187951849157e+00
1.111000000000000000e+04,3.736426098656207895e+00
1.111100000000000000e+04,3.767382109613089280e+00
1.111200000000000000e+04,3.683296890479526908e+00
1.111300000000000000e+04,3.790285521694046977e+00
1.111400000000000000e+04,3.648312292977514915e+00
1.111500000000000000e+04,3.696820149257276533e+00
1.111600000000000000e+04,3.842045485299753427e+00
1.111700000000000000e+04,3.641177319685248381e+00
1.111800000000000000e+04,3.962691707845770406e+00
1.111900000000000000e+04,3.432548202876795962e+00
1.112000000000000000e+04,3.783837568602046453e+00
1.112100000000000000e+04,3.598611844882626976e+00
1.112200000000000000e+04,3.501164813610674109e+00
1.112300000000000000e+04,3.511477898236304185e+00
1.112400000000000000e+04,3.702127326564491394e+00
1.112500000000000000e+04,3.433997959512131271e+00
1.112600000000000000e+04,3.666091029756081809e+00
1.112700000000000000e+04,3.608444049884016458e+00
1.112800000000000000e+04,3.439995151284111596e+00
1.112900000000000000e+04,3.605585262304109584e+00
1.113000000000000000e+04,3.678662601041740476e+00
1.113100000000000000e+04,3.908312682812419503e+00
1.113200000000000000e+04,3.581395907425340752e+00
1.113300000000000000e+04,3.818542490452687677e+00
1.113400000000000000e+04,3.971470528739632577e+00
1.113500000000000000e+04,3.406785611818581749e+00
1.113600000000000000e+04,3.910769460147893284e+00
1.113700000000000000e+04,3.537677300013993165e+00
1.113800000000000000e+04,3.818229165481075160e+00
1.113900000000000000e+04,3.424235583627732282e+00
1.114000000000000000e+04,3.356651882739924098e+00
1.114100000000000000e+04,3.583239127814910052e+00
1.114200000000000000e+04,3.723912723863347818e+00
1.114300000000000000e+04,3.937862587372737533e+00
1.114400000000000000e+04,3.916710085966018440e+00
1.114500000000000000e+04,3.301457123625282097e+00
1.114600000000000000e+04,3.762710858748618659e+00
1.114700000000000000e+04,3.592492924477274308e+00
1.114800000000000000e+04,3.802882111008488053e+00
1.114900000000000000e+04,3.265560136849840145e+00
1.115000000000000000e+04,3.711911780407392669e+00
1.115100000000000000e+04,3.523222359038058471e+00
1.115200000000000000e+04,3.598963053125881828e+00
1.115300000000000000e+04,3.581748733260598616e+00
1.115400000000000000e+04,3.672894484164791251e+00
1.115500000000000000e+04,3.681036468018712426e+00
1.115600000000000000e+04,3.936156802544207967e+00
1.115700000000000000e+04,3.821145033271213798e+00
1.115800000000000000e+04,3.515121164778581608e+00
1.115900000000000000e+04,3.907285326994309305e+00
1.116000000000000000e+04,3.501255960396389089e+00
1.116100000000000000e+04,3.798080890105971719e+00
1.116200000000000000e+04,3.600777952820713779e+00
1.116300000000000000e+04,3.771551651188798093e+00
1.116400000000000000e+04,3.578408082500641463e+00
1.116500000000000000e+04,3.740798857947835288e+00
1.116600000000000000e+04,3.964807502912255810e+00
1.116700000000000000e+04,3.761041087192673160e+00
1.116800000000000000e+04,3.567552933221707079e+00
1.116900000000000000e+04,3.481003047285412322e+00
1.117000000000000000e+04,3.966235080462326312e+00
1.117100000000000000e+04,3.657777680324982406e+00
1.117200000000000000e+04,3.935544374291048086e+00
1.117300000000000000e+04,3.214621283837490573e+00
1.117400000000000000e+04,3.679961158819033074e+00
1.117500000000000000e+04,3.686305707371548834e+00
1.117600000000000000e+04,4.018638327364870477e+00
1.117700000000000000e+04,3.609732748170719319e+00
1.117800000000000000e+04,3.849946897450896799e+00
1.117900000000000000e+04,3.621773170020121224e+00
1.118000000000000000e+04,3.707181580797868303e+00
1.118100000000000000e+04,3.674723776543387554e+00
1.118200000000000000e+04,3.848808372174187475e+00
1.118300000000000000e+04,3.528147201491155016e+00
1.118400000000000000e+04,3.833416874830209764e+00
1.118500000000000000e+04,3.602571926830676841e+00
1.118600000000000000e+04,3.288970719255625230e+00
1.118700000000000000e+04,3.857178854345221897e+00
1.118800000000000000e+04,3.682601053263578450e+00
1.118900000000000000e+04,3.651200117416897761e+00
1.119000000000000000e+04,3.933454100553085198e+00
1.119100000000000000e+04,3.528231727447989297e+00
1.119200000000000000e+04,3.864320656134684562e+00
1.119300000000000000e+04,3.905170319073998808e+00
1.119400000000000000e+04,3.997462118668677178e+00
1.119500000000000000e+04,3.817374932751865124e+00
1.119600000000000000e+04,3.707651453331478386e+00
1.119700000000000000e+04,3.609240622820020672e+00
1.119800000000000000e+04,3.803101900658933499e+00
1.119900000000000000e+04,3.996945196950663082e+00
1.120000000000000000e+04,3.772253003726118603e+00
1.120100000000000000e+04,3.583183524944785869e+00
1.120200000000000000e+04,3.641694086298552069e+00
1.120300000000000000e+04,3.935451982991083231e+00
1.120400000000000000e+04,3.636108525449395223e+00
1.120500000000000000e+04,3.727264370518824865e+00
1.120600000000000000e+04,3.693845535707862116e+00
1.120700000000000000e+04,3.727181885694928809e+00
1.120800000000000000e+04,3.752287922901629713e+00
1.120900000000000000e+04,3.529784595804991820e+00
1.121000000000000000e+04,3.624189480711908384e+00
1.121100000000000000e+04,4.032464764414990022e+00
1.121200000000000000e+04,3.793392827759667352e+00
1.121300000000000000e+04,3.507952623310885532e+00
1.121400000000000000e+04,3.744947001536379272e+00
1.121500000000000000e+04,3.798332767775849828e+00
1.121600000000000000e+04,3.763310908131255683e+00
1.121700000000000000e+04,3.657671141777967261e+00
1.121800000000000000e+04,3.728566045561384712e+00
1.121900000000000000e+04,3.871985791908428176e+00
1.122000000000000000e+04,3.869929399744242104e+00
1.122100000000000000e+04,3.954672399427769047e+00
1.122200000000000000e+04,3.791650431671056420e+00
1.122300000000000000e+04,3.815978870986277194e+00
1.122400000000000000e+04,3.702654903874382786e+00
1.122500000000000000e+04,3.512225550067887614e+00
1.122600000000000000e+04,3.726234969779493422e+00
1.122700000000000000e+04,3.813974761894111332e+00
1.122800000000000000e+04,3.619278122403840392e+00
1.122900000000000000e+04,3.775251232320633754e+00
1.123000000000000000e+04,3.626479479513915472e+00
1.123100000000000000e+04,3.891033595195421579e+00
1.123200000000000000e+04,3.776458801042692937e+00
1.123300000000000000e+04,3.634498400713388033e+00
1.123400000000000000e+04,3.700383483701721765e+00
1.123500000000000000e+04,3.627656797255866650e+00
1.123600000000000000e+04,3.540791807377105638e+00
1.123700000000000000e+04,3.494741430555947659e+00
1.123800000000000000e+04,3.617043306210230291e+00
1.123900000000000000e+04,3.864724697871852133e+00
1.124000000000000000e+04,3.430775745077761396e+00
1.124100000000000000e+04,3.723795592845319913e+00
1.124200000000000000e+04,3.975624284542453868e+00
1.124300000000000000e+04,3.732041331251045868e+00
1.124400000000000000e+04,4.022459483913207734e+00
1.124500000000000000e+04,3.767482963123859108e+00
1.124600000000000000e+04,3.451417126737961638e+00
1.124700000000000000e+04,3.410918606248146023e+00
1.124800000000000000e+04,3.886112373532261355e+00
1.124900000000000000e+04,3.570932773102700963e+00
1.125000000000000000e+04,3.605906298778773333e+00
1.125100000000000000e+04,4.072998901559089724e+00
1.125200000000000000e+04,3.486041303130761992e+00
1.125300000000000000e+04,3.899228443519078713e+00
1.125400000000000000e+04,3.975972097410897632e+00
1.125500000000000000e+04,3.508515420746435964e+00
1.125600000000000000e+04,3.904813100557282368e+00
1.125700000000000000e+04,3.613048424889377941e+00
1.125800000000000000e+04,3.985180887891263346e+00
1.125900000000000000e+04,3.492115832740759540e+00
1.126000000000000000e+04,4.051988872734095359e+00
1.126100000000000000e+04,3.442108941612646689e+00
1.126200000000000000e+04,3.601697091664624040e+00
1.126300000000000000e+04,3.947145440401918393e+00
1.126400000000000000e+04,3.744536716025125944e+00
1.126500000000000000e+04,3.745521724623600335e+00
1.126600000000000000e+04,3.532685454589573393e+00
1.126700000000000000e+04,3.700899452597590233e+00
1.126800000000000000e+04,3.594250314685286440e+00
1.126900000000000000e+04,3.590828256831473109e+00
1.127000000000000000e+04,3.593156483590517869e+00
1.127100000000000000e+04,3.665427929060692147e+00
1.127200000000000000e+04,4.000931010287580136e+00
1.127300000000000000e+04,4.023409913799821602e+00
1.127400000000000000e+04,3.811401484841368870e+00
1.127500000000000000e+04,3.733985902578331295e+00
1.127600000000000000e+04,3.420019986022436509e+00
1.127700000000000000e+04,3.345211981657959299e+00
1.127800000000000000e+04,3.951113901152888630e+00
1.127900000000000000e+04,3.807611310915421932e+00
1.128000000000000000e+04,3.597843074615760806e+00
1.128100000000000000e+04,3.732322072086823983e+00
1.128200000000000000e+04,3.224465701099386461e+00
1.128300000000000000e+04,3.701441675718408320e+00
1.128400000000000000e+04,3.661018477965548801e+00
1.128500000000000000e+04,3.693466089340904812e+00
1.128600000000000000e+04,3.602644111072654365e+00
1.128700000000000000e+04,3.768923997073109433e+00
1.128800000000000000e+04,3.753580881527944335e+00
1.128900000000000000e+04,3.480310241379055647e+00
1.129000000000000000e+04,3.594218207671781684e+00
1.129100000000000000e+04,3.625212402597921990e+00
1.129200000000000000e+04,3.801142558683129558e+00
1.129300000000000000e+04,3.937378982573752406e+00
1.129400000000000000e+04,3.603145879502902105e+00
1.129500000000000000e+04,3.752330905382786685e+00
1.129600000000000000e+04,3.548929344677323794e+00
1.129700000000000000e+04,3.856884271700939504e+00
1.129800000000000000e+04,3.565633255694387049e+00
1.129900000000000000e+04,3.558177733829533729e+00
1.130000000000000000e+04,3.734684737983724467e+00
1.130100000000000000e+04,3.482863425713617733e+00
1.130200000000000000e+04,3.707649501307641149e+00
1.130300000000000000e+04,3.836060698749897302e+00
1.130400000000000000e+04,3.578674669837636380e+00
1.130500000000000000e+04,3.698855790201950544e+00
1.130600000000000000e+04,3.700683957372992161e+00
1.130700000000000000e+04,3.595155103767677662e+00
1.130800000000000000e+04,3.798611591785587827e+00
1.130900000000000000e+04,3.885191368794838951e+00
1.131000000000000000e+04,3.590987271996757269e+00
1.131100000000000000e+04,3.623882677193113633e+00
1.131200000000000000e+04,3.859302618125610707e+00
1.131300000000000000e+04,3.692529702923531776e+00
1.131400000000000000e+04,3.672109865981295407e+00
1.131500000000000000e+04,3.526275941407539527e+00
1.131600000000000000e+04,3.610698551295706160e+00
1.131700000000000000e+04,3.955417003967659717e+00
1.131800000000000000e+04,3.544973367828529121e+00
1.131900000000000000e+04,3.885634587217193125e+00
1.132000000000000000e+04,3.729031237111127162e+00
1.132100000000000000e+04,3.660542114516724954e+00
1.132200000000000000e+04,3.448725980986112383e+00
1.132300000000000000e+04,3.709791518936575994e+00
1.132400000000000000e+04,3.482066167517628763e+00
1.132500000000000000e+04,3.872396869639897599e+00
1.132600000000000000e+04,3.752001366916365654e+00
1.132700000000000000e+04,3.749197421903210703e+00
1.132800000000000000e+04,3.516857470696221899e+00
1.132900000000000000e+04,3.610991453162716525e+00
1.133000000000000000e+04,3.484660123447139934e+00
1.133100000000000000e+04,4.056426535732065908e+00
1.133200000000000000e+04,3.131655096734882182e+00
1.133300000000000000e+04,3.559979765350023140e+00
1.133400000000000000e+04,3.925698036574613248e+00
1.133500000000000000e+04,3.305275256814800056e+00
1.133600000000000000e+04,3.311185767507575761e+00
1.133700000000000000e+04,3.366688931081629033e+00
1.133800000000000000e+04,3.661160668977930577e+00
1.133900000000000000e+04,3.769444671016452642e+00
1.134000000000000000e+04,3.757976235801428810e+00
1.134100000000000000e+04,3.668709303702416769e+00
1.134200000000000000e+04,3.607749833349974455e+00
1.134300000000000000e+04,3.600770965050994032e+00
1.134400000000000000e+04,3.729024662955181757e+00
1.134500000000000000e+04,3.449847642059229891e+00
1.134600000000000000e+04,3.740111613275350244e+00
1.134700000000000000e+04,3.958971447475981176e+00
1.134800000000000000e+04,3.860147849032244949e+00
1.134900000000000000e+04,3.379577398663096588e+00
1.135000000000000000e+04,4.011735388573621996e+00
1.135100000000000000e+04,3.751235416327996841e+00
1.135200000000000000e+04,3.848909611325432856e+00
1.135300000000000000e+04,3.778220837307603830e+00
1.135400000000000000e+04,3.309784215985946076e+00
1.135500000000000000e+04,3.742561151072922865e+00
1.135600000000000000e+04,3.290783425043389609e+00
1.135700000000000000e+04,3.771269415263430069e+00
1.135800000000000000e+04,3.608386294043616438e+00
1.135900000000000000e+04,3.553281667255538068e+00
1.136000000000000000e+04,3.730136988661895359e+00
1.136100000000000000e+04,3.527338641320990398e+00
1.136200000000000000e+04,3.350479458126217835e+00
1.136300000000000000e+04,3.748369386788509061e+00
1.136400000000000000e+04,4.096375629873698188e+00
1.136500000000000000e+04,3.772441739169502206e+00
1.136600000000000000e+04,3.560651663154930979e+00
1.136700000000000000e+04,3.391163594836274608e+00
1.136800000000000000e+04,3.688883507434217002e+00
1.136900000000000000e+04,3.696420419383347866e+00
1.137000000000000000e+04,3.501011651909416766e+00
1.137100000000000000e+04,4.075555985029977180e+00
1.137200000000000000e+04,3.696378975969882408e+00
1.137300000000000000e+04,3.920786643967263174e+00
1.137400000000000000e+04,3.691620814039137777e+00
1.137500000000000000e+04,3.867619322177827001e+00
1.137600000000000000e+04,3.635031751843977421e+00
1.137700000000000000e+04,3.757846193730153495e+00
1.137800000000000000e+04,3.675069108303332666e+00
1.137900000000000000e+04,3.612457203247465554e+00
1.138000000000000000e+04,3.835950142369351834e+00
1.138100000000000000e+04,4.126554844125962518e+00
1.138200000000000000e+04,3.692728466564223488e+00
1.138300000000000000e+04,3.983546081998593280e+00
1.138400000000000000e+04,3.839909677240408659e+00
1.138500000000000000e+04,3.621846414619407373e+00
1.138600000000000000e+04,4.231101129265480765e+00
1.138700000000000000e+04,3.813274818824410328e+00
1.138800000000000000e+04,3.685232966738196225e+00
1.138900000000000000e+04,3.626585865395875352e+00
1.139000000000000000e+04,3.576047051359297679e+00
1.139100000000000000e+04,3.660421771771614541e+00
1.139200000000000000e+04,3.602497529028819478e+00
1.139300000000000000e+04,3.662880119262136525e+00
1.139400000000000000e+04,3.864690014237087023e+00
1.139500000000000000e+04,3.598841106126332345e+00
1.139600000000000000e+04,3.860869497985039978e+00
1.139700000000000000e+04,3.619345656419878932e+00
1.139800000000000000e+04,3.939984224592650630e+00
1.139900000000000000e+04,3.542797133995117864e+00
1.140000000000000000e+04,3.810366952625113157e+00
1.140100000000000000e+04,3.894996200101776829e+00
1.140200000000000000e+04,3.843830472300641343e+00
1.140300000000000000e+04,3.530439417144851433e+00
1.140400000000000000e+04,3.691911865392789149e+00
1.140500000000000000e+04,3.635677109825436126e+00
1.140600000000000000e+04,3.743436496647858380e+00
1.140700000000000000e+04,3.590277342966402774e+00
1.140800000000000000e+04,3.592081648547228223e+00
1.140900000000000000e+04,3.881407620344663023e+00
1.141000000000000000e+04,3.966788707430866534e+00
1.141100000000000000e+04,3.526802103157745893e+00
1.141200000000000000e+04,3.823258652772835831e+00
1.141300000000000000e+04,3.380912025346294758e+00
1.141400000000000000e+04,3.923184876550097844e+00
1.141500000000000000e+04,3.445685440279781186e+00
1.141600000000000000e+04,3.384877185156121904e+00
1.141700000000000000e+04,3.518697378942389875e+00
1.141800000000000000e+04,3.879709351480844060e+00
1.141900000000000000e+04,3.700667375522070923e+00
1.142000000000000000e+04,3.810529549189118903e+00
1.142100000000000000e+04,3.715384622070835530e+00
1.142200000000000000e+04,3.982274475354488086e+00
1.142300000000000000e+04,3.470769351964583027e+00
1.142400000000000000e+04,3.567465844991584589e+00
1.142500000000000000e+04,3.720799478517676562e+00
1.142600000000000000e+04,3.542805888782156298e+00
1.142700000000000000e+04,3.664758498189114810e+00
1.142800000000000000e+04,3.902203668419321314e+00
1.142900000000000000e+04,3.350503589730674303e+00
1.143000000000000000e+04,3.505330772198936629e+00
1.143100000000000000e+04,3.602581674330919803e+00
1.143200000000000000e+04,3.780663740473466650e+00
1.143300000000000000e+04,3.479964211337138735e+00
1.143400000000000000e+04,3.706976730748280602e+00
1.143500000000000000e+04,3.811031481831008261e+00
1.143600000000000000e+04,3.712734376165748973e+00
1.143700000000000000e+04,4.246599081406718490e+00
1.143800000000000000e+04,3.645055685732595308e+00
1.143900000000000000e+04,3.877664578392277406e+00
1.144000000000000000e+04,3.287797635751109837e+00
1.144100000000000000e+04,4.105920872247677877e+00
1.144200000000000000e+04,3.813758463682610511e+00
1.144300000000000000e+04,3.519406782891263852e+00
1.144400000000000000e+04,3.599994507476140804e+00
1.144500000000000000e+04,3.587074291902273782e+00
1.144600000000000000e+04,3.702222128895533260e+00
1.144700000000000000e+04,4.191107830582243565e+00
1.144800000000000000e+04,3.549010259863590200e+00
1.144900000000000000e+04,4.041828903096142511e+00
1.145000000000000000e+04,3.964783283135810077e+00
1.145100000000000000e+04,3.925629960764156490e+00
1.145200000000000000e+04,3.442488203935917035e+00
1.145300000000000000e+04,3.935733449377594173e+00
1.145400000000000000e+04,3.707904734056411744e+00
1.145500000000000000e+04,3.527109362464442732e+00
1.145600000000000000e+04,3.772026506590917538e+00
1.145700000000000000e+04,3.752678478868822776e+00
1.145800000000000000e+04,3.474088195172511995e+00
1.145900000000000000e+04,3.660660846361897036e+00
1.146000000000000000e+04,4.043135570827048220e+00
1.146100000000000000e+04,3.723521071538705041e+00
1.146200000000000000e+04,3.711492540078933366e+00
1.146300000000000000e+04,3.819059333661580791e+00
1.146400000000000000e+04,3.725629647261869515e+00
1.146500000000000000e+04,3.662726925637753705e+00
1.146600000000000000e+04,3.421296861223088737e+00
1.146700000000000000e+04,3.516379507007415306e+00
1.146800000000000000e+04,3.529724982542214562e+00
1.146900000000000000e+04,3.548732680246802662e+00
1.147000000000000000e+04,3.666983031800215453e+00
1.147100000000000000e+04,3.659215046690927675e+00
1.147200000000000000e+04,3.773338821649137031e+00
1.147300000000000000e+04,3.764059130543307319e+00
1.147400000000000000e+04,3.682535035815766911e+00
1.147500000000000000e+04,3.737038804670967274e+00
1.147600000000000000e+04,3.684736987747061487e+00
1.147700000000000000e+04,3.348492347590283469e+00
1.147800000000000000e+04,3.586222113950701118e+00
1.147900000000000000e+04,3.668001275157308338e+00
1.148000000000000000e+04,3.509020653116457389e+00
1.148100000000000000e+04,3.657469787743067524e+00
1.148200000000000000e+04,3.425461840054436990e+00
1.148300000000000000e+04,3.818905693118943123e+00
1.148400000000000000e+04,3.592246115117796013e+00
1.148500000000000000e+04,3.539267868884983681e+00
1.148600000000000000e+04,3.770792023849941277e+00
1.148700000000000000e+04,3.909385903256224815e+00
1.148800000000000000e+04,3.643493121255173328e+00
1.148900000000000000e+04,3.977410957438143324e+00
1.149000000000000000e+04,3.735055474010428700e+00
1.149100000000000000e+04,3.674835776442627822e+00
1.149200000000000000e+04,3.443252836622413771e+00
1.149300000000000000e+04,3.812103866986082945e+00
1.149400000000000000e+04,3.470480990291546775e+00
1.149500000000000000e+04,3.395794544171296891e+00
1.149600000000000000e+04,3.410575833303945092e+00
1.149700000000000000e+04,3.899179196789912982e+00
1.149800000000000000e+04,3.337286430571940965e+00
1.149900000000000000e+04,3.425000938772776671e+00
1.150000000000000000e+04,3.557738991781238092e+00
1.150100000000000000e+04,3.810288555328988469e+00
1.150200000000000000e+04,3.483025736992012789e+00
1.150300000000000000e+04,4.068869514853528990e+00
1.150400000000000000e+04,3.961942477080945046e+00
1.150500000000000000e+04,3.431078993669065991e+00
1.150600000000000000e+04,3.588330726435581486e+00
1.150700000000000000e+04,3.393853564243968890e+00
1.150800000000000000e+04,3.674793775622364755e+00
1.150900000000000000e+04,3.565579243673316689e+00
1.151000000000000000e+04,3.596868751895746286e+00
1.151100000000000000e+04,3.436412219269490809e+00
1.151200000000000000e+04,3.769763727678314247e+00
1.151300000000000000e+04,3.805249433179596963e+00
1.151400000000000000e+04,3.373259337181727435e+00
1.151500000000000000e+04,3.488747448971808662e+00
1.151600000000000000e+04,3.397306596340607499e+00
1.151700000000000000e+04,3.563383353966655953e+00
1.151800000000000000e+04,3.517435932802523091e+00
1.151900000000000000e+04,3.833696983829715688e+00
1.152000000000000000e+04,3.848110614976238075e+00
1.152100000000000000e+04,3.904055898466572749e+00
1.152200000000000000e+04,3.704280766436699235e+00
1.152300000000000000e+04,3.832640727730093566e+00
1.152400000000000000e+04,3.646190240296828922e+00
1.152500000000000000e+04,3.742118149777605485e+00
1.152600000000000000e+04,3.620525291867288775e+00
1.152700000000000000e+04,3.391905866652862311e+00
1.152800000000000000e+04,3.787849136876541234e+00
1.152900000000000000e+04,3.900589754226064798e+00
1.153000000000000000e+04,3.759495934044234211e+00
1.153100000000000000e+04,3.968857132192435522e+00
1.153200000000000000e+04,4.084103517812335937e+00
1.153300000000000000e+04,3.512158168449533324e+00
1.153400000000000000e+04,3.508144623289501496e+00
1.153500000000000000e+04,3.622422815423202991e+00
1.153600000000000000e+04,3.507846571748715725e+00
1.153700000000000000e+04,3.610108299602662996e+00
1.153800000000000000e+04,3.686467927030570024e+00
1.153900000000000000e+04,3.974489662285883185e+00
1.154000000000000000e+04,3.672043781633933968e+00
1.154100000000000000e+04,3.537611338349356149e+00
1.154200000000000000e+04,4.047848324369105910e+00
1.154300000000000000e+04,3.463746495066653441e+00
1.154400000000000000e+04,3.700647505082076183e+00
1.154500000000000000e+04,3.361109175356784107e+00
1.154600000000000000e+04,3.694927511276337562e+00
1.154700000000000000e+04,3.668745708454328458e+00
1.154800000000000000e+04,3.685692760642340193e+00
1.154900000000000000e+04,3.789234233263378382e+00
1.155000000000000000e+04,3.551000551968970242e+00
1.155100000000000000e+04,3.714532800534876333e+00
1.155200000000000000e+04,3.450835004475131917e+00
1.155300000000000000e+04,3.751321001564989821e+00
1.155400000000000000e+04,3.704184088697964672e+00
1.155500000000000000e+04,3.745411040232504707e+00
1.155600000000000000e+04,3.879044972396153312e+00
1.155700000000000000e+04,3.910703245309051557e+00
1.155800000000000000e+04,3.720589488793081934e+00
1.155900000000000000e+04,3.638026794867057045e+00
1.156000000000000000e+04,3.448656795623179949e+00
1.156100000000000000e+04,3.777923311198919443e+00
1.156200000000000000e+04,3.830994022366665863e+00
1.156300000000000000e+04,3.736838106252491798e+00
1.156400000000000000e+04,3.859914381855399146e+00
1.156500000000000000e+04,3.867892001114641598e+00
1.156600000000000000e+04,4.026246071849246988e+00
1.156700000000000000e+04,3.929972733806312402e+00
1.156800000000000000e+04,3.743315635608409409e+00
1.156900000000000000e+04,3.658089986189588583e+00
1.157000000000000000e+04,3.455762301487963928e+00
1.157100000000000000e+04,3.687504216819261327e+00
1.157200000000000000e+04,3.736694094806414235e+00
1.157300000000000000e+04,3.992192965634377089e+00
1.157400000000000000e+04,3.587774593726874794e+00
1.157500000000000000e+04,3.951357875345608672e+00
1.157600000000000000e+04,3.609253572212627770e+00
1.157700000000000000e+04,3.948326030115396179e+00
1.157800000000000000e+04,3.561782209014195288e+00
1.157900000000000000e+04,3.837749066136989295e+00
1.158000000000000000e+04,3.607193090584509765e+00
1.158100000000000000e+04,3.349532145190510679e+00
1.158200000000000000e+04,3.543484937590431816e+00
1.158300000000000000e+04,3.575030868607606660e+00
1.158400000000000000e+04,3.544581072445129433e+00
1.158500000000000000e+04,3.934841971273188577e+00
1.158600000000000000e+04,3.519325581352233279e+00
1.158700000000000000e+04,3.938232954024226462e+00
1.158800000000000000e+04,3.782541581446001278e+00
1.158900000000000000e+04,3.761764650321302028e+00
1.159000000000000000e+04,3.564528740957882746e+00
1.159100000000000000e+04,3.876294661873914027e+00
1.159200000000000000e+04,3.851107777630028650e+00
1.159300000000000000e+04,3.725192361116193673e+00
1.159400000000000000e+04,3.447467401462533498e+00
1.159500000000000000e+04,3.726734655761520632e+00
1.159600000000000000e+04,3.620777793119012600e+00
1.159700000000000000e+04,3.856439679370583296e+00
1.159800000000000000e+04,3.583577089415677097e+00
1.159900000000000000e+04,3.755693558694403134e+00
1.160000000000000000e+04,3.840243268706751145e+00
1.160100000000000000e+04,3.785668606318048468e+00
1.160200000000000000e+04,3.460357813840644337e+00
1.160300000000000000e+04,3.613867998814793481e+00
1.160400000000000000e+04,3.765523193333078389e+00
1.160500000000000000e+04,3.315187756570820987e+00
1.160600000000000000e+04,3.643885761819427582e+00
1.160700000000000000e+04,3.688698672805990508e+00
1.160800000000000000e+04,3.518180522653353126e+00
1.160900000000000000e+04,3.902812704597406590e+00
1.161000000000000000e+04,3.599950235631349305e+00
1.161100000000000000e+04,3.741934392534646658e+00
1.161200000000000000e+04,3.908415052118509703e+00
1.161300000000000000e+04,3.527064618453255473e+00
1.161400000000000000e+04,3.760272663313567243e+00
1.161500000000000000e+04,3.545935325271587946e+00
1.161600000000000000e+04,3.703325654018199575e+00
1.161700000000000000e+04,3.640493908854155691e+00
1.161800000000000000e+04,3.589941437383124878e+00
1.161900000000000000e+04,3.669283459723958529e+00
1.162000000000000000e+04,3.391096846456621794e+00
1.162100000000000000e+04,3.616251115712579622e+00
1.162200000000000000e+04,3.716427236448231142e+00
1.162300000000000000e+04,3.618682601902770912e+00
1.162400000000000000e+04,3.872430954591350005e+00
1.162500000000000000e+04,3.603974054897510548e+00
1.162600000000000000e+04,3.642136121772467039e+00
1.162700000000000000e+04,3.740777427071641181e+00
1.162800000000000000e+04,3.827108686556860651e+00
1.162900000000000000e+04,3.778265517468264445e+00
1.163000000000000000e+04,3.594440579885584519e+00
1.163100000000000000e+04,3.791378444461624309e+00
1.163200000000000000e+04,3.514652286820327376e+00
1.163300000000000000e+04,3.515016214629875346e+00
1.163400000000000000e+04,4.019138243773811681e+00
1.163500000000000000e+04,3.627264756855208105e+00
1.163600000000000000e+04,3.800886093675479582e+00
1.163700000000000000e+04,3.695295463140398251e+00
1.163800000000000000e+04,3.759191823074917060e+00
1.163900000000000000e+04,3.758370555985150574e+00
1.164000000000000000e+04,3.701039049075701914e+00
1.164100000000000000e+04,3.710041741467010379e+00
1.164200000000000000e+04,3.432931252159955982e+00
1.164300000000000000e+04,3.532781059130693180e+00
1.164400000000000000e+04,3.748706105777216635e+00
1.164500000000000000e+04,3.633118077593981532e+00
1.164600000000000000e+04,3.969614423110354728e+00
1.164700000000000000e+04,3.530980540889856467e+00
1.164800000000000000e+04,3.674786613860582918e+00
1.164900000000000000e+04,3.997090725377788978e+00
1.165000000000000000e+04,3.872676719285180980e+00
1.165100000000000000e+04,3.897229079646571392e+00
1.165200000000000000e+04,3.580955806487458482e+00
1.165300000000000000e+04,4.056208759904000871e+00
1.165400000000000000e+04,3.772353953163533724e+00
1.165500000000000000e+04,3.918494386828721865e+00
1.165600000000000000e+04,3.688140503958922789e+00
1.165700000000000000e+04,3.862013804038766374e+00
1.165800000000000000e+04,3.532831782973308243e+00
1.165900000000000000e+04,3.637812553988206687e+00
1.166000000000000000e+04,3.908179632023923489e+00
1.166100000000000000e+04,3.343549504117594218e+00
1.166200000000000000e+04,3.828355551942978607e+00
1.166300000000000000e+04,3.766491859301142942e+00
1.166400000000000000e+04,3.678703492256246488e+00
1.166500000000000000e+04,3.814831985536046410e+00
1.166600000000000000e+04,3.615011934021151507e+00
1.166700000000000000e+04,3.708947104584894738e+00
1.166800000000000000e+04,3.654975916146368409e+00
1.166900000000000000e+04,3.373969173434020696e+00
1.167000000000000000e+04,3.612580768508382612e+00
1.167100000000000000e+04,3.835916441782623476e+00
1.167200000000000000e+04,3.797879772436040469e+00
1.167300000000000000e+04,3.668323665672478917e+00
1.167400000000000000e+04,3.676342069005894775e+00
1.167500000000000000e+04,3.655110036817283969e+00
1.167600000000000000e+04,3.961708934573401120e+00
1.167700000000000000e+04,3.704383824399665848e+00
1.167800000000000000e+04,3.733962463719366465e+00
1.167900000000000000e+04,3.609144007295170375e+00
1.168000000000000000e+04,3.431655171539703009e+00
1.168100000000000000e+04,3.590292390860671201e+00
1.168200000000000000e+04,3.784058386985246880e+00
1.168300000000000000e+04,3.957669388696030577e+00
1.168400000000000000e+04,3.865353391456575860e+00
1.168500000000000000e+04,3.825921664090206065e+00
1.168600000000000000e+04,3.841180747009943275e+00
1.168700000000000000e+04,3.805551702046417351e+00
1.168800000000000000e+04,3.811388077696195698e+00
1.168900000000000000e+04,3.716442320798237553e+00
1.169000000000000000e+04,3.812988112259688034e+00
1.169100000000000000e+04,3.711939459909018524e+00
1.169200000000000000e+04,3.938753490374885313e+00
1.169300000000000000e+04,3.688688527839789177e+00
1.169400000000000000e+04,3.688775562733107805e+00
1.169500000000000000e+04,3.787629670815430671e+00
1.169600000000000000e+04,3.779690261659010009e+00
1.169700000000000000e+04,3.472848613296104947e+00
1.169800000000000000e+04,3.564853681244581018e+00
1.169900000000000000e+04,3.628435467742073151e+00
1.170000000000000000e+04,3.981481907121716901e+00
1.170100000000000000e+04,3.737775192199657592e+00
1.170200000000000000e+04,3.843611189492903701e+00
1.170300000000000000e+04,3.576160813099537705e+00
1.170400000000000000e+04,3.648222495564210632e+00
1.170500000000000000e+04,3.339813286765244804e+00
1.170600000000000000e+04,3.630036739804462176e+00
1.170700000000000000e+04,3.501421148536037808e+00
1.170800000000000000e+04,3.912484484639816351e+00
1.170900000000000000e+04,3.617880481874787613e+00
1.171000000000000000e+04,3.849535573856522674e+00
1.171100000000000000e+04,3.496261427574087310e+00
1.171200000000000000e+04,3.211293562933121404e+00
1.171300000000000000e+04,3.739306058221166573e+00
1.171400000000000000e+04,3.448053726528946150e+00
1.171500000000000000e+04,3.566614315822618231e+00
1.171600000000000000e+04,3.908572756899868050e+00
1.171700000000000000e+04,3.360423889948162657e+00
1.171800000000000000e+04,3.390792097651209147e+00
1.171900000000000000e+04,3.559131664450776000e+00
1.172000000000000000e+04,3.586735244918570320e+00
1.172100000000000000e+04,3.562262510120066672e+00
1.172200000000000000e+04,3.848287232948579550e+00
1.172300000000000000e+04,3.484709400776281107e+00
1.172400000000000000e+04,3.607082947076131418e+00
1.172500000000000000e+04,3.922709302906747020e+00
1.172600000000000000e+04,3.853551893875296397e+00
1.172700000000000000e+04,3.818166954884694153e+00
1.172800000000000000e+04,3.855431603576241706e+00
1.172900000000000000e+04,3.984168252632184881e+00
1.173000000000000000e+04,3.642430834456813482e+00
1.173100000000000000e+04,3.741362414351390164e+00
1.173200000000000000e+04,3.529397363380363029e+00
1.173300000000000000e+04,3.518810378452186249e+00
1.173400000000000000e+04,3.808508444950616578e+00
1.173500000000000000e+04,3.511980775438174440e+00
1.173600000000000000e+04,3.382418961890026665e+00
1.173700000000000000e+04,3.665796995754645238e+00
1.173800000000000000e+04,4.008829572874081038e+00
1.173900000000000000e+04,3.424810540022086069e+00
1.174000000000000000e+04,3.685834431120723398e+00
1.174100000000000000e+04,3.602069134250680094e+00
1.174200000000000000e+04,3.984775051501477261e+00
1.174300000000000000e+04,3.337141192304601489e+00
1.174400000000000000e+04,3.597783433923735341e+00
1.174500000000000000e+04,3.696231289359654060e+00
1.174600000000000000e+04,3.662252348758060272e+00
1.174700000000000000e+04,3.227206558675419057e+00
1.174800000000000000e+04,3.246651969680764083e+00
1.174900000000000000e+04,3.734947048894047938e+00
1.175000000000000000e+04,3.496035867579413647e+00
1.175100000000000000e+04,3.792725900969716957e+00
1.175200000000000000e+04,3.587525228354301987e+00
1.175300000000000000e+04,3.561142247569493158e+00
1.175400000000000000e+04,3.573618465651011267e+00
1.175500000000000000e+04,3.903571944535181970e+00
1.175600000000000000e+04,3.421747318160332174e+00
1.175700000000000000e+04,3.863198053597783233e+00
1.175800000000000000e+04,3.539579215648706256e+00
1.175900000000000000e+04,3.661743264297052214e+00
1.176000000000000000e+04,3.804445976560666409e+00
1.176100000000000000e+04,3.786066482558239077e+00
1.176200000000000000e+04,3.486690278793270537e+00
1.176300000000000000e+04,3.807485840235044439e+00
1.176400000000000000e+04,3.979395834604069204e+00
1.176500000000000000e+04,3.953425047760794619e+00
1.176600000000000000e+04,3.501341153108314508e+00
1.176700000000000000e+04,3.735338042820727456e+00
1.176800000000000000e+04,3.592236755710103591e+00
1.176900000000000000e+04,3.508546043882567744e+00
1.177000000000000000e+04,3.611927674050314341e+00
1.177100000000000000e+04,3.736272589099534081e+00
1.177200000000000000e+04,3.484391482975573329e+00
1.177300000000000000e+04,4.116145937741695349e+00
1.177400000000000000e+04,3.720513539439218587e+00
1.177500000000000000e+04,3.545703367267969863e+00
1.177600000000000000e+04,3.874951265248771648e+00
1.177700000000000000e+04,3.308731486713214487e+00
1.177800000000000000e+04,3.814739776468744292e+00
1.177900000000000000e+04,3.324474507757938735e+00
1.178000000000000000e+04,3.779970879861210609e+00
1.178100000000000000e+04,3.601311377350972620e+00
1.178200000000000000e+04,4.031134518836611669e+00
1.178300000000000000e+04,3.869450787022168381e+00
1.178400000000000000e+04,3.659649425374058573e+00
1.178500000000000000e+04,4.029329526433950370e+00
1.178600000000000000e+04,3.566370642907689792e+00
1.178700000000000000e+04,3.366394143925774962e+00
1.178800000000000000e+04,3.704746665176338993e+00
1.178900000000000000e+04,3.787110971629017886e+00
1.179000000000000000e+04,3.813224127154972276e+00
1.179100000000000000e+04,3.817090339411324695e+00
1.179200000000000000e+04,3.424305628566858495e+00
1.179300000000000000e+04,3.300245601246534211e+00
1.179400000000000000e+04,3.653139424015117598e+00
1.179500000000000000e+04,3.687092841503348151e+00
1.179600000000000000e+04,3.166380013151656847e+00
1.179700000000000000e+04,3.830890576842940654e+00
1.179800000000000000e+04,3.846438411778336786e+00
1.179900000000000000e+04,3.702150057055608290e+00
1.180000000000000000e+04,3.878586288440610375e+00
1.180100000000000000e+04,3.943529408158485516e+00
1.180200000000000000e+04,3.544940966260085702e+00
1.180300000000000000e+04,3.724374964149022915e+00
1.180400000000000000e+04,3.517134518443195912e+00
1.180500000000000000e+04,3.424083586640938037e+00
1.180600000000000000e+04,3.740366620367111761e+00
1.180700000000000000e+04,3.731424167366723665e+00
1.180800000000000000e+04,3.547955826805377466e+00
1.180900000000000000e+04,3.669967077187449522e+00
1.181000000000000000e+04,3.813417497115525023e+00
1.181100000000000000e+04,3.690447697472599042e+00
1.181200000000000000e+04,3.749575662413428656e+00
1.181300000000000000e+04,3.897504997434314777e+00
1.181400000000000000e+04,3.759302484369381414e+00
1.181500000000000000e+04,3.345765611391819938e+00
1.181600000000000000e+04,3.375534864119874356e+00
1.181700000000000000e+04,3.744927994125106796e+00
1.181800000000000000e+04,3.867594445122252811e+00
1.181900000000000000e+04,3.546678109748430341e+00
1.182000000000000000e+04,3.618294401566861218e+00
1.182100000000000000e+04,3.756457908893631181e+00
1.182200000000000000e+04,3.665635398051446892e+00
1.182300000000000000e+04,3.769469628699976038e+00
1.182400000000000000e+04,3.636543334621497703e+00
1.182500000000000000e+04,3.417107804132349713e+00
1.182600000000000000e+04,3.822086427519239660e+00
1.182700000000000000e+04,3.440922107244901440e+00
1.182800000000000000e+04,3.423580620566395893e+00
1.182900000000000000e+04,3.800472252562567821e+00
1.183000000000000000e+04,3.976207327559689642e+00
1.183100000000000000e+04,3.894770230263515653e+00
1.183200000000000000e+04,3.675612467123986704e+00
1.183300000000000000e+04,3.616913286960386831e+00
1.183400000000000000e+04,3.539715282495427662e+00
1.183500000000000000e+04,3.507041412513687728e+00
1.183600000000000000e+04,3.761914759918274065e+00
1.183700000000000000e+04,3.719428322288256705e+00
1.183800000000000000e+04,3.525665420291079322e+00
1.183900000000000000e+04,3.656995084654629302e+00
1.184000000000000000e+04,3.534555500626095803e+00
1.184100000000000000e+04,3.747711163586063599e+00
1.184200000000000000e+04,3.774344747692339297e+00
1.184300000000000000e+04,3.739269121278910646e+00
1.184400000000000000e+04,3.859174665777473034e+00
1.184500000000000000e+04,3.759314602495170021e+00
1.184600000000000000e+04,3.720496942890489933e+00
1.184700000000000000e+04,3.646854592115712723e+00
1.184800000000000000e+04,3.792733735778296644e+00
1.184900000000000000e+04,4.006034910062428622e+00
1.185000000000000000e+04,3.836183170294573674e+00
1.185100000000000000e+04,3.367537546639588708e+00
1.185200000000000000e+04,3.468526822718675184e+00
1.185300000000000000e+04,3.550381542230793386e+00
1.185400000000000000e+04,3.548350830473418149e+00
1.185500000000000000e+04,3.707305592709821518e+00
1.185600000000000000e+04,3.559409679238906055e+00
1.185700000000000000e+04,3.583556887790300571e+00
1.185800000000000000e+04,3.346869586369277449e+00
1.185900000000000000e+04,3.421520619436231314e+00
1.186000000000000000e+04,3.642688331956312808e+00
1.186100000000000000e+04,3.579428655016722693e+00
1.186200000000000000e+04,3.632491204958229414e+00
1.186300000000000000e+04,3.472878770092139078e+00
1.186400000000000000e+04,3.915870907514309884e+00
1.186500000000000000e+04,3.459566142721382409e+00
1.186600000000000000e+04,3.679834035556519112e+00
1.186700000000000000e+04,3.990560942531368394e+00
1.186800000000000000e+04,3.733369021026773371e+00
1.186900000000000000e+04,3.753675329732357291e+00
1.187000000000000000e+04,3.764972595485203133e+00
1.187100000000000000e+04,3.997038725921053803e+00
1.187200000000000000e+04,3.369063827404629397e+00
1.187300000000000000e+04,3.850035169475949370e+00
1.187400000000000000e+04,3.947350736206251653e+00
1.187500000000000000e+04,3.820309435091645778e+00
1.187600000000000000e+04,3.747843867038376686e+00
1.187700000000000000e+04,3.621428501806422506e+00
1.187800000000000000e+04,3.574795084454445604e+00
1.187900000000000000e+04,3.844528189709167876e+00
1.188000000000000000e+04,3.733907998851806909e+00
1.188100000000000000e+04,3.470449174547594939e+00
1.188200000000000000e+04,3.647221155719224228e+00
1.188300000000000000e+04,3.797541231419781393e+00
1.188400000000000000e+04,3.842513991598860201e+00
1.188500000000000000e+04,3.981481655157803612e+00
1.188600000000000000e+04,3.404265665689117704e+00
1.188700000000000000e+04,3.552071524061822583e+00
1.188800000000000000e+04,3.740001113587909654e+00
1.188900000000000000e+04,3.584909871234496670e+00
1.189000000000000000e+04,3.712713796177195213e+00
1.189100000000000000e+04,3.419916871079577980e+00
1.189200000000000000e+04,3.567428162250331880e+00
1.189300000000000000e+04,3.949400158661297233e+00
1.189400000000000000e+04,3.499008396120797393e+00
1.189500000000000000e+04,3.533194926548212322e+00
1.189600000000000000e+04,3.292215124383682134e+00
1.189700000000000000e+04,3.849854044185563318e+00
1.189800000000000000e+04,3.432345639502046630e+00
1.189900000000000000e+04,3.400962723510043695e+00
1.190000000000000000e+04,3.814301197076362726e+00
1.190100000000000000e+04,3.732526832934231376e+00
1.190200000000000000e+04,3.603546888026746942e+00
1.190300000000000000e+04,3.448264773894285540e+00
1.190400000000000000e+04,3.663477488740028765e+00
1.190500000000000000e+04,3.465799418242504260e+00
1.190600000000000000e+04,3.892494713514156324e+00
1.190700000000000000e+04,3.430307676464991573e+00
1.190800000000000000e+04,3.449063674168866722e+00
1.190900000000000000e+04,3.529185545908053445e+00
1.191000000000000000e+04,3.491014175671557140e+00
1.191100000000000000e+04,3.782388818102773609e+00
1.191200000000000000e+04,3.618905785681302056e+00
1.191300000000000000e+04,3.669490993865045070e+00
1.191400000000000000e+04,3.736729173935776416e+00
1.191500000000000000e+04,3.862691814963241654e+00
1.191600000000000000e+04,3.659782879866877003e+00
1.191700000000000000e+04,3.599572485160579038e+00
1.191800000000000000e+04,3.746858373741508430e+00
1.191900000000000000e+04,3.914522519293832659e+00
1.192000000000000000e+04,3.914917067749059232e+00
1.192100000000000000e+04,3.978800491131996964e+00
1.192200000000000000e+04,3.610837230163846723e+00
1.192300000000000000e+04,3.764754305055648231e+00
1.192400000000000000e+04,3.373905797562784858e+00
1.192500000000000000e+04,3.757509946418505109e+00
1.192600000000000000e+04,3.495981991273667155e+00
1.192700000000000000e+04,3.561601072107992039e+00
1.192800000000000000e+04,3.836890697188173771e+00
1.192900000000000000e+04,3.622536281870926800e+00
1.193000000000000000e+04,3.533185973010118719e+00
1.193100000000000000e+04,3.821287262122356587e+00
1.193200000000000000e+04,3.749958598531950127e+00
1.193300000000000000e+04,3.668935301743727173e+00
1.193400000000000000e+04,3.740994556746761290e+00
1.193500000000000000e+04,3.642216818393293920e+00
1.193600000000000000e+04,3.586372980698529389e+00
1.193700000000000000e+04,3.700785165697385803e+00
1.193800000000000000e+04,3.435491712815695209e+00
1.193900000000000000e+04,3.614391957052009108e+00
1.194000000000000000e+04,3.504209321211176675e+00
1.194100000000000000e+04,3.639758516537916933e+00
1.194200000000000000e+04,3.769064498850329237e+00
1.194300000000000000e+04,3.688628455056631061e+00
1.194400000000000000e+04,3.788247878355146980e+00
1.194500000000000000e+04,3.803551736744386513e+00
1.194600000000000000e+04,3.692541890763451740e+00
1.194700000000000000e+04,3.732507569710838968e+00
1.194800000000000000e+04,3.620441245653998052e+00
1.194900000000000000e+04,3.998721412697371136e+00
1.195000000000000000e+04,3.634670553269669924e+00
1.195100000000000000e+04,3.982146457856783339e+00
1.195200000000000000e+04,3.738601037409105654e+00
1.195300000000000000e+04,3.703778273071536287e+00
1.195400000000000000e+04,3.489924008190487648e+00
1.195500000000000000e+04,3.581423856815009188e+00
1.195600000000000000e+04,3.434829171408416482e+00
1.195700000000000000e+04,3.754700407605424228e+00
1.195800000000000000e+04,3.792273806916635515e+00
1.195900000000000000e+04,3.528524261391096761e+00
1.196000000000000000e+04,4.009469853157605179e+00
1.196100000000000000e+04,3.647945426880121023e+00
1.196200000000000000e+04,3.827593179539573676e+00
1.196300000000000000e+04,3.630189387589475292e+00
1.196400000000000000e+04,3.972916835812045022e+00
1.196500000000000000e+04,3.634675359662931537e+00
1.196600000000000000e+04,3.691176001801092177e+00
1.196700000000000000e+04,3.566285714448674593e+00
1.196800000000000000e+04,3.599319320243512976e+00
1.196900000000000000e+04,3.622602386489107484e+00
1.197000000000000000e+04,3.638207008818527655e+00
1.197100000000000000e+04,3.811447222481719965e+00
1.197200000000000000e+04,3.428275973625460882e+00
1.197300000000000000e+04,3.672673564310783068e+00
1.197400000000000000e+04,3.798760621903818802e+00
1.197500000000000000e+04,3.815814408696051707e+00
1.197600000000000000e+04,3.561751641813036162e+00
1.197700000000000000e+04,3.748811929056408587e+00
1.197800000000000000e+04,3.687859293119755133e+00
1.197900000000000000e+04,4.084130046007292236e+00
1.198000000000000000e+04,3.356952286839626431e+00
1.198100000000000000e+04,3.716092120638531338e+00
1.198200000000000000e+04,4.095303600876662564e+00
1.198300000000000000e+04,3.675458114607663695e+00
1.198400000000000000e+04,3.333440666799228236e+00
1.198500000000000000e+04,3.623022662677374495e+00
1.198600000000000000e+04,3.480426859778001702e+00
1.198700000000000000e+04,3.718989005465762610e+00
1.198800000000000000e+04,3.846605809515742269e+00
1.198900000000000000e+04,3.733368169277940574e+00
1.199000000000000000e+04,3.715697277574234736e+00
1.199100000000000000e+04,3.649124468158956969e+00
1.199200000000000000e+04,3.890941684723405292e+00
1.199300000000000000e+04,3.758111481976474266e+00
1.199400000000000000e+04,3.455012611391254485e+00
1.199500000000000000e+04,3.963933179749097757e+00
1.199600000000000000e+04,3.427712775431451586e+00
1.199700000000000000e+04,3.730173966837179833e+00
1.199800000000000000e+04,3.690528860057062044e+00
1.199900000000000000e+04,3.353690956967747105e+00
1.200000000000000000e+04,3.920594175129980652e+00
1.200100000000000000e+04,3.658880091851890004e+00
1.200200000000000000e+04,3.617327525886783413e+00
1.200300000000000000e+04,3.899163664205286040e+00
1.200400000000000000e+04,3.621964783170134261e+00
1.200500000000000000e+04,3.632149833524495719e+00
1.200600000000000000e+04,3.752448245098777058e+00
1.200700000000000000e+04,3.815611806729564126e+00
1.200800000000000000e+04,3.949336292216834465e+00
1.200900000000000000e+04,3.836555493848935239e+00
1.201000000000000000e+04,3.545108391605951148e+00
1.201100000000000000e+04,3.540723842506078523e+00
1.201200000000000000e+04,3.922054418136446063e+00
1.201300000000000000e+04,3.794495878564906111e+00
1.201400000000000000e+04,3.771856111579610094e+00
1.201500000000000000e+04,3.543476288275721142e+00
1.201600000000000000e+04,3.539382270525479157e+00
1.201700000000000000e+04,3.319455724532588192e+00
1.201800000000000000e+04,3.546757619726211619e+00
1.201900000000000000e+04,3.741763431599503864e+00
1.202000000000000000e+04,3.827999552089505375e+00
1.202100000000000000e+04,3.363593683654024336e+00
1.202200000000000000e+04,3.631029318261157712e+00
1.202300000000000000e+04,3.972647089056838166e+00
1.202400000000000000e+04,3.640322669365735564e+00
1.202500000000000000e+04,3.681742153058120692e+00
1.202600000000000000e+04,3.945460117056057481e+00
1.202700000000000000e+04,3.626932552463861814e+00
1.202800000000000000e+04,3.589791275398173553e+00
1.202900000000000000e+04,3.762232693178342302e+00
1.203000000000000000e+04,3.635113584365631034e+00
1.203100000000000000e+04,4.005027963932650259e+00
1.203200000000000000e+04,3.436708588279329124e+00
1.203300000000000000e+04,3.774904921974772343e+00
1.203400000000000000e+04,3.469983697234455988e+00
1.203500000000000000e+04,3.865775792316019199e+00
1.203600000000000000e+04,3.832206806849514535e+00
1.203700000000000000e+04,3.716078430132623289e+00
1.203800000000000000e+04,3.381131275212673870e+00
1.203900000000000000e+04,3.796527408398988612e+00
1.204000000000000000e+04,3.578163802599105825e+00
1.204100000000000000e+04,3.735994907773664497e+00
1.204200000000000000e+04,3.674305846462066594e+00
1.204300000000000000e+04,3.352330544701955350e+00
1.204400000000000000e+04,3.593511429569001603e+00
1.204500000000000000e+04,3.467604845667576097e+00
1.204600000000000000e+04,3.534482101490637795e+00
1.204700000000000000e+04,3.467661567586756366e+00
1.204800000000000000e+04,3.718181424781803468e+00
1.204900000000000000e+04,3.671753005796894342e+00
1.205000000000000000e+04,3.936246320134082044e+00
1.205100000000000000e+04,3.767403760408008395e+00
1.205200000000000000e+04,3.668034451953346764e+00
1.205300000000000000e+04,3.524786873822258748e+00
1.205400000000000000e+04,3.594466846894089684e+00
1.205500000000000000e+04,3.884546244196934062e+00
1.205600000000000000e+04,3.905643932629576209e+00
1.205700000000000000e+04,3.906497298736129054e+00
1.205800000000000000e+04,3.412067708954168221e+00
1.205900000000000000e+04,3.450981841919815718e+00
1.206000000000000000e+04,3.812608351604070744e+00
1.206100000000000000e+04,3.392798377152224099e+00
1.206200000000000000e+04,3.565290065352314297e+00
1.206300000000000000e+04,3.665491993621879718e+00
1.206400000000000000e+04,3.458396084088021016e+00
1.206500000000000000e+04,3.507500285002162155e+00
1.206600000000000000e+04,3.568011049181530225e+00
1.206700000000000000e+04,3.615246717834557977e+00
1.206800000000000000e+04,3.559857642162262081e+00
1.206900000000000000e+04,3.566136432469212636e+00
1.207000000000000000e+04,3.951515143326901569e+00
1.207100000000000000e+04,3.810450238911688992e+00
1.207200000000000000e+04,3.477625504242123800e+00
1.207300000000000000e+04,3.734715141633437874e+00
1.207400000000000000e+04,3.967386236936035093e+00
1.207500000000000000e+04,3.530974699026702357e+00
1.207600000000000000e+04,3.894240687968021142e+00
1.207700000000000000e+04,3.759157853785112025e+00
1.207800000000000000e+04,3.707190084485821213e+00
1.207900000000000000e+04,3.619055329300645774e+00
1.208000000000000000e+04,3.529429652626449698e+00
1.208100000000000000e+04,3.996226302681548770e+00
1.208200000000000000e+04,3.234576269944531735e+00
1.208300000000000000e+04,3.595569679850647127e+00
1.208400000000000000e+04,3.492279379713941978e+00
1.208500000000000000e+04,3.880189632513302733e+00
1.208600000000000000e+04,3.890964976536180675e+00
1.208700000000000000e+04,3.656797369421396660e+00
1.208800000000000000e+04,3.322903631793451495e+00
1.208900000000000000e+04,3.598042695469831020e+00
1.209000000000000000e+04,3.713477828605224573e+00
1.209100000000000000e+04,3.349537737718666808e+00
1.209200000000000000e+04,3.692008797771624717e+00
1.209300000000000000e+04,3.811397689964405089e+00
1.209400000000000000e+04,3.543529488937060101e+00
1.209500000000000000e+04,3.882986533385093253e+00
1.209600000000000000e+04,3.490461641780819413e+00
1.209700000000000000e+04,3.577515000918785493e+00
1.209800000000000000e+04,3.380761183369461076e+00
1.209900000000000000e+04,3.833712794768692422e+00
1.210000000000000000e+04,3.438572964416356292e+00
1.210100000000000000e+04,3.745564678072343057e+00
1.210200000000000000e+04,3.482056868615675871e+00
1.210300000000000000e+04,3.553446799336647199e+00
1.210400000000000000e+04,4.008226763557733108e+00
1.210500000000000000e+04,3.831901447341890865e+00
1.210600000000000000e+04,3.624251546316229700e+00
1.210700000000000000e+04,3.933790271556754981e+00
1.210800000000000000e+04,3.882601500157770502e+00
1.210900000000000000e+04,3.583029028620655865e+00
1.211000000000000000e+04,3.961549317194020148e+00
1.211100000000000000e+04,3.720872444089704523e+00
1.211200000000000000e+04,3.589562225350301450e+00
1.211300000000000000e+04,4.125414301135272410e+00
1.211400000000000000e+04,3.688723278485813939e+00
1.211500000000000000e+04,3.862759352255503931e+00
1.211600000000000000e+04,3.463686828520007754e+00
1.211700000000000000e+04,3.847526492238920071e+00
1.211800000000000000e+04,3.943638718315094938e+00
1.211900000000000000e+04,3.436499717493553874e+00
1.212000000000000000e+04,3.707027822615102775e+00
1.212100000000000000e+04,3.839049674691215941e+00
1.212200000000000000e+04,3.700582352809279385e+00
1.212300000000000000e+04,3.667130993921726478e+00
1.212400000000000000e+04,3.847671290412824519e+00
1.212500000000000000e+04,3.703554406943932786e+00
1.212600000000000000e+04,3.977262221647729579e+00
1.212700000000000000e+04,3.770795250239127760e+00
1.212800000000000000e+04,3.403431560690052038e+00
1.212900000000000000e+04,3.824846921827702140e+00
1.213000000000000000e+04,3.684310361041869264e+00
1.213100000000000000e+04,3.840553423403367805e+00
1.213200000000000000e+04,3.572219220943660289e+00
1.213300000000000000e+04,3.701272161609372002e+00
1.213400000000000000e+04,3.743382411263013854e+00
1.213500000000000000e+04,3.896489703088609868e+00
1.213600000000000000e+04,3.535696155927633200e+00
1.213700000000000000e+04,3.996415326732123408e+00
1.213800000000000000e+04,3.857460183305629897e+00
1.213900000000000000e+04,3.514123861291375217e+00
1.214000000000000000e+04,3.802339921919348331e+00
1.214100000000000000e+04,3.553862693270913642e+00
1.214200000000000000e+04,3.719921750935058391e+00
1.214300000000000000e+04,3.791226159107285110e+00
1.214400000000000000e+04,3.794590532253950599e+00
1.214500000000000000e+04,3.676810822837313975e+00
1.214600000000000000e+04,4.002348199996622391e+00
1.214700000000000000e+04,3.376715495196328742e+00
1.214800000000000000e+04,3.637630330491095521e+00
1.214900000000000000e+04,3.499045439751001130e+00
1.215000000000000000e+04,3.755622199327364186e+00
1.215100000000000000e+04,3.993569243617296483e+00
1.215200000000000000e+04,3.762318943824965345e+00
1.215300000000000000e+04,4.009281825387065901e+00
1.215400000000000000e+04,3.840479132415290930e+00
1.215500000000000000e+04,3.827427300554859801e+00
1.215600000000000000e+04,3.929091477373743313e+00
1.215700000000000000e+04,4.066728147443761543e+00
1.215800000000000000e+04,3.303075105009092738e+00
1.215900000000000000e+04,3.650966557757925113e+00
1.216000000000000000e+04,3.850002203328839467e+00
1.216100000000000000e+04,3.695059732478636061e+00
1.216200000000000000e+04,3.700384851165910760e+00
1.216300000000000000e+04,3.953896523664751417e+00
1.216400000000000000e+04,3.348122517710987012e+00
1.216500000000000000e+04,3.590620312034817019e+00
1.216600000000000000e+04,3.706269793096952814e+00
1.216700000000000000e+04,3.783350147054997947e+00
1.216800000000000000e+04,3.919600307893487123e+00
1.216900000000000000e+04,3.477607022972835082e+00
1.217000000000000000e+04,3.718560869042732087e+00
1.217100000000000000e+04,3.724844391730441906e+00
1.217200000000000000e+04,3.427338332132126464e+00
1.217300000000000000e+04,3.639041013060174468e+00
1.217400000000000000e+04,3.726622556247833007e+00
1.217500000000000000e+04,3.757325718201888876e+00
1.217600000000000000e+04,3.721931593246735392e+00
1.217700000000000000e+04,3.815234067252115668e+00
1.217800000000000000e+04,3.772206411684359662e+00
1.217900000000000000e+04,3.682541422128363884e+00
1.218000000000000000e+04,3.749758055100320675e+00
1.218100000000000000e+04,3.820302136481185773e+00
1.218200000000000000e+04,3.711872098733719483e+00
1.218300000000000000e+04,3.731478748281903624e+00
1.218400000000000000e+04,3.776328852764530453e+00
1.218500000000000000e+04,3.753514028111457179e+00
1.218600000000000000e+04,3.694817019560967086e+00
1.218700000000000000e+04,3.604273507490214357e+00
1.218800000000000000e+04,3.748740868446041485e+00
1.218900000000000000e+04,3.500373502786323865e+00
1.219000000000000000e+04,3.435806820420808094e+00
1.219100000000000000e+04,3.516736295420244129e+00
1.219200000000000000e+04,3.790420881249048524e+00
1.219300000000000000e+04,3.786410704533993865e+00
1.219400000000000000e+04,3.892862992383278264e+00
1.219500000000000000e+04,3.663160860091692062e+00
1.219600000000000000e+04,3.618234054296958657e+00
1.219700000000000000e+04,3.500499691623462972e+00
1.219800000000000000e+04,3.722542622031532744e+00
1.219900000000000000e+04,3.877162098577092930e+00
1.220000000000000000e+04,3.444646582572049365e+00
1.220100000000000000e+04,3.966253407657355456e+00
1.220200000000000000e+04,3.538375904429601260e+00
1.220300000000000000e+04,3.784284354217446023e+00
1.220400000000000000e+04,3.475120334387682863e+00
1.220500000000000000e+04,4.038461034632809366e+00
1.220600000000000000e+04,3.250332890230337668e+00
1.220700000000000000e+04,3.675218563926068605e+00
1.220800000000000000e+04,3.734866531454952288e+00
1.220900000000000000e+04,4.002479253288408145e+00
1.221000000000000000e+04,3.886212553931879476e+00
1.221100000000000000e+04,3.837286059258860682e+00
1.221200000000000000e+04,3.529479867664760295e+00
1.221300000000000000e+04,3.504610280279875312e+00
1.221400000000000000e+04,3.729864804960332236e+00
1.221500000000000000e+04,4.038858610813973016e+00
1.221600000000000000e+04,4.027662908143936349e+00
1.221700000000000000e+04,3.551870971577567371e+00
1.221800000000000000e+04,4.103464443786651650e+00
1.221900000000000000e+04,3.640589855462477153e+00
1.222000000000000000e+04,3.396475769910463516e+00
1.222100000000000000e+04,3.749530308953008539e+00
1.222200000000000000e+04,3.572932044872366042e+00
1.222300000000000000e+04,3.702823831403168064e+00
1.222400000000000000e+04,3.800793897976222802e+00
1.222500000000000000e+04,3.330531701900939723e+00
1.222600000000000000e+04,3.617224707901207648e+00
1.222700000000000000e+04,3.904571449181493570e+00
1.222800000000000000e+04,3.809882929212125902e+00
1.222900000000000000e+04,3.540577217609288674e+00
1.223000000000000000e+04,3.663192589645237973e+00
1.223100000000000000e+04,3.939334037190047599e+00
1.223200000000000000e+04,3.405706126428949876e+00
1.223300000000000000e+04,3.868989597885173826e+00
1.223400000000000000e+04,3.641859625695357483e+00
1.223500000000000000e+04,3.759130373816294668e+00
1.223600000000000000e+04,3.642788129577635647e+00
1.223700000000000000e+04,3.746074067265106500e+00
1.223800000000000000e+04,3.845413064002011883e+00
1.223900000000000000e+04,3.818364494409651755e+00
1.224000000000000000e+04,3.608002749598790526e+00
1.224100000000000000e+04,3.483541959517591380e+00
1.224200000000000000e+04,3.731722124789282002e+00
1.224300000000000000e+04,3.883829358030937318e+00
1.224400000000000000e+04,3.482283262769443333e+00
1.224500000000000000e+04,3.631426603373864914e+00
1.224600000000000000e+04,3.690418362791376250e+00
1.224700000000000000e+04,3.932408621582743624e+00
1.224800000000000000e+04,3.503985697809260280e+00
1.224900000000000000e+04,3.804170951624473496e+00
1.225000000000000000e+04,3.195283789130296981e+00
1.225100000000000000e+04,4.146471024042288178e+00
1.225200000000000000e+04,3.232393484240805304e+00
1.225300000000000000e+04,3.624545814739644989e+00
1.225400000000000000e+04,3.441648494142747428e+00
1.225500000000000000e+04,3.819880734439619729e+00
1.225600000000000000e+04,3.806252296635105559e+00
1.225700000000000000e+04,3.594598828978239347e+00
1.225800000000000000e+04,3.906221296574222013e+00
1.225900000000000000e+04,3.562977354205398406e+00
1.226000000000000000e+04,3.826035534240365799e+00
1.226100000000000000e+04,3.784173847279095337e+00
1.226200000000000000e+04,3.632321767013502622e+00
1.226300000000000000e+04,3.538089975625153372e+00
1.226400000000000000e+04,3.187616110125820690e+00
1.226500000000000000e+04,3.514867919005996377e+00
1.226600000000000000e+04,3.841440276635510909e+00
1.226700000000000000e+04,3.539922406603474236e+00
1.226800000000000000e+04,3.460358243802442946e+00
1.226900000000000000e+04,3.720705048071461185e+00
1.227000000000000000e+04,3.774647208811939603e+00
1.227100000000000000e+04,3.376317976493397932e+00
1.227200000000000000e+04,3.770881583563421735e+00
1.227300000000000000e+04,3.671845535511983005e+00
1.227400000000000000e+04,3.920471501705248940e+00
1.227500000000000000e+04,3.732703898190361524e+00
1.227600000000000000e+04,3.825389293070486918e+00
1.227700000000000000e+04,3.732910665676410833e+00
1.227800000000000000e+04,3.659327045756757713e+00
1.227900000000000000e+04,3.462498287748155157e+00
1.228000000000000000e+04,3.877938761386478195e+00
1.228100000000000000e+04,3.725455827613983306e+00
1.228200000000000000e+04,3.723112318631850659e+00
1.228300000000000000e+04,3.691433252488309780e+00
1.228400000000000000e+04,3.579407681904128946e+00
1.228500000000000000e+04,3.724007797173013667e+00
1.228600000000000000e+04,3.940351196022555680e+00
1.228700000000000000e+04,3.950932556485218683e+00
1.228800000000000000e+04,3.860883171362162969e+00
1.228900000000000000e+04,3.468488277755593874e+00
1.229000000000000000e+04,3.483590192481217596e+00
1.229100000000000000e+04,3.500560742125985669e+00
1.229200000000000000e+04,3.769845060733613806e+00
1.229300000000000000e+04,3.708177614541186884e+00
1.229400000000000000e+04,3.650809036685528586e+00
1.229500000000000000e+04,3.815224435462589714e+00
1.229600000000000000e+04,3.489896341980790240e+00
1.229700000000000000e+04,3.408907091241303977e+00
1.229800000000000000e+04,3.689664563549943654e+00
1.229900000000000000e+04,3.606741091408676603e+00
1.230000000000000000e+04,3.686889094607375128e+00
1.230100000000000000e+04,3.373221876845002409e+00
1.230200000000000000e+04,3.809720736822842291e+00
1.230300000000000000e+04,3.865852516134995476e+00
1.230400000000000000e+04,3.797625422663676531e+00
1.230500000000000000e+04,3.734950584937189788e+00
1.230600000000000000e+04,3.757840941906515297e+00
1.230700000000000000e+04,3.478158403801260956e+00
1.230800000000000000e+04,3.923614966953631544e+00
1.230900000000000000e+04,3.637198699370981281e+00
1.231000000000000000e+04,3.972738365970212904e+00
1.231100000000000000e+04,3.813555565270739134e+00
1.231200000000000000e+04,3.650340415796342608e+00
1.231300000000000000e+04,3.658864210596915800e+00
1.231400000000000000e+04,3.880189365246653477e+00
1.231500000000000000e+04,3.839903576658751039e+00
1.231600000000000000e+04,3.604256790354487539e+00
1.231700000000000000e+04,3.608808649826810377e+00
1.231800000000000000e+04,3.450186303855023784e+00
1.231900000000000000e+04,3.925349223650267838e+00
1.232000000000000000e+04,3.718601259166342654e+00
1.232100000000000000e+04,3.865663139452375496e+00
1.232200000000000000e+04,3.583005568253799122e+00
1.232300000000000000e+04,3.772242767894478543e+00
1.232400000000000000e+04,3.421690426052504730e+00
1.232500000000000000e+04,3.460790533015431159e+00
1.232600000000000000e+04,3.712079515098630544e+00
1.232700000000000000e+04,3.568291881069531879e+00
1.232800000000000000e+04,3.829786122123865155e+00
1.232900000000000000e+04,3.753721569628363675e+00
1.233000000000000000e+04,3.760022992270704911e+00
1.233100000000000000e+04,3.985875954025275281e+00
1.233200000000000000e+04,3.795184500837533115e+00
1.233300000000000000e+04,3.642044548013392724e+00
1.233400000000000000e+04,3.776693028177271483e+00
1.233500000000000000e+04,4.026015110317220369e+00
1.233600000000000000e+04,3.626657526287790922e+00
1.233700000000000000e+04,3.606011866988941161e+00
1.233800000000000000e+04,3.723581163002769312e+00
1.233900000000000000e+04,3.729932505845010571e+00
1.234000000000000000e+04,3.913445163460471665e+00
1.234100000000000000e+04,3.796918917267612326e+00
1.234200000000000000e+04,3.674550222596986160e+00
1.234300000000000000e+04,3.502834296540745296e+00
1.234400000000000000e+04,3.531126354245463173e+00
1.234500000000000000e+04,3.644157638686320588e+00
1.234600000000000000e+04,3.650845720110527992e+00
1.234700000000000000e+04,3.445527660472726073e+00
1.234800000000000000e+04,3.788057545049222874e+00
1.234900000000000000e+04,3.633855401808444352e+00
1.235000000000000000e+04,3.846653276102948382e+00
1.235100000000000000e+04,3.532901526900813494e+00
1.235200000000000000e+04,3.570220901985548423e+00
1.235300000000000000e+04,3.400941115962751837e+00
1.235400000000000000e+04,3.886188659627268560e+00
1.235500000000000000e+04,3.822054730346802653e+00
1.235600000000000000e+04,3.709747173367786033e+00
1.235700000000000000e+04,3.563571136817813123e+00
1.235800000000000000e+04,3.860975413280537616e+00
1.235900000000000000e+04,3.466849573339601864e+00
1.236000000000000000e+04,3.591388786576269698e+00
1.236100000000000000e+04,3.426298501401643382e+00
1.236200000000000000e+04,3.928242161845136415e+00
1.236300000000000000e+04,3.552834649535278277e+00
1.236400000000000000e+04,3.711942316385597351e+00
1.236500000000000000e+04,4.058409626805342896e+00
1.236600000000000000e+04,3.640351587856582860e+00
1.236700000000000000e+04,3.717502230352368819e+00
1.236800000000000000e+04,3.827944699036128995e+00
1.236900000000000000e+04,3.546060947379561679e+00
1.237000000000000000e+04,3.876696634081063131e+00
1.237100000000000000e+04,3.807365281382092181e+00
1.237200000000000000e+04,4.053356544980690757e+00
1.237300000000000000e+04,3.275464609842328567e+00
1.237400000000000000e+04,3.873156089809702607e+00
1.237500000000000000e+04,3.412326613349951465e+00
1.237600000000000000e+04,3.585208270638642780e+00
1.237700000000000000e+04,3.705332281471745759e+00
1.237800000000000000e+04,3.559584465589876956e+00
1.237900000000000000e+04,3.897191982312673275e+00
1.238000000000000000e+04,3.332151757130441982e+00
1.238100000000000000e+04,3.727012006059021054e+00
1.238200000000000000e+04,3.620356232932019580e+00
1.238300000000000000e+04,3.667445632026656188e+00
1.238400000000000000e+04,3.990803595844238938e+00
1.238500000000000000e+04,3.671884194955329583e+00
1.238600000000000000e+04,3.707996201439682782e+00
1.238700000000000000e+04,3.563653489748448422e+00
1.238800000000000000e+04,3.846706834068192471e+00
1.238900000000000000e+04,3.335556999393726407e+00
1.239000000000000000e+04,3.687818669670300142e+00
1.239100000000000000e+04,3.651405728041736687e+00
1.239200000000000000e+04,3.509099397550887733e+00
1.239300000000000000e+04,3.431707542890764184e+00
1.239400000000000000e+04,3.617502175966353040e+00
1.239500000000000000e+04,3.585385766490351678e+00
1.239600000000000000e+04,3.687772661199146373e+00
1.239700000000000000e+04,3.470115367889694991e+00
1.239800000000000000e+04,3.713909183493847799e+00
1.239900000000000000e+04,3.522757219986261568e+00
1.240000000000000000e+04,3.797208672425186560e+00
1.240100000000000000e+04,3.793180952783935744e+00
1.240200000000000000e+04,3.743717483245407429e+00
1.240300000000000000e+04,3.881821110349945592e+00
1.240400000000000000e+04,3.435407041555779806e+00
1.240500000000000000e+04,3.551091601127295050e+00
1.240600000000000000e+04,3.760011755464140126e+00
1.240700000000000000e+04,3.797646644317365539e+00
1.240800000000000000e+04,3.622519608226007826e+00
1.240900000000000000e+04,3.348128608339652423e+00
1.241000000000000000e+04,3.658284862301947715e+00
1.241100000000000000e+04,3.933433496787337003e+00
1.241200000000000000e+04,3.708388500662613829e+00
1.241300000000000000e+04,3.726736207557345804e+00
1.241400000000000000e+04,3.790133740799830342e+00
1.241500000000000000e+04,3.890509554429651295e+00
1.241600000000000000e+04,3.660041263565791070e+00
1.241700000000000000e+04,3.838023887092706143e+00
1.241800000000000000e+04,3.763002682901039453e+00
1.241900000000000000e+04,3.891791805149946271e+00
1.242000000000000000e+04,3.520120279562457988e+00
1.242100000000000000e+04,3.747239086221625382e+00
1.242200000000000000e+04,3.622967947343258110e+00
1.242300000000000000e+04,3.686019158673977891e+00
1.242400000000000000e+04,3.488276828013280095e+00
1.242500000000000000e+04,3.695128951494159431e+00
1.242600000000000000e+04,3.464807285886032151e+00
1.242700000000000000e+04,3.918551065868285388e+00
1.242800000000000000e+04,3.590971507240596328e+00
1.242900000000000000e+04,3.645916642232232885e+00
1.243000000000000000e+04,3.578131953474547267e+00
1.243100000000000000e+04,3.502641138125163867e+00
1.243200000000000000e+04,3.472687255519832039e+00
1.243300000000000000e+04,3.818028963868748793e+00
1.243400000000000000e+04,3.502828589584495056e+00
1.243500000000000000e+04,3.611888214758661064e+00
1.243600000000000000e+04,3.554517819397217782e+00
1.243700000000000000e+04,3.700136407462464305e+00
1.243800000000000000e+04,3.650124083656791196e+00
1.243900000000000000e+04,4.088637683733091777e+00
1.244000000000000000e+04,3.492369431489908749e+00
1.244100000000000000e+04,3.973951429753735276e+00
1.244200000000000000e+04,3.681072240769864390e+00
1.244300000000000000e+04,3.741793312810429928e+00
1.244400000000000000e+04,3.544191778153878758e+00
1.244500000000000000e+04,3.828498914893728067e+00
1.244600000000000000e+04,3.269991937111560887e+00
1.244700000000000000e+04,3.858777329408431100e+00
1.244800000000000000e+04,3.657374234072992003e+00
1.244900000000000000e+04,3.584638665132279467e+00
1.245000000000000000e+04,3.750953455906644862e+00
1.245100000000000000e+04,3.444478268220545480e+00
1.245200000000000000e+04,3.651717502505055002e+00
1.245300000000000000e+04,3.585084196205395202e+00
1.245400000000000000e+04,3.724851780622046693e+00
1.245500000000000000e+04,3.680272794141411286e+00
1.245600000000000000e+04,3.320288809082748926e+00
1.245700000000000000e+04,3.831125851285022144e+00
1.245800000000000000e+04,3.604404454435500504e+00
1.245900000000000000e+04,3.832867834399213081e+00
1.246000000000000000e+04,3.600908862828596568e+00
1.246100000000000000e+04,3.721121749148151636e+00
1.246200000000000000e+04,3.287995546262001856e+00
1.246300000000000000e+04,3.744116954988165880e+00
1.246400000000000000e+04,3.950370059446634219e+00
1.246500000000000000e+04,3.737732876939841464e+00
1.246600000000000000e+04,3.775203645711440181e+00
1.246700000000000000e+04,3.541050318171404587e+00
1.246800000000000000e+04,3.705348077834334397e+00
1.246900000000000000e+04,3.725947244869775243e+00
1.247000000000000000e+04,3.685590925731325740e+00
1.247100000000000000e+04,3.744272718415735834e+00
1.247200000000000000e+04,3.209960774297059061e+00
1.247300000000000000e+04,3.856145573755266565e+00
1.247400000000000000e+04,3.549745574888363286e+00
1.247500000000000000e+04,3.710233459760996499e+00
1.247600000000000000e+04,3.702569997860295281e+00
1.247700000000000000e+04,3.376592720477051390e+00
1.247800000000000000e+04,3.343419196069923771e+00
1.247900000000000000e+04,3.612782690174011435e+00
1.248000000000000000e+04,3.602037696731331895e+00
1.248100000000000000e+04,3.781869137453747420e+00
1.248200000000000000e+04,3.739187815124470848e+00
1.248300000000000000e+04,3.941330318737843896e+00
1.248400000000000000e+04,3.606598472156516522e+00
1.248500000000000000e+04,3.786125025355050244e+00
1.248600000000000000e+04,3.883642558311469983e+00
1.248700000000000000e+04,3.794977751769072594e+00
1.248800000000000000e+04,3.567507713383514911e+00
1.248900000000000000e+04,3.975128914268495350e+00
1.249000000000000000e+04,3.778132475827430170e+00
1.249100000000000000e+04,3.755868043783504806e+00
1.249200000000000000e+04,3.622244955788942011e+00
1.249300000000000000e+04,3.648811597081438762e+00
1.249400000000000000e+04,3.355982376527359978e+00
1.249500000000000000e+04,3.522928779052536541e+00
1.249600000000000000e+04,3.487378429019044379e+00
1.249700000000000000e+04,3.591294362614459335e+00
1.249800000000000000e+04,3.655150935438926219e+00
1.249900000000000000e+04,3.434859787126798736e+00
1.250000000000000000e+04,3.960658795235991292e+00
1.250100000000000000e+04,3.499234413679055855e+00
1.250200000000000000e+04,3.768727708829244349e+00
1.250300000000000000e+04,3.672577476518277262e+00
1.250400000000000000e+04,3.912624757564898470e+00
1.250500000000000000e+04,3.511301937681736263e+00
1.250600000000000000e+04,3.336570272188465136e+00
1.250700000000000000e+04,3.794867526218411946e+00
1.250800000000000000e+04,3.542140716500461028e+00
1.250900000000000000e+04,3.654529815883083010e+00
1.251000000000000000e+04,3.536205627891332082e+00
1.251100000000000000e+04,3.233979493789637782e+00
1.251200000000000000e+04,3.496575311182292811e+00
1.251300000000000000e+04,3.202854906463850515e+00
1.251400000000000000e+04,3.733912295113687385e+00
1.251500000000000000e+04,3.913026053124772030e+00
1.251600000000000000e+04,3.460358116581592647e+00
1.251700000000000000e+04,4.037280185676756616e+00
1.251800000000000000e+04,3.759739530900974458e+00
1.251900000000000000e+04,3.506595513088937910e+00
1.252000000000000000e+04,3.557731812267545646e+00
1.252100000000000000e+04,3.846696153670706941e+00
1.252200000000000000e+04,3.617155167608584687e+00
1.252300000000000000e+04,3.928610398017130301e+00
1.252400000000000000e+04,3.573599769959591832e+00
1.252500000000000000e+04,3.729648597962742951e+00
1.252600000000000000e+04,3.715451048408007662e+00
1.252700000000000000e+04,3.574250508237059698e+00
1.252800000000000000e+04,3.548700683967244363e+00
1.252900000000000000e+04,3.508286972663777536e+00
1.253000000000000000e+04,3.571681967914309919e+00
1.253100000000000000e+04,3.809245211146520482e+00
1.253200000000000000e+04,3.592578354271066310e+00
1.253300000000000000e+04,3.493838124005685941e+00
1.253400000000000000e+04,3.447393799672288317e+00
1.253500000000000000e+04,3.398711602781500307e+00
1.253600000000000000e+04,4.076280180674576314e+00
1.253700000000000000e+04,3.530908441931154940e+00
1.253800000000000000e+04,3.455682136598073662e+00
1.253900000000000000e+04,4.040273584004014928e+00
1.254000000000000000e+04,3.843058192925598693e+00
1.254100000000000000e+04,3.810662031437262787e+00
1.254200000000000000e+04,3.444293272423935459e+00
1.254300000000000000e+04,3.612506489218888284e+00
1.254400000000000000e+04,3.497728796473154045e+00
1.254500000000000000e+04,3.678779589417762619e+00
1.254600000000000000e+04,3.817939270017468356e+00
1.254700000000000000e+04,3.926600234047104010e+00
1.254800000000000000e+04,3.750330844126100960e+00
1.254900000000000000e+04,3.895174729852755480e+00
1.255000000000000000e+04,3.764658054093387385e+00
1.255100000000000000e+04,3.568591683682470705e+00
1.255200000000000000e+04,3.965320994835863200e+00
1.255300000000000000e+04,3.622925197237937489e+00
1.255400000000000000e+04,4.062233737765390984e+00
1.255500000000000000e+04,3.819344947424712533e+00
1.255600000000000000e+04,3.999573448342728987e+00
1.255700000000000000e+04,3.617317303596613076e+00
1.255800000000000000e+04,3.678420361233343705e+00
1.255900000000000000e+04,3.651907338314875240e+00
1.256000000000000000e+04,3.900563368179356338e+00
1.256100000000000000e+04,3.542471612592784425e+00
1.256200000000000000e+04,3.468363494810349668e+00
1.256300000000000000e+04,3.826447591239920953e+00
1.256400000000000000e+04,3.713161332347745258e+00
1.256500000000000000e+04,4.024189251784980215e+00
1.256600000000000000e+04,3.580811243095275653e+00
1.256700000000000000e+04,3.636590197773258648e+00
1.256800000000000000e+04,3.804148388304923412e+00
1.256900000000000000e+04,3.745682096807518846e+00
1.257000000000000000e+04,3.617709173553551150e+00
1.257100000000000000e+04,3.733473957501872498e+00
1.257200000000000000e+04,3.683003174589099871e+00
1.257300000000000000e+04,3.703947500724843689e+00
1.257400000000000000e+04,3.633445226261248884e+00
1.257500000000000000e+04,3.675198271022093177e+00
1.257600000000000000e+04,3.752133595167523872e+00
1.257700000000000000e+04,3.580608939628211029e+00
1.257800000000000000e+04,3.797180713753413706e+00
1.257900000000000000e+04,3.618117681530136576e+00
1.258000000000000000e+04,4.015690688366031047e+00
1.258100000000000000e+04,3.923743276065978947e+00
1.258200000000000000e+04,3.758620654377096582e+00
1.258300000000000000e+04,3.703106965787233751e+00
1.258400000000000000e+04,3.416275587224013588e+00
1.258500000000000000e+04,3.591739297611102000e+00
1.258600000000000000e+04,3.632045040726247009e+00
1.258700000000000000e+04,3.932495267928624916e+00
1.258800000000000000e+04,3.252644710793263894e+00
1.258900000000000000e+04,3.421673484548743538e+00
1.259000000000000000e+04,3.529300689950934267e+00
1.259100000000000000e+04,3.596718590979405494e+00
1.259200000000000000e+04,3.505481686097303484e+00
1.259300000000000000e+04,3.902736195403002650e+00
1.259400000000000000e+04,3.873698984842270931e+00
1.259500000000000000e+04,4.015459265417796075e+00
1.259600000000000000e+04,3.563268065345368552e+00
1.259700000000000000e+04,3.482524048120831051e+00
1.259800000000000000e+04,3.814165931926194908e+00
1.259900000000000000e+04,3.644094507031889307e+00
1.260000000000000000e+04,3.702968236255080647e+00
1.260100000000000000e+04,3.385370988704529793e+00
1.260200000000000000e+04,3.757672374081639344e+00
1.260300000000000000e+04,3.804236739615589613e+00
1.260400000000000000e+04,3.753280117367991942e+00
1.260500000000000000e+04,3.909513741546190246e+00
1.260600000000000000e+04,3.701715454200506183e+00
1.260700000000000000e+04,3.587698484462948034e+00
1.260800000000000000e+04,3.814087640535915202e+00
1.260900000000000000e+04,3.432936583010939735e+00
1.261000000000000000e+04,3.684606302955078405e+00
1.261100000000000000e+04,3.722980708842846376e+00
1.261200000000000000e+04,3.395825211847853353e+00
1.261300000000000000e+04,3.648209712736546706e+00
1.261400000000000000e+04,3.552365772067323846e+00
1.261500000000000000e+04,3.848395369190750426e+00
1.261600000000000000e+04,3.821575398545461244e+00
1.261700000000000000e+04,3.296647995701808664e+00
1.261800000000000000e+04,4.082859432032023506e+00
1.261900000000000000e+04,3.876535469067992068e+00
1.262000000000000000e+04,3.464712796432515951e+00
1.262100000000000000e+04,3.509504274506237920e+00
1.262200000000000000e+04,3.696839119400125551e+00
1.262300000000000000e+04,3.591394666970758376e+00
1.262400000000000000e+04,3.622075195707985085e+00
1.262500000000000000e+04,3.797856410392145055e+00
1.262600000000000000e+04,3.641152281243402733e+00
1.262700000000000000e+04,3.803904672109155172e+00
1.262800000000000000e+04,3.782129039864108311e+00
1.262900000000000000e+04,3.468102146643506689e+00
1.263000000000000000e+04,3.558570365195198981e+00
1.263100000000000000e+04,3.659358939105678665e+00
1.263200000000000000e+04,3.544795935327646585e+00
1.263300000000000000e+04,3.694987509635107248e+00
1.263400000000000000e+04,3.681155532940462383e+00
1.263500000000000000e+04,3.553429754290935438e+00
1.263600000000000000e+04,3.598930459502209356e+00
1.263700000000000000e+04,3.964424855228822153e+00
1.263800000000000000e+04,3.626484892233530211e+00
1.263900000000000000e+04,3.617315174302765612e+00
1.264000000000000000e+04,3.795447040779170500e+00
1.264100000000000000e+04,3.899255915567652497e+00
1.264200000000000000e+04,3.664780217365275483e+00
1.264300000000000000e+04,3.908241061887918200e+00
1.264400000000000000e+04,4.011672102044626875e+00
1.264500000000000000e+04,3.679122483822593992e+00
1.264600000000000000e+04,4.164676528469004602e+00
1.264700000000000000e+04,3.666782174102162006e+00
1.264800000000000000e+04,3.378687352096372276e+00
1.264900000000000000e+04,3.740706259563629565e+00
1.265000000000000000e+04,3.613876568157743829e+00
1.265100000000000000e+04,3.518363739141527002e+00
1.265200000000000000e+04,3.688845014512798226e+00
1.265300000000000000e+04,3.754812882661990869e+00
1.265400000000000000e+04,3.408394738827796644e+00
1.265500000000000000e+04,3.487612943288516565e+00
1.265600000000000000e+04,3.765291647733889135e+00
1.265700000000000000e+04,3.580827317814525124e+00
1.265800000000000000e+04,3.544207896771754740e+00
1.265900000000000000e+04,3.486504197620584389e+00
1.266000000000000000e+04,3.546989337283522392e+00
1.266100000000000000e+04,3.884239220007782656e+00
1.266200000000000000e+04,3.491359658629338281e+00
1.266300000000000000e+04,3.738149102648804067e+00
1.266400000000000000e+04,3.818543161628115357e+00
1.266500000000000000e+04,3.713452635647290112e+00
1.266600000000000000e+04,3.531102528807375851e+00
1.266700000000000000e+04,3.739679082230661145e+00
1.266800000000000000e+04,3.614420181581199820e+00
1.266900000000000000e+04,3.614963529953605814e+00
1.267000000000000000e+04,3.661529425141026195e+00
1.267100000000000000e+04,3.580767106554794577e+00
1.267200000000000000e+04,4.071106003988187005e+00
1.267300000000000000e+04,3.459759964878798666e+00
1.267400000000000000e+04,3.657626947638775494e+00
1.267500000000000000e+04,3.855757054675100104e+00
1.267600000000000000e+04,3.703389648666636891e+00
1.267700000000000000e+04,3.791539838676699858e+00
1.267800000000000000e+04,3.605688803269695875e+00
1.267900000000000000e+04,4.133398050411850377e+00
1.268000000000000000e+04,3.554984746116831129e+00
1.268100000000000000e+04,3.597136841939388319e+00
1.268200000000000000e+04,3.853171285037286342e+00
1.268300000000000000e+04,3.787711827336456505e+00
1.268400000000000000e+04,3.468302157761055327e+00
1.268500000000000000e+04,3.603556572349697174e+00
1.268600000000000000e+04,3.440280354083248060e+00
1.268700000000000000e+04,3.892486279225000789e+00
1.268800000000000000e+04,3.724285898461926259e+00
1.268900000000000000e+04,3.801456736198231212e+00
1.269000000000000000e+04,3.984417136984466534e+00
1.269100000000000000e+04,3.550158940342389879e+00
1.269200000000000000e+04,3.899335225223396595e+00
1.269300000000000000e+04,3.914605038100394285e+00
1.269400000000000000e+04,3.433571957861878410e+00
1.269500000000000000e+04,3.818854824350773391e+00
1.269600000000000000e+04,4.043705319293391831e+00
1.269700000000000000e+04,3.491680640712807371e+00
1.269800000000000000e+04,3.503426572844698050e+00
1.269900000000000000e+04,3.784019794803853198e+00
1.270000000000000000e+04,3.375605232408210643e+00
1.270100000000000000e+04,3.656267911130843817e+00
1.270200000000000000e+04,4.096012136173718510e+00
1.270300000000000000e+04,3.750061154667837737e+00
1.270400000000000000e+04,3.738455540711548064e+00
1.270500000000000000e+04,4.006569242441979206e+00
1.270600000000000000e+04,3.763614355140613821e+00
1.270700000000000000e+04,3.528169665292855139e+00
1.270800000000000000e+04,3.397713409399472972e+00
1.270900000000000000e+04,3.448877688246439366e+00
1.271000000000000000e+04,3.946135635084510263e+00
1.271100000000000000e+04,3.835315950649690553e+00
1.271200000000000000e+04,3.620345950494280540e+00
1.271300000000000000e+04,3.756461435846978780e+00
1.271400000000000000e+04,3.871069529299857592e+00
1.271500000000000000e+04,3.651710708909889913e+00
1.271600000000000000e+04,3.699745009650407646e+00
1.271700000000000000e+04,3.471013395747226671e+00
1.271800000000000000e+04,3.719950432632668225e+00
1.271900000000000000e+04,3.705815301151394348e+00
1.272000000000000000e+04,3.765636136552664048e+00
1.272100000000000000e+04,3.515435970123299114e+00
1.272200000000000000e+04,3.896931682770909955e+00
1.272300000000000000e+04,3.711354139587661916e+00
1.272400000000000000e+04,4.064230765736414952e+00
1.272500000000000000e+04,3.652984743528911338e+00
1.272600000000000000e+04,3.468794988842201832e+00
1.272700000000000000e+04,3.412929832511693462e+00
1.272800000000000000e+04,3.282968339443752548e+00
1.272900000000000000e+04,3.575684122050418079e+00
1.273000000000000000e+04,3.712506764413616267e+00
1.273100000000000000e+04,3.510483441055708642e+00
1.273200000000000000e+04,3.594713494950925181e+00
1.273300000000000000e+04,4.050567498970805147e+00
1.273400000000000000e+04,4.197434166292937086e+00
1.273500000000000000e+04,3.620984384924489152e+00
1.273600000000000000e+04,3.821028183045993565e+00
1.273700000000000000e+04,3.396856216454902100e+00
1.273800000000000000e+04,3.675918026033343722e+00
1.273900000000000000e+04,3.890322167199254277e+00
1.274000000000000000e+04,3.423227085291191241e+00
1.274100000000000000e+04,3.862951074156277365e+00
1.274200000000000000e+04,3.484816279636377967e+00
1.274300000000000000e+04,3.659790149776646739e+00
1.274400000000000000e+04,3.673255108456214835e+00
1.274500000000000000e+04,3.839291653658151837e+00
1.274600000000000000e+04,3.573442328891685449e+00
1.274700000000000000e+04,3.755582306402604598e+00
1.274800000000000000e+04,3.721258293807403028e+00
1.274900000000000000e+04,3.662900990023861159e+00
1.275000000000000000e+04,3.750445704675513969e+00
1.275100000000000000e+04,3.806165129823415150e+00
1.275200000000000000e+04,3.544245861721210034e+00
1.275300000000000000e+04,3.641772322183962629e+00
1.275400000000000000e+04,3.754244994643564315e+00
1.275500000000000000e+04,3.667873787623460391e+00
1.275600000000000000e+04,3.290889051623716810e+00
1.275700000000000000e+04,3.354325285608126261e+00
1.275800000000000000e+04,3.691923141244967788e+00
1.275900000000000000e+04,3.381561808733183128e+00
1.276000000000000000e+04,3.392856262687178326e+00
1.276100000000000000e+04,3.730921095144790645e+00
1.276200000000000000e+04,4.181581109610416291e+00
1.276300000000000000e+04,3.771621131218423795e+00
1.276400000000000000e+04,3.476185427389470117e+00
1.276500000000000000e+04,3.871924860675134195e+00
1.276600000000000000e+04,3.506571211495948415e+00
1.276700000000000000e+04,3.516621530490821712e+00
1.276800000000000000e+04,3.680110974770790744e+00
1.276900000000000000e+04,3.418234250278185282e+00
1.277000000000000000e+04,3.745479920577662547e+00
1.277100000000000000e+04,3.415036152031992511e+00
1.277200000000000000e+04,3.627218935509774145e+00
1.277300000000000000e+04,3.350501783810494683e+00
1.277400000000000000e+04,3.650004718652569036e+00
1.277500000000000000e+04,3.592655238422964192e+00
1.277600000000000000e+04,3.835657760653011117e+00
1.277700000000000000e+04,3.713873068527266064e+00
1.277800000000000000e+04,3.682867017853253433e+00
1.277900000000000000e+04,3.485109922298662788e+00
1.278000000000000000e+04,3.387136041028718569e+00
1.278100000000000000e+04,3.687530729425756881e+00
1.278200000000000000e+04,3.707621108928177645e+00
1.278300000000000000e+04,3.674721748832222801e+00
1.278400000000000000e+04,3.487853847399729368e+00
1.278500000000000000e+04,3.438354257720839247e+00
1.278600000000000000e+04,3.694851251362742506e+00
1.278700000000000000e+04,3.660183214473339497e+00
1.278800000000000000e+04,3.759956926868531557e+00
1.278900000000000000e+04,3.270861910690637586e+00
1.279000000000000000e+04,3.627046208778172076e+00
1.279100000000000000e+04,3.594420657783195416e+00
1.279200000000000000e+04,3.439307120728380518e+00
1.279300000000000000e+04,3.678595297748521453e+00
1.279400000000000000e+04,3.690642293072596836e+00
1.279500000000000000e+04,3.713789455992286825e+00
1.279600000000000000e+04,4.027236850911796395e+00
1.279700000000000000e+04,3.698693699568392557e+00
1.279800000000000000e+04,3.515619885328669536e+00
1.279900000000000000e+04,3.723428520227431093e+00
1.280000000000000000e+04,3.587581660558015528e+00
1.280100000000000000e+04,3.831031294467783344e+00
1.280200000000000000e+04,3.677646031238393398e+00
1.280300000000000000e+04,3.865920537897035825e+00
1.280400000000000000e+04,3.488159629118505300e+00
1.280500000000000000e+04,3.627514946312723865e+00
1.280600000000000000e+04,3.750735877397433082e+00
1.280700000000000000e+04,3.851082624525898446e+00
1.280800000000000000e+04,3.571443672459067020e+00
1.280900000000000000e+04,3.984301482309456244e+00
1.281000000000000000e+04,4.003043126194306467e+00
1.281100000000000000e+04,3.610673026765092608e+00
1.281200000000000000e+04,3.638294339464923866e+00
1.281300000000000000e+04,3.653459515132093216e+00
1.281400000000000000e+04,3.553351109434700561e+00
1.281500000000000000e+04,3.766666168007327009e+00
1.281600000000000000e+04,4.024752145338687193e+00
1.281700000000000000e+04,3.464440072366587575e+00
1.281800000000000000e+04,3.605097506271668362e+00
1.281900000000000000e+04,3.801061021518995275e+00
1.282000000000000000e+04,3.528849825295469866e+00
1.282100000000000000e+04,3.985886103864883179e+00
1.282200000000000000e+04,3.456639221310329191e+00
1.282300000000000000e+04,3.573549056581354577e+00
1.282400000000000000e+04,3.824077646928118135e+00
1.282500000000000000e+04,3.653539012220199389e+00
1.282600000000000000e+04,3.669475952653523443e+00
1.282700000000000000e+04,3.415618324248295590e+00
1.282800000000000000e+04,3.480240515890068664e+00
1.282900000000000000e+04,4.030115418061618549e+00
1.283000000000000000e+04,3.603732298480307961e+00
1.283100000000000000e+04,3.570976551953673361e+00
1.283200000000000000e+04,3.672847906735102530e+00
1.283300000000000000e+04,3.735769980739926055e+00
1.283400000000000000e+04,3.610218550217064504e+00
1.283500000000000000e+04,3.573390171529398973e+00
1.283600000000000000e+04,3.735819032525936834e+00
1.283700000000000000e+04,3.463887567437107240e+00
1.283800000000000000e+04,3.863689865217727171e+00
1.283900000000000000e+04,3.619004355960971253e+00
1.284000000000000000e+04,3.466827223992335227e+00
1.284100000000000000e+04,3.554326488503468884e+00
1.284200000000000000e+04,3.528372747436989254e+00
1.284300000000000000e+04,3.367575316424884946e+00
1.284400000000000000e+04,3.692176299623106672e+00
1.284500000000000000e+04,3.394679395586741588e+00
1.284600000000000000e+04,3.712506925647581557e+00
1.284700000000000000e+04,3.428151293577517578e+00
1.284800000000000000e+04,3.524099801766828577e+00
1.284900000000000000e+04,3.681723605682424516e+00
1.285000000000000000e+04,3.502593932900699869e+00
1.285100000000000000e+04,3.445147677414385434e+00
1.285200000000000000e+04,3.670781250398634121e+00
1.285300000000000000e+04,3.422320080055095470e+00
1.285400000000000000e+04,3.536561866669825527e+00
1.285500000000000000e+04,3.706993160878685689e+00
1.285600000000000000e+04,3.350931100811323393e+00
1.285700000000000000e+04,3.742016944844522630e+00
1.285800000000000000e+04,3.394634774628574547e+00
1.285900000000000000e+04,4.001195348221899373e+00
1.286000000000000000e+04,3.744078425419341105e+00
1.286100000000000000e+04,3.905096804535185484e+00
1.286200000000000000e+04,3.566712948601582056e+00
1.286300000000000000e+04,3.639235326317233010e+00
1.286400000000000000e+04,3.429921218904749658e+00
1.286500000000000000e+04,4.010641975543491888e+00
1.286600000000000000e+04,3.429982936068735722e+00
1.286700000000000000e+04,3.705180882943964971e+00
1.286800000000000000e+04,3.515954374502093138e+00
1.286900000000000000e+04,3.352646765674938578e+00
1.287000000000000000e+04,3.473719225191377991e+00
1.287100000000000000e+04,3.823766478832595794e+00
1.287200000000000000e+04,3.557848849166349137e+00
1.287300000000000000e+04,3.764543571019176582e+00
1.287400000000000000e+04,3.707471141721123686e+00
1.287500000000000000e+04,3.725769767503551932e+00
1.287600000000000000e+04,3.354978696144272909e+00
1.287700000000000000e+04,3.695144974286407979e+00
1.287800000000000000e+04,3.084190712878405627e+00
1.287900000000000000e+04,3.738490864371083244e+00
1.288000000000000000e+04,3.687454582563238770e+00
1.288100000000000000e+04,3.560386191218467555e+00
1.288200000000000000e+04,3.401410790901232328e+00
1.288300000000000000e+04,3.693147201281955727e+00
1.288400000000000000e+04,3.524048751085985032e+00
1.288500000000000000e+04,3.601109972691829419e+00
1.288600000000000000e+04,3.557736583850604095e+00
1.288700000000000000e+04,3.693877669305148714e+00
1.288800000000000000e+04,3.854628886202235538e+00
1.288900000000000000e+04,3.800084759668267420e+00
1.289000000000000000e+04,3.790287531804642729e+00
1.289100000000000000e+04,3.420151543881037703e+00
1.289200000000000000e+04,3.609848872520245333e+00
1.289300000000000000e+04,3.492085769572163656e+00
1.289400000000000000e+04,3.516147557324969419e+00
1.289500000000000000e+04,3.845393237302948464e+00
1.289600000000000000e+04,3.406111984389841751e+00
1.289700000000000000e+04,3.490123565284100948e+00
1.289800000000000000e+04,4.057859354637542992e+00
1.289900000000000000e+04,3.763695700761350960e+00
1.290000000000000000e+04,3.366955392662307478e+00
1.290100000000000000e+04,3.647134048798319039e+00
1.290200000000000000e+04,3.595454584356954530e+00
1.290300000000000000e+04,3.684656425663503931e+00
1.290400000000000000e+04,3.505053414586768223e+00
1.290500000000000000e+04,3.621759017908895206e+00
1.290600000000000000e+04,3.698287551516155958e+00
1.290700000000000000e+04,3.884832388122115177e+00
1.290800000000000000e+04,3.986698356969842649e+00
1.290900000000000000e+04,3.676242196769334392e+00
1.291000000000000000e+04,3.354854313817235756e+00
1.291100000000000000e+04,3.609433563874145268e+00
1.291200000000000000e+04,3.346870540008048955e+00
1.291300000000000000e+04,3.588870160370305484e+00
1.291400000000000000e+04,3.495761840498109230e+00
1.291500000000000000e+04,3.700092677215804038e+00
1.291600000000000000e+04,3.800760714612511304e+00
1.291700000000000000e+04,3.483974842832974872e+00
1.291800000000000000e+04,3.650890891957736084e+00
1.291900000000000000e+04,3.732306131676284888e+00
1.292000000000000000e+04,3.668680391792870310e+00
1.292100000000000000e+04,3.856549763387464136e+00
1.292200000000000000e+04,3.874294178612190720e+00
1.292300000000000000e+04,3.605360448825770447e+00
1.292400000000000000e+04,3.432164613285328958e+00
1.292500000000000000e+04,3.568551042487051905e+00
1.292600000000000000e+04,3.596669853558428276e+00
1.292700000000000000e+04,3.463199414390894848e+00
1.292800000000000000e+04,3.599215918734643971e+00
1.292900000000000000e+04,3.415745716400602205e+00
1.293000000000000000e+04,3.843151567396963841e+00
1.293100000000000000e+04,3.821118470091048547e+00
1.293200000000000000e+04,3.520514553433740090e+00
1.293300000000000000e+04,3.843550703427097925e+00
1.293400000000000000e+04,3.562396270199714721e+00
1.293500000000000000e+04,3.580924535816320198e+00
1.293600000000000000e+04,3.566512456190428448e+00
1.293700000000000000e+04,3.739025297479834364e+00
1.293800000000000000e+04,3.799877745992572997e+00
1.293900000000000000e+04,3.646277251787227058e+00
1.294000000000000000e+04,4.040551503938021760e+00
1.294100000000000000e+04,3.816822132568721049e+00
1.294200000000000000e+04,3.727059899516903307e+00
1.294300000000000000e+04,3.631232113564633046e+00
1.294400000000000000e+04,3.549090033811175715e+00
1.294500000000000000e+04,3.765542294985550598e+00
1.294600000000000000e+04,3.383770447720771735e+00
1.294700000000000000e+04,3.342247421504651594e+00
1.294800000000000000e+04,3.713040006736872733e+00
1.294900000000000000e+04,3.995457919739896724e+00
1.295000000000000000e+04,3.730268238753020160e+00
1.295100000000000000e+04,3.993643197888288032e+00
1.295200000000000000e+04,3.686828279363556504e+00
1.295300000000000000e+04,3.547582520473272272e+00
1.295400000000000000e+04,3.840870866398389261e+00
1.295500000000000000e+04,3.424147992321040501e+00
1.295600000000000000e+04,3.436393621191120129e+00
1.295700000000000000e+04,3.626937119123523789e+00
1.295800000000000000e+04,3.848448689811767132e+00
1.295900000000000000e+04,3.315234326898963246e+00
1.296000000000000000e+04,3.810373885955688600e+00
1.296100000000000000e+04,3.613110212784759412e+00
1.296200000000000000e+04,3.873996815695005314e+00
1.296300000000000000e+04,3.338011337833700409e+00
1.296400000000000000e+04,3.753889199752266759e+00
1.296500000000000000e+04,4.001740475646737849e+00
1.296600000000000000e+04,3.643617032086486240e+00
1.296700000000000000e+04,3.572778093537403166e+00
1.296800000000000000e+04,3.495047412448935908e+00
1.296900000000000000e+04,3.781004560451079577e+00
1.297000000000000000e+04,3.523183666884512011e+00
1.297100000000000000e+04,3.468171651464742489e+00
1.297200000000000000e+04,3.628294061857693542e+00
1.297300000000000000e+04,3.529425814403623463e+00
1.297400000000000000e+04,3.808923573552536190e+00
1.297500000000000000e+04,3.833016782464386818e+00
1.297600000000000000e+04,4.072923514047126048e+00
1.297700000000000000e+04,3.926630686438016493e+00
1.297800000000000000e+04,3.962559852356756451e+00
1.297900000000000000e+04,3.687962296885771263e+00
1.298000000000000000e+04,3.711763864324249873e+00
1.298100000000000000e+04,3.427786557756850261e+00
1.298200000000000000e+04,3.666079022813400812e+00
1.298300000000000000e+04,3.608543792339881762e+00
1.298400000000000000e+04,3.599438120871896629e+00
1.298500000000000000e+04,3.880514234817007413e+00
1.298600000000000000e+04,3.637617212299891545e+00
1.298700000000000000e+04,3.682338568525241662e+00
1.298800000000000000e+04,3.601205905738833479e+00
1.298900000000000000e+04,3.932774092597442372e+00
1.299000000000000000e+04,3.540024433384204361e+00
1.299100000000000000e+04,3.310950925772474296e+00
1.299200000000000000e+04,3.714677223024069885e+00
1.299300000000000000e+04,3.467166118407130515e+00
1.299400000000000000e+04,3.543881658817327640e+00
1.299500000000000000e+04,3.533762302724515525e+00
1.299600000000000000e+04,3.621867873464707621e+00
1.299700000000000000e+04,3.637547914861059883e+00
1.299800000000000000e+04,3.592292816735625394e+00
1.299900000000000000e+04,3.534292788636922200e+00
1.300000000000000000e+04,3.514664575271022162e+00
1.300100000000000000e+04,4.043152109094486413e+00
1.300200000000000000e+04,3.539092234954821059e+00
1.300300000000000000e+04,3.383450322367583141e+00
1.300400000000000000e+04,3.886624338388686706e+00
1.300500000000000000e+04,3.376828628666622478e+00
1.300600000000000000e+04,3.553601601897908413e+00
1.300700000000000000e+04,4.026372427222685957e+00
1.300800000000000000e+04,3.393845045569767294e+00
1.300900000000000000e+04,3.619526027175370420e+00
1.301000000000000000e+04,3.259190678888781445e+00
1.301100000000000000e+04,3.852009545945338065e+00
1.301200000000000000e+04,3.552959538101730264e+00
1.301300000000000000e+04,3.721072626827522711e+00
1.301400000000000000e+04,3.610307539860192261e+00
1.301500000000000000e+04,3.914082743698200417e+00
1.301600000000000000e+04,3.870268669413578166e+00
1.301700000000000000e+04,3.733823885279886401e+00
1.301800000000000000e+04,3.269327426278561877e+00
1.301900000000000000e+04,3.856635098277982898e+00
1.302000000000000000e+04,3.872831101331240422e+00
1.302100000000000000e+04,3.179280797993144780e+00
1.302200000000000000e+04,3.577244310103748326e+00
1.302300000000000000e+04,3.527340033288001830e+00
1.302400000000000000e+04,4.114458506951477190e+00
1.302500000000000000e+04,3.468522913175688061e+00
1.302600000000000000e+04,3.656549442109871428e+00
1.302700000000000000e+04,3.462285815376338505e+00
1.302800000000000000e+04,3.813984254397762896e+00
1.302900000000000000e+04,3.624477922879293157e+00
1.303000000000000000e+04,3.849822205142515941e+00
1.303100000000000000e+04,3.621989409787855774e+00
1.303200000000000000e+04,3.546012554175789866e+00
1.303300000000000000e+04,3.496941641985170879e+00
1.303400000000000000e+04,3.972271547167116612e+00
1.303500000000000000e+04,4.057625512868956896e+00
1.303600000000000000e+04,3.901043629260609880e+00
1.303700000000000000e+04,3.326623797813775596e+00
1.303800000000000000e+04,3.841141408973981264e+00
1.303900000000000000e+04,3.479088478678547425e+00
1.304000000000000000e+04,3.657854923259249436e+00
1.304100000000000000e+04,3.543512904666860308e+00
1.304200000000000000e+04,3.465210592113875609e+00
1.304300000000000000e+04,3.371179223351175036e+00
1.304400000000000000e+04,3.860437526431168109e+00
1.304500000000000000e+04,3.790103483396333406e+00
1.304600000000000000e+04,3.780616668747875941e+00
1.304700000000000000e+04,3.703240885982408415e+00
1.304800000000000000e+04,3.760480112820822285e+00
1.304900000000000000e+04,3.639724546596293298e+00
1.305000000000000000e+04,3.603731534929726976e+00
1.305100000000000000e+04,3.779225474398688611e+00
1.305200000000000000e+04,3.832076096454115177e+00
1.305300000000000000e+04,3.402407882530297023e+00
1.305400000000000000e+04,3.805186235246183823e+00
1.305500000000000000e+04,3.951587049146211506e+00
1.305600000000000000e+04,3.728616003238365728e+00
1.305700000000000000e+04,3.557300115078606328e+00
1.305800000000000000e+04,4.011812308808872629e+00
1.305900000000000000e+04,3.852683047418788753e+00
1.306000000000000000e+04,3.471728963279842706e+00
1.306100000000000000e+04,3.798568489313903118e+00
1.306200000000000000e+04,3.672780262567718168e+00
1.306300000000000000e+04,4.028911556850069964e+00
1.306400000000000000e+04,3.824339861814629149e+00
1.306500000000000000e+04,3.744505554941419678e+00
1.306600000000000000e+04,3.473954938172910900e+00
1.306700000000000000e+04,3.769669253822194310e+00
1.306800000000000000e+04,3.811088625052237777e+00
1.306900000000000000e+04,3.656559206864350209e+00
1.307000000000000000e+04,3.534456926693967382e+00
1.307100000000000000e+04,4.003084644128400704e+00
1.307200000000000000e+04,3.802999825050950022e+00
1.307300000000000000e+04,3.714066767443352290e+00
1.307400000000000000e+04,3.484296684557313117e+00
1.307500000000000000e+04,4.007031222077976018e+00
1.307600000000000000e+04,3.685100826599680968e+00
1.307700000000000000e+04,3.421291899916975687e+00
1.307800000000000000e+04,3.627461371496253140e+00
1.307900000000000000e+04,3.583168970629299288e+00
1.308000000000000000e+04,3.602003964323644336e+00
1.308100000000000000e+04,3.518934958167948324e+00
1.308200000000000000e+04,3.614788310164765761e+00
1.308300000000000000e+04,4.113396278534277251e+00
1.308400000000000000e+04,3.570638676050782667e+00
1.308500000000000000e+04,3.637793006352576963e+00
1.308600000000000000e+04,3.965775796023581989e+00
1.308700000000000000e+04,3.528273312624920166e+00
1.308800000000000000e+04,3.411776924504410502e+00
1.308900000000000000e+04,3.424184594974684082e+00
1.309000000000000000e+04,3.664197679642267058e+00
1.309100000000000000e+04,3.428001295947060711e+00
1.309200000000000000e+04,3.536654163810048157e+00
1.309300000000000000e+04,3.587571804731279013e+00
1.309400000000000000e+04,3.628258008665222079e+00
1.309500000000000000e+04,4.024059119517020555e+00
1.309600000000000000e+04,3.640400356085375044e+00
1.309700000000000000e+04,3.877272357861750063e+00
1.309800000000000000e+04,3.675065680407051616e+00
1.309900000000000000e+04,3.580587883651462633e+00
1.310000000000000000e+04,3.543238137314160596e+00
1.310100000000000000e+04,3.613793328114033976e+00
1.310200000000000000e+04,3.817888904015469098e+00
1.310300000000000000e+04,3.325745523327600761e+00
1.310400000000000000e+04,3.500679046344962853e+00
1.310500000000000000e+04,3.680434565026228011e+00
1.310600000000000000e+04,3.420746289144404262e+00
1.310700000000000000e+04,3.311121045885875525e+00
1.310800000000000000e+04,3.674445368014261692e+00
1.310900000000000000e+04,3.579512984971650713e+00
1.311000000000000000e+04,3.929671183968120651e+00
1.311100000000000000e+04,3.864215254149262257e+00
1.311200000000000000e+04,3.843233504882898721e+00
1.311300000000000000e+04,3.770160951495241441e+00
1.311400000000000000e+04,3.612958231301225176e+00
1.311500000000000000e+04,3.679759206228989221e+00
1.311600000000000000e+04,3.522376696325832501e+00
1.311700000000000000e+04,3.553185015024076243e+00
1.311800000000000000e+04,3.475058693658168441e+00
1.311900000000000000e+04,3.598409467765256942e+00
1.312000000000000000e+04,3.696337364390101410e+00
1.312100000000000000e+04,3.464656079218291662e+00
1.312200000000000000e+04,3.929877054607819886e+00
1.312300000000000000e+04,3.660362635488664029e+00
1.312400000000000000e+04,3.862559516050315001e+00
1.312500000000000000e+04,3.259786501527423219e+00
1.312600000000000000e+04,3.854894250576983428e+00
1.312700000000000000e+04,3.530407259062109837e+00
1.312800000000000000e+04,3.531025015321950455e+00
1.312900000000000000e+04,3.829057581937836297e+00
1.313000000000000000e+04,3.581123021189317690e+00
1.313100000000000000e+04,3.629263678149198036e+00
1.313200000000000000e+04,3.728239217439650144e+00
1.313300000000000000e+04,3.898139529623216415e+00
1.313400000000000000e+04,3.889713371508768169e+00
1.313500000000000000e+04,3.481717575749298188e+00
1.313600000000000000e+04,3.683769715635679010e+00
1.313700000000000000e+04,3.785460865171506928e+00
1.313800000000000000e+04,3.628988068184212157e+00
1.313900000000000000e+04,3.652666253575270972e+00
1.314000000000000000e+04,3.369979290615912060e+00
1.314100000000000000e+04,3.851745386873595134e+00
1.314200000000000000e+04,3.899737907345255827e+00
1.314300000000000000e+04,3.586379680301651440e+00
1.314400000000000000e+04,3.862463652703731487e+00
1.314500000000000000e+04,3.665071579232323629e+00
1.314600000000000000e+04,3.384256684640040813e+00
1.314700000000000000e+04,3.655915023639061623e+00
1.314800000000000000e+04,3.743641702059897991e+00
1.314900000000000000e+04,3.610060102842865160e+00
1.315000000000000000e+04,3.822378353357058334e+00
1.315100000000000000e+04,3.549644066462544600e+00
1.315200000000000000e+04,3.665069182730696262e+00
1.315300000000000000e+04,3.736288512348747481e+00
1.315400000000000000e+04,3.683185660071276235e+00
1.315500000000000000e+04,3.661986387093727036e+00
1.315600000000000000e+04,3.745479255984728084e+00
1.315700000000000000e+04,3.723603987892730505e+00
1.315800000000000000e+04,3.582608687290675942e+00
1.315900000000000000e+04,3.566494128242158723e+00
1.316000000000000000e+04,3.468997602420605730e+00
1.316100000000000000e+04,3.817934597225671300e+00
1.316200000000000000e+04,3.571132500528557241e+00
1.316300000000000000e+04,3.754163066141408045e+00
1.316400000000000000e+04,3.786491943692200213e+00
1.316500000000000000e+04,3.399520099339123025e+00
1.316600000000000000e+04,3.823859173895927110e+00
1.316700000000000000e+04,3.723697525855083512e+00
1.316800000000000000e+04,3.651858423375621054e+00
1.316900000000000000e+04,3.438398113188256833e+00
1.317000000000000000e+04,3.983580793990940894e+00
1.317100000000000000e+04,3.526325906193167548e+00
1.317200000000000000e+04,3.549710561559475508e+00
1.317300000000000000e+04,3.648255866706760386e+00
1.317400000000000000e+04,3.631115808906871134e+00
1.317500000000000000e+04,3.682114642638101731e+00
1.317600000000000000e+04,4.082733720358069363e+00
1.317700000000000000e+04,3.475651959004560698e+00
1.317800000000000000e+04,3.698005338687641697e+00
1.317900000000000000e+04,3.597686786233435630e+00
1.318000000000000000e+04,3.784143534476666293e+00
1.318100000000000000e+04,3.558413936546943823e+00
1.318200000000000000e+04,3.841745563322147561e+00
1.318300000000000000e+04,3.560768542937082781e+00
1.318400000000000000e+04,3.848616185740064033e+00
1.318500000000000000e+04,3.604014778252841111e+00
1.318600000000000000e+04,3.764605294736092844e+00
1.318700000000000000e+04,3.726997336007909389e+00
1.318800000000000000e+04,3.555494765185208905e+00
1.318900000000000000e+04,3.649262699925101217e+00
1.319000000000000000e+04,3.768292678671800733e+00
1.319100000000000000e+04,3.683920838104063122e+00
1.319200000000000000e+04,3.595016746650536721e+00
1.319300000000000000e+04,3.437409852404296640e+00
1.319400000000000000e+04,3.730795074532013089e+00
1.319500000000000000e+04,3.963789818969413847e+00
1.319600000000000000e+04,3.896408110347346909e+00
1.319700000000000000e+04,3.698126590343984166e+00
1.319800000000000000e+04,3.414035990268166731e+00
1.319900000000000000e+04,4.331344101122867940e+00
1.320000000000000000e+04,3.899248088620694830e+00
1.320100000000000000e+04,3.659634104293683077e+00
1.320200000000000000e+04,3.571112696340743131e+00
1.320300000000000000e+04,3.727551224761972648e+00
1.320400000000000000e+04,3.646315973563415191e+00
1.320500000000000000e+04,3.628971197462211862e+00
1.320600000000000000e+04,3.801087972497822154e+00
1.320700000000000000e+04,3.507077240602603840e+00
1.320800000000000000e+04,3.702185738315055374e+00
1.320900000000000000e+04,3.733952257980252210e+00
1.321000000000000000e+04,3.613741740570918903e+00
1.321100000000000000e+04,3.485468338404712263e+00
1.321200000000000000e+04,4.098350320840608241e+00
1.321300000000000000e+04,3.755621757695917218e+00
1.321400000000000000e+04,3.296208564442444811e+00
1.321500000000000000e+04,3.526209150237335610e+00
1.321600000000000000e+04,3.697465082454744145e+00
1.321700000000000000e+04,3.453944065213631731e+00
1.321800000000000000e+04,3.626967763970164516e+00
1.321900000000000000e+04,3.565632396316297026e+00
1.322000000000000000e+04,3.619817805600795246e+00
1.322100000000000000e+04,3.790713732101483213e+00
1.322200000000000000e+04,3.639368655830501176e+00
1.322300000000000000e+04,3.712399345840022846e+00
1.322400000000000000e+04,3.614060862656846229e+00
1.322500000000000000e+04,3.361613580150870195e+00
1.322600000000000000e+04,3.760003802310899701e+00
1.322700000000000000e+04,3.414014610933885585e+00
1.322800000000000000e+04,3.672304800863043450e+00
1.322900000000000000e+04,3.602956394965070697e+00
1.323000000000000000e+04,3.636438481923818689e+00
1.323100000000000000e+04,3.668280055036183374e+00
1.323200000000000000e+04,3.218184099245060548e+00
1.323300000000000000e+04,4.090586009955577751e+00
1.323400000000000000e+04,3.686875895267779590e+00
1.323500000000000000e+04,3.341792884898612037e+00
1.323600000000000000e+04,3.711239886450213632e+00
1.323700000000000000e+04,3.688826150954926497e+00
1.323800000000000000e+04,3.762233502300477817e+00
1.323900000000000000e+04,3.706184968241126754e+00
1.324000000000000000e+04,3.714459067564891193e+00
1.324100000000000000e+04,3.372459824148182683e+00
1.324200000000000000e+04,3.927825220289045571e+00
1.324300000000000000e+04,3.663692235655903406e+00
1.324400000000000000e+04,3.815398196974190803e+00
1.324500000000000000e+04,3.507723691492472096e+00
1.324600000000000000e+04,3.329580832970425064e+00
1.324700000000000000e+04,3.699141468001996280e+00
1.324800000000000000e+04,3.859642175513507745e+00
1.324900000000000000e+04,3.630705630321988675e+00
1.325000000000000000e+04,3.645687805814955329e+00
1.325100000000000000e+04,3.870585891418922397e+00
1.325200000000000000e+04,3.413120961242837925e+00
1.325300000000000000e+04,3.641418852549338947e+00
1.325400000000000000e+04,3.758940836868384316e+00
1.325500000000000000e+04,3.493537036588627132e+00
1.325600000000000000e+04,3.673641821609826330e+00
1.325700000000000000e+04,3.585855410178159008e+00
1.325800000000000000e+04,3.781873106355273073e+00
1.325900000000000000e+04,3.545853488777207740e+00
1.326000000000000000e+04,3.973443642845074564e+00
1.326100000000000000e+04,3.618218899822818635e+00
1.326200000000000000e+04,3.725965385707711963e+00
1.326300000000000000e+04,3.673003734216969018e+00
1.326400000000000000e+04,3.777462267469941182e+00
1.326500000000000000e+04,3.674802797752009909e+00
1.326600000000000000e+04,3.575448034847473533e+00
1.326700000000000000e+04,3.651388773490203743e+00
1.326800000000000000e+04,3.782786936060235305e+00
1.326900000000000000e+04,3.832684017785146668e+00
1.327000000000000000e+04,3.667823302648941297e+00
1.327100000000000000e+04,3.713772223567562314e+00
1.327200000000000000e+04,3.440502421890044626e+00
1.327300000000000000e+04,3.647168322732947665e+00
1.327400000000000000e+04,3.689344601126134382e+00
1.327500000000000000e+04,3.523796979859461942e+00
1.327600000000000000e+04,3.691044914958875545e+00
1.327700000000000000e+04,3.832398628241028948e+00
1.327800000000000000e+04,3.472558445376072278e+00
1.327900000000000000e+04,3.598356072810673378e+00
1.328000000000000000e+04,4.137635426281646822e+00
1.328100000000000000e+04,3.803402362506599133e+00
1.328200000000000000e+04,3.561172596101352728e+00
1.328300000000000000e+04,3.598404027660998317e+00
1.328400000000000000e+04,3.910182267599908723e+00
1.328500000000000000e+04,3.925677129742409122e+00
1.328600000000000000e+04,3.652694402543527730e+00
1.328700000000000000e+04,3.344490577616539451e+00
1.328800000000000000e+04,3.875231855713187734e+00
1.328900000000000000e+04,3.769287839892112135e+00
1.329000000000000000e+04,3.818658998610324762e+00
1.329100000000000000e+04,3.448827156363926338e+00
1.329200000000000000e+04,3.780462810326714607e+00
1.329300000000000000e+04,3.779131214930319338e+00
1.329400000000000000e+04,3.483011598744750970e+00
1.329500000000000000e+04,3.397217455726070590e+00
1.329600000000000000e+04,3.595680156576095854e+00
1.329700000000000000e+04,3.378943173685732493e+00
1.329800000000000000e+04,3.705413364377013519e+00
1.329900000000000000e+04,3.695520876685050471e+00
1.330000000000000000e+04,3.449545991998713479e+00
1.330100000000000000e+04,3.821873634382385809e+00
1.330200000000000000e+04,3.666187680794449122e+00
1.330300000000000000e+04,3.581664345787788584e+00
1.330400000000000000e+04,3.666128992974878820e+00
1.330500000000000000e+04,3.768434235520094155e+00
1.330600000000000000e+04,3.734283714168892487e+00
1.330700000000000000e+04,3.858066121739408771e+00
1.330800000000000000e+04,3.437066675169563545e+00
1.330900000000000000e+04,3.599936798619312484e+00
1.331000000000000000e+04,3.493881472448527870e+00
1.331100000000000000e+04,3.864665372848739011e+00
1.331200000000000000e+04,3.820256818539582877e+00
1.331300000000000000e+04,3.810559676301809251e+00
1.331400000000000000e+04,3.527708907496558854e+00
1.331500000000000000e+04,3.735184931958047461e+00
1.331600000000000000e+04,3.735285156406095375e+00
1.331700000000000000e+04,3.778091398392132483e+00
1.331800000000000000e+04,3.315986606869970821e+00
1.331900000000000000e+04,3.758325093674218742e+00
1.332000000000000000e+04,3.884721408315638946e+00
1.332100000000000000e+04,3.510367304431374791e+00
1.332200000000000000e+04,3.801314819123399413e+00
1.332300000000000000e+04,4.129623207887293646e+00
1.332400000000000000e+04,3.685508588280006048e+00
1.332500000000000000e+04,3.859556585608975077e+00
1.332600000000000000e+04,3.824595951969562702e+00
1.332700000000000000e+04,3.776546219553532424e+00
1.332800000000000000e+04,3.684159978402543612e+00
1.332900000000000000e+04,3.783096661850468667e+00
1.333000000000000000e+04,3.787181736648390196e+00
1.333100000000000000e+04,3.726790869911869031e+00
1.333200000000000000e+04,3.784741356976227156e+00
1.333300000000000000e+04,3.874152159203439361e+00
1.333400000000000000e+04,3.400100750309800635e+00
1.333500000000000000e+04,3.845053234580424473e+00
1.333600000000000000e+04,3.504801053329231308e+00
1.333700000000000000e+04,3.533039989275058801e+00
1.333800000000000000e+04,3.962249458031850580e+00
1.333900000000000000e+04,3.870731686887886713e+00
1.334000000000000000e+04,3.457053679259843193e+00
1.334100000000000000e+04,3.493019355328077946e+00
1.334200000000000000e+04,3.904005031053469299e+00
1.334300000000000000e+04,3.610075645953928269e+00
1.334400000000000000e+04,3.619582502789191469e+00
1.334500000000000000e+04,3.590398521665345566e+00
1.334600000000000000e+04,3.824186913139260291e+00
1.334700000000000000e+04,3.782208351548896008e+00
1.334800000000000000e+04,3.626634560733670742e+00
1.334900000000000000e+04,3.491903727601907814e+00
1.335000000000000000e+04,3.731715307582182284e+00
1.335100000000000000e+04,3.580473289604495069e+00
1.335200000000000000e+04,3.660187744952990485e+00
1.335300000000000000e+04,3.575896512961254103e+00
1.335400000000000000e+04,3.655163773222756873e+00
1.335500000000000000e+04,3.537504263105313296e+00
1.335600000000000000e+04,3.816529234112212787e+00
1.335700000000000000e+04,3.655723821411107632e+00
1.335800000000000000e+04,3.837633282592024742e+00
1.335900000000000000e+04,3.462849704266594220e+00
1.336000000000000000e+04,3.353068075023033945e+00
1.336100000000000000e+04,3.862828455827923779e+00
1.336200000000000000e+04,3.851618281155916534e+00
1.336300000000000000e+04,3.949344614652609220e+00
1.336400000000000000e+04,3.808857816486351133e+00
1.336500000000000000e+04,3.710937096643984301e+00
1.336600000000000000e+04,3.613486859212213353e+00
1.336700000000000000e+04,3.245222923651847502e+00
1.336800000000000000e+04,3.180665457274111763e+00
1.336900000000000000e+04,3.671839883494409928e+00
1.337000000000000000e+04,3.406286445200206181e+00
1.337100000000000000e+04,3.689193464137592748e+00
1.337200000000000000e+04,3.678338706038603689e+00
1.337300000000000000e+04,3.727394470657502623e+00
1.337400000000000000e+04,3.430197938747935993e+00
1.337500000000000000e+04,3.877147288733118202e+00
1.337600000000000000e+04,4.040600910211782804e+00
1.337700000000000000e+04,3.709938450323820636e+00
1.337800000000000000e+04,3.840628876892437482e+00
1.337900000000000000e+04,3.651653706699853341e+00
1.338000000000000000e+04,3.558139442887609416e+00
1.338100000000000000e+04,3.877872270222431972e+00
1.338200000000000000e+04,3.404799809598115790e+00
1.338300000000000000e+04,3.607256730259016830e+00
1.338400000000000000e+04,3.286981431456041047e+00
1.338500000000000000e+04,3.887037579524985631e+00
1.338600000000000000e+04,4.039178488078931650e+00
1.338700000000000000e+04,3.719464911088158132e+00
1.338800000000000000e+04,3.769364555463226907e+00
1.338900000000000000e+04,3.966724465494010587e+00
1.339000000000000000e+04,3.681620426045193462e+00
1.339100000000000000e+04,3.659497500708819295e+00
1.339200000000000000e+04,3.896937974091973622e+00
1.339300000000000000e+04,3.539623650793474408e+00
1.339400000000000000e+04,4.005379434946341632e+00
1.339500000000000000e+04,3.614319751547391046e+00
1.339600000000000000e+04,3.709461581527290441e+00
1.339700000000000000e+04,3.384320654649598747e+00
1.339800000000000000e+04,3.591183541829854775e+00
1.339900000000000000e+04,3.396826102979863649e+00
1.340000000000000000e+04,3.691948405124049426e+00
1.340100000000000000e+04,3.504803194298467872e+00
1.340200000000000000e+04,3.807975712498281595e+00
1.340300000000000000e+04,3.900866271259137097e+00
1.340400000000000000e+04,3.881899321784211043e+00
1.340500000000000000e+04,3.543385822326612811e+00
1.340600000000000000e+04,3.797457411943982120e+00
1.340700000000000000e+04,3.471825475965786278e+00
1.340800000000000000e+04,3.676241474857121716e+00
1.340900000000000000e+04,3.394406533599818587e+00
1.341000000000000000e+04,3.474866354216843867e+00
1.341100000000000000e+04,3.738808355605583333e+00
1.341200000000000000e+04,3.807841074188856201e+00
1.341300000000000000e+04,3.711723231939268786e+00
1.341400000000000000e+04,3.904968438696375888e+00
1.341500000000000000e+04,3.570486199611126565e+00
1.341600000000000000e+04,3.584761415907743221e+00
1.341700000000000000e+04,3.847716778690497996e+00
1.341800000000000000e+04,3.525077234801222481e+00
1.341900000000000000e+04,3.359519137265837063e+00
1.342000000000000000e+04,3.667650348784508463e+00
1.342100000000000000e+04,3.949322952771345818e+00
1.342200000000000000e+04,3.694642236305623939e+00
1.342300000000000000e+04,3.432655366875644543e+00
1.342400000000000000e+04,3.684740366853621385e+00
1.342500000000000000e+04,3.683689783673476992e+00
1.342600000000000000e+04,3.503972244054736951e+00
1.342700000000000000e+04,3.698559986022346369e+00
1.342800000000000000e+04,3.461429729446106496e+00
1.342900000000000000e+04,3.615796010934444471e+00
1.343000000000000000e+04,3.865538006311771024e+00
1.343100000000000000e+04,4.005117016477933944e+00
1.343200000000000000e+04,3.770222054778304521e+00
1.343300000000000000e+04,3.842663204692852386e+00
1.343400000000000000e+04,3.501001106971790566e+00
1.343500000000000000e+04,3.914063569575788826e+00
1.343600000000000000e+04,3.724898978945244465e+00
1.343700000000000000e+04,3.682397804113526352e+00
1.343800000000000000e+04,3.178001989503572489e+00
1.343900000000000000e+04,3.627092198746315166e+00
1.344000000000000000e+04,3.716980477453382115e+00
1.344100000000000000e+04,3.763545546811474907e+00
1.344200000000000000e+04,3.492834099754124733e+00
1.344300000000000000e+04,3.463293812816167883e+00
1.344400000000000000e+04,3.555775427220604357e+00
1.344500000000000000e+04,3.417681976074664618e+00
1.344600000000000000e+04,3.534732695131970193e+00
1.344700000000000000e+04,4.065780929165264901e+00
1.344800000000000000e+04,3.641330151087023737e+00
1.344900000000000000e+04,3.580522471915722704e+00
1.345000000000000000e+04,3.433975024106329155e+00
1.345100000000000000e+04,3.976276391831802925e+00
1.345200000000000000e+04,3.579005850455449167e+00
1.345300000000000000e+04,3.645036923674724427e+00
1.345400000000000000e+04,3.645802313458589961e+00
1.345500000000000000e+04,3.752956122936696115e+00
1.345600000000000000e+04,3.595600540122839472e+00
1.345700000000000000e+04,3.840187580366749120e+00
1.345800000000000000e+04,3.416950594073148384e+00
1.345900000000000000e+04,3.439379521145390139e+00
1.346000000000000000e+04,3.276612394853208432e+00
1.346100000000000000e+04,3.680841771651118144e+00
1.346200000000000000e+04,3.490687440592019186e+00
1.346300000000000000e+04,3.757547464051834041e+00
1.346400000000000000e+04,3.301866204549866790e+00
1.346500000000000000e+04,4.040007757436113955e+00
1.346600000000000000e+04,3.497542600792696188e+00
1.346700000000000000e+04,3.490362921660365547e+00
1.346800000000000000e+04,3.616121149608365837e+00
1.346900000000000000e+04,3.840861905060025450e+00
1.347000000000000000e+04,3.610598410446231199e+00
1.347100000000000000e+04,3.690423269910674708e+00
1.347200000000000000e+04,3.923044428793946103e+00
1.347300000000000000e+04,3.819146285663212570e+00
1.347400000000000000e+04,4.020067039874623660e+00
1.347500000000000000e+04,4.071740387974861264e+00
1.347600000000000000e+04,3.814614628512292160e+00
1.347700000000000000e+04,3.664615556190101042e+00
1.347800000000000000e+04,3.716940975814797987e+00
1.347900000000000000e+04,3.821813386348486663e+00
1.348000000000000000e+04,3.722493351584557963e+00
1.348100000000000000e+04,3.555008507281404384e+00
1.348200000000000000e+04,3.575716257620685123e+00
1.348300000000000000e+04,3.533221609836228350e+00
1.348400000000000000e+04,3.893128720921028574e+00
1.348500000000000000e+04,3.431928208101477473e+00
1.348600000000000000e+04,3.402180140676253295e+00
1.348700000000000000e+04,3.843083173584362466e+00
1.348800000000000000e+04,3.398937869144099899e+00
1.348900000000000000e+04,3.741630204730021614e+00
1.349000000000000000e+04,3.692717431255395866e+00
1.349100000000000000e+04,3.803968881881656383e+00
1.349200000000000000e+04,3.381726725202613970e+00
1.349300000000000000e+04,3.517185295791676491e+00
1.349400000000000000e+04,3.567467292318834637e+00
1.349500000000000000e+04,3.793766054488705741e+00
1.349600000000000000e+04,3.268283121691137438e+00
1.349700000000000000e+04,3.693202216111726166e+00
1.349800000000000000e+04,3.427427393814886258e+00
1.349900000000000000e+04,3.323801392435878466e+00
1.350000000000000000e+04,3.672732194608719691e+00
1.350100000000000000e+04,3.599077675593914893e+00
1.350200000000000000e+04,3.689719368916288378e+00
1.350300000000000000e+04,3.271333735562200307e+00
1.350400000000000000e+04,3.942717187033536685e+00
1.350500000000000000e+04,3.751383410582197708e+00
1.350600000000000000e+04,3.639268523901362240e+00
1.350700000000000000e+04,3.709462292043285814e+00
1.350800000000000000e+04,3.817213255533459471e+00
1.350900000000000000e+04,3.854536005940820687e+00
1.351000000000000000e+04,3.636860167960203061e+00
1.351100000000000000e+04,3.694046591502398780e+00
1.351200000000000000e+04,3.736880145702913492e+00
1.351300000000000000e+04,3.805796378252384926e+00
1.351400000000000000e+04,3.492756882086977210e+00
1.351500000000000000e+04,3.864560684570424787e+00
1.351600000000000000e+04,3.667088705424999873e+00
1.351700000000000000e+04,3.784815325744277814e+00
1.351800000000000000e+04,3.481687214987359003e+00
1.351900000000000000e+04,3.415100719232083026e+00
1.352000000000000000e+04,3.802214152790122981e+00
1.352100000000000000e+04,3.660636135723629003e+00
1.352200000000000000e+04,3.641939703125446126e+00
1.352300000000000000e+04,3.651890356389690062e+00
1.352400000000000000e+04,3.707316649005811815e+00
1.352500000000000000e+04,3.681564106972279760e+00
1.352600000000000000e+04,3.626417534949117005e+00
1.352700000000000000e+04,3.844074289349676654e+00
1.352800000000000000e+04,3.497415463244370137e+00
1.352900000000000000e+04,3.891829375156103943e+00
1.353000000000000000e+04,3.406525814108553263e+00
1.353100000000000000e+04,3.838195512213267158e+00
1.353200000000000000e+04,3.801363210899055822e+00
1.353300000000000000e+04,3.489504385676538423e+00
1.353400000000000000e+04,3.598043300800609412e+00
1.353500000000000000e+04,3.501223446610561396e+00
1.353600000000000000e+04,3.902017993947703989e+00
1.353700000000000000e+04,3.256997020852935076e+00
1.353800000000000000e+04,3.727337935190353502e+00
1.353900000000000000e+04,3.670465180291421881e+00
1.354000000000000000e+04,3.805780369950694908e+00
1.354100000000000000e+04,3.477708683781103538e+00
1.354200000000000000e+04,3.817900146539670914e+00
1.354300000000000000e+04,3.286186410730898899e+00
1.354400000000000000e+04,3.450199210805383832e+00
1.354500000000000000e+04,3.181659364695522463e+00
1.354600000000000000e+04,3.835274911745023996e+00
1.354700000000000000e+04,3.610204378308114137e+00
1.354800000000000000e+04,4.166609264065399110e+00
1.354900000000000000e+04,3.547452518432286706e+00
1.355000000000000000e+04,3.375021548939536764e+00
1.355100000000000000e+04,3.505225471055035680e+00
1.355200000000000000e+04,3.792244558329467718e+00
1.355300000000000000e+04,3.658936692112985778e+00
1.355400000000000000e+04,3.651935770548593752e+00
1.355500000000000000e+04,3.526798205125168728e+00
1.355600000000000000e+04,3.532476684455647664e+00
1.355700000000000000e+04,3.958027502857741631e+00
1.355800000000000000e+04,3.725052392625557207e+00
1.355900000000000000e+04,3.662405860281301884e+00
1.356000000000000000e+04,3.577612869925467898e+00
1.356100000000000000e+04,3.544804186641698163e+00
1.356200000000000000e+04,3.749389382669860549e+00
1.356300000000000000e+04,3.480864649531242971e+00
1.356400000000000000e+04,3.437673323321246421e+00
1.356500000000000000e+04,3.624484494429783599e+00
1.356600000000000000e+04,3.754437065244224936e+00
1.356700000000000000e+04,3.422096268038960165e+00
1.356800000000000000e+04,3.652302874654515641e+00
1.356900000000000000e+04,3.838945652647173024e+00
1.357000000000000000e+04,3.435701070016875747e+00
1.357100000000000000e+04,3.775036023131500773e+00
1.357200000000000000e+04,3.654148789900321770e+00
1.357300000000000000e+04,3.564799815492853075e+00
1.357400000000000000e+04,3.306574559228179222e+00
1.357500000000000000e+04,3.912644308599257936e+00
1.357600000000000000e+04,3.776582533903715788e+00
1.357700000000000000e+04,3.463956856682488983e+00
1.357800000000000000e+04,3.623361933781917177e+00
1.357900000000000000e+04,3.433670299073503962e+00
1.358000000000000000e+04,3.962037963646628747e+00
1.358100000000000000e+04,3.540919099307473950e+00
1.358200000000000000e+04,3.467528368424869001e+00
1.358300000000000000e+04,3.648652149395843036e+00
1.358400000000000000e+04,3.683316004702879454e+00
1.358500000000000000e+04,3.671212493885736894e+00
1.358600000000000000e+04,3.582711770589862788e+00
1.358700000000000000e+04,3.575334696714356220e+00
1.358800000000000000e+04,3.694544939644707426e+00
1.358900000000000000e+04,3.643056059022273807e+00
1.359000000000000000e+04,3.577650519362852499e+00
1.359100000000000000e+04,3.941735524969664617e+00
1.359200000000000000e+04,3.613421546657228145e+00
1.359300000000000000e+04,3.604308958819137043e+00
1.359400000000000000e+04,3.359678801872607590e+00
1.359500000000000000e+04,3.407192870167290888e+00
1.359600000000000000e+04,3.666058497086563506e+00
1.359700000000000000e+04,3.429544131557718867e+00
1.359800000000000000e+04,3.734498936378595868e+00
1.359900000000000000e+04,3.556527634309430752e+00
1.360000000000000000e+04,3.670898997241303974e+00
1.360100000000000000e+04,3.367218528057820404e+00
1.360200000000000000e+04,3.580740734239735268e+00
1.360300000000000000e+04,3.848781945292547135e+00
1.360400000000000000e+04,3.876024892012063017e+00
1.360500000000000000e+04,3.624603164620405327e+00
1.360600000000000000e+04,3.762884934030050310e+00
1.360700000000000000e+04,3.541909049647360863e+00
1.360800000000000000e+04,3.992926303076855366e+00
1.360900000000000000e+04,3.417031543576239727e+00
1.361000000000000000e+04,3.851570802717434017e+00
1.361100000000000000e+04,3.743604804205109104e+00
1.361200000000000000e+04,3.595784139901291976e+00
1.361300000000000000e+04,3.752799215889691009e+00
1.361400000000000000e+04,3.719326583027655175e+00
1.361500000000000000e+04,3.791569810474372026e+00
1.361600000000000000e+04,3.898447564543006560e+00
1.361700000000000000e+04,3.458194992854689342e+00
1.361800000000000000e+04,3.487850755979049033e+00
1.361900000000000000e+04,3.993031944838264291e+00
1.362000000000000000e+04,3.740537690786105873e+00
1.362100000000000000e+04,3.600886924973693670e+00
1.362200000000000000e+04,3.319002520938586720e+00
1.362300000000000000e+04,3.919536559059806802e+00
1.362400000000000000e+04,3.898395919473961246e+00
1.362500000000000000e+04,3.597095176933058358e+00
1.362600000000000000e+04,3.680873575993335312e+00
1.362700000000000000e+04,3.618074130878228267e+00
1.362800000000000000e+04,3.938397026880169349e+00
1.362900000000000000e+04,3.860766687324975965e+00
1.363000000000000000e+04,3.638853256740882891e+00
1.363100000000000000e+04,3.499735501473583366e+00
1.363200000000000000e+04,3.806420295127213471e+00
1.363300000000000000e+04,3.888378005209942145e+00
1.363400000000000000e+04,3.793029794381414188e+00
1.363500000000000000e+04,3.820688002921696302e+00
1.363600000000000000e+04,3.888619166838503283e+00
1.363700000000000000e+04,3.698647991691836445e+00
1.363800000000000000e+04,3.928541760106582181e+00
1.363900000000000000e+04,3.615139049061660614e+00
1.364000000000000000e+04,3.576292536475751405e+00
1.364100000000000000e+04,3.721539076216921593e+00
1.364200000000000000e+04,3.891189432800289616e+00
1.364300000000000000e+04,3.741407757096558484e+00
1.364400000000000000e+04,3.558996934768318354e+00
1.364500000000000000e+04,3.975255762802133663e+00
1.364600000000000000e+04,3.794115041882725414e+00
1.364700000000000000e+04,3.663444489824133399e+00
1.364800000000000000e+04,3.353791960077892043e+00
1.364900000000000000e+04,3.819321616009434983e+00
1.365000000000000000e+04,3.717382225660477602e+00
1.365100000000000000e+04,3.686855385629836501e+00
1.365200000000000000e+04,3.581849953846063084e+00
1.365300000000000000e+04,3.810179191041767943e+00
1.365400000000000000e+04,3.550666529130634075e+00
1.365500000000000000e+04,3.733086532094305188e+00
1.365600000000000000e+04,3.875550182485265172e+00
1.365700000000000000e+04,3.781965639256328782e+00
1.365800000000000000e+04,3.639200584917775760e+00
1.365900000000000000e+04,3.698183751025505117e+00
1.366000000000000000e+04,3.785353550879237083e+00
1.366100000000000000e+04,3.428879755497388437e+00
1.366200000000000000e+04,3.828759642177694822e+00
1.366300000000000000e+04,3.607895465129981716e+00
1.366400000000000000e+04,3.605379621568601145e+00
1.366500000000000000e+04,3.451634917558962456e+00
1.366600000000000000e+04,3.709564497528955229e+00
1.366700000000000000e+04,3.764157714896890550e+00
1.366800000000000000e+04,3.586190393545579447e+00
1.366900000000000000e+04,4.131628005803946735e+00
1.367000000000000000e+04,3.743905731632340306e+00
1.367100000000000000e+04,3.350327852703573583e+00
1.367200000000000000e+04,3.387447569242949985e+00
1.367300000000000000e+04,3.503857052040597164e+00
1.367400000000000000e+04,3.734986943752169886e+00
1.367500000000000000e+04,3.696538207412844557e+00
1.367600000000000000e+04,3.880309389189463332e+00
1.367700000000000000e+04,3.481460845995704823e+00
1.367800000000000000e+04,3.879113981960257806e+00
1.367900000000000000e+04,3.657623889508267556e+00
1.368000000000000000e+04,3.573235073469878120e+00
1.368100000000000000e+04,3.449466324601891287e+00
1.368200000000000000e+04,3.353198248190528918e+00
1.368300000000000000e+04,4.049388175139196022e+00
1.368400000000000000e+04,3.712389015799385295e+00
1.368500000000000000e+04,3.873629576133658325e+00
1.368600000000000000e+04,3.975733200568499548e+00
1.368700000000000000e+04,3.560456849871754148e+00
1.368800000000000000e+04,3.690440177467050997e+00
1.368900000000000000e+04,3.550674401153715021e+00
1.369000000000000000e+04,3.553146474762718832e+00
1.369100000000000000e+04,3.807724274771985051e+00
1.369200000000000000e+04,3.559900663210482374e+00
1.369300000000000000e+04,3.578287306106755050e+00
1.369400000000000000e+04,4.010919445338511302e+00
1.369500000000000000e+04,3.722567358590291864e+00
1.369600000000000000e+04,3.739647310238523037e+00
1.369700000000000000e+04,3.681293526261236071e+00
1.369800000000000000e+04,3.448364123700051298e+00
1.369900000000000000e+04,3.977243250900651450e+00
1.370000000000000000e+04,3.704822350781614482e+00
1.370100000000000000e+04,3.800870183935964430e+00
1.370200000000000000e+04,3.787322038696834703e+00
1.370300000000000000e+04,3.782563309218581082e+00
1.370400000000000000e+04,3.685312131428836846e+00
1.370500000000000000e+04,3.389325314236816489e+00
1.370600000000000000e+04,3.832584921171843906e+00
1.370700000000000000e+04,3.244725866657907076e+00
1.370800000000000000e+04,3.626556029294842443e+00
1.370900000000000000e+04,3.643412493402669039e+00
1.371000000000000000e+04,3.625811781228286623e+00
1.371100000000000000e+04,3.655046129415686629e+00
1.371200000000000000e+04,3.998842106675123187e+00
1.371300000000000000e+04,3.507998633934767074e+00
1.371400000000000000e+04,3.925310812800843152e+00
1.371500000000000000e+04,3.922424302023041598e+00
1.371600000000000000e+04,3.793340508385985910e+00
1.371700000000000000e+04,3.674913846609110024e+00
1.371800000000000000e+04,3.423747684082862897e+00
1.371900000000000000e+04,3.471546567149544238e+00
1.372000000000000000e+04,3.876960910795385296e+00
1.372100000000000000e+04,3.728527297959357778e+00
1.372200000000000000e+04,3.784337131547947042e+00
1.372300000000000000e+04,3.620584064073299135e+00
1.372400000000000000e+04,3.415474918114138614e+00
1.372500000000000000e+04,3.482365074212644629e+00
1.372600000000000000e+04,3.219081265619278209e+00
1.372700000000000000e+04,3.649630118192678907e+00
1.372800000000000000e+04,3.786249941820875264e+00
1.372900000000000000e+04,3.563543632324235322e+00
1.373000000000000000e+04,3.648496096203419636e+00
1.373100000000000000e+04,3.910633253268497533e+00
1.373200000000000000e+04,3.770160656670451083e+00
1.373300000000000000e+04,3.694819301431223391e+00
1.373400000000000000e+04,3.405654968884840539e+00
1.373500000000000000e+04,3.817145459877029356e+00
1.373600000000000000e+04,3.745032558693545788e+00
1.373700000000000000e+04,4.007174427919911963e+00
1.373800000000000000e+04,3.795361838432401047e+00
1.373900000000000000e+04,3.433135871502540404e+00
1.374000000000000000e+04,3.516489036495298315e+00
1.374100000000000000e+04,3.643750459566253319e+00
1.374200000000000000e+04,3.917440069661180857e+00
1.374300000000000000e+04,3.483245745123110915e+00
1.374400000000000000e+04,3.892401112179182832e+00
1.374500000000000000e+04,3.528594513264750709e+00
1.374600000000000000e+04,3.549255496827593337e+00
1.374700000000000000e+04,4.038697416767330850e+00
1.374800000000000000e+04,3.257048865958575679e+00
1.374900000000000000e+04,3.968160318782310014e+00
1.375000000000000000e+04,3.797542946630953598e+00
1.375100000000000000e+04,3.463765568808524264e+00
1.375200000000000000e+04,3.823170142659757964e+00
1.375300000000000000e+04,3.699278781573635655e+00
1.375400000000000000e+04,3.630629239110347406e+00
1.375500000000000000e+04,3.770833746385871876e+00
1.375600000000000000e+04,3.700827989733329826e+00
1.375700000000000000e+04,3.650229358902330024e+00
1.375800000000000000e+04,3.723085590918082222e+00
1.375900000000000000e+04,3.790392669819394378e+00
1.376000000000000000e+04,3.985178193351319287e+00
1.376100000000000000e+04,3.607265302743922764e+00
1.376200000000000000e+04,3.656072524940312096e+00
1.376300000000000000e+04,3.657475613003520643e+00
1.376400000000000000e+04,3.862714847139974594e+00
1.376500000000000000e+04,3.945688353410598204e+00
1.376600000000000000e+04,3.656680159943491493e+00
1.376700000000000000e+04,3.271633498844580767e+00
1.376800000000000000e+04,3.399373288702059348e+00
1.376900000000000000e+04,3.608959244684922130e+00
1.377000000000000000e+04,3.922692110141721589e+00
1.377100000000000000e+04,3.585059433256157835e+00
1.377200000000000000e+04,3.996859236941868510e+00
1.377300000000000000e+04,3.729435961769943741e+00
1.377400000000000000e+04,3.734687251635297578e+00
1.377500000000000000e+04,3.590712686744387483e+00
1.377600000000000000e+04,3.452072817863756526e+00
1.377700000000000000e+04,3.706266636569918838e+00
1.377800000000000000e+04,3.602770817586032237e+00
1.377900000000000000e+04,3.853956403676164211e+00
1.378000000000000000e+04,3.807815065128026255e+00
1.378100000000000000e+04,3.447421126446906570e+00
1.378200000000000000e+04,3.847204249785344921e+00
1.378300000000000000e+04,3.847926524975321172e+00
1.378400000000000000e+04,3.479148774195942373e+00
1.378500000000000000e+04,3.700182773896312227e+00
1.378600000000000000e+04,3.526660478416992373e+00
1.378700000000000000e+04,3.436872247418447213e+00
1.378800000000000000e+04,3.600935363931379474e+00
1.378900000000000000e+04,3.779200911243079997e+00
1.379000000000000000e+04,3.541299248337427041e+00
1.379100000000000000e+04,3.770630906882287636e+00
1.379200000000000000e+04,3.584446355525606087e+00
1.379300000000000000e+04,3.669578888486332513e+00
1.379400000000000000e+04,3.695789835507215404e+00
1.379500000000000000e+04,3.627383364446189251e+00
1.379600000000000000e+04,3.600789278352003908e+00
1.379700000000000000e+04,3.463595017851149205e+00
1.379800000000000000e+04,3.721683333322712617e+00
1.379900000000000000e+04,3.492267529480696187e+00
1.380000000000000000e+04,3.515303951121421910e+00
1.380100000000000000e+04,3.614712119117296840e+00
1.380200000000000000e+04,3.846014822246308640e+00
1.380300000000000000e+04,3.824415146009647160e+00
1.380400000000000000e+04,3.625151364947043042e+00
1.380500000000000000e+04,3.712022478239842105e+00
1.380600000000000000e+04,3.500924765894261714e+00
1.380700000000000000e+04,3.638821079005803760e+00
1.380800000000000000e+04,3.895464278312286588e+00
1.380900000000000000e+04,3.640751355199423944e+00
1.381000000000000000e+04,3.891028482132593780e+00
1.381100000000000000e+04,4.027233751711376541e+00
1.381200000000000000e+04,3.567411714389103761e+00
1.381300000000000000e+04,3.251437494105494874e+00
1.381400000000000000e+04,3.842549779141565924e+00
1.381500000000000000e+04,3.517397519360196068e+00
1.381600000000000000e+04,3.680466555217592806e+00
1.381700000000000000e+04,3.813632923036544220e+00
1.381800000000000000e+04,3.578412642666998877e+00
1.381900000000000000e+04,3.329601953258071401e+00
1.382000000000000000e+04,3.765458391212272105e+00
1.382100000000000000e+04,3.760907840148282943e+00
1.382200000000000000e+04,3.856039918161744851e+00
1.382300000000000000e+04,3.946747909342618321e+00
1.382400000000000000e+04,3.690692671020218363e+00
1.382500000000000000e+04,3.885997506069018392e+00
1.382600000000000000e+04,4.067631280721025533e+00
1.382700000000000000e+04,3.651903345371793730e+00
1.382800000000000000e+04,3.480109832573540896e+00
1.382900000000000000e+04,3.685900062616136008e+00
1.383000000000000000e+04,3.599719691081507023e+00
1.383100000000000000e+04,3.475834981659422507e+00
1.383200000000000000e+04,3.701491679125549439e+00
1.383300000000000000e+04,3.580821128076070892e+00
1.383400000000000000e+04,3.755792528109003658e+00
1.383500000000000000e+04,3.566510424975559257e+00
1.383600000000000000e+04,3.955499738359608219e+00
1.383700000000000000e+04,4.019502094573717876e+00
1.383800000000000000e+04,3.295182090786235474e+00
1.383900000000000000e+04,3.859562700357431986e+00
1.384000000000000000e+04,3.616772045252594658e+00
1.384100000000000000e+04,3.870578767368894280e+00
1.384200000000000000e+04,3.590878808384674770e+00
1.384300000000000000e+04,3.579539049473067891e+00
1.384400000000000000e+04,3.620574804161563076e+00
1.384500000000000000e+04,3.625973978511444873e+00
1.384600000000000000e+04,3.647437697133328438e+00
1.384700000000000000e+04,3.956776093591050980e+00
1.384800000000000000e+04,3.553459796742524990e+00
1.384900000000000000e+04,3.544104916191812116e+00
1.385000000000000000e+04,3.537316433398417281e+00
1.385100000000000000e+04,3.623889557870643152e+00
1.385200000000000000e+04,3.655894724966701315e+00
1.385300000000000000e+04,3.740277935946326959e+00
1.385400000000000000e+04,3.822390882732379147e+00
1.385500000000000000e+04,4.015305205333382865e+00
1.385600000000000000e+04,3.800737986280054326e+00
1.385700000000000000e+04,3.803049536047982571e+00
1.385800000000000000e+04,3.584457158004830557e+00
1.385900000000000000e+04,3.617688708945018927e+00
1.386000000000000000e+04,3.911205917372944096e+00
1.386100000000000000e+04,3.577316310575621383e+00
1.386200000000000000e+04,3.418257632289890768e+00
1.386300000000000000e+04,3.546435867337863090e+00
1.386400000000000000e+04,3.531938029446550331e+00
1.386500000000000000e+04,3.719332966720267919e+00
1.386600000000000000e+04,3.618184650243490452e+00
1.386700000000000000e+04,3.659999386031983715e+00
1.386800000000000000e+04,3.766810901753807617e+00
1.386900000000000000e+04,3.646578062929674235e+00
1.387000000000000000e+04,3.637069972439686438e+00
1.387100000000000000e+04,3.827189057617969681e+00
1.387200000000000000e+04,3.482174594648993260e+00
1.387300000000000000e+04,3.498790270194122698e+00
1.387400000000000000e+04,3.633920138197345828e+00
1.387500000000000000e+04,3.499496365370816875e+00
1.387600000000000000e+04,4.012849050784339511e+00
1.387700000000000000e+04,3.685423771900468104e+00
1.387800000000000000e+04,3.776425316353376527e+00
1.387900000000000000e+04,3.737256251286104280e+00
1.388000000000000000e+04,3.687954540785125968e+00
1.388100000000000000e+04,3.934736341302408125e+00
1.388200000000000000e+04,3.640077671487889521e+00
1.388300000000000000e+04,4.040388070918460528e+00
1.388400000000000000e+04,3.781759242327915160e+00
1.388500000000000000e+04,3.410225145685816805e+00
1.388600000000000000e+04,3.969112340097144198e+00
1.388700000000000000e+04,3.388729129332026080e+00
1.388800000000000000e+04,3.823953263169573624e+00
1.388900000000000000e+04,3.875284046951976702e+00
1.389000000000000000e+04,3.842060986555332569e+00
1.389100000000000000e+04,3.765598395397289355e+00
1.389200000000000000e+04,3.415701860351238572e+00
1.389300000000000000e+04,3.763343207835380788e+00
1.389400000000000000e+04,3.426532128769794738e+00
1.389500000000000000e+04,3.644577694670374068e+00
1.389600000000000000e+04,3.754700305299190966e+00
1.389700000000000000e+04,3.591771387463694509e+00
1.389800000000000000e+04,3.625988966939424962e+00
1.389900000000000000e+04,3.435817472192436828e+00
1.390000000000000000e+04,3.875869584012014091e+00
1.390100000000000000e+04,3.911974466431238806e+00
1.390200000000000000e+04,4.014366354131138515e+00
1.390300000000000000e+04,3.610447369484883762e+00
1.390400000000000000e+04,3.974663543697199763e+00
1.390500000000000000e+04,3.841729356694486341e+00
1.390600000000000000e+04,3.607801247229601049e+00
1.390700000000000000e+04,3.815872090942162842e+00
1.390800000000000000e+04,3.493903110480638841e+00
1.390900000000000000e+04,3.195372277747882350e+00
1.391000000000000000e+04,4.015062263039377299e+00
1.391100000000000000e+04,3.904878292096077175e+00
1.391200000000000000e+04,3.779317963055452534e+00
1.391300000000000000e+04,3.562407358817481384e+00
1.391400000000000000e+04,3.791215856231530346e+00
1.391500000000000000e+04,3.612787869998998591e+00
1.391600000000000000e+04,3.587253793202536123e+00
1.391700000000000000e+04,3.785975018455953300e+00
1.391800000000000000e+04,3.860009770246861205e+00
1.391900000000000000e+04,3.986633853612576939e+00
1.392000000000000000e+04,3.639677773597589372e+00
1.392100000000000000e+04,3.633331353537308850e+00
1.392200000000000000e+04,3.646062839761439189e+00
1.392300000000000000e+04,3.604983783016252108e+00
1.392400000000000000e+04,3.901086818679156298e+00
1.392500000000000000e+04,3.595659187144743640e+00
1.392600000000000000e+04,3.688312155674960735e+00
1.392700000000000000e+04,3.693012959824081509e+00
1.392800000000000000e+04,3.619429938518722523e+00
1.392900000000000000e+04,3.683810570409564722e+00
1.393000000000000000e+04,3.831406395128435616e+00
1.393100000000000000e+04,3.725433725236531490e+00
1.393200000000000000e+04,3.897657777639616405e+00
1.393300000000000000e+04,4.116489482140629264e+00
1.393400000000000000e+04,3.919392245631731608e+00
1.393500000000000000e+04,3.473140337684949674e+00
1.393600000000000000e+04,3.855053331445569498e+00
1.393700000000000000e+04,3.921652598228492881e+00
1.393800000000000000e+04,3.805044311469565788e+00
1.393900000000000000e+04,4.049242488220434311e+00
1.394000000000000000e+04,3.744963506129381781e+00
1.394100000000000000e+04,3.642458382121638749e+00
1.394200000000000000e+04,3.648894435729422181e+00
1.394300000000000000e+04,3.968471702106381116e+00
1.394400000000000000e+04,3.498625532126216520e+00
1.394500000000000000e+04,3.585481419191804520e+00
1.394600000000000000e+04,3.713771359623432744e+00
1.394700000000000000e+04,3.600388707582443892e+00
1.394800000000000000e+04,3.793232014822805365e+00
1.394900000000000000e+04,3.243882544922877642e+00
1.395000000000000000e+04,3.801781350616947108e+00
1.395100000000000000e+04,3.439713202805397163e+00
1.395200000000000000e+04,3.552014684552144530e+00
1.395300000000000000e+04,4.092280960955723579e+00
1.395400000000000000e+04,3.724790670894548850e+00
1.395500000000000000e+04,3.440480725910794124e+00
1.395600000000000000e+04,3.881988255103113072e+00
1.395700000000000000e+04,3.898224020385836930e+00
1.395800000000000000e+04,3.646034181387320494e+00
1.395900000000000000e+04,3.822681859138568061e+00
1.396000000000000000e+04,3.664607840550808238e+00
1.396100000000000000e+04,3.853954171381767324e+00
1.396200000000000000e+04,3.851267822630301207e+00
1.396300000000000000e+04,3.667391357882786806e+00
1.396400000000000000e+04,3.346975412176453002e+00
1.396500000000000000e+04,3.561913104901699878e+00
1.396600000000000000e+04,3.851003736930090238e+00
1.396700000000000000e+04,3.557443996407297249e+00
1.396800000000000000e+04,4.106084375462261349e+00
1.396900000000000000e+04,3.748024308996756204e+00
1.397000000000000000e+04,3.330571943485597153e+00
1.397100000000000000e+04,3.976899001816264878e+00
1.397200000000000000e+04,3.793264872200878379e+00
1.397300000000000000e+04,3.668733428395078988e+00
1.397400000000000000e+04,3.729642634264686674e+00
1.397500000000000000e+04,3.531731322909751558e+00
1.397600000000000000e+04,3.828543460913369501e+00
1.397700000000000000e+04,3.607985266573036309e+00
1.397800000000000000e+04,3.708712873477272520e+00
1.397900000000000000e+04,3.398916986190218648e+00
1.398000000000000000e+04,3.383665477081612138e+00
1.398100000000000000e+04,3.859277492809102483e+00
1.398200000000000000e+04,3.577798778666823942e+00
1.398300000000000000e+04,3.730071087258192364e+00
1.398400000000000000e+04,3.239798448888917104e+00
1.398500000000000000e+04,3.779438001778776979e+00
1.398600000000000000e+04,3.729527051205931532e+00
1.398700000000000000e+04,3.558946876110032687e+00
1.398800000000000000e+04,3.451428473527427876e+00
1.398900000000000000e+04,3.711600948464589322e+00
1.399000000000000000e+04,3.785429430827881525e+00
1.399100000000000000e+04,3.758187652624924269e+00
1.399200000000000000e+04,3.709463770568993901e+00
1.399300000000000000e+04,3.463412838437159635e+00
1.399400000000000000e+04,4.005289560656160930e+00
1.399500000000000000e+04,3.599159731702575638e+00
1.399600000000000000e+04,3.553877034953558223e+00
1.399700000000000000e+04,3.928876610191803120e+00
1.399800000000000000e+04,3.369206925038422007e+00
1.399900000000000000e+04,3.885257672775255688e+00
1.400000000000000000e+04,3.969183252588523558e+00
1.400100000000000000e+04,3.653991897956242241e+00
1.400200000000000000e+04,4.092163609302770233e+00
1.400300000000000000e+04,3.772867738273766314e+00
1.400400000000000000e+04,3.524245799659718958e+00
1.400500000000000000e+04,3.800428578378833855e+00
1.400600000000000000e+04,3.769239776920597418e+00
1.400700000000000000e+04,3.876509301359460036e+00
1.400800000000000000e+04,3.751744051079827003e+00
1.400900000000000000e+04,3.605207410057626127e+00
1.401000000000000000e+04,3.784805178826116112e+00
1.401100000000000000e+04,3.865958633934735378e+00
1.401200000000000000e+04,3.374389133141049157e+00
1.401300000000000000e+04,3.643715107244783979e+00
1.401400000000000000e+04,3.811485038962862504e+00
1.401500000000000000e+04,3.652676111272982862e+00
1.401600000000000000e+04,3.744645426296523638e+00
1.401700000000000000e+04,3.760690404695351763e+00
1.401800000000000000e+04,3.682679048569422076e+00
1.401900000000000000e+04,3.553479181498929940e+00
1.402000000000000000e+04,3.717170869353398022e+00
1.402100000000000000e+04,3.892254641110370450e+00
1.402200000000000000e+04,3.911015378092389305e+00
1.402300000000000000e+04,3.898677681296272901e+00
1.402400000000000000e+04,3.679176674494341714e+00
1.402500000000000000e+04,3.861967159550816930e+00
1.402600000000000000e+04,3.949558789284663973e+00
1.402700000000000000e+04,3.734839646988472150e+00
1.402800000000000000e+04,3.793204189108333679e+00
1.402900000000000000e+04,3.766626926429784916e+00
1.403000000000000000e+04,3.544764697198234948e+00
1.403100000000000000e+04,3.617269619318696616e+00
1.403200000000000000e+04,3.650021159220696809e+00
1.403300000000000000e+04,3.826666067593590181e+00
1.403400000000000000e+04,3.992672447275570136e+00
1.403500000000000000e+04,3.504945460389242040e+00
1.403600000000000000e+04,3.509784731957975357e+00
1.403700000000000000e+04,3.745813883762898922e+00
1.403800000000000000e+04,3.440345280612807866e+00
1.403900000000000000e+04,3.608146800209083960e+00
1.404000000000000000e+04,3.802583337462932978e+00
1.404100000000000000e+04,3.745898923260959190e+00
1.404200000000000000e+04,3.601155285199948430e+00
1.404300000000000000e+04,3.913944117558287861e+00
1.404400000000000000e+04,3.489425272230043618e+00
1.404500000000000000e+04,4.096887145247232631e+00
1.404600000000000000e+04,3.795275460712093540e+00
1.404700000000000000e+04,3.610495509192336083e+00
1.404800000000000000e+04,4.102206289138371709e+00
1.404900000000000000e+04,3.544810934807278269e+00
1.405000000000000000e+04,3.732562175152170258e+00
1.405100000000000000e+04,3.579261827347247404e+00
1.405200000000000000e+04,3.605748555465977390e+00
1.405300000000000000e+04,3.881655840930141377e+00
1.405400000000000000e+04,3.580413881473020421e+00
1.405500000000000000e+04,3.830361031098711067e+00
1.405600000000000000e+04,3.462403641238725793e+00
1.405700000000000000e+04,4.062308328729370643e+00
1.405800000000000000e+04,3.684486233933504717e+00
1.405900000000000000e+04,3.805277762934327068e+00
1.406000000000000000e+04,3.779094396692666891e+00
1.406100000000000000e+04,3.623533464297886031e+00
1.406200000000000000e+04,3.805382374412552782e+00
1.406300000000000000e+04,3.624534383718539754e+00
1.406400000000000000e+04,3.937165006254894628e+00
1.406500000000000000e+04,3.860239558791437986e+00
1.406600000000000000e+04,3.371827974315822374e+00
1.406700000000000000e+04,3.601023918584768779e+00
1.406800000000000000e+04,3.920170624096887213e+00
1.406900000000000000e+04,3.888660833485927171e+00
1.407000000000000000e+04,3.892110030844542212e+00
1.407100000000000000e+04,3.586828905751152874e+00
1.407200000000000000e+04,3.625830661115165388e+00
1.407300000000000000e+04,3.696794492674067900e+00
1.407400000000000000e+04,3.687313811256164531e+00
1.407500000000000000e+04,3.612178793866497983e+00
1.407600000000000000e+04,3.641625297274755368e+00
1.407700000000000000e+04,3.722681510806248095e+00
1.407800000000000000e+04,3.873434757201903444e+00
1.407900000000000000e+04,3.485622871395234412e+00
1.408000000000000000e+04,3.522187724068701620e+00
1.408100000000000000e+04,3.906221753174293987e+00
1.408200000000000000e+04,3.682806132799078647e+00
1.408300000000000000e+04,3.301141650667609895e+00
1.408400000000000000e+04,3.801964093870133787e+00
1.408500000000000000e+04,3.807125971827181488e+00
1.408600000000000000e+04,3.649550443885420492e+00
1.408700000000000000e+04,3.615068929776197315e+00
1.408800000000000000e+04,3.554805442433853102e+00
1.408900000000000000e+04,3.493613528373847199e+00
1.409000000000000000e+04,3.532041767408897748e+00
1.409100000000000000e+04,3.901000170948526691e+00
1.409200000000000000e+04,4.040111173951788537e+00
1.409300000000000000e+04,3.781755000617072149e+00
1.409400000000000000e+04,3.702622695665353181e+00
1.409500000000000000e+04,3.934159407140861209e+00
1.409600000000000000e+04,3.899982536487368812e+00
1.409700000000000000e+04,3.571882772287595209e+00
1.409800000000000000e+04,3.561174250155801690e+00
1.409900000000000000e+04,3.336350593876182824e+00
1.410000000000000000e+04,4.030318376916839362e+00
1.410100000000000000e+04,3.602047711503992389e+00
1.410200000000000000e+04,3.601389496781830957e+00
1.410300000000000000e+04,3.507471543048906515e+00
1.410400000000000000e+04,3.635329295617077960e+00
1.410500000000000000e+04,3.617004353128358662e+00
1.410600000000000000e+04,3.866237492733406000e+00
1.410700000000000000e+04,3.769591688290123699e+00
1.410800000000000000e+04,3.658864968779714566e+00
1.410900000000000000e+04,3.613685935163812424e+00
1.411000000000000000e+04,3.651875225944126058e+00
1.411100000000000000e+04,3.655032128151975090e+00
1.411200000000000000e+04,4.085259881159281292e+00
1.411300000000000000e+04,3.888756269103318619e+00
1.411400000000000000e+04,3.762070252193800091e+00
1.411500000000000000e+04,3.661304146370069734e+00
1.411600000000000000e+04,3.531328263914146337e+00
1.411700000000000000e+04,3.521578086187326484e+00
1.411800000000000000e+04,3.936941338710601368e+00
1.411900000000000000e+04,3.765937408070701764e+00
1.412000000000000000e+04,3.970021499024493306e+00
1.412100000000000000e+04,3.679852998584694834e+00
1.412200000000000000e+04,3.548154479680932560e+00
1.412300000000000000e+04,3.956606492923871343e+00
1.412400000000000000e+04,3.728318616704791033e+00
1.412500000000000000e+04,3.900813311819757434e+00
1.412600000000000000e+04,3.909637260479169818e+00
1.412700000000000000e+04,3.571716305246784184e+00
1.412800000000000000e+04,3.702664969032441800e+00
1.412900000000000000e+04,3.641874591989543219e+00
1.413000000000000000e+04,3.541677840860849358e+00
1.413100000000000000e+04,3.382775427748558439e+00
1.413200000000000000e+04,4.017058411649653493e+00
1.413300000000000000e+04,3.642569667461555305e+00
1.413400000000000000e+04,3.759856014625226894e+00
1.413500000000000000e+04,3.826270759886983175e+00
1.413600000000000000e+04,3.954837092196066717e+00
1.413700000000000000e+04,3.642537773865240247e+00
1.413800000000000000e+04,3.631825727666635917e+00
1.413900000000000000e+04,3.551254168903407837e+00
1.414000000000000000e+04,3.595831553828331195e+00
1.414100000000000000e+04,3.502156755686408829e+00
1.414200000000000000e+04,3.744438929684110740e+00
1.414300000000000000e+04,3.795562720586411753e+00
1.414400000000000000e+04,3.765389608551866552e+00
1.414500000000000000e+04,3.446872428385824083e+00
1.414600000000000000e+04,3.880993620603064631e+00
1.414700000000000000e+04,3.726793027181952489e+00
1.414800000000000000e+04,3.508329823649558588e+00
1.414900000000000000e+04,3.571915111348324512e+00
1.415000000000000000e+04,3.695850730443541288e+00
1.415100000000000000e+04,3.731431415620587888e+00
1.415200000000000000e+04,4.169658206990615845e+00
1.415300000000000000e+04,3.665950291281195206e+00
1.415400000000000000e+04,3.699408598724203578e+00
1.415500000000000000e+04,3.933804504161359183e+00
1.415600000000000000e+04,3.362332120272602864e+00
1.415700000000000000e+04,3.765086984474065979e+00
1.415800000000000000e+04,3.761777368515344833e+00
1.415900000000000000e+04,3.314721167225046727e+00
1.416000000000000000e+04,3.901748264129056398e+00
1.416100000000000000e+04,3.841242367495948606e+00
1.416200000000000000e+04,3.551946391248560264e+00
1.416300000000000000e+04,3.802391905438350150e+00
1.416400000000000000e+04,3.718140650892364896e+00
1.416500000000000000e+04,3.670432377855014749e+00
1.416600000000000000e+04,3.795772004647029796e+00
1.416700000000000000e+04,3.681088598967161563e+00
1.416800000000000000e+04,3.850137475267079168e+00
1.416900000000000000e+04,3.749134148707384373e+00
1.417000000000000000e+04,3.773824435762000107e+00
1.417100000000000000e+04,3.482747643469536580e+00
1.417200000000000000e+04,3.419946010854811203e+00
1.417300000000000000e+04,3.870585755866166711e+00
1.417400000000000000e+04,3.469176474039223024e+00
1.417500000000000000e+04,3.522886282640761646e+00
1.417600000000000000e+04,3.389213593936339475e+00
1.417700000000000000e+04,3.785256547517117820e+00
1.417800000000000000e+04,3.518251764957414096e+00
1.417900000000000000e+04,4.035783193498670762e+00
1.418000000000000000e+04,3.518777949652734272e+00
1.418100000000000000e+04,3.726436620664443478e+00
1.418200000000000000e+04,3.680903090462245508e+00
1.418300000000000000e+04,3.611198263877465120e+00
1.418400000000000000e+04,3.949093620372949420e+00
1.418500000000000000e+04,3.898806046914310652e+00
1.418600000000000000e+04,3.614747891835028426e+00
1.418700000000000000e+04,3.555851265530473704e+00
1.418800000000000000e+04,3.741433116845673368e+00
1.418900000000000000e+04,3.711271829474696915e+00
1.419000000000000000e+04,3.933734543814299212e+00
1.419100000000000000e+04,3.172440827782422090e+00
1.419200000000000000e+04,3.502004868907545809e+00
1.419300000000000000e+04,3.418519967264132209e+00
1.419400000000000000e+04,3.534120998123523982e+00
1.419500000000000000e+04,3.790861403826187637e+00
1.419600000000000000e+04,3.334742912619098831e+00
1.419700000000000000e+04,3.992057198284294728e+00
1.419800000000000000e+04,3.557295380070432778e+00
1.419900000000000000e+04,3.641734757220296714e+00
1.420000000000000000e+04,3.855194844454111980e+00
1.420100000000000000e+04,4.003801756483910346e+00
1.420200000000000000e+04,3.246829243964676870e+00
1.420300000000000000e+04,3.582143543630420091e+00
1.420400000000000000e+04,3.462666510126804376e+00
1.420500000000000000e+04,3.690342586745434694e+00
1.420600000000000000e+04,3.685607928981610826e+00
1.420700000000000000e+04,3.826609721224679461e+00
1.420800000000000000e+04,3.795514628981129235e+00
1.420900000000000000e+04,3.451195171551584284e+00
1.421000000000000000e+04,3.461508817259928872e+00
1.421100000000000000e+04,3.830543518393517033e+00
1.421200000000000000e+04,3.567892695950554582e+00
1.421300000000000000e+04,3.729605436853796974e+00
1.421400000000000000e+04,3.711767667205204901e+00
1.421500000000000000e+04,3.878663446296168882e+00
1.421600000000000000e+04,3.893676634267297487e+00
1.421700000000000000e+04,3.647694284565352163e+00
1.421800000000000000e+04,3.707894623059247330e+00
1.421900000000000000e+04,3.676165391191829723e+00
1.422000000000000000e+04,3.864557574322363909e+00
1.422100000000000000e+04,3.330248124583790936e+00
1.422200000000000000e+04,3.637595698740715644e+00
1.422300000000000000e+04,3.793732542276512465e+00
1.422400000000000000e+04,3.897925904182097945e+00
1.422500000000000000e+04,3.686436279017234696e+00
1.422600000000000000e+04,3.947434785549909897e+00
1.422700000000000000e+04,3.847135374177097944e+00
1.422800000000000000e+04,3.603706191667784164e+00
1.422900000000000000e+04,3.926599474665427358e+00
1.423000000000000000e+04,3.488130220105789547e+00
1.423100000000000000e+04,3.828201349260756281e+00
1.423200000000000000e+04,4.085638976863906535e+00
1.423300000000000000e+04,3.330200574585659545e+00
1.423400000000000000e+04,3.620988030949646497e+00
1.423500000000000000e+04,3.780989181811572397e+00
1.423600000000000000e+04,3.591905633487348481e+00
1.423700000000000000e+04,3.676149001955400397e+00
1.423800000000000000e+04,3.614325818977984550e+00
1.423900000000000000e+04,3.887891411834210942e+00
1.424000000000000000e+04,3.428752416490888244e+00
1.424100000000000000e+04,3.819436264134772774e+00
1.424200000000000000e+04,3.860357458116324469e+00
1.424300000000000000e+04,3.442840710628321421e+00
1.424400000000000000e+04,4.181469372169641652e+00
1.424500000000000000e+04,3.588290969810432163e+00
1.424600000000000000e+04,3.654578559074040722e+00
1.424700000000000000e+04,3.808421019476641245e+00
1.424800000000000000e+04,3.638253237835030518e+00
1.424900000000000000e+04,3.675695568500000565e+00
1.425000000000000000e+04,3.527946074083919470e+00
1.425100000000000000e+04,3.481013883528812247e+00
1.425200000000000000e+04,3.624021677925888696e+00
1.425300000000000000e+04,3.668979244324020783e+00
1.425400000000000000e+04,3.686247166223354910e+00
1.425500000000000000e+04,3.833175159069400983e+00
1.425600000000000000e+04,3.617216197771309538e+00
1.425700000000000000e+04,3.668018648408111648e+00
1.425800000000000000e+04,3.577896490895823067e+00
1.425900000000000000e+04,3.700544777340342595e+00
1.426000000000000000e+04,3.745725589637553199e+00
1.426100000000000000e+04,3.637660868615087306e+00
1.426200000000000000e+04,3.516258577464568713e+00
1.426300000000000000e+04,3.660607633630880819e+00
1.426400000000000000e+04,3.547588696267219621e+00
1.426500000000000000e+04,3.532451951297283621e+00
1.426600000000000000e+04,3.796603879326477138e+00
1.426700000000000000e+04,3.875932358273819656e+00
1.426800000000000000e+04,3.697049327851721578e+00
1.426900000000000000e+04,3.659928045742887548e+00
1.427000000000000000e+04,3.719175426125658657e+00
1.427100000000000000e+04,3.844368046737926203e+00
1.427200000000000000e+04,3.627484092659877479e+00
1.427300000000000000e+04,3.716898703398471504e+00
1.427400000000000000e+04,3.751414626068244829e+00
1.427500000000000000e+04,3.855915286527437313e+00
1.427600000000000000e+04,4.016595229478820528e+00
1.427700000000000000e+04,3.910851578844270371e+00
1.427800000000000000e+04,3.587265391227661748e+00
1.427900000000000000e+04,3.775751420971078520e+00
1.428000000000000000e+04,3.579193741506798254e+00
1.428100000000000000e+04,3.651063428010546286e+00
1.428200000000000000e+04,3.684585429823298508e+00
1.428300000000000000e+04,3.636092862132446424e+00
1.428400000000000000e+04,3.620633658763506624e+00
1.428500000000000000e+04,3.787485439192731285e+00
1.428600000000000000e+04,3.652731196817531334e+00
1.428700000000000000e+04,3.816149053509863887e+00
1.428800000000000000e+04,3.908606944927186078e+00
1.428900000000000000e+04,3.722157449996696066e+00
1.429000000000000000e+04,3.689922631975572465e+00
1.429100000000000000e+04,3.828399540682221325e+00
1.429200000000000000e+04,3.671683012978622429e+00
1.429300000000000000e+04,3.345447216878710606e+00
1.429400000000000000e+04,3.868068416229974993e+00
1.429500000000000000e+04,3.419860585406088838e+00
1.429600000000000000e+04,3.637932606025018778e+00
1.429700000000000000e+04,3.624608561059590617e+00
1.429800000000000000e+04,3.786046534027156518e+00
1.429900000000000000e+04,3.873509680776671793e+00
1.430000000000000000e+04,3.653339168308009199e+00
1.430100000000000000e+04,3.347898720547289209e+00
1.430200000000000000e+04,3.707087570524548070e+00
1.430300000000000000e+04,3.905196941069349670e+00
1.430400000000000000e+04,3.717136851716382751e+00
1.430500000000000000e+04,3.548478198469144029e+00
1.430600000000000000e+04,3.840548036099354690e+00
1.430700000000000000e+04,3.706092394222972874e+00
1.430800000000000000e+04,3.758665778771539845e+00
1.430900000000000000e+04,3.273139331536629726e+00
1.431000000000000000e+04,3.801990176799474597e+00
1.431100000000000000e+04,3.681572614144402511e+00
1.431200000000000000e+04,3.448335394225932049e+00
1.431300000000000000e+04,4.058845812271841602e+00
1.431400000000000000e+04,3.524678870325291591e+00
1.431500000000000000e+04,3.852657408684456719e+00
1.431600000000000000e+04,3.227898422348677965e+00
1.431700000000000000e+04,3.956531924309639958e+00
1.431800000000000000e+04,3.731853984222411214e+00
1.431900000000000000e+04,3.691562457424909294e+00
1.432000000000000000e+04,3.763476739926110870e+00
1.432100000000000000e+04,3.577701778912643071e+00
1.432200000000000000e+04,3.651020458341766250e+00
1.432300000000000000e+04,3.586877482278333584e+00
1.432400000000000000e+04,3.748022757419950501e+00
1.432500000000000000e+04,3.916627067808690743e+00
1.432600000000000000e+04,3.641191720258087905e+00
1.432700000000000000e+04,3.904234958477950990e+00
1.432800000000000000e+04,3.601851316351363685e+00
1.432900000000000000e+04,3.509959545129214487e+00
1.433000000000000000e+04,3.934732098186703109e+00
1.433100000000000000e+04,3.746973977217399998e+00
1.433200000000000000e+04,3.458131776766357302e+00
1.433300000000000000e+04,3.616175087731125171e+00
1.433400000000000000e+04,3.713030286338179220e+00
1.433500000000000000e+04,3.531198021923392272e+00
1.433600000000000000e+04,3.903003892181708512e+00
1.433700000000000000e+04,3.562891473954046706e+00
1.433800000000000000e+04,3.501633869299221935e+00
1.433900000000000000e+04,3.855882589010222627e+00
1.434000000000000000e+04,3.588158733762604857e+00
1.434100000000000000e+04,3.508144331120601311e+00
1.434200000000000000e+04,3.323579548717412457e+00
1.434300000000000000e+04,3.902136960145214495e+00
1.434400000000000000e+04,3.496005597647096952e+00
1.434500000000000000e+04,3.626714753811953962e+00
1.434600000000000000e+04,3.512206574439330709e+00
1.434700000000000000e+04,3.598685827136021143e+00
1.434800000000000000e+04,3.742579861154916365e+00
1.434900000000000000e+04,3.826669171650729506e+00
1.435000000000000000e+04,3.555714167969527661e+00
1.435100000000000000e+04,3.576796122967258462e+00
1.435200000000000000e+04,3.466696959192989702e+00
1.435300000000000000e+04,3.653936569015076685e+00
1.435400000000000000e+04,3.414132646243745128e+00
1.435500000000000000e+04,3.978912140357423244e+00
1.435600000000000000e+04,3.920376284735264782e+00
1.435700000000000000e+04,3.550120801488631628e+00
1.435800000000000000e+04,3.702894467760964758e+00
1.435900000000000000e+04,3.592582834998214292e+00
1.436000000000000000e+04,3.380319767674451636e+00
1.436100000000000000e+04,3.662814449089518032e+00
1.436200000000000000e+04,3.791815366423985978e+00
1.436300000000000000e+04,3.943466946918738891e+00
1.436400000000000000e+04,3.731778903532287028e+00
1.436500000000000000e+04,3.843859596503671927e+00
1.436600000000000000e+04,3.849164539995864498e+00
1.436700000000000000e+04,3.715899121042135267e+00
1.436800000000000000e+04,3.766115298319240079e+00
1.436900000000000000e+04,3.804631572470477341e+00
1.437000000000000000e+04,3.525024614504767229e+00
1.437100000000000000e+04,3.629457108257608144e+00
1.437200000000000000e+04,4.024902300570173175e+00
1.437300000000000000e+04,3.831513164407863048e+00
1.437400000000000000e+04,3.538855822893149483e+00
1.437500000000000000e+04,3.750505927561166519e+00
1.437600000000000000e+04,3.694418394157275909e+00
1.437700000000000000e+04,3.774596232621509451e+00
1.437800000000000000e+04,3.836998531549832947e+00
1.437900000000000000e+04,3.853809948226687432e+00
1.438000000000000000e+04,3.650927961075389749e+00
1.438100000000000000e+04,3.664378405661105287e+00
1.438200000000000000e+04,3.509533091039994446e+00
1.438300000000000000e+04,3.764110152987870883e+00
1.438400000000000000e+04,3.660982780535936065e+00
1.438500000000000000e+04,3.397380551730402320e+00
1.438600000000000000e+04,3.565263553925591467e+00
1.438700000000000000e+04,3.867103106362479448e+00
1.438800000000000000e+04,3.730969160118834171e+00
1.438900000000000000e+04,3.915387955742374082e+00
1.439000000000000000e+04,3.760621249076641082e+00
1.439100000000000000e+04,3.918235190517171951e+00
1.439200000000000000e+04,3.519760057309639478e+00
1.439300000000000000e+04,3.515142332324780128e+00
1.439400000000000000e+04,3.848948556929445264e+00
1.439500000000000000e+04,3.964361879848262937e+00
1.439600000000000000e+04,3.738747584926285228e+00
1.439700000000000000e+04,4.069137799865574223e+00
1.439800000000000000e+04,3.778078700136807022e+00
1.439900000000000000e+04,3.659132028716411522e+00
1.440000000000000000e+04,3.769022273857042471e+00
1.440100000000000000e+04,3.488259444353865923e+00
1.440200000000000000e+04,3.858537037820765292e+00
1.440300000000000000e+04,3.390352010631858093e+00
1.440400000000000000e+04,4.048803546336379178e+00
1.440500000000000000e+04,3.476735671181766296e+00
1.440600000000000000e+04,3.634141826625681748e+00
1.440700000000000000e+04,3.600548977000259665e+00
1.440800000000000000e+04,4.025788770775028169e+00
1.440900000000000000e+04,3.524396687576720755e+00
1.441000000000000000e+04,3.836824459992334901e+00
1.441100000000000000e+04,3.410888749524684460e+00
1.441200000000000000e+04,3.745864395453415874e+00
1.441300000000000000e+04,3.613635367764737705e+00
1.441400000000000000e+04,3.748306770125928278e+00
1.441500000000000000e+04,3.743500839454263929e+00
1.441600000000000000e+04,3.646986133911924721e+00
1.441700000000000000e+04,3.411246020795126732e+00
1.441800000000000000e+04,4.075279374395570642e+00
1.441900000000000000e+04,3.432348356174341308e+00
1.442000000000000000e+04,3.530746988813916687e+00
1.442100000000000000e+04,3.586500485763284285e+00
1.442200000000000000e+04,3.648472901393581047e+00
1.442300000000000000e+04,3.483373749543587916e+00
1.442400000000000000e+04,3.654028564776763410e+00
1.442500000000000000e+04,3.623411664014416722e+00
1.442600000000000000e+04,3.730308545376560758e+00
1.442700000000000000e+04,3.565420309523023246e+00
1.442800000000000000e+04,3.690681068643750784e+00
1.442900000000000000e+04,3.759249924637602103e+00
1.443000000000000000e+04,3.666613226753331567e+00
1.443100000000000000e+04,3.702597467669049180e+00
1.443200000000000000e+04,3.943959076667878705e+00
1.443300000000000000e+04,3.752890317696318423e+00
1.443400000000000000e+04,3.840775221804917816e+00
1.443500000000000000e+04,3.521564957262363738e+00
1.443600000000000000e+04,3.605885014723383630e+00
1.443700000000000000e+04,3.335293847682456736e+00
1.443800000000000000e+04,3.920010473395062700e+00
1.443900000000000000e+04,3.808332984082845041e+00
1.444000000000000000e+04,3.821606356239702240e+00
1.444100000000000000e+04,3.882162113077996857e+00
1.444200000000000000e+04,3.827683276544854962e+00
1.444300000000000000e+04,3.638279908951449038e+00
1.444400000000000000e+04,3.494258567553050199e+00
1.444500000000000000e+04,3.777768310718565559e+00
1.444600000000000000e+04,3.794935704111305430e+00
1.444700000000000000e+04,3.950543622215275885e+00
1.444800000000000000e+04,3.233333827266431371e+00
1.444900000000000000e+04,3.741326690634115604e+00
1.445000000000000000e+04,3.815704497889344626e+00
1.445100000000000000e+04,3.629652895419979597e+00
1.445200000000000000e+04,3.824649084024480672e+00
1.445300000000000000e+04,3.939543042718537613e+00
1.445400000000000000e+04,3.614420147926463489e+00
1.445500000000000000e+04,3.873495847809550252e+00
1.445600000000000000e+04,3.899088197462205141e+00
1.445700000000000000e+04,3.713763345856795350e+00
1.445800000000000000e+04,3.476608139121159624e+00
1.445900000000000000e+04,3.830220005229224345e+00
1.446000000000000000e+04,3.931635207394243103e+00
1.446100000000000000e+04,3.538616587693158344e+00
1.446200000000000000e+04,3.841157426391193841e+00
1.446300000000000000e+04,3.732360369082517337e+00
1.446400000000000000e+04,3.701151748846636114e+00
1.446500000000000000e+04,3.802554565423037491e+00
1.446600000000000000e+04,3.568699638866037027e+00
1.446700000000000000e+04,3.551676665495908658e+00
1.446800000000000000e+04,3.645152450118203991e+00
1.446900000000000000e+04,3.834307911504469146e+00
1.447000000000000000e+04,3.768767566837444072e+00
1.447100000000000000e+04,3.850615566096208475e+00
1.447200000000000000e+04,3.657149463630072539e+00
1.447300000000000000e+04,3.635988243822603216e+00
1.447400000000000000e+04,3.674552625854588861e+00
1.447500000000000000e+04,3.800474818049048409e+00
1.447600000000000000e+04,3.514564696999819660e+00
1.447700000000000000e+04,3.982162400926489543e+00
1.447800000000000000e+04,3.397436253320806010e+00
1.447900000000000000e+04,3.691107445026160505e+00
1.448000000000000000e+04,3.639774549275526017e+00
1.448100000000000000e+04,3.595289741802933481e+00
1.448200000000000000e+04,3.699040386727109109e+00
1.448300000000000000e+04,3.749645899743825339e+00
1.448400000000000000e+04,3.576732519428404533e+00
1.448500000000000000e+04,3.756854204949434006e+00
1.448600000000000000e+04,3.809449666042809213e+00
1.448700000000000000e+04,4.041128218099570901e+00
1.448800000000000000e+04,3.729579758182804738e+00
1.448900000000000000e+04,3.546106507178028888e+00
1.449000000000000000e+04,3.359772337979111345e+00
1.449100000000000000e+04,3.825089377116613676e+00
1.449200000000000000e+04,4.012282903478232576e+00
1.449300000000000000e+04,3.445749825918016374e+00
1.449400000000000000e+04,3.702349504677876713e+00
1.449500000000000000e+04,3.755443542047053551e+00
1.449600000000000000e+04,3.420521728344441570e+00
1.449700000000000000e+04,3.822310217234762053e+00
1.449800000000000000e+04,3.265427629724706904e+00
1.449900000000000000e+04,3.362438665233669521e+00
1.450000000000000000e+04,3.851543475087416013e+00
1.450100000000000000e+04,3.612109150708754157e+00
1.450200000000000000e+04,3.729934488948087434e+00
1.450300000000000000e+04,3.383097298507131256e+00
1.450400000000000000e+04,3.656249836449247503e+00
1.450500000000000000e+04,3.870734888984016298e+00
1.450600000000000000e+04,3.502365511261582576e+00
1.450700000000000000e+04,3.614529881185142735e+00
1.450800000000000000e+04,3.794171239323791411e+00
1.450900000000000000e+04,3.827126878338127369e+00
1.451000000000000000e+04,3.650200818570302985e+00
1.451100000000000000e+04,3.729922610259647442e+00
1.451200000000000000e+04,3.741589752047276729e+00
1.451300000000000000e+04,3.556391562409616736e+00
1.451400000000000000e+04,3.476097950354239074e+00
1.451500000000000000e+04,3.710797064110119781e+00
1.451600000000000000e+04,4.115943815784011584e+00
1.451700000000000000e+04,3.636001519227179735e+00
1.451800000000000000e+04,3.713969665705407763e+00
1.451900000000000000e+04,3.514542668661637226e+00
1.452000000000000000e+04,3.851041967138105981e+00
1.452100000000000000e+04,3.523283735460966959e+00
1.452200000000000000e+04,3.726624312937647066e+00
1.452300000000000000e+04,3.803638777595748532e+00
1.452400000000000000e+04,3.634016543949002642e+00
1.452500000000000000e+04,3.690340736556966483e+00
1.452600000000000000e+04,3.302256768577378931e+00
1.452700000000000000e+04,3.392960473518106923e+00
1.452800000000000000e+04,3.478836174508483925e+00
1.452900000000000000e+04,3.548814814170366372e+00
1.453000000000000000e+04,3.730842217317553278e+00
1.453100000000000000e+04,3.516508819392518248e+00
1.453200000000000000e+04,4.099409542807230800e+00
1.453300000000000000e+04,3.684958853969701575e+00
1.453400000000000000e+04,3.446665380440956827e+00
1.453500000000000000e+04,3.924726326596835957e+00
1.453600000000000000e+04,3.655260650990385329e+00
1.453700000000000000e+04,3.665083169992383372e+00
1.453800000000000000e+04,3.539792134038733273e+00
1.453900000000000000e+04,3.678157630598726691e+00
1.454000000000000000e+04,4.050789574104079804e+00
1.454100000000000000e+04,3.814355067582735348e+00
1.454200000000000000e+04,3.589655842290872645e+00
1.454300000000000000e+04,3.934715778764827032e+00
1.454400000000000000e+04,3.653819028686723147e+00
1.454500000000000000e+04,3.674553887571450961e+00
1.454600000000000000e+04,3.598856685574021608e+00
1.454700000000000000e+04,4.013613177076916116e+00
1.454800000000000000e+04,3.460580514165972232e+00
1.454900000000000000e+04,3.669958279458287009e+00
1.455000000000000000e+04,3.785892869092122304e+00
1.455100000000000000e+04,3.469753151386356205e+00
1.455200000000000000e+04,3.634074102453313859e+00
1.455300000000000000e+04,3.791486827347571253e+00
1.455400000000000000e+04,3.763242110800680162e+00
1.455500000000000000e+04,3.890225478858743369e+00
1.455600000000000000e+04,3.395377249826083688e+00
1.455700000000000000e+04,3.665991046651944529e+00
1.455800000000000000e+04,3.385654687411234320e+00
1.455900000000000000e+04,3.631560237161206572e+00
1.456000000000000000e+04,3.800626918353778638e+00
1.456100000000000000e+04,3.799619563259341692e+00
1.456200000000000000e+04,3.913828819178328366e+00
1.456300000000000000e+04,3.449018848785266211e+00
1.456400000000000000e+04,3.310017675101649459e+00
1.456500000000000000e+04,3.787480790960173760e+00
1.456600000000000000e+04,3.690361830949751010e+00
1.456700000000000000e+04,3.582544700128262871e+00
1.456800000000000000e+04,3.855990070198679565e+00
1.456900000000000000e+04,3.529416240524229309e+00
1.457000000000000000e+04,3.737393732228423193e+00
1.457100000000000000e+04,3.371047744384414901e+00
1.457200000000000000e+04,3.617708571219101721e+00
1.457300000000000000e+04,3.481819013474029223e+00
1.457400000000000000e+04,3.511786346837315609e+00
1.457500000000000000e+04,3.735481790030426463e+00
1.457600000000000000e+04,3.952077830364825850e+00
1.457700000000000000e+04,3.449116217824049535e+00
1.457800000000000000e+04,3.391478586710880094e+00
1.457900000000000000e+04,3.876627179634013931e+00
1.458000000000000000e+04,3.946155354777350244e+00
1.458100000000000000e+04,3.884263826580109935e+00
1.458200000000000000e+04,3.831624499980510912e+00
1.458300000000000000e+04,3.731675309964148202e+00
1.458400000000000000e+04,3.580084784367309148e+00
1.458500000000000000e+04,3.365600512860067450e+00
1.458600000000000000e+04,3.741060935492236172e+00
1.458700000000000000e+04,3.888103419859817222e+00
1.458800000000000000e+04,3.880626890054748479e+00
1.458900000000000000e+04,3.704171303382704838e+00
1.459000000000000000e+04,3.560778059442928356e+00
1.459100000000000000e+04,3.682563946831539869e+00
1.459200000000000000e+04,3.748368299803131354e+00
1.459300000000000000e+04,3.828742816082734368e+00
1.459400000000000000e+04,3.483354570354891155e+00
1.459500000000000000e+04,3.603176256544033063e+00
1.459600000000000000e+04,4.061168821466469403e+00
1.459700000000000000e+04,3.848684861333703022e+00
1.459800000000000000e+04,3.559023410291685341e+00
1.459900000000000000e+04,3.513798748233549318e+00
1.460000000000000000e+04,3.548142632930138873e+00
1.460100000000000000e+04,3.911616703267962070e+00
1.460200000000000000e+04,3.492151916598024375e+00
1.460300000000000000e+04,3.758841862239891363e+00
1.460400000000000000e+04,3.642605543899203546e+00
1.460500000000000000e+04,3.900552992551104659e+00
1.460600000000000000e+04,3.580179179893943520e+00
1.460700000000000000e+04,3.290325269071174841e+00
1.460800000000000000e+04,3.518239369702484964e+00
1.460900000000000000e+04,3.577786108962987655e+00
1.461000000000000000e+04,3.428088478642667525e+00
1.461100000000000000e+04,4.083604121765547212e+00
1.461200000000000000e+04,3.950871964362287159e+00
1.461300000000000000e+04,3.809858005047195295e+00
1.461400000000000000e+04,3.706643733342821712e+00
1.461500000000000000e+04,3.599545650609165648e+00
1.461600000000000000e+04,3.803961542508847327e+00
1.461700000000000000e+04,3.439199993397886068e+00
1.461800000000000000e+04,3.672171868672291062e+00
1.461900000000000000e+04,3.539914167066400719e+00
1.462000000000000000e+04,3.605213866837590597e+00
1.462100000000000000e+04,4.030375360956669262e+00
1.462200000000000000e+04,3.639197246052411128e+00
1.462300000000000000e+04,3.895148089496018873e+00
1.462400000000000000e+04,3.765117418791499304e+00
1.462500000000000000e+04,3.332995124621325633e+00
1.462600000000000000e+04,3.519709326197285826e+00
1.462700000000000000e+04,3.429013994970639523e+00
1.462800000000000000e+04,3.549300968888851049e+00
1.462900000000000000e+04,3.734975717288368635e+00
1.463000000000000000e+04,3.508686950524932957e+00
1.463100000000000000e+04,3.667314838507952590e+00
1.463200000000000000e+04,3.813097179019642180e+00
1.463300000000000000e+04,3.580233193341438191e+00
1.463400000000000000e+04,4.054370321924266385e+00
1.463500000000000000e+04,3.567943598300547414e+00
1.463600000000000000e+04,4.064073145995521941e+00
1.463700000000000000e+04,3.499961663891246744e+00
1.463800000000000000e+04,4.035878216937158314e+00
1.463900000000000000e+04,3.759360443028434418e+00
1.464000000000000000e+04,3.769552659393930583e+00
1.464100000000000000e+04,3.456437937065922839e+00
1.464200000000000000e+04,3.832762236689736479e+00
1.464300000000000000e+04,3.914821793453032939e+00
1.464400000000000000e+04,3.704801292292636106e+00
1.464500000000000000e+04,3.546409218150706977e+00
1.464600000000000000e+04,3.692798298106322097e+00
1.464700000000000000e+04,3.531720372017012277e+00
1.464800000000000000e+04,3.608738408115316432e+00
1.464900000000000000e+04,3.648539923800973472e+00
1.465000000000000000e+04,3.599792737427137013e+00
1.465100000000000000e+04,3.759530386259515744e+00
1.465200000000000000e+04,3.376640611326395369e+00
1.465300000000000000e+04,3.818125617750440792e+00
1.465400000000000000e+04,3.481287250948566836e+00
1.465500000000000000e+04,3.733388974451500975e+00
1.465600000000000000e+04,3.895602262416602901e+00
1.465700000000000000e+04,3.654223097580366897e+00
1.465800000000000000e+04,3.606623531648427416e+00
1.465900000000000000e+04,3.659400221542572940e+00
1.466000000000000000e+04,3.437696453742348890e+00
1.466100000000000000e+04,3.650961571276725603e+00
1.466200000000000000e+04,3.580448876795756075e+00
1.466300000000000000e+04,3.500603282434733732e+00
1.466400000000000000e+04,3.593572834093070156e+00
1.466500000000000000e+04,3.723605132413947860e+00
1.466600000000000000e+04,3.639101136268344305e+00
1.466700000000000000e+04,3.852860576731622189e+00
1.466800000000000000e+04,3.585047248127266606e+00
1.466900000000000000e+04,3.460569551418547274e+00
1.467000000000000000e+04,3.705343038202516315e+00
1.467100000000000000e+04,3.761848323969725794e+00
1.467200000000000000e+04,3.995078552585209053e+00
1.467300000000000000e+04,3.767864656641242593e+00
1.467400000000000000e+04,3.679736089869187765e+00
1.467500000000000000e+04,3.718878513731617819e+00
1.467600000000000000e+04,3.454937185188887927e+00
1.467700000000000000e+04,3.596712732086491116e+00
1.467800000000000000e+04,3.703287359596902473e+00
1.467900000000000000e+04,3.638870450722695882e+00
1.468000000000000000e+04,3.777952109720908780e+00
1.468100000000000000e+04,3.407691591768000627e+00
1.468200000000000000e+04,3.535179297300514722e+00
1.468300000000000000e+04,3.976072676685248997e+00
1.468400000000000000e+04,3.608964743962353783e+00
1.468500000000000000e+04,3.531512765154662059e+00
1.468600000000000000e+04,3.767986693535094300e+00
1.468700000000000000e+04,3.833139822056865320e+00
1.468800000000000000e+04,3.855047674513623512e+00
1.468900000000000000e+04,3.551665787123915230e+00
1.469000000000000000e+04,3.661503299583246829e+00
1.469100000000000000e+04,3.712277673902781849e+00
1.469200000000000000e+04,3.793928691460751512e+00
1.469300000000000000e+04,3.710245418076028479e+00
1.469400000000000000e+04,3.407056676339791590e+00
1.469500000000000000e+04,3.404946677391734511e+00
1.469600000000000000e+04,4.033456284642054968e+00
1.469700000000000000e+04,3.347073895666083931e+00
1.469800000000000000e+04,3.832313595167609499e+00
1.469900000000000000e+04,3.883133870995349124e+00
1.470000000000000000e+04,3.722941369747503337e+00
1.470100000000000000e+04,3.778114477565455154e+00
1.470200000000000000e+04,3.954917686061001358e+00
1.470300000000000000e+04,3.394130822750749399e+00
1.470400000000000000e+04,3.348543868548475633e+00
1.470500000000000000e+04,3.812550203059009934e+00
1.470600000000000000e+04,3.780955411249096620e+00
1.470700000000000000e+04,3.437166353054510459e+00
1.470800000000000000e+04,3.527422084077277642e+00
1.470900000000000000e+04,3.681307173920409515e+00
1.471000000000000000e+04,3.614434907696251198e+00
1.471100000000000000e+04,3.460126595590324872e+00
1.471200000000000000e+04,3.774991846225283165e+00
1.471300000000000000e+04,3.711748848717979943e+00
1.471400000000000000e+04,3.577229728803745346e+00
1.471500000000000000e+04,3.812272773982196661e+00
1.471600000000000000e+04,3.749936085323944734e+00
1.471700000000000000e+04,3.652517668642630166e+00
1.471800000000000000e+04,3.708758865059024412e+00
1.471900000000000000e+04,3.535847710673178934e+00
1.472000000000000000e+04,3.580647093079779353e+00
1.472100000000000000e+04,3.531237055799896218e+00
1.472200000000000000e+04,3.496666698680165108e+00
1.472300000000000000e+04,3.854614331885511724e+00
1.472400000000000000e+04,3.721159290005660480e+00
1.472500000000000000e+04,3.653290829857068100e+00
1.472600000000000000e+04,3.640207568267724625e+00
1.472700000000000000e+04,3.190868354026458853e+00
1.472800000000000000e+04,3.645132296683160078e+00
1.472900000000000000e+04,3.625127764083213133e+00
1.473000000000000000e+04,3.421744759132015368e+00
1.473100000000000000e+04,3.572538221323617424e+00
1.473200000000000000e+04,3.948275461391378638e+00
1.473300000000000000e+04,3.726132251384088434e+00
1.473400000000000000e+04,3.707405086295335828e+00
1.473500000000000000e+04,3.540824961882945043e+00
1.473600000000000000e+04,3.632106363554691519e+00
1.473700000000000000e+04,3.787723804765417146e+00
1.473800000000000000e+04,3.528378294152432648e+00
1.473900000000000000e+04,3.462078469152730431e+00
1.474000000000000000e+04,3.833131351063051806e+00
1.474100000000000000e+04,3.790109418336530922e+00
1.474200000000000000e+04,3.589690795841032234e+00
1.474300000000000000e+04,3.629047080796846902e+00
1.474400000000000000e+04,3.406893943999295793e+00
1.474500000000000000e+04,3.793493810453243409e+00
1.474600000000000000e+04,3.380413753241355401e+00
1.474700000000000000e+04,3.598588614151422060e+00
1.474800000000000000e+04,3.560121238238050712e+00
1.474900000000000000e+04,3.409596736385290594e+00
1.475000000000000000e+04,3.656994557850476557e+00
1.475100000000000000e+04,3.499163019331720914e+00
1.475200000000000000e+04,3.698260371778361755e+00
1.475300000000000000e+04,3.583883308670173129e+00
1.475400000000000000e+04,3.745338204351984945e+00
1.475500000000000000e+04,3.928405046080011065e+00
1.475600000000000000e+04,3.516783043080258686e+00
1.475700000000000000e+04,3.630793110175304150e+00
1.475800000000000000e+04,3.413581294906895991e+00
1.475900000000000000e+04,3.940812533651812721e+00
1.476000000000000000e+04,3.632581385342731117e+00
1.476100000000000000e+04,3.870474372919128214e+00
1.476200000000000000e+04,3.481793114239509102e+00
1.476300000000000000e+04,3.428469795172153223e+00
1.476400000000000000e+04,3.832958280779476645e+00
1.476500000000000000e+04,3.644212913016574351e+00
1.476600000000000000e+04,3.779737965547986356e+00
1.476700000000000000e+04,3.758029521055266553e+00
1.476800000000000000e+04,3.666613911626515510e+00
1.476900000000000000e+04,3.489437874939009365e+00
1.477000000000000000e+04,3.615252262933342120e+00
1.477100000000000000e+04,3.893165130419765863e+00
1.477200000000000000e+04,4.083011323101509937e+00
1.477300000000000000e+04,3.642688359297065581e+00
1.477400000000000000e+04,3.731380049773676877e+00
1.477500000000000000e+04,4.071890840890004526e+00
1.477600000000000000e+04,3.749545124491875381e+00
1.477700000000000000e+04,3.477041543622055642e+00
1.477800000000000000e+04,3.656632592439313711e+00
1.477900000000000000e+04,3.633212010212732768e+00
1.478000000000000000e+04,4.043906276272934086e+00
1.478100000000000000e+04,3.555125781255431772e+00
1.478200000000000000e+04,3.590534696821648275e+00
1.478300000000000000e+04,3.791116327591850688e+00
1.478400000000000000e+04,3.614946752497840254e+00
1.478500000000000000e+04,3.947876976432348251e+00
1.478600000000000000e+04,3.588327501425672139e+00
1.478700000000000000e+04,3.633564298454382779e+00
1.478800000000000000e+04,3.792694235215821941e+00
1.478900000000000000e+04,4.254943290638539821e+00
1.479000000000000000e+04,3.560428712300831577e+00
1.479100000000000000e+04,3.770096132289823210e+00
1.479200000000000000e+04,4.050049714947294710e+00
1.479300000000000000e+04,3.505593363702177889e+00
1.479400000000000000e+04,3.831596274209947417e+00
1.479500000000000000e+04,3.682803083628325425e+00
1.479600000000000000e+04,3.588933778782338102e+00
1.479700000000000000e+04,3.557711653614280323e+00
1.479800000000000000e+04,3.620216798757640131e+00
1.479900000000000000e+04,3.673151311751507109e+00
1.480000000000000000e+04,3.958071301965928157e+00
1.480100000000000000e+04,3.814672679366693409e+00
1.480200000000000000e+04,3.987897010939374542e+00
1.480300000000000000e+04,3.665011036831576252e+00
1.480400000000000000e+04,3.890958339244329434e+00
1.480500000000000000e+04,3.701252462761094986e+00
1.480600000000000000e+04,3.726188638788534124e+00
1.480700000000000000e+04,3.665729866954900107e+00
1.480800000000000000e+04,4.078220826808205857e+00
1.480900000000000000e+04,3.777981479732786418e+00
1.481000000000000000e+04,3.475953465786745245e+00
1.481100000000000000e+04,4.037689884882858848e+00
1.481200000000000000e+04,3.944180236861670963e+00
1.481300000000000000e+04,3.906601588576497530e+00
1.481400000000000000e+04,3.819632954991992069e+00
1.481500000000000000e+04,3.891464890135311716e+00
1.481600000000000000e+04,3.825158676134342794e+00
1.481700000000000000e+04,3.911066814389778212e+00
1.481800000000000000e+04,3.814089809543153020e+00
1.481900000000000000e+04,3.705991211293606646e+00
1.482000000000000000e+04,3.479264321488666489e+00
1.482100000000000000e+04,3.927479619361122776e+00
1.482200000000000000e+04,3.734211979203183596e+00
1.482300000000000000e+04,3.725443191956651745e+00
1.482400000000000000e+04,3.749873751583973291e+00
1.482500000000000000e+04,4.016684642731504162e+00
1.482600000000000000e+04,3.732194248202853615e+00
1.482700000000000000e+04,3.788867478341203743e+00
1.482800000000000000e+04,3.915653707203097245e+00
1.482900000000000000e+04,3.764450223829724163e+00
1.483000000000000000e+04,3.669379876324688539e+00
1.483100000000000000e+04,3.502021924453184276e+00
1.483200000000000000e+04,3.680764713809334232e+00
1.483300000000000000e+04,3.486445165836934645e+00
1.483400000000000000e+04,3.644099212236192820e+00
1.483500000000000000e+04,3.714986304142754214e+00
1.483600000000000000e+04,3.240971702780645280e+00
1.483700000000000000e+04,3.541320316171031379e+00
1.483800000000000000e+04,3.259945248149032082e+00
1.483900000000000000e+04,3.923994031016734940e+00
1.484000000000000000e+04,3.707055895588550865e+00
1.484100000000000000e+04,3.661541930465454620e+00
1.484200000000000000e+04,3.851844919140889889e+00
1.484300000000000000e+04,3.841070586385392893e+00
1.484400000000000000e+04,3.436233543091645526e+00
1.484500000000000000e+04,3.805709729481405290e+00
1.484600000000000000e+04,3.639747972407301635e+00
1.484700000000000000e+04,3.600867551880809536e+00
1.484800000000000000e+04,3.687534057215565930e+00
1.484900000000000000e+04,3.926915187334974355e+00
1.485000000000000000e+04,3.114289920286993141e+00
1.485100000000000000e+04,3.671819849016114468e+00
1.485200000000000000e+04,3.434380450796826967e+00
1.485300000000000000e+04,3.567423834906629398e+00
1.485400000000000000e+04,3.720574045139264818e+00
1.485500000000000000e+04,3.601051995353847346e+00
1.485600000000000000e+04,3.524691861732167641e+00
1.485700000000000000e+04,3.716505592110225908e+00
1.485800000000000000e+04,3.630610121422371606e+00
1.485900000000000000e+04,3.596661156364101330e+00
1.486000000000000000e+04,3.872403129420627810e+00
1.486100000000000000e+04,3.849383970374264496e+00
1.486200000000000000e+04,3.807377898682588135e+00
1.486300000000000000e+04,3.836603527734822716e+00
1.486400000000000000e+04,3.803669913840885819e+00
1.486500000000000000e+04,3.860774411853201471e+00
1.486600000000000000e+04,3.844770126366699348e+00
1.486700000000000000e+04,3.395102147087222022e+00
1.486800000000000000e+04,3.352612762730339480e+00
1.486900000000000000e+04,3.503285168581041109e+00
1.487000000000000000e+04,3.875257799595342334e+00
1.487100000000000000e+04,3.369220003496390614e+00
1.487200000000000000e+04,3.830352653613791958e+00
1.487300000000000000e+04,3.713044587024568521e+00
1.487400000000000000e+04,3.597297560872941613e+00
1.487500000000000000e+04,3.782943233730236443e+00
1.487600000000000000e+04,3.634673616430539322e+00
1.487700000000000000e+04,3.662733730199521087e+00
1.487800000000000000e+04,3.549009341761615755e+00
1.487900000000000000e+04,3.989786479371266292e+00
1.488000000000000000e+04,3.570745706472108871e+00
1.488100000000000000e+04,3.674296784900989099e+00
1.488200000000000000e+04,3.539072947037034567e+00
1.488300000000000000e+04,3.507416615908690805e+00
1.488400000000000000e+04,3.729054150565946912e+00
1.488500000000000000e+04,3.842259611642824702e+00
1.488600000000000000e+04,3.461619152865107019e+00
1.488700000000000000e+04,3.381677636833404499e+00
1.488800000000000000e+04,3.758092045338469411e+00
1.488900000000000000e+04,3.652289978041851182e+00
1.489000000000000000e+04,3.778073081768980046e+00
1.489100000000000000e+04,3.568141372078112994e+00
1.489200000000000000e+04,3.566417742084922793e+00
1.489300000000000000e+04,3.629596124160645587e+00
1.489400000000000000e+04,3.628787645226481562e+00
1.489500000000000000e+04,3.628225073288767533e+00
1.489600000000000000e+04,3.727912378891501177e+00
1.489700000000000000e+04,3.790314166297860776e+00
1.489800000000000000e+04,3.631215715387347220e+00
1.489900000000000000e+04,3.505622093231580916e+00
1.490000000000000000e+04,3.526008353431575149e+00
1.490100000000000000e+04,3.805443427393610634e+00
1.490200000000000000e+04,3.514867840444902303e+00
1.490300000000000000e+04,3.422176258386574244e+00
1.490400000000000000e+04,3.941881870747458994e+00
1.490500000000000000e+04,3.686025606798839060e+00
1.490600000000000000e+04,3.825331766262615396e+00
1.490700000000000000e+04,3.770095218125030012e+00
1.490800000000000000e+04,3.601804124504635052e+00
1.490900000000000000e+04,3.312020102257257737e+00
1.491000000000000000e+04,3.775200559928312938e+00
1.491100000000000000e+04,3.470635268281306640e+00
1.491200000000000000e+04,3.712103261216638916e+00
1.491300000000000000e+04,3.760671825402336133e+00
1.491400000000000000e+04,3.690106073207670256e+00
1.491500000000000000e+04,3.938306467685720680e+00
1.491600000000000000e+04,3.594738845968267871e+00
1.491700000000000000e+04,3.385822490100637072e+00
1.491800000000000000e+04,3.413873056544112661e+00
1.491900000000000000e+04,3.705506624118290571e+00
1.492000000000000000e+04,3.597937389591451041e+00
1.492100000000000000e+04,3.584165350797650085e+00
1.492200000000000000e+04,3.798015701831957358e+00
1.492300000000000000e+04,3.657962829214208345e+00
1.492400000000000000e+04,3.760635712323307622e+00
1.492500000000000000e+04,3.565933481369229163e+00
1.492600000000000000e+04,3.549482365560380881e+00
1.492700000000000000e+04,3.536773274565509606e+00
1.492800000000000000e+04,3.574049512888146207e+00
1.492900000000000000e+04,3.563420315757434231e+00
1.493000000000000000e+04,3.507563566259323640e+00
1.493100000000000000e+04,3.875135671716282815e+00
1.493200000000000000e+04,3.614221769296469766e+00
1.493300000000000000e+04,3.786023477821388372e+00
1.493400000000000000e+04,3.748464371479253820e+00
1.493500000000000000e+04,3.481576313112370702e+00
1.493600000000000000e+04,3.179490800937259554e+00
1.493700000000000000e+04,3.753395596465288531e+00
1.493800000000000000e+04,3.753474364805527319e+00
1.493900000000000000e+04,3.674262620050052774e+00
1.494000000000000000e+04,3.635552546202723168e+00
1.494100000000000000e+04,3.696589658796378242e+00
1.494200000000000000e+04,3.723931729097308185e+00
1.494300000000000000e+04,3.951251414153930330e+00
1.494400000000000000e+04,3.686573262303118437e+00
1.494500000000000000e+04,3.838141965412301904e+00
1.494600000000000000e+04,3.463858875316366159e+00
1.494700000000000000e+04,3.566765605800472194e+00
1.494800000000000000e+04,4.088453385335599322e+00
1.494900000000000000e+04,3.786155943851166494e+00
1.495000000000000000e+04,3.724485743414924777e+00
1.495100000000000000e+04,3.634585568487091134e+00
1.495200000000000000e+04,3.507618348824451004e+00
1.495300000000000000e+04,3.633965829743149190e+00
1.495400000000000000e+04,3.472550433392270985e+00
1.495500000000000000e+04,3.499420007594122861e+00
1.495600000000000000e+04,3.769144523477113928e+00
1.495700000000000000e+04,3.825698517764563711e+00
1.495800000000000000e+04,3.368231913534047273e+00
1.495900000000000000e+04,3.739627521307187230e+00
1.496000000000000000e+04,3.738826569097930541e+00
1.496100000000000000e+04,3.818287423012773907e+00
1.496200000000000000e+04,3.600657063773169408e+00
1.496300000000000000e+04,3.792471425232134319e+00
1.496400000000000000e+04,3.808144652313540934e+00
1.496500000000000000e+04,3.502440037687125862e+00
1.496600000000000000e+04,3.574261345385314037e+00
1.496700000000000000e+04,4.056615709818956361e+00
1.496800000000000000e+04,3.824875574546151125e+00
1.496900000000000000e+04,3.572001567311176018e+00
1.497000000000000000e+04,3.669683677426148982e+00
1.497100000000000000e+04,3.632109690045320249e+00
1.497200000000000000e+04,3.393349792903418649e+00
1.497300000000000000e+04,3.817890997387770824e+00
1.497400000000000000e+04,3.422406476557417143e+00
1.497500000000000000e+04,3.540363158060436000e+00
1.497600000000000000e+04,3.866306351417192477e+00
1.497700000000000000e+04,3.566972300635868454e+00
1.497800000000000000e+04,3.914405803241302717e+00
1.497900000000000000e+04,3.574200930531732823e+00
1.498000000000000000e+04,3.582461314799753715e+00
1.498100000000000000e+04,4.037398451363851670e+00
1.498200000000000000e+04,3.844868374567152802e+00
1.498300000000000000e+04,3.674022875972204005e+00
1.498400000000000000e+04,3.868985164728345971e+00
1.498500000000000000e+04,3.626383494980741418e+00
1.498600000000000000e+04,3.755613576443102009e+00
1.498700000000000000e+04,3.731535343035480956e+00
1.498800000000000000e+04,3.443295130960750239e+00
1.498900000000000000e+04,3.364846189307118873e+00
1.499000000000000000e+04,3.603447305936341216e+00
1.499100000000000000e+04,3.522025060376144712e+00
1.499200000000000000e+04,3.624740660849056439e+00
1.499300000000000000e+04,3.578429619140507612e+00
1.499400000000000000e+04,3.609231915946077063e+00
1.499500000000000000e+04,3.734506812690161937e+00
1.499600000000000000e+04,3.738687084628351087e+00
1.499700000000000000e+04,3.442792394666359890e+00
1.499800000000000000e+04,3.558540961807135972e+00
1.499900000000000000e+04,3.936127373647015482e+00
1.500000000000000000e+04,3.645070428937147611e+00
1.500100000000000000e+04,3.729727167607469696e+00
1.500200000000000000e+04,3.649968124164995054e+00
1.500300000000000000e+04,3.867873639389898699e+00
1.500400000000000000e+04,3.713439976688012401e+00
1.500500000000000000e+04,3.257704365065791308e+00
1.500600000000000000e+04,3.795212323894937789e+00
1.500700000000000000e+04,3.911410387689877588e+00
1.500800000000000000e+04,3.569511494108334571e+00
1.500900000000000000e+04,4.083385280444495002e+00
1.501000000000000000e+04,3.694732975680816267e+00
1.501100000000000000e+04,3.638074186556791378e+00
1.501200000000000000e+04,3.441427234156638537e+00
1.501300000000000000e+04,3.872344328733864138e+00
1.501400000000000000e+04,3.717783351710774120e+00
1.501500000000000000e+04,3.585600386075479928e+00
1.501600000000000000e+04,3.369159263912935298e+00
1.501700000000000000e+04,3.796454318343150280e+00
1.501800000000000000e+04,3.922134136515577740e+00
1.501900000000000000e+04,3.863199602856780768e+00
1.502000000000000000e+04,3.845034281304463786e+00
1.502100000000000000e+04,3.823219319234191005e+00
1.502200000000000000e+04,3.469044355789369316e+00
1.502300000000000000e+04,3.820800839311527586e+00
1.502400000000000000e+04,4.171247169299705071e+00
1.502500000000000000e+04,3.466813265420932488e+00
1.502600000000000000e+04,3.749581954154674435e+00
1.502700000000000000e+04,3.700473439518839669e+00
1.502800000000000000e+04,3.738557165394415627e+00
1.502900000000000000e+04,3.694881361796759744e+00
1.503000000000000000e+04,3.448079303160539233e+00
1.503100000000000000e+04,4.020450067236164493e+00
1.503200000000000000e+04,3.630123255682665917e+00
1.503300000000000000e+04,3.678788765702131869e+00
1.503400000000000000e+04,3.722885400579217574e+00
1.503500000000000000e+04,3.393011702576243849e+00
1.503600000000000000e+04,4.025505690648246926e+00
1.503700000000000000e+04,3.784771008968056627e+00
1.503800000000000000e+04,4.001664812503384461e+00
1.503900000000000000e+04,3.660970862475596110e+00
1.504000000000000000e+04,3.829278757543895573e+00
1.504100000000000000e+04,3.573757002068102206e+00
1.504200000000000000e+04,4.016591157719097360e+00
1.504300000000000000e+04,3.620719649639658311e+00
1.504400000000000000e+04,3.487195243391671973e+00
1.504500000000000000e+04,3.596514665916004105e+00
1.504600000000000000e+04,3.604284011038985991e+00
1.504700000000000000e+04,3.682168086699642906e+00
1.504800000000000000e+04,3.290861684498149309e+00
1.504900000000000000e+04,3.707377765002462855e+00
1.505000000000000000e+04,3.889878102868252974e+00
1.505100000000000000e+04,3.533769385311270828e+00
1.505200000000000000e+04,3.797715748320761087e+00
1.505300000000000000e+04,3.535018005408258723e+00
1.505400000000000000e+04,3.743272693461904943e+00
1.505500000000000000e+04,3.820504773282694000e+00
1.505600000000000000e+04,3.867074374271036064e+00
1.505700000000000000e+04,3.798110407227466290e+00
1.505800000000000000e+04,3.563803992396811893e+00
1.505900000000000000e+04,3.944025047595987932e+00
1.506000000000000000e+04,3.478721472015890548e+00
1.506100000000000000e+04,3.833365359310634712e+00
1.506200000000000000e+04,3.641327156407370591e+00
1.506300000000000000e+04,3.860143944869736110e+00
1.506400000000000000e+04,3.402036687457642206e+00
1.506500000000000000e+04,3.805087170728540080e+00
1.506600000000000000e+04,3.627572781722492312e+00
1.506700000000000000e+04,4.014873753215441710e+00
1.506800000000000000e+04,3.511565042289152228e+00
1.506900000000000000e+04,3.436343341664339412e+00
1.507000000000000000e+04,3.875254844142042021e+00
1.507100000000000000e+04,3.505200813195936238e+00
1.507200000000000000e+04,3.592491441563816057e+00
1.507300000000000000e+04,3.578729900504800110e+00
1.507400000000000000e+04,3.457947551825627297e+00
1.507500000000000000e+04,3.699526879566939375e+00
1.507600000000000000e+04,3.570033376918498202e+00
1.507700000000000000e+04,3.824304700047254091e+00
1.507800000000000000e+04,3.372559281584084356e+00
1.507900000000000000e+04,3.683572353262390298e+00
1.508000000000000000e+04,3.786789761235356266e+00
1.508100000000000000e+04,3.505329587054128559e+00
1.508200000000000000e+04,3.545142609092386987e+00
1.508300000000000000e+04,3.578016540340652973e+00
1.508400000000000000e+04,3.654389342757128567e+00
1.508500000000000000e+04,3.569960208764484388e+00
1.508600000000000000e+04,3.567783302278705104e+00
1.508700000000000000e+04,3.917761102655509475e+00
1.508800000000000000e+04,3.818206736999222528e+00
1.508900000000000000e+04,3.414677558339471730e+00
1.509000000000000000e+04,3.925960830549524605e+00
1.509100000000000000e+04,3.613708947695559726e+00
1.509200000000000000e+04,3.688303623941439735e+00
1.509300000000000000e+04,3.595629073479572835e+00
1.509400000000000000e+04,3.691678573307653366e+00
1.509500000000000000e+04,3.789237580993888965e+00
1.509600000000000000e+04,3.784643866676513202e+00
1.509700000000000000e+04,3.483006563713377801e+00
1.509800000000000000e+04,3.757641103283166473e+00
1.509900000000000000e+04,3.952007825412765296e+00
1.510000000000000000e+04,3.738889040953214504e+00
1.510100000000000000e+04,3.715643037237521984e+00
1.510200000000000000e+04,3.729924391974388520e+00
1.510300000000000000e+04,3.679180068223065536e+00
1.510400000000000000e+04,3.917676929297039035e+00
1.510500000000000000e+04,3.638965562707601187e+00
1.510600000000000000e+04,3.770686554228155352e+00
1.510700000000000000e+04,3.480435325513346445e+00
1.510800000000000000e+04,3.483364246475523895e+00
1.510900000000000000e+04,3.494288026905726152e+00
1.511000000000000000e+04,3.454563516558297742e+00
1.511100000000000000e+04,3.512209882942541661e+00
1.511200000000000000e+04,3.520520356234874804e+00
1.511300000000000000e+04,3.563913061113832104e+00
1.511400000000000000e+04,3.704252206345705734e+00
1.511500000000000000e+04,3.716961568802011673e+00
1.511600000000000000e+04,3.426097721396134332e+00
1.511700000000000000e+04,3.729177900324371908e+00
1.511800000000000000e+04,3.647492461202078040e+00
1.511900000000000000e+04,3.612841848947436318e+00
1.512000000000000000e+04,3.443844510627616984e+00
1.512100000000000000e+04,3.613016796809401576e+00
1.512200000000000000e+04,3.942795308263518095e+00
1.512300000000000000e+04,3.597454730123103683e+00
1.512400000000000000e+04,3.862763242497307736e+00
1.512500000000000000e+04,3.777569672197244266e+00
1.512600000000000000e+04,3.604403340992033300e+00
1.512700000000000000e+04,3.574653245345526642e+00
1.512800000000000000e+04,3.690925293047845113e+00
1.512900000000000000e+04,3.918826509493469334e+00
1.513000000000000000e+04,3.967850019770170711e+00
1.513100000000000000e+04,3.802202844266461490e+00
1.513200000000000000e+04,3.824520011914697815e+00
1.513300000000000000e+04,3.856504991290731432e+00
1.513400000000000000e+04,3.649408204495223629e+00
1.513500000000000000e+04,3.798202581910321118e+00
1.513600000000000000e+04,3.629544887410144582e+00
1.513700000000000000e+04,3.733266829451999502e+00
1.513800000000000000e+04,3.929248840995502423e+00
1.513900000000000000e+04,3.542223522487441656e+00
1.514000000000000000e+04,3.709982944938484462e+00
1.514100000000000000e+04,3.439830778015687596e+00
1.514200000000000000e+04,3.636498993100931276e+00
1.514300000000000000e+04,3.441273364056780526e+00
1.514400000000000000e+04,3.776837130723956104e+00
1.514500000000000000e+04,3.930681604674106655e+00
1.514600000000000000e+04,3.332875389723313653e+00
1.514700000000000000e+04,4.025187120139415597e+00
1.514800000000000000e+04,3.413001894584039242e+00
1.514900000000000000e+04,3.720014416662753121e+00
1.515000000000000000e+04,3.342572355505089021e+00
1.515100000000000000e+04,3.770013207802065835e+00
1.515200000000000000e+04,3.937865693579287285e+00
1.515300000000000000e+04,3.672317968837661262e+00
1.515400000000000000e+04,4.044643708840809815e+00
1.515500000000000000e+04,3.571000288137906598e+00
1.515600000000000000e+04,3.546076421976015247e+00
1.515700000000000000e+04,3.726671640433937505e+00
1.515800000000000000e+04,3.836974896065034724e+00
1.515900000000000000e+04,3.790870659947260357e+00
1.516000000000000000e+04,3.636127823864757413e+00
1.516100000000000000e+04,3.662935785136720579e+00
1.516200000000000000e+04,3.724153048982800751e+00
1.516300000000000000e+04,3.558089890849058801e+00
1.516400000000000000e+04,3.172576108923931493e+00
1.516500000000000000e+04,3.462045399474574570e+00
1.516600000000000000e+04,3.479457021383858262e+00
1.516700000000000000e+04,3.413283969943285090e+00
1.516800000000000000e+04,3.181959976463765383e+00
1.516900000000000000e+04,3.562861948191724970e+00
1.517000000000000000e+04,3.499051654256594368e+00
1.517100000000000000e+04,3.917508327019148862e+00
1.517200000000000000e+04,3.633658595022613902e+00
1.517300000000000000e+04,3.395489084743363861e+00
1.517400000000000000e+04,3.728237303108680400e+00
1.517500000000000000e+04,3.709355167688761057e+00
1.517600000000000000e+04,3.540825948329211936e+00
1.517700000000000000e+04,3.431751904619707805e+00
1.517800000000000000e+04,3.570211593185991017e+00
1.517900000000000000e+04,3.512436051541924176e+00
1.518000000000000000e+04,3.707732825302018309e+00
1.518100000000000000e+04,3.541436278036256269e+00
1.518200000000000000e+04,3.545952190132394044e+00
1.518300000000000000e+04,3.556273628344420956e+00
1.518400000000000000e+04,3.261877456699651123e+00
1.518500000000000000e+04,3.733756551174182814e+00
1.518600000000000000e+04,3.711550215098246674e+00
1.518700000000000000e+04,3.673167125079503936e+00
1.518800000000000000e+04,3.398828607725717266e+00
1.518900000000000000e+04,3.586629857530924337e+00
1.519000000000000000e+04,3.537052882333776793e+00
1.519100000000000000e+04,3.574817144173286110e+00
1.519200000000000000e+04,3.621530819802423640e+00
1.519300000000000000e+04,3.640573764105681676e+00
1.519400000000000000e+04,3.640569995377575196e+00
1.519500000000000000e+04,3.606489908353632590e+00
1.519600000000000000e+04,3.776107433204784591e+00
1.519700000000000000e+04,3.427991347028334523e+00
1.519800000000000000e+04,3.961235349426065255e+00
1.519900000000000000e+04,3.470926815020492828e+00
1.520000000000000000e+04,3.604806560657861425e+00
1.520100000000000000e+04,3.697362513719530952e+00
1.520200000000000000e+04,3.749581060431168567e+00
1.520300000000000000e+04,3.415795679380327687e+00
1.520400000000000000e+04,3.372938075231107558e+00
1.520500000000000000e+04,3.570588507596999861e+00
1.520600000000000000e+04,3.516754751237010090e+00
1.520700000000000000e+04,3.595086627656660205e+00
1.520800000000000000e+04,3.482637235131193609e+00
1.520900000000000000e+04,3.749168489085935807e+00
1.521000000000000000e+04,3.846066673003999625e+00
1.521100000000000000e+04,3.723859974850392440e+00
1.521200000000000000e+04,3.938618229153531658e+00
1.521300000000000000e+04,3.626855722170363006e+00
1.521400000000000000e+04,3.556702584790895738e+00
1.521500000000000000e+04,3.447112977008268242e+00
1.521600000000000000e+04,3.333254564283404608e+00
1.521700000000000000e+04,3.453923384187856271e+00
1.521800000000000000e+04,3.345796496405732512e+00
1.521900000000000000e+04,3.492942701462384836e+00
1.522000000000000000e+04,3.469015079781757382e+00
1.522100000000000000e+04,3.816806931551990800e+00
1.522200000000000000e+04,3.456839637351194927e+00
1.522300000000000000e+04,3.634074851174311060e+00
1.522400000000000000e+04,3.333271060512942974e+00
1.522500000000000000e+04,3.724160465940696607e+00
1.522600000000000000e+04,3.330541671368987267e+00
1.522700000000000000e+04,3.762615699718570017e+00
1.522800000000000000e+04,3.619063959496333194e+00
1.522900000000000000e+04,3.852978088069071827e+00
1.523000000000000000e+04,3.838145902256494768e+00
1.523100000000000000e+04,3.649667714066521018e+00
1.523200000000000000e+04,3.650068296721857397e+00
1.523300000000000000e+04,3.678610384706589187e+00
1.523400000000000000e+04,3.383423393090689402e+00
1.523500000000000000e+04,3.417398304463500569e+00
1.523600000000000000e+04,3.363308157888402317e+00
1.523700000000000000e+04,3.752978349042657147e+00
1.523800000000000000e+04,3.447747002388536597e+00
1.523900000000000000e+04,4.161528136467980588e+00
1.524000000000000000e+04,3.506850694070462904e+00
1.524100000000000000e+04,3.456878015524968095e+00
1.524200000000000000e+04,3.623556031128279287e+00
1.524300000000000000e+04,3.437863658751846518e+00
1.524400000000000000e+04,3.722023730312707279e+00
1.524500000000000000e+04,3.793432337017967448e+00
1.524600000000000000e+04,3.990903500933653536e+00
1.524700000000000000e+04,3.432976073217263391e+00
1.524800000000000000e+04,3.456850729034409042e+00
1.524900000000000000e+04,3.628929562187984015e+00
1.525000000000000000e+04,3.335676329819314834e+00
1.525100000000000000e+04,3.644531377462107091e+00
1.525200000000000000e+04,3.269992804347584325e+00
1.525300000000000000e+04,3.647214809350529663e+00
1.525400000000000000e+04,3.936218152698183648e+00
1.525500000000000000e+04,3.633621894064130053e+00
1.525600000000000000e+04,3.973908173826079082e+00
1.525700000000000000e+04,3.774703770349111309e+00
1.525800000000000000e+04,3.662874935460982861e+00
1.525900000000000000e+04,3.627166782416119339e+00
1.526000000000000000e+04,3.322593190642883165e+00
1.526100000000000000e+04,3.712854619199961181e+00
1.526200000000000000e+04,3.422832600026457950e+00
1.526300000000000000e+04,3.949470951769500360e+00
1.526400000000000000e+04,3.742096602781002979e+00
1.526500000000000000e+04,3.383809036997510677e+00
1.526600000000000000e+04,3.719732751462256903e+00
1.526700000000000000e+04,3.470156230410895049e+00
1.526800000000000000e+04,3.304984851856608508e+00
1.526900000000000000e+04,3.793247670471142641e+00
1.527000000000000000e+04,3.413696979845720847e+00
1.527100000000000000e+04,3.682862613092614090e+00
1.527200000000000000e+04,3.735164203020188811e+00
1.527300000000000000e+04,3.482733767054478236e+00
1.527400000000000000e+04,3.725730456861722217e+00
1.527500000000000000e+04,3.354994096725487207e+00
1.527600000000000000e+04,3.433533673014099730e+00
1.527700000000000000e+04,4.079142162173509334e+00
1.527800000000000000e+04,3.669297812525289082e+00
1.527900000000000000e+04,3.388271531177383444e+00
1.528000000000000000e+04,4.034103708883018946e+00
1.528100000000000000e+04,3.748179864388442972e+00
1.528200000000000000e+04,3.534102759720601394e+00
1.528300000000000000e+04,3.561745406395076419e+00
1.528400000000000000e+04,3.803922195849362087e+00
1.528500000000000000e+04,3.663585321586479537e+00
1.528600000000000000e+04,3.764694340264580497e+00
1.528700000000000000e+04,3.635226580497441962e+00
1.528800000000000000e+04,3.380470620879270083e+00
1.528900000000000000e+04,3.465318402712066259e+00
1.529000000000000000e+04,3.722813225474077559e+00
1.529100000000000000e+04,3.722974641159077613e+00
1.529200000000000000e+04,3.778694360630521221e+00
1.529300000000000000e+04,3.636920358885200599e+00
1.529400000000000000e+04,3.486861834827188922e+00
1.529500000000000000e+04,3.860659624059165740e+00
1.529600000000000000e+04,3.895188865642468468e+00
1.529700000000000000e+04,3.626113646046432049e+00
1.529800000000000000e+04,3.497145695057877646e+00
1.529900000000000000e+04,3.508898629166866012e+00
1.530000000000000000e+04,3.882512792912530042e+00
1.530100000000000000e+04,3.496185271395376493e+00
1.530200000000000000e+04,3.494541591040281503e+00
1.530300000000000000e+04,3.960289379950306277e+00
1.530400000000000000e+04,3.386743625871495578e+00
1.530500000000000000e+04,3.812139377939894214e+00
1.530600000000000000e+04,3.308416741510745052e+00
1.530700000000000000e+04,3.902416657723507321e+00
1.530800000000000000e+04,3.573087768457018587e+00
1.530900000000000000e+04,3.414269844928079500e+00
1.531000000000000000e+04,3.359050240488026251e+00
1.531100000000000000e+04,3.641114129491542784e+00
1.531200000000000000e+04,3.782406386661500086e+00
1.531300000000000000e+04,3.594507071018561373e+00
1.531400000000000000e+04,3.507893955453952994e+00
1.531500000000000000e+04,3.582084064279204672e+00
1.531600000000000000e+04,3.481070008846344432e+00
1.531700000000000000e+04,3.896179295394175401e+00
1.531800000000000000e+04,3.781922572088064260e+00
1.531900000000000000e+04,3.675186149076656417e+00
1.532000000000000000e+04,3.633569492404982615e+00
1.532100000000000000e+04,3.844850056512020497e+00
1.532200000000000000e+04,3.565674498391922853e+00
1.532300000000000000e+04,3.321401751906356559e+00
1.532400000000000000e+04,3.578331326516953403e+00
1.532500000000000000e+04,3.726639623152103287e+00
1.532600000000000000e+04,3.623763930096115082e+00
1.532700000000000000e+04,3.650898824588422631e+00
1.532800000000000000e+04,3.694608154498549624e+00
1.532900000000000000e+04,3.712032407459517902e+00
1.533000000000000000e+04,3.915022718994781492e+00
1.533100000000000000e+04,3.750691218594743859e+00
1.533200000000000000e+04,3.378631586059925418e+00
1.533300000000000000e+04,3.383618715037157720e+00
1.533400000000000000e+04,3.619092268731210371e+00
1.533500000000000000e+04,3.773084820718905164e+00
1.533600000000000000e+04,3.622422183811765617e+00
1.533700000000000000e+04,3.712709965646266319e+00
1.533800000000000000e+04,3.918608200487175175e+00
1.533900000000000000e+04,3.496868345620490981e+00
1.534000000000000000e+04,3.425180350265402129e+00
1.534100000000000000e+04,3.773655236246715727e+00
1.534200000000000000e+04,3.429361278959048853e+00
1.534300000000000000e+04,3.768866685890607027e+00
1.534400000000000000e+04,3.647689291461446270e+00
1.534500000000000000e+04,3.478091970680651013e+00
1.534600000000000000e+04,3.402982525716848894e+00
1.534700000000000000e+04,3.554894862180251636e+00
1.534800000000000000e+04,3.687495695344722435e+00
1.534900000000000000e+04,3.802970852369915278e+00
1.535000000000000000e+04,3.571757177848471798e+00
1.535100000000000000e+04,3.576289965586281649e+00
1.535200000000000000e+04,3.306196947885318593e+00
1.535300000000000000e+04,3.742640191612643719e+00
1.535400000000000000e+04,3.301266313944563269e+00
1.535500000000000000e+04,3.782043877413880484e+00
1.535600000000000000e+04,3.638722202243089399e+00
1.535700000000000000e+04,3.804616801098453571e+00
1.535800000000000000e+04,3.742891322177495095e+00
1.535900000000000000e+04,3.846302073362640517e+00
1.536000000000000000e+04,3.544695588990451451e+00
1.536100000000000000e+04,3.306579648954613759e+00
1.536200000000000000e+04,3.503046187910054066e+00
1.536300000000000000e+04,3.513491587406673222e+00
1.536400000000000000e+04,3.913683307006085244e+00
1.536500000000000000e+04,3.203313123655857630e+00
1.536600000000000000e+04,3.705027041493053286e+00
1.536700000000000000e+04,3.628214661721483658e+00
1.536800000000000000e+04,3.413857440993619985e+00
1.536900000000000000e+04,3.766676717387969386e+00
1.537000000000000000e+04,3.551417022618977182e+00
1.537100000000000000e+04,3.915452544712346938e+00
1.537200000000000000e+04,3.705770271473810329e+00
1.537300000000000000e+04,3.378975690100426199e+00
1.537400000000000000e+04,3.541942945669241727e+00
1.537500000000000000e+04,3.373068128201285543e+00
1.537600000000000000e+04,3.589561317500431059e+00
1.537700000000000000e+04,3.774121166562416363e+00
1.537800000000000000e+04,3.700646253755144777e+00
1.537900000000000000e+04,3.494218725546438087e+00
1.538000000000000000e+04,3.712205788711989918e+00
1.538100000000000000e+04,3.582566269289340966e+00
1.538200000000000000e+04,3.698334059410054220e+00
1.538300000000000000e+04,3.677108092385391380e+00
1.538400000000000000e+04,3.818317543231351419e+00
1.538500000000000000e+04,3.823432665069412817e+00
1.538600000000000000e+04,3.344210059519548750e+00
1.538700000000000000e+04,3.707853820234744635e+00
1.538800000000000000e+04,3.640873661503214009e+00
1.538900000000000000e+04,3.357528598481589022e+00
1.539000000000000000e+04,3.277302979649902248e+00
1.539100000000000000e+04,3.779053012156817104e+00
1.539200000000000000e+04,3.599722814127043868e+00
1.539300000000000000e+04,3.477847434578399621e+00
1.539400000000000000e+04,3.309979521911190936e+00
1.539500000000000000e+04,3.547762383971163835e+00
1.539600000000000000e+04,3.901523021439499583e+00
1.539700000000000000e+04,3.612964865593801367e+00
1.539800000000000000e+04,3.481965015530584573e+00
1.539900000000000000e+04,3.362113108103436332e+00
1.540000000000000000e+04,3.600203266190244999e+00
1.540100000000000000e+04,3.458539432492708343e+00
1.540200000000000000e+04,3.508594467123934635e+00
1.540300000000000000e+04,3.670309937658394084e+00
1.540400000000000000e+04,3.682543357225344316e+00
1.540500000000000000e+04,3.336181569869064667e+00
1.540600000000000000e+04,3.736942595184483018e+00
1.540700000000000000e+04,3.778381953495857815e+00
1.540800000000000000e+04,3.270848945392062390e+00
1.540900000000000000e+04,3.627839090105369202e+00
1.541000000000000000e+04,3.587295914322829571e+00
1.541100000000000000e+04,3.529616622091215739e+00
1.541200000000000000e+04,3.436128260019985170e+00
1.541300000000000000e+04,3.735767323470854162e+00
1.541400000000000000e+04,3.586250781169834756e+00
1.541500000000000000e+04,3.363536108745575071e+00
1.541600000000000000e+04,3.870233387853393658e+00
1.541700000000000000e+04,3.481514016651841459e+00
1.541800000000000000e+04,3.756537144673795403e+00
1.541900000000000000e+04,3.454122458913984062e+00
1.542000000000000000e+04,3.791986685142886504e+00
1.542100000000000000e+04,3.372246568659346799e+00
1.542200000000000000e+04,3.683168030197449649e+00
1.542300000000000000e+04,3.610749280365200597e+00
1.542400000000000000e+04,3.521301143103060749e+00
1.542500000000000000e+04,3.848855868620771226e+00
1.542600000000000000e+04,3.718766895091297986e+00
1.542700000000000000e+04,3.542740695854108335e+00
1.542800000000000000e+04,3.907632521623033650e+00
1.542900000000000000e+04,3.825283778198759865e+00
1.543000000000000000e+04,3.896961133951439393e+00
1.543100000000000000e+04,3.534993263924163909e+00
1.543200000000000000e+04,3.644464297527320262e+00
1.543300000000000000e+04,3.487658774187849531e+00
1.543400000000000000e+04,3.555789453858829496e+00
1.543500000000000000e+04,3.650843254605349308e+00
1.543600000000000000e+04,3.646973998708217035e+00
1.543700000000000000e+04,3.958168875477116710e+00
1.543800000000000000e+04,3.240355485364302623e+00
1.543900000000000000e+04,3.732103739265430153e+00
1.544000000000000000e+04,3.597808478726086001e+00
1.544100000000000000e+04,3.526354170479851557e+00
1.544200000000000000e+04,3.401240447759848795e+00
1.544300000000000000e+04,3.802297480584957867e+00
1.544400000000000000e+04,3.857050005777076684e+00
1.544500000000000000e+04,3.525512291900611217e+00
1.544600000000000000e+04,3.460901598641770605e+00
1.544700000000000000e+04,3.547810239577785296e+00
1.544800000000000000e+04,3.410957262488979236e+00
1.544900000000000000e+04,4.040125668686918026e+00
1.545000000000000000e+04,3.567711157705403480e+00
1.545100000000000000e+04,3.549594010461394333e+00
1.545200000000000000e+04,3.860264636311582898e+00
1.545300000000000000e+04,3.627423119980436983e+00
1.545400000000000000e+04,3.682188956042418582e+00
1.545500000000000000e+04,3.151936256386994373e+00
1.545600000000000000e+04,3.588994944134442644e+00
1.545700000000000000e+04,3.993321758271551669e+00
1.545800000000000000e+04,3.798598197787607766e+00
1.545900000000000000e+04,3.842587732349438401e+00
1.546000000000000000e+04,3.493962913132513393e+00
1.546100000000000000e+04,3.316435971275829786e+00
1.546200000000000000e+04,3.513695987965319567e+00
1.546300000000000000e+04,3.621589344369250174e+00
1.546400000000000000e+04,3.824752893477405546e+00
1.546500000000000000e+04,3.814108666636958134e+00
1.546600000000000000e+04,3.576334913253734982e+00
1.546700000000000000e+04,3.413920165184029631e+00
1.546800000000000000e+04,3.515551830858355320e+00
1.546900000000000000e+04,3.745767246687987218e+00
1.547000000000000000e+04,3.475595597048846130e+00
1.547100000000000000e+04,3.529118912179803225e+00
1.547200000000000000e+04,3.505192782037324317e+00
1.547300000000000000e+04,4.005992687809381003e+00
1.547400000000000000e+04,3.988066916615265800e+00
1.547500000000000000e+04,3.642984561823312539e+00
1.547600000000000000e+04,3.519603789935828342e+00
1.547700000000000000e+04,3.658953588619922481e+00
1.547800000000000000e+04,3.508850238227065432e+00
1.547900000000000000e+04,3.851933299075530837e+00
1.548000000000000000e+04,3.503454956842551038e+00
1.548100000000000000e+04,3.661713158494395159e+00
1.548200000000000000e+04,3.546139559712448097e+00
1.548300000000000000e+04,3.614715296962816460e+00
1.548400000000000000e+04,3.764453152125372348e+00
1.548500000000000000e+04,3.700663213908642835e+00
1.548600000000000000e+04,3.994831809976855386e+00
1.548700000000000000e+04,3.889190056565157594e+00
1.548800000000000000e+04,3.394714662357862345e+00
1.548900000000000000e+04,3.856346925296105344e+00
1.549000000000000000e+04,3.227618145878197176e+00
1.549100000000000000e+04,3.831220508631004495e+00
1.549200000000000000e+04,3.779634809014186914e+00
1.549300000000000000e+04,3.414430885159956297e+00
1.549400000000000000e+04,3.693686731782717558e+00
1.549500000000000000e+04,3.528392338173222509e+00
1.549600000000000000e+04,3.295130814671007879e+00
1.549700000000000000e+04,3.420984087566742549e+00
1.549800000000000000e+04,3.374248496272471698e+00
1.549900000000000000e+04,3.601065408255844424e+00
1.550000000000000000e+04,3.644347741654136996e+00
1.550100000000000000e+04,4.061168292891197851e+00
1.550200000000000000e+04,3.305615704893033691e+00
1.550300000000000000e+04,3.605089013474756410e+00
1.550400000000000000e+04,3.508784015929387490e+00
1.550500000000000000e+04,3.813318014872684181e+00
1.550600000000000000e+04,3.414134174773569175e+00
1.550700000000000000e+04,3.232944968044681566e+00
1.550800000000000000e+04,3.922580598297293442e+00
1.550900000000000000e+04,3.019934901000234539e+00
1.551000000000000000e+04,3.241569361243485048e+00
1.551100000000000000e+04,3.846893872308372320e+00
1.551200000000000000e+04,3.443532869268195018e+00
1.551300000000000000e+04,3.334297948484849172e+00
1.551400000000000000e+04,3.502386097884992111e+00
1.551500000000000000e+04,3.621375054388317860e+00
1.551600000000000000e+04,3.631024761531734590e+00
1.551700000000000000e+04,3.533703213026423207e+00
1.551800000000000000e+04,3.773913961244634852e+00
1.551900000000000000e+04,3.366267433850401503e+00
1.552000000000000000e+04,3.759050768989242730e+00
1.552100000000000000e+04,3.705164054025763321e+00
1.552200000000000000e+04,3.519714994083237070e+00
1.552300000000000000e+04,3.682295549252048161e+00
1.552400000000000000e+04,3.904517250916737403e+00
1.552500000000000000e+04,3.909669041598049066e+00
1.552600000000000000e+04,3.675039601386176358e+00
1.552700000000000000e+04,3.798340043371366104e+00
1.552800000000000000e+04,3.495237813614227473e+00
1.552900000000000000e+04,3.566753335787766765e+00
1.553000000000000000e+04,3.705337028754503770e+00
1.553100000000000000e+04,3.764121214694294615e+00
1.553200000000000000e+04,3.652850209313960761e+00
1.553300000000000000e+04,3.381434008862133300e+00
1.553400000000000000e+04,3.486430709211291390e+00
1.553500000000000000e+04,3.747928324920752452e+00
1.553600000000000000e+04,3.699421902587963551e+00
1.553700000000000000e+04,3.353310484372453715e+00
1.553800000000000000e+04,3.514235526037975621e+00
1.553900000000000000e+04,3.695226167943533646e+00
1.554000000000000000e+04,3.533285460055693328e+00
1.554100000000000000e+04,3.526343270863471435e+00
1.554200000000000000e+04,3.302004503191865670e+00
1.554300000000000000e+04,3.757226105083505630e+00
1.554400000000000000e+04,3.523789372161537869e+00
1.554500000000000000e+04,3.953869700981257118e+00
1.554600000000000000e+04,3.618785728641267241e+00
1.554700000000000000e+04,3.666349669570379444e+00
1.554800000000000000e+04,3.483774119771299027e+00
1.554900000000000000e+04,3.688005895990297045e+00
1.555000000000000000e+04,3.475659380253613318e+00
1.555100000000000000e+04,3.645428249749855798e+00
1.555200000000000000e+04,3.353548247141708405e+00
1.555300000000000000e+04,3.653458490999854202e+00
1.555400000000000000e+04,3.790712899749424381e+00
1.555500000000000000e+04,3.387780968257103620e+00
1.555600000000000000e+04,3.977266231873876734e+00
1.555700000000000000e+04,3.778424623806176275e+00
1.555800000000000000e+04,3.679654408478286509e+00
1.555900000000000000e+04,3.836617161141475663e+00
1.556000000000000000e+04,3.482695795626729929e+00
1.556100000000000000e+04,3.899535592558453168e+00
1.556200000000000000e+04,3.603401056437402161e+00
1.556300000000000000e+04,3.372530461116056255e+00
1.556400000000000000e+04,3.853312463451391778e+00
1.556500000000000000e+04,3.314159688864939390e+00
1.556600000000000000e+04,3.780019795367885127e+00
1.556700000000000000e+04,3.565995301976852438e+00
1.556800000000000000e+04,3.596569808404873392e+00
1.556900000000000000e+04,3.516637474350971626e+00
1.557000000000000000e+04,3.932642340274815407e+00
1.557100000000000000e+04,3.639278780671547420e+00
1.557200000000000000e+04,3.783995425625650277e+00
1.557300000000000000e+04,3.334753480337059983e+00
1.557400000000000000e+04,3.259945995072712321e+00
1.557500000000000000e+04,3.675468775995712534e+00
1.557600000000000000e+04,3.715268834294358946e+00
1.557700000000000000e+04,3.689451623498760213e+00
1.557800000000000000e+04,3.582850463477537772e+00
1.557900000000000000e+04,3.573486240737155928e+00
1.558000000000000000e+04,3.526729441874623561e+00
1.558100000000000000e+04,3.815489263370390738e+00
1.558200000000000000e+04,3.490697204350449390e+00
1.558300000000000000e+04,3.801015023935262249e+00
1.558400000000000000e+04,3.753640545950832852e+00
1.558500000000000000e+04,3.797265385217363676e+00
1.558600000000000000e+04,3.577911212535185737e+00
1.558700000000000000e+04,3.477736755037767580e+00
1.558800000000000000e+04,3.977408335000419459e+00
1.558900000000000000e+04,4.126109788494348507e+00
1.559000000000000000e+04,3.667303515090858834e+00
1.559100000000000000e+04,3.523231854669032437e+00
1.559200000000000000e+04,3.814279577136588273e+00
1.559300000000000000e+04,3.988693298128472620e+00
1.559400000000000000e+04,3.676713245192859691e+00
1.559500000000000000e+04,3.565884251559452878e+00
1.559600000000000000e+04,3.783685042212094007e+00
1.559700000000000000e+04,3.693953195700395042e+00
1.559800000000000000e+04,3.571508389554729046e+00
1.559900000000000000e+04,3.418407502707891066e+00
1.560000000000000000e+04,3.588058247983594296e+00
1.560100000000000000e+04,3.856953329745143488e+00
1.560200000000000000e+04,3.490325043415007045e+00
1.560300000000000000e+04,3.719089951746605394e+00
1.560400000000000000e+04,3.564258281643584603e+00
1.560500000000000000e+04,3.369366609568253512e+00
1.560600000000000000e+04,3.530815682843407188e+00
1.560700000000000000e+04,3.825142750520494683e+00
1.560800000000000000e+04,3.559341046735579717e+00
1.560900000000000000e+04,3.566810616158515579e+00
1.561000000000000000e+04,3.817266040963000151e+00
1.561100000000000000e+04,3.832737935653512729e+00
1.561200000000000000e+04,3.642285855381952597e+00
1.561300000000000000e+04,3.602138052924598544e+00
1.561400000000000000e+04,3.688521739083676643e+00
1.561500000000000000e+04,3.704269209844785582e+00
1.561600000000000000e+04,3.932411824064696582e+00
1.561700000000000000e+04,3.619333299818211724e+00
1.561800000000000000e+04,3.713450572783415726e+00
1.561900000000000000e+04,3.424817592591108184e+00
1.562000000000000000e+04,3.751764355031550480e+00
1.562100000000000000e+04,3.854594356757238049e+00
1.562200000000000000e+04,3.305538728828916639e+00
1.562300000000000000e+04,3.695950812854258860e+00
1.562400000000000000e+04,3.596890308887584986e+00
1.562500000000000000e+04,3.521093381842085090e+00
1.562600000000000000e+04,3.309288481650165537e+00
1.562700000000000000e+04,3.743401392933995542e+00
1.562800000000000000e+04,3.613513266277138758e+00
1.562900000000000000e+04,3.593732551236742623e+00
1.563000000000000000e+04,3.651760914672553149e+00
1.563100000000000000e+04,3.654481385796363835e+00
1.563200000000000000e+04,3.504016754634966535e+00
1.563300000000000000e+04,3.451589569480960407e+00
1.563400000000000000e+04,3.920703783147864385e+00
1.563500000000000000e+04,3.115897900994342606e+00
1.563600000000000000e+04,3.708362318610104236e+00
1.563700000000000000e+04,3.374317050186439904e+00
1.563800000000000000e+04,3.597754854424372262e+00
1.563900000000000000e+04,3.722177429035103735e+00
1.564000000000000000e+04,3.988059360760960903e+00
1.564100000000000000e+04,3.704417970727266418e+00
1.564200000000000000e+04,3.330891609158211697e+00
1.564300000000000000e+04,3.605043381473022723e+00
1.564400000000000000e+04,3.500095043991159116e+00
1.564500000000000000e+04,4.010219282416122688e+00
1.564600000000000000e+04,3.702528686555160764e+00
1.564700000000000000e+04,3.650379519117843863e+00
1.564800000000000000e+04,3.620742899842727791e+00
1.564900000000000000e+04,3.408223559185072915e+00
1.565000000000000000e+04,4.001025647310246569e+00
1.565100000000000000e+04,3.657814578545051099e+00
1.565200000000000000e+04,3.660970330095590253e+00
1.565300000000000000e+04,3.909823439183196747e+00
1.565400000000000000e+04,3.698659483257217051e+00
1.565500000000000000e+04,3.579463020494988434e+00
1.565600000000000000e+04,3.784138443922532513e+00
1.565700000000000000e+04,3.798946017988610091e+00
1.565800000000000000e+04,3.971130532059927276e+00
1.565900000000000000e+04,3.542633345639991660e+00
1.566000000000000000e+04,3.745793027500347705e+00
1.566100000000000000e+04,3.654142947321055601e+00
1.566200000000000000e+04,3.694875673766409019e+00
1.566300000000000000e+04,3.607730964930926376e+00
1.566400000000000000e+04,3.273782533128691163e+00
1.566500000000000000e+04,3.533369306051093783e+00
1.566600000000000000e+04,3.472951331623588711e+00
1.566700000000000000e+04,3.864222500161020868e+00
1.566800000000000000e+04,3.542079565646346406e+00
1.566900000000000000e+04,3.684658160336176103e+00
1.567000000000000000e+04,3.757905550081579449e+00
1.567100000000000000e+04,3.489239785251432746e+00
1.567200000000000000e+04,3.724238210740679733e+00
1.567300000000000000e+04,3.483664045131910303e+00
1.567400000000000000e+04,3.660141418709099703e+00
1.567500000000000000e+04,3.898428198872745831e+00
1.567600000000000000e+04,3.617956876493238383e+00
1.567700000000000000e+04,3.713914474905377627e+00
1.567800000000000000e+04,3.744406846102380282e+00
1.567900000000000000e+04,3.834379135052902399e+00
1.568000000000000000e+04,3.415614827608961068e+00
1.568100000000000000e+04,3.520082454874923883e+00
1.568200000000000000e+04,3.377618639370436160e+00
1.568300000000000000e+04,3.783946754411984248e+00
1.568400000000000000e+04,3.775220319804990510e+00
1.568500000000000000e+04,3.603980770646298737e+00
1.568600000000000000e+04,3.655212112715004125e+00
1.568700000000000000e+04,3.471046715522553505e+00
1.568800000000000000e+04,3.726729298899411624e+00
1.568900000000000000e+04,3.439080961682630999e+00
1.569000000000000000e+04,3.483573414303045457e+00
1.569100000000000000e+04,3.785805858412329528e+00
1.569200000000000000e+04,3.640254792234757009e+00
1.569300000000000000e+04,3.756349733397780888e+00
1.569400000000000000e+04,3.471710854935736279e+00
1.569500000000000000e+04,3.472973234204392412e+00
1.569600000000000000e+04,3.554452104996361328e+00
1.569700000000000000e+04,3.743879649789864761e+00
1.569800000000000000e+04,3.564149879700031498e+00
1.569900000000000000e+04,3.706752480557705010e+00
1.570000000000000000e+04,3.727188772968278219e+00
1.570100000000000000e+04,3.716418815485238003e+00
1.570200000000000000e+04,3.601223620308120044e+00
1.570300000000000000e+04,3.815017111193685473e+00
1.570400000000000000e+04,3.648946367700528715e+00
1.570500000000000000e+04,3.787331949347133797e+00
1.570600000000000000e+04,3.569521826457926039e+00
1.570700000000000000e+04,3.693246269828762252e+00
1.570800000000000000e+04,3.512010727031896096e+00
1.570900000000000000e+04,3.455230936785270934e+00
1.571000000000000000e+04,3.503646140281835297e+00
1.571100000000000000e+04,3.626738779272520308e+00
1.571200000000000000e+04,3.559967820017872597e+00
1.571300000000000000e+04,3.695592883065624168e+00
1.571400000000000000e+04,3.574730904705879286e+00
1.571500000000000000e+04,3.786294923035852023e+00
1.571600000000000000e+04,3.768073562832301437e+00
1.571700000000000000e+04,3.693003027716872833e+00
1.571800000000000000e+04,3.695485862660345511e+00
1.571900000000000000e+04,3.687203377059387055e+00
1.572000000000000000e+04,3.673471436301371185e+00
1.572100000000000000e+04,3.589184737277644643e+00
1.572200000000000000e+04,3.620040967117669428e+00
1.572300000000000000e+04,3.641082764310320741e+00
1.572400000000000000e+04,3.631005868082502364e+00
1.572500000000000000e+04,3.489953282195159101e+00
1.572600000000000000e+04,3.342830920648236059e+00
1.572700000000000000e+04,3.716321616760573487e+00
1.572800000000000000e+04,3.722931083081315151e+00
1.572900000000000000e+04,3.684719622798300342e+00
1.573000000000000000e+04,3.305165319802430446e+00
1.573100000000000000e+04,3.327970753644879931e+00
1.573200000000000000e+04,3.705410247188363204e+00
1.573300000000000000e+04,3.604182710773184972e+00
1.573400000000000000e+04,3.236375142279376060e+00
1.573500000000000000e+04,3.607872064859731775e+00
1.573600000000000000e+04,3.528558843418467816e+00
1.573700000000000000e+04,3.800316243205690725e+00
1.573800000000000000e+04,3.313609701903797333e+00
1.573900000000000000e+04,3.589152227950637375e+00
1.574000000000000000e+04,3.556382524746129814e+00
1.574100000000000000e+04,3.749074909592017057e+00
1.574200000000000000e+04,3.446877434112923133e+00
1.574300000000000000e+04,3.424786325350626104e+00
1.574400000000000000e+04,3.334531628068481357e+00
1.574500000000000000e+04,3.560217617384991318e+00
1.574600000000000000e+04,3.463048133650537430e+00
1.574700000000000000e+04,3.683958533564479776e+00
1.574800000000000000e+04,3.435252980612026885e+00
1.574900000000000000e+04,3.966910472669539889e+00
1.575000000000000000e+04,3.519482830308823029e+00
1.575100000000000000e+04,3.550821194090036048e+00
1.575200000000000000e+04,3.732874571329837909e+00
1.575300000000000000e+04,3.842700689414476845e+00
1.575400000000000000e+04,3.719378489414980393e+00
1.575500000000000000e+04,3.578392350422189949e+00
1.575600000000000000e+04,3.756718756284824323e+00
1.575700000000000000e+04,3.816318933894442544e+00
1.575800000000000000e+04,3.644542955694630493e+00
1.575900000000000000e+04,3.791272312725646465e+00
1.576000000000000000e+04,3.664819455689289907e+00
1.576100000000000000e+04,3.282299734843280969e+00
1.576200000000000000e+04,3.770272382378543341e+00
1.576300000000000000e+04,3.374272316484840495e+00
1.576400000000000000e+04,3.742779867508051250e+00
1.576500000000000000e+04,3.825495110506190066e+00
1.576600000000000000e+04,3.497592151296339491e+00
1.576700000000000000e+04,3.639862230604752114e+00
1.576800000000000000e+04,3.731633910766143813e+00
1.576900000000000000e+04,3.706407741495870045e+00
1.577000000000000000e+04,3.751036197125805938e+00
1.577100000000000000e+04,3.531792411626684558e+00
1.577200000000000000e+04,3.821982302925094555e+00
1.577300000000000000e+04,3.714447517833725065e+00
1.577400000000000000e+04,3.651788463779726435e+00
1.577500000000000000e+04,3.634082733942925802e+00
1.577600000000000000e+04,3.734734070288613594e+00
1.577700000000000000e+04,3.622941929456402477e+00
1.577800000000000000e+04,3.701163381566936472e+00
1.577900000000000000e+04,3.647473059720493183e+00
1.578000000000000000e+04,3.372899833933705960e+00
1.578100000000000000e+04,3.437632944527081680e+00
1.578200000000000000e+04,3.502619467925215613e+00
1.578300000000000000e+04,3.815971013520799815e+00
1.578400000000000000e+04,3.781257571812941087e+00
1.578500000000000000e+04,3.986841604791402816e+00
1.578600000000000000e+04,3.621560266902565495e+00
1.578700000000000000e+04,3.660977700454913997e+00
1.578800000000000000e+04,3.525937683942106826e+00
1.578900000000000000e+04,3.707472940863599131e+00
1.579000000000000000e+04,3.629989394474014475e+00
1.579100000000000000e+04,3.828439960903230244e+00
1.579200000000000000e+04,3.947585490368068939e+00
1.579300000000000000e+04,3.844156556402231306e+00
1.579400000000000000e+04,3.638322463443075083e+00
1.579500000000000000e+04,3.294283851124563789e+00
1.579600000000000000e+04,3.790464562237469970e+00
1.579700000000000000e+04,3.900559686440860041e+00
1.579800000000000000e+04,3.731188323824202513e+00
1.579900000000000000e+04,3.568987537536376209e+00
1.580000000000000000e+04,3.796817616502920156e+00
1.580100000000000000e+04,3.758800454245599720e+00
1.580200000000000000e+04,3.571145992693560256e+00
1.580300000000000000e+04,3.725796763211098650e+00
1.580400000000000000e+04,3.513887590698403507e+00
1.580500000000000000e+04,3.768726314660823196e+00
1.580600000000000000e+04,3.411309689778628140e+00
1.580700000000000000e+04,3.638369945682014439e+00
1.580800000000000000e+04,3.681738092923521943e+00
1.580900000000000000e+04,3.986321242110112628e+00
1.581000000000000000e+04,3.538950712581724556e+00
1.581100000000000000e+04,3.752355993724014738e+00
1.581200000000000000e+04,4.027898461465545310e+00
1.581300000000000000e+04,3.723282654634355815e+00
1.581400000000000000e+04,3.878702542754858484e+00
1.581500000000000000e+04,3.679063353580275919e+00
1.581600000000000000e+04,3.977582272322147450e+00
1.581700000000000000e+04,3.973920766123308912e+00
1.581800000000000000e+04,3.707977246373705515e+00
1.581900000000000000e+04,3.549819223527101553e+00
1.582000000000000000e+04,3.826523236741052436e+00
1.582100000000000000e+04,3.894205616878544163e+00
1.582200000000000000e+04,3.627552223462070735e+00
1.582300000000000000e+04,3.473109522584920672e+00
1.582400000000000000e+04,3.763216307444104736e+00
1.582500000000000000e+04,3.333910891510375230e+00
1.582600000000000000e+04,3.551267444063914258e+00
1.582700000000000000e+04,3.439571779178163702e+00
1.582800000000000000e+04,3.945285360946474640e+00
1.582900000000000000e+04,3.747326016954624972e+00
1.583000000000000000e+04,3.852990844688420236e+00
1.583100000000000000e+04,3.597040337821471923e+00
1.583200000000000000e+04,3.618774925717666235e+00
1.583300000000000000e+04,3.627745414556486470e+00
1.583400000000000000e+04,3.720261725072033787e+00
1.583500000000000000e+04,3.434781089077510785e+00
1.583600000000000000e+04,3.476829959504196044e+00
1.583700000000000000e+04,3.869233541177557356e+00
1.583800000000000000e+04,3.429602786897655964e+00
1.583900000000000000e+04,3.627771697860887823e+00
1.584000000000000000e+04,3.695110418575960676e+00
1.584100000000000000e+04,3.700384481809269932e+00
1.584200000000000000e+04,3.897597750913545767e+00
1.584300000000000000e+04,3.576836792112694230e+00
1.584400000000000000e+04,3.528819865406861656e+00
1.584500000000000000e+04,3.716577225738072698e+00
1.584600000000000000e+04,3.547394873987984365e+00
1.584700000000000000e+04,3.872731658408967270e+00
1.584800000000000000e+04,3.264409559805856009e+00
1.584900000000000000e+04,3.505967674961929958e+00
1.585000000000000000e+04,3.453820179787929323e+00
1.585100000000000000e+04,3.687848748290764256e+00
1.585200000000000000e+04,4.021579623259500025e+00
1.585300000000000000e+04,3.392246172806502535e+00
1.585400000000000000e+04,3.701566955283875693e+00
1.585500000000000000e+04,3.724579224744047679e+00
1.585600000000000000e+04,3.783871493381024020e+00
1.585700000000000000e+04,3.548485121788466312e+00
1.585800000000000000e+04,3.573611389045212583e+00
1.585900000000000000e+04,3.533079441403111254e+00
1.586000000000000000e+04,4.097057344853857863e+00
1.586100000000000000e+04,3.677877824648951854e+00
1.586200000000000000e+04,3.870761771779286597e+00
1.586300000000000000e+04,3.684869632798350114e+00
1.586400000000000000e+04,3.685331992824016911e+00
1.586500000000000000e+04,3.438459992732139092e+00
1.586600000000000000e+04,3.746433263895226684e+00
1.586700000000000000e+04,3.714090846760029763e+00
1.586800000000000000e+04,3.644662608581799468e+00
1.586900000000000000e+04,3.663040576522313962e+00
1.587000000000000000e+04,3.370156788786120128e+00
1.587100000000000000e+04,3.719040477669209199e+00
1.587200000000000000e+04,3.646639722339273693e+00
1.587300000000000000e+04,3.474856700372491503e+00
1.587400000000000000e+04,3.819173060382392570e+00
1.587500000000000000e+04,3.814107450878130745e+00
1.587600000000000000e+04,3.660541807519182900e+00
1.587700000000000000e+04,3.547135211890286577e+00
1.587800000000000000e+04,3.613872915731020985e+00
1.587900000000000000e+04,3.677707876007615617e+00
1.588000000000000000e+04,3.878065091919682850e+00
1.588100000000000000e+04,3.733485688411630754e+00
1.588200000000000000e+04,3.801624808074318906e+00
1.588300000000000000e+04,3.671964381031737723e+00
1.588400000000000000e+04,3.790996761092436440e+00
1.588500000000000000e+04,3.677337908746350692e+00
1.588600000000000000e+04,3.592879102892766241e+00
1.588700000000000000e+04,3.625600584141158933e+00
1.588800000000000000e+04,3.652697070305736649e+00
1.588900000000000000e+04,3.662184564999653613e+00
1.589000000000000000e+04,3.889036446036110650e+00
1.589100000000000000e+04,3.641308705097543008e+00
1.589200000000000000e+04,3.602512481522517351e+00
1.589300000000000000e+04,3.624385328048421062e+00
1.589400000000000000e+04,3.397731921455309223e+00
1.589500000000000000e+04,3.697457092111182675e+00
1.589600000000000000e+04,3.584368064835215417e+00
1.589700000000000000e+04,3.968937397936727063e+00
1.589800000000000000e+04,3.662205393972222556e+00
1.589900000000000000e+04,3.442397016930222708e+00
1.590000000000000000e+04,3.856833855380997100e+00
1.590100000000000000e+04,3.614552647783039419e+00
1.590200000000000000e+04,3.990447950519270037e+00
1.590300000000000000e+04,3.521212709838270172e+00
1.590400000000000000e+04,3.715111452888057997e+00
1.590500000000000000e+04,3.719242889565697041e+00
1.590600000000000000e+04,3.714521327251940619e+00
1.590700000000000000e+04,3.954943727198623638e+00
1.590800000000000000e+04,3.834214035412379040e+00
1.590900000000000000e+04,3.542482566018565038e+00
1.591000000000000000e+04,3.660971348230209532e+00
1.591100000000000000e+04,3.613794768362007748e+00
1.591200000000000000e+04,3.696738963260276289e+00
1.591300000000000000e+04,3.540485998627305619e+00
1.591400000000000000e+04,3.412444061474650514e+00
1.591500000000000000e+04,3.917110142450712651e+00
1.591600000000000000e+04,3.794464195082771774e+00
1.591700000000000000e+04,3.893897618884273104e+00
1.591800000000000000e+04,3.595610058877694915e+00
1.591900000000000000e+04,3.578510349793547984e+00
1.592000000000000000e+04,3.817652541871080718e+00
1.592100000000000000e+04,3.635492336662799584e+00
1.592200000000000000e+04,3.520514416959265258e+00
1.592300000000000000e+04,3.753596527117796899e+00
1.592400000000000000e+04,3.487830237314554882e+00
1.592500000000000000e+04,3.361632303791675103e+00
1.592600000000000000e+04,3.525103435214969494e+00
1.592700000000000000e+04,3.504188513783303982e+00
1.592800000000000000e+04,3.606312345717915591e+00
1.592900000000000000e+04,3.776579548140061249e+00
1.593000000000000000e+04,3.302384980823220850e+00
1.593100000000000000e+04,3.453902344773719157e+00
1.593200000000000000e+04,3.852442035863368641e+00
1.593300000000000000e+04,3.983005003960000234e+00
1.593400000000000000e+04,3.641573729375815027e+00
1.593500000000000000e+04,3.809478483190671838e+00
1.593600000000000000e+04,3.617905626504572592e+00
1.593700000000000000e+04,3.833661362841213727e+00
1.593800000000000000e+04,3.600485223030421622e+00
1.593900000000000000e+04,3.499387165951398426e+00
1.594000000000000000e+04,3.728513799731874467e+00
1.594100000000000000e+04,3.475493680797689056e+00
1.594200000000000000e+04,3.389035191292797844e+00
1.594300000000000000e+04,3.621950284833709510e+00
1.594400000000000000e+04,3.582327289986305452e+00
1.594500000000000000e+04,3.648979629862101337e+00
1.594600000000000000e+04,3.647546841531147610e+00
1.594700000000000000e+04,3.842409078297286840e+00
1.594800000000000000e+04,3.604247207066796133e+00
1.594900000000000000e+04,3.594133105837863607e+00
1.595000000000000000e+04,3.562390154919695018e+00
1.595100000000000000e+04,3.689813182675306003e+00
1.595200000000000000e+04,3.989517741193749689e+00
1.595300000000000000e+04,3.457535496231109562e+00
1.595400000000000000e+04,3.886844890291390353e+00
1.595500000000000000e+04,3.815409351038969721e+00
1.595600000000000000e+04,3.645018010072555104e+00
1.595700000000000000e+04,3.802575270342589686e+00
1.595800000000000000e+04,3.647085879804646602e+00
1.595900000000000000e+04,3.542306689656872898e+00
1.596000000000000000e+04,3.514968262742212524e+00
1.596100000000000000e+04,3.648974774295081769e+00
1.596200000000000000e+04,3.557782416163822514e+00
1.596300000000000000e+04,3.670255774650031277e+00
1.596400000000000000e+04,3.719628192970184877e+00
1.596500000000000000e+04,3.620458857561982935e+00
1.596600000000000000e+04,3.729565024339225765e+00
1.596700000000000000e+04,4.003703465482512769e+00
1.596800000000000000e+04,3.704584633281288397e+00
1.596900000000000000e+04,3.846865181935208877e+00
1.597000000000000000e+04,3.835479027635824600e+00
1.597100000000000000e+04,3.881095440761085147e+00
1.597200000000000000e+04,3.289306265070472080e+00
1.597300000000000000e+04,4.213560008880300245e+00
1.597400000000000000e+04,3.663873570655128198e+00
1.597500000000000000e+04,3.923079486242359692e+00
1.597600000000000000e+04,3.505027092015391421e+00
1.597700000000000000e+04,3.793799183646264339e+00
1.597800000000000000e+04,3.426382472245834254e+00
1.597900000000000000e+04,3.701066246715339236e+00
1.598000000000000000e+04,3.716853155539543874e+00
1.598100000000000000e+04,3.524822236687932708e+00
1.598200000000000000e+04,3.918761490665738201e+00
1.598300000000000000e+04,3.687515665933457587e+00
1.598400000000000000e+04,3.763739372656015103e+00
1.598500000000000000e+04,3.732659269200515162e+00
1.598600000000000000e+04,3.537448219700491059e+00
1.598700000000000000e+04,3.742198714593324205e+00
1.598800000000000000e+04,4.006353885989331509e+00
1.598900000000000000e+04,3.472022193163985637e+00
1.599000000000000000e+04,3.537760146579000953e+00
1.599100000000000000e+04,3.700116540863346515e+00
1.599200000000000000e+04,3.796005069719443625e+00
1.599300000000000000e+04,3.446763665406773480e+00
1.599400000000000000e+04,3.629199433985314638e+00
1.599500000000000000e+04,3.576087304325960226e+00
1.599600000000000000e+04,3.448148584334033373e+00
1.599700000000000000e+04,3.628130366632163373e+00
1.599800000000000000e+04,3.801505222127473438e+00
1.599900000000000000e+04,3.273544679202023300e+00
1.600000000000000000e+04,3.732988632161099218e+00
1.600100000000000000e+04,3.897136138211773737e+00
1.600200000000000000e+04,3.850805473882119134e+00
1.600300000000000000e+04,3.871605538302639093e+00
1.600400000000000000e+04,3.962087503076792583e+00
1.600500000000000000e+04,3.666046481647709410e+00
1.600600000000000000e+04,3.495293459874199815e+00
1.600700000000000000e+04,3.621744250869900927e+00
1.600800000000000000e+04,3.661016431806757510e+00
1.600900000000000000e+04,3.439391468334823010e+00
1.601000000000000000e+04,3.735492911304331365e+00
1.601100000000000000e+04,3.792082531850911487e+00
1.601200000000000000e+04,3.508342974863232655e+00
1.601300000000000000e+04,3.796899607868807536e+00
1.601400000000000000e+04,3.810408618538862147e+00
1.601500000000000000e+04,3.752366456005256534e+00
1.601600000000000000e+04,3.570344503629721444e+00
1.601700000000000000e+04,3.705363836798857058e+00
1.601800000000000000e+04,3.695105435421029316e+00
1.601900000000000000e+04,3.793483555246683903e+00
1.602000000000000000e+04,3.866391041434630527e+00
1.602100000000000000e+04,3.544163994411452467e+00
1.602200000000000000e+04,3.913614598403355682e+00
1.602300000000000000e+04,3.729445382232083883e+00
1.602400000000000000e+04,3.848410954951944518e+00
1.602500000000000000e+04,3.196477962190821032e+00
1.602600000000000000e+04,3.633875535052094374e+00
1.602700000000000000e+04,4.039582182226710394e+00
1.602800000000000000e+04,3.639910219356341070e+00
1.602900000000000000e+04,3.893034934065469521e+00
1.603000000000000000e+04,3.788838430074019215e+00
1.603100000000000000e+04,3.548541133805010350e+00
1.603200000000000000e+04,3.548609993397353612e+00
1.603300000000000000e+04,4.169563169085902743e+00
1.603400000000000000e+04,3.775925217531826750e+00
1.603500000000000000e+04,3.902920528457741511e+00
1.603600000000000000e+04,3.356932294429002983e+00
1.603700000000000000e+04,3.607915979803626882e+00
1.603800000000000000e+04,3.675885736051386132e+00
1.603900000000000000e+04,3.671727082980972057e+00
1.604000000000000000e+04,3.711150254485851896e+00
1.604100000000000000e+04,3.447598346817683179e+00
1.604200000000000000e+04,3.741037256560182378e+00
1.604300000000000000e+04,3.670685197282692158e+00
1.604400000000000000e+04,3.796065035720449288e+00
1.604500000000000000e+04,3.568924878385450139e+00
1.604600000000000000e+04,3.853655829363596741e+00
1.604700000000000000e+04,4.259511196779355302e+00
1.604800000000000000e+04,3.826453872246175170e+00
1.604900000000000000e+04,3.812421482111288729e+00
1.605000000000000000e+04,3.888035780528304119e+00
1.605100000000000000e+04,3.908756237017605439e+00
1.605200000000000000e+04,3.595537466707865448e+00
1.605300000000000000e+04,3.689097297979284207e+00
1.605400000000000000e+04,3.549195267162863043e+00
1.605500000000000000e+04,3.513815395733068669e+00
1.605600000000000000e+04,3.571558701936033753e+00
1.605700000000000000e+04,3.728782615241026388e+00
1.605800000000000000e+04,3.568190902093642869e+00
1.605900000000000000e+04,3.819107284232309940e+00
1.606000000000000000e+04,3.526726898810047306e+00
1.606100000000000000e+04,3.554104099768554903e+00
1.606200000000000000e+04,3.711921498326773872e+00
1.606300000000000000e+04,3.715887530662988159e+00
1.606400000000000000e+04,3.757918529924612283e+00
1.606500000000000000e+04,3.888018864211454595e+00
1.606600000000000000e+04,3.612425809825179357e+00
1.606700000000000000e+04,3.684196212007811333e+00
1.606800000000000000e+04,3.276742694913836740e+00
1.606900000000000000e+04,3.861894915507081638e+00
1.607000000000000000e+04,3.324516613848417901e+00
1.607100000000000000e+04,3.678548519465000499e+00
1.607200000000000000e+04,3.903573062188765874e+00
1.607300000000000000e+04,3.625858843540651577e+00
1.607400000000000000e+04,3.653725312651837864e+00
1.607500000000000000e+04,3.793106069464239116e+00
1.607600000000000000e+04,3.455618176915407513e+00
1.607700000000000000e+04,3.649692167024875644e+00
1.607800000000000000e+04,3.553832052395369701e+00
1.607900000000000000e+04,3.724986528805234176e+00
1.608000000000000000e+04,3.856641961342297975e+00
1.608100000000000000e+04,3.286064627677681482e+00
1.608200000000000000e+04,3.624393240969769447e+00
1.608300000000000000e+04,3.696022884084148252e+00
1.608400000000000000e+04,3.623594726680467559e+00
1.608500000000000000e+04,3.630199495359652140e+00
1.608600000000000000e+04,3.434075896317453580e+00
1.608700000000000000e+04,3.667368561996182219e+00
1.608800000000000000e+04,4.025953537671774995e+00
1.608900000000000000e+04,3.322257997894389803e+00
1.609000000000000000e+04,3.481658735847430908e+00
1.609100000000000000e+04,3.886271018355301976e+00
1.609200000000000000e+04,3.555171989536120236e+00
1.609300000000000000e+04,3.916288130491678565e+00
1.609400000000000000e+04,3.813266509763647782e+00
1.609500000000000000e+04,3.389530029429896008e+00
1.609600000000000000e+04,3.713758854179396884e+00
1.609700000000000000e+04,3.541234677426604360e+00
1.609800000000000000e+04,3.789528638014133755e+00
1.609900000000000000e+04,3.536592591472343283e+00
1.610000000000000000e+04,3.947516453273055781e+00
1.610100000000000000e+04,3.488152762352928704e+00
1.610200000000000000e+04,3.889412071836036766e+00
1.610300000000000000e+04,3.500951124303322892e+00
1.610400000000000000e+04,3.789189216161202189e+00
1.610500000000000000e+04,3.747319596829002730e+00
1.610600000000000000e+04,3.715283218092965800e+00
1.610700000000000000e+04,3.770810448761633182e+00
1.610800000000000000e+04,3.470930847130005326e+00
1.610900000000000000e+04,3.711901028546097159e+00
1.611000000000000000e+04,3.674806251655309719e+00
1.611100000000000000e+04,3.671550684444792267e+00
1.611200000000000000e+04,3.922538574755389362e+00
1.611300000000000000e+04,4.072288442006013476e+00
1.611400000000000000e+04,3.594998761876523119e+00
1.611500000000000000e+04,3.695331068286312082e+00
1.611600000000000000e+04,3.666489454213214927e+00
1.611700000000000000e+04,4.026235116962125993e+00
1.611800000000000000e+04,3.677581001461872834e+00
1.611900000000000000e+04,3.830991134174187351e+00
1.612000000000000000e+04,3.748482478323552858e+00
1.612100000000000000e+04,3.875142704453996778e+00
1.612200000000000000e+04,3.558733271124363107e+00
1.612300000000000000e+04,3.983929051991972337e+00
1.612400000000000000e+04,3.548244985866743750e+00
1.612500000000000000e+04,3.678611000788674534e+00
1.612600000000000000e+04,3.277622458087299684e+00
1.612700000000000000e+04,3.847670022608967955e+00
1.612800000000000000e+04,4.001635402352311743e+00
1.612900000000000000e+04,3.671301933051323463e+00
1.613000000000000000e+04,3.943065290658153810e+00
1.613100000000000000e+04,3.563221440778030935e+00
1.613200000000000000e+04,3.585863524705856786e+00
1.613300000000000000e+04,3.452770220099262488e+00
1.613400000000000000e+04,3.664006212554111297e+00
1.613500000000000000e+04,3.504205460137128636e+00
1.613600000000000000e+04,3.226473967875945537e+00
1.613700000000000000e+04,3.362786820868394422e+00
1.613800000000000000e+04,3.684324530039539081e+00
1.613900000000000000e+04,3.503946187051030225e+00
1.614000000000000000e+04,3.793694657818214022e+00
1.614100000000000000e+04,3.952286334830384273e+00
1.614200000000000000e+04,3.635522336651118902e+00
1.614300000000000000e+04,3.842761147438527480e+00
1.614400000000000000e+04,3.545333791768632281e+00
1.614500000000000000e+04,3.653401840754876950e+00
1.614600000000000000e+04,3.679203873037178774e+00
1.614700000000000000e+04,4.077531891197070379e+00
1.614800000000000000e+04,3.809149224871576589e+00
1.614900000000000000e+04,3.986183256575675404e+00
1.615000000000000000e+04,3.722538779682092791e+00
1.615100000000000000e+04,3.669668928158266397e+00
1.615200000000000000e+04,3.910140175672027318e+00
1.615300000000000000e+04,3.360855288172596822e+00
1.615400000000000000e+04,3.719889257736249011e+00
1.615500000000000000e+04,3.478028136191624320e+00
1.615600000000000000e+04,3.503911908712432854e+00
1.615700000000000000e+04,3.476399580499095254e+00
1.615800000000000000e+04,3.793531690503431530e+00
1.615900000000000000e+04,3.586319247731312831e+00
1.616000000000000000e+04,3.715380608200110402e+00
1.616100000000000000e+04,4.005323319137096050e+00
1.616200000000000000e+04,3.635296984836916767e+00
1.616300000000000000e+04,3.571508000638212277e+00
1.616400000000000000e+04,4.189584221129809549e+00
1.616500000000000000e+04,3.800074688429976533e+00
1.616600000000000000e+04,3.686413715624129672e+00
1.616700000000000000e+04,3.443009211052439511e+00
1.616800000000000000e+04,3.629880173744317595e+00
1.616900000000000000e+04,3.741077769179656620e+00
1.617000000000000000e+04,3.594357539501551013e+00
1.617100000000000000e+04,3.758447689071849229e+00
1.617200000000000000e+04,3.454878863102770037e+00
1.617300000000000000e+04,3.820014303189247062e+00
1.617400000000000000e+04,3.485495109734119357e+00
1.617500000000000000e+04,3.811260934908586417e+00
1.617600000000000000e+04,3.491973705535940997e+00
1.617700000000000000e+04,3.741077050407580096e+00
1.617800000000000000e+04,3.726582795082754807e+00
1.617900000000000000e+04,3.739301450500793322e+00
1.618000000000000000e+04,3.723043546755684829e+00
1.618100000000000000e+04,3.670424512819161489e+00
1.618200000000000000e+04,3.775251290962669426e+00
1.618300000000000000e+04,3.675755573221431316e+00
1.618400000000000000e+04,4.260959909922996225e+00
1.618500000000000000e+04,3.675514798871792443e+00
1.618600000000000000e+04,3.560497482451176143e+00
1.618700000000000000e+04,3.855010069896811498e+00
1.618800000000000000e+04,3.519855167050964795e+00
1.618900000000000000e+04,3.698962204750387173e+00
1.619000000000000000e+04,3.433405134976680539e+00
1.619100000000000000e+04,3.505176095397026348e+00
1.619200000000000000e+04,3.733816944106723490e+00
1.619300000000000000e+04,3.779114074664420286e+00
1.619400000000000000e+04,3.788849587438774869e+00
1.619500000000000000e+04,3.806652547621539817e+00
1.619600000000000000e+04,3.373494523550524704e+00
1.619700000000000000e+04,3.616651418046881172e+00
1.619800000000000000e+04,3.526828737789859058e+00
1.619900000000000000e+04,3.726732987128129171e+00
1.620000000000000000e+04,3.701327241610407714e+00
1.620100000000000000e+04,3.536634675866459521e+00
1.620200000000000000e+04,3.715284154758630830e+00
1.620300000000000000e+04,3.826865438999391245e+00
1.620400000000000000e+04,3.920275445918807389e+00
1.620500000000000000e+04,3.772728455804116976e+00
1.620600000000000000e+04,3.869368357050671836e+00
1.620700000000000000e+04,3.749473449417815019e+00
1.620800000000000000e+04,4.167606420154357671e+00
1.620900000000000000e+04,4.018108585599767579e+00
1.621000000000000000e+04,3.574021889623181014e+00
1.621100000000000000e+04,3.703620727066764928e+00
1.621200000000000000e+04,3.746667813660470081e+00
1.621300000000000000e+04,4.047970007005225135e+00
1.621400000000000000e+04,3.654640770605364519e+00
1.621500000000000000e+04,3.517507406939658576e+00
1.621600000000000000e+04,3.605944435137030002e+00
1.621700000000000000e+04,3.235626969417699339e+00
1.621800000000000000e+04,3.858741288000127057e+00
1.621900000000000000e+04,3.794608681592914756e+00
1.622000000000000000e+04,3.626684204766269293e+00
1.622100000000000000e+04,3.704378567664866395e+00
1.622200000000000000e+04,3.773488014839784466e+00
1.622300000000000000e+04,3.545970286376326719e+00
1.622400000000000000e+04,4.090861079447865478e+00
1.622500000000000000e+04,3.453505436367485082e+00
1.622600000000000000e+04,3.847524711877748249e+00
1.622700000000000000e+04,3.460615492699449902e+00
1.622800000000000000e+04,3.676006229874289488e+00
1.622900000000000000e+04,3.875891396272658440e+00
1.623000000000000000e+04,3.355139982052054215e+00
1.623100000000000000e+04,3.495532287903188262e+00
1.623200000000000000e+04,3.624818111601076698e+00
1.623300000000000000e+04,3.881103902324768207e+00
1.623400000000000000e+04,3.526892758473830103e+00
1.623500000000000000e+04,3.551633361443248926e+00
1.623600000000000000e+04,3.638110031785431797e+00
1.623700000000000000e+04,3.683702691648154559e+00
1.623800000000000000e+04,3.531191614141828250e+00
1.623900000000000000e+04,3.170285599820437561e+00
1.624000000000000000e+04,3.808880511610207353e+00
1.624100000000000000e+04,3.772232152256825177e+00
1.624200000000000000e+04,3.714335888162680899e+00
1.624300000000000000e+04,3.533222147259352131e+00
1.624400000000000000e+04,3.986177814602706260e+00
1.624500000000000000e+04,3.576203594768761374e+00
1.624600000000000000e+04,3.643406969240184701e+00
1.624700000000000000e+04,3.483967747198791098e+00
1.624800000000000000e+04,3.826882050101389154e+00
1.624900000000000000e+04,3.365793339466302214e+00
1.625000000000000000e+04,3.532776011499806579e+00
1.625100000000000000e+04,3.741258281689713971e+00
1.625200000000000000e+04,3.484074072979620240e+00
1.625300000000000000e+04,3.509323562597600255e+00
1.625400000000000000e+04,3.526454423778224712e+00
1.625500000000000000e+04,3.457155820893854425e+00
1.625600000000000000e+04,3.797075465615262768e+00
1.625700000000000000e+04,3.895598645372321478e+00
1.625800000000000000e+04,3.560848316976608086e+00
1.625900000000000000e+04,3.478829712568955568e+00
1.626000000000000000e+04,3.603740522069293739e+00
1.626100000000000000e+04,3.769167502956964455e+00
1.626200000000000000e+04,3.544408329311434347e+00
1.626300000000000000e+04,3.531746375954685213e+00
1.626400000000000000e+04,3.910655918224301253e+00
1.626500000000000000e+04,3.506670627183854361e+00
1.626600000000000000e+04,3.217944877202119081e+00
1.626700000000000000e+04,3.805068760065436706e+00
1.626800000000000000e+04,3.714445369792367835e+00
1.626900000000000000e+04,3.492703089841976638e+00
1.627000000000000000e+04,3.707009925678942164e+00
1.627100000000000000e+04,3.611310288629191234e+00
1.627200000000000000e+04,4.022956263283210099e+00
1.627300000000000000e+04,3.591618042744758821e+00
1.627400000000000000e+04,3.655456785126562913e+00
1.627500000000000000e+04,3.466457563474238501e+00
1.627600000000000000e+04,3.794088942383964103e+00
1.627700000000000000e+04,3.725003260287998330e+00
1.627800000000000000e+04,3.748236226109638913e+00
1.627900000000000000e+04,3.954505570497608868e+00
1.628000000000000000e+04,3.411364571223378661e+00
1.628100000000000000e+04,3.577184660875760258e+00
1.628200000000000000e+04,3.475126382316095164e+00
1.628300000000000000e+04,3.575098226305099214e+00
1.628400000000000000e+04,3.819131909628521893e+00
1.628500000000000000e+04,3.766338602488084497e+00
1.628600000000000000e+04,3.676594471537576236e+00
1.628700000000000000e+04,3.630202889197989613e+00
1.628800000000000000e+04,3.625745416484714490e+00
1.628900000000000000e+04,3.913687839142817815e+00
1.629000000000000000e+04,3.543325483647044472e+00
1.629100000000000000e+04,3.771245413331849150e+00
1.629200000000000000e+04,3.814522532108875374e+00
1.629300000000000000e+04,3.890702284160704849e+00
1.629400000000000000e+04,3.853852519750681882e+00
1.629500000000000000e+04,3.557733282911341721e+00
1.629600000000000000e+04,3.968586972376775712e+00
1.629700000000000000e+04,3.669777225401063880e+00
1.629800000000000000e+04,3.914775443279251643e+00
1.629900000000000000e+04,3.777728220887138999e+00
1.630000000000000000e+04,3.777365320577334096e+00
1.630100000000000000e+04,3.481428893188237339e+00
1.630200000000000000e+04,3.723191714009763231e+00
1.630300000000000000e+04,3.873340762826899208e+00
1.630400000000000000e+04,3.552203516343231282e+00
1.630500000000000000e+04,3.629797269313725927e+00
1.630600000000000000e+04,3.715028084800807040e+00
1.630700000000000000e+04,4.092084016122877088e+00
1.630800000000000000e+04,3.474210854101937862e+00
1.630900000000000000e+04,3.924004733929272959e+00
1.631000000000000000e+04,3.886198868648463201e+00
1.631100000000000000e+04,3.647284555872823741e+00
1.631200000000000000e+04,3.757993230545166430e+00
1.631300000000000000e+04,3.859362645046575668e+00
1.631400000000000000e+04,3.740626054823390945e+00
1.631500000000000000e+04,3.625364039134240102e+00
1.631600000000000000e+04,3.183145692139316640e+00
1.631700000000000000e+04,3.664761427057368959e+00
1.631800000000000000e+04,3.767099151053241890e+00
1.631900000000000000e+04,3.647048874801147811e+00
1.632000000000000000e+04,3.522266640242290414e+00
1.632100000000000000e+04,3.764915647750796346e+00
1.632200000000000000e+04,3.768604845426036132e+00
1.632300000000000000e+04,3.408653873023375525e+00
1.632400000000000000e+04,3.718871906551484141e+00
1.632500000000000000e+04,3.716689535892963470e+00
1.632600000000000000e+04,3.423009371888561247e+00
1.632700000000000000e+04,3.568576252254185288e+00
1.632800000000000000e+04,3.958551189746974952e+00
1.632900000000000000e+04,3.397294503092225693e+00
1.633000000000000000e+04,3.512147218884614563e+00
1.633100000000000000e+04,3.740770560554474322e+00
1.633200000000000000e+04,3.978445870413962027e+00
1.633300000000000000e+04,3.335467260122954247e+00
1.633400000000000000e+04,3.580622185557206016e+00
1.633500000000000000e+04,3.538217757424062082e+00
1.633600000000000000e+04,3.726690921082913110e+00
1.633700000000000000e+04,3.780652407513247493e+00
1.633800000000000000e+04,3.777294217230870998e+00
1.633900000000000000e+04,3.536790687691709234e+00
1.634000000000000000e+04,3.522307074526188408e+00
1.634100000000000000e+04,3.627889090976782693e+00
1.634200000000000000e+04,3.844538514331826473e+00
1.634300000000000000e+04,3.448046087183548103e+00
1.634400000000000000e+04,3.364422781879598201e+00
1.634500000000000000e+04,3.480522450223653586e+00
1.634600000000000000e+04,3.810752603090193258e+00
1.634700000000000000e+04,3.467606243126155174e+00
1.634800000000000000e+04,3.557786072442618686e+00
1.634900000000000000e+04,3.701071014216290145e+00
1.635000000000000000e+04,3.997043781360080761e+00
1.635100000000000000e+04,3.725614510785662414e+00
1.635200000000000000e+04,3.811452678995687293e+00
1.635300000000000000e+04,3.437551813368948217e+00
1.635400000000000000e+04,3.718368132156665951e+00
1.635500000000000000e+04,3.806427667406817150e+00
1.635600000000000000e+04,3.587195939902177777e+00
1.635700000000000000e+04,3.818729556609773201e+00
1.635800000000000000e+04,3.622222121301611253e+00
1.635900000000000000e+04,3.446417150040522070e+00
1.636000000000000000e+04,4.015435084005289035e+00
1.636100000000000000e+04,3.571692249223043181e+00
1.636200000000000000e+04,3.866755404676378571e+00
1.636300000000000000e+04,3.391129530300895478e+00
1.636400000000000000e+04,3.897410451921991204e+00
1.636500000000000000e+04,3.822996682247739031e+00
1.636600000000000000e+04,3.396269241578628417e+00
1.636700000000000000e+04,3.543677078631533028e+00
1.636800000000000000e+04,3.560767323417659114e+00
1.636900000000000000e+04,3.729079388304966880e+00
1.637000000000000000e+04,4.050772224404828314e+00
1.637100000000000000e+04,3.628304624770245290e+00
1.637200000000000000e+04,3.860374857959239403e+00
1.637300000000000000e+04,3.499364672789461395e+00
1.637400000000000000e+04,3.770270376129993828e+00
1.637500000000000000e+04,3.685544807281117663e+00
1.637600000000000000e+04,3.795427354716045087e+00
1.637700000000000000e+04,4.071613897941651850e+00
1.637800000000000000e+04,3.715273359887715454e+00
1.637900000000000000e+04,3.673106660413181235e+00
1.638000000000000000e+04,3.574979593321577553e+00
1.638100000000000000e+04,3.783006217904623991e+00
1.638200000000000000e+04,3.553147902134508929e+00
1.638300000000000000e+04,3.505178866436335028e+00
