position,nll
0.000000000000000000e+00,6.091616058105327802e+00
1.000000000000000000e+00,4.982235423776275596e+00
2.000000000000000000e+00,5.087444478163464900e+00
3.000000000000000000e+00,4.831985539710912825e+00
4.000000000000000000e+00,4.481783804686006789e+00
5.000000000000000000e+00,4.791154144111196445e+00
6.000000000000000000e+00,4.384986894199105478e+00
7.000000000000000000e+00,4.649038307228293476e+00
8.000000000000000000e+00,4.246906522230138314e+00
9.000000000000000000e+00,4.435908920629347385e+00
1.000000000000000000e+01,4.532717060096195461e+00
1.100000000000000000e+01,4.218394510113236962e+00
1.200000000000000000e+01,4.086113274474551638e+00
1.300000000000000000e+01,4.417826065289803594e+00
1.400000000000000000e+01,4.268270873160819434e+00
1.500000000000000000e+01,4.055240334448266815e+00
1.600000000000000000e+01,4.196222696527762253e+00
1.700000000000000000e+01,3.902905669345780204e+00
1.800000000000000000e+01,3.999626934524152411e+00
1.900000000000000000e+01,3.944646192753504366e+00
2.000000000000000000e+01,4.075207141166615976e+00
2.100000000000000000e+01,3.765592040279956532e+00
2.200000000000000000e+01,3.799717283563652348e+00
2.300000000000000000e+01,4.054647725896115773e+00
2.400000000000000000e+01,3.826653132147773917e+00
2.500000000000000000e+01,4.048251046312087098e+00
2.600000000000000000e+01,4.092965006348142865e+00
2.700000000000000000e+01,4.026165972107479618e+00
2.800000000000000000e+01,3.893356054506768249e+00
2.900000000000000000e+01,3.889144544541853765e+00
3.000000000000000000e+01,3.722100027260913713e+00
3.100000000000000000e+01,3.897390570950725053e+00
3.200000000000000000e+01,3.981681466160187366e+00
3.300000000000000000e+01,3.958414645914606567e+00
3.400000000000000000e+01,3.947481553980195290e+00
3.500000000000000000e+01,4.149500224078989774e+00
3.600000000000000000e+01,3.806746054111338484e+00
3.700000000000000000e+01,4.015673179191262321e+00
3.800000000000000000e+01,3.695575844444292546e+00
3.900000000000000000e+01,3.917630194735591154e+00
4.000000000000000000e+01,3.807018399926390906e+00
4.100000000000000000e+01,3.495333305984372085e+00
4.200000000000000000e+01,3.715311260873806809e+00
4.300000000000000000e+01,3.780774292048853180e+00
4.400000000000000000e+01,4.062117837896937367e+00
4.500000000000000000e+01,4.066333383745389440e+00
4.600000000000000000e+01,3.928164859303057810e+00
4.700000000000000000e+01,3.827480617822369702e+00
4.800000000000000000e+01,3.813524906553345417e+00
4.900000000000000000e+01,3.663484976454886244e+00
5.000000000000000000e+01,3.704866721932360996e+00
5.100000000000000000e+01,3.684351018640056097e+00
5.200000000000000000e+01,3.823487430403570198e+00
5.300000000000000000e+01,4.073905530692122134e+00
5.400000000000000000e+01,3.792620548116473422e+00
5.500000000000000000e+01,4.085805874658130499e+00
5.600000000000000000e+01,3.902433270647863939e+00
5.700000000000000000e+01,3.645137338058094478e+00
5.800000000000000000e+01,3.933388979262563812e+00
5.900000000000000000e+01,3.574955484152773533e+00
6.000000000000000000e+01,4.047269443133664879e+00
6.100000000000000000e+01,3.708763155619352325e+00
6.200000000000000000e+01,3.812152060906957907e+00
6.300000000000000000e+01,3.636776651852402953e+00
6.400000000000000000e+01,3.934017921432740650e+00
6.500000000000000000e+01,4.062864240651976822e+00
6.600000000000000000e+01,3.704519768967531768e+00
6.700000000000000000e+01,3.791546694973181086e+00
6.800000000000000000e+01,3.913682663937616546e+00
6.900000000000000000e+01,3.890718913370586840e+00
7.000000000000000000e+01,3.949037386930536186e+00
7.100000000000000000e+01,3.665785082629307023e+00
7.200000000000000000e+01,3.660422774349085362e+00
7.300000000000000000e+01,3.621165757554620779e+00
7.400000000000000000e+01,4.094316501996754454e+00
7.500000000000000000e+01,3.788945242423673143e+00
7.600000000000000000e+01,3.793594469496389454e+00
7.700000000000000000e+01,3.994249409641091209e+00
7.800000000000000000e+01,3.897095846005364184e+00
7.900000000000000000e+01,3.830619080884374306e+00
8.000000000000000000e+01,3.439403505434690533e+00
8.100000000000000000e+01,3.735010693683299632e+00
8.200000000000000000e+01,3.917773161594077180e+00
8.300000000000000000e+01,3.714909397368701072e+00
8.400000000000000000e+01,3.703956152051286477e+00
8.500000000000000000e+01,3.930203615343491386e+00
8.600000000000000000e+01,3.855566893739923451e+00
8.700000000000000000e+01,3.875268627353562145e+00
8.800000000000000000e+01,3.847138718123305434e+00
8.900000000000000000e+01,3.972375157389707478e+00
9.000000000000000000e+01,3.988371368736577605e+00
9.100000000000000000e+01,3.847639057483773772e+00
9.200000000000000000e+01,4.050459781023969086e+00
9.300000000000000000e+01,3.642318508244113850e+00
9.400000000000000000e+01,4.026289345308581069e+00
9.500000000000000000e+01,3.860736150939436673e+00
9.600000000000000000e+01,3.885389430595912241e+00
9.700000000000000000e+01,3.832245400678572889e+00
9.800000000000000000e+01,3.647586725316092515e+00
9.900000000000000000e+01,3.682942314587102306e+00
1.000000000000000000e+02,4.440314590792385552e+00
1.010000000000000000e+02,3.991324319353800831e+00
1.020000000000000000e+02,3.800652946443667801e+00
1.030000000000000000e+02,3.649199081470357875e+00
1.040000000000000000e+02,3.557525755320107841e+00
1.050000000000000000e+02,3.675356633522162131e+00
1.060000000000000000e+02,3.785746243721467952e+00
1.070000000000000000e+02,3.759031150161959545e+00
1.080000000000000000e+02,3.975094109876310178e+00
1.090000000000000000e+02,3.853389554884695922e+00
1.100000000000000000e+02,4.027042763514089074e+00
1.110000000000000000e+02,4.149767298446642272e+00
1.120000000000000000e+02,3.894664121122523248e+00
1.130000000000000000e+02,4.102362936975092467e+00
1.140000000000000000e+02,4.075825569000415705e+00
1.150000000000000000e+02,3.829093953109253157e+00
1.160000000000000000e+02,3.683813421345349948e+00
1.170000000000000000e+02,3.932877693323444390e+00
1.180000000000000000e+02,3.791266033025540771e+00
1.190000000000000000e+02,3.999934043382833426e+00
1.200000000000000000e+02,3.419397580056906971e+00
1.210000000000000000e+02,3.443656438856803614e+00
1.220000000000000000e+02,4.060286019193124041e+00
1.230000000000000000e+02,3.911226634557784188e+00
1.240000000000000000e+02,4.023032380620706228e+00
1.250000000000000000e+02,3.636085607598167790e+00
1.260000000000000000e+02,3.825659398696806157e+00
1.270000000000000000e+02,3.942555973693665283e+00
1.280000000000000000e+02,3.699575767287322403e+00
1.290000000000000000e+02,4.125805083144079788e+00
1.300000000000000000e+02,3.780761844268033744e+00
1.310000000000000000e+02,3.701347380798759801e+00
1.320000000000000000e+02,3.893265713521133264e+00
1.330000000000000000e+02,3.610386927103730326e+00
1.340000000000000000e+02,3.970990377637567459e+00
1.350000000000000000e+02,3.923136673849546785e+00
1.360000000000000000e+02,3.545530131340375757e+00
1.370000000000000000e+02,3.732258913381317100e+00
1.380000000000000000e+02,4.031070506578574353e+00
1.390000000000000000e+02,3.508991554659301126e+00
1.400000000000000000e+02,3.964289237224958740e+00
1.410000000000000000e+02,3.806106116793644745e+00
1.420000000000000000e+02,3.508098093823441843e+00
1.430000000000000000e+02,3.970373362124340222e+00
1.440000000000000000e+02,3.623810269628684022e+00
1.450000000000000000e+02,3.750502701882143075e+00
1.460000000000000000e+02,3.643459916813351462e+00
1.470000000000000000e+02,4.301894356456057444e+00
1.480000000000000000e+02,3.929906953415763127e+00
1.490000000000000000e+02,3.869417932141260952e+00
1.500000000000000000e+02,3.591310053941724867e+00
1.510000000000000000e+02,3.694393505190705529e+00
1.520000000000000000e+02,4.018786625029002302e+00
1.530000000000000000e+02,4.030247612111533151e+00
1.540000000000000000e+02,3.793723470418364219e+00
1.550000000000000000e+02,3.212274541711786835e+00
1.560000000000000000e+02,3.480854467339465241e+00
1.570000000000000000e+02,4.016858930141306239e+00
1.580000000000000000e+02,3.737778967803751407e+00
1.590000000000000000e+02,4.088977772016869849e+00
1.600000000000000000e+02,3.458321075270178735e+00
1.610000000000000000e+02,3.692543981462613090e+00
1.620000000000000000e+02,3.996428925894271345e+00
1.630000000000000000e+02,3.928752037939560182e+00
1.640000000000000000e+02,3.995135402605545227e+00
1.650000000000000000e+02,3.878201656529414176e+00
1.660000000000000000e+02,3.733857972528768610e+00
1.670000000000000000e+02,3.793572192863915671e+00
1.680000000000000000e+02,3.514075675901487283e+00
1.690000000000000000e+02,3.612813861668057847e+00
1.700000000000000000e+02,3.828353104795580997e+00
1.710000000000000000e+02,3.836026572225315068e+00
1.720000000000000000e+02,4.098299413835079008e+00
1.730000000000000000e+02,3.697182189069268876e+00
1.740000000000000000e+02,3.607525476877097237e+00
1.750000000000000000e+02,3.696053029833065384e+00
1.760000000000000000e+02,3.522050522721930754e+00
1.770000000000000000e+02,3.583181692716320921e+00
1.780000000000000000e+02,3.697971921164965092e+00
1.790000000000000000e+02,3.939417437414757917e+00
1.800000000000000000e+02,3.741892693867165054e+00
1.810000000000000000e+02,3.515879815892532623e+00
1.820000000000000000e+02,3.750117856980235587e+00
1.830000000000000000e+02,3.774958611139884290e+00
1.840000000000000000e+02,3.929192263768321869e+00
1.850000000000000000e+02,3.711883314391173361e+00
1.860000000000000000e+02,3.577733947258642022e+00
1.870000000000000000e+02,3.559211188194257858e+00
1.880000000000000000e+02,3.564269927232841084e+00
1.890000000000000000e+02,3.518398800747160049e+00
1.900000000000000000e+02,3.682421377853497102e+00
1.910000000000000000e+02,3.613094449991592239e+00
1.920000000000000000e+02,3.672890916911742298e+00
1.930000000000000000e+02,3.886767605339675580e+00
1.940000000000000000e+02,3.424485977992579144e+00
1.950000000000000000e+02,3.416481872501591521e+00
1.960000000000000000e+02,3.773435112354986298e+00
1.970000000000000000e+02,3.758006979825401217e+00
1.980000000000000000e+02,3.870425913298083387e+00
1.990000000000000000e+02,3.850536455690452886e+00
2.000000000000000000e+02,3.895213175984874709e+00
2.010000000000000000e+02,3.643874832740555014e+00
2.020000000000000000e+02,3.832368972018832309e+00
2.030000000000000000e+02,3.566878568015388495e+00
2.040000000000000000e+02,4.049408765329535420e+00
2.050000000000000000e+02,4.212082751831514926e+00
2.060000000000000000e+02,3.861120281456664305e+00
2.070000000000000000e+02,3.676890957432021878e+00
2.080000000000000000e+02,4.078325787349460718e+00
2.090000000000000000e+02,3.758880197630027453e+00
2.100000000000000000e+02,3.563847100860155326e+00
2.110000000000000000e+02,3.714686609327285893e+00
2.120000000000000000e+02,3.834970065823317231e+00
2.130000000000000000e+02,3.798875665515861755e+00
2.140000000000000000e+02,3.924732962743756826e+00
2.150000000000000000e+02,3.570111809299666206e+00
2.160000000000000000e+02,3.768283085247933872e+00
2.170000000000000000e+02,3.846769749212195943e+00
2.180000000000000000e+02,3.968483866928870452e+00
2.190000000000000000e+02,3.977691472449078169e+00
2.200000000000000000e+02,3.607446543493067370e+00
2.210000000000000000e+02,3.571410058254803399e+00
2.220000000000000000e+02,3.916314865079229879e+00
2.230000000000000000e+02,3.649548521822573832e+00
2.240000000000000000e+02,3.628106177480312944e+00
2.250000000000000000e+02,3.807405172960297346e+00
2.260000000000000000e+02,3.711781535996786285e+00
2.270000000000000000e+02,3.614178361454476018e+00
2.280000000000000000e+02,3.691621788250333491e+00
2.290000000000000000e+02,3.467139275967505707e+00
2.300000000000000000e+02,3.443229018613565895e+00
2.310000000000000000e+02,3.993628252439628490e+00
2.320000000000000000e+02,3.830751986311230706e+00
2.330000000000000000e+02,3.937180215294732832e+00
2.340000000000000000e+02,3.811264137739623692e+00
2.350000000000000000e+02,3.854243654794809792e+00
2.360000000000000000e+02,3.870369139404563619e+00
2.370000000000000000e+02,3.815050851671573096e+00
2.380000000000000000e+02,3.838419852925456954e+00
2.390000000000000000e+02,3.731096978882696646e+00
2.400000000000000000e+02,3.631889318300269842e+00
2.410000000000000000e+02,3.998047536912871180e+00
2.420000000000000000e+02,3.870480499567213961e+00
2.430000000000000000e+02,3.808377846388398602e+00
2.440000000000000000e+02,3.829409939813055441e+00
2.450000000000000000e+02,3.517351342230868649e+00
2.460000000000000000e+02,4.081375798531133192e+00
2.470000000000000000e+02,3.783077989528280227e+00
2.480000000000000000e+02,3.657231153634013854e+00
2.490000000000000000e+02,4.161538138946319521e+00
2.500000000000000000e+02,3.795652233471377812e+00
2.510000000000000000e+02,3.744621213667903792e+00
2.520000000000000000e+02,3.692186032791738182e+00
2.530000000000000000e+02,4.040297060694872044e+00
2.540000000000000000e+02,3.793929559786977102e+00
2.550000000000000000e+02,3.901859471114604627e+00
2.560000000000000000e+02,3.707951936567871254e+00
2.570000000000000000e+02,3.711149008636599689e+00
2.580000000000000000e+02,3.719624565964274598e+00
2.590000000000000000e+02,3.845976048739594422e+00
2.600000000000000000e+02,3.853212604625538162e+00
2.610000000000000000e+02,3.980588085895256700e+00
2.620000000000000000e+02,3.659960857166319137e+00
2.630000000000000000e+02,3.857474816168112497e+00
2.640000000000000000e+02,4.139352674896854545e+00
2.650000000000000000e+02,3.567343005602055417e+00
2.660000000000000000e+02,3.957067134753480264e+00
2.670000000000000000e+02,3.850392946465748256e+00
2.680000000000000000e+02,3.598981598289022088e+00
2.690000000000000000e+02,3.505028746988205324e+00
2.700000000000000000e+02,3.815176145183962753e+00
2.710000000000000000e+02,3.869356403375411091e+00
2.720000000000000000e+02,3.807207975785178000e+00
2.730000000000000000e+02,3.559014887950191053e+00
2.740000000000000000e+02,3.694311401786088744e+00
2.750000000000000000e+02,3.698277533007165552e+00
2.760000000000000000e+02,3.684316999926582348e+00
2.770000000000000000e+02,3.716417630746239542e+00
2.780000000000000000e+02,4.056801732421469353e+00
2.790000000000000000e+02,3.888248770091323525e+00
2.800000000000000000e+02,4.006275432160481209e+00
2.810000000000000000e+02,3.810188440731899107e+00
2.820000000000000000e+02,3.538873054392764228e+00
2.830000000000000000e+02,3.796817073679255472e+00
2.840000000000000000e+02,3.812728021710859672e+00
2.850000000000000000e+02,3.746864907357128960e+00
2.860000000000000000e+02,3.849753535894765655e+00
2.870000000000000000e+02,3.774986844096875682e+00
2.880000000000000000e+02,3.952845985668909101e+00
2.890000000000000000e+02,3.660358145697132581e+00
2.900000000000000000e+02,3.487153136995663871e+00
2.910000000000000000e+02,3.825378724779899375e+00
2.920000000000000000e+02,3.811446507348680957e+00
2.930000000000000000e+02,3.719923569135187513e+00
2.940000000000000000e+02,3.903606837292143972e+00
2.950000000000000000e+02,3.591736447914660069e+00
2.960000000000000000e+02,3.857608111679196483e+00
2.970000000000000000e+02,3.938251081342366788e+00
2.980000000000000000e+02,4.054026394867582539e+00
2.990000000000000000e+02,3.850096233887788877e+00
3.000000000000000000e+02,3.483973498797406698e+00
3.010000000000000000e+02,3.663059505484471234e+00
3.020000000000000000e+02,3.727983230185179853e+00
3.030000000000000000e+02,3.814280490751337904e+00
3.040000000000000000e+02,3.711701219741126323e+00
3.050000000000000000e+02,3.754443400066430403e+00
3.060000000000000000e+02,4.031105547246076171e+00
3.070000000000000000e+02,3.881205179775870207e+00
3.080000000000000000e+02,3.438357244747081154e+00
3.090000000000000000e+02,3.859247274252695536e+00
3.100000000000000000e+02,4.005964145735912751e+00
3.110000000000000000e+02,3.942219184771226459e+00
3.120000000000000000e+02,3.845874338097523104e+00
3.130000000000000000e+02,3.804942507841877042e+00
3.140000000000000000e+02,3.699783485269612537e+00
3.150000000000000000e+02,3.635525828528459957e+00
3.160000000000000000e+02,3.968261313989008610e+00
3.170000000000000000e+02,3.714409261555544628e+00
3.180000000000000000e+02,3.561495343938226199e+00
3.190000000000000000e+02,3.760711670825065855e+00
3.200000000000000000e+02,3.932377459995619606e+00
3.210000000000000000e+02,3.986559934407559513e+00
3.220000000000000000e+02,3.935998249304835550e+00
3.230000000000000000e+02,3.550565270877215074e+00
3.240000000000000000e+02,3.810801562090838424e+00
3.250000000000000000e+02,4.044415532644177524e+00
3.260000000000000000e+02,3.833494922762295865e+00
3.270000000000000000e+02,3.850536661333839650e+00
3.280000000000000000e+02,3.569253075077388537e+00
3.290000000000000000e+02,3.714970894534438184e+00
3.300000000000000000e+02,4.049606901608165721e+00
3.310000000000000000e+02,4.124566865637288693e+00
3.320000000000000000e+02,3.742975833613619407e+00
3.330000000000000000e+02,3.816378064469915898e+00
3.340000000000000000e+02,3.931277929815769401e+00
3.350000000000000000e+02,3.841338235936397005e+00
3.360000000000000000e+02,4.028345536856467568e+00
3.370000000000000000e+02,4.289765875822650010e+00
3.380000000000000000e+02,3.694719880717049598e+00
3.390000000000000000e+02,3.343197157709204781e+00
3.400000000000000000e+02,3.485412872122766625e+00
3.410000000000000000e+02,3.913580733447863391e+00
3.420000000000000000e+02,3.865892316427054887e+00
3.430000000000000000e+02,3.832702249667341299e+00
3.440000000000000000e+02,3.906065226619400921e+00
3.450000000000000000e+02,3.880459550593770235e+00
3.460000000000000000e+02,3.521659016677014087e+00
3.470000000000000000e+02,4.236773361754031519e+00
3.480000000000000000e+02,3.770991972495657762e+00
3.490000000000000000e+02,3.637268009023570947e+00
3.500000000000000000e+02,3.628944010933988551e+00
3.510000000000000000e+02,3.715474168213386719e+00
3.520000000000000000e+02,3.668950728390778071e+00
3.530000000000000000e+02,3.805032038960935559e+00
3.540000000000000000e+02,3.633567848404768874e+00
3.550000000000000000e+02,3.951711341891454232e+00
3.560000000000000000e+02,3.988943195234792238e+00
3.570000000000000000e+02,3.418005512299929105e+00
3.580000000000000000e+02,3.682052295812983989e+00
3.590000000000000000e+02,3.549680732040011666e+00
3.600000000000000000e+02,3.743285736193454394e+00
3.610000000000000000e+02,3.767854190742922160e+00
3.620000000000000000e+02,3.563030431567825840e+00
3.630000000000000000e+02,3.697865732431604435e+00
3.640000000000000000e+02,3.654040071773094756e+00
3.650000000000000000e+02,3.609249640628385158e+00
3.660000000000000000e+02,3.764473900339987189e+00
3.670000000000000000e+02,3.522464383079395578e+00
3.680000000000000000e+02,4.021995016675687928e+00
3.690000000000000000e+02,3.646266934868903853e+00
3.700000000000000000e+02,4.018188725388919025e+00
3.710000000000000000e+02,3.615453944894007066e+00
3.720000000000000000e+02,3.701924052111077668e+00
3.730000000000000000e+02,3.849148507355177884e+00
3.740000000000000000e+02,3.841405382704325522e+00
3.750000000000000000e+02,3.535154859493684576e+00
3.760000000000000000e+02,3.802010256025261548e+00
3.770000000000000000e+02,4.004881657331658573e+00
3.780000000000000000e+02,3.544507752069330220e+00
3.790000000000000000e+02,3.912593116740298083e+00
3.800000000000000000e+02,3.629685899063937349e+00
3.810000000000000000e+02,3.688621915596964840e+00
3.820000000000000000e+02,3.999300466303981505e+00
3.830000000000000000e+02,3.896057691288941083e+00
3.840000000000000000e+02,3.665322235231038395e+00
3.850000000000000000e+02,3.278614283046211941e+00
3.860000000000000000e+02,3.824692033896782029e+00
3.870000000000000000e+02,3.729072748346043742e+00
3.880000000000000000e+02,3.659190146813363853e+00
3.890000000000000000e+02,3.603080696188300180e+00
3.900000000000000000e+02,3.789713244336837761e+00
3.910000000000000000e+02,3.689993994413029554e+00
3.920000000000000000e+02,3.919255907552318785e+00
3.930000000000000000e+02,4.075800991053864841e+00
3.940000000000000000e+02,3.860468702580591049e+00
3.950000000000000000e+02,3.675937205473854164e+00
3.960000000000000000e+02,4.075514175865005306e+00
3.970000000000000000e+02,3.608205358954561515e+00
3.980000000000000000e+02,3.858366605414141670e+00
3.990000000000000000e+02,3.845182683122331024e+00
4.000000000000000000e+02,3.902670982665741306e+00
4.010000000000000000e+02,3.717856643696460406e+00
4.020000000000000000e+02,3.608343452891071390e+00
4.030000000000000000e+02,3.612676546659877364e+00
4.040000000000000000e+02,3.381834282843895867e+00
4.050000000000000000e+02,3.670330057999886986e+00
4.060000000000000000e+02,4.009026197101190903e+00
4.070000000000000000e+02,3.740933111098263097e+00
4.080000000000000000e+02,3.448351877000586097e+00
4.090000000000000000e+02,3.549896762945778050e+00
4.100000000000000000e+02,3.756439347169329146e+00
4.110000000000000000e+02,3.880098303311741326e+00
4.120000000000000000e+02,3.643044868104980072e+00
4.130000000000000000e+02,3.910212074884719780e+00
4.140000000000000000e+02,3.970509929433420737e+00
4.150000000000000000e+02,3.456781529850845747e+00
4.160000000000000000e+02,3.988286681975901526e+00
4.170000000000000000e+02,3.678587969617567843e+00
4.180000000000000000e+02,3.866962685288577006e+00
4.190000000000000000e+02,3.851418018278807143e+00
4.200000000000000000e+02,3.821393374231476958e+00
4.210000000000000000e+02,4.092906472715060140e+00
4.220000000000000000e+02,3.671145542683681207e+00
4.230000000000000000e+02,3.906528014237680146e+00
4.240000000000000000e+02,3.666437356573454043e+00
4.250000000000000000e+02,3.721187647277075072e+00
4.260000000000000000e+02,3.990860856656820221e+00
4.270000000000000000e+02,3.671758412486815448e+00
4.280000000000000000e+02,3.755960159510236540e+00
4.290000000000000000e+02,3.823347036240261509e+00
4.300000000000000000e+02,3.538378134079384285e+00
4.310000000000000000e+02,3.794268654376916405e+00
4.320000000000000000e+02,4.254750822892802375e+00
4.330000000000000000e+02,4.038113340643352700e+00
4.340000000000000000e+02,3.633374266170692035e+00
4.350000000000000000e+02,3.999759623891232518e+00
4.360000000000000000e+02,3.948408349555083241e+00
4.370000000000000000e+02,3.868993527020951007e+00
4.380000000000000000e+02,3.689272298086656576e+00
4.390000000000000000e+02,3.523117541546785247e+00
4.400000000000000000e+02,3.592030013318685988e+00
4.410000000000000000e+02,3.845176412695015866e+00
4.420000000000000000e+02,3.748915827209715612e+00
4.430000000000000000e+02,3.825874012184566908e+00
4.440000000000000000e+02,3.568733321431199368e+00
4.450000000000000000e+02,3.849817774725986741e+00
4.460000000000000000e+02,4.185794275972559930e+00
4.470000000000000000e+02,3.759862123047990057e+00
4.480000000000000000e+02,3.925509881457950101e+00
4.490000000000000000e+02,3.710197017390028495e+00
4.500000000000000000e+02,3.566935563187847880e+00
4.510000000000000000e+02,3.740438577131898867e+00
4.520000000000000000e+02,3.753893842290014327e+00
4.530000000000000000e+02,3.755513617643517321e+00
4.540000000000000000e+02,3.876369085142373994e+00
4.550000000000000000e+02,3.920198277185544811e+00
4.560000000000000000e+02,3.939144292432093408e+00
4.570000000000000000e+02,3.577982245888904345e+00
4.580000000000000000e+02,3.723686222298873361e+00
4.590000000000000000e+02,3.863845604161304070e+00
4.600000000000000000e+02,3.676215732765248489e+00
4.610000000000000000e+02,3.516466439146517242e+00
4.620000000000000000e+02,3.990382354777862961e+00
4.630000000000000000e+02,3.616893270291033247e+00
4.640000000000000000e+02,3.575782069402176244e+00
4.650000000000000000e+02,3.775708658387280536e+00
4.660000000000000000e+02,3.971177543277117028e+00
4.670000000000000000e+02,3.800802294496505418e+00
4.680000000000000000e+02,3.552131461659232770e+00
4.690000000000000000e+02,3.718098292551678341e+00
4.700000000000000000e+02,3.755706793668671661e+00
4.710000000000000000e+02,3.759715444179152488e+00
4.720000000000000000e+02,3.563598305224795482e+00
4.730000000000000000e+02,4.031217038716436996e+00
4.740000000000000000e+02,3.643062290014149607e+00
4.750000000000000000e+02,4.115799480261766341e+00
4.760000000000000000e+02,3.596227906895639315e+00
4.770000000000000000e+02,3.744979318651047606e+00
4.780000000000000000e+02,3.620939490021919394e+00
4.790000000000000000e+02,3.895969988992644684e+00
4.800000000000000000e+02,4.009475588649181077e+00
4.810000000000000000e+02,3.756442004506923116e+00
4.820000000000000000e+02,3.872748408840645418e+00
4.830000000000000000e+02,3.872461833642810269e+00
4.840000000000000000e+02,3.722065881479352800e+00
4.850000000000000000e+02,3.785043979417569648e+00
4.860000000000000000e+02,3.707428370950599739e+00
4.870000000000000000e+02,3.635633714353189383e+00
4.880000000000000000e+02,3.744259082440517972e+00
4.890000000000000000e+02,3.715859596309019075e+00
4.900000000000000000e+02,3.715485644887762451e+00
4.910000000000000000e+02,3.660105358899983674e+00
4.920000000000000000e+02,3.864964081022838727e+00
4.930000000000000000e+02,4.026778241527006585e+00
4.940000000000000000e+02,3.822892843530912632e+00
4.950000000000000000e+02,3.722112564440839488e+00
4.960000000000000000e+02,3.790606165614496703e+00
4.970000000000000000e+02,3.666041636167561624e+00
4.980000000000000000e+02,3.948848457503141951e+00
4.990000000000000000e+02,3.738724961195705188e+00
5.000000000000000000e+02,3.800961863682444708e+00
5.010000000000000000e+02,3.788201748847304984e+00
5.020000000000000000e+02,3.774296280895894196e+00
5.030000000000000000e+02,3.483963376047554128e+00
5.040000000000000000e+02,3.741111258631000691e+00
5.050000000000000000e+02,3.902379800069988303e+00
5.060000000000000000e+02,3.800102927388425034e+00
5.070000000000000000e+02,3.847029399979868369e+00
5.080000000000000000e+02,3.728117397117459930e+00
5.090000000000000000e+02,3.831564064426925320e+00
5.100000000000000000e+02,3.379624051064566981e+00
5.110000000000000000e+02,3.920718654913634804e+00
5.120000000000000000e+02,3.702918997275473245e+00
5.130000000000000000e+02,3.974289415203061893e+00
5.140000000000000000e+02,3.480464845346813885e+00
5.150000000000000000e+02,3.756667902071189058e+00
5.160000000000000000e+02,3.643125226511119141e+00
5.170000000000000000e+02,4.072317257309754801e+00
5.180000000000000000e+02,3.887027894156187102e+00
5.190000000000000000e+02,3.733587763762637124e+00
5.200000000000000000e+02,3.409389084829117511e+00
5.210000000000000000e+02,3.754467428343744473e+00
5.220000000000000000e+02,3.582081348333244541e+00
5.230000000000000000e+02,3.569160488637394657e+00
5.240000000000000000e+02,3.816399891286134327e+00
5.250000000000000000e+02,3.603770100698775458e+00
5.260000000000000000e+02,3.872497461193141532e+00
5.270000000000000000e+02,3.834365963379277265e+00
5.280000000000000000e+02,3.975792452526843324e+00
5.290000000000000000e+02,3.400719083558877198e+00
5.300000000000000000e+02,3.629444196672265033e+00
5.310000000000000000e+02,3.838358823549011589e+00
5.320000000000000000e+02,3.681523688048475407e+00
5.330000000000000000e+02,3.751795282911392082e+00
5.340000000000000000e+02,3.612807431786512868e+00
5.350000000000000000e+02,4.024909854118392971e+00
5.360000000000000000e+02,3.476067344053862307e+00
5.370000000000000000e+02,3.708155154783892904e+00
5.380000000000000000e+02,4.024290816911656243e+00
5.390000000000000000e+02,3.706212578574612948e+00
5.400000000000000000e+02,4.059683930523384277e+00
5.410000000000000000e+02,3.671828566897155088e+00
5.420000000000000000e+02,3.350843655315832947e+00
5.430000000000000000e+02,3.850888217701462057e+00
5.440000000000000000e+02,3.629420618371677509e+00
5.450000000000000000e+02,3.701484902021947576e+00
5.460000000000000000e+02,3.705647274024677529e+00
5.470000000000000000e+02,3.993840058301486806e+00
5.480000000000000000e+02,3.729804379560099470e+00
5.490000000000000000e+02,3.867788435871017061e+00
5.500000000000000000e+02,3.747812045284015792e+00
5.510000000000000000e+02,3.423011663807371541e+00
5.520000000000000000e+02,3.822968457519745566e+00
5.530000000000000000e+02,3.593125330693903940e+00
5.540000000000000000e+02,3.703013744065818180e+00
5.550000000000000000e+02,3.660097684704251897e+00
5.560000000000000000e+02,3.782796365749342637e+00
5.570000000000000000e+02,3.941061827000449824e+00
5.580000000000000000e+02,3.776230849162144576e+00
5.590000000000000000e+02,3.613685817526961497e+00
5.600000000000000000e+02,3.675503767442446890e+00
5.610000000000000000e+02,3.360374540916060138e+00
5.620000000000000000e+02,4.038412954568835644e+00
5.630000000000000000e+02,3.618041986012860090e+00
5.640000000000000000e+02,3.881199326126127058e+00
5.650000000000000000e+02,3.611774647930903193e+00
5.660000000000000000e+02,3.924248244539275454e+00
5.670000000000000000e+02,3.803608724158629606e+00
5.680000000000000000e+02,3.745259745460686407e+00
5.690000000000000000e+02,3.597235036638556149e+00
5.700000000000000000e+02,3.687442773975313504e+00
5.710000000000000000e+02,3.744446914882141986e+00
5.720000000000000000e+02,3.786199684583078096e+00
5.730000000000000000e+02,4.064805967455360936e+00
5.740000000000000000e+02,3.804043232780618400e+00
5.750000000000000000e+02,3.620294292720958484e+00
5.760000000000000000e+02,3.631315113022940189e+00
5.770000000000000000e+02,3.763360256229367096e+00
5.780000000000000000e+02,3.816019350958350653e+00
5.790000000000000000e+02,3.730437090641582465e+00
5.800000000000000000e+02,3.706903841341278039e+00
5.810000000000000000e+02,3.690991262636480030e+00
5.820000000000000000e+02,3.685619814355058921e+00
5.830000000000000000e+02,3.963791046525001693e+00
5.840000000000000000e+02,3.833623483002496446e+00
5.850000000000000000e+02,3.884431036304455187e+00
5.860000000000000000e+02,3.601619633839848067e+00
5.870000000000000000e+02,3.910895832413836093e+00
5.880000000000000000e+02,3.962927481607003255e+00
5.890000000000000000e+02,3.626183510945678368e+00
5.900000000000000000e+02,3.693004510381844963e+00
5.910000000000000000e+02,3.814574023309847295e+00
5.920000000000000000e+02,4.024406528101515335e+00
5.930000000000000000e+02,3.606753342077515523e+00
5.940000000000000000e+02,3.681842312693232699e+00
5.950000000000000000e+02,3.525717828369712148e+00
5.960000000000000000e+02,4.079561512580683669e+00
5.970000000000000000e+02,3.801005451406016533e+00
5.980000000000000000e+02,3.722654609170076068e+00
5.990000000000000000e+02,3.515075719829438228e+00
6.000000000000000000e+02,3.603104004577019737e+00
6.010000000000000000e+02,4.434662357934498367e+00
6.020000000000000000e+02,3.524527661189858829e+00
6.030000000000000000e+02,3.534096617152410413e+00
6.040000000000000000e+02,3.797208112925491985e+00
6.050000000000000000e+02,3.726791255034365147e+00
6.060000000000000000e+02,3.994377456269285087e+00
6.070000000000000000e+02,3.823442093046165002e+00
6.080000000000000000e+02,3.940072967841854901e+00
6.090000000000000000e+02,3.416078735510084119e+00
6.100000000000000000e+02,3.812097514625554240e+00
6.110000000000000000e+02,3.682489546527322855e+00
6.120000000000000000e+02,4.144720213744538029e+00
6.130000000000000000e+02,3.194242302819436663e+00
6.140000000000000000e+02,4.052307872818071921e+00
6.150000000000000000e+02,4.165415974230080920e+00
6.160000000000000000e+02,3.602416139245101068e+00
6.170000000000000000e+02,3.973767528211107347e+00
6.180000000000000000e+02,3.533571485791843880e+00
6.190000000000000000e+02,3.899327063773267543e+00
6.200000000000000000e+02,3.974693443468345855e+00
6.210000000000000000e+02,3.714817010720112833e+00
6.220000000000000000e+02,3.783654282920513090e+00
6.230000000000000000e+02,3.621464826587919461e+00
6.240000000000000000e+02,3.537863515002549253e+00
6.250000000000000000e+02,3.999103340126223927e+00
6.260000000000000000e+02,3.486976324341746647e+00
6.270000000000000000e+02,3.760448888833265890e+00
6.280000000000000000e+02,3.506861008713122452e+00
6.290000000000000000e+02,4.112560598704091852e+00
6.300000000000000000e+02,3.940177853774665007e+00
6.310000000000000000e+02,3.733733642883954040e+00
6.320000000000000000e+02,3.645636163087206505e+00
6.330000000000000000e+02,3.763971666935363558e+00
6.340000000000000000e+02,3.918489056105204593e+00
6.350000000000000000e+02,3.482855927993540490e+00
6.360000000000000000e+02,3.568508029792998304e+00
6.370000000000000000e+02,3.774015755147888562e+00
6.380000000000000000e+02,3.992405625310866402e+00
6.390000000000000000e+02,3.556825682851069814e+00
6.400000000000000000e+02,3.700517789150405079e+00
6.410000000000000000e+02,3.302340887795864877e+00
6.420000000000000000e+02,3.662062478817968092e+00
6.430000000000000000e+02,3.692013685411120072e+00
6.440000000000000000e+02,3.801835946713898906e+00
6.450000000000000000e+02,3.743615784726526119e+00
6.460000000000000000e+02,3.805898134345040873e+00
6.470000000000000000e+02,3.267724312991384217e+00
6.480000000000000000e+02,3.540156458507814019e+00
6.490000000000000000e+02,4.326289641104144934e+00
6.500000000000000000e+02,3.726568286187018408e+00
6.510000000000000000e+02,3.882900752473297246e+00
6.520000000000000000e+02,4.069391741303923560e+00
6.530000000000000000e+02,3.914354262473999757e+00
6.540000000000000000e+02,3.608116919299984460e+00
6.550000000000000000e+02,3.660750702206067242e+00
6.560000000000000000e+02,3.650430881304830510e+00
6.570000000000000000e+02,3.776450973873281658e+00
6.580000000000000000e+02,3.497089011669177960e+00
6.590000000000000000e+02,3.994450621654025202e+00
6.600000000000000000e+02,3.618391645497828435e+00
6.610000000000000000e+02,3.754202901625855127e+00
6.620000000000000000e+02,3.996075712790360779e+00
6.630000000000000000e+02,3.884391178584122972e+00
6.640000000000000000e+02,4.157414933970889237e+00
6.650000000000000000e+02,3.743824535617320759e+00
6.660000000000000000e+02,3.832685874927529657e+00
6.670000000000000000e+02,3.715895028780165532e+00
6.680000000000000000e+02,3.963307074301075428e+00
6.690000000000000000e+02,3.754280446885326139e+00
6.700000000000000000e+02,4.004820409821886251e+00
6.710000000000000000e+02,3.491742480652020753e+00
6.720000000000000000e+02,3.871139316914577133e+00
6.730000000000000000e+02,3.712555507835087365e+00
6.740000000000000000e+02,3.794071611431121926e+00
6.750000000000000000e+02,3.712033838416075593e+00
6.760000000000000000e+02,3.546340901577852645e+00
6.770000000000000000e+02,3.571053099675465692e+00
6.780000000000000000e+02,3.837817444040918069e+00
6.790000000000000000e+02,3.982410249817422532e+00
6.800000000000000000e+02,3.610366726308795293e+00
6.810000000000000000e+02,3.790161462634974665e+00
6.820000000000000000e+02,4.040183487691248132e+00
6.830000000000000000e+02,3.889285790818918898e+00
6.840000000000000000e+02,3.806364957040306418e+00
6.850000000000000000e+02,4.020809647315238600e+00
6.860000000000000000e+02,3.925788017606542279e+00
6.870000000000000000e+02,3.509171142886341688e+00
6.880000000000000000e+02,3.830154743240278048e+00
6.890000000000000000e+02,3.845348809076885477e+00
6.900000000000000000e+02,3.501987249542156455e+00
6.910000000000000000e+02,3.520078936337712072e+00
6.920000000000000000e+02,3.446727925011676685e+00
6.930000000000000000e+02,3.699126663281009808e+00
6.940000000000000000e+02,3.815976515604207364e+00
6.950000000000000000e+02,4.126684069288899082e+00
6.960000000000000000e+02,3.552297470860619644e+00
6.970000000000000000e+02,3.953689463862581022e+00
6.980000000000000000e+02,3.676931667533811510e+00
6.990000000000000000e+02,3.702724622960127387e+00
7.000000000000000000e+02,3.833985195396098167e+00
7.010000000000000000e+02,3.607722874566794413e+00
7.020000000000000000e+02,3.763557332577252001e+00
7.030000000000000000e+02,3.916421636035374743e+00
7.040000000000000000e+02,3.805776093187970943e+00
7.050000000000000000e+02,3.686866273838322439e+00
7.060000000000000000e+02,4.136904141112865751e+00
7.070000000000000000e+02,3.904993846873871188e+00
7.080000000000000000e+02,3.483833881561619439e+00
7.090000000000000000e+02,4.103841990366697168e+00
7.100000000000000000e+02,3.927430299005600034e+00
7.110000000000000000e+02,3.480921617058617912e+00
7.120000000000000000e+02,3.985320969541731539e+00
7.130000000000000000e+02,3.972629367111567777e+00
7.140000000000000000e+02,3.885679999501974180e+00
7.150000000000000000e+02,3.875625028607121880e+00
7.160000000000000000e+02,3.846378233713111161e+00
7.170000000000000000e+02,3.665261729281629854e+00
7.180000000000000000e+02,4.025518883718783414e+00
7.190000000000000000e+02,3.941816930004117925e+00
7.200000000000000000e+02,3.673655728162517953e+00
7.210000000000000000e+02,3.817442659040999775e+00
7.220000000000000000e+02,3.731531613833269923e+00
7.230000000000000000e+02,3.682403539190200803e+00
7.240000000000000000e+02,4.132672599269485048e+00
7.250000000000000000e+02,3.605063980312360084e+00
7.260000000000000000e+02,3.732685196156377838e+00
7.270000000000000000e+02,3.747707996215413839e+00
7.280000000000000000e+02,4.060991774575945179e+00
7.290000000000000000e+02,3.711787078833790776e+00
7.300000000000000000e+02,3.886411101976719795e+00
7.310000000000000000e+02,3.568407832257324941e+00
7.320000000000000000e+02,3.432447038934330230e+00
7.330000000000000000e+02,3.618167448027883371e+00
7.340000000000000000e+02,3.634354760015805930e+00
7.350000000000000000e+02,3.506977457772232132e+00
7.360000000000000000e+02,3.723748185597622662e+00
7.370000000000000000e+02,3.555831477496645299e+00
7.380000000000000000e+02,3.557051011239834359e+00
7.390000000000000000e+02,3.798691659864132486e+00
7.400000000000000000e+02,3.879773771709327690e+00
7.410000000000000000e+02,3.696774391475622590e+00
7.420000000000000000e+02,3.870006855012228630e+00
7.430000000000000000e+02,3.526582035316404795e+00
7.440000000000000000e+02,3.974279855663610750e+00
7.450000000000000000e+02,3.994721068834244715e+00
7.460000000000000000e+02,3.865670528628482483e+00
7.470000000000000000e+02,3.771144725737681114e+00
7.480000000000000000e+02,3.835310957939831678e+00
7.490000000000000000e+02,3.610806989742750162e+00
7.500000000000000000e+02,3.791179151301463879e+00
7.510000000000000000e+02,3.758906259330013100e+00
7.520000000000000000e+02,3.591992710394445343e+00
7.530000000000000000e+02,3.875124549988954836e+00
7.540000000000000000e+02,3.637148899291826165e+00
7.550000000000000000e+02,3.935567832619533135e+00
7.560000000000000000e+02,4.005478027159536936e+00
7.570000000000000000e+02,3.739261000826533454e+00
7.580000000000000000e+02,3.937064528122376394e+00
7.590000000000000000e+02,3.651516612201770595e+00
7.600000000000000000e+02,3.464797867280145827e+00
7.610000000000000000e+02,3.940569710877979581e+00
7.620000000000000000e+02,3.842994866562844170e+00
7.630000000000000000e+02,3.760526242078478631e+00
7.640000000000000000e+02,3.964691318857930025e+00
7.650000000000000000e+02,3.661432449514290699e+00
7.660000000000000000e+02,3.769271684776262621e+00
7.670000000000000000e+02,3.933922641362291639e+00
7.680000000000000000e+02,3.835470094182576339e+00
7.690000000000000000e+02,3.401114108148708404e+00
7.700000000000000000e+02,3.726096392891077524e+00
7.710000000000000000e+02,3.942334706868168226e+00
7.720000000000000000e+02,4.076292616490115428e+00
7.730000000000000000e+02,3.945800439088270828e+00
7.740000000000000000e+02,3.667012734199867285e+00
7.750000000000000000e+02,3.776811045031347458e+00
7.760000000000000000e+02,3.654438084172672241e+00
7.770000000000000000e+02,3.448398827230454433e+00
7.780000000000000000e+02,3.801138812880824780e+00
7.790000000000000000e+02,4.039038672627364157e+00
7.800000000000000000e+02,3.586960093657518112e+00
7.810000000000000000e+02,3.843735019225783311e+00
7.820000000000000000e+02,3.746744562856128891e+00
7.830000000000000000e+02,3.746922544238205699e+00
7.840000000000000000e+02,3.561058558434602173e+00
7.850000000000000000e+02,3.606571187307835213e+00
7.860000000000000000e+02,3.830733821720464949e+00
7.870000000000000000e+02,3.697632557820513366e+00
7.880000000000000000e+02,3.607130611561425226e+00
7.890000000000000000e+02,3.573454824556714815e+00
7.900000000000000000e+02,3.624219870401847565e+00
7.910000000000000000e+02,3.654334967894342867e+00
7.920000000000000000e+02,3.773130086383377435e+00
7.930000000000000000e+02,3.720861684699990235e+00
7.940000000000000000e+02,3.498336915065394681e+00
7.950000000000000000e+02,3.895698896206625239e+00
7.960000000000000000e+02,4.007416861357353532e+00
7.970000000000000000e+02,3.719611087044892628e+00
7.980000000000000000e+02,3.825677564852982382e+00
7.990000000000000000e+02,3.710853846937988809e+00
8.000000000000000000e+02,3.721861719772986188e+00
8.010000000000000000e+02,3.870596967821418044e+00
8.020000000000000000e+02,3.818268855462050304e+00
8.030000000000000000e+02,3.862090578498127424e+00
8.040000000000000000e+02,3.851478294677937786e+00
8.050000000000000000e+02,3.869519878326512785e+00
8.060000000000000000e+02,3.702731066777665170e+00
8.070000000000000000e+02,3.932499539188682558e+00
8.080000000000000000e+02,3.691736448884580746e+00
8.090000000000000000e+02,3.675741670088284785e+00
8.100000000000000000e+02,3.997643568714461360e+00
8.110000000000000000e+02,3.713267479806524829e+00
8.120000000000000000e+02,3.576516602074128137e+00
8.130000000000000000e+02,3.490067444490884352e+00
8.140000000000000000e+02,3.474991253081265441e+00
8.150000000000000000e+02,3.630872976443400901e+00
8.160000000000000000e+02,3.841490354895430670e+00
8.170000000000000000e+02,3.880761629767591092e+00
8.180000000000000000e+02,3.826722774527798521e+00
8.190000000000000000e+02,3.902774040255140520e+00
8.200000000000000000e+02,4.095538485531244000e+00
8.210000000000000000e+02,3.864187350757281258e+00
8.220000000000000000e+02,3.576241282641827723e+00
8.230000000000000000e+02,3.779304658422149465e+00
8.240000000000000000e+02,3.877317855628757304e+00
8.250000000000000000e+02,3.493990893402143527e+00
8.260000000000000000e+02,3.712069359276094715e+00
8.270000000000000000e+02,3.614198964293358962e+00
8.280000000000000000e+02,3.828744062110478907e+00
8.290000000000000000e+02,3.890745403856492590e+00
8.300000000000000000e+02,3.532398197896351455e+00
8.310000000000000000e+02,3.576357739093939170e+00
8.320000000000000000e+02,3.751282216717630735e+00
8.330000000000000000e+02,3.768210086498512634e+00
8.340000000000000000e+02,3.624890459494814365e+00
8.350000000000000000e+02,3.772050137931838520e+00
8.360000000000000000e+02,4.006108798869470355e+00
8.370000000000000000e+02,3.611089706952031353e+00
8.380000000000000000e+02,4.151252153670721867e+00
8.390000000000000000e+02,3.482572548620995523e+00
8.400000000000000000e+02,3.712025333326596677e+00
8.410000000000000000e+02,3.833064423175680080e+00
8.420000000000000000e+02,3.728077440494700134e+00
8.430000000000000000e+02,3.725539386284490107e+00
8.440000000000000000e+02,3.469173904506745565e+00
8.450000000000000000e+02,3.922358244757322421e+00
8.460000000000000000e+02,3.632732200132254619e+00
8.470000000000000000e+02,3.608763179348182248e+00
8.480000000000000000e+02,3.834301412339607751e+00
8.490000000000000000e+02,3.640607687140078763e+00
8.500000000000000000e+02,3.896070942527977810e+00
8.510000000000000000e+02,3.810847009437041244e+00
8.520000000000000000e+02,3.832468124723259262e+00
8.530000000000000000e+02,3.748082924766241053e+00
8.540000000000000000e+02,3.562276926751286155e+00
8.550000000000000000e+02,3.760274415771363898e+00
8.560000000000000000e+02,3.424997435610882768e+00
8.570000000000000000e+02,3.451715364856625001e+00
8.580000000000000000e+02,3.379440072759581248e+00
8.590000000000000000e+02,3.769123524548552595e+00
8.600000000000000000e+02,3.861094611471928673e+00
8.610000000000000000e+02,3.503818284480946676e+00
8.620000000000000000e+02,3.798419790281665875e+00
8.630000000000000000e+02,3.990800754485305468e+00
8.640000000000000000e+02,3.591481755777937490e+00
8.650000000000000000e+02,3.936832230610239236e+00
8.660000000000000000e+02,3.666270678190199916e+00
8.670000000000000000e+02,3.697298831416992559e+00
8.680000000000000000e+02,3.641906468794904317e+00
8.690000000000000000e+02,3.382165286264669390e+00
8.700000000000000000e+02,3.860020228099320327e+00
8.710000000000000000e+02,3.851934911340861856e+00
8.720000000000000000e+02,3.678435508731183745e+00
8.730000000000000000e+02,3.717338652356049877e+00
8.740000000000000000e+02,3.973584026318178974e+00
8.750000000000000000e+02,3.959017295648037837e+00
8.760000000000000000e+02,3.304504095839526645e+00
8.770000000000000000e+02,3.771739731578245269e+00
8.780000000000000000e+02,3.407559169002796207e+00
8.790000000000000000e+02,3.958776627187952091e+00
8.800000000000000000e+02,3.835532642544684290e+00
8.810000000000000000e+02,3.641060296805171514e+00
8.820000000000000000e+02,3.422180296800475752e+00
8.830000000000000000e+02,3.614834705091382716e+00
8.840000000000000000e+02,3.865408685653680898e+00
8.850000000000000000e+02,3.811896487460088689e+00
8.860000000000000000e+02,3.769394472571407917e+00
8.870000000000000000e+02,3.864308855568110435e+00
8.880000000000000000e+02,3.934442400666322115e+00
8.890000000000000000e+02,3.609720073310173305e+00
8.900000000000000000e+02,3.835236466071707540e+00
8.910000000000000000e+02,3.897888589163547302e+00
8.920000000000000000e+02,3.839775555215793723e+00
8.930000000000000000e+02,3.551064195911033394e+00
8.940000000000000000e+02,4.021879914838788928e+00
8.950000000000000000e+02,3.815091119725449786e+00
8.960000000000000000e+02,3.713982472525303447e+00
8.970000000000000000e+02,3.761033963596056573e+00
8.980000000000000000e+02,3.532367953238624292e+00
8.990000000000000000e+02,3.538051945725821490e+00
9.000000000000000000e+02,3.717470153332122607e+00
9.010000000000000000e+02,3.635521905240173268e+00
9.020000000000000000e+02,3.963281205082862524e+00
9.030000000000000000e+02,3.926966063397382634e+00
9.040000000000000000e+02,3.950426685315249653e+00
9.050000000000000000e+02,3.602939549040863110e+00
9.060000000000000000e+02,3.912135868042551756e+00
9.070000000000000000e+02,3.622222031235549977e+00
9.080000000000000000e+02,4.074860544847726196e+00
9.090000000000000000e+02,3.791634397874882101e+00
9.100000000000000000e+02,3.875955635841366043e+00
9.110000000000000000e+02,3.966094147391184155e+00
9.120000000000000000e+02,3.985014104924552658e+00
9.130000000000000000e+02,3.357978143110631031e+00
9.140000000000000000e+02,3.600294762907156443e+00
9.150000000000000000e+02,3.889469586073988072e+00
9.160000000000000000e+02,3.621792652993036654e+00
9.170000000000000000e+02,3.976664984768307320e+00
9.180000000000000000e+02,3.679436858318748893e+00
9.190000000000000000e+02,3.766530275751807100e+00
9.200000000000000000e+02,3.831653039988328846e+00
9.210000000000000000e+02,3.749701018922782847e+00
9.220000000000000000e+02,3.612043539765310118e+00
9.230000000000000000e+02,3.689741106545675997e+00
9.240000000000000000e+02,3.700509276740934439e+00
9.250000000000000000e+02,3.759059892146149995e+00
9.260000000000000000e+02,3.609544252954303367e+00
9.270000000000000000e+02,3.615773489061417489e+00
9.280000000000000000e+02,3.768693129372567618e+00
9.290000000000000000e+02,3.791868267825420968e+00
9.300000000000000000e+02,3.639645126766749783e+00
9.310000000000000000e+02,3.688665972927780867e+00
9.320000000000000000e+02,3.685518000591209820e+00
9.330000000000000000e+02,3.965535769981221481e+00
9.340000000000000000e+02,3.610877851036824016e+00
9.350000000000000000e+02,3.739057379784100466e+00
9.360000000000000000e+02,3.708964995754649774e+00
9.370000000000000000e+02,3.751382693973202898e+00
9.380000000000000000e+02,3.624931968666864179e+00
9.390000000000000000e+02,3.678395467707759714e+00
9.400000000000000000e+02,3.761909141435356485e+00
9.410000000000000000e+02,3.807069776273476425e+00
9.420000000000000000e+02,3.901594142092856377e+00
9.430000000000000000e+02,3.715891854097078451e+00
9.440000000000000000e+02,3.745422175365167305e+00
9.450000000000000000e+02,3.659019361613733423e+00
9.460000000000000000e+02,3.793527432211647010e+00
9.470000000000000000e+02,3.675962989320712637e+00
9.480000000000000000e+02,3.576762373266326289e+00
9.490000000000000000e+02,3.962575545514924080e+00
9.500000000000000000e+02,3.725849899276333588e+00
9.510000000000000000e+02,3.624315197362572238e+00
9.520000000000000000e+02,3.512221235389067608e+00
9.530000000000000000e+02,3.692479136715726806e+00
9.540000000000000000e+02,3.662368817355237560e+00
9.550000000000000000e+02,3.809427005309795611e+00
9.560000000000000000e+02,3.596322127504226529e+00
9.570000000000000000e+02,3.504100750178278822e+00
9.580000000000000000e+02,3.552509292663073914e+00
9.590000000000000000e+02,3.957967547896972693e+00
9.600000000000000000e+02,3.699191212062208578e+00
9.610000000000000000e+02,3.747154643448266320e+00
9.620000000000000000e+02,3.700559708055397135e+00
9.630000000000000000e+02,3.902748809445089506e+00
9.640000000000000000e+02,3.837124641585636375e+00
9.650000000000000000e+02,3.833608248299234855e+00
9.660000000000000000e+02,3.545478235101475750e+00
9.670000000000000000e+02,3.670369213260942676e+00
9.680000000000000000e+02,3.757449125274082036e+00
9.690000000000000000e+02,3.747706663268665306e+00
9.700000000000000000e+02,3.710253008429165167e+00
9.710000000000000000e+02,3.711984880367670048e+00
9.720000000000000000e+02,3.662270159772009315e+00
9.730000000000000000e+02,3.573998220182867946e+00
9.740000000000000000e+02,3.909880612907123076e+00
9.750000000000000000e+02,3.787585149873651691e+00
9.760000000000000000e+02,3.786354101301407038e+00
9.770000000000000000e+02,3.672143314927246216e+00
9.780000000000000000e+02,3.586528093828997399e+00
9.790000000000000000e+02,3.628938276340749614e+00
9.800000000000000000e+02,3.653939807658610039e+00
9.810000000000000000e+02,3.757798646861253644e+00
9.820000000000000000e+02,3.595731968210810869e+00
9.830000000000000000e+02,3.595186880263114837e+00
9.840000000000000000e+02,3.825649673318521682e+00
9.850000000000000000e+02,3.716908733074905768e+00
9.860000000000000000e+02,3.691420807560971795e+00
9.870000000000000000e+02,3.818555601069270722e+00
9.880000000000000000e+02,3.648106875542725724e+00
9.890000000000000000e+02,3.748246953967770967e+00
9.900000000000000000e+02,3.714572616487256784e+00
9.910000000000000000e+02,3.532371288081565641e+00
9.920000000000000000e+02,3.937839304257771733e+00
9.930000000000000000e+02,3.673320250949328347e+00
9.940000000000000000e+02,3.749070076155963882e+00
9.950000000000000000e+02,3.603796473268197964e+00
9.960000000000000000e+02,3.876080168126494918e+00
9.970000000000000000e+02,3.505080943391372106e+00
9.980000000000000000e+02,3.769857570963030646e+00
9.990000000000000000e+02,3.714223871983285630e+00
1.000000000000000000e+03,3.517648211511450462e+00
1.001000000000000000e+03,3.950998450076789403e+00
1.002000000000000000e+03,3.619110215520168872e+00
1.003000000000000000e+03,3.813160688189767278e+00
1.004000000000000000e+03,3.728840607893510128e+00
1.005000000000000000e+03,3.964160190648798210e+00
1.006000000000000000e+03,3.664270136968666325e+00
1.007000000000000000e+03,3.744701106917890598e+00
1.008000000000000000e+03,3.695303740846429541e+00
1.009000000000000000e+03,3.924323925220209119e+00
1.010000000000000000e+03,3.544335423670644580e+00
1.011000000000000000e+03,3.933445585486014640e+00
1.012000000000000000e+03,3.337935060800862441e+00
1.013000000000000000e+03,3.672072336120650871e+00
1.014000000000000000e+03,3.449096939367801706e+00
1.015000000000000000e+03,3.826619803624561111e+00
1.016000000000000000e+03,3.563822183141257760e+00
1.017000000000000000e+03,3.792544220978713465e+00
1.018000000000000000e+03,3.758630533936456519e+00
1.019000000000000000e+03,3.610103568394189999e+00
1.020000000000000000e+03,3.777596534454743527e+00
1.021000000000000000e+03,3.776246900331486689e+00
1.022000000000000000e+03,3.897847238492285538e+00
1.023000000000000000e+03,3.582237763572975631e+00
1.024000000000000000e+03,3.609142705396438888e+00
1.025000000000000000e+03,3.566254983023803948e+00
1.026000000000000000e+03,3.499717381117977144e+00
1.027000000000000000e+03,3.644378064296610820e+00
1.028000000000000000e+03,4.010162424910623358e+00
1.029000000000000000e+03,3.667558498482080154e+00
1.030000000000000000e+03,3.706210105321755321e+00
1.031000000000000000e+03,4.047854228712844282e+00
1.032000000000000000e+03,3.619247884279618965e+00
1.033000000000000000e+03,4.073433809800628858e+00
1.034000000000000000e+03,3.412269218213618061e+00
1.035000000000000000e+03,4.077711668774502307e+00
1.036000000000000000e+03,4.013579460127877141e+00
1.037000000000000000e+03,3.395088313247428324e+00
1.038000000000000000e+03,3.782895785159765545e+00
1.039000000000000000e+03,3.459593103100811806e+00
1.040000000000000000e+03,3.783038641489349541e+00
1.041000000000000000e+03,3.958463767306313219e+00
1.042000000000000000e+03,3.590289118957402881e+00
1.043000000000000000e+03,3.596867070026713797e+00
1.044000000000000000e+03,3.863473187948168519e+00
1.045000000000000000e+03,3.522010131012462075e+00
1.046000000000000000e+03,3.768142398001247173e+00
1.047000000000000000e+03,3.468167815203652804e+00
1.048000000000000000e+03,3.956462365269222570e+00
1.049000000000000000e+03,3.868917243673464235e+00
1.050000000000000000e+03,3.794033828306133227e+00
1.051000000000000000e+03,3.710229883127789119e+00
1.052000000000000000e+03,3.569256494424864812e+00
1.053000000000000000e+03,3.788245952956479368e+00
1.054000000000000000e+03,3.529739859645669053e+00
1.055000000000000000e+03,3.590617628836015207e+00
1.056000000000000000e+03,4.110807113381550693e+00
1.057000000000000000e+03,3.828658326812752755e+00
1.058000000000000000e+03,3.860515101722999276e+00
1.059000000000000000e+03,3.914960428203221987e+00
1.060000000000000000e+03,3.438658022080285370e+00
1.061000000000000000e+03,3.755218020077425667e+00
1.062000000000000000e+03,3.394203846675184266e+00
1.063000000000000000e+03,3.512015461585161091e+00
1.064000000000000000e+03,3.712957640375751822e+00
1.065000000000000000e+03,3.650230926198779535e+00
1.066000000000000000e+03,3.757779503049543557e+00
1.067000000000000000e+03,3.714223228586433834e+00
1.068000000000000000e+03,3.657268833986309975e+00
1.069000000000000000e+03,3.764553963725777219e+00
1.070000000000000000e+03,3.436623386780256251e+00
1.071000000000000000e+03,3.676392775604985008e+00
1.072000000000000000e+03,3.632359350010545995e+00
1.073000000000000000e+03,3.569280296815957598e+00
1.074000000000000000e+03,3.711119238793760378e+00
1.075000000000000000e+03,3.655700040516693061e+00
1.076000000000000000e+03,3.764034232248544498e+00
1.077000000000000000e+03,3.760286288325056070e+00
1.078000000000000000e+03,3.446571732563312285e+00
1.079000000000000000e+03,3.482027337189248950e+00
1.080000000000000000e+03,3.839133551394419808e+00
1.081000000000000000e+03,3.341340264874034904e+00
1.082000000000000000e+03,3.604940068583110779e+00
1.083000000000000000e+03,3.794183017048826212e+00
1.084000000000000000e+03,3.384073247732396705e+00
1.085000000000000000e+03,3.758397593885566934e+00
1.086000000000000000e+03,3.798220286599995887e+00
1.087000000000000000e+03,3.627013254323329772e+00
1.088000000000000000e+03,3.720189083498058213e+00
1.089000000000000000e+03,3.560155307657749013e+00
1.090000000000000000e+03,3.719783025050098502e+00
1.091000000000000000e+03,3.574911866125223270e+00
1.092000000000000000e+03,3.579873919054640474e+00
1.093000000000000000e+03,3.512477536761466013e+00
1.094000000000000000e+03,3.760560593377277883e+00
1.095000000000000000e+03,3.531794834880344958e+00
1.096000000000000000e+03,3.840110974082613815e+00
1.097000000000000000e+03,3.651677340992050436e+00
1.098000000000000000e+03,3.731915349716428132e+00
1.099000000000000000e+03,4.024404166744257161e+00
1.100000000000000000e+03,4.179292040974757150e+00
1.101000000000000000e+03,3.240744692384121883e+00
1.102000000000000000e+03,4.004558330982685987e+00
1.103000000000000000e+03,3.767063502042016676e+00
1.104000000000000000e+03,3.974942141339805168e+00
1.105000000000000000e+03,3.567844064481114685e+00
1.106000000000000000e+03,3.642566056503938832e+00
1.107000000000000000e+03,3.618229367805174679e+00
1.108000000000000000e+03,3.771203699008756516e+00
1.109000000000000000e+03,3.634291711695121219e+00
1.110000000000000000e+03,3.836097633242964378e+00
1.111000000000000000e+03,3.907644136454732742e+00
1.112000000000000000e+03,3.962713779677058845e+00
1.113000000000000000e+03,3.854086609211579528e+00
1.114000000000000000e+03,3.679567851918787103e+00
1.115000000000000000e+03,3.741571824113893996e+00
1.116000000000000000e+03,3.831852952851357852e+00
1.117000000000000000e+03,4.042022682883069429e+00
1.118000000000000000e+03,3.910313183374336088e+00
1.119000000000000000e+03,3.773177958032387203e+00
1.120000000000000000e+03,3.549651066685686196e+00
1.121000000000000000e+03,3.798834162751670185e+00
1.122000000000000000e+03,3.740766522347186207e+00
1.123000000000000000e+03,3.888267535671768638e+00
1.124000000000000000e+03,3.974942431818923261e+00
1.125000000000000000e+03,3.884369263222413604e+00
1.126000000000000000e+03,3.578731189996425588e+00
1.127000000000000000e+03,3.625003533047794768e+00
1.128000000000000000e+03,3.687425505525979919e+00
1.129000000000000000e+03,3.974442866876087610e+00
1.130000000000000000e+03,4.009794012119479945e+00
1.131000000000000000e+03,3.626925171966035588e+00
1.132000000000000000e+03,3.703594230842150559e+00
1.133000000000000000e+03,3.669518730439473408e+00
1.134000000000000000e+03,3.815611694950598931e+00
1.135000000000000000e+03,3.576906153379330267e+00
1.136000000000000000e+03,3.792485913170507317e+00
1.137000000000000000e+03,3.599872313312975969e+00
1.138000000000000000e+03,3.748235407201793379e+00
1.139000000000000000e+03,3.973678173453145224e+00
1.140000000000000000e+03,3.778609183569988428e+00
1.141000000000000000e+03,3.650265832734830962e+00
1.142000000000000000e+03,3.575391145879919019e+00
1.143000000000000000e+03,3.640223078898752185e+00
1.144000000000000000e+03,3.869908039795047383e+00
1.145000000000000000e+03,3.911813290034741541e+00
1.146000000000000000e+03,3.798960095464880560e+00
1.147000000000000000e+03,3.925972185553795679e+00
1.148000000000000000e+03,3.949875340393127487e+00
1.149000000000000000e+03,3.462088037751205771e+00
1.150000000000000000e+03,4.031330251741723103e+00
1.151000000000000000e+03,3.368068392101676967e+00
1.152000000000000000e+03,3.377504575639661777e+00
1.153000000000000000e+03,3.782157650570309837e+00
1.154000000000000000e+03,3.773051823455185971e+00
1.155000000000000000e+03,3.691355018441438318e+00
1.156000000000000000e+03,3.665409948356106895e+00
1.157000000000000000e+03,3.608636034477371357e+00
1.158000000000000000e+03,3.550263568626846222e+00
1.159000000000000000e+03,3.947361663802828602e+00
1.160000000000000000e+03,3.710548507202741764e+00
1.161000000000000000e+03,3.902472325922945906e+00
1.162000000000000000e+03,3.942352812492629255e+00
1.163000000000000000e+03,3.826864834712495167e+00
1.164000000000000000e+03,3.777011694194897906e+00
1.165000000000000000e+03,3.686243110848608673e+00
1.166000000000000000e+03,3.723009398148866556e+00
1.167000000000000000e+03,3.862202424921171495e+00
1.168000000000000000e+03,3.649472816175121537e+00
1.169000000000000000e+03,3.821886266425644774e+00
1.170000000000000000e+03,3.768809231091056589e+00
1.171000000000000000e+03,3.597063233275691108e+00
1.172000000000000000e+03,3.631620919694796612e+00
1.173000000000000000e+03,3.718385458613016947e+00
1.174000000000000000e+03,3.827118127190669128e+00
1.175000000000000000e+03,4.381777634713025726e+00
1.176000000000000000e+03,4.081407912844940533e+00
1.177000000000000000e+03,4.001738617227744932e+00
1.178000000000000000e+03,3.835986331981764419e+00
1.179000000000000000e+03,3.414520995559204852e+00
1.180000000000000000e+03,3.729076509493801428e+00
1.181000000000000000e+03,4.018430570257817358e+00
1.182000000000000000e+03,3.479412720564547090e+00
1.183000000000000000e+03,3.833578561563817821e+00
1.184000000000000000e+03,3.643855414332013876e+00
1.185000000000000000e+03,3.973668859480903315e+00
1.186000000000000000e+03,4.005693559400627102e+00
1.187000000000000000e+03,3.816796896039178488e+00
1.188000000000000000e+03,4.009279786301617854e+00
1.189000000000000000e+03,3.830564754350768375e+00
1.190000000000000000e+03,3.831150108908463192e+00
1.191000000000000000e+03,3.672706440850778797e+00
1.192000000000000000e+03,3.696078237342066863e+00
1.193000000000000000e+03,3.653322745167273844e+00
1.194000000000000000e+03,3.712160449498547621e+00
1.195000000000000000e+03,3.850485643329953689e+00
1.196000000000000000e+03,3.535117678365426563e+00
1.197000000000000000e+03,3.877224691919567423e+00
1.198000000000000000e+03,3.860251649474598423e+00
1.199000000000000000e+03,3.751000621796036771e+00
1.200000000000000000e+03,3.862888134485791714e+00
1.201000000000000000e+03,3.717469770861903999e+00
1.202000000000000000e+03,3.745870095598795135e+00
1.203000000000000000e+03,3.793366918699605517e+00
1.204000000000000000e+03,3.838416691084963972e+00
1.205000000000000000e+03,3.817034651978670201e+00
1.206000000000000000e+03,3.516193710171556130e+00
1.207000000000000000e+03,3.767716461717490972e+00
1.208000000000000000e+03,3.924878312335911001e+00
1.209000000000000000e+03,3.433531668900772438e+00
1.210000000000000000e+03,3.688371449212121789e+00
1.211000000000000000e+03,3.582565483844145415e+00
1.212000000000000000e+03,3.980845338625912166e+00
1.213000000000000000e+03,4.047752484134798934e+00
1.214000000000000000e+03,3.769176643741766419e+00
1.215000000000000000e+03,3.855184156192811518e+00
1.216000000000000000e+03,3.752420755675403896e+00
1.217000000000000000e+03,3.731838907036772124e+00
1.218000000000000000e+03,3.947263152533029285e+00
1.219000000000000000e+03,3.775256667678600131e+00
1.220000000000000000e+03,3.801228893644996720e+00
1.221000000000000000e+03,3.898647774413793954e+00
1.222000000000000000e+03,3.880022124895782021e+00
1.223000000000000000e+03,3.581887300041579181e+00
1.224000000000000000e+03,3.918207898262830113e+00
1.225000000000000000e+03,3.596342996136640657e+00
1.226000000000000000e+03,3.561869016087117146e+00
1.227000000000000000e+03,3.625937997310531902e+00
1.228000000000000000e+03,3.349176525002481863e+00
1.229000000000000000e+03,3.507937458944571318e+00
1.230000000000000000e+03,3.435315580972022165e+00
1.231000000000000000e+03,3.578756593677194342e+00
1.232000000000000000e+03,3.665882156583646800e+00
1.233000000000000000e+03,3.643253703406394095e+00
1.234000000000000000e+03,3.649442104639521123e+00
1.235000000000000000e+03,3.511487062685529903e+00
1.236000000000000000e+03,3.596220304293822778e+00
1.237000000000000000e+03,3.663052416200554884e+00
1.238000000000000000e+03,3.559083004467687772e+00
1.239000000000000000e+03,3.791869797477279480e+00
1.240000000000000000e+03,3.661072438899771075e+00
1.241000000000000000e+03,3.733178557411172882e+00
1.242000000000000000e+03,3.514413113116121590e+00
1.243000000000000000e+03,3.811819400344130582e+00
1.244000000000000000e+03,3.556904118544372828e+00
1.245000000000000000e+03,3.670621412276038775e+00
1.246000000000000000e+03,3.778012728121667774e+00
1.247000000000000000e+03,3.676962380323970603e+00
1.248000000000000000e+03,3.607547457162719073e+00
1.249000000000000000e+03,3.535283286445257023e+00
1.250000000000000000e+03,3.734506885118825004e+00
1.251000000000000000e+03,3.864059296192827286e+00
1.252000000000000000e+03,3.502368666323959268e+00
1.253000000000000000e+03,3.613524996472205597e+00
1.254000000000000000e+03,3.818806665570806835e+00
1.255000000000000000e+03,4.150457869397526700e+00
1.256000000000000000e+03,3.679755578852411446e+00
1.257000000000000000e+03,3.755152919562897207e+00
1.258000000000000000e+03,3.645870016785485390e+00
1.259000000000000000e+03,3.450855168471103074e+00
1.260000000000000000e+03,3.919832601479994683e+00
1.261000000000000000e+03,3.832557955742637024e+00
1.262000000000000000e+03,3.690226030670350710e+00
1.263000000000000000e+03,3.676055076894432450e+00
1.264000000000000000e+03,3.764149034145401806e+00
1.265000000000000000e+03,3.650955470833928018e+00
1.266000000000000000e+03,3.608306638822989854e+00
1.267000000000000000e+03,3.963262171443602710e+00
1.268000000000000000e+03,3.452715723299319972e+00
1.269000000000000000e+03,4.032726153722304474e+00
1.270000000000000000e+03,3.657069001286084031e+00
1.271000000000000000e+03,3.567876678268207868e+00
1.272000000000000000e+03,3.652501404387683337e+00
1.273000000000000000e+03,3.353414803906224595e+00
1.274000000000000000e+03,3.485246078281190485e+00
1.275000000000000000e+03,3.905435643731053563e+00
1.276000000000000000e+03,3.965325595981445517e+00
1.277000000000000000e+03,3.618623346155054765e+00
1.278000000000000000e+03,3.711049812266603354e+00
1.279000000000000000e+03,3.388961217576875296e+00
1.280000000000000000e+03,3.777757428616639324e+00
1.281000000000000000e+03,3.892302615342344119e+00
1.282000000000000000e+03,3.675898162958377569e+00
1.283000000000000000e+03,3.803022938493080929e+00
1.284000000000000000e+03,3.829216653074474230e+00
1.285000000000000000e+03,3.801741748325038639e+00
1.286000000000000000e+03,3.725694586100132266e+00
1.287000000000000000e+03,3.674990653407854246e+00
1.288000000000000000e+03,3.633519676418249134e+00
1.289000000000000000e+03,3.559543353926009956e+00
1.290000000000000000e+03,3.566686154285537924e+00
1.291000000000000000e+03,3.481134358666430284e+00
1.292000000000000000e+03,3.796753429288684423e+00
1.293000000000000000e+03,3.500961016000520232e+00
1.294000000000000000e+03,3.692790184735099235e+00
1.295000000000000000e+03,3.573281854852369932e+00
1.296000000000000000e+03,3.699462418259858332e+00
1.297000000000000000e+03,3.386058489927864734e+00
1.298000000000000000e+03,4.032816364550892985e+00
1.299000000000000000e+03,3.695440698493859699e+00
1.300000000000000000e+03,3.892136810505794298e+00
1.301000000000000000e+03,3.782667444298639214e+00
1.302000000000000000e+03,3.773396843079219742e+00
1.303000000000000000e+03,3.838435283771366002e+00
1.304000000000000000e+03,3.749265005703076525e+00
1.305000000000000000e+03,3.677266699978442244e+00
1.306000000000000000e+03,3.757392165559743979e+00
1.307000000000000000e+03,3.798485378751174313e+00
1.308000000000000000e+03,3.871697645443138658e+00
1.309000000000000000e+03,3.729752582812590145e+00
1.310000000000000000e+03,3.751436852414136602e+00
1.311000000000000000e+03,3.691625403657748272e+00
1.312000000000000000e+03,3.445182982591203924e+00
1.313000000000000000e+03,3.431193811133132598e+00
1.314000000000000000e+03,3.950396233283396619e+00
1.315000000000000000e+03,3.951332820894649434e+00
1.316000000000000000e+03,3.790237880136340998e+00
1.317000000000000000e+03,3.854215297660195105e+00
1.318000000000000000e+03,3.675624883793901176e+00
1.319000000000000000e+03,3.776618526747413274e+00
1.320000000000000000e+03,3.518308336765563205e+00
1.321000000000000000e+03,3.976328061890503474e+00
1.322000000000000000e+03,3.705178116098426067e+00
1.323000000000000000e+03,3.998019023619107326e+00
1.324000000000000000e+03,3.642253236323926835e+00
1.325000000000000000e+03,3.620886331409753023e+00
1.326000000000000000e+03,3.896822252651055862e+00
1.327000000000000000e+03,3.631787493091667596e+00
1.328000000000000000e+03,3.762396942892429763e+00
1.329000000000000000e+03,3.611978159154923596e+00
1.330000000000000000e+03,3.707967580065337998e+00
1.331000000000000000e+03,3.554943282774863711e+00
1.332000000000000000e+03,3.894608451589189446e+00
1.333000000000000000e+03,3.635111730192833512e+00
1.334000000000000000e+03,3.827068362394755674e+00
1.335000000000000000e+03,3.614983450491902062e+00
1.336000000000000000e+03,3.634308410074396978e+00
1.337000000000000000e+03,3.980943977634524344e+00
1.338000000000000000e+03,3.990538790309571926e+00
1.339000000000000000e+03,3.614065271435243254e+00
1.340000000000000000e+03,3.677352270879037377e+00
1.341000000000000000e+03,3.780598936459038661e+00
1.342000000000000000e+03,3.821659021496837116e+00
1.343000000000000000e+03,3.737273415610532723e+00
1.344000000000000000e+03,3.905229185725931806e+00
1.345000000000000000e+03,3.523207891903361588e+00
1.346000000000000000e+03,3.410394802911743461e+00
1.347000000000000000e+03,3.911825521062338051e+00
1.348000000000000000e+03,3.527865503510445144e+00
1.349000000000000000e+03,3.778099016528033260e+00
1.350000000000000000e+03,3.608652536800242228e+00
1.351000000000000000e+03,3.682860473298945170e+00
1.352000000000000000e+03,4.030756338182158949e+00
1.353000000000000000e+03,3.577518294839337365e+00
1.354000000000000000e+03,3.427889238116756054e+00
1.355000000000000000e+03,3.881278135220182612e+00
1.356000000000000000e+03,3.806897922637364928e+00
1.357000000000000000e+03,3.795115392893687378e+00
1.358000000000000000e+03,3.802825629179785505e+00
1.359000000000000000e+03,3.533649542082988315e+00
1.360000000000000000e+03,3.541968234648805502e+00
1.361000000000000000e+03,3.609422117413378484e+00
1.362000000000000000e+03,3.962254170172542000e+00
1.363000000000000000e+03,3.800243681693383113e+00
1.364000000000000000e+03,3.703772178747358979e+00
1.365000000000000000e+03,3.799986480112690135e+00
1.366000000000000000e+03,3.834432999357612282e+00
1.367000000000000000e+03,3.733237985844616524e+00
1.368000000000000000e+03,3.594292704233574831e+00
1.369000000000000000e+03,3.897564872602558239e+00
1.370000000000000000e+03,3.974262716927705164e+00
1.371000000000000000e+03,3.696052170167962281e+00
1.372000000000000000e+03,3.716113045046300023e+00
1.373000000000000000e+03,3.773311730705156020e+00
1.374000000000000000e+03,3.649869846126263084e+00
1.375000000000000000e+03,4.023002043585617749e+00
1.376000000000000000e+03,3.508289868344769857e+00
1.377000000000000000e+03,3.718091111606119270e+00
1.378000000000000000e+03,3.644628815623648155e+00
1.379000000000000000e+03,3.704344504496676738e+00
1.380000000000000000e+03,3.599528981638925984e+00
1.381000000000000000e+03,3.752419829255789541e+00
1.382000000000000000e+03,3.798055054857351287e+00
1.383000000000000000e+03,3.769512310268802402e+00
1.384000000000000000e+03,3.485389270054212396e+00
1.385000000000000000e+03,3.724895779621170799e+00
1.386000000000000000e+03,3.526478037090645667e+00
1.387000000000000000e+03,3.887481730196042484e+00
1.388000000000000000e+03,3.659009789293247827e+00
1.389000000000000000e+03,3.933629971979196505e+00
1.390000000000000000e+03,3.780059805987835198e+00
1.391000000000000000e+03,3.829633074842810014e+00
1.392000000000000000e+03,3.835189894908339170e+00
1.393000000000000000e+03,3.866362910469284042e+00
1.394000000000000000e+03,3.966006501468819057e+00
1.395000000000000000e+03,4.045963992250890762e+00
1.396000000000000000e+03,3.862729586891357592e+00
1.397000000000000000e+03,3.646849582733065365e+00
1.398000000000000000e+03,3.528136079963936744e+00
1.399000000000000000e+03,3.584247483627106767e+00
1.400000000000000000e+03,3.427163901362965781e+00
1.401000000000000000e+03,3.788703923009443031e+00
1.402000000000000000e+03,3.693427555253714800e+00
1.403000000000000000e+03,3.824177811255861759e+00
1.404000000000000000e+03,4.041708257927059122e+00
1.405000000000000000e+03,3.591421770416455495e+00
1.406000000000000000e+03,4.141162073434393243e+00
1.407000000000000000e+03,3.753757998887373049e+00
1.408000000000000000e+03,3.741383806135234469e+00
1.409000000000000000e+03,3.792260457938462892e+00
1.410000000000000000e+03,3.751793023449201403e+00
1.411000000000000000e+03,3.672860588787885128e+00
1.412000000000000000e+03,3.646264450975811311e+00
1.413000000000000000e+03,3.707656778358877414e+00
1.414000000000000000e+03,3.524123940212359418e+00
1.415000000000000000e+03,3.866751560453940417e+00
1.416000000000000000e+03,3.637330772121484035e+00
1.417000000000000000e+03,3.651684747174306800e+00
1.418000000000000000e+03,3.973275776851640462e+00
1.419000000000000000e+03,3.574732909789625435e+00
1.420000000000000000e+03,3.657465961406693999e+00
1.421000000000000000e+03,3.389306666407731594e+00
1.422000000000000000e+03,4.109882166389028590e+00
1.423000000000000000e+03,3.656872074299009512e+00
1.424000000000000000e+03,3.916637249990007508e+00
1.425000000000000000e+03,4.019128689524601228e+00
1.426000000000000000e+03,3.777517128286317583e+00
1.427000000000000000e+03,3.453973102727193822e+00
1.428000000000000000e+03,4.248639585230306714e+00
1.429000000000000000e+03,3.461540397815388470e+00
1.430000000000000000e+03,3.704867131944059366e+00
1.431000000000000000e+03,3.743783698003567917e+00
1.432000000000000000e+03,3.610190911053467122e+00
1.433000000000000000e+03,3.861610314195130567e+00
1.434000000000000000e+03,3.601983756027077543e+00
1.435000000000000000e+03,3.617286296308682036e+00
1.436000000000000000e+03,3.592994385872004592e+00
1.437000000000000000e+03,3.880147763765603219e+00
1.438000000000000000e+03,3.971440196309602655e+00
1.439000000000000000e+03,3.669628440203802633e+00
1.440000000000000000e+03,3.992071643143342730e+00
1.441000000000000000e+03,3.405255619904071995e+00
1.442000000000000000e+03,3.913819809047881737e+00
1.443000000000000000e+03,3.822824793997219306e+00
1.444000000000000000e+03,4.006829679110765596e+00
1.445000000000000000e+03,3.880143544334130112e+00
1.446000000000000000e+03,4.150142073913290375e+00
1.447000000000000000e+03,3.935101039940422929e+00
1.448000000000000000e+03,3.750868086504070664e+00
1.449000000000000000e+03,3.702297068330421936e+00
1.450000000000000000e+03,3.909380473706109971e+00
1.451000000000000000e+03,3.656271027445836985e+00
1.452000000000000000e+03,3.590056058408591877e+00
1.453000000000000000e+03,3.852040093405499022e+00
1.454000000000000000e+03,3.884343952173213488e+00
1.455000000000000000e+03,3.809744774152240332e+00
1.456000000000000000e+03,3.769636668246330036e+00
1.457000000000000000e+03,3.533993077249227177e+00
1.458000000000000000e+03,3.829080440690898701e+00
1.459000000000000000e+03,3.875086580321765783e+00
1.460000000000000000e+03,3.425432713577615917e+00
1.461000000000000000e+03,3.512067091043077127e+00
1.462000000000000000e+03,3.919614511184378980e+00
1.463000000000000000e+03,4.002831257635023121e+00
1.464000000000000000e+03,4.041999960094131872e+00
1.465000000000000000e+03,3.489253579601373723e+00
1.466000000000000000e+03,3.709808597373647210e+00
1.467000000000000000e+03,3.753738215401515532e+00
1.468000000000000000e+03,4.043222605771782163e+00
1.469000000000000000e+03,3.643379982428569974e+00
1.470000000000000000e+03,3.792670129109680488e+00
1.471000000000000000e+03,3.792164866476158913e+00
1.472000000000000000e+03,3.619906995488236134e+00
1.473000000000000000e+03,3.650078782405060007e+00
1.474000000000000000e+03,4.011850979204919732e+00
1.475000000000000000e+03,3.580619602570040527e+00
1.476000000000000000e+03,4.099048863563650613e+00
1.477000000000000000e+03,4.037414547141386478e+00
1.478000000000000000e+03,3.421890738492689987e+00
1.479000000000000000e+03,4.024490193467135768e+00
1.480000000000000000e+03,4.111260549758394056e+00
1.481000000000000000e+03,3.691380847131153775e+00
1.482000000000000000e+03,3.656982162646955636e+00
1.483000000000000000e+03,3.872919674813275481e+00
1.484000000000000000e+03,3.595126972712033631e+00
1.485000000000000000e+03,3.913155633029165248e+00
1.486000000000000000e+03,3.668955121223187454e+00
1.487000000000000000e+03,3.599300758678807721e+00
1.488000000000000000e+03,3.667859995907404524e+00
1.489000000000000000e+03,3.611941692197015996e+00
1.490000000000000000e+03,3.828176690127477855e+00
1.491000000000000000e+03,3.895567859161967572e+00
1.492000000000000000e+03,3.513395321365652357e+00
1.493000000000000000e+03,3.922864696784715388e+00
1.494000000000000000e+03,3.964460731558795192e+00
1.495000000000000000e+03,3.723031313768988770e+00
1.496000000000000000e+03,3.286335889316281289e+00
1.497000000000000000e+03,3.958678494651889590e+00
1.498000000000000000e+03,3.527036230361480840e+00
1.499000000000000000e+03,3.503415346637574146e+00
1.500000000000000000e+03,3.785188132505585390e+00
1.501000000000000000e+03,3.824352133849831858e+00
1.502000000000000000e+03,3.606228907285464302e+00
1.503000000000000000e+03,3.774571691454930100e+00
1.504000000000000000e+03,3.756052178664328167e+00
1.505000000000000000e+03,3.754167810980920894e+00
1.506000000000000000e+03,3.973495245131380305e+00
1.507000000000000000e+03,3.571776303844809153e+00
1.508000000000000000e+03,3.563033128291004381e+00
1.509000000000000000e+03,3.860976449723453552e+00
1.510000000000000000e+03,3.512778695685391028e+00
1.511000000000000000e+03,3.719538749222914387e+00
1.512000000000000000e+03,3.588145090339641463e+00
1.513000000000000000e+03,3.748767112555686065e+00
1.514000000000000000e+03,3.670821664213991475e+00
1.515000000000000000e+03,4.042442420853653573e+00
1.516000000000000000e+03,3.489553212898294010e+00
1.517000000000000000e+03,3.340970494454348572e+00
1.518000000000000000e+03,4.031918730588508915e+00
1.519000000000000000e+03,3.551013193593432593e+00
1.520000000000000000e+03,3.780308878371764436e+00
1.521000000000000000e+03,3.442286776331934028e+00
1.522000000000000000e+03,3.627867437895391234e+00
1.523000000000000000e+03,3.622221431710374251e+00
1.524000000000000000e+03,3.745299565221058113e+00
1.525000000000000000e+03,3.914761232983997807e+00
1.526000000000000000e+03,3.559703694171685751e+00
1.527000000000000000e+03,3.515721643244996475e+00
1.528000000000000000e+03,3.338570408204974083e+00
1.529000000000000000e+03,3.704574732805557602e+00
1.530000000000000000e+03,3.753028866611411551e+00
1.531000000000000000e+03,3.871400652152054978e+00
1.532000000000000000e+03,3.794261435572515939e+00
1.533000000000000000e+03,3.730493719579740741e+00
1.534000000000000000e+03,3.943177115398179389e+00
1.535000000000000000e+03,3.854492303632358841e+00
1.536000000000000000e+03,4.028422189589907276e+00
1.537000000000000000e+03,3.693075191990494943e+00
1.538000000000000000e+03,3.787637658934414286e+00
1.539000000000000000e+03,3.812008676943025698e+00
1.540000000000000000e+03,3.813377890439291651e+00
1.541000000000000000e+03,3.768641376914068974e+00
1.542000000000000000e+03,3.871010311969016016e+00
1.543000000000000000e+03,3.526858244350964178e+00
1.544000000000000000e+03,3.903016399559323890e+00
1.545000000000000000e+03,3.550345206786434726e+00
1.546000000000000000e+03,3.509751085422982531e+00
1.547000000000000000e+03,3.966052943022232657e+00
1.548000000000000000e+03,3.977960716842894318e+00
1.549000000000000000e+03,3.759059623981889420e+00
1.550000000000000000e+03,3.899687604128443397e+00
1.551000000000000000e+03,3.820018843360236449e+00
1.552000000000000000e+03,3.637094717797180188e+00
1.553000000000000000e+03,3.608063510430048471e+00
1.554000000000000000e+03,3.632656122289992240e+00
1.555000000000000000e+03,3.849168184388118252e+00
1.556000000000000000e+03,3.767717653528389388e+00
1.557000000000000000e+03,3.626505891313008600e+00
1.558000000000000000e+03,3.959862555762900360e+00
1.559000000000000000e+03,3.755988366438463011e+00
1.560000000000000000e+03,3.685226353344907668e+00
1.561000000000000000e+03,4.185446476071753352e+00
1.562000000000000000e+03,3.860494393217804188e+00
1.563000000000000000e+03,4.073925933777706732e+00
1.564000000000000000e+03,3.695336944920563749e+00
1.565000000000000000e+03,3.974501041744332053e+00
1.566000000000000000e+03,4.156456365611893133e+00
1.567000000000000000e+03,3.514867814843694038e+00
1.568000000000000000e+03,3.310681211828647719e+00
1.569000000000000000e+03,3.755007333272053049e+00
1.570000000000000000e+03,3.695051920931524680e+00
1.571000000000000000e+03,3.897684246852527679e+00
1.572000000000000000e+03,3.658204572631200691e+00
1.573000000000000000e+03,3.861111731260951085e+00
1.574000000000000000e+03,3.654319121496035994e+00
1.575000000000000000e+03,3.948653620839861933e+00
1.576000000000000000e+03,3.602000512525554754e+00
1.577000000000000000e+03,3.597211044770093125e+00
1.578000000000000000e+03,3.911357457008984184e+00
1.579000000000000000e+03,4.029218173083338073e+00
1.580000000000000000e+03,3.673798306323019069e+00
1.581000000000000000e+03,4.011059186894677886e+00
1.582000000000000000e+03,3.969451089141225797e+00
1.583000000000000000e+03,3.764685250373536185e+00
1.584000000000000000e+03,4.177255548614212444e+00
1.585000000000000000e+03,3.645511857864078387e+00
1.586000000000000000e+03,4.015278771478533848e+00
1.587000000000000000e+03,3.775984970038588795e+00
1.588000000000000000e+03,3.741264835820205636e+00
1.589000000000000000e+03,3.494854125882429052e+00
1.590000000000000000e+03,3.657619781956922722e+00
1.591000000000000000e+03,4.131408542900352643e+00
1.592000000000000000e+03,3.513921796742108139e+00
1.593000000000000000e+03,3.804518243264405353e+00
1.594000000000000000e+03,3.944522368078961172e+00
1.595000000000000000e+03,3.808073350291634185e+00
1.596000000000000000e+03,3.734292190147088686e+00
1.597000000000000000e+03,3.945633422263819856e+00
1.598000000000000000e+03,3.654219144779899953e+00
1.599000000000000000e+03,3.537858366281940725e+00
1.600000000000000000e+03,3.923156486156162082e+00
1.601000000000000000e+03,3.730845459502359240e+00
1.602000000000000000e+03,4.049789365812436870e+00
1.603000000000000000e+03,4.041952253140262741e+00
1.604000000000000000e+03,3.783717608652370501e+00
1.605000000000000000e+03,3.611122459120049477e+00
1.606000000000000000e+03,3.818247160105770810e+00
1.607000000000000000e+03,3.760286314062792901e+00
1.608000000000000000e+03,3.549387984684635899e+00
1.609000000000000000e+03,3.696782517045621219e+00
1.610000000000000000e+03,3.680654065308719858e+00
1.611000000000000000e+03,3.703154880269987181e+00
1.612000000000000000e+03,3.865207206825609809e+00
1.613000000000000000e+03,3.794493308635808138e+00
1.614000000000000000e+03,3.928593897224846643e+00
1.615000000000000000e+03,3.916200766665288491e+00
1.616000000000000000e+03,3.951932912566947120e+00
1.617000000000000000e+03,3.774289962057693959e+00
1.618000000000000000e+03,4.028507444731541653e+00
1.619000000000000000e+03,3.789031941501993739e+00
1.620000000000000000e+03,3.815075005435162314e+00
1.621000000000000000e+03,3.842758580882373654e+00
1.622000000000000000e+03,3.662112963228215445e+00
1.623000000000000000e+03,3.743835620006835008e+00
1.624000000000000000e+03,3.897153203538237243e+00
1.625000000000000000e+03,3.753295598768669361e+00
1.626000000000000000e+03,3.801695348490937487e+00
1.627000000000000000e+03,3.809773989116914450e+00
1.628000000000000000e+03,3.563895287611579032e+00
1.629000000000000000e+03,3.744661663522003803e+00
1.630000000000000000e+03,3.508442645663725656e+00
1.631000000000000000e+03,3.873006404449450546e+00
1.632000000000000000e+03,3.736266301783993438e+00
1.633000000000000000e+03,3.904780472275124925e+00
1.634000000000000000e+03,3.314441179076490496e+00
1.635000000000000000e+03,3.957833386060722436e+00
1.636000000000000000e+03,3.421173798939934674e+00
1.637000000000000000e+03,3.785257994671463067e+00
1.638000000000000000e+03,3.740970789144784536e+00
1.639000000000000000e+03,4.007974047666273520e+00
1.640000000000000000e+03,3.671830713246723832e+00
1.641000000000000000e+03,3.885249765860117055e+00
1.642000000000000000e+03,3.935665627663404553e+00
1.643000000000000000e+03,3.710045899097107913e+00
1.644000000000000000e+03,3.377039795213085061e+00
1.645000000000000000e+03,3.734863845516427805e+00
1.646000000000000000e+03,3.776623695464868646e+00
1.647000000000000000e+03,3.510089625691082293e+00
1.648000000000000000e+03,4.000430961567529309e+00
1.649000000000000000e+03,3.540809933676206001e+00
1.650000000000000000e+03,3.761207330232408719e+00
1.651000000000000000e+03,3.801205033321052085e+00
1.652000000000000000e+03,3.916475226379323438e+00
1.653000000000000000e+03,3.569376629810173451e+00
1.654000000000000000e+03,3.675689423833503611e+00
1.655000000000000000e+03,3.672974918467059702e+00
1.656000000000000000e+03,3.527545765904918973e+00
1.657000000000000000e+03,4.064813898507597223e+00
1.658000000000000000e+03,3.680056830020401293e+00
1.659000000000000000e+03,3.889616088699242802e+00
1.660000000000000000e+03,3.893608696288350490e+00
1.661000000000000000e+03,3.553542468343692473e+00
1.662000000000000000e+03,3.934003291765445276e+00
1.663000000000000000e+03,3.846660994055736360e+00
1.664000000000000000e+03,3.878021463849153694e+00
1.665000000000000000e+03,3.717096355809875519e+00
1.666000000000000000e+03,3.583296451905458646e+00
1.667000000000000000e+03,3.512327820949904478e+00
1.668000000000000000e+03,3.834171918867829376e+00
1.669000000000000000e+03,3.635820768042405504e+00
1.670000000000000000e+03,3.485461470360068592e+00
1.671000000000000000e+03,3.922144547014053018e+00
1.672000000000000000e+03,3.911425636116974580e+00
1.673000000000000000e+03,3.619073785626693240e+00
1.674000000000000000e+03,3.654694369493040718e+00
1.675000000000000000e+03,3.567158875187270262e+00
1.676000000000000000e+03,3.707272873985368644e+00
1.677000000000000000e+03,3.864707017156245872e+00
1.678000000000000000e+03,3.933976472353135190e+00
1.679000000000000000e+03,3.787825868061703627e+00
1.680000000000000000e+03,4.057046420587829161e+00
1.681000000000000000e+03,3.767104995648534072e+00
1.682000000000000000e+03,3.832634302054686248e+00
1.683000000000000000e+03,3.903170944223782968e+00
1.684000000000000000e+03,3.711380537727280604e+00
1.685000000000000000e+03,3.732010554557852799e+00
1.686000000000000000e+03,3.722042832098638510e+00
1.687000000000000000e+03,3.681170033962267052e+00
1.688000000000000000e+03,3.656423750163710462e+00
1.689000000000000000e+03,3.327620979472882823e+00
1.690000000000000000e+03,3.811787010900441253e+00
1.691000000000000000e+03,3.606851484452066714e+00
1.692000000000000000e+03,3.912808514275701643e+00
1.693000000000000000e+03,3.893563683188618452e+00
1.694000000000000000e+03,3.747918467298902545e+00
1.695000000000000000e+03,4.014691116148081385e+00
1.696000000000000000e+03,3.796579574158589043e+00
1.697000000000000000e+03,3.437271824156096667e+00
1.698000000000000000e+03,3.816474508674370547e+00
1.699000000000000000e+03,3.803065257325486836e+00
1.700000000000000000e+03,3.887478679468422182e+00
1.701000000000000000e+03,3.698171862392408471e+00
1.702000000000000000e+03,3.563166833316576021e+00
1.703000000000000000e+03,3.690850526437096768e+00
1.704000000000000000e+03,3.867177461913568148e+00
1.705000000000000000e+03,3.785038427906287417e+00
1.706000000000000000e+03,3.759142372883547800e+00
1.707000000000000000e+03,3.834603379251061650e+00
1.708000000000000000e+03,3.944846134555075157e+00
1.709000000000000000e+03,3.807484216259560572e+00
1.710000000000000000e+03,3.694442305377293234e+00
1.711000000000000000e+03,3.443526144201314310e+00
1.712000000000000000e+03,4.046573434683208070e+00
1.713000000000000000e+03,3.885921566193318188e+00
1.714000000000000000e+03,3.499509675477069592e+00
1.715000000000000000e+03,4.038021040844924414e+00
1.716000000000000000e+03,3.720906323169264507e+00
1.717000000000000000e+03,4.057598821657630417e+00
1.718000000000000000e+03,3.424159156342338139e+00
1.719000000000000000e+03,3.519663692511968645e+00
1.720000000000000000e+03,3.817396393294326895e+00
1.721000000000000000e+03,4.072883237453970295e+00
1.722000000000000000e+03,3.674662601331209810e+00
1.723000000000000000e+03,3.719903514376400544e+00
1.724000000000000000e+03,3.602195478660318972e+00
1.725000000000000000e+03,4.024316084644502745e+00
1.726000000000000000e+03,3.620825359625057249e+00
1.727000000000000000e+03,3.844850913465089448e+00
1.728000000000000000e+03,3.592625567861059910e+00
1.729000000000000000e+03,3.861555104070047317e+00
1.730000000000000000e+03,3.710794365534964001e+00
1.731000000000000000e+03,3.323355434865158387e+00
1.732000000000000000e+03,3.829440032761811441e+00
1.733000000000000000e+03,3.784397649045815992e+00
1.734000000000000000e+03,3.942335161245256181e+00
1.735000000000000000e+03,3.674036746307743240e+00
1.736000000000000000e+03,3.676717623489809572e+00
1.737000000000000000e+03,3.802445406641846493e+00
1.738000000000000000e+03,3.599357000634604731e+00
1.739000000000000000e+03,3.973010475825331067e+00
1.740000000000000000e+03,3.800352200110265422e+00
1.741000000000000000e+03,3.991285747050552946e+00
1.742000000000000000e+03,3.861460315672867960e+00
1.743000000000000000e+03,3.558014988943112744e+00
1.744000000000000000e+03,3.406977364934024699e+00
1.745000000000000000e+03,3.852204886626875879e+00
1.746000000000000000e+03,3.591659418887961586e+00
1.747000000000000000e+03,3.806766897588266918e+00
1.748000000000000000e+03,3.659315751001147810e+00
1.749000000000000000e+03,3.917970727914385609e+00
1.750000000000000000e+03,3.317249431122561099e+00
1.751000000000000000e+03,3.749085311044592306e+00
1.752000000000000000e+03,3.867852923840085833e+00
1.753000000000000000e+03,3.503089095934210917e+00
1.754000000000000000e+03,3.744030577919034375e+00
1.755000000000000000e+03,3.455528542684880300e+00
1.756000000000000000e+03,3.923453827315571463e+00
1.757000000000000000e+03,3.768267608180353001e+00
1.758000000000000000e+03,3.632954643079514767e+00
1.759000000000000000e+03,3.886920195780646292e+00
1.760000000000000000e+03,3.684472211348761128e+00
1.761000000000000000e+03,4.053350533841524772e+00
1.762000000000000000e+03,3.673642868326977506e+00
1.763000000000000000e+03,3.605798395292016068e+00
1.764000000000000000e+03,3.467772379682731554e+00
1.765000000000000000e+03,3.810516339775644301e+00
1.766000000000000000e+03,3.871422634806391372e+00
1.767000000000000000e+03,3.787575128035205463e+00
1.768000000000000000e+03,3.570421281148923764e+00
1.769000000000000000e+03,3.725216123920523259e+00
1.770000000000000000e+03,3.620432694129215090e+00
1.771000000000000000e+03,3.450101421709772076e+00
1.772000000000000000e+03,3.776678448279491285e+00
1.773000000000000000e+03,3.542098362661200817e+00
1.774000000000000000e+03,3.903318740123036257e+00
1.775000000000000000e+03,3.575289079194372555e+00
1.776000000000000000e+03,3.668584528710365333e+00
1.777000000000000000e+03,3.947735687779491798e+00
1.778000000000000000e+03,3.760561618126738281e+00
1.779000000000000000e+03,3.703396557705723957e+00
1.780000000000000000e+03,3.726689690642849495e+00
1.781000000000000000e+03,3.581550075786167131e+00
1.782000000000000000e+03,3.651867630468214276e+00
1.783000000000000000e+03,3.846256417186311172e+00
1.784000000000000000e+03,3.769845892726962244e+00
1.785000000000000000e+03,3.607152179879887566e+00
1.786000000000000000e+03,3.550437095068437188e+00
1.787000000000000000e+03,3.280176324118221132e+00
1.788000000000000000e+03,3.789525833300554147e+00
1.789000000000000000e+03,3.427955020566985755e+00
1.790000000000000000e+03,4.017200734328429057e+00
1.791000000000000000e+03,3.944787069803321167e+00
1.792000000000000000e+03,3.882345309129241251e+00
1.793000000000000000e+03,3.714352259893450192e+00
1.794000000000000000e+03,3.479903615277958995e+00
1.795000000000000000e+03,3.585338876303916233e+00
1.796000000000000000e+03,3.518257109559242313e+00
1.797000000000000000e+03,4.040550916438137463e+00
1.798000000000000000e+03,3.798006713674399126e+00
1.799000000000000000e+03,3.890240073657863284e+00
1.800000000000000000e+03,3.630046201988103682e+00
1.801000000000000000e+03,3.661157817044963458e+00
1.802000000000000000e+03,3.708584826959206104e+00
1.803000000000000000e+03,3.765788894080008831e+00
1.804000000000000000e+03,3.643598799535446631e+00
1.805000000000000000e+03,3.380013560080695978e+00
1.806000000000000000e+03,3.913529094846993850e+00
1.807000000000000000e+03,3.723507662090440817e+00
1.808000000000000000e+03,4.090884577782564868e+00
1.809000000000000000e+03,3.308439539976919974e+00
1.810000000000000000e+03,3.755763296953171348e+00
1.811000000000000000e+03,3.737726826579440775e+00
1.812000000000000000e+03,3.880638462678838607e+00
1.813000000000000000e+03,4.006945178002486507e+00
1.814000000000000000e+03,3.501358552752786846e+00
1.815000000000000000e+03,3.939530233397281034e+00
1.816000000000000000e+03,3.949111605714672457e+00
1.817000000000000000e+03,3.701420849341635400e+00
1.818000000000000000e+03,3.851519379209376037e+00
1.819000000000000000e+03,3.838920840646376842e+00
1.820000000000000000e+03,3.738301079630722779e+00
1.821000000000000000e+03,3.880424134695102723e+00
1.822000000000000000e+03,3.610246827704953088e+00
1.823000000000000000e+03,3.975143012762934802e+00
1.824000000000000000e+03,3.546496658771562061e+00
1.825000000000000000e+03,3.693474089173200525e+00
1.826000000000000000e+03,3.412039344835976262e+00
1.827000000000000000e+03,3.662051447892178402e+00
1.828000000000000000e+03,3.517495959440208431e+00
1.829000000000000000e+03,3.874674351830772689e+00
1.830000000000000000e+03,3.860379556529232481e+00
1.831000000000000000e+03,3.567610559507993884e+00
1.832000000000000000e+03,3.564914118087973094e+00
1.833000000000000000e+03,3.963795370700149867e+00
1.834000000000000000e+03,3.667336324679708159e+00
1.835000000000000000e+03,3.581003834027026933e+00
1.836000000000000000e+03,3.792099302626921187e+00
1.837000000000000000e+03,4.134609599140732783e+00
1.838000000000000000e+03,3.428925460266912140e+00
1.839000000000000000e+03,3.626818296070221326e+00
1.840000000000000000e+03,3.374237010186456498e+00
1.841000000000000000e+03,3.433209643454762539e+00
1.842000000000000000e+03,3.663083940411029804e+00
1.843000000000000000e+03,3.655646095599656586e+00
1.844000000000000000e+03,3.766140386679112773e+00
1.845000000000000000e+03,4.029446265440113528e+00
1.846000000000000000e+03,3.497042088987535546e+00
1.847000000000000000e+03,3.749907779361199456e+00
1.848000000000000000e+03,3.688126192957777771e+00
1.849000000000000000e+03,3.787120955837542713e+00
1.850000000000000000e+03,3.495446857577016786e+00
1.851000000000000000e+03,3.642433911697911419e+00
1.852000000000000000e+03,3.648277687389197332e+00
1.853000000000000000e+03,3.751278602819944297e+00
1.854000000000000000e+03,3.852822388120390684e+00
1.855000000000000000e+03,3.432386577921382020e+00
1.856000000000000000e+03,3.791162817003690844e+00
1.857000000000000000e+03,4.009013139696980588e+00
1.858000000000000000e+03,4.006893411647698855e+00
1.859000000000000000e+03,3.699581893030789104e+00
1.860000000000000000e+03,3.802949055002464274e+00
1.861000000000000000e+03,3.667096404505675089e+00
1.862000000000000000e+03,3.576300668771537072e+00
1.863000000000000000e+03,3.719941623841859890e+00
1.864000000000000000e+03,3.508283323800674758e+00
1.865000000000000000e+03,3.589181609771161519e+00
1.866000000000000000e+03,3.663631701452340739e+00
1.867000000000000000e+03,3.734213813408955307e+00
1.868000000000000000e+03,3.833052994022680071e+00
1.869000000000000000e+03,3.885006347592343978e+00
1.870000000000000000e+03,3.772871793162989817e+00
1.871000000000000000e+03,3.624792678503474086e+00
1.872000000000000000e+03,3.636454276038916245e+00
1.873000000000000000e+03,3.745090383306207915e+00
1.874000000000000000e+03,3.934947116720659110e+00
1.875000000000000000e+03,3.863519665362603384e+00
1.876000000000000000e+03,3.898568887611208122e+00
1.877000000000000000e+03,4.069244900379588081e+00
1.878000000000000000e+03,3.494790979503346939e+00
1.879000000000000000e+03,3.727828846465457868e+00
1.880000000000000000e+03,3.524993008206073419e+00
1.881000000000000000e+03,4.068018526350089203e+00
1.882000000000000000e+03,3.976189401108475963e+00
1.883000000000000000e+03,3.614272754099677964e+00
1.884000000000000000e+03,3.701725003888570953e+00
1.885000000000000000e+03,3.960760888123907364e+00
1.886000000000000000e+03,4.019339405801924947e+00
1.887000000000000000e+03,3.786828847644712948e+00
1.888000000000000000e+03,3.694684386028666889e+00
1.889000000000000000e+03,3.743035430297861677e+00
1.890000000000000000e+03,3.758341316237908902e+00
1.891000000000000000e+03,4.043429884858635859e+00
1.892000000000000000e+03,3.755699141258160179e+00
1.893000000000000000e+03,3.790957403797217573e+00
1.894000000000000000e+03,3.644395876608559348e+00
1.895000000000000000e+03,3.421422155093476469e+00
1.896000000000000000e+03,4.030239720399997339e+00
1.897000000000000000e+03,3.677789489965879621e+00
1.898000000000000000e+03,4.013008934538799366e+00
1.899000000000000000e+03,3.774877625352949462e+00
1.900000000000000000e+03,3.503237721480710221e+00
1.901000000000000000e+03,3.964304891758165805e+00
1.902000000000000000e+03,3.666376897645064581e+00
1.903000000000000000e+03,3.826227246285163197e+00
1.904000000000000000e+03,4.023957859237652812e+00
1.905000000000000000e+03,3.731947402843237338e+00
1.906000000000000000e+03,3.834095995226213027e+00
1.907000000000000000e+03,3.382826629787185180e+00
1.908000000000000000e+03,3.719389813048193716e+00
1.909000000000000000e+03,3.739685381977034151e+00
1.910000000000000000e+03,3.701754642397878214e+00
1.911000000000000000e+03,3.750345675620525565e+00
1.912000000000000000e+03,3.871093411944889873e+00
1.913000000000000000e+03,3.642427389896627510e+00
1.914000000000000000e+03,3.925366201200594318e+00
1.915000000000000000e+03,3.714454662273957375e+00
1.916000000000000000e+03,3.846930939492641865e+00
1.917000000000000000e+03,3.956528074832057928e+00
1.918000000000000000e+03,3.464993281377043655e+00
1.919000000000000000e+03,3.454527846068255137e+00
1.920000000000000000e+03,3.782227585100148559e+00
1.921000000000000000e+03,3.913330256988661215e+00
1.922000000000000000e+03,3.973236231434280175e+00
1.923000000000000000e+03,3.566359128829970082e+00
1.924000000000000000e+03,3.563456180946425356e+00
1.925000000000000000e+03,3.577224752184169798e+00
1.926000000000000000e+03,3.567908657985103815e+00
1.927000000000000000e+03,3.553921968953273058e+00
1.928000000000000000e+03,3.865668852584999371e+00
1.929000000000000000e+03,3.553143991168712823e+00
1.930000000000000000e+03,3.962593050358352187e+00
1.931000000000000000e+03,3.550521451323918054e+00
1.932000000000000000e+03,3.666733955879520224e+00
1.933000000000000000e+03,3.606791753590977034e+00
1.934000000000000000e+03,3.556666666672372745e+00
1.935000000000000000e+03,3.716664109017107087e+00
1.936000000000000000e+03,3.457886844551885996e+00
1.937000000000000000e+03,3.805284060151697290e+00
1.938000000000000000e+03,3.747200844277051246e+00
1.939000000000000000e+03,3.923168980310667298e+00
1.940000000000000000e+03,3.893988947513380428e+00
1.941000000000000000e+03,3.515288353334552696e+00
1.942000000000000000e+03,3.831005489604744962e+00
1.943000000000000000e+03,3.733945301927096505e+00
1.944000000000000000e+03,3.614536003720136392e+00
1.945000000000000000e+03,3.924133769529419169e+00
1.946000000000000000e+03,3.729296942806766157e+00
1.947000000000000000e+03,3.440732597550386629e+00
1.948000000000000000e+03,3.657156582369665010e+00
1.949000000000000000e+03,3.863767789484105375e+00
1.950000000000000000e+03,3.816363263569166886e+00
1.951000000000000000e+03,3.565092192649040648e+00
1.952000000000000000e+03,3.704381626759217561e+00
1.953000000000000000e+03,3.874062337178009852e+00
1.954000000000000000e+03,3.370142158882874384e+00
1.955000000000000000e+03,3.693584356603832219e+00
1.956000000000000000e+03,3.820018769577195883e+00
1.957000000000000000e+03,3.432597434862548091e+00
1.958000000000000000e+03,3.988825934060484801e+00
1.959000000000000000e+03,3.622581349016224195e+00
1.960000000000000000e+03,3.436015360423430032e+00
1.961000000000000000e+03,3.890872104612673521e+00
1.962000000000000000e+03,3.814189340674670081e+00
1.963000000000000000e+03,3.968024965532613635e+00
1.964000000000000000e+03,3.744040820147508608e+00
1.965000000000000000e+03,4.062442031129037900e+00
1.966000000000000000e+03,3.429339647370299282e+00
1.967000000000000000e+03,3.654419059641470735e+00
1.968000000000000000e+03,3.603145596295147080e+00
1.969000000000000000e+03,3.578523526042438618e+00
1.970000000000000000e+03,3.808416889346474932e+00
1.971000000000000000e+03,4.073443350692606657e+00
1.972000000000000000e+03,3.707972838526063075e+00
1.973000000000000000e+03,3.891611655379263901e+00
1.974000000000000000e+03,3.597707085113602155e+00
1.975000000000000000e+03,4.032376558315609039e+00
1.976000000000000000e+03,3.876798597212653075e+00
1.977000000000000000e+03,3.649828853055401723e+00
1.978000000000000000e+03,3.898991618800883963e+00
1.979000000000000000e+03,3.875461615476494703e+00
1.980000000000000000e+03,3.754320333166560886e+00
1.981000000000000000e+03,3.727076153872419084e+00
1.982000000000000000e+03,3.194971453025345021e+00
1.983000000000000000e+03,3.660126262104110406e+00
1.984000000000000000e+03,3.766442968766723798e+00
1.985000000000000000e+03,3.779545593720044394e+00
1.986000000000000000e+03,3.911926513907129532e+00
1.987000000000000000e+03,3.769517611837315929e+00
1.988000000000000000e+03,3.520583607454694341e+00
1.989000000000000000e+03,3.782117086847240905e+00
1.990000000000000000e+03,3.739765975921359509e+00
1.991000000000000000e+03,3.722465103553393106e+00
1.992000000000000000e+03,3.595790236614373470e+00
1.993000000000000000e+03,3.740847039868157253e+00
1.994000000000000000e+03,3.591823572754941463e+00
1.995000000000000000e+03,3.931091102391650161e+00
1.996000000000000000e+03,3.655194651888504342e+00
1.997000000000000000e+03,3.750076205006129815e+00
1.998000000000000000e+03,3.995638198107069883e+00
1.999000000000000000e+03,3.749575956087729089e+00
2.000000000000000000e+03,3.522546763212073273e+00
2.001000000000000000e+03,3.640137422434406300e+00
2.002000000000000000e+03,3.341994196876189704e+00
2.003000000000000000e+03,3.688270254424963479e+00
2.004000000000000000e+03,3.708918098915096273e+00
2.005000000000000000e+03,3.470005050725610385e+00
2.006000000000000000e+03,3.574284365750287851e+00
2.007000000000000000e+03,3.623625851309353330e+00
2.008000000000000000e+03,3.586262379277955770e+00
2.009000000000000000e+03,3.894253812789147506e+00
2.010000000000000000e+03,3.494990678011354657e+00
2.011000000000000000e+03,3.618699551881078058e+00
2.012000000000000000e+03,3.781637473489786849e+00
2.013000000000000000e+03,3.218058466773886739e+00
2.014000000000000000e+03,3.394135500715080855e+00
2.015000000000000000e+03,3.683745374713809362e+00
2.016000000000000000e+03,3.817873823228543628e+00
2.017000000000000000e+03,4.075794408327378271e+00
2.018000000000000000e+03,3.838500899308034064e+00
2.019000000000000000e+03,3.583574787820150043e+00
2.020000000000000000e+03,3.762708884802063558e+00
2.021000000000000000e+03,3.534569190714855758e+00
2.022000000000000000e+03,3.673247164555481170e+00
2.023000000000000000e+03,3.575928936512068557e+00
2.024000000000000000e+03,3.647578865385062930e+00
2.025000000000000000e+03,3.795295578922067925e+00
2.026000000000000000e+03,3.824113706171340166e+00
2.027000000000000000e+03,3.763883125420978359e+00
2.028000000000000000e+03,3.653624935699574916e+00
2.029000000000000000e+03,3.796637832569220272e+00
2.030000000000000000e+03,3.662351935505768097e+00
2.031000000000000000e+03,3.660864615731514338e+00
2.032000000000000000e+03,3.611890328567502362e+00
2.033000000000000000e+03,3.983961407169571256e+00
2.034000000000000000e+03,3.809347598500435250e+00
2.035000000000000000e+03,3.136027600785782354e+00
2.036000000000000000e+03,3.656043746378638826e+00
2.037000000000000000e+03,3.825393453911735797e+00
2.038000000000000000e+03,3.616871157106253509e+00
2.039000000000000000e+03,3.557991907149086863e+00
2.040000000000000000e+03,3.644122268767565842e+00
2.041000000000000000e+03,3.838603580544551086e+00
2.042000000000000000e+03,3.533272447120340942e+00
2.043000000000000000e+03,3.494831717929889336e+00
2.044000000000000000e+03,3.511006145370765275e+00
2.045000000000000000e+03,3.779716978249804349e+00
2.046000000000000000e+03,3.786368251720144684e+00
2.047000000000000000e+03,3.698251907887236900e+00
2.048000000000000000e+03,3.989532966489822030e+00
2.049000000000000000e+03,3.617485334437705813e+00
2.050000000000000000e+03,3.661197627842096569e+00
2.051000000000000000e+03,3.463149588478932728e+00
2.052000000000000000e+03,3.774161119469214842e+00
2.053000000000000000e+03,3.438615389014834989e+00
2.054000000000000000e+03,3.890647798794500289e+00
2.055000000000000000e+03,3.654413503235847127e+00
2.056000000000000000e+03,3.701865002271125693e+00
2.057000000000000000e+03,3.582536885288938322e+00
2.058000000000000000e+03,3.507088156123911116e+00
2.059000000000000000e+03,3.892965667418446074e+00
2.060000000000000000e+03,3.794044268701783462e+00
2.061000000000000000e+03,3.522313603140403426e+00
2.062000000000000000e+03,4.107006447927426862e+00
2.063000000000000000e+03,3.699831639219218093e+00
2.064000000000000000e+03,3.247830530325745091e+00
2.065000000000000000e+03,3.671563162856874118e+00
2.066000000000000000e+03,3.849174563782453706e+00
2.067000000000000000e+03,3.630009301833229340e+00
2.068000000000000000e+03,3.866834551753572491e+00
2.069000000000000000e+03,3.937180446659464650e+00
2.070000000000000000e+03,3.441938119765198589e+00
2.071000000000000000e+03,4.067334704909716159e+00
2.072000000000000000e+03,3.653581013028451618e+00
2.073000000000000000e+03,3.805988128056456254e+00
2.074000000000000000e+03,3.819793566220119452e+00
2.075000000000000000e+03,3.702133133409025945e+00
2.076000000000000000e+03,3.875149919203700222e+00
2.077000000000000000e+03,3.668993477003513526e+00
2.078000000000000000e+03,3.751952142507546384e+00
2.079000000000000000e+03,3.849026430240778840e+00
2.080000000000000000e+03,3.770090773891677571e+00
2.081000000000000000e+03,4.001998553778119749e+00
2.082000000000000000e+03,4.020387074761316626e+00
2.083000000000000000e+03,3.866276778937133951e+00
2.084000000000000000e+03,3.760591113772725258e+00
2.085000000000000000e+03,3.762291713727382358e+00
2.086000000000000000e+03,3.618279633629947867e+00
2.087000000000000000e+03,3.866789775691205300e+00
2.088000000000000000e+03,4.082618758380823110e+00
2.089000000000000000e+03,3.779025452202934954e+00
2.090000000000000000e+03,3.534328328964195354e+00
2.091000000000000000e+03,3.611678837490535976e+00
2.092000000000000000e+03,3.794773356627369143e+00
2.093000000000000000e+03,3.578307303333323919e+00
2.094000000000000000e+03,3.917300498062411762e+00
2.095000000000000000e+03,3.563714475811723403e+00
2.096000000000000000e+03,3.375571424789390651e+00
2.097000000000000000e+03,4.097918140058808945e+00
2.098000000000000000e+03,3.785432381631662846e+00
2.099000000000000000e+03,3.915163685435000929e+00
2.100000000000000000e+03,3.608007056984980032e+00
2.101000000000000000e+03,3.944061762923939174e+00
2.102000000000000000e+03,3.829930612268447554e+00
2.103000000000000000e+03,3.661745094289888147e+00
2.104000000000000000e+03,3.711840165612673381e+00
2.105000000000000000e+03,3.693112167539226665e+00
2.106000000000000000e+03,3.522680249722179635e+00
2.107000000000000000e+03,3.846343558271645868e+00
2.108000000000000000e+03,3.899515780832353062e+00
2.109000000000000000e+03,3.466103902228389266e+00
2.110000000000000000e+03,3.751936877247760815e+00
2.111000000000000000e+03,3.998322118491294042e+00
2.112000000000000000e+03,3.477459202283657014e+00
2.113000000000000000e+03,3.618750545882452041e+00
2.114000000000000000e+03,3.811416932784813305e+00
2.115000000000000000e+03,4.103220970992292216e+00
2.116000000000000000e+03,3.741249392498073423e+00
2.117000000000000000e+03,3.803109934786233381e+00
2.118000000000000000e+03,3.799664377113981750e+00
2.119000000000000000e+03,3.481175860362937247e+00
2.120000000000000000e+03,3.875190970479581942e+00
2.121000000000000000e+03,3.698503136682659953e+00
2.122000000000000000e+03,3.813351596453029568e+00
2.123000000000000000e+03,3.707500003025582913e+00
2.124000000000000000e+03,3.774799724590110372e+00
2.125000000000000000e+03,3.659884753436904781e+00
2.126000000000000000e+03,3.735556006855875300e+00
2.127000000000000000e+03,3.676424312252950966e+00
2.128000000000000000e+03,3.961652548388972850e+00
2.129000000000000000e+03,3.922156443171598728e+00
2.130000000000000000e+03,3.792786406515280540e+00
2.131000000000000000e+03,3.620380499428443422e+00
2.132000000000000000e+03,3.499283867782257751e+00
2.133000000000000000e+03,3.780356453151183960e+00
2.134000000000000000e+03,3.907787452247442062e+00
2.135000000000000000e+03,3.480927934840781557e+00
2.136000000000000000e+03,3.598737288699035641e+00
2.137000000000000000e+03,3.600291365747314565e+00
2.138000000000000000e+03,3.699985402904581555e+00
2.139000000000000000e+03,3.487985778410890525e+00
2.140000000000000000e+03,3.966345970993148118e+00
2.141000000000000000e+03,4.100497113353830159e+00
2.142000000000000000e+03,3.824241620339574599e+00
2.143000000000000000e+03,3.905731347214937976e+00
2.144000000000000000e+03,3.472424378204017614e+00
2.145000000000000000e+03,3.699470273437950762e+00
2.146000000000000000e+03,3.810274744643753486e+00
2.147000000000000000e+03,3.767228793620764460e+00
2.148000000000000000e+03,3.866425881024892597e+00
2.149000000000000000e+03,3.515340213836895433e+00
2.150000000000000000e+03,3.744171773438151440e+00
2.151000000000000000e+03,3.879170901720767617e+00
2.152000000000000000e+03,3.782163556453904896e+00
2.153000000000000000e+03,3.646769946765132442e+00
2.154000000000000000e+03,3.934934881315112598e+00
2.155000000000000000e+03,3.673937555647397879e+00
2.156000000000000000e+03,3.607676278304434714e+00
2.157000000000000000e+03,3.799196826580117037e+00
2.158000000000000000e+03,3.679277263491483208e+00
2.159000000000000000e+03,3.857435286254957685e+00
2.160000000000000000e+03,3.443179300043212709e+00
2.161000000000000000e+03,3.615389774869419703e+00
2.162000000000000000e+03,4.081528656379765252e+00
2.163000000000000000e+03,4.058080078306766758e+00
2.164000000000000000e+03,3.845312091243649366e+00
2.165000000000000000e+03,3.572837666297423720e+00
2.166000000000000000e+03,3.717922170910382462e+00
2.167000000000000000e+03,3.889421225044438213e+00
2.168000000000000000e+03,3.619470328943211967e+00
2.169000000000000000e+03,4.095772822360935095e+00
2.170000000000000000e+03,3.840175423400116639e+00
2.171000000000000000e+03,3.677462462531597254e+00
2.172000000000000000e+03,3.892573993142894206e+00
2.173000000000000000e+03,3.717831673685983329e+00
2.174000000000000000e+03,3.668968240490882771e+00
2.175000000000000000e+03,4.133192353480119152e+00
2.176000000000000000e+03,3.594267553099565582e+00
2.177000000000000000e+03,3.782361571372798714e+00
2.178000000000000000e+03,4.015318760690069766e+00
2.179000000000000000e+03,3.603974808409588615e+00
2.180000000000000000e+03,3.685566859148200702e+00
2.181000000000000000e+03,4.091524586208856284e+00
2.182000000000000000e+03,3.559930811656921268e+00
2.183000000000000000e+03,4.092068572621589517e+00
2.184000000000000000e+03,3.928610784822638813e+00
2.185000000000000000e+03,3.884580850953795572e+00
2.186000000000000000e+03,3.508780355006686058e+00
2.187000000000000000e+03,3.779652384284155620e+00
2.188000000000000000e+03,3.669096355091760131e+00
2.189000000000000000e+03,4.107182116207173550e+00
2.190000000000000000e+03,3.651553532536131463e+00
2.191000000000000000e+03,3.754088789859815645e+00
2.192000000000000000e+03,3.744361247582450147e+00
2.193000000000000000e+03,3.239366774563586127e+00
2.194000000000000000e+03,3.797143181144376101e+00
2.195000000000000000e+03,3.832675649529724726e+00
2.196000000000000000e+03,3.677180628520198447e+00
2.197000000000000000e+03,3.754480246054075820e+00
2.198000000000000000e+03,3.800973965790991116e+00
2.199000000000000000e+03,3.656363897005665553e+00
2.200000000000000000e+03,3.752062553823487079e+00
2.201000000000000000e+03,3.578754646266566475e+00
2.202000000000000000e+03,3.666542998685981214e+00
2.203000000000000000e+03,3.719926668657326907e+00
2.204000000000000000e+03,3.563755272937369600e+00
2.205000000000000000e+03,3.678268739558230749e+00
2.206000000000000000e+03,3.588791231395458414e+00
2.207000000000000000e+03,3.969759252347881517e+00
2.208000000000000000e+03,3.997079564885941849e+00
2.209000000000000000e+03,4.026446880504477299e+00
2.210000000000000000e+03,3.706509201204810644e+00
2.211000000000000000e+03,3.838853915440596065e+00
2.212000000000000000e+03,3.625946502087157963e+00
2.213000000000000000e+03,3.739603835960664036e+00
2.214000000000000000e+03,3.718811351431648760e+00
2.215000000000000000e+03,3.466478597027114805e+00
2.216000000000000000e+03,3.811205643447459490e+00
2.217000000000000000e+03,3.856355424601366266e+00
2.218000000000000000e+03,3.889703023123538550e+00
2.219000000000000000e+03,3.845134252629495375e+00
2.220000000000000000e+03,3.918213820683001281e+00
2.221000000000000000e+03,3.695078179638716431e+00
2.222000000000000000e+03,3.921242619707003385e+00
2.223000000000000000e+03,3.902094132605038013e+00
2.224000000000000000e+03,3.313011053043178666e+00
2.225000000000000000e+03,3.864367560328251017e+00
2.226000000000000000e+03,3.779094159364950745e+00
2.227000000000000000e+03,3.883698196043083861e+00
2.228000000000000000e+03,3.603059707299782310e+00
2.229000000000000000e+03,3.791136302676380687e+00
2.230000000000000000e+03,3.746916712499958280e+00
2.231000000000000000e+03,3.715127890663610710e+00
2.232000000000000000e+03,3.702679187745859135e+00
2.233000000000000000e+03,3.572304205080211847e+00
2.234000000000000000e+03,3.681544424616015831e+00
2.235000000000000000e+03,3.487823468436915153e+00
2.236000000000000000e+03,3.702470651680468183e+00
2.237000000000000000e+03,3.643747349767518795e+00
2.238000000000000000e+03,3.904549601175008711e+00
2.239000000000000000e+03,3.898373966838439397e+00
2.240000000000000000e+03,4.052118113889971340e+00
2.241000000000000000e+03,3.425569707610684578e+00
2.242000000000000000e+03,3.849712258558739553e+00
2.243000000000000000e+03,4.020292095809561594e+00
2.244000000000000000e+03,3.691483050087627671e+00
2.245000000000000000e+03,3.719813837991892580e+00
2.246000000000000000e+03,3.491120396856571606e+00
2.247000000000000000e+03,3.650863272843033691e+00
2.248000000000000000e+03,3.753361856193161650e+00
2.249000000000000000e+03,3.903921710264777190e+00
2.250000000000000000e+03,3.648413690916514351e+00
2.251000000000000000e+03,3.895354610583335209e+00
2.252000000000000000e+03,3.773115900131305267e+00
2.253000000000000000e+03,3.717188019063893734e+00
2.254000000000000000e+03,3.923819310545683781e+00
2.255000000000000000e+03,3.558854708493580876e+00
2.256000000000000000e+03,3.763829540973788745e+00
2.257000000000000000e+03,3.736365822276606075e+00
2.258000000000000000e+03,3.860129577199458151e+00
2.259000000000000000e+03,3.857576546287564856e+00
2.260000000000000000e+03,3.273422706102571578e+00
2.261000000000000000e+03,3.661123272425783171e+00
2.262000000000000000e+03,3.628833615602337304e+00
2.263000000000000000e+03,3.676226589074066631e+00
2.264000000000000000e+03,3.578624911736611125e+00
2.265000000000000000e+03,4.015189840146397238e+00
2.266000000000000000e+03,3.942021384209224433e+00
2.267000000000000000e+03,4.088213680631476166e+00
2.268000000000000000e+03,4.054292240213183796e+00
2.269000000000000000e+03,4.124114576016555844e+00
2.270000000000000000e+03,3.871774161647712820e+00
2.271000000000000000e+03,3.945058983748542136e+00
2.272000000000000000e+03,3.847734241768128172e+00
2.273000000000000000e+03,3.938727894135123364e+00
2.274000000000000000e+03,3.665912746785558785e+00
2.275000000000000000e+03,3.765270188332813017e+00
2.276000000000000000e+03,3.696192603977277891e+00
2.277000000000000000e+03,3.747014974860606085e+00
2.278000000000000000e+03,3.603160052837949046e+00
2.279000000000000000e+03,3.984812949650043734e+00
2.280000000000000000e+03,3.835848154976658986e+00
2.281000000000000000e+03,3.683754046564216900e+00
2.282000000000000000e+03,3.786304820593861198e+00
2.283000000000000000e+03,3.959936780047273341e+00
2.284000000000000000e+03,3.818242004535865153e+00
2.285000000000000000e+03,3.703204877421337748e+00
2.286000000000000000e+03,3.627304947294802240e+00
2.287000000000000000e+03,3.521850102990159659e+00
2.288000000000000000e+03,3.771447109733827574e+00
2.289000000000000000e+03,3.947813180736724270e+00
2.290000000000000000e+03,3.867693626249671279e+00
2.291000000000000000e+03,3.786929026574973989e+00
2.292000000000000000e+03,3.822202479724003954e+00
2.293000000000000000e+03,3.529148916966849292e+00
2.294000000000000000e+03,3.531338786732999058e+00
2.295000000000000000e+03,3.783685602033634687e+00
2.296000000000000000e+03,3.558314181317133507e+00
2.297000000000000000e+03,3.613103249567814146e+00
2.298000000000000000e+03,3.617278459396587209e+00
2.299000000000000000e+03,3.679456982988072333e+00
2.300000000000000000e+03,3.207947431807263161e+00
2.301000000000000000e+03,3.786460937703828300e+00
2.302000000000000000e+03,3.597905970732480530e+00
2.303000000000000000e+03,3.725136867065300450e+00
2.304000000000000000e+03,3.863736351692526938e+00
2.305000000000000000e+03,3.811632355706131570e+00
2.306000000000000000e+03,4.002439338114466949e+00
2.307000000000000000e+03,3.421549767959123578e+00
2.308000000000000000e+03,3.801035331978618981e+00
2.309000000000000000e+03,3.947341948975487291e+00
2.310000000000000000e+03,4.108994336819780102e+00
2.311000000000000000e+03,3.914126744402188773e+00
2.312000000000000000e+03,3.671175986016169013e+00
2.313000000000000000e+03,3.974846828129673604e+00
2.314000000000000000e+03,3.847160594724929883e+00
2.315000000000000000e+03,3.639151281425241358e+00
2.316000000000000000e+03,3.620622474478447650e+00
2.317000000000000000e+03,3.755206533362523746e+00
2.318000000000000000e+03,3.546771098887933515e+00
2.319000000000000000e+03,3.993524031810857355e+00
2.320000000000000000e+03,3.882863419371505476e+00
2.321000000000000000e+03,3.414671150340213845e+00
2.322000000000000000e+03,3.359592562090670587e+00
2.323000000000000000e+03,3.957980940945780013e+00
2.324000000000000000e+03,3.638188444418208878e+00
2.325000000000000000e+03,3.580148128167984556e+00
2.326000000000000000e+03,3.818088774422954579e+00
2.327000000000000000e+03,3.882501043449466227e+00
2.328000000000000000e+03,3.540744201978438976e+00
2.329000000000000000e+03,3.859512684064247967e+00
2.330000000000000000e+03,3.626600878217873358e+00
2.331000000000000000e+03,3.635863436351100209e+00
2.332000000000000000e+03,3.770415062966410602e+00
2.333000000000000000e+03,3.592788682614752815e+00
2.334000000000000000e+03,3.955546917821534336e+00
2.335000000000000000e+03,3.798292856098523185e+00
2.336000000000000000e+03,3.771266589120348289e+00
2.337000000000000000e+03,3.591750388117033399e+00
2.338000000000000000e+03,3.837887857938451219e+00
2.339000000000000000e+03,4.137876141629194926e+00
2.340000000000000000e+03,3.938937376829836357e+00
2.341000000000000000e+03,3.633173593562456727e+00
2.342000000000000000e+03,3.580481135640106505e+00
2.343000000000000000e+03,3.900013474610464215e+00
2.344000000000000000e+03,3.600597106311797191e+00
2.345000000000000000e+03,3.945463523757391844e+00
2.346000000000000000e+03,4.122999377715185432e+00
2.347000000000000000e+03,3.841310865024863297e+00
2.348000000000000000e+03,3.591890126543613615e+00
2.349000000000000000e+03,3.767675526516875095e+00
2.350000000000000000e+03,3.616722680597900919e+00
2.351000000000000000e+03,3.634559804760644219e+00
2.352000000000000000e+03,3.648996764475997079e+00
2.353000000000000000e+03,3.539661925830186018e+00
2.354000000000000000e+03,4.046435816555923992e+00
2.355000000000000000e+03,3.590133969532898206e+00
2.356000000000000000e+03,3.477863978765320940e+00
2.357000000000000000e+03,3.939289303225146366e+00
2.358000000000000000e+03,3.906914708246064460e+00
2.359000000000000000e+03,3.661888681375138344e+00
2.360000000000000000e+03,3.703732402687682335e+00
2.361000000000000000e+03,3.881078561475096222e+00
2.362000000000000000e+03,3.699304366477616846e+00
2.363000000000000000e+03,3.678431830961318205e+00
2.364000000000000000e+03,3.770083092810652126e+00
2.365000000000000000e+03,3.584481396026919953e+00
2.366000000000000000e+03,3.595799228893860278e+00
2.367000000000000000e+03,3.733366827787522713e+00
2.368000000000000000e+03,3.649474870560033057e+00
2.369000000000000000e+03,3.795816400610255936e+00
2.370000000000000000e+03,3.976508895617253625e+00
2.371000000000000000e+03,3.768360293145028184e+00
2.372000000000000000e+03,3.522389539492014165e+00
2.373000000000000000e+03,3.980546133842993939e+00
2.374000000000000000e+03,3.587929269909304164e+00
2.375000000000000000e+03,3.912562963438773966e+00
2.376000000000000000e+03,3.873081263028713916e+00
2.377000000000000000e+03,3.686876534172540243e+00
2.378000000000000000e+03,3.926758815397767943e+00
2.379000000000000000e+03,3.623003636937472294e+00
2.380000000000000000e+03,3.351859538634959002e+00
2.381000000000000000e+03,3.814528189432345950e+00
2.382000000000000000e+03,3.875007495470184082e+00
2.383000000000000000e+03,3.691587730603613338e+00
2.384000000000000000e+03,3.814167076689510605e+00
2.385000000000000000e+03,3.783903400065060207e+00
2.386000000000000000e+03,3.721678112177849940e+00
2.387000000000000000e+03,3.631576351251655232e+00
2.388000000000000000e+03,3.758931659767682287e+00
2.389000000000000000e+03,3.706157511105922175e+00
2.390000000000000000e+03,3.935112876704222273e+00
2.391000000000000000e+03,3.684298703347697490e+00
2.392000000000000000e+03,3.538568053938770941e+00
2.393000000000000000e+03,3.769905337614885443e+00
2.394000000000000000e+03,3.763163410255935482e+00
2.395000000000000000e+03,3.771761467451691274e+00
2.396000000000000000e+03,3.788248184042100952e+00
2.397000000000000000e+03,3.977921084479027147e+00
2.398000000000000000e+03,3.665308360962033163e+00
2.399000000000000000e+03,3.521881595710540491e+00
2.400000000000000000e+03,3.766773900742924841e+00
2.401000000000000000e+03,3.747590045938609560e+00
2.402000000000000000e+03,4.239946180250888652e+00
2.403000000000000000e+03,3.728821694310207491e+00
2.404000000000000000e+03,3.468939897513323878e+00
2.405000000000000000e+03,3.621708446661716430e+00
2.406000000000000000e+03,3.664400512682055577e+00
2.407000000000000000e+03,4.075158164304820474e+00
2.408000000000000000e+03,3.929355616644182092e+00
2.409000000000000000e+03,3.912306181677654315e+00
2.410000000000000000e+03,3.526829313735288629e+00
2.411000000000000000e+03,3.917952653269780150e+00
2.412000000000000000e+03,3.855929325709451572e+00
2.413000000000000000e+03,3.744739733214648147e+00
2.414000000000000000e+03,3.802159336656971256e+00
2.415000000000000000e+03,4.151790847598582523e+00
2.416000000000000000e+03,3.704297985804418047e+00
2.417000000000000000e+03,3.913799309013334948e+00
2.418000000000000000e+03,4.097860089186522004e+00
2.419000000000000000e+03,3.628015104222933829e+00
2.420000000000000000e+03,3.795276781677030531e+00
2.421000000000000000e+03,3.227013136963092776e+00
2.422000000000000000e+03,3.599312426040854884e+00
2.423000000000000000e+03,3.733437728778651543e+00
2.424000000000000000e+03,3.841715850916151531e+00
2.425000000000000000e+03,3.873553886371672750e+00
2.426000000000000000e+03,3.708721353309171853e+00
2.427000000000000000e+03,3.890700727111864321e+00
2.428000000000000000e+03,3.707252617067207989e+00
2.429000000000000000e+03,3.880059907697473776e+00
2.430000000000000000e+03,3.830422394679402043e+00
2.431000000000000000e+03,3.780206632391807542e+00
2.432000000000000000e+03,3.694768187974519336e+00
2.433000000000000000e+03,3.733616574889173645e+00
2.434000000000000000e+03,3.704946744394084224e+00
2.435000000000000000e+03,3.454640160101791757e+00
2.436000000000000000e+03,3.662007698436062775e+00
2.437000000000000000e+03,3.930216182304223871e+00
2.438000000000000000e+03,3.500213226633998254e+00
2.439000000000000000e+03,3.833311551401934913e+00
2.440000000000000000e+03,3.875456254817867041e+00
2.441000000000000000e+03,3.822304993610403656e+00
2.442000000000000000e+03,3.462527570029732438e+00
2.443000000000000000e+03,3.573394994140859371e+00
2.444000000000000000e+03,3.874527288529026947e+00
2.445000000000000000e+03,3.508876808277106019e+00
2.446000000000000000e+03,3.745693032915673459e+00
2.447000000000000000e+03,3.860547369891778935e+00
2.448000000000000000e+03,3.898969606692701539e+00
2.449000000000000000e+03,3.819163927571183947e+00
2.450000000000000000e+03,3.922523662153861501e+00
2.451000000000000000e+03,3.606856022194265599e+00
2.452000000000000000e+03,3.642048087627908437e+00
2.453000000000000000e+03,3.846257586172816545e+00
2.454000000000000000e+03,3.682685038185693038e+00
2.455000000000000000e+03,3.549545631358298703e+00
2.456000000000000000e+03,3.723109697930818918e+00
2.457000000000000000e+03,3.705234802469565825e+00
2.458000000000000000e+03,3.689193648938204451e+00
2.459000000000000000e+03,3.875695049043867080e+00
2.460000000000000000e+03,3.665192999877656010e+00
2.461000000000000000e+03,3.823904450649524112e+00
2.462000000000000000e+03,3.644884818547930561e+00
2.463000000000000000e+03,3.549985789065249087e+00
2.464000000000000000e+03,3.776197733366977616e+00
2.465000000000000000e+03,3.498547762891674573e+00
2.466000000000000000e+03,3.549489754844971312e+00
2.467000000000000000e+03,3.894491375860528404e+00
2.468000000000000000e+03,3.701889910659851068e+00
2.469000000000000000e+03,3.581114244276351499e+00
2.470000000000000000e+03,3.675095233017484198e+00
2.471000000000000000e+03,3.773294353427183001e+00
2.472000000000000000e+03,3.905824919871651257e+00
2.473000000000000000e+03,3.669740673067924952e+00
2.474000000000000000e+03,3.959358673728107902e+00
2.475000000000000000e+03,3.731262235084742418e+00
2.476000000000000000e+03,4.022705563698131925e+00
2.477000000000000000e+03,3.647798630900364270e+00
2.478000000000000000e+03,4.020376593950024890e+00
2.479000000000000000e+03,4.039148274349174450e+00
2.480000000000000000e+03,3.602855176136734894e+00
2.481000000000000000e+03,3.565800499852665340e+00
2.482000000000000000e+03,3.562302438663415227e+00
2.483000000000000000e+03,3.713769457079019176e+00
2.484000000000000000e+03,3.573626165120284082e+00
2.485000000000000000e+03,3.830032394597068901e+00
2.486000000000000000e+03,3.580590119046010766e+00
2.487000000000000000e+03,3.738745298391819016e+00
2.488000000000000000e+03,3.554798611082377935e+00
2.489000000000000000e+03,3.691703320879891947e+00
2.490000000000000000e+03,3.491171377488932137e+00
2.491000000000000000e+03,4.132197779755227174e+00
2.492000000000000000e+03,3.729246729015474493e+00
2.493000000000000000e+03,3.768634022050787458e+00
2.494000000000000000e+03,3.985960154091338747e+00
2.495000000000000000e+03,3.429686274704024651e+00
2.496000000000000000e+03,3.759361685994825564e+00
2.497000000000000000e+03,3.913738375621490739e+00
2.498000000000000000e+03,3.340037422503280951e+00
2.499000000000000000e+03,3.801694784417486428e+00
2.500000000000000000e+03,3.441019760522024296e+00
2.501000000000000000e+03,3.933667052124769192e+00
2.502000000000000000e+03,3.477657077625436077e+00
2.503000000000000000e+03,3.772892866742064477e+00
2.504000000000000000e+03,3.689401943882479884e+00
2.505000000000000000e+03,3.739891831496238606e+00
2.506000000000000000e+03,3.616636457394735160e+00
2.507000000000000000e+03,3.866412465061783710e+00
2.508000000000000000e+03,3.603518120546207015e+00
2.509000000000000000e+03,4.019718618905107732e+00
2.510000000000000000e+03,3.701578722669090382e+00
2.511000000000000000e+03,3.858004455498699858e+00
2.512000000000000000e+03,3.613483152823045774e+00
2.513000000000000000e+03,3.725910758288293767e+00
2.514000000000000000e+03,3.857891965255437317e+00
2.515000000000000000e+03,3.891335152225665173e+00
2.516000000000000000e+03,3.411814169398411423e+00
2.517000000000000000e+03,3.526033797348395282e+00
2.518000000000000000e+03,3.703700697404541220e+00
2.519000000000000000e+03,3.814302402096999334e+00
2.520000000000000000e+03,3.534070737358633529e+00
2.521000000000000000e+03,3.964137636718540580e+00
2.522000000000000000e+03,3.355961617863091551e+00
2.523000000000000000e+03,3.715395686776948647e+00
2.524000000000000000e+03,3.634681918769948616e+00
2.525000000000000000e+03,3.629286833392092682e+00
2.526000000000000000e+03,3.785872912964080683e+00
2.527000000000000000e+03,3.813119948297079453e+00
2.528000000000000000e+03,3.640666623652589973e+00
2.529000000000000000e+03,3.772778536039490316e+00
2.530000000000000000e+03,3.518153561567771703e+00
2.531000000000000000e+03,3.420460168656331845e+00
2.532000000000000000e+03,3.765803685471646567e+00
2.533000000000000000e+03,3.514135919604182146e+00
2.534000000000000000e+03,3.750081169160384142e+00
2.535000000000000000e+03,3.674023573996226144e+00
2.536000000000000000e+03,3.726495177987176444e+00
2.537000000000000000e+03,3.289943699548785183e+00
2.538000000000000000e+03,3.829594308599720165e+00
2.539000000000000000e+03,3.686380346908213035e+00
2.540000000000000000e+03,3.720108173127401940e+00
2.541000000000000000e+03,3.658024316436685908e+00
2.542000000000000000e+03,4.145165489826855065e+00
2.543000000000000000e+03,3.400161651565738019e+00
2.544000000000000000e+03,3.796388088003601169e+00
2.545000000000000000e+03,3.925576447307828509e+00
2.546000000000000000e+03,3.354879070386160844e+00
2.547000000000000000e+03,3.822967851805777695e+00
2.548000000000000000e+03,3.733904523931987018e+00
2.549000000000000000e+03,3.947775821457605083e+00
2.550000000000000000e+03,3.857300397095158040e+00
2.551000000000000000e+03,3.686684190968555264e+00
2.552000000000000000e+03,3.889444384453462966e+00
2.553000000000000000e+03,3.929960323387344800e+00
2.554000000000000000e+03,3.625258189637807771e+00
2.555000000000000000e+03,3.415484699163938931e+00
2.556000000000000000e+03,3.791282365397275367e+00
2.557000000000000000e+03,3.710756125014630147e+00
2.558000000000000000e+03,3.523414751519647226e+00
2.559000000000000000e+03,4.024447375855117137e+00
2.560000000000000000e+03,3.718088980291729406e+00
2.561000000000000000e+03,3.624033464695071594e+00
2.562000000000000000e+03,3.778323551419425996e+00
2.563000000000000000e+03,3.688580584570361864e+00
2.564000000000000000e+03,3.474908401160780258e+00
2.565000000000000000e+03,3.642054709377210653e+00
2.566000000000000000e+03,3.575298225887046488e+00
2.567000000000000000e+03,3.673519054600779654e+00
2.568000000000000000e+03,3.719355311830276900e+00
2.569000000000000000e+03,3.797159359877409823e+00
2.570000000000000000e+03,3.906546256282171559e+00
2.571000000000000000e+03,4.050390706834245513e+00
2.572000000000000000e+03,3.704474208579345174e+00
2.573000000000000000e+03,3.738667524387901508e+00
2.574000000000000000e+03,3.666931107296865111e+00
2.575000000000000000e+03,3.567301952976669632e+00
2.576000000000000000e+03,3.998802019463946422e+00
2.577000000000000000e+03,3.502723959392138653e+00
2.578000000000000000e+03,3.748724884388168643e+00
2.579000000000000000e+03,3.635107881603972579e+00
2.580000000000000000e+03,3.834037328327835947e+00
2.581000000000000000e+03,3.709657445931893172e+00
2.582000000000000000e+03,3.796163154436732246e+00
2.583000000000000000e+03,3.866055650726221149e+00
2.584000000000000000e+03,3.749001860765708738e+00
2.585000000000000000e+03,3.857960186166088157e+00
2.586000000000000000e+03,3.723455733769467368e+00
2.587000000000000000e+03,3.707970195174389527e+00
2.588000000000000000e+03,3.605344318352318833e+00
2.589000000000000000e+03,3.597040668328423507e+00
2.590000000000000000e+03,3.920613704756838569e+00
2.591000000000000000e+03,3.622869250711867384e+00
2.592000000000000000e+03,3.958336310773587829e+00
2.593000000000000000e+03,3.738685508395572121e+00
2.594000000000000000e+03,3.740845395253268535e+00
2.595000000000000000e+03,3.562513462686857757e+00
2.596000000000000000e+03,3.584884048570243120e+00
2.597000000000000000e+03,3.791060086519696615e+00
2.598000000000000000e+03,3.733700887222859421e+00
2.599000000000000000e+03,3.544862545848499469e+00
2.600000000000000000e+03,3.768618352805230387e+00
2.601000000000000000e+03,3.519118980705341126e+00
2.602000000000000000e+03,3.942077924546329548e+00
2.603000000000000000e+03,3.689132627607304205e+00
2.604000000000000000e+03,3.640985331860488561e+00
2.605000000000000000e+03,4.096345630609316224e+00
2.606000000000000000e+03,3.752817006194276939e+00
2.607000000000000000e+03,3.584108798999781520e+00
2.608000000000000000e+03,3.616482916842827855e+00
2.609000000000000000e+03,3.795483950922479366e+00
2.610000000000000000e+03,3.826895613834348620e+00
2.611000000000000000e+03,3.248575343081538946e+00
2.612000000000000000e+03,3.610420266651945820e+00
2.613000000000000000e+03,3.751318633498462507e+00
2.614000000000000000e+03,3.589546014717827749e+00
2.615000000000000000e+03,3.431270773742152613e+00
2.616000000000000000e+03,4.045887985231718886e+00
2.617000000000000000e+03,3.793388223997770314e+00
2.618000000000000000e+03,3.754376914908526874e+00
2.619000000000000000e+03,3.537401272751821146e+00
2.620000000000000000e+03,3.862683204508548407e+00
2.621000000000000000e+03,3.891226015889947654e+00
2.622000000000000000e+03,3.650541368594045100e+00
2.623000000000000000e+03,3.808357828997279260e+00
2.624000000000000000e+03,3.821726276697601676e+00
2.625000000000000000e+03,3.958785428832686915e+00
2.626000000000000000e+03,3.872540791233843205e+00
2.627000000000000000e+03,3.858631030761027869e+00
2.628000000000000000e+03,3.881091923740923821e+00
2.629000000000000000e+03,3.531224012611519303e+00
2.630000000000000000e+03,3.429903041608700853e+00
2.631000000000000000e+03,3.810450899024369065e+00
2.632000000000000000e+03,3.814143514110574174e+00
2.633000000000000000e+03,3.855053314608210435e+00
2.634000000000000000e+03,3.545440671464011206e+00
2.635000000000000000e+03,3.535323215595179036e+00
2.636000000000000000e+03,3.687415014681964198e+00
2.637000000000000000e+03,3.722071345463587200e+00
2.638000000000000000e+03,4.023332356039547086e+00
2.639000000000000000e+03,3.794660624811549088e+00
2.640000000000000000e+03,3.736071066994441470e+00
2.641000000000000000e+03,3.989120345712065419e+00
2.642000000000000000e+03,3.957776684824164448e+00
2.643000000000000000e+03,3.567674027155136596e+00
2.644000000000000000e+03,3.544106063779166149e+00
2.645000000000000000e+03,3.901146695213526083e+00
2.646000000000000000e+03,3.711947765077084238e+00
2.647000000000000000e+03,4.184057359216991401e+00
2.648000000000000000e+03,3.648569650597397018e+00
2.649000000000000000e+03,3.744855781157281349e+00
2.650000000000000000e+03,3.560193382110572013e+00
2.651000000000000000e+03,3.546283707683419273e+00
2.652000000000000000e+03,3.729686784831365287e+00
2.653000000000000000e+03,3.649742398206721194e+00
2.654000000000000000e+03,3.695868467536149282e+00
2.655000000000000000e+03,3.735701358294508889e+00
2.656000000000000000e+03,3.859001432839288537e+00
2.657000000000000000e+03,3.646938691657672482e+00
2.658000000000000000e+03,3.839388194854318037e+00
2.659000000000000000e+03,3.855552795387186205e+00
2.660000000000000000e+03,3.893196562179230824e+00
2.661000000000000000e+03,3.647873066366673189e+00
2.662000000000000000e+03,3.800559202636213829e+00
2.663000000000000000e+03,3.690727013276646762e+00
2.664000000000000000e+03,3.882127514387076150e+00
2.665000000000000000e+03,3.591896526632596842e+00
2.666000000000000000e+03,3.944788005626174154e+00
2.667000000000000000e+03,3.681716907430513164e+00
2.668000000000000000e+03,3.853230514362502301e+00
2.669000000000000000e+03,3.483314819494214731e+00
2.670000000000000000e+03,3.825107139278362212e+00
2.671000000000000000e+03,3.826930389285386092e+00
2.672000000000000000e+03,3.639816168744616220e+00
2.673000000000000000e+03,3.713620446627246441e+00
2.674000000000000000e+03,3.771911226495828107e+00
2.675000000000000000e+03,3.605263873375928352e+00
2.676000000000000000e+03,3.943606559387727639e+00
2.677000000000000000e+03,3.614369478954367665e+00
2.678000000000000000e+03,3.730184634343280070e+00
2.679000000000000000e+03,3.664128136583346240e+00
2.680000000000000000e+03,3.498019326570211973e+00
2.681000000000000000e+03,3.721006486667037816e+00
2.682000000000000000e+03,3.824121770591567770e+00
2.683000000000000000e+03,3.485164198536210289e+00
2.684000000000000000e+03,3.981203615323841483e+00
2.685000000000000000e+03,3.961919637691643903e+00
2.686000000000000000e+03,3.586782713091436925e+00
2.687000000000000000e+03,3.797889679441710964e+00
2.688000000000000000e+03,3.774131287374101973e+00
2.689000000000000000e+03,3.623591088883952871e+00
2.690000000000000000e+03,3.758546997036307236e+00
2.691000000000000000e+03,3.864508085876961374e+00
2.692000000000000000e+03,3.694267071155174165e+00
2.693000000000000000e+03,3.740803213060310384e+00
2.694000000000000000e+03,3.924766473285663082e+00
2.695000000000000000e+03,3.598476089776090348e+00
2.696000000000000000e+03,3.406325446904019394e+00
2.697000000000000000e+03,4.057095923058552600e+00
2.698000000000000000e+03,3.734836180655063398e+00
2.699000000000000000e+03,3.872254149459719130e+00
2.700000000000000000e+03,3.554068727876354750e+00
2.701000000000000000e+03,3.737063545738837256e+00
2.702000000000000000e+03,3.752691614349729754e+00
2.703000000000000000e+03,3.835673163135078223e+00
2.704000000000000000e+03,3.846126700874864746e+00
2.705000000000000000e+03,4.085323882382491334e+00
2.706000000000000000e+03,4.015670817890302224e+00
2.707000000000000000e+03,3.840651925055767801e+00
2.708000000000000000e+03,3.741379072917269344e+00
2.709000000000000000e+03,3.662539621925584576e+00
2.710000000000000000e+03,3.427008029547365275e+00
2.711000000000000000e+03,3.684179900951270792e+00
2.712000000000000000e+03,3.978601750099634682e+00
2.713000000000000000e+03,3.843497654319451673e+00
2.714000000000000000e+03,3.627725394501005951e+00
2.715000000000000000e+03,3.811927599931623778e+00
2.716000000000000000e+03,3.587754666751067578e+00
2.717000000000000000e+03,4.097957558003702871e+00
2.718000000000000000e+03,3.719670402177889468e+00
2.719000000000000000e+03,3.687261811380950327e+00
2.720000000000000000e+03,3.781454642429555868e+00
2.721000000000000000e+03,3.716498968489818644e+00
2.722000000000000000e+03,3.877568037924643107e+00
2.723000000000000000e+03,3.605023967784051653e+00
2.724000000000000000e+03,3.717188762832048354e+00
2.725000000000000000e+03,3.853621310646594633e+00
2.726000000000000000e+03,4.010789823497275641e+00
2.727000000000000000e+03,3.457216614792786746e+00
2.728000000000000000e+03,3.562635767043249135e+00
2.729000000000000000e+03,3.967120550304520599e+00
2.730000000000000000e+03,3.957956442236685746e+00
2.731000000000000000e+03,4.095188346648432898e+00
2.732000000000000000e+03,3.629392526385309292e+00
2.733000000000000000e+03,4.000201824514916460e+00
2.734000000000000000e+03,3.426646814729825685e+00
2.735000000000000000e+03,3.937134442401109879e+00
2.736000000000000000e+03,3.542515616496029196e+00
2.737000000000000000e+03,3.588021309109457935e+00
2.738000000000000000e+03,3.660708439931411373e+00
2.739000000000000000e+03,3.520460158278574170e+00
2.740000000000000000e+03,3.852413719386834856e+00
2.741000000000000000e+03,3.808081626551813592e+00
2.742000000000000000e+03,3.387718547729118956e+00
2.743000000000000000e+03,3.903021919028427877e+00
2.744000000000000000e+03,3.922484304353776707e+00
2.745000000000000000e+03,3.870201699277065810e+00
2.746000000000000000e+03,3.574150914300096016e+00
2.747000000000000000e+03,4.002725883723512013e+00
2.748000000000000000e+03,3.701199807618829052e+00
2.749000000000000000e+03,3.709466971546230507e+00
2.750000000000000000e+03,3.571429159903674044e+00
2.751000000000000000e+03,3.699923880082329752e+00
2.752000000000000000e+03,3.715308434905181034e+00
2.753000000000000000e+03,3.882400121295776607e+00
2.754000000000000000e+03,3.769775661104612041e+00
2.755000000000000000e+03,3.823314815427051983e+00
2.756000000000000000e+03,3.768679566223193333e+00
2.757000000000000000e+03,3.734836968936283252e+00
2.758000000000000000e+03,3.511251073221775876e+00
2.759000000000000000e+03,4.277993707966916581e+00
2.760000000000000000e+03,3.607133107702152230e+00
2.761000000000000000e+03,3.686553929656968265e+00
2.762000000000000000e+03,3.720741459259893524e+00
2.763000000000000000e+03,3.862752598400423398e+00
2.764000000000000000e+03,3.844580405578339466e+00
2.765000000000000000e+03,3.722909587970523848e+00
2.766000000000000000e+03,3.617446778825036624e+00
2.767000000000000000e+03,3.967670251529751724e+00
2.768000000000000000e+03,3.666216051102963558e+00
2.769000000000000000e+03,4.037407062612245134e+00
2.770000000000000000e+03,3.558314943943316155e+00
2.771000000000000000e+03,3.582233327016411728e+00
2.772000000000000000e+03,3.953744320882662144e+00
2.773000000000000000e+03,3.558046376953112766e+00
2.774000000000000000e+03,3.577219126824603190e+00
2.775000000000000000e+03,3.540942943032329371e+00
2.776000000000000000e+03,3.845650998295032430e+00
2.777000000000000000e+03,4.023335963492351119e+00
2.778000000000000000e+03,3.804750527428202300e+00
2.779000000000000000e+03,3.881410536079002771e+00
2.780000000000000000e+03,3.901829127772373784e+00
2.781000000000000000e+03,3.901816493085443316e+00
2.782000000000000000e+03,3.772287505466480617e+00
2.783000000000000000e+03,3.962547565337257272e+00
2.784000000000000000e+03,3.595643659479746290e+00
2.785000000000000000e+03,4.218210552718808515e+00
2.786000000000000000e+03,3.698739367560563984e+00
2.787000000000000000e+03,3.767236345285717825e+00
2.788000000000000000e+03,3.784978867424821480e+00
2.789000000000000000e+03,4.000033341466175507e+00
2.790000000000000000e+03,3.924249138890309574e+00
2.791000000000000000e+03,3.588559026649871253e+00
2.792000000000000000e+03,3.947091349739711319e+00
2.793000000000000000e+03,3.922026111835466455e+00
2.794000000000000000e+03,3.652088561352562213e+00
2.795000000000000000e+03,3.850032077773835049e+00
2.796000000000000000e+03,3.712650655761061458e+00
2.797000000000000000e+03,3.863475967131886346e+00
2.798000000000000000e+03,3.417896921649379305e+00
2.799000000000000000e+03,3.845648135350013597e+00
2.800000000000000000e+03,3.891631915089821980e+00
2.801000000000000000e+03,3.558732956356756905e+00
2.802000000000000000e+03,3.874537146860351111e+00
2.803000000000000000e+03,3.804803054283858010e+00
2.804000000000000000e+03,3.900247731031616372e+00
2.805000000000000000e+03,3.581748788366299507e+00
2.806000000000000000e+03,3.977144555118574232e+00
2.807000000000000000e+03,3.448665687835052562e+00
2.808000000000000000e+03,3.571412794769296628e+00
2.809000000000000000e+03,3.748333077061826835e+00
2.810000000000000000e+03,3.703750676556598176e+00
2.811000000000000000e+03,3.723995928177155079e+00
2.812000000000000000e+03,3.864280485141572186e+00
2.813000000000000000e+03,3.799843732556831721e+00
2.814000000000000000e+03,3.791954127224475890e+00
2.815000000000000000e+03,3.615907595581181688e+00
2.816000000000000000e+03,3.629231810719880436e+00
2.817000000000000000e+03,3.670242229131809975e+00
2.818000000000000000e+03,3.573036024208954942e+00
2.819000000000000000e+03,3.599206147246060805e+00
2.820000000000000000e+03,3.337405568935045252e+00
2.821000000000000000e+03,3.815494879292746777e+00
2.822000000000000000e+03,3.361419030878209480e+00
2.823000000000000000e+03,4.063382578751926211e+00
2.824000000000000000e+03,3.750254221424304202e+00
2.825000000000000000e+03,3.429606145156047337e+00
2.826000000000000000e+03,3.876207494810111509e+00
2.827000000000000000e+03,3.736632542402134494e+00
2.828000000000000000e+03,3.928879469070837960e+00
2.829000000000000000e+03,3.585509599579023821e+00
2.830000000000000000e+03,3.481431800159222600e+00
2.831000000000000000e+03,3.829797132573945273e+00
2.832000000000000000e+03,3.649370047582499943e+00
2.833000000000000000e+03,3.849987908427605632e+00
2.834000000000000000e+03,3.563148465759937267e+00
2.835000000000000000e+03,3.610994135515838810e+00
2.836000000000000000e+03,4.043176640404611888e+00
2.837000000000000000e+03,3.342837870010179735e+00
2.838000000000000000e+03,3.841978038143646579e+00
2.839000000000000000e+03,3.727966326840014943e+00
2.840000000000000000e+03,3.748902854169795962e+00
2.841000000000000000e+03,3.893891798332596021e+00
2.842000000000000000e+03,3.392181929550020403e+00
2.843000000000000000e+03,4.019762001317230826e+00
2.844000000000000000e+03,3.453991883172373267e+00
2.845000000000000000e+03,3.906718089903110869e+00
2.846000000000000000e+03,3.559354689833600816e+00
2.847000000000000000e+03,3.788004885199777849e+00
2.848000000000000000e+03,3.625569392176139161e+00
2.849000000000000000e+03,3.597706621724202858e+00
2.850000000000000000e+03,3.859722114530274251e+00
2.851000000000000000e+03,3.639277017503108613e+00
2.852000000000000000e+03,3.613411169844611859e+00
2.853000000000000000e+03,3.828553542066347237e+00
2.854000000000000000e+03,3.761487787772427094e+00
2.855000000000000000e+03,3.703895921971015248e+00
2.856000000000000000e+03,3.840161867321733258e+00
2.857000000000000000e+03,3.627246442814367811e+00
2.858000000000000000e+03,3.860553148271597568e+00
2.859000000000000000e+03,3.833105744637867129e+00
2.860000000000000000e+03,3.548586881567283413e+00
2.861000000000000000e+03,3.585825735128411296e+00
2.862000000000000000e+03,3.880116884852422565e+00
2.863000000000000000e+03,3.452132915683647330e+00
2.864000000000000000e+03,3.967369839944369758e+00
2.865000000000000000e+03,3.651584056903543374e+00
2.866000000000000000e+03,3.827255650807112719e+00
2.867000000000000000e+03,3.924556411385295540e+00
2.868000000000000000e+03,3.884196156408512568e+00
2.869000000000000000e+03,3.707669856857707114e+00
2.870000000000000000e+03,3.659984521802019941e+00
2.871000000000000000e+03,3.441543436838121028e+00
2.872000000000000000e+03,3.738273264478761515e+00
2.873000000000000000e+03,3.656321717456048059e+00
2.874000000000000000e+03,3.669876823013805467e+00
2.875000000000000000e+03,3.847950435029710459e+00
2.876000000000000000e+03,3.615214601604962663e+00
2.877000000000000000e+03,3.607562242482663883e+00
2.878000000000000000e+03,3.588331555584785004e+00
2.879000000000000000e+03,3.546839820580679259e+00
2.880000000000000000e+03,3.738995352150700224e+00
2.881000000000000000e+03,3.931536786614575618e+00
2.882000000000000000e+03,3.701746730086195036e+00
2.883000000000000000e+03,3.786807598292001753e+00
2.884000000000000000e+03,3.751301054366373844e+00
2.885000000000000000e+03,3.555831725644435171e+00
2.886000000000000000e+03,3.883939636362152115e+00
2.887000000000000000e+03,3.974284809372609750e+00
2.888000000000000000e+03,3.786359633867253383e+00
2.889000000000000000e+03,3.830435437847694136e+00
2.890000000000000000e+03,3.738900102166538453e+00
2.891000000000000000e+03,3.767049850905602959e+00
2.892000000000000000e+03,4.008966629149135485e+00
2.893000000000000000e+03,3.457957704851877700e+00
2.894000000000000000e+03,3.428713916918047389e+00
2.895000000000000000e+03,3.710875228898034894e+00
2.896000000000000000e+03,3.690590552597992513e+00
2.897000000000000000e+03,3.615758649762544685e+00
2.898000000000000000e+03,3.870132972010350336e+00
2.899000000000000000e+03,3.628333058519626064e+00
2.900000000000000000e+03,3.874383732053853890e+00
2.901000000000000000e+03,3.868116827414202152e+00
2.902000000000000000e+03,4.057434484612220338e+00
2.903000000000000000e+03,3.893221730338139785e+00
2.904000000000000000e+03,3.695655465870326228e+00
2.905000000000000000e+03,4.005009772748301167e+00
2.906000000000000000e+03,3.985449544465208493e+00
2.907000000000000000e+03,3.860129643288138457e+00
2.908000000000000000e+03,3.455169302199629033e+00
2.909000000000000000e+03,3.557520044066456943e+00
2.910000000000000000e+03,3.827662229075192712e+00
2.911000000000000000e+03,3.734539067350175046e+00
2.912000000000000000e+03,3.675960203642776314e+00
2.913000000000000000e+03,3.677210486360544373e+00
2.914000000000000000e+03,3.669459709817992632e+00
2.915000000000000000e+03,3.397959658106268321e+00
2.916000000000000000e+03,3.842289661628603525e+00
2.917000000000000000e+03,3.780327777732343630e+00
2.918000000000000000e+03,3.441030813058912674e+00
2.919000000000000000e+03,3.702153530563146777e+00
2.920000000000000000e+03,3.760869392040551595e+00
2.921000000000000000e+03,3.605983937398689498e+00
2.922000000000000000e+03,3.767939342129937419e+00
2.923000000000000000e+03,3.728143699951578238e+00
2.924000000000000000e+03,3.605434541328851772e+00
2.925000000000000000e+03,3.601771867594123488e+00
2.926000000000000000e+03,3.737201735624092080e+00
2.927000000000000000e+03,3.729341708008412137e+00
2.928000000000000000e+03,3.524042217875395622e+00
2.929000000000000000e+03,3.678667612382858110e+00
2.930000000000000000e+03,3.405146667012189265e+00
2.931000000000000000e+03,3.784351453124658260e+00
2.932000000000000000e+03,3.533803021367202923e+00
2.933000000000000000e+03,3.802330799087797253e+00
2.934000000000000000e+03,3.842720355542692090e+00
2.935000000000000000e+03,3.734010032079321917e+00
2.936000000000000000e+03,3.917212345108796345e+00
2.937000000000000000e+03,3.691882600743702003e+00
2.938000000000000000e+03,3.540070828423381055e+00
2.939000000000000000e+03,3.667930500527243343e+00
2.940000000000000000e+03,3.923714972523777877e+00
2.941000000000000000e+03,3.949543307305161566e+00
2.942000000000000000e+03,3.642481689516943621e+00
2.943000000000000000e+03,3.848032748451112539e+00
2.944000000000000000e+03,4.161372648146723918e+00
2.945000000000000000e+03,3.651163344808077138e+00
2.946000000000000000e+03,3.805423396982393403e+00
2.947000000000000000e+03,3.920344002090796032e+00
2.948000000000000000e+03,3.566028681759047192e+00
2.949000000000000000e+03,3.887710380543173638e+00
2.950000000000000000e+03,3.852356238983460912e+00
2.951000000000000000e+03,3.931947389914636215e+00
2.952000000000000000e+03,3.979342293337040370e+00
2.953000000000000000e+03,3.635521827889921287e+00
2.954000000000000000e+03,3.570380673146790418e+00
2.955000000000000000e+03,3.658255246499628299e+00
2.956000000000000000e+03,4.000326002591213737e+00
2.957000000000000000e+03,3.786622613855803454e+00
2.958000000000000000e+03,3.781312869653223885e+00
2.959000000000000000e+03,3.982463338982018985e+00
2.960000000000000000e+03,3.990212275543278508e+00
2.961000000000000000e+03,3.730232723169430109e+00
2.962000000000000000e+03,3.458573436806575696e+00
2.963000000000000000e+03,3.962820796082825225e+00
2.964000000000000000e+03,3.368254258595942741e+00
2.965000000000000000e+03,3.739074926142932576e+00
2.966000000000000000e+03,3.808320848584067164e+00
2.967000000000000000e+03,4.204904317425455673e+00
2.968000000000000000e+03,3.641073073024697404e+00
2.969000000000000000e+03,3.929924185831098704e+00
2.970000000000000000e+03,4.079135492875725966e+00
2.971000000000000000e+03,3.774109186502875080e+00
2.972000000000000000e+03,3.948344275223623523e+00
2.973000000000000000e+03,3.847882200986000090e+00
2.974000000000000000e+03,3.784969550248397319e+00
2.975000000000000000e+03,3.698108562827134183e+00
2.976000000000000000e+03,3.655790524177162659e+00
2.977000000000000000e+03,3.778006530449378175e+00
2.978000000000000000e+03,3.721021132675884857e+00
2.979000000000000000e+03,3.790504990111086769e+00
2.980000000000000000e+03,3.861135471098192440e+00
2.981000000000000000e+03,3.685025763931292442e+00
2.982000000000000000e+03,3.848099405850740951e+00
2.983000000000000000e+03,3.747455455660908097e+00
2.984000000000000000e+03,3.663991794219969123e+00
2.985000000000000000e+03,3.863108621007345533e+00
2.986000000000000000e+03,3.877767675764340893e+00
2.987000000000000000e+03,3.746538022065271534e+00
2.988000000000000000e+03,4.106547875518525181e+00
2.989000000000000000e+03,3.606675816422049152e+00
2.990000000000000000e+03,3.835610551836481363e+00
2.991000000000000000e+03,3.558399854150638308e+00
2.992000000000000000e+03,3.975128980215666630e+00
2.993000000000000000e+03,3.861841358992177398e+00
2.994000000000000000e+03,3.835101530838808337e+00
2.995000000000000000e+03,3.531623016360486034e+00
2.996000000000000000e+03,3.678351260356847785e+00
2.997000000000000000e+03,3.818285625254268734e+00
2.998000000000000000e+03,3.468401566946954784e+00
2.999000000000000000e+03,3.739482797363449240e+00
3.000000000000000000e+03,3.845080889117134859e+00
3.001000000000000000e+03,3.849425541717215626e+00
3.002000000000000000e+03,3.899516208260129346e+00
3.003000000000000000e+03,3.857844979723396239e+00
3.004000000000000000e+03,3.488768731354134900e+00
3.005000000000000000e+03,3.877030486448830970e+00
3.006000000000000000e+03,3.554287973764481467e+00
3.007000000000000000e+03,3.913651455830486459e+00
3.008000000000000000e+03,3.806273150662548233e+00
3.009000000000000000e+03,3.521228606243181236e+00
3.010000000000000000e+03,3.652549803013694252e+00
3.011000000000000000e+03,3.870442734330930445e+00
3.012000000000000000e+03,4.093682762450480794e+00
3.013000000000000000e+03,3.682542843407717204e+00
3.014000000000000000e+03,4.004383787341985190e+00
3.015000000000000000e+03,3.691706326917903791e+00
3.016000000000000000e+03,3.613749465743055111e+00
3.017000000000000000e+03,3.712339371100991769e+00
3.018000000000000000e+03,4.073280025838784013e+00
3.019000000000000000e+03,3.962100455357342010e+00
3.020000000000000000e+03,3.977903263857270222e+00
3.021000000000000000e+03,3.607949461362152554e+00
3.022000000000000000e+03,3.599321471138697603e+00
3.023000000000000000e+03,4.016273743615944802e+00
3.024000000000000000e+03,3.646256711134175710e+00
3.025000000000000000e+03,3.625986774405258739e+00
3.026000000000000000e+03,3.751020191495055833e+00
3.027000000000000000e+03,3.553722597308393016e+00
3.028000000000000000e+03,3.795734958793844704e+00
3.029000000000000000e+03,3.531776238946548130e+00
3.030000000000000000e+03,3.691208439613546943e+00
3.031000000000000000e+03,3.647959016445215585e+00
3.032000000000000000e+03,3.744758696228161376e+00
3.033000000000000000e+03,3.946490010756285471e+00
3.034000000000000000e+03,3.411508204966898550e+00
3.035000000000000000e+03,3.683664363325746649e+00
3.036000000000000000e+03,3.664706173186695004e+00
3.037000000000000000e+03,3.593137659960937924e+00
3.038000000000000000e+03,3.688229859187687421e+00
3.039000000000000000e+03,3.464935607255526850e+00
3.040000000000000000e+03,3.721659208004682196e+00
3.041000000000000000e+03,3.690875614853540210e+00
3.042000000000000000e+03,3.819598348254288123e+00
3.043000000000000000e+03,3.804692125861548035e+00
3.044000000000000000e+03,3.699546444573424520e+00
3.045000000000000000e+03,3.508505922373905239e+00
3.046000000000000000e+03,3.854508483043728173e+00
3.047000000000000000e+03,3.638633415924402481e+00
3.048000000000000000e+03,3.642360153029042813e+00
3.049000000000000000e+03,3.843744747347546564e+00
3.050000000000000000e+03,3.929689477489842098e+00
3.051000000000000000e+03,3.802639594957956337e+00
3.052000000000000000e+03,3.955056121459669338e+00
3.053000000000000000e+03,3.755202789125884788e+00
3.054000000000000000e+03,3.719505092608917263e+00
3.055000000000000000e+03,3.857481370408390564e+00
3.056000000000000000e+03,3.803378795568075343e+00
3.057000000000000000e+03,3.606464864632152434e+00
3.058000000000000000e+03,3.264974380183161440e+00
3.059000000000000000e+03,3.469418601802997326e+00
3.060000000000000000e+03,4.089711824988857103e+00
3.061000000000000000e+03,3.427693558079247804e+00
3.062000000000000000e+03,3.451939420921946944e+00
3.063000000000000000e+03,3.772337298234948566e+00
3.064000000000000000e+03,3.737935222948356895e+00
3.065000000000000000e+03,3.755589395469557168e+00
3.066000000000000000e+03,3.916656919655647329e+00
3.067000000000000000e+03,4.008694821282682952e+00
3.068000000000000000e+03,3.557824340192576429e+00
3.069000000000000000e+03,3.835871794830292725e+00
3.070000000000000000e+03,3.642521635511652534e+00
3.071000000000000000e+03,3.416580426750991606e+00
3.072000000000000000e+03,3.627364239491061237e+00
3.073000000000000000e+03,3.929202427925639451e+00
3.074000000000000000e+03,3.675599829695467946e+00
3.075000000000000000e+03,3.926538216376192381e+00
3.076000000000000000e+03,3.844251316845928468e+00
3.077000000000000000e+03,3.894852707019508919e+00
3.078000000000000000e+03,3.590637568816295033e+00
3.079000000000000000e+03,3.791225271747681980e+00
3.080000000000000000e+03,3.621734291520782634e+00
3.081000000000000000e+03,3.536210451517545650e+00
3.082000000000000000e+03,3.699728659883983362e+00
3.083000000000000000e+03,3.709524210378110975e+00
3.084000000000000000e+03,3.822628464423500461e+00
3.085000000000000000e+03,4.030187691066396738e+00
3.086000000000000000e+03,3.791046139369475210e+00
3.087000000000000000e+03,3.548264224003163658e+00
3.088000000000000000e+03,3.672945121542138480e+00
3.089000000000000000e+03,4.061596328072528905e+00
3.090000000000000000e+03,3.838087977687650199e+00
3.091000000000000000e+03,3.865102738955358053e+00
3.092000000000000000e+03,3.608471966584178681e+00
3.093000000000000000e+03,3.831441354292724366e+00
3.094000000000000000e+03,3.945317174809876093e+00
3.095000000000000000e+03,3.870694813650000121e+00
3.096000000000000000e+03,3.793557698817115575e+00
3.097000000000000000e+03,3.801107445081735925e+00
3.098000000000000000e+03,3.945075914996760247e+00
3.099000000000000000e+03,3.881836343349468699e+00
3.100000000000000000e+03,3.709892739974092191e+00
3.101000000000000000e+03,3.800102097171612403e+00
3.102000000000000000e+03,3.836330761495330144e+00
3.103000000000000000e+03,3.611072143225339648e+00
3.104000000000000000e+03,3.990795581155120342e+00
3.105000000000000000e+03,3.763136995004654040e+00
3.106000000000000000e+03,3.722706232484278566e+00
3.107000000000000000e+03,3.745108230606536637e+00
3.108000000000000000e+03,3.810239062738177473e+00
3.109000000000000000e+03,3.912677460258173756e+00
3.110000000000000000e+03,3.773063653635138515e+00
3.111000000000000000e+03,3.732012312448938829e+00
3.112000000000000000e+03,3.647708125522608480e+00
3.113000000000000000e+03,4.112293864118280240e+00
3.114000000000000000e+03,3.642214260753211974e+00
3.115000000000000000e+03,3.614526296577027065e+00
3.116000000000000000e+03,3.695485749977451384e+00
3.117000000000000000e+03,3.608434178621797717e+00
3.118000000000000000e+03,3.746835247511059563e+00
3.119000000000000000e+03,3.801606588006802401e+00
3.120000000000000000e+03,3.204167666111341628e+00
3.121000000000000000e+03,3.742716926289511470e+00
3.122000000000000000e+03,3.589590850350810491e+00
3.123000000000000000e+03,3.568081384397290279e+00
3.124000000000000000e+03,3.807186490220884068e+00
3.125000000000000000e+03,3.634699811993038487e+00
3.126000000000000000e+03,3.777536620335183226e+00
3.127000000000000000e+03,3.798753190319654305e+00
3.128000000000000000e+03,3.656877121689449783e+00
3.129000000000000000e+03,3.727553876940128408e+00
3.130000000000000000e+03,3.597943740039760918e+00
3.131000000000000000e+03,3.865274361231183953e+00
3.132000000000000000e+03,3.580774576581215562e+00
3.133000000000000000e+03,3.754671941926563505e+00
3.134000000000000000e+03,3.699519202715708222e+00
3.135000000000000000e+03,3.855212204405509713e+00
3.136000000000000000e+03,3.851350421813549474e+00
3.137000000000000000e+03,4.083678816473941708e+00
3.138000000000000000e+03,3.491220382590943583e+00
3.139000000000000000e+03,3.783312604162411219e+00
3.140000000000000000e+03,3.802314980285945278e+00
3.141000000000000000e+03,3.675451172341705597e+00
3.142000000000000000e+03,3.977338195158374834e+00
3.143000000000000000e+03,4.036008360577690190e+00
3.144000000000000000e+03,3.645316775570758061e+00
3.145000000000000000e+03,3.449360822089210021e+00
3.146000000000000000e+03,3.785202059816834108e+00
3.147000000000000000e+03,3.948859963176219789e+00
3.148000000000000000e+03,3.893715418929691641e+00
3.149000000000000000e+03,3.802617090519197607e+00
3.150000000000000000e+03,3.546099264756846559e+00
3.151000000000000000e+03,3.703307845236040396e+00
3.152000000000000000e+03,3.617036904261673236e+00
3.153000000000000000e+03,3.509889117127505731e+00
3.154000000000000000e+03,3.883490955034131442e+00
3.155000000000000000e+03,3.854692510113007398e+00
3.156000000000000000e+03,3.583372730843782161e+00
3.157000000000000000e+03,3.780547856976432808e+00
3.158000000000000000e+03,3.933955544014100969e+00
3.159000000000000000e+03,3.636878707453648385e+00
3.160000000000000000e+03,3.490356824363960442e+00
3.161000000000000000e+03,3.745159742288429072e+00
3.162000000000000000e+03,4.014714451151470520e+00
3.163000000000000000e+03,3.867767380830821722e+00
3.164000000000000000e+03,3.850373389721861273e+00
3.165000000000000000e+03,3.739923420943624954e+00
3.166000000000000000e+03,3.781446943043586195e+00
3.167000000000000000e+03,3.770074755898900953e+00
3.168000000000000000e+03,3.562184600483204733e+00
3.169000000000000000e+03,3.511793677738596298e+00
3.170000000000000000e+03,3.980474917779220689e+00
3.171000000000000000e+03,3.689013966178104287e+00
3.172000000000000000e+03,3.853932718525246770e+00
3.173000000000000000e+03,3.712569220497708766e+00
3.174000000000000000e+03,4.069153671553037199e+00
3.175000000000000000e+03,3.910807738812295931e+00
3.176000000000000000e+03,3.871286369005283223e+00
3.177000000000000000e+03,3.945502886309676605e+00
3.178000000000000000e+03,4.056520987219567331e+00
3.179000000000000000e+03,3.576827655096975533e+00
3.180000000000000000e+03,3.681681585621375596e+00
3.181000000000000000e+03,3.609141413582136693e+00
3.182000000000000000e+03,3.830564113299991025e+00
3.183000000000000000e+03,3.592770268811477319e+00
3.184000000000000000e+03,3.626430197923106835e+00
3.185000000000000000e+03,3.681190972374279724e+00
3.186000000000000000e+03,3.613088685531466560e+00
3.187000000000000000e+03,3.938978808233132956e+00
3.188000000000000000e+03,3.891551612142742478e+00
3.189000000000000000e+03,3.863025875135919218e+00
3.190000000000000000e+03,3.591615207319398095e+00
3.191000000000000000e+03,4.085953860825576101e+00
3.192000000000000000e+03,3.778977770971317707e+00
3.193000000000000000e+03,3.630364429349517419e+00
3.194000000000000000e+03,3.621327248315767466e+00
3.195000000000000000e+03,3.747917585494429105e+00
3.196000000000000000e+03,3.783176988594223911e+00
3.197000000000000000e+03,3.570849823648202026e+00
3.198000000000000000e+03,3.868365290251342792e+00
3.199000000000000000e+03,3.718727762628962985e+00
3.200000000000000000e+03,3.993246011579596466e+00
3.201000000000000000e+03,3.563258905205603622e+00
3.202000000000000000e+03,3.635581147213541531e+00
3.203000000000000000e+03,3.472322666379811462e+00
3.204000000000000000e+03,3.632983664178450756e+00
3.205000000000000000e+03,3.995693356114402572e+00
3.206000000000000000e+03,3.402307264901698769e+00
3.207000000000000000e+03,3.978622003971955756e+00
3.208000000000000000e+03,4.189285595849383093e+00
3.209000000000000000e+03,3.690479347829625389e+00
3.210000000000000000e+03,3.948824629234839456e+00
3.211000000000000000e+03,3.846854569855886474e+00
3.212000000000000000e+03,3.768438788851628640e+00
3.213000000000000000e+03,3.644312294714729283e+00
3.214000000000000000e+03,3.925694390389885768e+00
3.215000000000000000e+03,3.543230113289705496e+00
3.216000000000000000e+03,3.734159405594921655e+00
3.217000000000000000e+03,3.939531584820647137e+00
3.218000000000000000e+03,3.787589577398413176e+00
3.219000000000000000e+03,3.774654245136050967e+00
3.220000000000000000e+03,3.512937208032480108e+00
3.221000000000000000e+03,3.616920782800447487e+00
3.222000000000000000e+03,3.488509676744454779e+00
3.223000000000000000e+03,3.755515877097428845e+00
3.224000000000000000e+03,3.938456747569830885e+00
3.225000000000000000e+03,3.491912815471136522e+00
3.226000000000000000e+03,3.483425449779216976e+00
3.227000000000000000e+03,3.946148329013557721e+00
3.228000000000000000e+03,3.605369235576725728e+00
3.229000000000000000e+03,3.758733034797335115e+00
3.230000000000000000e+03,3.930460207465404920e+00
3.231000000000000000e+03,3.950890973291062203e+00
3.232000000000000000e+03,4.044173919683291984e+00
3.233000000000000000e+03,3.806839700273218607e+00
3.234000000000000000e+03,3.681864512801173994e+00
3.235000000000000000e+03,3.575584044140719620e+00
3.236000000000000000e+03,3.802913069774179089e+00
3.237000000000000000e+03,3.854038120240756093e+00
3.238000000000000000e+03,3.915185593753446103e+00
3.239000000000000000e+03,3.639831179976613207e+00
3.240000000000000000e+03,3.471105355585586860e+00
3.241000000000000000e+03,3.573296471681449482e+00
3.242000000000000000e+03,3.586078913566818738e+00
3.243000000000000000e+03,3.980148856833622073e+00
3.244000000000000000e+03,3.749795401112118398e+00
3.245000000000000000e+03,3.651630089936165113e+00
3.246000000000000000e+03,3.724265281397602934e+00
3.247000000000000000e+03,3.642936462710473222e+00
3.248000000000000000e+03,4.048096809485859815e+00
3.249000000000000000e+03,3.809742758784424588e+00
3.250000000000000000e+03,3.693676060574899278e+00
3.251000000000000000e+03,3.826125639793462874e+00
3.252000000000000000e+03,3.475606162878280170e+00
3.253000000000000000e+03,3.499297419139463017e+00
3.254000000000000000e+03,4.002259759743693301e+00
3.255000000000000000e+03,3.691823759871536215e+00
3.256000000000000000e+03,3.617804020961426392e+00
3.257000000000000000e+03,3.826090482264145276e+00
3.258000000000000000e+03,4.031992309859936618e+00
3.259000000000000000e+03,3.646500341694686842e+00
3.260000000000000000e+03,3.597490360697922718e+00
3.261000000000000000e+03,3.681679867683010698e+00
3.262000000000000000e+03,3.633263195584287342e+00
3.263000000000000000e+03,3.765827692522009773e+00
3.264000000000000000e+03,3.564924345101915026e+00
3.265000000000000000e+03,3.804341326728750694e+00
3.266000000000000000e+03,3.688657638856170262e+00
3.267000000000000000e+03,3.781185795911053305e+00
3.268000000000000000e+03,3.446178966298313995e+00
3.269000000000000000e+03,3.699063326112034478e+00
3.270000000000000000e+03,3.652717690013413954e+00
3.271000000000000000e+03,3.855116370283582672e+00
3.272000000000000000e+03,3.739064873038606684e+00
3.273000000000000000e+03,3.935802902494063726e+00
3.274000000000000000e+03,3.669309481279471097e+00
3.275000000000000000e+03,3.803801490348137637e+00
3.276000000000000000e+03,3.734015861214707410e+00
3.277000000000000000e+03,3.466755789182749847e+00
3.278000000000000000e+03,3.789847613139148308e+00
3.279000000000000000e+03,3.689916297314481231e+00
3.280000000000000000e+03,3.619117875629024983e+00
3.281000000000000000e+03,3.818473113675615593e+00
3.282000000000000000e+03,3.658412734767351626e+00
3.283000000000000000e+03,3.553716193957173974e+00
3.284000000000000000e+03,3.709007382112407214e+00
3.285000000000000000e+03,3.575993179168349911e+00
3.286000000000000000e+03,3.372828997556280406e+00
3.287000000000000000e+03,3.755662894053966916e+00
3.288000000000000000e+03,3.928574195417843029e+00
3.289000000000000000e+03,3.584650452795426823e+00
3.290000000000000000e+03,3.735232664630310673e+00
3.291000000000000000e+03,3.836143404122651646e+00
3.292000000000000000e+03,3.485440093506434689e+00
3.293000000000000000e+03,3.868578655530463983e+00
3.294000000000000000e+03,3.856676367132872763e+00
3.295000000000000000e+03,3.707466144652716622e+00
3.296000000000000000e+03,3.663901180770609667e+00
3.297000000000000000e+03,3.585526710087665325e+00
3.298000000000000000e+03,3.787412642639167881e+00
3.299000000000000000e+03,3.924450409229001568e+00
3.300000000000000000e+03,3.991934995887029825e+00
3.301000000000000000e+03,3.424161596316140699e+00
3.302000000000000000e+03,3.957313466568730842e+00
3.303000000000000000e+03,3.724016283916256054e+00
3.304000000000000000e+03,3.594688271464575813e+00
3.305000000000000000e+03,3.502102353315425187e+00
3.306000000000000000e+03,3.722451721383399192e+00
3.307000000000000000e+03,3.971101222134589381e+00
3.308000000000000000e+03,3.845960746331559932e+00
3.309000000000000000e+03,3.796142916243633092e+00
3.310000000000000000e+03,3.763325110496505754e+00
3.311000000000000000e+03,3.703019596919392864e+00
3.312000000000000000e+03,3.521695313912839964e+00
3.313000000000000000e+03,3.418714327520838481e+00
3.314000000000000000e+03,3.551558251737240823e+00
3.315000000000000000e+03,3.900494965815823001e+00
3.316000000000000000e+03,3.422696074881972361e+00
3.317000000000000000e+03,3.791983133006218143e+00
3.318000000000000000e+03,3.615018749592560976e+00
3.319000000000000000e+03,3.453255970393216412e+00
3.320000000000000000e+03,3.690154289222798756e+00
3.321000000000000000e+03,3.928734448583680816e+00
3.322000000000000000e+03,3.911062877696481976e+00
3.323000000000000000e+03,3.704963478295518087e+00
3.324000000000000000e+03,3.479568919794616910e+00
3.325000000000000000e+03,4.075595483157130161e+00
3.326000000000000000e+03,3.956068124249058737e+00
3.327000000000000000e+03,3.470010508754916678e+00
3.328000000000000000e+03,3.600012599684433656e+00
3.329000000000000000e+03,3.747926768666533182e+00
3.330000000000000000e+03,3.666156636005695635e+00
3.331000000000000000e+03,3.629369528285768087e+00
3.332000000000000000e+03,3.671870521463663994e+00
3.333000000000000000e+03,3.780153993084956809e+00
3.334000000000000000e+03,4.014249037563149436e+00
3.335000000000000000e+03,3.659246067640644196e+00
3.336000000000000000e+03,3.825593809341621743e+00
3.337000000000000000e+03,3.682226754958452641e+00
3.338000000000000000e+03,3.797459958651371092e+00
3.339000000000000000e+03,3.732330817225881781e+00
3.340000000000000000e+03,3.736638900897414128e+00
3.341000000000000000e+03,3.629868679874233894e+00
3.342000000000000000e+03,3.454049160652333583e+00
3.343000000000000000e+03,3.836332055073914837e+00
3.344000000000000000e+03,4.043280200707868310e+00
3.345000000000000000e+03,3.682419703084523377e+00
3.346000000000000000e+03,3.810765115988725249e+00
3.347000000000000000e+03,3.690471322488734440e+00
3.348000000000000000e+03,4.119733913587512397e+00
3.349000000000000000e+03,3.621658261445813931e+00
3.350000000000000000e+03,3.619462748826028253e+00
3.351000000000000000e+03,4.302626233068440165e+00
3.352000000000000000e+03,3.581074813616077712e+00
3.353000000000000000e+03,3.637772875093751690e+00
3.354000000000000000e+03,3.651338925924982881e+00
3.355000000000000000e+03,3.952739778117977387e+00
3.356000000000000000e+03,3.787810396259159607e+00
3.357000000000000000e+03,3.585001095003689464e+00
3.358000000000000000e+03,3.346900015045403354e+00
3.359000000000000000e+03,3.718061048436025917e+00
3.360000000000000000e+03,4.042494998691645414e+00
3.361000000000000000e+03,3.891978878301776135e+00
3.362000000000000000e+03,3.732924826179310873e+00
3.363000000000000000e+03,3.955723919046348236e+00
3.364000000000000000e+03,3.682381386292675529e+00
3.365000000000000000e+03,3.418027905444954495e+00
3.366000000000000000e+03,3.819088965372322342e+00
3.367000000000000000e+03,3.952058109092227767e+00
3.368000000000000000e+03,3.401675329565340800e+00
3.369000000000000000e+03,3.606860704211228175e+00
3.370000000000000000e+03,4.108768895171276192e+00
3.371000000000000000e+03,3.333083344359445643e+00
3.372000000000000000e+03,3.959414959586446958e+00
3.373000000000000000e+03,3.602421980462445106e+00
3.374000000000000000e+03,3.792717440108342775e+00
3.375000000000000000e+03,3.690979720308272594e+00
3.376000000000000000e+03,3.776879112885264789e+00
3.377000000000000000e+03,3.928511848262120854e+00
3.378000000000000000e+03,3.561465832742298332e+00
3.379000000000000000e+03,4.176922095522645151e+00
3.380000000000000000e+03,3.770941694545398182e+00
3.381000000000000000e+03,3.923744746055669363e+00
3.382000000000000000e+03,3.698796908624007784e+00
3.383000000000000000e+03,3.854990499938877768e+00
3.384000000000000000e+03,3.473694613556278288e+00
3.385000000000000000e+03,4.091293952353232122e+00
3.386000000000000000e+03,4.033834048049580900e+00
3.387000000000000000e+03,3.894482344010383734e+00
3.388000000000000000e+03,3.384943427974753227e+00
3.389000000000000000e+03,3.644048459806708884e+00
3.390000000000000000e+03,3.749287722873256623e+00
3.391000000000000000e+03,3.671525847807949550e+00
3.392000000000000000e+03,3.746339941368068249e+00
3.393000000000000000e+03,3.888642153474510366e+00
3.394000000000000000e+03,3.549439465232944180e+00
3.395000000000000000e+03,3.526872394726011439e+00
3.396000000000000000e+03,3.610304894964625699e+00
3.397000000000000000e+03,3.753112839096013342e+00
3.398000000000000000e+03,3.983241066473661274e+00
3.399000000000000000e+03,3.705162375719182943e+00
3.400000000000000000e+03,3.612580336337182896e+00
3.401000000000000000e+03,3.413339890289186052e+00
3.402000000000000000e+03,3.946557259911072091e+00
3.403000000000000000e+03,3.700985501138377654e+00
3.404000000000000000e+03,3.521531133058795504e+00
3.405000000000000000e+03,3.624915024522464169e+00
3.406000000000000000e+03,3.888772299568522328e+00
3.407000000000000000e+03,3.538526319777004492e+00
3.408000000000000000e+03,3.866344087472215030e+00
3.409000000000000000e+03,3.939526027542363362e+00
3.410000000000000000e+03,3.722491986408323239e+00
3.411000000000000000e+03,3.890829968832884678e+00
3.412000000000000000e+03,3.549463900150688467e+00
3.413000000000000000e+03,3.770142265927283631e+00
3.414000000000000000e+03,3.678922932219825803e+00
3.415000000000000000e+03,3.532265170314534242e+00
3.416000000000000000e+03,3.553703731872865479e+00
3.417000000000000000e+03,3.627212643641415379e+00
3.418000000000000000e+03,3.536594686950685684e+00
3.419000000000000000e+03,3.776491048172286646e+00
3.420000000000000000e+03,3.678906462970183977e+00
3.421000000000000000e+03,3.584067338501155664e+00
3.422000000000000000e+03,3.757841235780029265e+00
3.423000000000000000e+03,3.720914799103011816e+00
3.424000000000000000e+03,3.916840716996745630e+00
3.425000000000000000e+03,3.684362963129191204e+00
3.426000000000000000e+03,3.721871291709403895e+00
3.427000000000000000e+03,3.770123474828016796e+00
3.428000000000000000e+03,3.638592195576668242e+00
3.429000000000000000e+03,3.997550601519851199e+00
3.430000000000000000e+03,3.342464465778623328e+00
3.431000000000000000e+03,3.611214166530036795e+00
3.432000000000000000e+03,3.468527500594638102e+00
3.433000000000000000e+03,3.897113411418868356e+00
3.434000000000000000e+03,3.830034137908224778e+00
3.435000000000000000e+03,3.722092764848544011e+00
3.436000000000000000e+03,3.394356332724144831e+00
3.437000000000000000e+03,3.540596212208109606e+00
3.438000000000000000e+03,3.839239913420825712e+00
3.439000000000000000e+03,3.557786553385812844e+00
3.440000000000000000e+03,3.527770615287024292e+00
3.441000000000000000e+03,3.786107230160024262e+00
3.442000000000000000e+03,3.897194254771208843e+00
3.443000000000000000e+03,3.647805326875560805e+00
3.444000000000000000e+03,3.823704981586879548e+00
3.445000000000000000e+03,3.777128467913675625e+00
3.446000000000000000e+03,3.581875303588786252e+00
3.447000000000000000e+03,3.815238210561801679e+00
3.448000000000000000e+03,3.799741441391042862e+00
3.449000000000000000e+03,3.730704998332037725e+00
3.450000000000000000e+03,3.515597305199420930e+00
3.451000000000000000e+03,3.605791602533497731e+00
3.452000000000000000e+03,3.832954494779482690e+00
3.453000000000000000e+03,3.945319710551896009e+00
3.454000000000000000e+03,3.464007937804412851e+00
3.455000000000000000e+03,3.660440340482616239e+00
3.456000000000000000e+03,3.804729569698008795e+00
3.457000000000000000e+03,3.543950012467465882e+00
3.458000000000000000e+03,3.569908273418045841e+00
3.459000000000000000e+03,3.553386017627614191e+00
3.460000000000000000e+03,3.785148607168743240e+00
3.461000000000000000e+03,3.530241317734799988e+00
3.462000000000000000e+03,3.486242852772461376e+00
3.463000000000000000e+03,3.585995323838884641e+00
3.464000000000000000e+03,4.012129002989049731e+00
3.465000000000000000e+03,3.632107658091717983e+00
3.466000000000000000e+03,3.586525435373874249e+00
3.467000000000000000e+03,3.798397480122032821e+00
3.468000000000000000e+03,3.501385587190740889e+00
3.469000000000000000e+03,3.657915736021155162e+00
3.470000000000000000e+03,3.531734237477898386e+00
3.471000000000000000e+03,3.701328277435167013e+00
3.472000000000000000e+03,3.929587498995787076e+00
3.473000000000000000e+03,3.471518220584820291e+00
3.474000000000000000e+03,4.002744698966662185e+00
3.475000000000000000e+03,3.520007110680367646e+00
3.476000000000000000e+03,4.049674769935172058e+00
3.477000000000000000e+03,3.669842043422548716e+00
3.478000000000000000e+03,3.606589801501307146e+00
3.479000000000000000e+03,3.748686981081345237e+00
3.480000000000000000e+03,3.777427320685482925e+00
3.481000000000000000e+03,3.840325409993081696e+00
3.482000000000000000e+03,3.617692574762294999e+00
3.483000000000000000e+03,3.727250357042764417e+00
3.484000000000000000e+03,3.656951918435754401e+00
3.485000000000000000e+03,3.512197111985238429e+00
3.486000000000000000e+03,3.769697703333285688e+00
3.487000000000000000e+03,3.752190587867102689e+00
3.488000000000000000e+03,3.827123495720697210e+00
3.489000000000000000e+03,3.623565797616318029e+00
3.490000000000000000e+03,3.639754254634722130e+00
3.491000000000000000e+03,3.724672921409428739e+00
3.492000000000000000e+03,3.983716399298419475e+00
3.493000000000000000e+03,3.792826709609978586e+00
3.494000000000000000e+03,3.927672973219923147e+00
3.495000000000000000e+03,3.863772373773078694e+00
3.496000000000000000e+03,3.699223370757860341e+00
3.497000000000000000e+03,3.931893396992226730e+00
3.498000000000000000e+03,3.804431604012631141e+00
3.499000000000000000e+03,3.618516714691419445e+00
3.500000000000000000e+03,3.970525168083187229e+00
3.501000000000000000e+03,3.525492714800476879e+00
3.502000000000000000e+03,3.566864621586021133e+00
3.503000000000000000e+03,3.680066656790306201e+00
3.504000000000000000e+03,3.725146832251260420e+00
3.505000000000000000e+03,3.535558162792290737e+00
3.506000000000000000e+03,3.792997217326702586e+00
3.507000000000000000e+03,3.975159701885562669e+00
3.508000000000000000e+03,4.101957174679786711e+00
3.509000000000000000e+03,3.686902309520458054e+00
3.510000000000000000e+03,3.816238743873727302e+00
3.511000000000000000e+03,3.965133471247493269e+00
3.512000000000000000e+03,3.876832944806763770e+00
3.513000000000000000e+03,3.652949670601318921e+00
3.514000000000000000e+03,3.709715990169188959e+00
3.515000000000000000e+03,3.455512473215985203e+00
3.516000000000000000e+03,3.612634907312560983e+00
3.517000000000000000e+03,3.872393181662333372e+00
3.518000000000000000e+03,3.671383249957174577e+00
3.519000000000000000e+03,3.675823641470852721e+00
3.520000000000000000e+03,3.528894236895206316e+00
3.521000000000000000e+03,3.783579523035104142e+00
3.522000000000000000e+03,3.308181491713417799e+00
3.523000000000000000e+03,3.918069956795700026e+00
3.524000000000000000e+03,3.865863603855356434e+00
3.525000000000000000e+03,3.563246832713394152e+00
3.526000000000000000e+03,3.845720949023508695e+00
3.527000000000000000e+03,3.767259843047249479e+00
3.528000000000000000e+03,3.760340762875957754e+00
3.529000000000000000e+03,3.325558084878186715e+00
3.530000000000000000e+03,4.069270041979635266e+00
3.531000000000000000e+03,3.860863477023721124e+00
3.532000000000000000e+03,3.727647660155582798e+00
3.533000000000000000e+03,3.857098677311361801e+00
3.534000000000000000e+03,3.292017815486423249e+00
3.535000000000000000e+03,3.593278574172112272e+00
3.536000000000000000e+03,3.751076626986284079e+00
3.537000000000000000e+03,3.716562645231119344e+00
3.538000000000000000e+03,3.581322693091220533e+00
3.539000000000000000e+03,4.005463838682402411e+00
3.540000000000000000e+03,3.849714621165352124e+00
3.541000000000000000e+03,4.273920615086690411e+00
3.542000000000000000e+03,3.695369510634871180e+00
3.543000000000000000e+03,3.706931410011101047e+00
3.544000000000000000e+03,3.964589869112983944e+00
3.545000000000000000e+03,3.931868011099558302e+00
3.546000000000000000e+03,3.970092314243465648e+00
3.547000000000000000e+03,3.781869380431781558e+00
3.548000000000000000e+03,3.682675582626229627e+00
3.549000000000000000e+03,3.731640038762831235e+00
3.550000000000000000e+03,3.965494219056202585e+00
3.551000000000000000e+03,3.620829627814457830e+00
3.552000000000000000e+03,3.700006278516767999e+00
3.553000000000000000e+03,3.699674809956338795e+00
3.554000000000000000e+03,3.515036734359932247e+00
3.555000000000000000e+03,3.888654956447725741e+00
3.556000000000000000e+03,3.500218973446054704e+00
3.557000000000000000e+03,4.002504396867355041e+00
3.558000000000000000e+03,3.979148288788815435e+00
3.559000000000000000e+03,3.509093676688536778e+00
3.560000000000000000e+03,3.815018764597680523e+00
3.561000000000000000e+03,3.517763954262727033e+00
3.562000000000000000e+03,3.794173693580171758e+00
3.563000000000000000e+03,3.657814718476136484e+00
3.564000000000000000e+03,3.846226796975249940e+00
3.565000000000000000e+03,3.912826741597203561e+00
3.566000000000000000e+03,3.835175782398422051e+00
3.567000000000000000e+03,3.765125868560488698e+00
3.568000000000000000e+03,3.563754679812271231e+00
3.569000000000000000e+03,3.754998584023227615e+00
3.570000000000000000e+03,3.685388822375182727e+00
3.571000000000000000e+03,3.708685153548784363e+00
3.572000000000000000e+03,3.725787640610104035e+00
3.573000000000000000e+03,3.545891483444676417e+00
3.574000000000000000e+03,3.629500954673655411e+00
3.575000000000000000e+03,3.543224529383599553e+00
3.576000000000000000e+03,3.391175358327802591e+00
3.577000000000000000e+03,3.610268945342142377e+00
3.578000000000000000e+03,3.578337524945036208e+00
3.579000000000000000e+03,3.470645147366475225e+00
3.580000000000000000e+03,3.755540372752947054e+00
3.581000000000000000e+03,3.314958643177944086e+00
3.582000000000000000e+03,3.608954254962629449e+00
3.583000000000000000e+03,3.855643894831692009e+00
3.584000000000000000e+03,3.885077801375007578e+00
3.585000000000000000e+03,3.569233554621302318e+00
3.586000000000000000e+03,3.660657687299675001e+00
3.587000000000000000e+03,3.999606727007565254e+00
3.588000000000000000e+03,3.809925032351816565e+00
3.589000000000000000e+03,3.707872504556642745e+00
3.590000000000000000e+03,3.962455662396138667e+00
3.591000000000000000e+03,3.767126841043667351e+00
3.592000000000000000e+03,3.574632789667509414e+00
3.593000000000000000e+03,3.825577604422168765e+00
3.594000000000000000e+03,4.073999053415470861e+00
3.595000000000000000e+03,3.912183326398401384e+00
3.596000000000000000e+03,3.771853527228446801e+00
3.597000000000000000e+03,3.983498194067606413e+00
3.598000000000000000e+03,3.726410705781161070e+00
3.599000000000000000e+03,3.689812965354946517e+00
3.600000000000000000e+03,3.715354338009719815e+00
3.601000000000000000e+03,3.524744000368571051e+00
3.602000000000000000e+03,3.889080553636783399e+00
3.603000000000000000e+03,3.657574534837636282e+00
3.604000000000000000e+03,3.811866566823691294e+00
3.605000000000000000e+03,3.702768213165292366e+00
3.606000000000000000e+03,3.987767827646178542e+00
3.607000000000000000e+03,3.634216947504414819e+00
3.608000000000000000e+03,3.679731374599476634e+00
3.609000000000000000e+03,3.792922519419624106e+00
3.610000000000000000e+03,3.789461942631419777e+00
3.611000000000000000e+03,3.971079996359683228e+00
3.612000000000000000e+03,3.724714027963186513e+00
3.613000000000000000e+03,3.489942422029305380e+00
3.614000000000000000e+03,3.672275196699847921e+00
3.615000000000000000e+03,3.882257686444475109e+00
3.616000000000000000e+03,3.710428830634620923e+00
3.617000000000000000e+03,3.820979261485180967e+00
3.618000000000000000e+03,3.697067902243301951e+00
3.619000000000000000e+03,3.591405077783467181e+00
3.620000000000000000e+03,3.935096788275014301e+00
3.621000000000000000e+03,3.539596137428118627e+00
3.622000000000000000e+03,3.707682158118476679e+00
3.623000000000000000e+03,3.679834487947938992e+00
3.624000000000000000e+03,3.685566386287979501e+00
3.625000000000000000e+03,3.548600555187771288e+00
3.626000000000000000e+03,3.915097690433837929e+00
3.627000000000000000e+03,3.559489922783737992e+00
3.628000000000000000e+03,3.647949058953714907e+00
3.629000000000000000e+03,3.637869928328579139e+00
3.630000000000000000e+03,4.000138062097688518e+00
3.631000000000000000e+03,3.990476547553945874e+00
3.632000000000000000e+03,3.990059531484862809e+00
3.633000000000000000e+03,3.886056870501360283e+00
3.634000000000000000e+03,3.941309841900344058e+00
3.635000000000000000e+03,3.607743310045496532e+00
3.636000000000000000e+03,3.703602515862403965e+00
3.637000000000000000e+03,3.961538449481453394e+00
3.638000000000000000e+03,3.980885334693329280e+00
3.639000000000000000e+03,3.704888562777818528e+00
3.640000000000000000e+03,3.960694739375822504e+00
3.641000000000000000e+03,3.757024924878786365e+00
3.642000000000000000e+03,3.506982882321162620e+00
3.643000000000000000e+03,3.573134001749414868e+00
3.644000000000000000e+03,3.666022797427202384e+00
3.645000000000000000e+03,3.773381381898965437e+00
3.646000000000000000e+03,3.517029746151238978e+00
3.647000000000000000e+03,3.891494265021068433e+00
3.648000000000000000e+03,3.727205044669041900e+00
3.649000000000000000e+03,3.743990682298633743e+00
3.650000000000000000e+03,3.692464968908369283e+00
3.651000000000000000e+03,3.837576537238332808e+00
3.652000000000000000e+03,3.486391905932980428e+00
3.653000000000000000e+03,3.529878298827823002e+00
3.654000000000000000e+03,3.899933529508869956e+00
3.655000000000000000e+03,3.539809273539569645e+00
3.656000000000000000e+03,3.796392585303597134e+00
3.657000000000000000e+03,3.195755033519120936e+00
3.658000000000000000e+03,3.514089129455533200e+00
3.659000000000000000e+03,3.373144181440237421e+00
3.660000000000000000e+03,4.049463289288955714e+00
3.661000000000000000e+03,3.506618309253441979e+00
3.662000000000000000e+03,3.792905076999257385e+00
3.663000000000000000e+03,3.844600652999873969e+00
3.664000000000000000e+03,3.987595587267585007e+00
3.665000000000000000e+03,3.720645593933158413e+00
3.666000000000000000e+03,3.480765649079720525e+00
3.667000000000000000e+03,3.291399941083623215e+00
3.668000000000000000e+03,3.725651570002075363e+00
3.669000000000000000e+03,3.508139419616229659e+00
3.670000000000000000e+03,3.939058457456962703e+00
3.671000000000000000e+03,4.004299514973237883e+00
3.672000000000000000e+03,3.701421823231648478e+00
3.673000000000000000e+03,3.568240199387135547e+00
3.674000000000000000e+03,3.711528808901583432e+00
3.675000000000000000e+03,3.453102238446352334e+00
3.676000000000000000e+03,3.750962662211376752e+00
3.677000000000000000e+03,3.677262136623296040e+00
3.678000000000000000e+03,3.773900612860706882e+00
3.679000000000000000e+03,3.672805239847545256e+00
3.680000000000000000e+03,3.647205379456529784e+00
3.681000000000000000e+03,3.726246290175460274e+00
3.682000000000000000e+03,3.351387487556718447e+00
3.683000000000000000e+03,3.773694341063590585e+00
3.684000000000000000e+03,3.814129041514030760e+00
3.685000000000000000e+03,3.742721770028064832e+00
3.686000000000000000e+03,3.541239943533383006e+00
3.687000000000000000e+03,3.383187572015469602e+00
3.688000000000000000e+03,3.498043273896080052e+00
3.689000000000000000e+03,3.825318086920772576e+00
3.690000000000000000e+03,3.792844959440677677e+00
3.691000000000000000e+03,3.622823955561726095e+00
3.692000000000000000e+03,3.510933239462205258e+00
3.693000000000000000e+03,3.798771724392881133e+00
3.694000000000000000e+03,3.640805850050894854e+00
3.695000000000000000e+03,3.788603084365675944e+00
3.696000000000000000e+03,3.610479438796356799e+00
3.697000000000000000e+03,3.905712924046374823e+00
3.698000000000000000e+03,3.603248116009111435e+00
3.699000000000000000e+03,3.816486711832309364e+00
3.700000000000000000e+03,3.613379783022633074e+00
3.701000000000000000e+03,3.881155286080713918e+00
3.702000000000000000e+03,3.938067711615690580e+00
3.703000000000000000e+03,3.799534074111019066e+00
3.704000000000000000e+03,3.959358401792275384e+00
3.705000000000000000e+03,3.585581094585764461e+00
3.706000000000000000e+03,3.469681586605682266e+00
3.707000000000000000e+03,3.766789722931846995e+00
3.708000000000000000e+03,3.651090716169453909e+00
3.709000000000000000e+03,3.613733474699256654e+00
3.710000000000000000e+03,3.511696807243925633e+00
3.711000000000000000e+03,3.964696165726455224e+00
3.712000000000000000e+03,3.481647237008113294e+00
3.713000000000000000e+03,4.012866667831914036e+00
3.714000000000000000e+03,3.679014037235380119e+00
3.715000000000000000e+03,3.846638399465988734e+00
3.716000000000000000e+03,3.705917903398006974e+00
3.717000000000000000e+03,3.857127438475627113e+00
3.718000000000000000e+03,4.067963501967207129e+00
3.719000000000000000e+03,3.682487782545518673e+00
3.720000000000000000e+03,3.587378204571449292e+00
3.721000000000000000e+03,3.673900908022318834e+00
3.722000000000000000e+03,3.800510060290309688e+00
3.723000000000000000e+03,3.871353357772153725e+00
3.724000000000000000e+03,3.675345579439561305e+00
3.725000000000000000e+03,3.743065636752094250e+00
3.726000000000000000e+03,3.609340662970922153e+00
3.727000000000000000e+03,3.683693645067731115e+00
3.728000000000000000e+03,3.512216261408197315e+00
3.729000000000000000e+03,3.737394806652941437e+00
3.730000000000000000e+03,3.758164890764640109e+00
3.731000000000000000e+03,3.921751638297767961e+00
3.732000000000000000e+03,3.882206113705173767e+00
3.733000000000000000e+03,3.708332870557186300e+00
3.734000000000000000e+03,3.487443019446514025e+00
3.735000000000000000e+03,3.747072965296707636e+00
3.736000000000000000e+03,3.992532329462626262e+00
3.737000000000000000e+03,3.665378698089816645e+00
3.738000000000000000e+03,3.798079526003952822e+00
3.739000000000000000e+03,3.870019122436175074e+00
3.740000000000000000e+03,3.748008758921939521e+00
3.741000000000000000e+03,3.731413124983176566e+00
3.742000000000000000e+03,3.443386462112181690e+00
3.743000000000000000e+03,3.466357479081423332e+00
3.744000000000000000e+03,3.815454298598950800e+00
3.745000000000000000e+03,3.391544909012068842e+00
3.746000000000000000e+03,3.444526580810789440e+00
3.747000000000000000e+03,3.385344559685842469e+00
3.748000000000000000e+03,3.416839749634420276e+00
3.749000000000000000e+03,3.771024576326483579e+00
3.750000000000000000e+03,3.887628503241356892e+00
3.751000000000000000e+03,3.716093609167579359e+00
3.752000000000000000e+03,3.626927432570235421e+00
3.753000000000000000e+03,3.994043139818814758e+00
3.754000000000000000e+03,3.646212106180394041e+00
3.755000000000000000e+03,3.689336835015653016e+00
3.756000000000000000e+03,3.875251184866265408e+00
3.757000000000000000e+03,3.550827233742821942e+00
3.758000000000000000e+03,3.506042294752007127e+00
3.759000000000000000e+03,3.821172746245053542e+00
3.760000000000000000e+03,3.902777318203927592e+00
3.761000000000000000e+03,3.657938966809771930e+00
3.762000000000000000e+03,3.402320952238476970e+00
3.763000000000000000e+03,3.913186065448235773e+00
3.764000000000000000e+03,3.478255091099768492e+00
3.765000000000000000e+03,3.905167126611356121e+00
3.766000000000000000e+03,3.605266531895205073e+00
3.767000000000000000e+03,3.563716519486824996e+00
3.768000000000000000e+03,3.739939407629836676e+00
3.769000000000000000e+03,3.893072523975325883e+00
3.770000000000000000e+03,3.497433504974559071e+00
3.771000000000000000e+03,3.784603109601198057e+00
3.772000000000000000e+03,3.812138204501186234e+00
3.773000000000000000e+03,3.769494613928190407e+00
3.774000000000000000e+03,3.827116043224412234e+00
3.775000000000000000e+03,3.783692158277416784e+00
3.776000000000000000e+03,3.537692860248030868e+00
3.777000000000000000e+03,3.605319235993142080e+00
3.778000000000000000e+03,3.828552081668797236e+00
3.779000000000000000e+03,3.843596361882858581e+00
3.780000000000000000e+03,3.814441540268276754e+00
3.781000000000000000e+03,3.812869810116414016e+00
3.782000000000000000e+03,3.685995161736988379e+00
3.783000000000000000e+03,3.745016775273110277e+00
3.784000000000000000e+03,3.797828916708159142e+00
3.785000000000000000e+03,3.561108323352873750e+00
3.786000000000000000e+03,3.933660228959976468e+00
3.787000000000000000e+03,3.821033962909835768e+00
3.788000000000000000e+03,3.764039807096112966e+00
3.789000000000000000e+03,3.418466693510693766e+00
3.790000000000000000e+03,4.086133100436039278e+00
3.791000000000000000e+03,3.533571040418884479e+00
3.792000000000000000e+03,4.010684794225313432e+00
3.793000000000000000e+03,3.653452420625029173e+00
3.794000000000000000e+03,3.838780521889035846e+00
3.795000000000000000e+03,3.659449804299404807e+00
3.796000000000000000e+03,3.487680827000911421e+00
3.797000000000000000e+03,3.550785758406626247e+00
3.798000000000000000e+03,3.608111810739045300e+00
3.799000000000000000e+03,3.707358810323499121e+00
3.800000000000000000e+03,3.798745304098299691e+00
3.801000000000000000e+03,3.327429761131714514e+00
3.802000000000000000e+03,3.582175648875318696e+00
3.803000000000000000e+03,3.617105070590092453e+00
3.804000000000000000e+03,3.647506335364217644e+00
3.805000000000000000e+03,3.776210779849032750e+00
3.806000000000000000e+03,3.820820317074029582e+00
3.807000000000000000e+03,3.605068851532400309e+00
3.808000000000000000e+03,3.468873017397995362e+00
3.809000000000000000e+03,3.789286947474107770e+00
3.810000000000000000e+03,3.478907248500180849e+00
3.811000000000000000e+03,3.738757713102212055e+00
3.812000000000000000e+03,3.749456051800176937e+00
3.813000000000000000e+03,3.521142262463519135e+00
3.814000000000000000e+03,3.600277959860401999e+00
3.815000000000000000e+03,3.573723914129296908e+00
3.816000000000000000e+03,3.672088570339053781e+00
3.817000000000000000e+03,3.598536510399249710e+00
3.818000000000000000e+03,3.626013913683948431e+00
3.819000000000000000e+03,3.735733783324142632e+00
3.820000000000000000e+03,3.469857128561697479e+00
3.821000000000000000e+03,3.517101379630775515e+00
3.822000000000000000e+03,3.541858937227379212e+00
3.823000000000000000e+03,3.798594152676557201e+00
3.824000000000000000e+03,3.749955154878763075e+00
3.825000000000000000e+03,3.849997993967306353e+00
3.826000000000000000e+03,3.835955877361051591e+00
3.827000000000000000e+03,3.712624878345198720e+00
3.828000000000000000e+03,3.679309506040369548e+00
3.829000000000000000e+03,3.814815051813662983e+00
3.830000000000000000e+03,3.859226684869395019e+00
3.831000000000000000e+03,3.799694340001999571e+00
3.832000000000000000e+03,3.843999782656739139e+00
3.833000000000000000e+03,3.901923993133471491e+00
3.834000000000000000e+03,3.545488969886915864e+00
3.835000000000000000e+03,3.734372309909453236e+00
3.836000000000000000e+03,3.420168053292149679e+00
3.837000000000000000e+03,3.502163039028955982e+00
3.838000000000000000e+03,3.640942645321101789e+00
3.839000000000000000e+03,3.592254789451902575e+00
3.840000000000000000e+03,3.828608235098625912e+00
3.841000000000000000e+03,3.716391890033348133e+00
3.842000000000000000e+03,3.884738982562585541e+00
3.843000000000000000e+03,3.667275257581941617e+00
3.844000000000000000e+03,3.723156520282027149e+00
3.845000000000000000e+03,3.634240217702692455e+00
3.846000000000000000e+03,4.003196102619403618e+00
3.847000000000000000e+03,3.559973902272311808e+00
3.848000000000000000e+03,3.683071362462068787e+00
3.849000000000000000e+03,3.972502844674001388e+00
3.850000000000000000e+03,3.459273465554641103e+00
3.851000000000000000e+03,4.023229168074838213e+00
3.852000000000000000e+03,3.444019438669754241e+00
3.853000000000000000e+03,3.609615226739983473e+00
3.854000000000000000e+03,3.741606647012211795e+00
3.855000000000000000e+03,3.504000464622437860e+00
3.856000000000000000e+03,3.563468756521026570e+00
3.857000000000000000e+03,3.730450966900028309e+00
3.858000000000000000e+03,3.491303950292238500e+00
3.859000000000000000e+03,4.048014146531616397e+00
3.860000000000000000e+03,3.988322390951779095e+00
3.861000000000000000e+03,3.818166208972371578e+00
3.862000000000000000e+03,3.878843647499042202e+00
3.863000000000000000e+03,3.722060377659643926e+00
3.864000000000000000e+03,3.439904256718286479e+00
3.865000000000000000e+03,3.680198363505279069e+00
3.866000000000000000e+03,3.996081616849921136e+00
3.867000000000000000e+03,3.613933723096470541e+00
3.868000000000000000e+03,3.594098474032389579e+00
3.869000000000000000e+03,3.822488085196289465e+00
3.870000000000000000e+03,3.486464964506984732e+00
3.871000000000000000e+03,3.697018037204340413e+00
3.872000000000000000e+03,3.995247346586221049e+00
3.873000000000000000e+03,3.826655844826963637e+00
3.874000000000000000e+03,3.550082166187396471e+00
3.875000000000000000e+03,3.654020031811726632e+00
3.876000000000000000e+03,3.735684380972631224e+00
3.877000000000000000e+03,3.593473654370943571e+00
3.878000000000000000e+03,3.569799494570140563e+00
3.879000000000000000e+03,3.343746550982344523e+00
3.880000000000000000e+03,3.948137865601535346e+00
3.881000000000000000e+03,3.677010497536183919e+00
3.882000000000000000e+03,3.641138755065829180e+00
3.883000000000000000e+03,3.644784406959661105e+00
3.884000000000000000e+03,3.936590599496784915e+00
3.885000000000000000e+03,3.847780486355819818e+00
3.886000000000000000e+03,3.530170390850406736e+00
3.887000000000000000e+03,3.769763511567523206e+00
3.888000000000000000e+03,3.681842285530716907e+00
3.889000000000000000e+03,3.557300680717075725e+00
3.890000000000000000e+03,4.093022036277612408e+00
3.891000000000000000e+03,3.684663737363758962e+00
3.892000000000000000e+03,3.521770987365219430e+00
3.893000000000000000e+03,3.715173902962219277e+00
3.894000000000000000e+03,3.490621040306401301e+00
3.895000000000000000e+03,3.802136687573226315e+00
3.896000000000000000e+03,3.140348179320490374e+00
3.897000000000000000e+03,3.473486673630805655e+00
3.898000000000000000e+03,3.706599107274009430e+00
3.899000000000000000e+03,3.468530817839456937e+00
3.900000000000000000e+03,3.767014249787857150e+00
3.901000000000000000e+03,3.793741924055044734e+00
3.902000000000000000e+03,3.844364535434286800e+00
3.903000000000000000e+03,3.590798770862542622e+00
3.904000000000000000e+03,3.677812916027438650e+00
3.905000000000000000e+03,3.508696043642440809e+00
3.906000000000000000e+03,4.016401424894723071e+00
3.907000000000000000e+03,3.971385015496940341e+00
3.908000000000000000e+03,3.602404674447330368e+00
3.909000000000000000e+03,3.471209216837592759e+00
3.910000000000000000e+03,3.718938557410074619e+00
3.911000000000000000e+03,3.630493257283819553e+00
3.912000000000000000e+03,3.579627234297748206e+00
3.913000000000000000e+03,3.670603941415997440e+00
3.914000000000000000e+03,3.203079854565842766e+00
3.915000000000000000e+03,3.575561443756141156e+00
3.916000000000000000e+03,3.640333130806485240e+00
3.917000000000000000e+03,3.605797035933449024e+00
3.918000000000000000e+03,3.741152827773368106e+00
3.919000000000000000e+03,3.407090953593931548e+00
3.920000000000000000e+03,3.377018407340539152e+00
3.921000000000000000e+03,3.994054315258466215e+00
3.922000000000000000e+03,3.463862627869025879e+00
3.923000000000000000e+03,3.783252590349073685e+00
3.924000000000000000e+03,3.909983495457941771e+00
3.925000000000000000e+03,3.846021724218497084e+00
3.926000000000000000e+03,3.772716396443854148e+00
3.927000000000000000e+03,3.660435669257777302e+00
3.928000000000000000e+03,3.804072340683664066e+00
3.929000000000000000e+03,3.366103198272619945e+00
3.930000000000000000e+03,3.487420104736639548e+00
3.931000000000000000e+03,3.260311215095996307e+00
3.932000000000000000e+03,3.839578215083452317e+00
3.933000000000000000e+03,3.669354120746553427e+00
3.934000000000000000e+03,3.622396359846201452e+00
3.935000000000000000e+03,3.498459579156197208e+00
3.936000000000000000e+03,3.630745566805188673e+00
3.937000000000000000e+03,3.580531473826322753e+00
3.938000000000000000e+03,3.570057056135466755e+00
3.939000000000000000e+03,3.716701642448460241e+00
3.940000000000000000e+03,3.901290010455800150e+00
3.941000000000000000e+03,3.688228243195992739e+00
3.942000000000000000e+03,3.825783557907973087e+00
3.943000000000000000e+03,3.679652031789689914e+00
3.944000000000000000e+03,3.824782234260701408e+00
3.945000000000000000e+03,3.587296785746330485e+00
3.946000000000000000e+03,3.296063026070686686e+00
3.947000000000000000e+03,3.729040613231279888e+00
3.948000000000000000e+03,3.640649608470684306e+00
3.949000000000000000e+03,3.428076685675478075e+00
3.950000000000000000e+03,3.774788020362143115e+00
3.951000000000000000e+03,3.535904010487734617e+00
3.952000000000000000e+03,3.732804174914650108e+00
3.953000000000000000e+03,3.742635345840113370e+00
3.954000000000000000e+03,3.600241822486392351e+00
3.955000000000000000e+03,3.956067037864406277e+00
3.956000000000000000e+03,3.478018242078530164e+00
3.957000000000000000e+03,3.721610666679973978e+00
3.958000000000000000e+03,3.612959681642141430e+00
3.959000000000000000e+03,3.834633561993283646e+00
3.960000000000000000e+03,3.842133510452657053e+00
3.961000000000000000e+03,3.885955827033968468e+00
3.962000000000000000e+03,3.758278890467811273e+00
3.963000000000000000e+03,3.420754220537080670e+00
3.964000000000000000e+03,3.498387482083674893e+00
3.965000000000000000e+03,3.573250141823673953e+00
3.966000000000000000e+03,3.603578451107023461e+00
3.967000000000000000e+03,3.573611456593914770e+00
3.968000000000000000e+03,3.755450300118894358e+00
3.969000000000000000e+03,3.610679040315383226e+00
3.970000000000000000e+03,3.443394684631291280e+00
3.971000000000000000e+03,3.526925334989990723e+00
3.972000000000000000e+03,3.369542951156126787e+00
3.973000000000000000e+03,3.648324861049330625e+00
3.974000000000000000e+03,3.928161994065181961e+00
3.975000000000000000e+03,3.523319376506771849e+00
3.976000000000000000e+03,3.923647480700647616e+00
3.977000000000000000e+03,3.401906807288606505e+00
3.978000000000000000e+03,3.574908954792963112e+00
3.979000000000000000e+03,3.749480418292129080e+00
3.980000000000000000e+03,3.290916152075901380e+00
3.981000000000000000e+03,3.581360202112099600e+00
3.982000000000000000e+03,3.629968164871794301e+00
3.983000000000000000e+03,3.558143329706826119e+00
3.984000000000000000e+03,3.598576359547790204e+00
3.985000000000000000e+03,3.935148199666057778e+00
3.986000000000000000e+03,3.827117424435691806e+00
3.987000000000000000e+03,3.178089431970851031e+00
3.988000000000000000e+03,3.629204605015106555e+00
3.989000000000000000e+03,3.820241526079672489e+00
3.990000000000000000e+03,3.833817226681657697e+00
3.991000000000000000e+03,3.529886053333936236e+00
3.992000000000000000e+03,3.558492041473937828e+00
3.993000000000000000e+03,3.829151308856528324e+00
3.994000000000000000e+03,3.600917199805786062e+00
3.995000000000000000e+03,3.812902128733945517e+00
3.996000000000000000e+03,3.426573559540189162e+00
3.997000000000000000e+03,3.743563750068445550e+00
3.998000000000000000e+03,3.425231053104283330e+00
3.999000000000000000e+03,3.598015572554069230e+00
4.000000000000000000e+03,3.444201944607200527e+00
4.001000000000000000e+03,3.889629613781037776e+00
4.002000000000000000e+03,3.438874472594803500e+00
4.003000000000000000e+03,3.778065994181338816e+00
4.004000000000000000e+03,3.934486887137573330e+00
4.005000000000000000e+03,3.517786361230167635e+00
4.006000000000000000e+03,4.301268579031527040e+00
4.007000000000000000e+03,3.226185135841088236e+00
4.008000000000000000e+03,3.742495217765505089e+00
4.009000000000000000e+03,3.772418997381873140e+00
4.010000000000000000e+03,3.962865182706791778e+00
4.011000000000000000e+03,3.708450276342976526e+00
4.012000000000000000e+03,3.630829032366502673e+00
4.013000000000000000e+03,3.551422512662712805e+00
4.014000000000000000e+03,4.188300348952751939e+00
4.015000000000000000e+03,3.839266151467471300e+00
4.016000000000000000e+03,3.740974555520193867e+00
4.017000000000000000e+03,3.699772945219020226e+00
4.018000000000000000e+03,3.489450764871339761e+00
4.019000000000000000e+03,3.925089190252646354e+00
4.020000000000000000e+03,3.819243860681069691e+00
4.021000000000000000e+03,3.710091096099244812e+00
4.022000000000000000e+03,3.625233016654917595e+00
4.023000000000000000e+03,3.782044139199095767e+00
4.024000000000000000e+03,3.617794618406428242e+00
4.025000000000000000e+03,3.673940404828457851e+00
4.026000000000000000e+03,3.555980180531055357e+00
4.027000000000000000e+03,3.781981576847444515e+00
4.028000000000000000e+03,3.511834029154993875e+00
4.029000000000000000e+03,3.659436084806916512e+00
4.030000000000000000e+03,3.565174401159827422e+00
4.031000000000000000e+03,3.674808703276011723e+00
4.032000000000000000e+03,3.788849792346314249e+00
4.033000000000000000e+03,3.632550043344095592e+00
4.034000000000000000e+03,3.558693231563427428e+00
4.035000000000000000e+03,3.754488469181309629e+00
4.036000000000000000e+03,3.860038231774729933e+00
4.037000000000000000e+03,3.838738048929013935e+00
4.038000000000000000e+03,3.690755631912812973e+00
4.039000000000000000e+03,3.915609379901672682e+00
4.040000000000000000e+03,3.707745298857373140e+00
4.041000000000000000e+03,3.593418830673849040e+00
4.042000000000000000e+03,3.865578468395367562e+00
4.043000000000000000e+03,3.440519648141515674e+00
4.044000000000000000e+03,3.754081962247989068e+00
4.045000000000000000e+03,3.711322371129718967e+00
4.046000000000000000e+03,3.323086924356795979e+00
4.047000000000000000e+03,3.767699997932167033e+00
4.048000000000000000e+03,3.373337551811208979e+00
4.049000000000000000e+03,3.675077636331922637e+00
4.050000000000000000e+03,3.612744501779102002e+00
4.051000000000000000e+03,3.896818871710871157e+00
4.052000000000000000e+03,3.768556174267860825e+00
4.053000000000000000e+03,3.479057237583861095e+00
4.054000000000000000e+03,3.685940886051708887e+00
4.055000000000000000e+03,3.353035874842841491e+00
4.056000000000000000e+03,3.595101516684398479e+00
4.057000000000000000e+03,3.439162743187804683e+00
4.058000000000000000e+03,3.827041595628734250e+00
4.059000000000000000e+03,3.825474629732343423e+00
4.060000000000000000e+03,3.814524102007295525e+00
4.061000000000000000e+03,3.625150696929986260e+00
4.062000000000000000e+03,3.543610618747672802e+00
4.063000000000000000e+03,3.422798221703642785e+00
4.064000000000000000e+03,3.577344898397788242e+00
4.065000000000000000e+03,3.876110277377597058e+00
4.066000000000000000e+03,3.934858392794486903e+00
4.067000000000000000e+03,3.917870441900875633e+00
4.068000000000000000e+03,3.932159893771396852e+00
4.069000000000000000e+03,3.694439624860298643e+00
4.070000000000000000e+03,3.584981195138547516e+00
4.071000000000000000e+03,3.943923450310079293e+00
4.072000000000000000e+03,3.605509876330620145e+00
4.073000000000000000e+03,3.564757444269603504e+00
4.074000000000000000e+03,3.496074851447639187e+00
4.075000000000000000e+03,3.841983790604956539e+00
4.076000000000000000e+03,3.455874021006416719e+00
4.077000000000000000e+03,3.599619666138943241e+00
4.078000000000000000e+03,3.327891356550034985e+00
4.079000000000000000e+03,3.555280657967897717e+00
4.080000000000000000e+03,3.948111500660318018e+00
4.081000000000000000e+03,3.763834747686119808e+00
4.082000000000000000e+03,3.544577494721774968e+00
4.083000000000000000e+03,3.586014448106723318e+00
4.084000000000000000e+03,3.446928295909148954e+00
4.085000000000000000e+03,3.730877611439782360e+00
4.086000000000000000e+03,3.659020384791471070e+00
4.087000000000000000e+03,3.783170023472478771e+00
4.088000000000000000e+03,3.812459441410226191e+00
4.089000000000000000e+03,3.881048295440149509e+00
4.090000000000000000e+03,4.011742875097437988e+00
4.091000000000000000e+03,3.767963319402955147e+00
4.092000000000000000e+03,3.423332818962259605e+00
4.093000000000000000e+03,3.461418355794036117e+00
4.094000000000000000e+03,3.565909013446810771e+00
4.095000000000000000e+03,3.435119305469759521e+00
4.096000000000000000e+03,3.641767756414798995e+00
4.097000000000000000e+03,3.729883499448248596e+00
4.098000000000000000e+03,3.570215458366701622e+00
4.099000000000000000e+03,3.573295595588012574e+00
4.100000000000000000e+03,3.752968277592743540e+00
4.101000000000000000e+03,3.675515520650240564e+00
4.102000000000000000e+03,3.741591354309619977e+00
4.103000000000000000e+03,3.655557329078358286e+00
4.104000000000000000e+03,3.880610349562299444e+00
4.105000000000000000e+03,3.797636450392281926e+00
4.106000000000000000e+03,3.288919062247101621e+00
4.107000000000000000e+03,4.048870526531188396e+00
4.108000000000000000e+03,3.583203375469234953e+00
4.109000000000000000e+03,3.307841357557013140e+00
4.110000000000000000e+03,3.932912293169237294e+00
4.111000000000000000e+03,3.541624134403877022e+00
4.112000000000000000e+03,3.631291888081341401e+00
4.113000000000000000e+03,3.356151179748437574e+00
4.114000000000000000e+03,3.651100418315823326e+00
4.115000000000000000e+03,3.790177716151029941e+00
4.116000000000000000e+03,3.793982526962159429e+00
4.117000000000000000e+03,3.522047703158166065e+00
4.118000000000000000e+03,3.559214266476881328e+00
4.119000000000000000e+03,3.866998081540653054e+00
4.120000000000000000e+03,3.580201382737802973e+00
4.121000000000000000e+03,3.894888170841856123e+00
4.122000000000000000e+03,3.376929449023689411e+00
4.123000000000000000e+03,3.579689501454162759e+00
4.124000000000000000e+03,3.731303877751529718e+00
4.125000000000000000e+03,3.790986235570090290e+00
4.126000000000000000e+03,3.637987161769974609e+00
4.127000000000000000e+03,3.749901648555628242e+00
4.128000000000000000e+03,3.480246719426207669e+00
4.129000000000000000e+03,3.975193446874991210e+00
4.130000000000000000e+03,3.947430342281962101e+00
4.131000000000000000e+03,4.076139208686125670e+00
4.132000000000000000e+03,3.602217697634129134e+00
4.133000000000000000e+03,3.351551849183401544e+00
4.134000000000000000e+03,4.051494633463770256e+00
4.135000000000000000e+03,3.778336824625629919e+00
4.136000000000000000e+03,3.519936342942947327e+00
4.137000000000000000e+03,3.669365984071406128e+00
4.138000000000000000e+03,3.540180089592754431e+00
4.139000000000000000e+03,3.797274015535534453e+00
4.140000000000000000e+03,3.282835438520171234e+00
4.141000000000000000e+03,3.718122402789690639e+00
4.142000000000000000e+03,4.116389236099957216e+00
4.143000000000000000e+03,3.492390252955016372e+00
4.144000000000000000e+03,3.567182045963666503e+00
4.145000000000000000e+03,3.844140265829234515e+00
4.146000000000000000e+03,3.387591129831654335e+00
4.147000000000000000e+03,3.984313346313615334e+00
4.148000000000000000e+03,3.631655619960342918e+00
4.149000000000000000e+03,3.692040629846725874e+00
4.150000000000000000e+03,3.898857707035842335e+00
4.151000000000000000e+03,3.700123484130613871e+00
4.152000000000000000e+03,4.286162755864733498e+00
4.153000000000000000e+03,3.847444766470690336e+00
4.154000000000000000e+03,3.657560954368517692e+00
4.155000000000000000e+03,3.710243280292032875e+00
4.156000000000000000e+03,3.352263175121930505e+00
4.157000000000000000e+03,3.800844381429553387e+00
4.158000000000000000e+03,3.645018316027934802e+00
4.159000000000000000e+03,3.823632640498103363e+00
4.160000000000000000e+03,4.075183365386639167e+00
4.161000000000000000e+03,3.383422159815185015e+00
4.162000000000000000e+03,3.509819385387741963e+00
4.163000000000000000e+03,3.356345977396879121e+00
4.164000000000000000e+03,3.743407648899528262e+00
4.165000000000000000e+03,3.825542065605620046e+00
4.166000000000000000e+03,3.681737398550013918e+00
4.167000000000000000e+03,4.002852185560008103e+00
4.168000000000000000e+03,3.601432525712760846e+00
4.169000000000000000e+03,3.792260173369212506e+00
4.170000000000000000e+03,3.887780921108465737e+00
4.171000000000000000e+03,3.403417205948849666e+00
4.172000000000000000e+03,3.761370426868946737e+00
4.173000000000000000e+03,3.679968486855301091e+00
4.174000000000000000e+03,3.604519612192759404e+00
4.175000000000000000e+03,3.851169599389686393e+00
4.176000000000000000e+03,3.735491707767398140e+00
4.177000000000000000e+03,3.999067126091309543e+00
4.178000000000000000e+03,3.492465308491693232e+00
4.179000000000000000e+03,3.726576265748505978e+00
4.180000000000000000e+03,3.663616710754369343e+00
4.181000000000000000e+03,3.697989453202767951e+00
4.182000000000000000e+03,4.002842641922121913e+00
4.183000000000000000e+03,3.635310536699255302e+00
4.184000000000000000e+03,3.522913074248351428e+00
4.185000000000000000e+03,3.577815505604140967e+00
4.186000000000000000e+03,3.730751025422004652e+00
4.187000000000000000e+03,3.561696263432875487e+00
4.188000000000000000e+03,3.841250185349208923e+00
4.189000000000000000e+03,3.799824714564279837e+00
4.190000000000000000e+03,3.679632437058341310e+00
4.191000000000000000e+03,3.596927511430386915e+00
4.192000000000000000e+03,3.532370974404902331e+00
4.193000000000000000e+03,3.849129325451737582e+00
4.194000000000000000e+03,3.620985554969622822e+00
4.195000000000000000e+03,4.030888286705670787e+00
4.196000000000000000e+03,3.758935250327077870e+00
4.197000000000000000e+03,3.748611015790896506e+00
4.198000000000000000e+03,3.734167769574574969e+00
4.199000000000000000e+03,3.243141319684813340e+00
4.200000000000000000e+03,3.724251669585384228e+00
4.201000000000000000e+03,3.752800653464605674e+00
4.202000000000000000e+03,3.887292668057727774e+00
4.203000000000000000e+03,3.674769773458549604e+00
4.204000000000000000e+03,3.533577788053614999e+00
4.205000000000000000e+03,3.529244187919153397e+00
4.206000000000000000e+03,3.712412157912700739e+00
4.207000000000000000e+03,3.544929968611064020e+00
4.208000000000000000e+03,3.618237006268531175e+00
4.209000000000000000e+03,3.629104062963239397e+00
4.210000000000000000e+03,3.694956911012428069e+00
4.211000000000000000e+03,3.543535922853352282e+00
4.212000000000000000e+03,3.864139362762340379e+00
4.213000000000000000e+03,3.593504789347484518e+00
4.214000000000000000e+03,3.819553961168890233e+00
4.215000000000000000e+03,3.396662498499698035e+00
4.216000000000000000e+03,3.688262729766175418e+00
4.217000000000000000e+03,3.748509603361054321e+00
4.218000000000000000e+03,3.332111727907848042e+00
4.219000000000000000e+03,3.682509616869475533e+00
4.220000000000000000e+03,3.577185327159239758e+00
4.221000000000000000e+03,3.739662319914133004e+00
4.222000000000000000e+03,3.718054221810982884e+00
4.223000000000000000e+03,3.623982231353535255e+00
4.224000000000000000e+03,3.635151819415000762e+00
4.225000000000000000e+03,3.943362186411264236e+00
4.226000000000000000e+03,3.978653357693426873e+00
4.227000000000000000e+03,3.547442996484114541e+00
4.228000000000000000e+03,3.746879487560512700e+00
4.229000000000000000e+03,3.713073310849277942e+00
4.230000000000000000e+03,3.662424587193762626e+00
4.231000000000000000e+03,3.621513974592368790e+00
4.232000000000000000e+03,3.522505144011046863e+00
4.233000000000000000e+03,3.429197662519130052e+00
4.234000000000000000e+03,3.971232313191504382e+00
4.235000000000000000e+03,3.867290378067153700e+00
4.236000000000000000e+03,3.450332824082950722e+00
4.237000000000000000e+03,3.908779292025309271e+00
4.238000000000000000e+03,3.596285436188247697e+00
4.239000000000000000e+03,3.786204077317961492e+00
4.240000000000000000e+03,3.660588860104168063e+00
4.241000000000000000e+03,3.286640783283593326e+00
4.242000000000000000e+03,3.955708513004740912e+00
4.243000000000000000e+03,3.985536928408602630e+00
4.244000000000000000e+03,3.489669361143002746e+00
4.245000000000000000e+03,3.829638799151197315e+00
4.246000000000000000e+03,3.337929410692413335e+00
4.247000000000000000e+03,3.804478657573383771e+00
4.248000000000000000e+03,3.308862610853516628e+00
4.249000000000000000e+03,3.785502822468637785e+00
4.250000000000000000e+03,3.570254767422738951e+00
4.251000000000000000e+03,3.655951853297981557e+00
4.252000000000000000e+03,3.813000685481480190e+00
4.253000000000000000e+03,3.722433935762056390e+00
4.254000000000000000e+03,3.697263196096161497e+00
4.255000000000000000e+03,3.801452629264221450e+00
4.256000000000000000e+03,3.518601503240494033e+00
4.257000000000000000e+03,3.989867372274484847e+00
4.258000000000000000e+03,3.920949091805578490e+00
4.259000000000000000e+03,4.101760314579450117e+00
4.260000000000000000e+03,3.665428163678090545e+00
4.261000000000000000e+03,3.529106047811485958e+00
4.262000000000000000e+03,3.928950901165963572e+00
4.263000000000000000e+03,3.725505080150159465e+00
4.264000000000000000e+03,3.577179556784599868e+00
4.265000000000000000e+03,3.714434775652262655e+00
4.266000000000000000e+03,3.605419321998309279e+00
4.267000000000000000e+03,3.398737406196489008e+00
4.268000000000000000e+03,3.271112654850165669e+00
4.269000000000000000e+03,4.006659592319735452e+00
4.270000000000000000e+03,3.450658838710426224e+00
4.271000000000000000e+03,3.882048878445691908e+00
4.272000000000000000e+03,3.749996613837924819e+00
4.273000000000000000e+03,3.768754746336588912e+00
4.274000000000000000e+03,3.966982426078318191e+00
4.275000000000000000e+03,3.900709999504892167e+00
4.276000000000000000e+03,3.343730407188022280e+00
4.277000000000000000e+03,3.561196822913572202e+00
4.278000000000000000e+03,3.496439259910331554e+00
4.279000000000000000e+03,3.664145326374809830e+00
4.280000000000000000e+03,3.665849801668881636e+00
4.281000000000000000e+03,3.624503032008304704e+00
4.282000000000000000e+03,3.395170084595519278e+00
4.283000000000000000e+03,3.395075211914555524e+00
4.284000000000000000e+03,3.528575740801766170e+00
4.285000000000000000e+03,3.745498985481468424e+00
4.286000000000000000e+03,3.638687110847622197e+00
4.287000000000000000e+03,3.660948759699147459e+00
4.288000000000000000e+03,4.039307240066218441e+00
4.289000000000000000e+03,3.416635630376231969e+00
4.290000000000000000e+03,3.823530458457209402e+00
4.291000000000000000e+03,3.588894707856957744e+00
4.292000000000000000e+03,3.375212098769490687e+00
4.293000000000000000e+03,4.077990882393458527e+00
4.294000000000000000e+03,3.810134217740975604e+00
4.295000000000000000e+03,3.861515793462054091e+00
4.296000000000000000e+03,3.501003258205372504e+00
4.297000000000000000e+03,3.918419206197996996e+00
4.298000000000000000e+03,3.697168004003105857e+00
4.299000000000000000e+03,3.517092484215900594e+00
4.300000000000000000e+03,3.777435482670238098e+00
4.301000000000000000e+03,3.720234416652619558e+00
4.302000000000000000e+03,3.723618040373918525e+00
4.303000000000000000e+03,3.496436085031877194e+00
4.304000000000000000e+03,3.773577988880007172e+00
4.305000000000000000e+03,3.698592057971687552e+00
4.306000000000000000e+03,3.669415950970285500e+00
4.307000000000000000e+03,3.644671606812573739e+00
4.308000000000000000e+03,3.806108524519487446e+00
4.309000000000000000e+03,3.694254087439880152e+00
4.310000000000000000e+03,3.626202800849187557e+00
4.311000000000000000e+03,4.146922244428698612e+00
4.312000000000000000e+03,3.870068119603862211e+00
4.313000000000000000e+03,3.911761728396476290e+00
4.314000000000000000e+03,3.826617968342596932e+00
4.315000000000000000e+03,3.870285298573614252e+00
4.316000000000000000e+03,3.720957154956643365e+00
4.317000000000000000e+03,3.445926530053660120e+00
4.318000000000000000e+03,3.985725735591821639e+00
4.319000000000000000e+03,3.705566921958697968e+00
4.320000000000000000e+03,3.437611988356296777e+00
4.321000000000000000e+03,3.929849578306080726e+00
4.322000000000000000e+03,3.528690304037582770e+00
4.323000000000000000e+03,3.793000902128428997e+00
4.324000000000000000e+03,3.701882915245034322e+00
4.325000000000000000e+03,3.262139704085000869e+00
4.326000000000000000e+03,3.684523907267700071e+00
4.327000000000000000e+03,4.045341092987374765e+00
4.328000000000000000e+03,3.472383584553827784e+00
4.329000000000000000e+03,3.734634753472893642e+00
4.330000000000000000e+03,4.002463570085694755e+00
4.331000000000000000e+03,3.911944174711750044e+00
4.332000000000000000e+03,3.829511817948177299e+00
4.333000000000000000e+03,3.703660241616434590e+00
4.334000000000000000e+03,3.921779685963511231e+00
4.335000000000000000e+03,3.653072887652965672e+00
4.336000000000000000e+03,3.424895819318884982e+00
4.337000000000000000e+03,3.809980569536026707e+00
4.338000000000000000e+03,3.818520042528853242e+00
4.339000000000000000e+03,3.546972907895743710e+00
4.340000000000000000e+03,3.734036097124536546e+00
4.341000000000000000e+03,3.759032973715812798e+00
4.342000000000000000e+03,3.588819736041632957e+00
4.343000000000000000e+03,3.421677351072634377e+00
4.344000000000000000e+03,3.602710668534015781e+00
4.345000000000000000e+03,3.519607397149632000e+00
4.346000000000000000e+03,3.681328652866843409e+00
4.347000000000000000e+03,3.818698438080551760e+00
4.348000000000000000e+03,4.228630428808751951e+00
4.349000000000000000e+03,3.737035737018226111e+00
4.350000000000000000e+03,3.756148918653641644e+00
4.351000000000000000e+03,3.775909637197180313e+00
4.352000000000000000e+03,3.813549171778674474e+00
4.353000000000000000e+03,3.824306918159311230e+00
4.354000000000000000e+03,3.817614416401604593e+00
4.355000000000000000e+03,3.892795802613563616e+00
4.356000000000000000e+03,3.578781353098609230e+00
4.357000000000000000e+03,3.951150936950149184e+00
4.358000000000000000e+03,3.583552653974435120e+00
4.359000000000000000e+03,3.693451132070301401e+00
4.360000000000000000e+03,4.206906373704764057e+00
4.361000000000000000e+03,3.658219746346146550e+00
4.362000000000000000e+03,3.949540491853497315e+00
4.363000000000000000e+03,3.990263955565509946e+00
4.364000000000000000e+03,3.791978358335875487e+00
4.365000000000000000e+03,3.747762009073213552e+00
4.366000000000000000e+03,3.813125042832167466e+00
4.367000000000000000e+03,3.514715978506519178e+00
4.368000000000000000e+03,3.885301626279741516e+00
4.369000000000000000e+03,4.046864710457181324e+00
4.370000000000000000e+03,3.319999128454243387e+00
4.371000000000000000e+03,3.624192587804610177e+00
4.372000000000000000e+03,3.390852124229142284e+00
4.373000000000000000e+03,3.839172133895178973e+00
4.374000000000000000e+03,3.682632044903401347e+00
4.375000000000000000e+03,3.591650773389527984e+00
4.376000000000000000e+03,3.820684867942440555e+00
4.377000000000000000e+03,3.997093370519449795e+00
4.378000000000000000e+03,3.733795557558634570e+00
4.379000000000000000e+03,3.786752887683017210e+00
4.380000000000000000e+03,4.241593632819040671e+00
4.381000000000000000e+03,3.632362317260396711e+00
4.382000000000000000e+03,3.763482747060078903e+00
4.383000000000000000e+03,4.080027767883176892e+00
4.384000000000000000e+03,3.893477916244454828e+00
4.385000000000000000e+03,3.793143655601605158e+00
4.386000000000000000e+03,3.696148941405995814e+00
4.387000000000000000e+03,3.761205829176511362e+00
4.388000000000000000e+03,3.848356825600391939e+00
4.389000000000000000e+03,3.873111179933647730e+00
4.390000000000000000e+03,3.671917645961473742e+00
4.391000000000000000e+03,3.605599428008197993e+00
4.392000000000000000e+03,3.692345649615500047e+00
4.393000000000000000e+03,3.419114165248574366e+00
4.394000000000000000e+03,3.638274475803873642e+00
4.395000000000000000e+03,3.944701279905899138e+00
4.396000000000000000e+03,3.730035261335124641e+00
4.397000000000000000e+03,3.828061178977351542e+00
4.398000000000000000e+03,3.753134197799429916e+00
4.399000000000000000e+03,3.556102775429244911e+00
4.400000000000000000e+03,3.549686438206688610e+00
4.401000000000000000e+03,3.711299023624259785e+00
4.402000000000000000e+03,3.496288813949977925e+00
4.403000000000000000e+03,3.781081792702705169e+00
4.404000000000000000e+03,3.630491836345080436e+00
4.405000000000000000e+03,3.702790489252285600e+00
4.406000000000000000e+03,3.805764595019548224e+00
4.407000000000000000e+03,3.401166667393709986e+00
4.408000000000000000e+03,3.544387668254610713e+00
4.409000000000000000e+03,3.556568956305906415e+00
4.410000000000000000e+03,3.616581198270176767e+00
4.411000000000000000e+03,3.759572369233233680e+00
4.412000000000000000e+03,3.727087537396566841e+00
4.413000000000000000e+03,4.111947769402629405e+00
4.414000000000000000e+03,3.912329490100950657e+00
4.415000000000000000e+03,3.707326422243442998e+00
4.416000000000000000e+03,3.783459038024214127e+00
4.417000000000000000e+03,3.786684756224104831e+00
4.418000000000000000e+03,3.893431493395138165e+00
4.419000000000000000e+03,3.688598937357594032e+00
4.420000000000000000e+03,3.473787791484398202e+00
4.421000000000000000e+03,3.863108442654051178e+00
4.422000000000000000e+03,3.658582561427650148e+00
4.423000000000000000e+03,3.696660023186596700e+00
4.424000000000000000e+03,3.640220884558110548e+00
4.425000000000000000e+03,3.457006777332499503e+00
4.426000000000000000e+03,3.700258320710801296e+00
4.427000000000000000e+03,3.611713179403424512e+00
4.428000000000000000e+03,3.620130912497251163e+00
4.429000000000000000e+03,3.734491669143208625e+00
4.430000000000000000e+03,3.410988404534845309e+00
4.431000000000000000e+03,4.091333704760744538e+00
4.432000000000000000e+03,3.708667710528001926e+00
4.433000000000000000e+03,3.850330393387531469e+00
4.434000000000000000e+03,3.574470373108758814e+00
4.435000000000000000e+03,4.091738293063740706e+00
4.436000000000000000e+03,3.659154106680162943e+00
4.437000000000000000e+03,3.608669214654054436e+00
4.438000000000000000e+03,3.528726194345666034e+00
4.439000000000000000e+03,3.991547203783396114e+00
4.440000000000000000e+03,3.609521392255792716e+00
4.441000000000000000e+03,3.688411587375391765e+00
4.442000000000000000e+03,3.474304641299300389e+00
4.443000000000000000e+03,3.855297008423862248e+00
4.444000000000000000e+03,3.822286320811300708e+00
4.445000000000000000e+03,3.666420003042188291e+00
4.446000000000000000e+03,3.607293299890407479e+00
4.447000000000000000e+03,3.340807934909723720e+00
4.448000000000000000e+03,3.835521873884553123e+00
4.449000000000000000e+03,3.988988511906898626e+00
4.450000000000000000e+03,3.933989231978258783e+00
4.451000000000000000e+03,3.824296469663913900e+00
4.452000000000000000e+03,3.823356358492966400e+00
4.453000000000000000e+03,3.730948114407925065e+00
4.454000000000000000e+03,3.582086070151168311e+00
4.455000000000000000e+03,3.758889726547983923e+00
4.456000000000000000e+03,3.629412862931605588e+00
4.457000000000000000e+03,3.721329925302964803e+00
4.458000000000000000e+03,3.685979705308433996e+00
4.459000000000000000e+03,3.795860477588063109e+00
4.460000000000000000e+03,3.237443884357374291e+00
4.461000000000000000e+03,3.801727524306723449e+00
4.462000000000000000e+03,3.534329475767877593e+00
4.463000000000000000e+03,3.695852062275029937e+00
4.464000000000000000e+03,3.612685913709290375e+00
4.465000000000000000e+03,3.931584158103178073e+00
4.466000000000000000e+03,3.777402137824002804e+00
4.467000000000000000e+03,3.722865688923113314e+00
4.468000000000000000e+03,3.913856189247980844e+00
4.469000000000000000e+03,3.702024127200207904e+00
4.470000000000000000e+03,3.871769899064121390e+00
4.471000000000000000e+03,3.531785482747352045e+00
4.472000000000000000e+03,4.075210228020975656e+00
4.473000000000000000e+03,3.597683197580975545e+00
4.474000000000000000e+03,3.569946552545609553e+00
4.475000000000000000e+03,3.619234610773562899e+00
4.476000000000000000e+03,3.476047770164729211e+00
4.477000000000000000e+03,3.477004789833679776e+00
4.478000000000000000e+03,3.801884743789308185e+00
4.479000000000000000e+03,3.900517546852261486e+00
4.480000000000000000e+03,3.726289393814322004e+00
4.481000000000000000e+03,3.892649886347767207e+00
4.482000000000000000e+03,3.399964709399287521e+00
4.483000000000000000e+03,3.697699151695251540e+00
4.484000000000000000e+03,3.740069244482778998e+00
4.485000000000000000e+03,3.747899766310453629e+00
4.486000000000000000e+03,3.456011585930558017e+00
4.487000000000000000e+03,3.585759318151132469e+00
4.488000000000000000e+03,3.566797704873575725e+00
4.489000000000000000e+03,3.896396104029339558e+00
4.490000000000000000e+03,3.799612967994261847e+00
4.491000000000000000e+03,3.660690781412718309e+00
4.492000000000000000e+03,3.561419081056738101e+00
4.493000000000000000e+03,3.981098729445720519e+00
4.494000000000000000e+03,3.763091353169970787e+00
4.495000000000000000e+03,3.626504203051942099e+00
4.496000000000000000e+03,3.915148115195128842e+00
4.497000000000000000e+03,3.692221127854269813e+00
4.498000000000000000e+03,3.652999788992073338e+00
4.499000000000000000e+03,3.587895622665227435e+00
4.500000000000000000e+03,3.534082482204579101e+00
4.501000000000000000e+03,3.619779810237257145e+00
4.502000000000000000e+03,3.614496738313218938e+00
4.503000000000000000e+03,3.469487750006326365e+00
4.504000000000000000e+03,3.820376171719675806e+00
4.505000000000000000e+03,3.731928370618316393e+00
4.506000000000000000e+03,3.817170114061672503e+00
4.507000000000000000e+03,3.427074078567453608e+00
4.508000000000000000e+03,3.836862209809325908e+00
4.509000000000000000e+03,3.507291806792122379e+00
4.510000000000000000e+03,3.571566871216361960e+00
4.511000000000000000e+03,3.624349592335658787e+00
4.512000000000000000e+03,3.888342037125199102e+00
4.513000000000000000e+03,3.615270810868122631e+00
4.514000000000000000e+03,3.572247013410951411e+00
4.515000000000000000e+03,3.238786069366544673e+00
4.516000000000000000e+03,3.564928175860692328e+00
4.517000000000000000e+03,3.880891710165666364e+00
4.518000000000000000e+03,3.795117349075962210e+00
4.519000000000000000e+03,3.299960061679920287e+00
4.520000000000000000e+03,3.556103958477382587e+00
4.521000000000000000e+03,3.596172923114106190e+00
4.522000000000000000e+03,3.675700485526037564e+00
4.523000000000000000e+03,3.661101276292794804e+00
4.524000000000000000e+03,3.664923330080690711e+00
4.525000000000000000e+03,3.656693192241490475e+00
4.526000000000000000e+03,3.625127184166403449e+00
4.527000000000000000e+03,3.832685208187384340e+00
4.528000000000000000e+03,3.399687475773334633e+00
4.529000000000000000e+03,3.561318212892930379e+00
4.530000000000000000e+03,3.431153936812963767e+00
4.531000000000000000e+03,3.725334553118949454e+00
4.532000000000000000e+03,3.638606057049821985e+00
4.533000000000000000e+03,3.789451832745072579e+00
4.534000000000000000e+03,3.608053411745054895e+00
4.535000000000000000e+03,3.745989192679827884e+00
4.536000000000000000e+03,3.702437079546644583e+00
4.537000000000000000e+03,3.768391352067711253e+00
4.538000000000000000e+03,3.728441881219193288e+00
4.539000000000000000e+03,3.920750177488435462e+00
4.540000000000000000e+03,3.472569672050166645e+00
4.541000000000000000e+03,3.551993569713606025e+00
4.542000000000000000e+03,3.970456189642203260e+00
4.543000000000000000e+03,3.697211867333464852e+00
4.544000000000000000e+03,3.966111843820544713e+00
4.545000000000000000e+03,3.487562640161186334e+00
4.546000000000000000e+03,3.847387354819201466e+00
4.547000000000000000e+03,3.750661825539410632e+00
4.548000000000000000e+03,3.722620344460471742e+00
4.549000000000000000e+03,3.625919302105950148e+00
4.550000000000000000e+03,3.704859183364908937e+00
4.551000000000000000e+03,3.649302658294028223e+00
4.552000000000000000e+03,3.579960941611078251e+00
4.553000000000000000e+03,3.900157625810863227e+00
4.554000000000000000e+03,3.859744503400417859e+00
4.555000000000000000e+03,3.673904680826114433e+00
4.556000000000000000e+03,3.875221187788135513e+00
4.557000000000000000e+03,3.648230271455562335e+00
4.558000000000000000e+03,3.499180577073943255e+00
4.559000000000000000e+03,3.883280347424276080e+00
4.560000000000000000e+03,3.990203106066795957e+00
4.561000000000000000e+03,3.403730467622270162e+00
4.562000000000000000e+03,3.795274168505557988e+00
4.563000000000000000e+03,3.683716428247808761e+00
4.564000000000000000e+03,3.904885593398541577e+00
4.565000000000000000e+03,3.632109169056269238e+00
4.566000000000000000e+03,3.834642134983214046e+00
4.567000000000000000e+03,3.532225394396622420e+00
4.568000000000000000e+03,3.576041673166710844e+00
4.569000000000000000e+03,3.502332710700940321e+00
4.570000000000000000e+03,3.570419697482024368e+00
4.571000000000000000e+03,3.947938370220233306e+00
4.572000000000000000e+03,3.939263390546523080e+00
4.573000000000000000e+03,3.574497294685817561e+00
4.574000000000000000e+03,3.984862177673554218e+00
4.575000000000000000e+03,3.603884315639319880e+00
4.576000000000000000e+03,3.560698433070931035e+00
4.577000000000000000e+03,3.958899386898902861e+00
4.578000000000000000e+03,3.810328751120057866e+00
4.579000000000000000e+03,3.832453550878068160e+00
4.580000000000000000e+03,3.655301484599369211e+00
4.581000000000000000e+03,3.773079576078846920e+00
4.582000000000000000e+03,3.888098013733559011e+00
4.583000000000000000e+03,3.669847519609386488e+00
4.584000000000000000e+03,3.515562434359052801e+00
4.585000000000000000e+03,3.451536831618109424e+00
4.586000000000000000e+03,3.913897098805921182e+00
4.587000000000000000e+03,3.544685678989311750e+00
4.588000000000000000e+03,3.584954301052155401e+00
4.589000000000000000e+03,3.588803468782774342e+00
4.590000000000000000e+03,3.703945955948654500e+00
4.591000000000000000e+03,3.722611131501499138e+00
4.592000000000000000e+03,3.650008544911526709e+00
4.593000000000000000e+03,3.760828315953657963e+00
4.594000000000000000e+03,3.733349115459362100e+00
4.595000000000000000e+03,3.736597638253579934e+00
4.596000000000000000e+03,3.882020347357704626e+00
4.597000000000000000e+03,3.781243356749178552e+00
4.598000000000000000e+03,3.509901315236767516e+00
4.599000000000000000e+03,3.848471659199652173e+00
4.600000000000000000e+03,4.090917408843663061e+00
4.601000000000000000e+03,3.782331387641625131e+00
4.602000000000000000e+03,3.672913632419670726e+00
4.603000000000000000e+03,3.749939942620531763e+00
4.604000000000000000e+03,3.892922231066195060e+00
4.605000000000000000e+03,3.386070214224157660e+00
4.606000000000000000e+03,3.649814686351811499e+00
4.607000000000000000e+03,3.546091727721521369e+00
4.608000000000000000e+03,3.755453250472807092e+00
4.609000000000000000e+03,3.521826665152315794e+00
4.610000000000000000e+03,3.827310651715015499e+00
4.611000000000000000e+03,3.634810493345318250e+00
4.612000000000000000e+03,3.637313371972220821e+00
4.613000000000000000e+03,3.659811945930530719e+00
4.614000000000000000e+03,3.481261431008817020e+00
4.615000000000000000e+03,3.756121334229889808e+00
4.616000000000000000e+03,3.644111696447076110e+00
4.617000000000000000e+03,3.638547422796713171e+00
4.618000000000000000e+03,3.813345128213643243e+00
4.619000000000000000e+03,3.924117376032112858e+00
4.620000000000000000e+03,3.765484967273559747e+00
4.621000000000000000e+03,3.696256535909185015e+00
4.622000000000000000e+03,3.726781762845205570e+00
4.623000000000000000e+03,3.810440941118624636e+00
4.624000000000000000e+03,3.411658586679574334e+00
4.625000000000000000e+03,3.408782859022902123e+00
4.626000000000000000e+03,3.446439944134541911e+00
4.627000000000000000e+03,3.629128338794463726e+00
4.628000000000000000e+03,3.390724664333702343e+00
4.629000000000000000e+03,3.958328345815298910e+00
4.630000000000000000e+03,3.730862150035204383e+00
4.631000000000000000e+03,3.752538408881344711e+00
4.632000000000000000e+03,3.415029437580585192e+00
4.633000000000000000e+03,3.729650413580788193e+00
4.634000000000000000e+03,3.686170824587784001e+00
4.635000000000000000e+03,3.848966546796968924e+00
4.636000000000000000e+03,3.566545736481196993e+00
4.637000000000000000e+03,3.805535328169696641e+00
4.638000000000000000e+03,3.707389658020158407e+00
4.639000000000000000e+03,3.760100522470020135e+00
4.640000000000000000e+03,3.508140354689104790e+00
4.641000000000000000e+03,3.787745931317214154e+00
4.642000000000000000e+03,3.731509615887876219e+00
4.643000000000000000e+03,3.777862137416446053e+00
4.644000000000000000e+03,3.873543842832280593e+00
4.645000000000000000e+03,3.679525229228617356e+00
4.646000000000000000e+03,3.797981499719018661e+00
4.647000000000000000e+03,3.532020232094108980e+00
4.648000000000000000e+03,3.550585886520457368e+00
4.649000000000000000e+03,3.853726736938990260e+00
4.650000000000000000e+03,3.749571274811409616e+00
4.651000000000000000e+03,3.973471277910986643e+00
4.652000000000000000e+03,3.477884937840677537e+00
4.653000000000000000e+03,3.413945360974625309e+00
4.654000000000000000e+03,3.618890465958593428e+00
4.655000000000000000e+03,3.622965086206980434e+00
4.656000000000000000e+03,3.803157172126019780e+00
4.657000000000000000e+03,3.786293256700240750e+00
4.658000000000000000e+03,3.761953894965222922e+00
4.659000000000000000e+03,3.966969833616035945e+00
4.660000000000000000e+03,3.906105768755026020e+00
4.661000000000000000e+03,4.125894673291133685e+00
4.662000000000000000e+03,3.592747520646905279e+00
4.663000000000000000e+03,3.630451229335174723e+00
4.664000000000000000e+03,3.688404179349467515e+00
4.665000000000000000e+03,3.847289711410932789e+00
4.666000000000000000e+03,4.024870987840094116e+00
4.667000000000000000e+03,3.969147307228397814e+00
4.668000000000000000e+03,3.832374872892609474e+00
4.669000000000000000e+03,3.820732431288587527e+00
4.670000000000000000e+03,3.663008878948682323e+00
4.671000000000000000e+03,3.856090304113902523e+00
4.672000000000000000e+03,3.606958956520229798e+00
4.673000000000000000e+03,3.664879063093033906e+00
4.674000000000000000e+03,3.737461557419260672e+00
4.675000000000000000e+03,3.712486077538687645e+00
4.676000000000000000e+03,3.295343088761788497e+00
4.677000000000000000e+03,3.667597123350257338e+00
4.678000000000000000e+03,4.016506717095220225e+00
4.679000000000000000e+03,3.702075183004135184e+00
4.680000000000000000e+03,3.824630301630985052e+00
4.681000000000000000e+03,3.693370855994556390e+00
4.682000000000000000e+03,3.865759004200317150e+00
4.683000000000000000e+03,3.487783646167724072e+00
4.684000000000000000e+03,3.780934770103099307e+00
4.685000000000000000e+03,3.911297700544815292e+00
4.686000000000000000e+03,3.497958951507289083e+00
4.687000000000000000e+03,3.696017883564520989e+00
4.688000000000000000e+03,4.083391918200636184e+00
4.689000000000000000e+03,3.969132368579997294e+00
4.690000000000000000e+03,3.800256886677178869e+00
4.691000000000000000e+03,4.226333744780226276e+00
4.692000000000000000e+03,3.525210944486657283e+00
4.693000000000000000e+03,3.659187712013107330e+00
4.694000000000000000e+03,3.819852442311496343e+00
4.695000000000000000e+03,3.974699745098095427e+00
4.696000000000000000e+03,3.814392735607174068e+00
4.697000000000000000e+03,3.647187473746149156e+00
4.698000000000000000e+03,3.453447127452317744e+00
4.699000000000000000e+03,3.794138235135545489e+00
4.700000000000000000e+03,3.597493115489690307e+00
4.701000000000000000e+03,3.628303210406941481e+00
4.702000000000000000e+03,3.794308673010086341e+00
4.703000000000000000e+03,3.782084721502415814e+00
4.704000000000000000e+03,3.798603909205750639e+00
4.705000000000000000e+03,4.005946141233207136e+00
4.706000000000000000e+03,3.709008574010891568e+00
4.707000000000000000e+03,4.048175494466955016e+00
4.708000000000000000e+03,3.405104381544467707e+00
4.709000000000000000e+03,3.819424989926880620e+00
4.710000000000000000e+03,3.803661944293636576e+00
4.711000000000000000e+03,3.991202930655965098e+00
4.712000000000000000e+03,3.773061700805290464e+00
4.713000000000000000e+03,3.632418666095054594e+00
4.714000000000000000e+03,3.725090810251803219e+00
4.715000000000000000e+03,3.863383033692027180e+00
4.716000000000000000e+03,3.724096657116143572e+00
4.717000000000000000e+03,3.682829135781646279e+00
4.718000000000000000e+03,3.928937243215066211e+00
4.719000000000000000e+03,3.668976537087936141e+00
4.720000000000000000e+03,3.967948860353869733e+00
4.721000000000000000e+03,3.918644864976856379e+00
4.722000000000000000e+03,3.566714365767975625e+00
4.723000000000000000e+03,3.344915216564257943e+00
4.724000000000000000e+03,3.889540972523453100e+00
4.725000000000000000e+03,3.462166025394444624e+00
4.726000000000000000e+03,3.732804453560036873e+00
4.727000000000000000e+03,3.734762597403006534e+00
4.728000000000000000e+03,3.744367127518401173e+00
4.729000000000000000e+03,3.870665155168247828e+00
4.730000000000000000e+03,3.899745272275095598e+00
4.731000000000000000e+03,4.067608703014996330e+00
4.732000000000000000e+03,3.619772463636763860e+00
4.733000000000000000e+03,3.804763066543330297e+00
4.734000000000000000e+03,4.183584739462490987e+00
4.735000000000000000e+03,3.409426939077117247e+00
4.736000000000000000e+03,3.606833022585660853e+00
4.737000000000000000e+03,3.444303766086678653e+00
4.738000000000000000e+03,3.561249263916359986e+00
4.739000000000000000e+03,3.907431671910367665e+00
4.740000000000000000e+03,3.608016050945703768e+00
4.741000000000000000e+03,3.592441573085205508e+00
4.742000000000000000e+03,3.650506828369200818e+00
4.743000000000000000e+03,3.659144130996003774e+00
4.744000000000000000e+03,3.403648941226236513e+00
4.745000000000000000e+03,3.613960033126040639e+00
4.746000000000000000e+03,3.835007078066694497e+00
4.747000000000000000e+03,3.642136227168149887e+00
4.748000000000000000e+03,3.443693947833347480e+00
4.749000000000000000e+03,4.050795491688099048e+00
4.750000000000000000e+03,3.958250271479422988e+00
4.751000000000000000e+03,3.724762103739035712e+00
4.752000000000000000e+03,3.959029577276764744e+00
4.753000000000000000e+03,3.518047568753667420e+00
4.754000000000000000e+03,3.497662155848927146e+00
4.755000000000000000e+03,3.722042131967130185e+00
4.756000000000000000e+03,3.554537130743704143e+00
4.757000000000000000e+03,3.616743220825661354e+00
4.758000000000000000e+03,3.812456305964918801e+00
4.759000000000000000e+03,3.745303869802899310e+00
4.760000000000000000e+03,3.888564177616234740e+00
4.761000000000000000e+03,3.553306521761886216e+00
4.762000000000000000e+03,3.693718965062690263e+00
4.763000000000000000e+03,3.733187843944718143e+00
4.764000000000000000e+03,3.800031695513623298e+00
4.765000000000000000e+03,3.608357352105062255e+00
4.766000000000000000e+03,3.882375143111777671e+00
4.767000000000000000e+03,3.724245878443762869e+00
4.768000000000000000e+03,3.586562517959029250e+00
4.769000000000000000e+03,3.480540218140028674e+00
4.770000000000000000e+03,3.881176634423781024e+00
4.771000000000000000e+03,3.897421533970394147e+00
4.772000000000000000e+03,3.559505832441397288e+00
4.773000000000000000e+03,3.785529740185454184e+00
4.774000000000000000e+03,3.826015552634790318e+00
4.775000000000000000e+03,3.702069167735394739e+00
4.776000000000000000e+03,3.609569231309999626e+00
4.777000000000000000e+03,3.694047886270861447e+00
4.778000000000000000e+03,3.488244087313069119e+00
4.779000000000000000e+03,3.303111919020190523e+00
4.780000000000000000e+03,3.767956097313222674e+00
4.781000000000000000e+03,3.933413349232644407e+00
4.782000000000000000e+03,3.642656103190723194e+00
4.783000000000000000e+03,3.796581657443097502e+00
4.784000000000000000e+03,3.906448940334195985e+00
4.785000000000000000e+03,3.461614754249985548e+00
4.786000000000000000e+03,3.972007058321421535e+00
4.787000000000000000e+03,3.765847966085988485e+00
4.788000000000000000e+03,4.121627664422286230e+00
4.789000000000000000e+03,3.575136138545242037e+00
4.790000000000000000e+03,4.011112259942193781e+00
4.791000000000000000e+03,3.875711968388851236e+00
4.792000000000000000e+03,3.591617805196724245e+00
4.793000000000000000e+03,3.976098091316745187e+00
4.794000000000000000e+03,3.847391237920094298e+00
4.795000000000000000e+03,3.746435355459459160e+00
4.796000000000000000e+03,3.560314262083805747e+00
4.797000000000000000e+03,3.984981212423604813e+00
4.798000000000000000e+03,4.085790472284766217e+00
4.799000000000000000e+03,3.609173074994536545e+00
4.800000000000000000e+03,3.145893711952772342e+00
4.801000000000000000e+03,3.732413910009307223e+00
4.802000000000000000e+03,3.819840634436254323e+00
4.803000000000000000e+03,3.477662461499934299e+00
4.804000000000000000e+03,3.556903205863408690e+00
4.805000000000000000e+03,3.585475433479332175e+00
4.806000000000000000e+03,3.999811544357514403e+00
4.807000000000000000e+03,3.734387911197002641e+00
4.808000000000000000e+03,3.810840275169294689e+00
4.809000000000000000e+03,3.729470710646309417e+00
4.810000000000000000e+03,3.699320342391795080e+00
4.811000000000000000e+03,3.694261850033837558e+00
4.812000000000000000e+03,4.135065966964807771e+00
4.813000000000000000e+03,3.647900839376156501e+00
4.814000000000000000e+03,3.716651531180295009e+00
4.815000000000000000e+03,3.955226244302684879e+00
4.816000000000000000e+03,3.532008432672487430e+00
4.817000000000000000e+03,3.666898111963993845e+00
4.818000000000000000e+03,4.081701248270336535e+00
4.819000000000000000e+03,3.482777014574117924e+00
4.820000000000000000e+03,3.588862144090564588e+00
4.821000000000000000e+03,3.662645197646532846e+00
4.822000000000000000e+03,3.853598914005728293e+00
4.823000000000000000e+03,3.934440635156571275e+00
4.824000000000000000e+03,4.060442661791525687e+00
4.825000000000000000e+03,3.292961086845942464e+00
4.826000000000000000e+03,3.472017295219269606e+00
4.827000000000000000e+03,4.170245303754927413e+00
4.828000000000000000e+03,3.611420082270676346e+00
4.829000000000000000e+03,3.713630901029229658e+00
4.830000000000000000e+03,3.832530903339636197e+00
4.831000000000000000e+03,3.784649719245497312e+00
4.832000000000000000e+03,3.871175809988626870e+00
4.833000000000000000e+03,3.900750599983673350e+00
4.834000000000000000e+03,3.477693324385858986e+00
4.835000000000000000e+03,3.912075408609354099e+00
4.836000000000000000e+03,3.358303199466570632e+00
4.837000000000000000e+03,3.700454491091456521e+00
4.838000000000000000e+03,3.628732696584842099e+00
4.839000000000000000e+03,3.926727862392826562e+00
4.840000000000000000e+03,3.522735082231711168e+00
4.841000000000000000e+03,3.682043331348995530e+00
4.842000000000000000e+03,4.020448800493960029e+00
4.843000000000000000e+03,4.254248991921808276e+00
4.844000000000000000e+03,3.836616502219470259e+00
4.845000000000000000e+03,3.699705755880279057e+00
4.846000000000000000e+03,3.382623070726085590e+00
4.847000000000000000e+03,3.793030817734295290e+00
4.848000000000000000e+03,3.747299624583955158e+00
4.849000000000000000e+03,3.774704666383993601e+00
4.850000000000000000e+03,3.599548266874427860e+00
4.851000000000000000e+03,3.574797648908122127e+00
4.852000000000000000e+03,3.655922504909552284e+00
4.853000000000000000e+03,3.829720382186893257e+00
4.854000000000000000e+03,3.554870056380706522e+00
4.855000000000000000e+03,4.238488827477559617e+00
4.856000000000000000e+03,3.446674469687366127e+00
4.857000000000000000e+03,3.861838015448862738e+00
4.858000000000000000e+03,3.857584879733121141e+00
4.859000000000000000e+03,4.075930436962020842e+00
4.860000000000000000e+03,3.658975387218480702e+00
4.861000000000000000e+03,3.744243010781160397e+00
4.862000000000000000e+03,4.028266527805692832e+00
4.863000000000000000e+03,3.615239664271978182e+00
4.864000000000000000e+03,3.608028425894758140e+00
4.865000000000000000e+03,3.749543603867233177e+00
4.866000000000000000e+03,3.925546248675933381e+00
4.867000000000000000e+03,3.938943607099711031e+00
4.868000000000000000e+03,3.581336867800588575e+00
4.869000000000000000e+03,3.702419440333423850e+00
4.870000000000000000e+03,3.564946117750553256e+00
4.871000000000000000e+03,3.576678091011257887e+00
4.872000000000000000e+03,3.929354986526297555e+00
4.873000000000000000e+03,3.758392409561249536e+00
4.874000000000000000e+03,3.859541360475409189e+00
4.875000000000000000e+03,3.888297050522824705e+00
4.876000000000000000e+03,3.623834037226949523e+00
4.877000000000000000e+03,3.642923679529625591e+00
4.878000000000000000e+03,3.837531774162550313e+00
4.879000000000000000e+03,3.880447540817029584e+00
4.880000000000000000e+03,3.648125294525383033e+00
4.881000000000000000e+03,3.499322826287670107e+00
4.882000000000000000e+03,3.935286720302604735e+00
4.883000000000000000e+03,3.702093904345359565e+00
4.884000000000000000e+03,3.882326630499122189e+00
4.885000000000000000e+03,3.718392838989777349e+00
4.886000000000000000e+03,3.796784384050986283e+00
4.887000000000000000e+03,3.948815964322523797e+00
4.888000000000000000e+03,4.037228501486627152e+00
4.889000000000000000e+03,3.611746800911148192e+00
4.890000000000000000e+03,3.664522087798271599e+00
4.891000000000000000e+03,3.379744882059887434e+00
4.892000000000000000e+03,3.548037320079317158e+00
4.893000000000000000e+03,3.415977617600506111e+00
4.894000000000000000e+03,3.732491247508142429e+00
4.895000000000000000e+03,3.633058199752611017e+00
4.896000000000000000e+03,3.568431783368366528e+00
4.897000000000000000e+03,3.879599998445253828e+00
4.898000000000000000e+03,3.710664511785231490e+00
4.899000000000000000e+03,3.788084762797299110e+00
4.900000000000000000e+03,3.933605236993705567e+00
4.901000000000000000e+03,3.691868038088689019e+00
4.902000000000000000e+03,3.858751541693774989e+00
4.903000000000000000e+03,3.865339669667362976e+00
4.904000000000000000e+03,3.568204748704516316e+00
4.905000000000000000e+03,3.788640707211409442e+00
4.906000000000000000e+03,3.609912599950621193e+00
4.907000000000000000e+03,3.681801131486344136e+00
4.908000000000000000e+03,3.922194681733657706e+00
4.909000000000000000e+03,3.848072375727523919e+00
4.910000000000000000e+03,3.688857084253925223e+00
4.911000000000000000e+03,3.783779359822232013e+00
4.912000000000000000e+03,3.668628604589823095e+00
4.913000000000000000e+03,4.003994164015161950e+00
4.914000000000000000e+03,3.553953790740563612e+00
4.915000000000000000e+03,3.650826675613005445e+00
4.916000000000000000e+03,4.110230078892214145e+00
4.917000000000000000e+03,3.621946184358447951e+00
4.918000000000000000e+03,3.752203927646620141e+00
4.919000000000000000e+03,3.630139753410387193e+00
4.920000000000000000e+03,3.494494999346647646e+00
4.921000000000000000e+03,3.629920568620331967e+00
4.922000000000000000e+03,3.512017322646322270e+00
4.923000000000000000e+03,3.879473530442203888e+00
4.924000000000000000e+03,3.698166317629237199e+00
4.925000000000000000e+03,3.416267792749508203e+00
4.926000000000000000e+03,3.725306773711531072e+00
4.927000000000000000e+03,3.875382879028215211e+00
4.928000000000000000e+03,3.469782659842322037e+00
4.929000000000000000e+03,4.177076666049183373e+00
4.930000000000000000e+03,3.892843394632410359e+00
4.931000000000000000e+03,4.005672359533491544e+00
4.932000000000000000e+03,3.799848621110054392e+00
4.933000000000000000e+03,3.719994261284490289e+00
4.934000000000000000e+03,3.874068446292896262e+00
4.935000000000000000e+03,3.819927503382466227e+00
4.936000000000000000e+03,3.915391856248416236e+00
4.937000000000000000e+03,3.809014066704760726e+00
4.938000000000000000e+03,3.808295220065487374e+00
4.939000000000000000e+03,3.888250310124609310e+00
4.940000000000000000e+03,4.033939943000974360e+00
4.941000000000000000e+03,3.943379127127276007e+00
4.942000000000000000e+03,3.925796631071531539e+00
4.943000000000000000e+03,3.594670173260017254e+00
4.944000000000000000e+03,3.662272205809918635e+00
4.945000000000000000e+03,3.925472064070372191e+00
4.946000000000000000e+03,4.143847763327527467e+00
4.947000000000000000e+03,3.899237761168848682e+00
4.948000000000000000e+03,3.460443530387026012e+00
4.949000000000000000e+03,3.937775230349736866e+00
4.950000000000000000e+03,3.913162352358726892e+00
4.951000000000000000e+03,3.618748571302233596e+00
4.952000000000000000e+03,3.884799460911458890e+00
4.953000000000000000e+03,3.735166076057743645e+00
4.954000000000000000e+03,3.604634958681450563e+00
4.955000000000000000e+03,3.459828945558666380e+00
4.956000000000000000e+03,3.719593046076755893e+00
4.957000000000000000e+03,3.956900909740287631e+00
4.958000000000000000e+03,3.857149621648574556e+00
4.959000000000000000e+03,3.925967507986441785e+00
4.960000000000000000e+03,3.885099819674419752e+00
4.961000000000000000e+03,3.619525219520753456e+00
4.962000000000000000e+03,3.976178044050771465e+00
4.963000000000000000e+03,3.892980937363793803e+00
4.964000000000000000e+03,3.283926561232570318e+00
4.965000000000000000e+03,3.651806735565289674e+00
4.966000000000000000e+03,3.567131977252175457e+00
4.967000000000000000e+03,3.688242630061978833e+00
4.968000000000000000e+03,3.467916020844388214e+00
4.969000000000000000e+03,3.688665376440896093e+00
4.970000000000000000e+03,3.823826231746657811e+00
4.971000000000000000e+03,3.657197485235552659e+00
4.972000000000000000e+03,3.524582101204816631e+00
4.973000000000000000e+03,3.511830862013150423e+00
4.974000000000000000e+03,3.543433740287654121e+00
4.975000000000000000e+03,3.835980846424401847e+00
4.976000000000000000e+03,3.989211341797981980e+00
4.977000000000000000e+03,3.794893710455385261e+00
4.978000000000000000e+03,3.546719672463864104e+00
4.979000000000000000e+03,4.125456665147860136e+00
4.980000000000000000e+03,3.539597674737780864e+00
4.981000000000000000e+03,3.793001503215138293e+00
4.982000000000000000e+03,3.628542022431989977e+00
4.983000000000000000e+03,3.604424181658909099e+00
4.984000000000000000e+03,3.845785930949798370e+00
4.985000000000000000e+03,3.793368000253946271e+00
4.986000000000000000e+03,3.523838738768752865e+00
4.987000000000000000e+03,3.881612834404836843e+00
4.988000000000000000e+03,3.783514170738176308e+00
4.989000000000000000e+03,4.136018393576177843e+00
4.990000000000000000e+03,4.090104798809696796e+00
4.991000000000000000e+03,3.708674950145669946e+00
4.992000000000000000e+03,3.989718714634250762e+00
4.993000000000000000e+03,3.541069831319341166e+00
4.994000000000000000e+03,3.317431260004304772e+00
4.995000000000000000e+03,3.706274610601314912e+00
4.996000000000000000e+03,3.664513361136247482e+00
4.997000000000000000e+03,3.358831908101727493e+00
4.998000000000000000e+03,4.367152999378451916e+00
4.999000000000000000e+03,3.553649578386373964e+00
5.000000000000000000e+03,3.746597658830656652e+00
5.001000000000000000e+03,3.794744267709035945e+00
5.002000000000000000e+03,3.644186816632208892e+00
5.003000000000000000e+03,3.808362236941344570e+00
5.004000000000000000e+03,3.756235268682222905e+00
5.005000000000000000e+03,3.730458853533562991e+00
5.006000000000000000e+03,3.730013171587612586e+00
5.007000000000000000e+03,3.549384158601069483e+00
5.008000000000000000e+03,3.723189363282982001e+00
5.009000000000000000e+03,3.650471655676450489e+00
5.010000000000000000e+03,3.561405548386725961e+00
5.011000000000000000e+03,3.736925344277706618e+00
5.012000000000000000e+03,3.593010633599889481e+00
5.013000000000000000e+03,3.528196385011586500e+00
5.014000000000000000e+03,3.794909383868319441e+00
5.015000000000000000e+03,3.570961079518070402e+00
5.016000000000000000e+03,3.914802927424128942e+00
5.017000000000000000e+03,3.705325460961517603e+00
5.018000000000000000e+03,3.649709583596815410e+00
5.019000000000000000e+03,4.064979068631378922e+00
5.020000000000000000e+03,3.961674437249854908e+00
5.021000000000000000e+03,3.518797892133904259e+00
5.022000000000000000e+03,3.973672220440421121e+00
5.023000000000000000e+03,3.873540193922416108e+00
5.024000000000000000e+03,3.669402081217096878e+00
5.025000000000000000e+03,4.118790581774302240e+00
5.026000000000000000e+03,4.035591577795200280e+00
5.027000000000000000e+03,3.550307884696655591e+00
5.028000000000000000e+03,4.095319041434819063e+00
5.029000000000000000e+03,3.785096403543797727e+00
5.030000000000000000e+03,3.671622674728574065e+00
5.031000000000000000e+03,3.563392782812852655e+00
5.032000000000000000e+03,3.941765432228996335e+00
5.033000000000000000e+03,3.519833305479697305e+00
5.034000000000000000e+03,3.707397232708792068e+00
5.035000000000000000e+03,3.594883238246209256e+00
5.036000000000000000e+03,3.772646606645819300e+00
5.037000000000000000e+03,3.827379434460254970e+00
5.038000000000000000e+03,3.852204000376941995e+00
5.039000000000000000e+03,3.929670099956435347e+00
5.040000000000000000e+03,3.692193139782377731e+00
5.041000000000000000e+03,3.662871541159143263e+00
5.042000000000000000e+03,3.768051504111167738e+00
5.043000000000000000e+03,3.602217294166430328e+00
5.044000000000000000e+03,4.000647410277332838e+00
5.045000000000000000e+03,3.472755166378863390e+00
5.046000000000000000e+03,3.897712789879769435e+00
5.047000000000000000e+03,3.542299498060609064e+00
5.048000000000000000e+03,3.481739797619897381e+00
5.049000000000000000e+03,3.600745737100293109e+00
5.050000000000000000e+03,3.410311078425174891e+00
5.051000000000000000e+03,3.733130212247571578e+00
5.052000000000000000e+03,3.925143458646126682e+00
5.053000000000000000e+03,3.679916889003103986e+00
5.054000000000000000e+03,3.756095061091949461e+00
5.055000000000000000e+03,3.633021851893416532e+00
5.056000000000000000e+03,4.129431344267543658e+00
5.057000000000000000e+03,3.758406058282866002e+00
5.058000000000000000e+03,4.024991781433191029e+00
5.059000000000000000e+03,3.672819748914730731e+00
5.060000000000000000e+03,3.584826232633433030e+00
5.061000000000000000e+03,3.602738415276976358e+00
5.062000000000000000e+03,4.002508382018530320e+00
5.063000000000000000e+03,3.921638010354086656e+00
5.064000000000000000e+03,3.670277200404651996e+00
5.065000000000000000e+03,3.773560697527118979e+00
5.066000000000000000e+03,3.941336680237352841e+00
5.067000000000000000e+03,3.755928666503716595e+00
5.068000000000000000e+03,3.899192055458461592e+00
5.069000000000000000e+03,3.573510487542592262e+00
5.070000000000000000e+03,3.509305888753370795e+00
5.071000000000000000e+03,3.850949212024024071e+00
5.072000000000000000e+03,3.858335717048827274e+00
5.073000000000000000e+03,3.760084663791623427e+00
5.074000000000000000e+03,3.702756336681710891e+00
5.075000000000000000e+03,3.545241525862953491e+00
5.076000000000000000e+03,3.565811172722312516e+00
5.077000000000000000e+03,3.827236106587284414e+00
5.078000000000000000e+03,3.781629527599846607e+00
5.079000000000000000e+03,3.791322611403418641e+00
5.080000000000000000e+03,3.739900235194852485e+00
5.081000000000000000e+03,3.525178945451825196e+00
5.082000000000000000e+03,3.766692045882431117e+00
5.083000000000000000e+03,4.220329046596476452e+00
5.084000000000000000e+03,4.054362956106187355e+00
5.085000000000000000e+03,4.077006456012357560e+00
5.086000000000000000e+03,3.868596269512406760e+00
5.087000000000000000e+03,3.584407029544518952e+00
5.088000000000000000e+03,4.133863461051634047e+00
5.089000000000000000e+03,3.620248471470794982e+00
5.090000000000000000e+03,3.936999300622471054e+00
5.091000000000000000e+03,3.575059170181828172e+00
5.092000000000000000e+03,3.736840425554429412e+00
5.093000000000000000e+03,3.994160307382309316e+00
5.094000000000000000e+03,3.536982908308298423e+00
5.095000000000000000e+03,3.635121580802147978e+00
5.096000000000000000e+03,3.614308815803032537e+00
5.097000000000000000e+03,3.808767488447194260e+00
5.098000000000000000e+03,3.619986150909682454e+00
5.099000000000000000e+03,3.846182295017420927e+00
5.100000000000000000e+03,3.665253700423654504e+00
5.101000000000000000e+03,3.714599045314638470e+00
5.102000000000000000e+03,3.819289285823344926e+00
5.103000000000000000e+03,3.636195112741838376e+00
5.104000000000000000e+03,3.683744845991487438e+00
5.105000000000000000e+03,3.636907840506426570e+00
5.106000000000000000e+03,3.765848117924417426e+00
5.107000000000000000e+03,4.069447830554302925e+00
5.108000000000000000e+03,3.696243039863803315e+00
5.109000000000000000e+03,3.792292198541610038e+00
5.110000000000000000e+03,3.860865723058734211e+00
5.111000000000000000e+03,3.508669773349577081e+00
5.112000000000000000e+03,3.839103572998581182e+00
5.113000000000000000e+03,3.636796876155727443e+00
5.114000000000000000e+03,3.930608468493187679e+00
5.115000000000000000e+03,3.446417366646346458e+00
5.116000000000000000e+03,3.613777869383600461e+00
5.117000000000000000e+03,3.561526015909595166e+00
5.118000000000000000e+03,3.807365819161756093e+00
5.119000000000000000e+03,3.733685956465377931e+00
5.120000000000000000e+03,3.609395524333877781e+00
5.121000000000000000e+03,3.613172326244859622e+00
5.122000000000000000e+03,3.597296763713410339e+00
5.123000000000000000e+03,4.172181872348766696e+00
5.124000000000000000e+03,3.716406423064714026e+00
5.125000000000000000e+03,3.456466878833147405e+00
5.126000000000000000e+03,3.609159235638816909e+00
5.127000000000000000e+03,3.387369858542082390e+00
5.128000000000000000e+03,3.905214715389258906e+00
5.129000000000000000e+03,3.768893930501138634e+00
5.130000000000000000e+03,3.881862503794793806e+00
5.131000000000000000e+03,3.692998106097354238e+00
5.132000000000000000e+03,3.511687701883509760e+00
5.133000000000000000e+03,3.605372767916859900e+00
5.134000000000000000e+03,3.963840901493516089e+00
5.135000000000000000e+03,3.676342164006033641e+00
5.136000000000000000e+03,4.175714316801041548e+00
5.137000000000000000e+03,3.550695256647346199e+00
5.138000000000000000e+03,4.244231487448006490e+00
5.139000000000000000e+03,3.937173851197278918e+00
5.140000000000000000e+03,3.573650249751994856e+00
5.141000000000000000e+03,3.971464029312840704e+00
5.142000000000000000e+03,3.758254385380825902e+00
5.143000000000000000e+03,3.629903263355544141e+00
5.144000000000000000e+03,3.525207353962421131e+00
5.145000000000000000e+03,3.704232937937433690e+00
5.146000000000000000e+03,3.724277413644972334e+00
5.147000000000000000e+03,3.450483709945773914e+00
5.148000000000000000e+03,3.434391813746846100e+00
5.149000000000000000e+03,3.549356540818542793e+00
5.150000000000000000e+03,3.566294762851325739e+00
5.151000000000000000e+03,3.637251175278661375e+00
5.152000000000000000e+03,3.488296208037074297e+00
5.153000000000000000e+03,3.644211919705412583e+00
5.154000000000000000e+03,3.801497694040177677e+00
5.155000000000000000e+03,4.024338250338138856e+00
5.156000000000000000e+03,3.918837127521780150e+00
5.157000000000000000e+03,3.638395016079182476e+00
5.158000000000000000e+03,4.078613396222248610e+00
5.159000000000000000e+03,4.025475463647582686e+00
5.160000000000000000e+03,3.849036848877001482e+00
5.161000000000000000e+03,3.802350831528771291e+00
5.162000000000000000e+03,3.411433237935614482e+00
5.163000000000000000e+03,3.663034847161024565e+00
5.164000000000000000e+03,3.534393943540855343e+00
5.165000000000000000e+03,3.579602374951349031e+00
5.166000000000000000e+03,3.425412764384212938e+00
5.167000000000000000e+03,3.905598200239123408e+00
5.168000000000000000e+03,3.858242170193935561e+00
5.169000000000000000e+03,3.254834031863597765e+00
5.170000000000000000e+03,3.404015031522797941e+00
5.171000000000000000e+03,3.498418775161090011e+00
5.172000000000000000e+03,3.594436838143674873e+00
5.173000000000000000e+03,3.910626089153713458e+00
5.174000000000000000e+03,3.544902977898809482e+00
5.175000000000000000e+03,4.036456461745660640e+00
5.176000000000000000e+03,3.649933120611836390e+00
5.177000000000000000e+03,3.814935125315438658e+00
5.178000000000000000e+03,3.824348033436435035e+00
5.179000000000000000e+03,3.536989942074105109e+00
5.180000000000000000e+03,3.892787424813511699e+00
5.181000000000000000e+03,3.754775778485030635e+00
5.182000000000000000e+03,3.984272283686565608e+00
5.183000000000000000e+03,4.145836160235988999e+00
5.184000000000000000e+03,3.828743579026338217e+00
5.185000000000000000e+03,3.676375277516344298e+00
5.186000000000000000e+03,4.046933126145128234e+00
5.187000000000000000e+03,3.630557956006746689e+00
5.188000000000000000e+03,3.788735813045166712e+00
5.189000000000000000e+03,4.068769446880732055e+00
5.190000000000000000e+03,3.957232999520664318e+00
5.191000000000000000e+03,3.535370414364762404e+00
5.192000000000000000e+03,3.606539088263978954e+00
5.193000000000000000e+03,3.449998610689541056e+00
5.194000000000000000e+03,3.879799644813799464e+00
5.195000000000000000e+03,4.091855057666544226e+00
5.196000000000000000e+03,3.780932619282928009e+00
5.197000000000000000e+03,3.796662546202488997e+00
5.198000000000000000e+03,3.939432307657793508e+00
5.199000000000000000e+03,3.915889427189843452e+00
5.200000000000000000e+03,3.909603710420340050e+00
5.201000000000000000e+03,3.388981173309977724e+00
5.202000000000000000e+03,3.680360616862407230e+00
5.203000000000000000e+03,3.676343169322532578e+00
5.204000000000000000e+03,3.564533133123171993e+00
5.205000000000000000e+03,3.435701499966331784e+00
5.206000000000000000e+03,3.633316758854693074e+00
5.207000000000000000e+03,3.632489940972988940e+00
5.208000000000000000e+03,3.874966122092537102e+00
5.209000000000000000e+03,3.748363697846404996e+00
5.210000000000000000e+03,3.758777333199001980e+00
5.211000000000000000e+03,3.853596742079478776e+00
5.212000000000000000e+03,3.593942583582742767e+00
5.213000000000000000e+03,4.168418649575419188e+00
5.214000000000000000e+03,3.725884077071711431e+00
5.215000000000000000e+03,4.024566090152003284e+00
5.216000000000000000e+03,3.619059144375537773e+00
5.217000000000000000e+03,3.795468265960600274e+00
5.218000000000000000e+03,3.689007590000100478e+00
5.219000000000000000e+03,3.369124920529224188e+00
5.220000000000000000e+03,3.778560375961852902e+00
5.221000000000000000e+03,3.856678556994917351e+00
5.222000000000000000e+03,3.822486593692305146e+00
5.223000000000000000e+03,3.726719652002948635e+00
5.224000000000000000e+03,3.879024236638834999e+00
5.225000000000000000e+03,3.909904034689250629e+00
5.226000000000000000e+03,3.866453804109089010e+00
5.227000000000000000e+03,3.509667513238279746e+00
5.228000000000000000e+03,3.502745238395043259e+00
5.229000000000000000e+03,3.966533501924516258e+00
5.230000000000000000e+03,3.599070529754060832e+00
5.231000000000000000e+03,3.590582670191617698e+00
5.232000000000000000e+03,3.588409034747197968e+00
5.233000000000000000e+03,3.845975962085685929e+00
5.234000000000000000e+03,3.535837044364693593e+00
5.235000000000000000e+03,3.610613783709586855e+00
5.236000000000000000e+03,3.523681627941836147e+00
5.237000000000000000e+03,3.980063189900060028e+00
5.238000000000000000e+03,3.985700769378103026e+00
5.239000000000000000e+03,3.540753678118115477e+00
5.240000000000000000e+03,3.732851878874218432e+00
5.241000000000000000e+03,3.694871047261749641e+00
5.242000000000000000e+03,3.537313186547520250e+00
5.243000000000000000e+03,3.986123392246217367e+00
5.244000000000000000e+03,3.658303970960899321e+00
5.245000000000000000e+03,3.765572216440064235e+00
5.246000000000000000e+03,4.035401991651637488e+00
5.247000000000000000e+03,3.410255309123656264e+00
5.248000000000000000e+03,3.642810961042263873e+00
5.249000000000000000e+03,3.859029879868921764e+00
5.250000000000000000e+03,4.057469544900183855e+00
5.251000000000000000e+03,3.894878131923190434e+00
5.252000000000000000e+03,4.126924130145257941e+00
5.253000000000000000e+03,3.626116861250574974e+00
5.254000000000000000e+03,3.976627077027917068e+00
5.255000000000000000e+03,3.769550565759205440e+00
5.256000000000000000e+03,4.242496627482614358e+00
5.257000000000000000e+03,3.932064263076000543e+00
5.258000000000000000e+03,4.066820704003911047e+00
5.259000000000000000e+03,3.641982890208076196e+00
5.260000000000000000e+03,3.708962994925937284e+00
5.261000000000000000e+03,3.700278648787549418e+00
5.262000000000000000e+03,3.937298112774648029e+00
5.263000000000000000e+03,3.915827509070046286e+00
5.264000000000000000e+03,3.537350870154173599e+00
5.265000000000000000e+03,3.867891225620085027e+00
5.266000000000000000e+03,3.872760213238370053e+00
5.267000000000000000e+03,3.822551374958815362e+00
5.268000000000000000e+03,3.351266969057643319e+00
5.269000000000000000e+03,3.669450377890425941e+00
5.270000000000000000e+03,4.008997838447713846e+00
5.271000000000000000e+03,3.963243610744238588e+00
5.272000000000000000e+03,3.599038338691842309e+00
5.273000000000000000e+03,3.959051831607470540e+00
5.274000000000000000e+03,3.437503697129229430e+00
5.275000000000000000e+03,3.655739351112141211e+00
5.276000000000000000e+03,3.522133888656425516e+00
5.277000000000000000e+03,3.906686707499979150e+00
5.278000000000000000e+03,3.545394597177443430e+00
5.279000000000000000e+03,3.995981584431752776e+00
5.280000000000000000e+03,3.973494429448403142e+00
5.281000000000000000e+03,3.645786995719164203e+00
5.282000000000000000e+03,3.755616167468053490e+00
5.283000000000000000e+03,3.251036815879330799e+00
5.284000000000000000e+03,3.607242263749181888e+00
5.285000000000000000e+03,3.560456188873065475e+00
5.286000000000000000e+03,3.491326497172752674e+00
5.287000000000000000e+03,3.551474314470254079e+00
5.288000000000000000e+03,3.288372731177407360e+00
5.289000000000000000e+03,3.747438734878149269e+00
5.290000000000000000e+03,3.813696181224032422e+00
5.291000000000000000e+03,3.451321227030085925e+00
5.292000000000000000e+03,3.983025843888277073e+00
5.293000000000000000e+03,3.628812856129065345e+00
5.294000000000000000e+03,3.715142240703062093e+00
5.295000000000000000e+03,3.802800488741219009e+00
5.296000000000000000e+03,3.588403390750595445e+00
5.297000000000000000e+03,3.443438791281125955e+00
5.298000000000000000e+03,4.053240902034112914e+00
5.299000000000000000e+03,3.826969876027726425e+00
5.300000000000000000e+03,3.763458264732029601e+00
5.301000000000000000e+03,3.995757491544264184e+00
5.302000000000000000e+03,3.591292169093933229e+00
5.303000000000000000e+03,3.870093768215013164e+00
5.304000000000000000e+03,3.539298024995383152e+00
5.305000000000000000e+03,3.797951997211381769e+00
5.306000000000000000e+03,3.660265446997955863e+00
5.307000000000000000e+03,3.955631709679461316e+00
5.308000000000000000e+03,3.965959303762232047e+00
5.309000000000000000e+03,3.748977260471483497e+00
5.310000000000000000e+03,3.348930793406990958e+00
5.311000000000000000e+03,3.875595332669119486e+00
5.312000000000000000e+03,3.715126516548850066e+00
5.313000000000000000e+03,3.453456236981982563e+00
5.314000000000000000e+03,3.613731086575256324e+00
5.315000000000000000e+03,3.674362715845927774e+00
5.316000000000000000e+03,3.612686576201345812e+00
5.317000000000000000e+03,3.689638595576966829e+00
5.318000000000000000e+03,3.784998682758164978e+00
5.319000000000000000e+03,3.904899675636602119e+00
5.320000000000000000e+03,3.636136306107550453e+00
5.321000000000000000e+03,3.822447920780267072e+00
5.322000000000000000e+03,3.621049333187752683e+00
5.323000000000000000e+03,3.881328145948231612e+00
5.324000000000000000e+03,3.698723238159460802e+00
5.325000000000000000e+03,3.518917003710557267e+00
5.326000000000000000e+03,3.725262540755358120e+00
5.327000000000000000e+03,3.687561514008252050e+00
5.328000000000000000e+03,3.644484508951248536e+00
5.329000000000000000e+03,3.676171809265471158e+00
5.330000000000000000e+03,3.937339765529288105e+00
5.331000000000000000e+03,3.849399554247912469e+00
5.332000000000000000e+03,3.608092671861875989e+00
5.333000000000000000e+03,3.621684526517850333e+00
5.334000000000000000e+03,3.674263818314273955e+00
5.335000000000000000e+03,3.926709571399991106e+00
5.336000000000000000e+03,3.913588316782985910e+00
5.337000000000000000e+03,3.770783236330376376e+00
5.338000000000000000e+03,3.586434537079757678e+00
5.339000000000000000e+03,3.583959002505717528e+00
5.340000000000000000e+03,3.678241590084441182e+00
5.341000000000000000e+03,3.422126125447497724e+00
5.342000000000000000e+03,3.574314732019882257e+00
5.343000000000000000e+03,3.392472861114249838e+00
5.344000000000000000e+03,3.546775451493301645e+00
5.345000000000000000e+03,3.777897498380554442e+00
5.346000000000000000e+03,3.782878256670008987e+00
5.347000000000000000e+03,3.823876673075250476e+00
5.348000000000000000e+03,3.764327313699287192e+00
5.349000000000000000e+03,4.228410063502671790e+00
5.350000000000000000e+03,3.764131451237466841e+00
5.351000000000000000e+03,3.660003781305108728e+00
5.352000000000000000e+03,3.836865373995951067e+00
5.353000000000000000e+03,3.603527487510643113e+00
5.354000000000000000e+03,3.873462676215696288e+00
5.355000000000000000e+03,3.655390004160899764e+00
5.356000000000000000e+03,3.899897687958165271e+00
5.357000000000000000e+03,3.510723553818614562e+00
5.358000000000000000e+03,3.730498198877845617e+00
5.359000000000000000e+03,3.406808923160783653e+00
5.360000000000000000e+03,3.603707911377375339e+00
5.361000000000000000e+03,3.776666690219382172e+00
5.362000000000000000e+03,3.440129003985417544e+00
5.363000000000000000e+03,4.061102436246043723e+00
5.364000000000000000e+03,3.617256250724405486e+00
5.365000000000000000e+03,3.926460981007856788e+00
5.366000000000000000e+03,3.656148002853821577e+00
5.367000000000000000e+03,3.997709567800818320e+00
5.368000000000000000e+03,3.959551448145064878e+00
5.369000000000000000e+03,3.907791652149887440e+00
5.370000000000000000e+03,4.340163499175382356e+00
5.371000000000000000e+03,3.963336622101716777e+00
5.372000000000000000e+03,3.703313587027440068e+00
5.373000000000000000e+03,3.878924901224595434e+00
5.374000000000000000e+03,3.790786834107580550e+00
5.375000000000000000e+03,3.849279246895429107e+00
5.376000000000000000e+03,3.873891491110007745e+00
5.377000000000000000e+03,3.614407995735755108e+00
5.378000000000000000e+03,3.712471956526109285e+00
5.379000000000000000e+03,3.722914476552477314e+00
5.380000000000000000e+03,3.743322758487252599e+00
5.381000000000000000e+03,3.902913063848424624e+00
5.382000000000000000e+03,3.671702488594540181e+00
5.383000000000000000e+03,3.847313229429823345e+00
5.384000000000000000e+03,3.617914431067550840e+00
5.385000000000000000e+03,4.255403785206439693e+00
5.386000000000000000e+03,3.894135111299306562e+00
5.387000000000000000e+03,3.579044154742806239e+00
5.388000000000000000e+03,3.787600056249619485e+00
5.389000000000000000e+03,4.093753709731438484e+00
5.390000000000000000e+03,3.689926245608214472e+00
5.391000000000000000e+03,3.680586117368290999e+00
5.392000000000000000e+03,3.633239076591812111e+00
5.393000000000000000e+03,4.053674054522469206e+00
5.394000000000000000e+03,3.826288741931665793e+00
5.395000000000000000e+03,3.650420871276785828e+00
5.396000000000000000e+03,3.874144818084732211e+00
5.397000000000000000e+03,4.033687386722371926e+00
5.398000000000000000e+03,3.506549019791418864e+00
5.399000000000000000e+03,3.781328587167797295e+00
5.400000000000000000e+03,3.622518408514844968e+00
5.401000000000000000e+03,4.039562867218353226e+00
5.402000000000000000e+03,3.846012837767849746e+00
5.403000000000000000e+03,3.958819858295168803e+00
5.404000000000000000e+03,4.235372966750129642e+00
5.405000000000000000e+03,3.504967176321564626e+00
5.406000000000000000e+03,3.818347578915026741e+00
5.407000000000000000e+03,3.546698748206364993e+00
5.408000000000000000e+03,3.482290807044105652e+00
5.409000000000000000e+03,3.573686223064590273e+00
5.410000000000000000e+03,3.488094190109741533e+00
5.411000000000000000e+03,3.606407674610398129e+00
5.412000000000000000e+03,3.603049414671912754e+00
5.413000000000000000e+03,4.111810392447671880e+00
5.414000000000000000e+03,3.863525702794603056e+00
5.415000000000000000e+03,3.555779062021997117e+00
5.416000000000000000e+03,3.750241364143120038e+00
5.417000000000000000e+03,3.473790558494779468e+00
5.418000000000000000e+03,3.653524423684253453e+00
5.419000000000000000e+03,3.676174921472366020e+00
5.420000000000000000e+03,3.593182382986500834e+00
5.421000000000000000e+03,3.863580526112097679e+00
5.422000000000000000e+03,3.544608101784223475e+00
5.423000000000000000e+03,3.535567976464430995e+00
5.424000000000000000e+03,3.671842003714952618e+00
5.425000000000000000e+03,3.501177826125551729e+00
5.426000000000000000e+03,4.199397964908723857e+00
5.427000000000000000e+03,3.656682648166482696e+00
5.428000000000000000e+03,3.517308207747724236e+00
5.429000000000000000e+03,3.653516423636663735e+00
5.430000000000000000e+03,3.550726031258222282e+00
5.431000000000000000e+03,3.970791295109663110e+00
5.432000000000000000e+03,3.760390254194904358e+00
5.433000000000000000e+03,3.541608215440265273e+00
5.434000000000000000e+03,3.818097675306537209e+00
5.435000000000000000e+03,3.762008170024142562e+00
5.436000000000000000e+03,3.750572917096724357e+00
5.437000000000000000e+03,3.360895418527368506e+00
5.438000000000000000e+03,3.682045039957582144e+00
5.439000000000000000e+03,3.564591590989562242e+00
5.440000000000000000e+03,3.703675696302155540e+00
5.441000000000000000e+03,3.736795672277378966e+00
5.442000000000000000e+03,3.883150710721503085e+00
5.443000000000000000e+03,3.692977592882125126e+00
5.444000000000000000e+03,4.147403067044800551e+00
5.445000000000000000e+03,3.487259316983834623e+00
5.446000000000000000e+03,3.698877385786558225e+00
5.447000000000000000e+03,3.608770228402875535e+00
5.448000000000000000e+03,3.769182673120917926e+00
5.449000000000000000e+03,3.579654668807481510e+00
5.450000000000000000e+03,3.874802807274324135e+00
5.451000000000000000e+03,3.327331416115815177e+00
5.452000000000000000e+03,3.603779217211358965e+00
5.453000000000000000e+03,3.683593984132018218e+00
5.454000000000000000e+03,3.702039135760316402e+00
5.455000000000000000e+03,3.833080549102717338e+00
5.456000000000000000e+03,3.709578386213329804e+00
5.457000000000000000e+03,3.672578181093177019e+00
5.458000000000000000e+03,3.731258254458161616e+00
5.459000000000000000e+03,3.633697043016242301e+00
5.460000000000000000e+03,4.203388732594395272e+00
5.461000000000000000e+03,3.785002438086628285e+00
5.462000000000000000e+03,3.408885246532420421e+00
5.463000000000000000e+03,3.691989141552397324e+00
5.464000000000000000e+03,3.998687042586272611e+00
5.465000000000000000e+03,3.856242884914379498e+00
5.466000000000000000e+03,3.552171004908502461e+00
5.467000000000000000e+03,3.779900621035055419e+00
5.468000000000000000e+03,4.012206397093690313e+00
5.469000000000000000e+03,3.741521852868969322e+00
5.470000000000000000e+03,3.685944509365286503e+00
5.471000000000000000e+03,3.637933395195278585e+00
5.472000000000000000e+03,3.609632717172441385e+00
5.473000000000000000e+03,3.513273806491132856e+00
5.474000000000000000e+03,3.757128197374195011e+00
5.475000000000000000e+03,3.485019237631416633e+00
5.476000000000000000e+03,3.792447682759839900e+00
5.477000000000000000e+03,3.750583703071302288e+00
5.478000000000000000e+03,3.646027099432941565e+00
5.479000000000000000e+03,3.786686155148256461e+00
5.480000000000000000e+03,3.461053882738514442e+00
5.481000000000000000e+03,3.644568876068440044e+00
5.482000000000000000e+03,4.097853620029362709e+00
5.483000000000000000e+03,3.592323851782381894e+00
5.484000000000000000e+03,4.191502864564067288e+00
5.485000000000000000e+03,3.745422912052389641e+00
5.486000000000000000e+03,3.662970401354436412e+00
5.487000000000000000e+03,3.611251010590565080e+00
5.488000000000000000e+03,3.504936787877761528e+00
5.489000000000000000e+03,3.417042331974648128e+00
5.490000000000000000e+03,3.898299889341827029e+00
5.491000000000000000e+03,3.994899309641251062e+00
5.492000000000000000e+03,4.029615127423643806e+00
5.493000000000000000e+03,3.656666419448453276e+00
5.494000000000000000e+03,3.674417444788607323e+00
5.495000000000000000e+03,3.903235679608032971e+00
5.496000000000000000e+03,3.302113933345980801e+00
5.497000000000000000e+03,3.966335118467565035e+00
5.498000000000000000e+03,3.883350260249861741e+00
5.499000000000000000e+03,3.775828286169490067e+00
5.500000000000000000e+03,3.530758770205439490e+00
5.501000000000000000e+03,3.661874752059890437e+00
5.502000000000000000e+03,3.741834756134929219e+00
5.503000000000000000e+03,3.747948964972912300e+00
5.504000000000000000e+03,3.283694308698303921e+00
5.505000000000000000e+03,4.155678181764942636e+00
5.506000000000000000e+03,3.587492035041297544e+00
5.507000000000000000e+03,4.179423774246457945e+00
5.508000000000000000e+03,3.846928491594711730e+00
5.509000000000000000e+03,3.577705064361236698e+00
5.510000000000000000e+03,4.066084415233800264e+00
5.511000000000000000e+03,3.890526054809528400e+00
5.512000000000000000e+03,3.848136809269600001e+00
5.513000000000000000e+03,3.885035701894552496e+00
5.514000000000000000e+03,3.867242407210403243e+00
5.515000000000000000e+03,3.756943602498513890e+00
5.516000000000000000e+03,4.006031310859147432e+00
5.517000000000000000e+03,4.001269091512710929e+00
5.518000000000000000e+03,3.753825200458005273e+00
5.519000000000000000e+03,3.942139038677796137e+00
5.520000000000000000e+03,3.612019393546876511e+00
5.521000000000000000e+03,3.824701504408299257e+00
5.522000000000000000e+03,3.560623351968841721e+00
5.523000000000000000e+03,3.821432103376289913e+00
5.524000000000000000e+03,3.860972836630514937e+00
5.525000000000000000e+03,3.765572929743760344e+00
5.526000000000000000e+03,3.543076354917949811e+00
5.527000000000000000e+03,3.776566771273124345e+00
5.528000000000000000e+03,3.539177973991831649e+00
5.529000000000000000e+03,3.844125318113464029e+00
5.530000000000000000e+03,3.724821034189204294e+00
5.531000000000000000e+03,3.917743185227920311e+00
5.532000000000000000e+03,4.218319315656648527e+00
5.533000000000000000e+03,3.821922130806330475e+00
5.534000000000000000e+03,3.876181677145049242e+00
5.535000000000000000e+03,3.598771456778937505e+00
5.536000000000000000e+03,3.883388541892698775e+00
5.537000000000000000e+03,3.891608452684355512e+00
5.538000000000000000e+03,3.722628445499438055e+00
5.539000000000000000e+03,3.698532044004885666e+00
5.540000000000000000e+03,3.674989202942009481e+00
5.541000000000000000e+03,3.906744678870519127e+00
5.542000000000000000e+03,3.600705167753654123e+00
5.543000000000000000e+03,3.868394907725437815e+00
5.544000000000000000e+03,4.029552491491261712e+00
5.545000000000000000e+03,3.553806972871214054e+00
5.546000000000000000e+03,3.568157862532970181e+00
5.547000000000000000e+03,3.733093501554171301e+00
5.548000000000000000e+03,3.892251947893591524e+00
5.549000000000000000e+03,3.680670065379350486e+00
5.550000000000000000e+03,3.849848521760780518e+00
5.551000000000000000e+03,3.875073610166730464e+00
5.552000000000000000e+03,3.746121733349481620e+00
5.553000000000000000e+03,3.905609162602272200e+00
5.554000000000000000e+03,3.438362367550931165e+00
5.555000000000000000e+03,3.552236638350360298e+00
5.556000000000000000e+03,3.828249389244425593e+00
5.557000000000000000e+03,3.799741944971007257e+00
5.558000000000000000e+03,3.498873837198370307e+00
5.559000000000000000e+03,3.894892068209554026e+00
5.560000000000000000e+03,3.777834207353040874e+00
5.561000000000000000e+03,3.813355623837226371e+00
5.562000000000000000e+03,3.601708835351475013e+00
5.563000000000000000e+03,3.926019797844629178e+00
5.564000000000000000e+03,3.954530979498098286e+00
5.565000000000000000e+03,3.498653880239887215e+00
5.566000000000000000e+03,4.252425017527564854e+00
5.567000000000000000e+03,3.706177888935488163e+00
5.568000000000000000e+03,3.701589101291297368e+00
5.569000000000000000e+03,3.980105031316218067e+00
5.570000000000000000e+03,3.786025190197914725e+00
5.571000000000000000e+03,3.793704499746171965e+00
5.572000000000000000e+03,3.473842039426279893e+00
5.573000000000000000e+03,3.691194256099032511e+00
5.574000000000000000e+03,3.617829796007345777e+00
5.575000000000000000e+03,3.741259434695554109e+00
5.576000000000000000e+03,3.514076374072834685e+00
5.577000000000000000e+03,3.722528907376204010e+00
5.578000000000000000e+03,3.608106911043361009e+00
5.579000000000000000e+03,3.971923712153726083e+00
5.580000000000000000e+03,3.949685036516070724e+00
5.581000000000000000e+03,3.936703829516170927e+00
5.582000000000000000e+03,4.154884820379764143e+00
5.583000000000000000e+03,3.584620751082786327e+00
5.584000000000000000e+03,3.852559047029763484e+00
5.585000000000000000e+03,3.867198217580391617e+00
5.586000000000000000e+03,3.938921268943173626e+00
5.587000000000000000e+03,3.662694221973686215e+00
5.588000000000000000e+03,3.383336003674537906e+00
5.589000000000000000e+03,3.938797986856303890e+00
5.590000000000000000e+03,3.481529146728805202e+00
5.591000000000000000e+03,3.554277045197010043e+00
5.592000000000000000e+03,3.568134374067580605e+00
5.593000000000000000e+03,3.741592676878981116e+00
5.594000000000000000e+03,3.357947832239192465e+00
5.595000000000000000e+03,4.003054187298361377e+00
5.596000000000000000e+03,3.913815101603347113e+00
5.597000000000000000e+03,3.711369592150348229e+00
5.598000000000000000e+03,3.878560070634165413e+00
5.599000000000000000e+03,3.796476095831513131e+00
5.600000000000000000e+03,3.630138724550059148e+00
5.601000000000000000e+03,3.829232583063055806e+00
5.602000000000000000e+03,3.997806018406153683e+00
5.603000000000000000e+03,3.838477920085768158e+00
5.604000000000000000e+03,3.792177098847420602e+00
5.605000000000000000e+03,3.808184229299043100e+00
5.606000000000000000e+03,3.894936249966485686e+00
5.607000000000000000e+03,3.457749734768319705e+00
5.608000000000000000e+03,3.518150304211888013e+00
5.609000000000000000e+03,3.654302428410311609e+00
5.610000000000000000e+03,3.631121253156373907e+00
5.611000000000000000e+03,3.703562989400759786e+00
5.612000000000000000e+03,3.635003476746479389e+00
5.613000000000000000e+03,3.378933627717203070e+00
5.614000000000000000e+03,3.698395704004736384e+00
5.615000000000000000e+03,3.826934729789686962e+00
5.616000000000000000e+03,3.703274622094673507e+00
5.617000000000000000e+03,3.520001520690319907e+00
5.618000000000000000e+03,3.710942893433952339e+00
5.619000000000000000e+03,3.683260319398508287e+00
5.620000000000000000e+03,3.741595243746238086e+00
5.621000000000000000e+03,3.547420710157464629e+00
5.622000000000000000e+03,3.698902576572472345e+00
5.623000000000000000e+03,3.789372985393951954e+00
5.624000000000000000e+03,3.759625535769871352e+00
5.625000000000000000e+03,3.770532904893730386e+00
5.626000000000000000e+03,3.930242544236990820e+00
5.627000000000000000e+03,3.894147769370274847e+00
5.628000000000000000e+03,3.624666358068617367e+00
5.629000000000000000e+03,3.856134560586493620e+00
5.630000000000000000e+03,3.911751506687169755e+00
5.631000000000000000e+03,3.872016730572640508e+00
5.632000000000000000e+03,3.602654102726860597e+00
5.633000000000000000e+03,3.968736903318654363e+00
5.634000000000000000e+03,3.917440446847729962e+00
5.635000000000000000e+03,3.575045831409616071e+00
5.636000000000000000e+03,3.954729912957609894e+00
5.637000000000000000e+03,3.915296343153568337e+00
5.638000000000000000e+03,3.881904486219852846e+00
5.639000000000000000e+03,3.988581269310542243e+00
5.640000000000000000e+03,3.559946318432033685e+00
5.641000000000000000e+03,3.479121339770558041e+00
5.642000000000000000e+03,3.869459901049878248e+00
5.643000000000000000e+03,3.746886787429744459e+00
5.644000000000000000e+03,3.690080011509921043e+00
5.645000000000000000e+03,3.555796497012174040e+00
5.646000000000000000e+03,3.614506817202584266e+00
5.647000000000000000e+03,3.955855369058315585e+00
5.648000000000000000e+03,3.670700769465251145e+00
5.649000000000000000e+03,3.866698876709761201e+00
5.650000000000000000e+03,3.810786299579874470e+00
5.651000000000000000e+03,3.788354218420359576e+00
5.652000000000000000e+03,3.973753238644885943e+00
5.653000000000000000e+03,3.858060427278172444e+00
5.654000000000000000e+03,3.823355052380089880e+00
5.655000000000000000e+03,3.544645215030179930e+00
5.656000000000000000e+03,3.707897295036661323e+00
5.657000000000000000e+03,3.863107034805866480e+00
5.658000000000000000e+03,3.866079468065933611e+00
5.659000000000000000e+03,3.626122531999254495e+00
5.660000000000000000e+03,3.703638566417006839e+00
5.661000000000000000e+03,3.752804220660988399e+00
5.662000000000000000e+03,3.853350190931605912e+00
5.663000000000000000e+03,4.070319683248221132e+00
5.664000000000000000e+03,4.031130733268988742e+00
5.665000000000000000e+03,3.901932417504350159e+00
5.666000000000000000e+03,3.902383505730312230e+00
5.667000000000000000e+03,3.368447993768143522e+00
5.668000000000000000e+03,3.689889019348656429e+00
5.669000000000000000e+03,3.725644161824108735e+00
5.670000000000000000e+03,3.610213624911140062e+00
5.671000000000000000e+03,3.805327174480682029e+00
5.672000000000000000e+03,4.106638277516238666e+00
5.673000000000000000e+03,3.738199696368986302e+00
5.674000000000000000e+03,3.589911604605307893e+00
5.675000000000000000e+03,3.431584187742973135e+00
5.676000000000000000e+03,3.762618505433139582e+00
5.677000000000000000e+03,3.631162043349891455e+00
5.678000000000000000e+03,3.759692159724280280e+00
5.679000000000000000e+03,3.681065067903498633e+00
5.680000000000000000e+03,3.763307913403532101e+00
5.681000000000000000e+03,3.383056597952423861e+00
5.682000000000000000e+03,3.882733850576774781e+00
5.683000000000000000e+03,3.789299461316713025e+00
5.684000000000000000e+03,4.095340324460008397e+00
5.685000000000000000e+03,3.499925033717012468e+00
5.686000000000000000e+03,3.648230910954818995e+00
5.687000000000000000e+03,3.764700011200651009e+00
5.688000000000000000e+03,3.892669459728582915e+00
5.689000000000000000e+03,4.008472980855949608e+00
5.690000000000000000e+03,3.525255897741649935e+00
5.691000000000000000e+03,3.598475676820972247e+00
5.692000000000000000e+03,3.757428688984480125e+00
5.693000000000000000e+03,3.877642638110696538e+00
5.694000000000000000e+03,3.475767248617170235e+00
5.695000000000000000e+03,3.887538100423008736e+00
5.696000000000000000e+03,3.656324648631563701e+00
5.697000000000000000e+03,3.688684408247715041e+00
5.698000000000000000e+03,3.803065149100987696e+00
5.699000000000000000e+03,3.567508649018585665e+00
5.700000000000000000e+03,3.671492714509655197e+00
5.701000000000000000e+03,3.742083111801745243e+00
5.702000000000000000e+03,3.907488599746112623e+00
5.703000000000000000e+03,3.945541940635801215e+00
5.704000000000000000e+03,3.700781648332819973e+00
5.705000000000000000e+03,3.896127877679908647e+00
5.706000000000000000e+03,3.644521698533583987e+00
5.707000000000000000e+03,3.935417648860872308e+00
5.708000000000000000e+03,3.795456112992136699e+00
5.709000000000000000e+03,3.806899482279872515e+00
5.710000000000000000e+03,3.840647340837456181e+00
5.711000000000000000e+03,3.456179839612180782e+00
5.712000000000000000e+03,3.792545878928667236e+00
5.713000000000000000e+03,3.838699607030646277e+00
5.714000000000000000e+03,4.012348382690005266e+00
5.715000000000000000e+03,3.660765374733908395e+00
5.716000000000000000e+03,3.780169030602164693e+00
5.717000000000000000e+03,3.652885571704017842e+00
5.718000000000000000e+03,3.538395943463639615e+00
5.719000000000000000e+03,3.718371608926132499e+00
5.720000000000000000e+03,3.718842725438417762e+00
5.721000000000000000e+03,3.729564142497859169e+00
5.722000000000000000e+03,3.881923080665147463e+00
5.723000000000000000e+03,3.786168933586030239e+00
5.724000000000000000e+03,3.965910171637035742e+00
5.725000000000000000e+03,3.852566111342687005e+00
5.726000000000000000e+03,3.788137864380387576e+00
5.727000000000000000e+03,3.750920738953164690e+00
5.728000000000000000e+03,3.754240727105997433e+00
5.729000000000000000e+03,3.749204818620902824e+00
5.730000000000000000e+03,3.464536134696987180e+00
5.731000000000000000e+03,3.527344889506905723e+00
5.732000000000000000e+03,3.647855512394090560e+00
5.733000000000000000e+03,3.597256267186781376e+00
5.734000000000000000e+03,3.977841712814557784e+00
5.735000000000000000e+03,3.647617913257081401e+00
5.736000000000000000e+03,3.824327293092818714e+00
5.737000000000000000e+03,3.851948742860813457e+00
5.738000000000000000e+03,3.694273788977749273e+00
5.739000000000000000e+03,3.433456918689477000e+00
5.740000000000000000e+03,3.714775523153831749e+00
5.741000000000000000e+03,3.752155776713691715e+00
5.742000000000000000e+03,3.608165296831662872e+00
5.743000000000000000e+03,3.681251105346782015e+00
5.744000000000000000e+03,3.456764057928513267e+00
5.745000000000000000e+03,3.626888489261792081e+00
5.746000000000000000e+03,3.413136931218984760e+00
5.747000000000000000e+03,3.845410129405915090e+00
5.748000000000000000e+03,3.774854721692791681e+00
5.749000000000000000e+03,3.634335642508801367e+00
5.750000000000000000e+03,3.653212569463119230e+00
5.751000000000000000e+03,3.730355493685679313e+00
5.752000000000000000e+03,3.684606903560654345e+00
5.753000000000000000e+03,3.661661547933294791e+00
5.754000000000000000e+03,3.414084234944359419e+00
5.755000000000000000e+03,3.546653097339075078e+00
5.756000000000000000e+03,3.750967915632797745e+00
5.757000000000000000e+03,3.914945965122853089e+00
5.758000000000000000e+03,3.749285532750135097e+00
5.759000000000000000e+03,3.628109298237684577e+00
5.760000000000000000e+03,3.429574022665959010e+00
5.761000000000000000e+03,3.895703545214114438e+00
5.762000000000000000e+03,3.866247888584338099e+00
5.763000000000000000e+03,3.437578851878889896e+00
5.764000000000000000e+03,3.963018223522915662e+00
5.765000000000000000e+03,3.979805863479874528e+00
5.766000000000000000e+03,3.664548951948248146e+00
5.767000000000000000e+03,3.939857969332666965e+00
5.768000000000000000e+03,3.631934417718072794e+00
5.769000000000000000e+03,3.663777193119256204e+00
5.770000000000000000e+03,3.674718503156757077e+00
5.771000000000000000e+03,3.703825769100137055e+00
5.772000000000000000e+03,3.939441332702132925e+00
5.773000000000000000e+03,3.520268582031963245e+00
5.774000000000000000e+03,3.851397861927362776e+00
5.775000000000000000e+03,3.421921590036501648e+00
5.776000000000000000e+03,3.974957679973778912e+00
5.777000000000000000e+03,3.623757195348572768e+00
5.778000000000000000e+03,3.490259761686415718e+00
5.779000000000000000e+03,3.849341899923027110e+00
5.780000000000000000e+03,3.603119409719248711e+00
5.781000000000000000e+03,3.613658109456101997e+00
5.782000000000000000e+03,3.767055447660302647e+00
5.783000000000000000e+03,3.606320699830000365e+00
5.784000000000000000e+03,3.863726590016139273e+00
5.785000000000000000e+03,3.826831357481029539e+00
5.786000000000000000e+03,3.813148823750971417e+00
5.787000000000000000e+03,3.893910646584394897e+00
5.788000000000000000e+03,3.651085112169840219e+00
5.789000000000000000e+03,3.840642401791149574e+00
5.790000000000000000e+03,3.827528609473176857e+00
5.791000000000000000e+03,3.653078793701117100e+00
5.792000000000000000e+03,3.800772287850075148e+00
5.793000000000000000e+03,3.630942956230265750e+00
5.794000000000000000e+03,3.449919386123274645e+00
5.795000000000000000e+03,3.660124729590895409e+00
5.796000000000000000e+03,3.579919200962634385e+00
5.797000000000000000e+03,3.597041092793322292e+00
5.798000000000000000e+03,3.462074330864430394e+00
5.799000000000000000e+03,3.797449735174241781e+00
5.800000000000000000e+03,3.654407523595495366e+00
5.801000000000000000e+03,3.537940727688119846e+00
5.802000000000000000e+03,3.820615500530808006e+00
5.803000000000000000e+03,3.799753913316233245e+00
5.804000000000000000e+03,3.873551188906291465e+00
5.805000000000000000e+03,3.542665182545026603e+00
5.806000000000000000e+03,3.481905884364286941e+00
5.807000000000000000e+03,3.570550174749318906e+00
5.808000000000000000e+03,3.635284263797755155e+00
5.809000000000000000e+03,3.720558157626904006e+00
5.810000000000000000e+03,3.769240729331764239e+00
5.811000000000000000e+03,3.739604551813722644e+00
5.812000000000000000e+03,3.834480940030517981e+00
5.813000000000000000e+03,3.745514712294303106e+00
5.814000000000000000e+03,3.809191182940809828e+00
5.815000000000000000e+03,3.564556194230848352e+00
5.816000000000000000e+03,3.780808565052536707e+00
5.817000000000000000e+03,3.949338515889706080e+00
5.818000000000000000e+03,3.780139422435623953e+00
5.819000000000000000e+03,3.660661446225532689e+00
5.820000000000000000e+03,4.053885114435741066e+00
5.821000000000000000e+03,3.840320278117139718e+00
5.822000000000000000e+03,3.674230469553808831e+00
5.823000000000000000e+03,3.710693770006717074e+00
5.824000000000000000e+03,3.803850081334879896e+00
5.825000000000000000e+03,3.929164039203068004e+00
5.826000000000000000e+03,3.736036017761693806e+00
5.827000000000000000e+03,3.616652173775755763e+00
5.828000000000000000e+03,3.877677527416327319e+00
5.829000000000000000e+03,3.528589104271075083e+00
5.830000000000000000e+03,3.489877504547197251e+00
5.831000000000000000e+03,4.068791175183180009e+00
5.832000000000000000e+03,3.521969670252080853e+00
5.833000000000000000e+03,3.606286396826192675e+00
5.834000000000000000e+03,3.513363627046145243e+00
5.835000000000000000e+03,4.117637551194352596e+00
5.836000000000000000e+03,3.667972118227998291e+00
5.837000000000000000e+03,3.636242012645600319e+00
5.838000000000000000e+03,3.914479614354672954e+00
5.839000000000000000e+03,3.417634049829420650e+00
5.840000000000000000e+03,3.753283633272267217e+00
5.841000000000000000e+03,4.088353532629414921e+00
5.842000000000000000e+03,3.447132150612802093e+00
5.843000000000000000e+03,3.807679372794876560e+00
5.844000000000000000e+03,3.648171157069450832e+00
5.845000000000000000e+03,3.920752880455219191e+00
5.846000000000000000e+03,4.003350559648414908e+00
5.847000000000000000e+03,3.589281237353986853e+00
5.848000000000000000e+03,3.943526722106396321e+00
5.849000000000000000e+03,3.901108556995934062e+00
5.850000000000000000e+03,3.626099304921522215e+00
5.851000000000000000e+03,3.694573929762723363e+00
5.852000000000000000e+03,3.809393221500338989e+00
5.853000000000000000e+03,3.350678971243428617e+00
5.854000000000000000e+03,3.415132031336823637e+00
5.855000000000000000e+03,3.831686695076449212e+00
5.856000000000000000e+03,3.703019355387094258e+00
5.857000000000000000e+03,3.698567581887857614e+00
5.858000000000000000e+03,3.885705808641373160e+00
5.859000000000000000e+03,3.970092005794879864e+00
5.860000000000000000e+03,3.649156427577856299e+00
5.861000000000000000e+03,3.585918173148222809e+00
5.862000000000000000e+03,3.698976005932924860e+00
5.863000000000000000e+03,4.068437880418238173e+00
5.864000000000000000e+03,3.745481624485698546e+00
5.865000000000000000e+03,4.037885816826001673e+00
5.866000000000000000e+03,3.719306373419823952e+00
5.867000000000000000e+03,3.686149786810052564e+00
5.868000000000000000e+03,3.695942318036118390e+00
5.869000000000000000e+03,3.883883063195998187e+00
5.870000000000000000e+03,3.656553182650184919e+00
5.871000000000000000e+03,3.884881884373817762e+00
5.872000000000000000e+03,3.808187577431388249e+00
5.873000000000000000e+03,4.175949601782820153e+00
5.874000000000000000e+03,3.849065317930968622e+00
5.875000000000000000e+03,3.710138030823121547e+00
5.876000000000000000e+03,3.700570196291044223e+00
5.877000000000000000e+03,3.825500670113478385e+00
5.878000000000000000e+03,3.508322998387898739e+00
5.879000000000000000e+03,3.815885300396775204e+00
5.880000000000000000e+03,3.819833201742552919e+00
5.881000000000000000e+03,3.842637257581826393e+00
5.882000000000000000e+03,4.240156673138305798e+00
5.883000000000000000e+03,3.963013949009219772e+00
5.884000000000000000e+03,3.667459166725225650e+00
5.885000000000000000e+03,3.749254808677330075e+00
5.886000000000000000e+03,3.826551653499599137e+00
5.887000000000000000e+03,3.702470136670725775e+00
5.888000000000000000e+03,3.824596285910085935e+00
5.889000000000000000e+03,3.741977642796864956e+00
5.890000000000000000e+03,3.661899322773614962e+00
5.891000000000000000e+03,3.923955309607225050e+00
5.892000000000000000e+03,4.008218848540992418e+00
5.893000000000000000e+03,3.849140536989994477e+00
5.894000000000000000e+03,3.619761311412790228e+00
5.895000000000000000e+03,4.020867096394696638e+00
5.896000000000000000e+03,3.543193474311642888e+00
5.897000000000000000e+03,4.016507856398997767e+00
5.898000000000000000e+03,3.375184635354490315e+00
5.899000000000000000e+03,3.949981926139977784e+00
5.900000000000000000e+03,3.750454378144948198e+00
5.901000000000000000e+03,3.934223139663564961e+00
5.902000000000000000e+03,3.605469655975723775e+00
5.903000000000000000e+03,3.784204772416038143e+00
5.904000000000000000e+03,3.678963960147845214e+00
5.905000000000000000e+03,3.696821917302188787e+00
5.906000000000000000e+03,3.896303274238098524e+00
5.907000000000000000e+03,3.672387721812897521e+00
5.908000000000000000e+03,3.615049114608796188e+00
5.909000000000000000e+03,3.533485335172879438e+00
5.910000000000000000e+03,3.889423819490828826e+00
5.911000000000000000e+03,3.672688324585628550e+00
5.912000000000000000e+03,3.786113208506658001e+00
5.913000000000000000e+03,4.086189097293831729e+00
5.914000000000000000e+03,3.725213370479826480e+00
5.915000000000000000e+03,3.753402597068294266e+00
5.916000000000000000e+03,3.416810647959689806e+00
5.917000000000000000e+03,3.619451859330089505e+00
5.918000000000000000e+03,3.596656970582156276e+00
5.919000000000000000e+03,4.067093181408205638e+00
5.920000000000000000e+03,3.522653365714681239e+00
5.921000000000000000e+03,3.431676283743990474e+00
5.922000000000000000e+03,3.878321261702835088e+00
5.923000000000000000e+03,3.518290930187438548e+00
5.924000000000000000e+03,3.631645543243498420e+00
5.925000000000000000e+03,3.795386306778192331e+00
5.926000000000000000e+03,3.662625985119881022e+00
5.927000000000000000e+03,3.952496537404742050e+00
5.928000000000000000e+03,3.780394330076303433e+00
5.929000000000000000e+03,3.712634094552884623e+00
5.930000000000000000e+03,4.069870987488910075e+00
5.931000000000000000e+03,3.575570267926983181e+00
5.932000000000000000e+03,3.810876736631660489e+00
5.933000000000000000e+03,3.967746862763353644e+00
5.934000000000000000e+03,3.700929533980375830e+00
5.935000000000000000e+03,3.773094409325113308e+00
5.936000000000000000e+03,3.755368562578509817e+00
5.937000000000000000e+03,4.115019173574194333e+00
5.938000000000000000e+03,3.932467304243416173e+00
5.939000000000000000e+03,3.615678497976967165e+00
5.940000000000000000e+03,3.563375384972120141e+00
5.941000000000000000e+03,3.843093527081942185e+00
5.942000000000000000e+03,3.625509705187657694e+00
5.943000000000000000e+03,3.923397089677907346e+00
5.944000000000000000e+03,3.641325521994018377e+00
5.945000000000000000e+03,3.386471964750904284e+00
5.946000000000000000e+03,3.703040492129721528e+00
5.947000000000000000e+03,3.761489859322825868e+00
5.948000000000000000e+03,3.729101543765247051e+00
5.949000000000000000e+03,3.985898722474917388e+00
5.950000000000000000e+03,4.130666507845868196e+00
5.951000000000000000e+03,3.362592441598681869e+00
5.952000000000000000e+03,4.036356375539807750e+00
5.953000000000000000e+03,3.545013636729935858e+00
5.954000000000000000e+03,3.844355277563197060e+00
5.955000000000000000e+03,3.602254770137530482e+00
5.956000000000000000e+03,3.673545903969006599e+00
5.957000000000000000e+03,3.802311668590399041e+00
5.958000000000000000e+03,3.433920599503364368e+00
5.959000000000000000e+03,3.787200908763007412e+00
5.960000000000000000e+03,3.437700254406862665e+00
5.961000000000000000e+03,3.833618573305615396e+00
5.962000000000000000e+03,3.806393378810748906e+00
5.963000000000000000e+03,3.666176875232164178e+00
5.964000000000000000e+03,3.632781009314209442e+00
5.965000000000000000e+03,4.036367302562993586e+00
5.966000000000000000e+03,4.028779419354610702e+00
5.967000000000000000e+03,3.886415696026315647e+00
5.968000000000000000e+03,3.727983109117074090e+00
5.969000000000000000e+03,3.905776321605759716e+00
5.970000000000000000e+03,3.963036040056231446e+00
5.971000000000000000e+03,3.801197868118279199e+00
5.972000000000000000e+03,3.429656443518937614e+00
5.973000000000000000e+03,3.479488064507593847e+00
5.974000000000000000e+03,3.752401875410292131e+00
5.975000000000000000e+03,3.663442783155372418e+00
5.976000000000000000e+03,3.739849132410749011e+00
5.977000000000000000e+03,4.315481274539587631e+00
5.978000000000000000e+03,3.541152626227119793e+00
5.979000000000000000e+03,3.710896410842864590e+00
5.980000000000000000e+03,3.549157490359685418e+00
5.981000000000000000e+03,3.667480754913462260e+00
5.982000000000000000e+03,3.697905242117138336e+00
5.983000000000000000e+03,4.014744630922055357e+00
5.984000000000000000e+03,4.040669561070130200e+00
5.985000000000000000e+03,3.962719118588682310e+00
5.986000000000000000e+03,3.831622667974507124e+00
5.987000000000000000e+03,4.006360426094963678e+00
5.988000000000000000e+03,4.006410445127182918e+00
5.989000000000000000e+03,3.797956624652013335e+00
5.990000000000000000e+03,3.749689021921866150e+00
5.991000000000000000e+03,3.481682530505229245e+00
5.992000000000000000e+03,3.546394092692726652e+00
5.993000000000000000e+03,3.987301915518508988e+00
5.994000000000000000e+03,3.574044880948743064e+00
5.995000000000000000e+03,3.655037402386924317e+00
5.996000000000000000e+03,4.096463117613607707e+00
5.997000000000000000e+03,3.859734558449003927e+00
5.998000000000000000e+03,3.969641506548732934e+00
5.999000000000000000e+03,3.881264918655181972e+00
6.000000000000000000e+03,3.507849184472583204e+00
6.001000000000000000e+03,3.676499540753261019e+00
6.002000000000000000e+03,3.640973708980330681e+00
6.003000000000000000e+03,4.063779053381949780e+00
6.004000000000000000e+03,3.641755523611552192e+00
6.005000000000000000e+03,3.751757264617157528e+00
6.006000000000000000e+03,3.565108500806339009e+00
6.007000000000000000e+03,3.768212319262190579e+00
6.008000000000000000e+03,4.192178104095318325e+00
6.009000000000000000e+03,3.949060124708062780e+00
6.010000000000000000e+03,4.025727071517561484e+00
6.011000000000000000e+03,3.912331554841881776e+00
6.012000000000000000e+03,3.509307897509482022e+00
6.013000000000000000e+03,3.752067979781785301e+00
6.014000000000000000e+03,3.779644275558112998e+00
6.015000000000000000e+03,3.457257102843522834e+00
6.016000000000000000e+03,3.978328626057183293e+00
6.017000000000000000e+03,3.578991109904400059e+00
6.018000000000000000e+03,3.740017926769076961e+00
6.019000000000000000e+03,3.797460280774009878e+00
6.020000000000000000e+03,3.968882607000371543e+00
6.021000000000000000e+03,3.708099027424692551e+00
6.022000000000000000e+03,3.923048375911078800e+00
6.023000000000000000e+03,3.739821986043788016e+00
6.024000000000000000e+03,3.710678908038017365e+00
6.025000000000000000e+03,3.727239762589384053e+00
6.026000000000000000e+03,3.614037599691434011e+00
6.027000000000000000e+03,3.790932347479545328e+00
6.028000000000000000e+03,3.928533831084806582e+00
6.029000000000000000e+03,3.816046740482786692e+00
6.030000000000000000e+03,3.691262107145911298e+00
6.031000000000000000e+03,3.704784541516846108e+00
6.032000000000000000e+03,3.593194045364838995e+00
6.033000000000000000e+03,3.828130875621658991e+00
6.034000000000000000e+03,3.878030516339485700e+00
6.035000000000000000e+03,4.114671578068210600e+00
6.036000000000000000e+03,3.812514433034345451e+00
6.037000000000000000e+03,3.767216732562057580e+00
6.038000000000000000e+03,4.078151233141237064e+00
6.039000000000000000e+03,3.639985454432665524e+00
6.040000000000000000e+03,3.852007122409957685e+00
6.041000000000000000e+03,3.891268282124119349e+00
6.042000000000000000e+03,3.664660252130768736e+00
6.043000000000000000e+03,3.821049954811660765e+00
6.044000000000000000e+03,3.605407574073615340e+00
6.045000000000000000e+03,3.714502785704335786e+00
6.046000000000000000e+03,3.839320410214907664e+00
6.047000000000000000e+03,3.887080241462312458e+00
6.048000000000000000e+03,3.863382420426867636e+00
6.049000000000000000e+03,3.957189442084987352e+00
6.050000000000000000e+03,4.079132841226916995e+00
6.051000000000000000e+03,3.634977387340643240e+00
6.052000000000000000e+03,3.691994541698675913e+00
6.053000000000000000e+03,3.815936091261172614e+00
6.054000000000000000e+03,3.999309020410790616e+00
6.055000000000000000e+03,3.819952534026628044e+00
6.056000000000000000e+03,3.908338903422996058e+00
6.057000000000000000e+03,3.687717144544685688e+00
6.058000000000000000e+03,4.093699642613797707e+00
6.059000000000000000e+03,3.820922404504947689e+00
6.060000000000000000e+03,3.768293684587914694e+00
6.061000000000000000e+03,3.795828078089894309e+00
6.062000000000000000e+03,3.527830490177930933e+00
6.063000000000000000e+03,3.547868622449155129e+00
6.064000000000000000e+03,3.838738583956728512e+00
6.065000000000000000e+03,3.802264089112774137e+00
6.066000000000000000e+03,3.966258904560993948e+00
6.067000000000000000e+03,4.048652732699837387e+00
6.068000000000000000e+03,3.598235320254306480e+00
6.069000000000000000e+03,3.737994176950430347e+00
6.070000000000000000e+03,3.691861921833883287e+00
6.071000000000000000e+03,3.273545029846524734e+00
6.072000000000000000e+03,4.153801987925474393e+00
6.073000000000000000e+03,3.768848032708512097e+00
6.074000000000000000e+03,3.452090648860304700e+00
6.075000000000000000e+03,3.574193097667345942e+00
6.076000000000000000e+03,3.517776452619750138e+00
6.077000000000000000e+03,4.107920674763608559e+00
6.078000000000000000e+03,3.976005733410008958e+00
6.079000000000000000e+03,3.677378851714423913e+00
6.080000000000000000e+03,3.542213144677243353e+00
6.081000000000000000e+03,3.777356977840645502e+00
6.082000000000000000e+03,3.778221531645499898e+00
6.083000000000000000e+03,3.873843775682336954e+00
6.084000000000000000e+03,4.197889167328697546e+00
6.085000000000000000e+03,3.992769105801321050e+00
6.086000000000000000e+03,3.871194803719766320e+00
6.087000000000000000e+03,3.656302268999880756e+00
6.088000000000000000e+03,3.956607935059069714e+00
6.089000000000000000e+03,3.826626470086419207e+00
6.090000000000000000e+03,3.908325484931344462e+00
6.091000000000000000e+03,4.093798749236055912e+00
6.092000000000000000e+03,3.805467194606947157e+00
6.093000000000000000e+03,3.769769264313048485e+00
6.094000000000000000e+03,3.655576396343431345e+00
6.095000000000000000e+03,3.853191948772873854e+00
6.096000000000000000e+03,3.778949168450198570e+00
6.097000000000000000e+03,3.748167845602113246e+00
6.098000000000000000e+03,3.386832895234084706e+00
6.099000000000000000e+03,3.585874428847027673e+00
6.100000000000000000e+03,3.715446187513470111e+00
6.101000000000000000e+03,3.991683306363024819e+00
6.102000000000000000e+03,3.640234511187402600e+00
6.103000000000000000e+03,3.960227708190251938e+00
6.104000000000000000e+03,4.070843114085604064e+00
6.105000000000000000e+03,3.968554022238655499e+00
6.106000000000000000e+03,3.818677527200756483e+00
6.107000000000000000e+03,3.797891585796969505e+00
6.108000000000000000e+03,3.499295804884378303e+00
6.109000000000000000e+03,3.749638638494687815e+00
6.110000000000000000e+03,3.663944765114293123e+00
6.111000000000000000e+03,3.697696789978686560e+00
6.112000000000000000e+03,3.669245932381657305e+00
6.113000000000000000e+03,3.745845881704568114e+00
6.114000000000000000e+03,3.633592236087950678e+00
6.115000000000000000e+03,3.777701975389936795e+00
6.116000000000000000e+03,3.704252762388330567e+00
6.117000000000000000e+03,3.752637817113064322e+00
6.118000000000000000e+03,3.774127334557068281e+00
6.119000000000000000e+03,3.809382556282741916e+00
6.120000000000000000e+03,4.006625732053878508e+00
6.121000000000000000e+03,3.739220826470337933e+00
6.122000000000000000e+03,3.855192741730576689e+00
6.123000000000000000e+03,3.675125959337722126e+00
6.124000000000000000e+03,3.735622209720192100e+00
6.125000000000000000e+03,3.549479680664486381e+00
6.126000000000000000e+03,3.430896186280196769e+00
6.127000000000000000e+03,4.063496865946050640e+00
6.128000000000000000e+03,3.379552727327853834e+00
6.129000000000000000e+03,3.441044897475259212e+00
6.130000000000000000e+03,3.599275015772051667e+00
6.131000000000000000e+03,3.661944323423219849e+00
6.132000000000000000e+03,3.370865397838402000e+00
6.133000000000000000e+03,3.688025233617414411e+00
6.134000000000000000e+03,3.741735405895655120e+00
6.135000000000000000e+03,3.778496788801925188e+00
6.136000000000000000e+03,3.870528946481254895e+00
6.137000000000000000e+03,3.635347234018132756e+00
6.138000000000000000e+03,3.829571956070199512e+00
6.139000000000000000e+03,3.523855658603491481e+00
6.140000000000000000e+03,3.847736830818763831e+00
6.141000000000000000e+03,3.634283377192860431e+00
6.142000000000000000e+03,3.951637393188729419e+00
6.143000000000000000e+03,3.967858024537513018e+00
6.144000000000000000e+03,3.887620443378957624e+00
6.145000000000000000e+03,3.798730211456823547e+00
6.146000000000000000e+03,3.948628595048756296e+00
6.147000000000000000e+03,3.581707668354897844e+00
6.148000000000000000e+03,3.651779958387249003e+00
6.149000000000000000e+03,3.868923732479027322e+00
6.150000000000000000e+03,3.665773772462596725e+00
6.151000000000000000e+03,3.651585193920855676e+00
6.152000000000000000e+03,3.917155936497993984e+00
6.153000000000000000e+03,3.588266917070400908e+00
6.154000000000000000e+03,3.450765007393747918e+00
6.155000000000000000e+03,3.927126286280355316e+00
6.156000000000000000e+03,3.634440784044421946e+00
6.157000000000000000e+03,3.761678045112403446e+00
6.158000000000000000e+03,3.731454834140375265e+00
6.159000000000000000e+03,3.462709674370030299e+00
6.160000000000000000e+03,3.604229952429696127e+00
6.161000000000000000e+03,3.972521115426874694e+00
6.162000000000000000e+03,3.740908769340436812e+00
6.163000000000000000e+03,3.536298867762751819e+00
6.164000000000000000e+03,3.789186951901788003e+00
6.165000000000000000e+03,4.020698992195958610e+00
6.166000000000000000e+03,4.032636989216651813e+00
6.167000000000000000e+03,3.936762668089986317e+00
6.168000000000000000e+03,3.423354390207804077e+00
6.169000000000000000e+03,3.963422192155342305e+00
6.170000000000000000e+03,3.614372333671453053e+00
6.171000000000000000e+03,3.696810084747815583e+00
6.172000000000000000e+03,3.627391034688587812e+00
6.173000000000000000e+03,3.837661985780102647e+00
6.174000000000000000e+03,3.613672517044219656e+00
6.175000000000000000e+03,3.752088590144641689e+00
6.176000000000000000e+03,3.850635571130498924e+00
6.177000000000000000e+03,3.693927018511010019e+00
6.178000000000000000e+03,4.312157930278115892e+00
6.179000000000000000e+03,3.770731989535339501e+00
6.180000000000000000e+03,3.749902316085237608e+00
6.181000000000000000e+03,3.561380634328219497e+00
6.182000000000000000e+03,3.886761324341915014e+00
6.183000000000000000e+03,3.700110194877280989e+00
6.184000000000000000e+03,3.468255105946827399e+00
6.185000000000000000e+03,3.921486755646407474e+00
6.186000000000000000e+03,4.123995136841093867e+00
6.187000000000000000e+03,3.809963043489416723e+00
6.188000000000000000e+03,3.831406383600274523e+00
6.189000000000000000e+03,3.615757056179868645e+00
6.190000000000000000e+03,3.802603587879099578e+00
6.191000000000000000e+03,3.791024297447450397e+00
6.192000000000000000e+03,3.733288685566990672e+00
6.193000000000000000e+03,3.998814217696858631e+00
6.194000000000000000e+03,3.849311180476881145e+00
6.195000000000000000e+03,3.786071011746759307e+00
6.196000000000000000e+03,4.128862064824810219e+00
6.197000000000000000e+03,3.437252797745371069e+00
6.198000000000000000e+03,3.713310999913593591e+00
6.199000000000000000e+03,4.013461831519575362e+00
6.200000000000000000e+03,3.718176561152386927e+00
6.201000000000000000e+03,3.510543670462134891e+00
6.202000000000000000e+03,3.608673489990250172e+00
6.203000000000000000e+03,3.794482676772096497e+00
6.204000000000000000e+03,3.713276257992891072e+00
6.205000000000000000e+03,3.763501192553583952e+00
6.206000000000000000e+03,3.898514668524900362e+00
6.207000000000000000e+03,3.717658607346184585e+00
6.208000000000000000e+03,3.935587897666690704e+00
6.209000000000000000e+03,3.570907047052139127e+00
6.210000000000000000e+03,4.003792255082349705e+00
6.211000000000000000e+03,3.862526793938705350e+00
6.212000000000000000e+03,3.337501412924686051e+00
6.213000000000000000e+03,3.732640808846613645e+00
6.214000000000000000e+03,4.003621549911573041e+00
6.215000000000000000e+03,3.799570422772261313e+00
6.216000000000000000e+03,3.566146276225967249e+00
6.217000000000000000e+03,3.639729913480157286e+00
6.218000000000000000e+03,3.979945761454422914e+00
6.219000000000000000e+03,4.031894976260535834e+00
6.220000000000000000e+03,3.925692698278141712e+00
6.221000000000000000e+03,3.353189065424557302e+00
6.222000000000000000e+03,3.606918006751829164e+00
6.223000000000000000e+03,4.212493738244772246e+00
6.224000000000000000e+03,4.060377357896791217e+00
6.225000000000000000e+03,3.846247098961612210e+00
6.226000000000000000e+03,3.474514315580185642e+00
6.227000000000000000e+03,3.993390477215276402e+00
6.228000000000000000e+03,3.950948925016765756e+00
6.229000000000000000e+03,3.771853099048393609e+00
6.230000000000000000e+03,3.586859124624284689e+00
6.231000000000000000e+03,3.544843900577629547e+00
6.232000000000000000e+03,3.909833042313096030e+00
6.233000000000000000e+03,3.729934202962267076e+00
6.234000000000000000e+03,3.663081148771251794e+00
6.235000000000000000e+03,3.780774685820578185e+00
6.236000000000000000e+03,3.895920194485716248e+00
6.237000000000000000e+03,4.125873780696725390e+00
6.238000000000000000e+03,3.662609859841606585e+00
6.239000000000000000e+03,3.744371315729921434e+00
6.240000000000000000e+03,3.899660561466002040e+00
6.241000000000000000e+03,3.705611805512556867e+00
6.242000000000000000e+03,3.811197024999474881e+00
6.243000000000000000e+03,3.878634129562249289e+00
6.244000000000000000e+03,3.915234155292989016e+00
6.245000000000000000e+03,3.922092757226268933e+00
6.246000000000000000e+03,3.783743354208699561e+00
6.247000000000000000e+03,3.593256682661418289e+00
6.248000000000000000e+03,3.858033585086938277e+00
6.249000000000000000e+03,3.846397468592614111e+00
6.250000000000000000e+03,3.731355653792784555e+00
6.251000000000000000e+03,3.855835847598153343e+00
6.252000000000000000e+03,3.655866918421863954e+00
6.253000000000000000e+03,3.668403997706532138e+00
6.254000000000000000e+03,3.900285357198263636e+00
6.255000000000000000e+03,4.130784262110647198e+00
6.256000000000000000e+03,3.809003296440874653e+00
6.257000000000000000e+03,3.632980219239501984e+00
6.258000000000000000e+03,3.670498817943439906e+00
6.259000000000000000e+03,3.800252736449406310e+00
6.260000000000000000e+03,3.737402372111263027e+00
6.261000000000000000e+03,4.030748893632108754e+00
6.262000000000000000e+03,3.859770755492509586e+00
6.263000000000000000e+03,3.705373259549121112e+00
6.264000000000000000e+03,3.887229906923298728e+00
6.265000000000000000e+03,3.438443401807710575e+00
6.266000000000000000e+03,4.206057227293380940e+00
6.267000000000000000e+03,3.345975959337010863e+00
6.268000000000000000e+03,3.668537102216047341e+00
6.269000000000000000e+03,3.891885632172285892e+00
6.270000000000000000e+03,3.563535584319423410e+00
6.271000000000000000e+03,3.747123173465876089e+00
6.272000000000000000e+03,3.595214793121167318e+00
6.273000000000000000e+03,3.427449470682273347e+00
6.274000000000000000e+03,4.032646962774759203e+00
6.275000000000000000e+03,3.894580272523027631e+00
6.276000000000000000e+03,3.672021035860067339e+00
6.277000000000000000e+03,3.619820465782441765e+00
6.278000000000000000e+03,3.518073087116575515e+00
6.279000000000000000e+03,4.079066410479774696e+00
6.280000000000000000e+03,4.023275707250444810e+00
6.281000000000000000e+03,3.751038887992098392e+00
6.282000000000000000e+03,3.482993654702396746e+00
6.283000000000000000e+03,3.668052418339169396e+00
6.284000000000000000e+03,3.716083859861530225e+00
6.285000000000000000e+03,3.680447339168110510e+00
6.286000000000000000e+03,3.312582856457313429e+00
6.287000000000000000e+03,4.051897743250333583e+00
6.288000000000000000e+03,3.529400473723038445e+00
6.289000000000000000e+03,4.212955148209919010e+00
6.290000000000000000e+03,3.508534208284838751e+00
6.291000000000000000e+03,3.642989621503079700e+00
6.292000000000000000e+03,3.880635696837628767e+00
6.293000000000000000e+03,3.761777656874905507e+00
6.294000000000000000e+03,3.782563976271781758e+00
6.295000000000000000e+03,3.753486155967092675e+00
6.296000000000000000e+03,4.014652635362860877e+00
6.297000000000000000e+03,3.579637513114205749e+00
6.298000000000000000e+03,3.795051200366550415e+00
6.299000000000000000e+03,3.576600770769314597e+00
6.300000000000000000e+03,3.827469327050565528e+00
6.301000000000000000e+03,3.527613755726144884e+00
6.302000000000000000e+03,3.831014521747435175e+00
6.303000000000000000e+03,3.462567327826298946e+00
6.304000000000000000e+03,3.819376853735963362e+00
6.305000000000000000e+03,3.530718280269824483e+00
6.306000000000000000e+03,3.822608015394114211e+00
6.307000000000000000e+03,3.858162506001802772e+00
6.308000000000000000e+03,3.851059616799657359e+00
6.309000000000000000e+03,4.027664597250319112e+00
6.310000000000000000e+03,3.551017247922557463e+00
6.311000000000000000e+03,3.797188922941224121e+00
6.312000000000000000e+03,3.867987453399610587e+00
6.313000000000000000e+03,3.817505396763864578e+00
6.314000000000000000e+03,3.609896321860454727e+00
6.315000000000000000e+03,3.736779118319267123e+00
6.316000000000000000e+03,3.705185054751534146e+00
6.317000000000000000e+03,3.828280079068322905e+00
6.318000000000000000e+03,3.471298181846572017e+00
6.319000000000000000e+03,3.471021398915107525e+00
6.320000000000000000e+03,4.131822250862978052e+00
6.321000000000000000e+03,3.565151227237864262e+00
6.322000000000000000e+03,3.724766832106994663e+00
6.323000000000000000e+03,3.682992225345847803e+00
6.324000000000000000e+03,3.676407890000393586e+00
6.325000000000000000e+03,3.984210376328832570e+00
6.326000000000000000e+03,3.360554655417014924e+00
6.327000000000000000e+03,3.831970864196582838e+00
6.328000000000000000e+03,3.729050598086285362e+00
6.329000000000000000e+03,3.986636599469274511e+00
6.330000000000000000e+03,3.482695806900420354e+00
6.331000000000000000e+03,3.823689521494804566e+00
6.332000000000000000e+03,3.846941882022417936e+00
6.333000000000000000e+03,3.890277000876185109e+00
6.334000000000000000e+03,3.824073428587000834e+00
6.335000000000000000e+03,3.797393559128285467e+00
6.336000000000000000e+03,3.793627500280710940e+00
6.337000000000000000e+03,3.749682809589419463e+00
6.338000000000000000e+03,3.944005909960833556e+00
6.339000000000000000e+03,3.812010327989491465e+00
6.340000000000000000e+03,3.795250094491861237e+00
6.341000000000000000e+03,3.550097999770007284e+00
6.342000000000000000e+03,3.778774530292786427e+00
6.343000000000000000e+03,3.714634910358571851e+00
6.344000000000000000e+03,3.750843555742070290e+00
6.345000000000000000e+03,3.920047172030577620e+00
6.346000000000000000e+03,3.837316368720312898e+00
6.347000000000000000e+03,3.727038718402947648e+00
6.348000000000000000e+03,3.451110927279791518e+00
6.349000000000000000e+03,3.824478395936591113e+00
6.350000000000000000e+03,3.980094563596527468e+00
6.351000000000000000e+03,3.486120636994734845e+00
6.352000000000000000e+03,3.608637693325029261e+00
6.353000000000000000e+03,3.653804778832815625e+00
6.354000000000000000e+03,3.775850633304202564e+00
6.355000000000000000e+03,3.561044556312845000e+00
6.356000000000000000e+03,3.674729767134820246e+00
6.357000000000000000e+03,4.005479968796412216e+00
6.358000000000000000e+03,3.674000178928696680e+00
6.359000000000000000e+03,3.786403251337730591e+00
6.360000000000000000e+03,3.911489580384328146e+00
6.361000000000000000e+03,3.694460979866419414e+00
6.362000000000000000e+03,3.655699221344798744e+00
6.363000000000000000e+03,3.739006422670873242e+00
6.364000000000000000e+03,3.566241962130289433e+00
6.365000000000000000e+03,3.893620383154031028e+00
6.366000000000000000e+03,3.682540288906113624e+00
6.367000000000000000e+03,3.916414061805698843e+00
6.368000000000000000e+03,3.801875234644350954e+00
6.369000000000000000e+03,3.634601052491930773e+00
6.370000000000000000e+03,3.655145656793588493e+00
6.371000000000000000e+03,3.732795968291480637e+00
6.372000000000000000e+03,3.606137339622289772e+00
6.373000000000000000e+03,3.857843621742394369e+00
6.374000000000000000e+03,3.913098023662642699e+00
6.375000000000000000e+03,3.854281026992797177e+00
6.376000000000000000e+03,3.776009994834570005e+00
6.377000000000000000e+03,4.088265128372753132e+00
6.378000000000000000e+03,3.492980363241570352e+00
6.379000000000000000e+03,3.597320476831790792e+00
6.380000000000000000e+03,3.845804858863701714e+00
6.381000000000000000e+03,3.781707952069796264e+00
6.382000000000000000e+03,3.601249429774203481e+00
6.383000000000000000e+03,4.017559208837039542e+00
6.384000000000000000e+03,3.673573022316396930e+00
6.385000000000000000e+03,3.731043986441423321e+00
6.386000000000000000e+03,3.932739499445370601e+00
6.387000000000000000e+03,3.720509532898758298e+00
6.388000000000000000e+03,3.562018547679528968e+00
6.389000000000000000e+03,3.821705023756348130e+00
6.390000000000000000e+03,3.600442512679633111e+00
6.391000000000000000e+03,3.731211158990976440e+00
6.392000000000000000e+03,3.749537294963732670e+00
6.393000000000000000e+03,3.685037619089178040e+00
6.394000000000000000e+03,3.839959694995526807e+00
6.395000000000000000e+03,3.420700771526273609e+00
6.396000000000000000e+03,3.835965515749975463e+00
6.397000000000000000e+03,3.604476651190094749e+00
6.398000000000000000e+03,3.651653285011230210e+00
6.399000000000000000e+03,3.575878604672649619e+00
6.400000000000000000e+03,3.597039259488275409e+00
6.401000000000000000e+03,3.314415754301468287e+00
6.402000000000000000e+03,3.868879213712737464e+00
6.403000000000000000e+03,3.909771998709265173e+00
6.404000000000000000e+03,3.678596269944951036e+00
6.405000000000000000e+03,3.780391797507021145e+00
6.406000000000000000e+03,3.538780492629836516e+00
6.407000000000000000e+03,4.073796007935536423e+00
6.408000000000000000e+03,3.999716406576092176e+00
6.409000000000000000e+03,3.740213176588228716e+00
6.410000000000000000e+03,4.055189460781297939e+00
6.411000000000000000e+03,3.588226416057689327e+00
6.412000000000000000e+03,3.817157437445974466e+00
6.413000000000000000e+03,3.760257454041415759e+00
6.414000000000000000e+03,3.739795058954578089e+00
6.415000000000000000e+03,3.660068168312677894e+00
6.416000000000000000e+03,3.850756741238705150e+00
6.417000000000000000e+03,3.562927729799195031e+00
6.418000000000000000e+03,3.509700974802386408e+00
6.419000000000000000e+03,3.687315434437104855e+00
6.420000000000000000e+03,3.567252434402182537e+00
6.421000000000000000e+03,3.810828526017072448e+00
6.422000000000000000e+03,3.678164746591257916e+00
6.423000000000000000e+03,3.718659126432749762e+00
6.424000000000000000e+03,3.945026861066256441e+00
6.425000000000000000e+03,3.633445376146822614e+00
6.426000000000000000e+03,3.656514539895430183e+00
6.427000000000000000e+03,3.663002918822053644e+00
6.428000000000000000e+03,3.787567845274374179e+00
6.429000000000000000e+03,3.596896837780491740e+00
6.430000000000000000e+03,3.677570940161350777e+00
6.431000000000000000e+03,4.031236260559323270e+00
6.432000000000000000e+03,3.843145450072904090e+00
6.433000000000000000e+03,3.650398475088747929e+00
6.434000000000000000e+03,3.736151697375931224e+00
6.435000000000000000e+03,3.400066817039421263e+00
6.436000000000000000e+03,3.422396726801361755e+00
6.437000000000000000e+03,3.486519513069823439e+00
6.438000000000000000e+03,3.929549834385475560e+00
6.439000000000000000e+03,3.500409531936563123e+00
6.440000000000000000e+03,4.032367514452890767e+00
6.441000000000000000e+03,3.678909473256105400e+00
6.442000000000000000e+03,3.681908111189220900e+00
6.443000000000000000e+03,3.717491025091681944e+00
6.444000000000000000e+03,3.776098765029197946e+00
6.445000000000000000e+03,3.894146992713757083e+00
6.446000000000000000e+03,3.540840052190457499e+00
6.447000000000000000e+03,3.666552069038573336e+00
6.448000000000000000e+03,3.528850332463921546e+00
6.449000000000000000e+03,3.604014882740786963e+00
6.450000000000000000e+03,3.301944917902706056e+00
6.451000000000000000e+03,4.097384642403917532e+00
6.452000000000000000e+03,3.450658010688100408e+00
6.453000000000000000e+03,3.733130663732260768e+00
6.454000000000000000e+03,3.674489931679903343e+00
6.455000000000000000e+03,3.572094532802579714e+00
6.456000000000000000e+03,3.675964009367161278e+00
6.457000000000000000e+03,3.551260052731219474e+00
6.458000000000000000e+03,4.112640552484114309e+00
6.459000000000000000e+03,3.699477689217247622e+00
6.460000000000000000e+03,3.663184154804965953e+00
6.461000000000000000e+03,4.095828557077378917e+00
6.462000000000000000e+03,3.756048429832859803e+00
6.463000000000000000e+03,3.817044304637811081e+00
6.464000000000000000e+03,3.794715039278728774e+00
6.465000000000000000e+03,3.961352583625473489e+00
6.466000000000000000e+03,3.655963012536798118e+00
6.467000000000000000e+03,3.670785948062233572e+00
6.468000000000000000e+03,3.365056102497626878e+00
6.469000000000000000e+03,3.576680397835920733e+00
6.470000000000000000e+03,3.370146154452971388e+00
6.471000000000000000e+03,3.649129358985689464e+00
6.472000000000000000e+03,3.265781563466628068e+00
6.473000000000000000e+03,3.617287549928595691e+00
6.474000000000000000e+03,3.839419038926172867e+00
6.475000000000000000e+03,3.700157297776788035e+00
6.476000000000000000e+03,3.588618016499494079e+00
6.477000000000000000e+03,3.938674959698458267e+00
6.478000000000000000e+03,3.294860962395686155e+00
6.479000000000000000e+03,3.679127398502574309e+00
6.480000000000000000e+03,4.169081715692783519e+00
6.481000000000000000e+03,3.781564555914984638e+00
6.482000000000000000e+03,3.687646630720081031e+00
6.483000000000000000e+03,3.281522592693803198e+00
6.484000000000000000e+03,3.792790899425834361e+00
6.485000000000000000e+03,3.540987437003500826e+00
6.486000000000000000e+03,3.743505042286033646e+00
6.487000000000000000e+03,3.559040990185891928e+00
6.488000000000000000e+03,3.892054437290658697e+00
6.489000000000000000e+03,3.716550073327266723e+00
6.490000000000000000e+03,3.559151690202162932e+00
6.491000000000000000e+03,3.831095236298016626e+00
6.492000000000000000e+03,3.464369158007945870e+00
6.493000000000000000e+03,3.819276104651231130e+00
6.494000000000000000e+03,3.983404298760369500e+00
6.495000000000000000e+03,3.658500993915510868e+00
6.496000000000000000e+03,3.753510040797869873e+00
6.497000000000000000e+03,3.710286390549198288e+00
6.498000000000000000e+03,3.645754911905640494e+00
6.499000000000000000e+03,3.866876938467588509e+00
6.500000000000000000e+03,3.819594062779651633e+00
6.501000000000000000e+03,4.048393376360579055e+00
6.502000000000000000e+03,3.774647477199697843e+00
6.503000000000000000e+03,3.773774525934861845e+00
6.504000000000000000e+03,3.870193861870104168e+00
6.505000000000000000e+03,3.966420074499302562e+00
6.506000000000000000e+03,3.666657411306184056e+00
6.507000000000000000e+03,3.836479282601532148e+00
6.508000000000000000e+03,3.330048239294133072e+00
6.509000000000000000e+03,3.474675632975574580e+00
6.510000000000000000e+03,3.767353994758622093e+00
6.511000000000000000e+03,4.093470166077491257e+00
6.512000000000000000e+03,3.654177653805596115e+00
6.513000000000000000e+03,3.772874513649152384e+00
6.514000000000000000e+03,3.719538975172541395e+00
6.515000000000000000e+03,3.872849129380328659e+00
6.516000000000000000e+03,3.658602387301539416e+00
6.517000000000000000e+03,3.609755629379937769e+00
6.518000000000000000e+03,3.594674931664551210e+00
6.519000000000000000e+03,3.816910289478416374e+00
6.520000000000000000e+03,3.911642816948292189e+00
6.521000000000000000e+03,3.744902555489516338e+00
6.522000000000000000e+03,3.311538097934060954e+00
6.523000000000000000e+03,3.469359996970365234e+00
6.524000000000000000e+03,4.104296661589152961e+00
6.525000000000000000e+03,3.814563479941132318e+00
6.526000000000000000e+03,3.562509682480308637e+00
6.527000000000000000e+03,3.636800103550409613e+00
6.528000000000000000e+03,3.562827465864739196e+00
6.529000000000000000e+03,3.750685202008443575e+00
6.530000000000000000e+03,3.877490478377978000e+00
6.531000000000000000e+03,3.957934466830598463e+00
6.532000000000000000e+03,3.479245333847929889e+00
6.533000000000000000e+03,3.750907546709499218e+00
6.534000000000000000e+03,3.821761815019125930e+00
6.535000000000000000e+03,3.570891432228161300e+00
6.536000000000000000e+03,3.737630356733637527e+00
6.537000000000000000e+03,3.608335667296806992e+00
6.538000000000000000e+03,4.038775113879867540e+00
6.539000000000000000e+03,3.550816774084344818e+00
6.540000000000000000e+03,3.783741070928739791e+00
6.541000000000000000e+03,3.518869386538188149e+00
6.542000000000000000e+03,3.511799414424878307e+00
6.543000000000000000e+03,3.890575933466798197e+00
6.544000000000000000e+03,3.764080213437785538e+00
6.545000000000000000e+03,3.906305725631761483e+00
6.546000000000000000e+03,3.967651200707912107e+00
6.547000000000000000e+03,3.851676162170762474e+00
6.548000000000000000e+03,3.797464443562188929e+00
6.549000000000000000e+03,3.679589295755911760e+00
6.550000000000000000e+03,3.826700833071135843e+00
6.551000000000000000e+03,3.702561912801475508e+00
6.552000000000000000e+03,3.877364727161150881e+00
6.553000000000000000e+03,3.682313098600916934e+00
6.554000000000000000e+03,3.608586574207798492e+00
6.555000000000000000e+03,3.619435365002776184e+00
6.556000000000000000e+03,4.034300585852620635e+00
6.557000000000000000e+03,3.667194590194997161e+00
6.558000000000000000e+03,3.756724495549866649e+00
6.559000000000000000e+03,3.586736306601745916e+00
6.560000000000000000e+03,3.756735949416614595e+00
6.561000000000000000e+03,3.745068687134704977e+00
6.562000000000000000e+03,4.149075303217871102e+00
6.563000000000000000e+03,4.082807277555416725e+00
6.564000000000000000e+03,3.902937494139378405e+00
6.565000000000000000e+03,3.792816722419622977e+00
6.566000000000000000e+03,3.604358020319448741e+00
6.567000000000000000e+03,3.636307349138071743e+00
6.568000000000000000e+03,3.594151206366166473e+00
6.569000000000000000e+03,3.712315949314387353e+00
6.570000000000000000e+03,3.745221612920085708e+00
6.571000000000000000e+03,3.829722164288142938e+00
6.572000000000000000e+03,3.897419117795682730e+00
6.573000000000000000e+03,3.687525462974497348e+00
6.574000000000000000e+03,3.761818051993419676e+00
6.575000000000000000e+03,3.711996465933237399e+00
6.576000000000000000e+03,3.581592222658314117e+00
6.577000000000000000e+03,4.125194316240103021e+00
6.578000000000000000e+03,3.876170499546698789e+00
6.579000000000000000e+03,3.648721782528839608e+00
6.580000000000000000e+03,3.713679817385998394e+00
6.581000000000000000e+03,3.802016146388063067e+00
6.582000000000000000e+03,3.739745956047241915e+00
6.583000000000000000e+03,3.688523222351542508e+00
6.584000000000000000e+03,3.663642428279514363e+00
6.585000000000000000e+03,3.607390865699180882e+00
6.586000000000000000e+03,4.035557471638780314e+00
6.587000000000000000e+03,3.457962400654925439e+00
6.588000000000000000e+03,3.998702856250819337e+00
6.589000000000000000e+03,3.970625314472370881e+00
6.590000000000000000e+03,3.947330829115442974e+00
6.591000000000000000e+03,3.455854308753033344e+00
6.592000000000000000e+03,3.820305296134673068e+00
6.593000000000000000e+03,3.620390810466436182e+00
6.594000000000000000e+03,3.842648928182020196e+00
6.595000000000000000e+03,3.968850956447989908e+00
6.596000000000000000e+03,3.930977549498584356e+00
6.597000000000000000e+03,3.679324084962002583e+00
6.598000000000000000e+03,3.912294017426542148e+00
6.599000000000000000e+03,3.714674652654717857e+00
6.600000000000000000e+03,3.723006758948654404e+00
6.601000000000000000e+03,3.656809928344061156e+00
6.602000000000000000e+03,3.733468876375919621e+00
6.603000000000000000e+03,3.814132509245484748e+00
6.604000000000000000e+03,3.737711542576730661e+00
6.605000000000000000e+03,3.772689686499065775e+00
6.606000000000000000e+03,4.235004651743047965e+00
6.607000000000000000e+03,3.400301179415226471e+00
6.608000000000000000e+03,3.666522964677672469e+00
6.609000000000000000e+03,3.645843030982645949e+00
6.610000000000000000e+03,4.069934645899178527e+00
6.611000000000000000e+03,3.773314112156904265e+00
6.612000000000000000e+03,4.184141276629341988e+00
6.613000000000000000e+03,3.833272957237623402e+00
6.614000000000000000e+03,3.404647543958597922e+00
6.615000000000000000e+03,3.584931797182202118e+00
6.616000000000000000e+03,4.013018125394408386e+00
6.617000000000000000e+03,3.806718694048878415e+00
6.618000000000000000e+03,3.832705639463773739e+00
6.619000000000000000e+03,3.495606955818113537e+00
6.620000000000000000e+03,3.852318533474186513e+00
6.621000000000000000e+03,3.959848347624807197e+00
6.622000000000000000e+03,3.470764776641309446e+00
6.623000000000000000e+03,3.917427796407574547e+00
6.624000000000000000e+03,3.688152561197152846e+00
6.625000000000000000e+03,3.896328949724553681e+00
6.626000000000000000e+03,3.933331508673630683e+00
6.627000000000000000e+03,3.817684370244005976e+00
6.628000000000000000e+03,3.857894349974867687e+00
6.629000000000000000e+03,3.608909300461503822e+00
6.630000000000000000e+03,3.571446837436886845e+00
6.631000000000000000e+03,3.799248465961835741e+00
6.632000000000000000e+03,3.835420414100688014e+00
6.633000000000000000e+03,3.539463006040267867e+00
6.634000000000000000e+03,3.813616964989648750e+00
6.635000000000000000e+03,3.915962562136954705e+00
6.636000000000000000e+03,3.653089978913413027e+00
6.637000000000000000e+03,3.806262061534610552e+00
6.638000000000000000e+03,3.613153559552743310e+00
6.639000000000000000e+03,3.724175200110248163e+00
6.640000000000000000e+03,3.798083531308931615e+00
6.641000000000000000e+03,3.630331146332174796e+00
6.642000000000000000e+03,3.830484028874522551e+00
6.643000000000000000e+03,3.791366565831120639e+00
6.644000000000000000e+03,3.755719058776552544e+00
6.645000000000000000e+03,4.076416152367224655e+00
6.646000000000000000e+03,3.650481692364164754e+00
6.647000000000000000e+03,3.746833784022392422e+00
6.648000000000000000e+03,4.042815518473298120e+00
6.649000000000000000e+03,3.381713189674179443e+00
6.650000000000000000e+03,3.806938568022952385e+00
6.651000000000000000e+03,4.009919125941925344e+00
6.652000000000000000e+03,4.064713537486111861e+00
6.653000000000000000e+03,3.781884967910082107e+00
6.654000000000000000e+03,3.757707401154516180e+00
6.655000000000000000e+03,3.682180996279477370e+00
6.656000000000000000e+03,3.556406222781271165e+00
6.657000000000000000e+03,3.531216313401019935e+00
6.658000000000000000e+03,3.540807227533884216e+00
6.659000000000000000e+03,3.783429223158369492e+00
6.660000000000000000e+03,3.891816543025937047e+00
6.661000000000000000e+03,3.895260105378570259e+00
6.662000000000000000e+03,3.617708845613533786e+00
6.663000000000000000e+03,3.917720673227469419e+00
6.664000000000000000e+03,3.700993484082561569e+00
6.665000000000000000e+03,4.104044853283493666e+00
6.666000000000000000e+03,4.047770034136084938e+00
6.667000000000000000e+03,3.785094402271101721e+00
6.668000000000000000e+03,4.025438032854185444e+00
6.669000000000000000e+03,3.578232663323162033e+00
6.670000000000000000e+03,3.943889654724989757e+00
6.671000000000000000e+03,3.578904910470000811e+00
6.672000000000000000e+03,4.171300622484931608e+00
6.673000000000000000e+03,3.591177784703284637e+00
6.674000000000000000e+03,3.619373765688572941e+00
6.675000000000000000e+03,3.891495898422655308e+00
6.676000000000000000e+03,3.618512052573869653e+00
6.677000000000000000e+03,3.551680889403980412e+00
6.678000000000000000e+03,3.619263709898902892e+00
6.679000000000000000e+03,3.977930367896516994e+00
6.680000000000000000e+03,3.757436012110385803e+00
6.681000000000000000e+03,3.990775027158636856e+00
6.682000000000000000e+03,3.578009753068240872e+00
6.683000000000000000e+03,3.771772879933209310e+00
6.684000000000000000e+03,3.745370864515769060e+00
6.685000000000000000e+03,3.560550989093507646e+00
6.686000000000000000e+03,3.495326834590641862e+00
6.687000000000000000e+03,4.044879838236470349e+00
6.688000000000000000e+03,3.659072246558959129e+00
6.689000000000000000e+03,3.572387112796733266e+00
6.690000000000000000e+03,3.540716890333074129e+00
6.691000000000000000e+03,4.116470561790396943e+00
6.692000000000000000e+03,3.915841827416796761e+00
6.693000000000000000e+03,3.572823304533347510e+00
6.694000000000000000e+03,3.920177455446453685e+00
6.695000000000000000e+03,3.856313378622096444e+00
6.696000000000000000e+03,3.910073283285586232e+00
6.697000000000000000e+03,3.961571218699279306e+00
6.698000000000000000e+03,3.710391671357907484e+00
6.699000000000000000e+03,3.815905869563608999e+00
6.700000000000000000e+03,3.763610717721638022e+00
6.701000000000000000e+03,3.620171810515178556e+00
6.702000000000000000e+03,3.565285750114256302e+00
6.703000000000000000e+03,3.681710672138537976e+00
6.704000000000000000e+03,3.817161617253548744e+00
6.705000000000000000e+03,3.532066526086246050e+00
6.706000000000000000e+03,3.613498867668254899e+00
6.707000000000000000e+03,3.993268521640189306e+00
6.708000000000000000e+03,3.561010291939887384e+00
6.709000000000000000e+03,3.852754583473539274e+00
6.710000000000000000e+03,3.904838747785810416e+00
6.711000000000000000e+03,3.693116688924950264e+00
6.712000000000000000e+03,3.489124739673976183e+00
6.713000000000000000e+03,3.788927786765972971e+00
6.714000000000000000e+03,3.651775927211665440e+00
6.715000000000000000e+03,3.833613118690022858e+00
6.716000000000000000e+03,4.292307178760578878e+00
6.717000000000000000e+03,3.860216018804853544e+00
6.718000000000000000e+03,4.012581900458051187e+00
6.719000000000000000e+03,3.428437209627498206e+00
6.720000000000000000e+03,3.520962225122531652e+00
6.721000000000000000e+03,3.958667265358581488e+00
6.722000000000000000e+03,3.774622886844998249e+00
6.723000000000000000e+03,3.761426636933687284e+00
6.724000000000000000e+03,3.458461057283241935e+00
6.725000000000000000e+03,3.621029426370558468e+00
6.726000000000000000e+03,4.117659373472339013e+00
6.727000000000000000e+03,3.752510321073493582e+00
6.728000000000000000e+03,3.529015283445768869e+00
6.729000000000000000e+03,3.741134064497275702e+00
6.730000000000000000e+03,3.744602547919004820e+00
6.731000000000000000e+03,3.772493347419868748e+00
6.732000000000000000e+03,3.855561607521715395e+00
6.733000000000000000e+03,4.111148247109381870e+00
6.734000000000000000e+03,3.546782190193770390e+00
6.735000000000000000e+03,3.919505088196700626e+00
6.736000000000000000e+03,3.925880618182155946e+00
6.737000000000000000e+03,3.450864908487525806e+00
6.738000000000000000e+03,3.862751251113579531e+00
6.739000000000000000e+03,3.461835502130604425e+00
6.740000000000000000e+03,3.824235215902445084e+00
6.741000000000000000e+03,3.505896954361932938e+00
6.742000000000000000e+03,4.014247922140399716e+00
6.743000000000000000e+03,3.648282034071813396e+00
6.744000000000000000e+03,3.803574396311065975e+00
6.745000000000000000e+03,3.943611808204412483e+00
6.746000000000000000e+03,3.878584037277538421e+00
6.747000000000000000e+03,3.793485247512366154e+00
6.748000000000000000e+03,3.737230399236330936e+00
6.749000000000000000e+03,3.676797398142113593e+00
6.750000000000000000e+03,3.800697041704319545e+00
6.751000000000000000e+03,3.933872924303086105e+00
6.752000000000000000e+03,3.695707756559234447e+00
6.753000000000000000e+03,3.946023183431829118e+00
6.754000000000000000e+03,3.803192191430844193e+00
6.755000000000000000e+03,3.554262499058152613e+00
6.756000000000000000e+03,3.671280902528272438e+00
6.757000000000000000e+03,3.799881832645032986e+00
6.758000000000000000e+03,3.987003282481991207e+00
6.759000000000000000e+03,3.501562487326379092e+00
6.760000000000000000e+03,3.662682801069765404e+00
6.761000000000000000e+03,3.889663394187377943e+00
6.762000000000000000e+03,3.744160961390888609e+00
6.763000000000000000e+03,3.821173793441792199e+00
6.764000000000000000e+03,3.957661272014864284e+00
6.765000000000000000e+03,3.514509150651503600e+00
6.766000000000000000e+03,3.661976992295872257e+00
6.767000000000000000e+03,3.647371682163146556e+00
6.768000000000000000e+03,4.024508237583108716e+00
6.769000000000000000e+03,3.753397773161695650e+00
6.770000000000000000e+03,3.703725605780756158e+00
6.771000000000000000e+03,3.761696483906573185e+00
6.772000000000000000e+03,3.632661616937655769e+00
6.773000000000000000e+03,3.461192772222620562e+00
6.774000000000000000e+03,4.060728103309282133e+00
6.775000000000000000e+03,3.743140242471870938e+00
6.776000000000000000e+03,3.722704791087279474e+00
6.777000000000000000e+03,3.791438109824886382e+00
6.778000000000000000e+03,4.123108706541529500e+00
6.779000000000000000e+03,3.928423940030820738e+00
6.780000000000000000e+03,3.723381527203846630e+00
6.781000000000000000e+03,3.980932173281564346e+00
6.782000000000000000e+03,3.751264297720966923e+00
6.783000000000000000e+03,3.739273843630686933e+00
6.784000000000000000e+03,3.508373382054966072e+00
6.785000000000000000e+03,3.599248990101784784e+00
6.786000000000000000e+03,3.623963903505512452e+00
6.787000000000000000e+03,3.716632605738169559e+00
6.788000000000000000e+03,3.529316218857859511e+00
6.789000000000000000e+03,3.626112231836597033e+00
6.790000000000000000e+03,4.092745515662787881e+00
6.791000000000000000e+03,3.807561126845356636e+00
6.792000000000000000e+03,3.783955449901020174e+00
6.793000000000000000e+03,3.935592778784997581e+00
6.794000000000000000e+03,3.897420672179315648e+00
6.795000000000000000e+03,3.643127544576239885e+00
6.796000000000000000e+03,4.008807312455848759e+00
6.797000000000000000e+03,3.626878248916444392e+00
6.798000000000000000e+03,3.619894262771556459e+00
6.799000000000000000e+03,4.037216556565735637e+00
6.800000000000000000e+03,3.695204311508906159e+00
6.801000000000000000e+03,3.671137765631474092e+00
6.802000000000000000e+03,3.343990830168367623e+00
6.803000000000000000e+03,3.734005562482537233e+00
6.804000000000000000e+03,3.753060492057825215e+00
6.805000000000000000e+03,3.730136937929288798e+00
6.806000000000000000e+03,3.605476068965000280e+00
6.807000000000000000e+03,3.716490262016886259e+00
6.808000000000000000e+03,3.682741759396405357e+00
6.809000000000000000e+03,4.258901283937302829e+00
6.810000000000000000e+03,3.898292218158954103e+00
6.811000000000000000e+03,3.811200471529762268e+00
6.812000000000000000e+03,3.849534073563533276e+00
6.813000000000000000e+03,3.537289147459106164e+00
6.814000000000000000e+03,3.815191066088491123e+00
6.815000000000000000e+03,3.781086732677688023e+00
6.816000000000000000e+03,3.477502984741128067e+00
6.817000000000000000e+03,3.698541473142507918e+00
6.818000000000000000e+03,3.639955655224628828e+00
6.819000000000000000e+03,3.557373960124385004e+00
6.820000000000000000e+03,3.709886964889217875e+00
6.821000000000000000e+03,3.704673420989954558e+00
6.822000000000000000e+03,3.690965217350112404e+00
6.823000000000000000e+03,3.858703798951283570e+00
6.824000000000000000e+03,3.693607982893297503e+00
6.825000000000000000e+03,3.808786177710543619e+00
6.826000000000000000e+03,3.804379148505084629e+00
6.827000000000000000e+03,3.751138093174384291e+00
6.828000000000000000e+03,3.711040601205366052e+00
6.829000000000000000e+03,3.715259493269463142e+00
6.830000000000000000e+03,3.429652253900155046e+00
6.831000000000000000e+03,3.699749379641139591e+00
6.832000000000000000e+03,3.657756561588817679e+00
6.833000000000000000e+03,3.877580905644125053e+00
6.834000000000000000e+03,3.748154817838947217e+00
6.835000000000000000e+03,3.437036248473790856e+00
6.836000000000000000e+03,3.667000833734608278e+00
6.837000000000000000e+03,3.545293502155457688e+00
6.838000000000000000e+03,3.769496043869378976e+00
6.839000000000000000e+03,3.654991976907779438e+00
6.840000000000000000e+03,3.788847838004200774e+00
6.841000000000000000e+03,3.519818984032546449e+00
6.842000000000000000e+03,3.837479835098287051e+00
6.843000000000000000e+03,3.464058035882235043e+00
6.844000000000000000e+03,3.989358581824816508e+00
6.845000000000000000e+03,3.776243404214953525e+00
6.846000000000000000e+03,3.878008931704285622e+00
6.847000000000000000e+03,3.527881043306055453e+00
6.848000000000000000e+03,3.745282327478421713e+00
6.849000000000000000e+03,3.775253934044130677e+00
6.850000000000000000e+03,3.852560416107881469e+00
6.851000000000000000e+03,3.553166403927858763e+00
6.852000000000000000e+03,3.705365547632520684e+00
6.853000000000000000e+03,3.999432909103463718e+00
6.854000000000000000e+03,3.450113840999742276e+00
6.855000000000000000e+03,3.642666152183001493e+00
6.856000000000000000e+03,3.927017220622787352e+00
6.857000000000000000e+03,3.566423234826008315e+00
6.858000000000000000e+03,3.837175507977315547e+00
6.859000000000000000e+03,3.475934999239617795e+00
6.860000000000000000e+03,3.519636661806487155e+00
6.861000000000000000e+03,3.784589351533189650e+00
6.862000000000000000e+03,3.606535610562514371e+00
6.863000000000000000e+03,3.539127482167621963e+00
6.864000000000000000e+03,3.712591808095529800e+00
6.865000000000000000e+03,3.868762188639662813e+00
6.866000000000000000e+03,3.648998807748219164e+00
6.867000000000000000e+03,3.576403707144822697e+00
6.868000000000000000e+03,3.862116480243678485e+00
6.869000000000000000e+03,3.359890828203988100e+00
6.870000000000000000e+03,3.825030496972293914e+00
6.871000000000000000e+03,3.907146821259138036e+00
6.872000000000000000e+03,3.592242558186709900e+00
6.873000000000000000e+03,3.631220226742230217e+00
6.874000000000000000e+03,3.844485744985095099e+00
6.875000000000000000e+03,3.869093897799352089e+00
6.876000000000000000e+03,3.933583933049402681e+00
6.877000000000000000e+03,3.476188186214900000e+00
6.878000000000000000e+03,3.564612303098883661e+00
6.879000000000000000e+03,3.766736757656708345e+00
6.880000000000000000e+03,3.795939699688699154e+00
6.881000000000000000e+03,3.653462875832934387e+00
6.882000000000000000e+03,3.667168945152590176e+00
6.883000000000000000e+03,3.689743548479377022e+00
6.884000000000000000e+03,3.757374719664197560e+00
6.885000000000000000e+03,4.027795777559386003e+00
6.886000000000000000e+03,3.641932089784537308e+00
6.887000000000000000e+03,3.508552177772178648e+00
6.888000000000000000e+03,3.450402776547173644e+00
6.889000000000000000e+03,3.713477990133224882e+00
6.890000000000000000e+03,3.828475281451453327e+00
6.891000000000000000e+03,3.760040490174603622e+00
6.892000000000000000e+03,3.735725374969571799e+00
6.893000000000000000e+03,3.576126162898864980e+00
6.894000000000000000e+03,3.564732095828247793e+00
6.895000000000000000e+03,3.816899043220393306e+00
6.896000000000000000e+03,3.761285799931286533e+00
6.897000000000000000e+03,3.481137480171599297e+00
6.898000000000000000e+03,3.832387658642136596e+00
6.899000000000000000e+03,3.390558165894301368e+00
6.900000000000000000e+03,3.576832567202177682e+00
6.901000000000000000e+03,4.026710072309861665e+00
6.902000000000000000e+03,3.903206617929094069e+00
6.903000000000000000e+03,3.822724601131645805e+00
6.904000000000000000e+03,4.046253008165626497e+00
6.905000000000000000e+03,3.571826468397652388e+00
6.906000000000000000e+03,3.562355823112246966e+00
6.907000000000000000e+03,4.002180801152882772e+00
6.908000000000000000e+03,3.632778211817942804e+00
6.909000000000000000e+03,3.622287437221385353e+00
6.910000000000000000e+03,3.873748012942322738e+00
6.911000000000000000e+03,3.551616610918516326e+00
6.912000000000000000e+03,3.890305839901446294e+00
6.913000000000000000e+03,3.699768815400097388e+00
6.914000000000000000e+03,3.900443394938690300e+00
6.915000000000000000e+03,3.646576087125774190e+00
6.916000000000000000e+03,3.486972227334381724e+00
6.917000000000000000e+03,3.659712891094517584e+00
6.918000000000000000e+03,3.551630118010865367e+00
6.919000000000000000e+03,3.702196741906699895e+00
6.920000000000000000e+03,3.635478891403977730e+00
6.921000000000000000e+03,3.377492736090395908e+00
6.922000000000000000e+03,3.675150470607403630e+00
6.923000000000000000e+03,3.929220704253742369e+00
6.924000000000000000e+03,3.722455501185355509e+00
6.925000000000000000e+03,3.748611998888474073e+00
6.926000000000000000e+03,3.722686591661835021e+00
6.927000000000000000e+03,3.656305184766162952e+00
6.928000000000000000e+03,3.691295483919229348e+00
6.929000000000000000e+03,3.745353668318874174e+00
6.930000000000000000e+03,4.038741940712219147e+00
6.931000000000000000e+03,3.577237971939456695e+00
6.932000000000000000e+03,3.669776936037836723e+00
6.933000000000000000e+03,4.047760752092123049e+00
6.934000000000000000e+03,3.572941597289301274e+00
6.935000000000000000e+03,3.679547202248807380e+00
6.936000000000000000e+03,3.605533380431224177e+00
6.937000000000000000e+03,4.313353200462937131e+00
6.938000000000000000e+03,4.057767349978658622e+00
6.939000000000000000e+03,3.948501935493584636e+00
6.940000000000000000e+03,3.964868871048527144e+00
6.941000000000000000e+03,3.641608542126885339e+00
6.942000000000000000e+03,3.646970770194886580e+00
6.943000000000000000e+03,3.540936413439554453e+00
6.944000000000000000e+03,4.066141878761094119e+00
6.945000000000000000e+03,3.835126072616275028e+00
6.946000000000000000e+03,3.804921841403093197e+00
6.947000000000000000e+03,3.547786988931222130e+00
6.948000000000000000e+03,3.623583094591549703e+00
6.949000000000000000e+03,3.661130789629732707e+00
6.950000000000000000e+03,3.871193741527605869e+00
6.951000000000000000e+03,4.060851997315360506e+00
6.952000000000000000e+03,3.833729958177277464e+00
6.953000000000000000e+03,3.575872262926397926e+00
6.954000000000000000e+03,3.625900648504800650e+00
6.955000000000000000e+03,3.669260999582762306e+00
6.956000000000000000e+03,3.743694394954604654e+00
6.957000000000000000e+03,3.512910322988002321e+00
6.958000000000000000e+03,3.587468085338547219e+00
6.959000000000000000e+03,3.697692827550929096e+00
6.960000000000000000e+03,3.852295938589024082e+00
6.961000000000000000e+03,3.830526940724821916e+00
6.962000000000000000e+03,3.554582099905013504e+00
6.963000000000000000e+03,3.556917940840062187e+00
6.964000000000000000e+03,3.714829521368411047e+00
6.965000000000000000e+03,3.812887285974141172e+00
6.966000000000000000e+03,3.609928069773443049e+00
6.967000000000000000e+03,3.742860934455443100e+00
6.968000000000000000e+03,3.457213905414666222e+00
6.969000000000000000e+03,3.732565392664341175e+00
6.970000000000000000e+03,4.136151082762506981e+00
6.971000000000000000e+03,3.697111352392413508e+00
6.972000000000000000e+03,3.674866166941298751e+00
6.973000000000000000e+03,3.442093023030444066e+00
6.974000000000000000e+03,3.758365836912205271e+00
6.975000000000000000e+03,3.505505821355756169e+00
6.976000000000000000e+03,3.516579258669447761e+00
6.977000000000000000e+03,3.706424483117078950e+00
6.978000000000000000e+03,3.673340491184043266e+00
6.979000000000000000e+03,3.549408133641785756e+00
6.980000000000000000e+03,3.326378425313757159e+00
6.981000000000000000e+03,3.511573481782129136e+00
6.982000000000000000e+03,3.557179617990628095e+00
6.983000000000000000e+03,4.151494753545020622e+00
6.984000000000000000e+03,3.704901205002908871e+00
6.985000000000000000e+03,3.536194820389091831e+00
6.986000000000000000e+03,3.607467668807553540e+00
6.987000000000000000e+03,3.798001922286362575e+00
6.988000000000000000e+03,3.734823111237990823e+00
6.989000000000000000e+03,3.658203210821184381e+00
6.990000000000000000e+03,3.679928601942465072e+00
6.991000000000000000e+03,3.957077198751322467e+00
6.992000000000000000e+03,3.666204515575182121e+00
6.993000000000000000e+03,3.720827885187815820e+00
6.994000000000000000e+03,3.616742227139422727e+00
6.995000000000000000e+03,3.796308685162053553e+00
6.996000000000000000e+03,3.572342659619741845e+00
6.997000000000000000e+03,3.697382655885561142e+00
6.998000000000000000e+03,3.540563178073102613e+00
6.999000000000000000e+03,3.667413897442652448e+00
7.000000000000000000e+03,3.612716966049271505e+00
7.001000000000000000e+03,3.817648123868513821e+00
7.002000000000000000e+03,3.454972940393567171e+00
7.003000000000000000e+03,3.735286875773865756e+00
7.004000000000000000e+03,3.448002372498418566e+00
7.005000000000000000e+03,3.657155745639499855e+00
7.006000000000000000e+03,3.645697172064587210e+00
7.007000000000000000e+03,3.716506711472747693e+00
7.008000000000000000e+03,3.629385158662794542e+00
7.009000000000000000e+03,3.377775096133086130e+00
7.010000000000000000e+03,3.624242519204041280e+00
7.011000000000000000e+03,3.473655245634782673e+00
7.012000000000000000e+03,3.742831801042556084e+00
7.013000000000000000e+03,3.712185768553983412e+00
7.014000000000000000e+03,3.784391351507042422e+00
7.015000000000000000e+03,3.536784938905690012e+00
7.016000000000000000e+03,3.575420933322702055e+00
7.017000000000000000e+03,3.548061458425820547e+00
7.018000000000000000e+03,4.071442162481303306e+00
7.019000000000000000e+03,3.826289011734103962e+00
7.020000000000000000e+03,3.819714331397199292e+00
7.021000000000000000e+03,3.560812888262649967e+00
7.022000000000000000e+03,3.656598694446545839e+00
7.023000000000000000e+03,3.674010505143668670e+00
7.024000000000000000e+03,3.744192829167681147e+00
7.025000000000000000e+03,3.655523672530959001e+00
7.026000000000000000e+03,3.678877585517819071e+00
7.027000000000000000e+03,3.777003952209153859e+00
7.028000000000000000e+03,3.908481666991409753e+00
7.029000000000000000e+03,3.652850215003053513e+00
7.030000000000000000e+03,3.564138954983363750e+00
7.031000000000000000e+03,3.866306286281809168e+00
7.032000000000000000e+03,3.652614506779893411e+00
7.033000000000000000e+03,3.614220614426296940e+00
7.034000000000000000e+03,3.832752277558005183e+00
7.035000000000000000e+03,3.601399882174238787e+00
7.036000000000000000e+03,4.049777691311644112e+00
7.037000000000000000e+03,3.648642452523449986e+00
7.038000000000000000e+03,3.965265437979518470e+00
7.039000000000000000e+03,3.376185390024890154e+00
7.040000000000000000e+03,3.596803150929858361e+00
7.041000000000000000e+03,3.728803649675581866e+00
7.042000000000000000e+03,3.976511061152692150e+00
7.043000000000000000e+03,3.467695085013420719e+00
7.044000000000000000e+03,3.641187517594099532e+00
7.045000000000000000e+03,3.400965473913744930e+00
7.046000000000000000e+03,3.506747407868282984e+00
7.047000000000000000e+03,3.556647637080196933e+00
7.048000000000000000e+03,3.651885372837063493e+00
7.049000000000000000e+03,3.776059475534199628e+00
7.050000000000000000e+03,3.604386537757448217e+00
7.051000000000000000e+03,3.471117209620729671e+00
7.052000000000000000e+03,3.744940003819372976e+00
7.053000000000000000e+03,3.895591497065864051e+00
7.054000000000000000e+03,3.642060584641217513e+00
7.055000000000000000e+03,3.927832209618913328e+00
7.056000000000000000e+03,3.958485054938429393e+00
7.057000000000000000e+03,4.075037051680674871e+00
7.058000000000000000e+03,3.571351800146213673e+00
7.059000000000000000e+03,3.852566219374146783e+00
7.060000000000000000e+03,3.767011650242587883e+00
7.061000000000000000e+03,3.902811215198869643e+00
7.062000000000000000e+03,3.460408167593674200e+00
7.063000000000000000e+03,4.172838309207980600e+00
7.064000000000000000e+03,3.878240303760661423e+00
7.065000000000000000e+03,3.530848671052176257e+00
7.066000000000000000e+03,3.856865793817890964e+00
7.067000000000000000e+03,3.501377602799587763e+00
7.068000000000000000e+03,3.481221552234540884e+00
7.069000000000000000e+03,3.929414564746084526e+00
7.070000000000000000e+03,4.043191751786467947e+00
7.071000000000000000e+03,3.881928602321501831e+00
7.072000000000000000e+03,3.709797538348633239e+00
7.073000000000000000e+03,3.832784774100427505e+00
7.074000000000000000e+03,3.762107733096325290e+00
7.075000000000000000e+03,3.841307560054832759e+00
7.076000000000000000e+03,3.477412324904068264e+00
7.077000000000000000e+03,3.777768518927921093e+00
7.078000000000000000e+03,3.820955040736851771e+00
7.079000000000000000e+03,3.559966336890719063e+00
7.080000000000000000e+03,3.702052718974337964e+00
7.081000000000000000e+03,3.860094307790406187e+00
7.082000000000000000e+03,3.497898114935280134e+00
7.083000000000000000e+03,3.911675314362326628e+00
7.084000000000000000e+03,3.668289219398861878e+00
7.085000000000000000e+03,3.680307879055618958e+00
7.086000000000000000e+03,3.763222150429057944e+00
7.087000000000000000e+03,3.482942071401525119e+00
7.088000000000000000e+03,3.890121037457780151e+00
7.089000000000000000e+03,3.788774773751248937e+00
7.090000000000000000e+03,4.144080289361853353e+00
7.091000000000000000e+03,3.697076454779112176e+00
7.092000000000000000e+03,3.771102570793610553e+00
7.093000000000000000e+03,3.877634904303334462e+00
7.094000000000000000e+03,4.001505673266028573e+00
7.095000000000000000e+03,3.671219496748519884e+00
7.096000000000000000e+03,3.848529468403123932e+00
7.097000000000000000e+03,3.632274283867576781e+00
7.098000000000000000e+03,4.010140403822536115e+00
7.099000000000000000e+03,3.871228892952451872e+00
7.100000000000000000e+03,3.782603501450803929e+00
7.101000000000000000e+03,3.779609937513612294e+00
7.102000000000000000e+03,3.853054118483940638e+00
7.103000000000000000e+03,3.622524388923341832e+00
7.104000000000000000e+03,3.593108495091095200e+00
7.105000000000000000e+03,3.936262324417828751e+00
7.106000000000000000e+03,4.155028889543685544e+00
7.107000000000000000e+03,3.646503115077879720e+00
7.108000000000000000e+03,3.669091865877981196e+00
7.109000000000000000e+03,3.541399186460267856e+00
7.110000000000000000e+03,3.815683979457735742e+00
7.111000000000000000e+03,3.981602348846144057e+00
7.112000000000000000e+03,3.829696511737633813e+00
7.113000000000000000e+03,3.616089074116611179e+00
7.114000000000000000e+03,3.712415031801726162e+00
7.115000000000000000e+03,3.817706122934116042e+00
7.116000000000000000e+03,3.809319054150328565e+00
7.117000000000000000e+03,4.111227011821242172e+00
7.118000000000000000e+03,3.831649475859674414e+00
7.119000000000000000e+03,3.528216050206102850e+00
7.120000000000000000e+03,3.990567289341325541e+00
7.121000000000000000e+03,3.873345077234250144e+00
7.122000000000000000e+03,3.727097089595631907e+00
7.123000000000000000e+03,3.643813526068020892e+00
7.124000000000000000e+03,3.766513920297610341e+00
7.125000000000000000e+03,3.620053043299251705e+00
7.126000000000000000e+03,3.674185145713904532e+00
7.127000000000000000e+03,3.826555851630601968e+00
7.128000000000000000e+03,3.782613835208555653e+00
7.129000000000000000e+03,3.538066039016258379e+00
7.130000000000000000e+03,3.691313492265183793e+00
7.131000000000000000e+03,3.506486279686737539e+00
7.132000000000000000e+03,3.641888601389306590e+00
7.133000000000000000e+03,3.746808059295644977e+00
7.134000000000000000e+03,3.838507380226739762e+00
7.135000000000000000e+03,3.862801085603822848e+00
7.136000000000000000e+03,3.915522182292201503e+00
7.137000000000000000e+03,3.730258053601663182e+00
7.138000000000000000e+03,3.739156638664316468e+00
7.139000000000000000e+03,3.678389590936386178e+00
7.140000000000000000e+03,3.570334635550498792e+00
7.141000000000000000e+03,3.871910588731399816e+00
7.142000000000000000e+03,3.603365574045343855e+00
7.143000000000000000e+03,3.650330671039839547e+00
7.144000000000000000e+03,3.557786325799405347e+00
7.145000000000000000e+03,3.479265109449480420e+00
7.146000000000000000e+03,3.671117143375340675e+00
7.147000000000000000e+03,3.616812730857861258e+00
7.148000000000000000e+03,3.968158582030341996e+00
7.149000000000000000e+03,3.618887883824811524e+00
7.150000000000000000e+03,3.503510198051436042e+00
7.151000000000000000e+03,3.481278554187341001e+00
7.152000000000000000e+03,3.761940480140418153e+00
7.153000000000000000e+03,3.838738711763009626e+00
7.154000000000000000e+03,3.749583572656506547e+00
7.155000000000000000e+03,3.692829596168752282e+00
7.156000000000000000e+03,3.783473302887998990e+00
7.157000000000000000e+03,3.533567565442846004e+00
7.158000000000000000e+03,3.933801381966183897e+00
7.159000000000000000e+03,3.660811828466343343e+00
7.160000000000000000e+03,3.816775219538630637e+00
7.161000000000000000e+03,3.781780343701429459e+00
7.162000000000000000e+03,3.628089884886141370e+00
7.163000000000000000e+03,3.361883623684125855e+00
7.164000000000000000e+03,3.975208249354186485e+00
7.165000000000000000e+03,3.703197453463977773e+00
7.166000000000000000e+03,3.638371966098903343e+00
7.167000000000000000e+03,3.943674767412431059e+00
7.168000000000000000e+03,3.682209200819673622e+00
7.169000000000000000e+03,3.579686266291543184e+00
7.170000000000000000e+03,3.991732408001934740e+00
7.171000000000000000e+03,3.802565907977522031e+00
7.172000000000000000e+03,3.703063363950931386e+00
7.173000000000000000e+03,3.759859869958911638e+00
7.174000000000000000e+03,3.832535732393745231e+00
7.175000000000000000e+03,3.852547371392478048e+00
7.176000000000000000e+03,3.751527988690463999e+00
7.177000000000000000e+03,3.618725808589532189e+00
7.178000000000000000e+03,3.811839566220478037e+00
7.179000000000000000e+03,3.725709648523229056e+00
7.180000000000000000e+03,3.798006485038658120e+00
7.181000000000000000e+03,3.875835240490187683e+00
7.182000000000000000e+03,3.577765388551084502e+00
7.183000000000000000e+03,3.629504591564696625e+00
7.184000000000000000e+03,3.624552439644439517e+00
7.185000000000000000e+03,3.708048545505519655e+00
7.186000000000000000e+03,3.803841711693047412e+00
7.187000000000000000e+03,3.459216736724747498e+00
7.188000000000000000e+03,3.485339813856688895e+00
7.189000000000000000e+03,3.832803121932356838e+00
7.190000000000000000e+03,3.621415537715312993e+00
7.191000000000000000e+03,3.531901062764744914e+00
7.192000000000000000e+03,3.999016559177214880e+00
7.193000000000000000e+03,3.827282881984616747e+00
7.194000000000000000e+03,3.609172385717292819e+00
7.195000000000000000e+03,3.551630370462100839e+00
7.196000000000000000e+03,3.843382616641799032e+00
7.197000000000000000e+03,3.914390572722060924e+00
7.198000000000000000e+03,3.379933610740833760e+00
7.199000000000000000e+03,3.908028628550794803e+00
7.200000000000000000e+03,3.705476745343996292e+00
7.201000000000000000e+03,3.673174333996957586e+00
7.202000000000000000e+03,3.426042490249904482e+00
7.203000000000000000e+03,3.770950507983898081e+00
7.204000000000000000e+03,3.921072922601530397e+00
7.205000000000000000e+03,3.603364064742481165e+00
7.206000000000000000e+03,3.816652074636980529e+00
7.207000000000000000e+03,3.769652386755208973e+00
7.208000000000000000e+03,3.623960853155228090e+00
7.209000000000000000e+03,3.698037907575148608e+00
7.210000000000000000e+03,3.763173101546743116e+00
7.211000000000000000e+03,4.114851197189284271e+00
7.212000000000000000e+03,3.594692309888873893e+00
7.213000000000000000e+03,3.740947612802620448e+00
7.214000000000000000e+03,3.544895220402944247e+00
7.215000000000000000e+03,3.969854911777617623e+00
7.216000000000000000e+03,3.781973459687001604e+00
7.217000000000000000e+03,3.777836915213134361e+00
7.218000000000000000e+03,3.790547581058916649e+00
7.219000000000000000e+03,3.920010554964038274e+00
7.220000000000000000e+03,3.690483293187825087e+00
7.221000000000000000e+03,3.525698946155481295e+00
7.222000000000000000e+03,3.537579935130082287e+00
7.223000000000000000e+03,3.846110089658830500e+00
7.224000000000000000e+03,3.601640385038566983e+00
7.225000000000000000e+03,3.652682564015401034e+00
7.226000000000000000e+03,3.463979715422611516e+00
7.227000000000000000e+03,3.398205652497951146e+00
7.228000000000000000e+03,3.694538290621339538e+00
7.229000000000000000e+03,3.828115972088999452e+00
7.230000000000000000e+03,3.713331977112197535e+00
7.231000000000000000e+03,3.836116845535040731e+00
7.232000000000000000e+03,3.662113916726386531e+00
7.233000000000000000e+03,3.870204107388167003e+00
7.234000000000000000e+03,3.775463508006631663e+00
7.235000000000000000e+03,3.468782899543651599e+00
7.236000000000000000e+03,3.582552637412979912e+00
7.237000000000000000e+03,4.028159329840312886e+00
7.238000000000000000e+03,3.897246536987046373e+00
7.239000000000000000e+03,3.616004910314986276e+00
7.240000000000000000e+03,3.483647527340941075e+00
7.241000000000000000e+03,3.794845874166584920e+00
7.242000000000000000e+03,3.788954177611869145e+00
7.243000000000000000e+03,3.880414679395325361e+00
7.244000000000000000e+03,3.774997355778652253e+00
7.245000000000000000e+03,3.692644657825893351e+00
7.246000000000000000e+03,3.571926183884638561e+00
7.247000000000000000e+03,4.082499855950586287e+00
7.248000000000000000e+03,3.637652518270761526e+00
7.249000000000000000e+03,4.094418315471777703e+00
7.250000000000000000e+03,3.819212802184090094e+00
7.251000000000000000e+03,3.465542552185858050e+00
7.252000000000000000e+03,3.613893490696762800e+00
7.253000000000000000e+03,3.930432450430518809e+00
7.254000000000000000e+03,3.872270383660349591e+00
7.255000000000000000e+03,3.690687071056831137e+00
7.256000000000000000e+03,3.934088723515040353e+00
7.257000000000000000e+03,3.507186739443827861e+00
7.258000000000000000e+03,3.764838547280769276e+00
7.259000000000000000e+03,3.972769576449670659e+00
7.260000000000000000e+03,3.518482775998309720e+00
7.261000000000000000e+03,3.571413768795888899e+00
7.262000000000000000e+03,3.697449862374177165e+00
7.263000000000000000e+03,3.716357457990465019e+00
7.264000000000000000e+03,3.641715674816656367e+00
7.265000000000000000e+03,3.648675691905599816e+00
7.266000000000000000e+03,3.746500583341620505e+00
7.267000000000000000e+03,3.705797594996526279e+00
7.268000000000000000e+03,3.892559526848361262e+00
7.269000000000000000e+03,3.774005602213887478e+00
7.270000000000000000e+03,3.940853114150842273e+00
7.271000000000000000e+03,3.877941849185573719e+00
7.272000000000000000e+03,3.951887276162875828e+00
7.273000000000000000e+03,3.928766508062317087e+00
7.274000000000000000e+03,3.889388074341284085e+00
7.275000000000000000e+03,3.346047425920223084e+00
7.276000000000000000e+03,3.736481523777460900e+00
7.277000000000000000e+03,3.688517081877771275e+00
7.278000000000000000e+03,4.009119885823261953e+00
7.279000000000000000e+03,3.910291267398801729e+00
7.280000000000000000e+03,3.830436779707755868e+00
7.281000000000000000e+03,3.368634344151443472e+00
7.282000000000000000e+03,3.679146503110485966e+00
7.283000000000000000e+03,3.559006647046342398e+00
7.284000000000000000e+03,3.881355759541406325e+00
7.285000000000000000e+03,3.567250530616848714e+00
7.286000000000000000e+03,3.866082018344610738e+00
7.287000000000000000e+03,3.739406345062918913e+00
7.288000000000000000e+03,3.706105687440393481e+00
7.289000000000000000e+03,3.688249132671232555e+00
7.290000000000000000e+03,3.922356965179862431e+00
7.291000000000000000e+03,3.588835069659115362e+00
7.292000000000000000e+03,3.571132575826309274e+00
7.293000000000000000e+03,3.829833037869291079e+00
7.294000000000000000e+03,4.033620967150213232e+00
7.295000000000000000e+03,3.769222673984586436e+00
7.296000000000000000e+03,3.770300215013185685e+00
7.297000000000000000e+03,3.631325302770411767e+00
7.298000000000000000e+03,3.859205982196679319e+00
7.299000000000000000e+03,4.055835081687628296e+00
7.300000000000000000e+03,3.376190947995988179e+00
7.301000000000000000e+03,4.092069027109611845e+00
7.302000000000000000e+03,3.812944068670077957e+00
7.303000000000000000e+03,3.771716973054810573e+00
7.304000000000000000e+03,3.594910965015568838e+00
7.305000000000000000e+03,3.755324563267545379e+00
7.306000000000000000e+03,3.623217382685028465e+00
7.307000000000000000e+03,3.869638497074754824e+00
7.308000000000000000e+03,3.837043051664164484e+00
7.309000000000000000e+03,3.692695014360926287e+00
7.310000000000000000e+03,3.705456009464913159e+00
7.311000000000000000e+03,3.681773456346237428e+00
7.312000000000000000e+03,3.722577301378366066e+00
7.313000000000000000e+03,3.668202536682088510e+00
7.314000000000000000e+03,3.369940815416124558e+00
7.315000000000000000e+03,4.101270762478649523e+00
7.316000000000000000e+03,3.350077667103359413e+00
7.317000000000000000e+03,3.722603109095734109e+00
7.318000000000000000e+03,3.791880312401100905e+00
7.319000000000000000e+03,3.868548616216700431e+00
7.320000000000000000e+03,3.547853692856298480e+00
7.321000000000000000e+03,4.012333128730899645e+00
7.322000000000000000e+03,3.604587569927114821e+00
7.323000000000000000e+03,3.790161166338436693e+00
7.324000000000000000e+03,4.062568273060665369e+00
7.325000000000000000e+03,3.479753083675777514e+00
7.326000000000000000e+03,3.797553084504027954e+00
7.327000000000000000e+03,3.850540167510663636e+00
7.328000000000000000e+03,3.766923976996229051e+00
7.329000000000000000e+03,3.732573626341921802e+00
7.330000000000000000e+03,3.904275181341844370e+00
7.331000000000000000e+03,4.023869385019569478e+00
7.332000000000000000e+03,3.775706549389795885e+00
7.333000000000000000e+03,3.784412477522244966e+00
7.334000000000000000e+03,3.518875618182174314e+00
7.335000000000000000e+03,3.686022587243114934e+00
7.336000000000000000e+03,3.639149146122882872e+00
7.337000000000000000e+03,3.484701998159981162e+00
7.338000000000000000e+03,3.733650921105507781e+00
7.339000000000000000e+03,3.667636712502226892e+00
7.340000000000000000e+03,3.646142352467728998e+00
7.341000000000000000e+03,3.761279086493280577e+00
7.342000000000000000e+03,3.702018328200243680e+00
7.343000000000000000e+03,3.639781487769117696e+00
7.344000000000000000e+03,3.519971581642160174e+00
7.345000000000000000e+03,3.985969452183676598e+00
7.346000000000000000e+03,3.866767842560720592e+00
7.347000000000000000e+03,3.829439686700866652e+00
7.348000000000000000e+03,3.791144342702593040e+00
7.349000000000000000e+03,3.834519886964523394e+00
7.350000000000000000e+03,3.797600348443511020e+00
7.351000000000000000e+03,4.021734614238275718e+00
7.352000000000000000e+03,3.788471259030514293e+00
7.353000000000000000e+03,3.699113750328830275e+00
7.354000000000000000e+03,3.938435172263774486e+00
7.355000000000000000e+03,3.789003473006131273e+00
7.356000000000000000e+03,4.042641469042774105e+00
7.357000000000000000e+03,3.808042515633872416e+00
7.358000000000000000e+03,3.348715214209485591e+00
7.359000000000000000e+03,3.515266418571192375e+00
7.360000000000000000e+03,3.720650962441934162e+00
7.361000000000000000e+03,3.616701173707024708e+00
7.362000000000000000e+03,3.629831301543604560e+00
7.363000000000000000e+03,3.727238108403536199e+00
7.364000000000000000e+03,3.625239110263217324e+00
7.365000000000000000e+03,3.824273329960672818e+00
7.366000000000000000e+03,3.984631176876690439e+00
7.367000000000000000e+03,3.666306218109427473e+00
7.368000000000000000e+03,3.709215853677376273e+00
7.369000000000000000e+03,3.645030668995873580e+00
7.370000000000000000e+03,3.852620789022061842e+00
7.371000000000000000e+03,3.618715208444351905e+00
7.372000000000000000e+03,3.830011587617317748e+00
7.373000000000000000e+03,3.974252368513300215e+00
7.374000000000000000e+03,3.747747281228395178e+00
7.375000000000000000e+03,3.636437407162538715e+00
7.376000000000000000e+03,3.620105862724338763e+00
7.377000000000000000e+03,3.910728133053213096e+00
7.378000000000000000e+03,3.661112195133760405e+00
7.379000000000000000e+03,3.929351368956718549e+00
7.380000000000000000e+03,3.861735035771518998e+00
7.381000000000000000e+03,3.913618008607257170e+00
7.382000000000000000e+03,3.834897025464127474e+00
7.383000000000000000e+03,3.931522281159722798e+00
7.384000000000000000e+03,3.810500458446791860e+00
7.385000000000000000e+03,3.846285458268160262e+00
7.386000000000000000e+03,3.974209635673570329e+00
7.387000000000000000e+03,3.614890392339696223e+00
7.388000000000000000e+03,3.671585924046297134e+00
7.389000000000000000e+03,3.729966606376281746e+00
7.390000000000000000e+03,3.804404419917068125e+00
7.391000000000000000e+03,3.892910773654986833e+00
7.392000000000000000e+03,3.763533024943288119e+00
7.393000000000000000e+03,3.766149568804990633e+00
7.394000000000000000e+03,3.530332735104898756e+00
7.395000000000000000e+03,3.798889442564082231e+00
7.396000000000000000e+03,3.928622057636428355e+00
7.397000000000000000e+03,4.054370995176971526e+00
7.398000000000000000e+03,3.944677882659479717e+00
7.399000000000000000e+03,3.812236254034252703e+00
7.400000000000000000e+03,3.930033531136706948e+00
7.401000000000000000e+03,3.875072087440514679e+00
7.402000000000000000e+03,3.946902976619789172e+00
7.403000000000000000e+03,3.530031236386946603e+00
7.404000000000000000e+03,3.665750479482134505e+00
7.405000000000000000e+03,3.875605269164942523e+00
7.406000000000000000e+03,3.633283725375148432e+00
7.407000000000000000e+03,3.931123664336826362e+00
7.408000000000000000e+03,4.033494000309254091e+00
7.409000000000000000e+03,3.798643858964625419e+00
7.410000000000000000e+03,3.747064777720158002e+00
7.411000000000000000e+03,3.630650688537547133e+00
7.412000000000000000e+03,3.901763486342846310e+00
7.413000000000000000e+03,3.789116171386570642e+00
7.414000000000000000e+03,3.963391083312573393e+00
7.415000000000000000e+03,3.778960951267305024e+00
7.416000000000000000e+03,3.778047324895913217e+00
7.417000000000000000e+03,3.635311583832415483e+00
7.418000000000000000e+03,3.977908716863092664e+00
7.419000000000000000e+03,3.600399688137204901e+00
7.420000000000000000e+03,3.631235186634093726e+00
7.421000000000000000e+03,3.815179381875219100e+00
7.422000000000000000e+03,3.489460677130743704e+00
7.423000000000000000e+03,3.727446878332858482e+00
7.424000000000000000e+03,3.702897874768290354e+00
7.425000000000000000e+03,4.088192613778521611e+00
7.426000000000000000e+03,3.794688555045000022e+00
7.427000000000000000e+03,3.788197329264543445e+00
7.428000000000000000e+03,3.734584844042211582e+00
7.429000000000000000e+03,3.427533604061506090e+00
7.430000000000000000e+03,3.742504882553064238e+00
7.431000000000000000e+03,3.811348451289110262e+00
7.432000000000000000e+03,3.732982439554313636e+00
7.433000000000000000e+03,3.629433894672137395e+00
7.434000000000000000e+03,3.732077549527534899e+00
7.435000000000000000e+03,3.959125171994912762e+00
7.436000000000000000e+03,4.001045898233094533e+00
7.437000000000000000e+03,3.993898498900829264e+00
7.438000000000000000e+03,3.862511325054572620e+00
7.439000000000000000e+03,3.871959721327467019e+00
7.440000000000000000e+03,3.882891372763340954e+00
7.441000000000000000e+03,3.807845340226866160e+00
7.442000000000000000e+03,3.683685080654768296e+00
7.443000000000000000e+03,3.575565384652068079e+00
7.444000000000000000e+03,3.520690667908726645e+00
7.445000000000000000e+03,3.541234031121184511e+00
7.446000000000000000e+03,3.686045647297984118e+00
7.447000000000000000e+03,3.570271059430065286e+00
7.448000000000000000e+03,3.479221182633320364e+00
7.449000000000000000e+03,3.599740045168496660e+00
7.450000000000000000e+03,3.874548413033840788e+00
7.451000000000000000e+03,3.632299471428527937e+00
7.452000000000000000e+03,3.874145085345895190e+00
7.453000000000000000e+03,3.315824235971120970e+00
7.454000000000000000e+03,3.713351972443885263e+00
7.455000000000000000e+03,3.783397363274612069e+00
7.456000000000000000e+03,3.621138286810165585e+00
7.457000000000000000e+03,3.492238879975620325e+00
7.458000000000000000e+03,3.864167165958425798e+00
7.459000000000000000e+03,3.507475741128631697e+00
7.460000000000000000e+03,3.626268480039370079e+00
7.461000000000000000e+03,3.657127665346189271e+00
7.462000000000000000e+03,3.622083263046758983e+00
7.463000000000000000e+03,3.512120022424403576e+00
7.464000000000000000e+03,3.793395942526289311e+00
7.465000000000000000e+03,3.808858060613038443e+00
7.466000000000000000e+03,3.902447991767043156e+00
7.467000000000000000e+03,3.920328069951168892e+00
7.468000000000000000e+03,3.488492175400037532e+00
7.469000000000000000e+03,3.882790662336694343e+00
7.470000000000000000e+03,3.680226928975663725e+00
7.471000000000000000e+03,3.493909805134678415e+00
7.472000000000000000e+03,3.624557978721040019e+00
7.473000000000000000e+03,4.037374263415699716e+00
7.474000000000000000e+03,3.901070126033042929e+00
7.475000000000000000e+03,3.577100313045623814e+00
7.476000000000000000e+03,3.862145290873711279e+00
7.477000000000000000e+03,3.492196091679494518e+00
7.478000000000000000e+03,3.854963504677995978e+00
7.479000000000000000e+03,3.788445321134908728e+00
7.480000000000000000e+03,3.740385796212637448e+00
7.481000000000000000e+03,3.580112894580123939e+00
7.482000000000000000e+03,3.574740268278139066e+00
7.483000000000000000e+03,3.811520121227933267e+00
7.484000000000000000e+03,3.799776450197544619e+00
7.485000000000000000e+03,3.863375259271050854e+00
7.486000000000000000e+03,3.784138994401238243e+00
7.487000000000000000e+03,3.611836683480166954e+00
7.488000000000000000e+03,3.646942532424813699e+00
7.489000000000000000e+03,3.843632066792490587e+00
7.490000000000000000e+03,3.812905096505817770e+00
7.491000000000000000e+03,3.784208788661110656e+00
7.492000000000000000e+03,3.658187989678093555e+00
7.493000000000000000e+03,3.899211127877403538e+00
7.494000000000000000e+03,4.003474889139427617e+00
7.495000000000000000e+03,3.793299078340649277e+00
7.496000000000000000e+03,3.889450075138883633e+00
7.497000000000000000e+03,3.588155522206633474e+00
7.498000000000000000e+03,3.744484227094346807e+00
7.499000000000000000e+03,4.093650499925924002e+00
7.500000000000000000e+03,3.664841590342310162e+00
7.501000000000000000e+03,3.773332316358521510e+00
7.502000000000000000e+03,3.374188189611795341e+00
7.503000000000000000e+03,3.855685666628419384e+00
7.504000000000000000e+03,3.739036210301844854e+00
7.505000000000000000e+03,3.744894435304137126e+00
7.506000000000000000e+03,3.845975051848767645e+00
7.507000000000000000e+03,3.825736029138930405e+00
7.508000000000000000e+03,3.521471587947098136e+00
7.509000000000000000e+03,3.707877791228246789e+00
7.510000000000000000e+03,3.922443365949763283e+00
7.511000000000000000e+03,3.725397167137447063e+00
7.512000000000000000e+03,3.807102755164138763e+00
7.513000000000000000e+03,3.787584994760290424e+00
7.514000000000000000e+03,3.575114857455914397e+00
7.515000000000000000e+03,3.803391519336520421e+00
7.516000000000000000e+03,3.721959643969829923e+00
7.517000000000000000e+03,4.099609597347938283e+00
7.518000000000000000e+03,3.640960150303992116e+00
7.519000000000000000e+03,3.870483857783244108e+00
7.520000000000000000e+03,3.378386095870446137e+00
7.521000000000000000e+03,3.913898261737586814e+00
7.522000000000000000e+03,3.878045598012142214e+00
7.523000000000000000e+03,3.453513574071007231e+00
7.524000000000000000e+03,3.959325906475768431e+00
7.525000000000000000e+03,3.783106674043972717e+00
7.526000000000000000e+03,3.811439804549206833e+00
7.527000000000000000e+03,3.772545892104495202e+00
7.528000000000000000e+03,3.816225447283521532e+00
7.529000000000000000e+03,3.898462913485843284e+00
7.530000000000000000e+03,3.716855530659291862e+00
7.531000000000000000e+03,4.009005184480242789e+00
7.532000000000000000e+03,3.487613112919339731e+00
7.533000000000000000e+03,3.748408656263677141e+00
7.534000000000000000e+03,3.881216201381104014e+00
7.535000000000000000e+03,3.805975017789560599e+00
7.536000000000000000e+03,3.595862597230293112e+00
7.537000000000000000e+03,3.710816702377527143e+00
7.538000000000000000e+03,3.761206053973156216e+00
7.539000000000000000e+03,3.402151952793840195e+00
7.540000000000000000e+03,3.768036979729439295e+00
7.541000000000000000e+03,4.010742206300597523e+00
7.542000000000000000e+03,3.484386379680606716e+00
7.543000000000000000e+03,3.695160892854374879e+00
7.544000000000000000e+03,3.908730771101378565e+00
7.545000000000000000e+03,3.926042390039983232e+00
7.546000000000000000e+03,3.474436770945207087e+00
7.547000000000000000e+03,4.004604219390031083e+00
7.548000000000000000e+03,3.862573197565620564e+00
7.549000000000000000e+03,3.525506991261553758e+00
7.550000000000000000e+03,3.722889472593798210e+00
7.551000000000000000e+03,3.992275618400472847e+00
7.552000000000000000e+03,3.990285433404409776e+00
7.553000000000000000e+03,3.834747498492413698e+00
7.554000000000000000e+03,3.464959133629921695e+00
7.555000000000000000e+03,3.753313009527948108e+00
7.556000000000000000e+03,3.719649649371219446e+00
7.557000000000000000e+03,3.680231484990055701e+00
7.558000000000000000e+03,3.573906682890977571e+00
7.559000000000000000e+03,4.078333683527832321e+00
7.560000000000000000e+03,4.116913358310458904e+00
7.561000000000000000e+03,3.832225497058207697e+00
7.562000000000000000e+03,3.761638732661004347e+00
7.563000000000000000e+03,3.823927690871006924e+00
7.564000000000000000e+03,3.826902740223588228e+00
7.565000000000000000e+03,3.444913488034825555e+00
7.566000000000000000e+03,3.724919814773096860e+00
7.567000000000000000e+03,3.922319606991401031e+00
7.568000000000000000e+03,3.581360907971340435e+00
7.569000000000000000e+03,3.524472610785680082e+00
7.570000000000000000e+03,3.822001106854047148e+00
7.571000000000000000e+03,3.761906663906660064e+00
7.572000000000000000e+03,3.896373693940714311e+00
7.573000000000000000e+03,3.635352176834429905e+00
7.574000000000000000e+03,3.772633987935144262e+00
7.575000000000000000e+03,3.429827800543138405e+00
7.576000000000000000e+03,3.860772359510692642e+00
7.577000000000000000e+03,4.026362406388669157e+00
7.578000000000000000e+03,3.477705495721571172e+00
7.579000000000000000e+03,3.883066753427818707e+00
7.580000000000000000e+03,3.854712925490708209e+00
7.581000000000000000e+03,3.730992056945239721e+00
7.582000000000000000e+03,3.608020507557828882e+00
7.583000000000000000e+03,3.573722554300259979e+00
7.584000000000000000e+03,3.647607203336328929e+00
7.585000000000000000e+03,3.647087160128332783e+00
7.586000000000000000e+03,3.716045216244931115e+00
7.587000000000000000e+03,3.930483745809325580e+00
7.588000000000000000e+03,3.839566602236550885e+00
7.589000000000000000e+03,3.522691140325368231e+00
7.590000000000000000e+03,3.757086120808062368e+00
7.591000000000000000e+03,3.834496758371931602e+00
7.592000000000000000e+03,3.582818238719062354e+00
7.593000000000000000e+03,3.660140071698073871e+00
7.594000000000000000e+03,3.865603165027850618e+00
7.595000000000000000e+03,3.962915764527759510e+00
7.596000000000000000e+03,3.845077118607994393e+00
7.597000000000000000e+03,3.793852894076845672e+00
7.598000000000000000e+03,3.754677659627307929e+00
7.599000000000000000e+03,3.576623184987368198e+00
7.600000000000000000e+03,3.921937367767069915e+00
7.601000000000000000e+03,3.795696660074857398e+00
7.602000000000000000e+03,3.601199950527732785e+00
7.603000000000000000e+03,3.651282204075209314e+00
7.604000000000000000e+03,3.541879541418505806e+00
7.605000000000000000e+03,3.909421128975731019e+00
7.606000000000000000e+03,3.849668179584931238e+00
7.607000000000000000e+03,3.651627607318327140e+00
7.608000000000000000e+03,3.891306281841305559e+00
7.609000000000000000e+03,3.486408053548003760e+00
7.610000000000000000e+03,3.782289383216051792e+00
7.611000000000000000e+03,3.931428414217398526e+00
7.612000000000000000e+03,3.973313248449755974e+00
7.613000000000000000e+03,4.079362716894887164e+00
7.614000000000000000e+03,3.773379195772613048e+00
7.615000000000000000e+03,3.757600202403314160e+00
7.616000000000000000e+03,3.838084150014076545e+00
7.617000000000000000e+03,3.685730131962524858e+00
7.618000000000000000e+03,3.756683387697893561e+00
7.619000000000000000e+03,3.580944323927423234e+00
7.620000000000000000e+03,3.674413942566051805e+00
7.621000000000000000e+03,3.502815146088389398e+00
7.622000000000000000e+03,3.812398836507603139e+00
7.623000000000000000e+03,3.860645349581816266e+00
7.624000000000000000e+03,3.772516241604543907e+00
7.625000000000000000e+03,3.647265222200195556e+00
7.626000000000000000e+03,4.012719250636854973e+00
7.627000000000000000e+03,3.630033771018124966e+00
7.628000000000000000e+03,3.582790929293599547e+00
7.629000000000000000e+03,4.001311675342918761e+00
7.630000000000000000e+03,3.697268687240346630e+00
7.631000000000000000e+03,3.897771549243462363e+00
7.632000000000000000e+03,3.786436142536371730e+00
7.633000000000000000e+03,3.634921902340582101e+00
7.634000000000000000e+03,3.969961483232489652e+00
7.635000000000000000e+03,3.339122147325784162e+00
7.636000000000000000e+03,3.606041476391614875e+00
7.637000000000000000e+03,3.700943982931359955e+00
7.638000000000000000e+03,4.073311299098382854e+00
7.639000000000000000e+03,3.546078176834128293e+00
7.640000000000000000e+03,3.659809901182720093e+00
7.641000000000000000e+03,3.465063901118318412e+00
7.642000000000000000e+03,3.760867044921759383e+00
7.643000000000000000e+03,3.721072018778106560e+00
7.644000000000000000e+03,3.688707025897254077e+00
7.645000000000000000e+03,3.982911576545308474e+00
7.646000000000000000e+03,3.757332372881560634e+00
7.647000000000000000e+03,3.472921370261419671e+00
7.648000000000000000e+03,3.820169003952689657e+00
7.649000000000000000e+03,3.805243351195781720e+00
7.650000000000000000e+03,3.746044267959902641e+00
7.651000000000000000e+03,4.036349351520650330e+00
7.652000000000000000e+03,3.777142560071351074e+00
7.653000000000000000e+03,3.626006912705764584e+00
7.654000000000000000e+03,3.495976093988411026e+00
7.655000000000000000e+03,3.654329032370008168e+00
7.656000000000000000e+03,3.583355123726004621e+00
7.657000000000000000e+03,3.564111116921973466e+00
7.658000000000000000e+03,3.812651443949283347e+00
7.659000000000000000e+03,3.908059874983065729e+00
7.660000000000000000e+03,3.519180993490841125e+00
7.661000000000000000e+03,3.714443211944586931e+00
7.662000000000000000e+03,3.705129542395036779e+00
7.663000000000000000e+03,3.586246281267610581e+00
7.664000000000000000e+03,3.779457131851900353e+00
7.665000000000000000e+03,3.946078082568133194e+00
7.666000000000000000e+03,3.954646228436408339e+00
7.667000000000000000e+03,3.529149657786446070e+00
7.668000000000000000e+03,3.440269995543181913e+00
7.669000000000000000e+03,3.563885166815402350e+00
7.670000000000000000e+03,3.755456644767214414e+00
7.671000000000000000e+03,3.699613829436056545e+00
7.672000000000000000e+03,3.454792024523441363e+00
7.673000000000000000e+03,3.799587516704458157e+00
7.674000000000000000e+03,3.678388508353725772e+00
7.675000000000000000e+03,3.457102465534894975e+00
7.676000000000000000e+03,3.904107835740252774e+00
7.677000000000000000e+03,3.641179949331116106e+00
7.678000000000000000e+03,3.801512576993842263e+00
7.679000000000000000e+03,4.116664901035696822e+00
7.680000000000000000e+03,3.773047548973647469e+00
7.681000000000000000e+03,3.930842180364685134e+00
7.682000000000000000e+03,3.642593150082311659e+00
7.683000000000000000e+03,3.815379436609994457e+00
7.684000000000000000e+03,4.055710296221036515e+00
7.685000000000000000e+03,3.453887628455230008e+00
7.686000000000000000e+03,3.640993911522429016e+00
7.687000000000000000e+03,3.808452930094134548e+00
7.688000000000000000e+03,3.375022304072574642e+00
7.689000000000000000e+03,3.762752190403220176e+00
7.690000000000000000e+03,4.033833047883589096e+00
7.691000000000000000e+03,3.552378363598836408e+00
7.692000000000000000e+03,3.654488874267292964e+00
7.693000000000000000e+03,3.687605551526701220e+00
7.694000000000000000e+03,3.805871327983406882e+00
7.695000000000000000e+03,3.646248563175692237e+00
7.696000000000000000e+03,3.338144438851769813e+00
7.697000000000000000e+03,3.582788904456108536e+00
7.698000000000000000e+03,3.932191191376361861e+00
7.699000000000000000e+03,3.607882611704350762e+00
7.700000000000000000e+03,3.943890490273955329e+00
7.701000000000000000e+03,3.639009161645543777e+00
7.702000000000000000e+03,3.679483168674313021e+00
7.703000000000000000e+03,3.557942995567699551e+00
7.704000000000000000e+03,3.613560969996604921e+00
7.705000000000000000e+03,3.769764121397389811e+00
7.706000000000000000e+03,3.823888948607925720e+00
7.707000000000000000e+03,3.881463143652849723e+00
7.708000000000000000e+03,3.734761424457264667e+00
7.709000000000000000e+03,3.928756130016634263e+00
7.710000000000000000e+03,3.535992979868513242e+00
7.711000000000000000e+03,3.867770426441580423e+00
7.712000000000000000e+03,3.770967963462358963e+00
7.713000000000000000e+03,4.086073603185671033e+00
7.714000000000000000e+03,3.614769160393609404e+00
7.715000000000000000e+03,3.811088996632411074e+00
7.716000000000000000e+03,3.686417839510427896e+00
7.717000000000000000e+03,3.697688299218265584e+00
7.718000000000000000e+03,3.648780422560701453e+00
7.719000000000000000e+03,3.643275181404348473e+00
7.720000000000000000e+03,4.186728660534631885e+00
7.721000000000000000e+03,4.002966677060630474e+00
7.722000000000000000e+03,3.824399011530247083e+00
7.723000000000000000e+03,3.495745300236404507e+00
7.724000000000000000e+03,3.838023902385838682e+00
7.725000000000000000e+03,3.730103472686913335e+00
7.726000000000000000e+03,3.629181886281146241e+00
7.727000000000000000e+03,3.663405777059233426e+00
7.728000000000000000e+03,3.739899355903724576e+00
7.729000000000000000e+03,3.626797073793514681e+00
7.730000000000000000e+03,3.777957397055589084e+00
7.731000000000000000e+03,3.545504324422434017e+00
7.732000000000000000e+03,3.848386232000529983e+00
7.733000000000000000e+03,3.607152008086846884e+00
7.734000000000000000e+03,3.681612464362663761e+00
7.735000000000000000e+03,3.660549993503761979e+00
7.736000000000000000e+03,3.990887961606542689e+00
7.737000000000000000e+03,3.721283812255773871e+00
7.738000000000000000e+03,3.774154433652074481e+00
7.739000000000000000e+03,3.599370267492802089e+00
7.740000000000000000e+03,3.666793200720904533e+00
7.741000000000000000e+03,4.151390019017316746e+00
7.742000000000000000e+03,3.966058944813970477e+00
7.743000000000000000e+03,3.744537864130020655e+00
7.744000000000000000e+03,3.836650198626124997e+00
7.745000000000000000e+03,3.601813041915678859e+00
7.746000000000000000e+03,3.877282056277588485e+00
7.747000000000000000e+03,3.753420780400077206e+00
7.748000000000000000e+03,4.028821437676608497e+00
7.749000000000000000e+03,3.551399138196992489e+00
7.750000000000000000e+03,3.656045737096422776e+00
7.751000000000000000e+03,3.455201375604920244e+00
7.752000000000000000e+03,3.989433083855853379e+00
7.753000000000000000e+03,3.936312786898006344e+00
7.754000000000000000e+03,3.546228571173011712e+00
7.755000000000000000e+03,4.077327102885321963e+00
7.756000000000000000e+03,3.462389842163867915e+00
7.757000000000000000e+03,3.762109550163311944e+00
7.758000000000000000e+03,3.954987808822717721e+00
7.759000000000000000e+03,3.695189425739370037e+00
7.760000000000000000e+03,3.606367934849826984e+00
7.761000000000000000e+03,3.518360017316981558e+00
7.762000000000000000e+03,3.882435304689313416e+00
7.763000000000000000e+03,3.967373766389018730e+00
7.764000000000000000e+03,3.657735796990008836e+00
7.765000000000000000e+03,3.863616210736283030e+00
7.766000000000000000e+03,3.471932146987737777e+00
7.767000000000000000e+03,3.869288152009159543e+00
7.768000000000000000e+03,3.933336586695240999e+00
7.769000000000000000e+03,3.578512977502336323e+00
7.770000000000000000e+03,3.549325766661661330e+00
7.771000000000000000e+03,3.760759103940630510e+00
7.772000000000000000e+03,3.732416200268741324e+00
7.773000000000000000e+03,3.811309484974779505e+00
7.774000000000000000e+03,4.125016764029208360e+00
7.775000000000000000e+03,3.677854813545831103e+00
7.776000000000000000e+03,4.008876918796886457e+00
7.777000000000000000e+03,3.843280419665980219e+00
7.778000000000000000e+03,3.740526885782984312e+00
7.779000000000000000e+03,3.864671868820148681e+00
7.780000000000000000e+03,3.621401007309366094e+00
7.781000000000000000e+03,3.682847052561233792e+00
7.782000000000000000e+03,3.745831656714036839e+00
7.783000000000000000e+03,3.621054049519278895e+00
7.784000000000000000e+03,3.832603293109201115e+00
7.785000000000000000e+03,3.614714047000189279e+00
7.786000000000000000e+03,3.953215968302818517e+00
7.787000000000000000e+03,3.662531073111969349e+00
7.788000000000000000e+03,4.022059544096972417e+00
7.789000000000000000e+03,3.725612357914776407e+00
7.790000000000000000e+03,3.793293221224304457e+00
7.791000000000000000e+03,3.680404107250519807e+00
7.792000000000000000e+03,3.650818768314072482e+00
7.793000000000000000e+03,3.854797301754902428e+00
7.794000000000000000e+03,3.623755534609929274e+00
7.795000000000000000e+03,3.632063439717806208e+00
7.796000000000000000e+03,3.519509665192696701e+00
7.797000000000000000e+03,3.564548398113632999e+00
7.798000000000000000e+03,3.920752857042429707e+00
7.799000000000000000e+03,3.837228924952192699e+00
7.800000000000000000e+03,3.714185989386689535e+00
7.801000000000000000e+03,3.595570035796439967e+00
7.802000000000000000e+03,3.632690556689131434e+00
7.803000000000000000e+03,3.693525845976570299e+00
7.804000000000000000e+03,3.882233433839154202e+00
7.805000000000000000e+03,3.947864355232001632e+00
7.806000000000000000e+03,3.706702338759658044e+00
7.807000000000000000e+03,3.548226095511736400e+00
7.808000000000000000e+03,3.692963567893376986e+00
7.809000000000000000e+03,3.964541790336542970e+00
7.810000000000000000e+03,3.710559006586124031e+00
7.811000000000000000e+03,3.753286783550413119e+00
7.812000000000000000e+03,3.814652497572900813e+00
7.813000000000000000e+03,3.731018397369189277e+00
7.814000000000000000e+03,3.492659983776782884e+00
7.815000000000000000e+03,3.667356758081300683e+00
7.816000000000000000e+03,3.786667526348012736e+00
7.817000000000000000e+03,3.783187360961689727e+00
7.818000000000000000e+03,3.717194756004547074e+00
7.819000000000000000e+03,3.763210235551293081e+00
7.820000000000000000e+03,3.888370505100544605e+00
7.821000000000000000e+03,4.062221599689700646e+00
7.822000000000000000e+03,3.712357303228980498e+00
7.823000000000000000e+03,3.425953766472566997e+00
7.824000000000000000e+03,3.806360383430394734e+00
7.825000000000000000e+03,3.643561121630606525e+00
7.826000000000000000e+03,3.929834744625426257e+00
7.827000000000000000e+03,3.420719888837212341e+00
7.828000000000000000e+03,3.689496532935105932e+00
7.829000000000000000e+03,3.622275460385218526e+00
7.830000000000000000e+03,3.952940815426724264e+00
7.831000000000000000e+03,3.936688428586379906e+00
7.832000000000000000e+03,3.595907630148460488e+00
7.833000000000000000e+03,3.820750242327464186e+00
7.834000000000000000e+03,3.826718023614722686e+00
7.835000000000000000e+03,3.780117766423412462e+00
7.836000000000000000e+03,3.654002540846919000e+00
7.837000000000000000e+03,3.718602048459815457e+00
7.838000000000000000e+03,3.872281170375691861e+00
7.839000000000000000e+03,3.717805194582084027e+00
7.840000000000000000e+03,3.725579734802847653e+00
7.841000000000000000e+03,3.925287561269232839e+00
7.842000000000000000e+03,3.469524358175732903e+00
7.843000000000000000e+03,3.964255199565604126e+00
7.844000000000000000e+03,3.495078105364453069e+00
7.845000000000000000e+03,3.706288841308083004e+00
7.846000000000000000e+03,3.670411160747935941e+00
7.847000000000000000e+03,3.370601109990981836e+00
7.848000000000000000e+03,3.872065417511694196e+00
7.849000000000000000e+03,3.868301580918774629e+00
7.850000000000000000e+03,3.669775268532552648e+00
7.851000000000000000e+03,3.571555595116250537e+00
7.852000000000000000e+03,3.853161356424458006e+00
7.853000000000000000e+03,3.487659939073887827e+00
7.854000000000000000e+03,3.963745615536969247e+00
7.855000000000000000e+03,3.768979078594288712e+00
7.856000000000000000e+03,3.594770736619579576e+00
7.857000000000000000e+03,3.587451062850735894e+00
7.858000000000000000e+03,3.700698568683952860e+00
7.859000000000000000e+03,3.810685127549702234e+00
7.860000000000000000e+03,4.036524013006228984e+00
7.861000000000000000e+03,3.660262351293499528e+00
7.862000000000000000e+03,3.782649457684166272e+00
7.863000000000000000e+03,3.669501922259736482e+00
7.864000000000000000e+03,3.703452387580373095e+00
7.865000000000000000e+03,3.603802733882766507e+00
7.866000000000000000e+03,3.997350106308604989e+00
7.867000000000000000e+03,3.360625028096218880e+00
7.868000000000000000e+03,3.544371639668615348e+00
7.869000000000000000e+03,3.746078729797877482e+00
7.870000000000000000e+03,3.850999542447112400e+00
7.871000000000000000e+03,3.683991121026736870e+00
7.872000000000000000e+03,3.749829144478832532e+00
7.873000000000000000e+03,3.852416892155344552e+00
7.874000000000000000e+03,3.579264245093628283e+00
7.875000000000000000e+03,3.589948821996090889e+00
7.876000000000000000e+03,3.364038024170607599e+00
7.877000000000000000e+03,3.860465629305368296e+00
7.878000000000000000e+03,3.780851385114862850e+00
7.879000000000000000e+03,3.937137579656068809e+00
7.880000000000000000e+03,4.029297413664654215e+00
7.881000000000000000e+03,3.937580585339526706e+00
7.882000000000000000e+03,4.073831523600028426e+00
7.883000000000000000e+03,3.657959697259317799e+00
7.884000000000000000e+03,3.783223744812334033e+00
7.885000000000000000e+03,4.068454415913326905e+00
7.886000000000000000e+03,3.875030482669422405e+00
7.887000000000000000e+03,3.593009110599468592e+00
7.888000000000000000e+03,3.849119207814665433e+00
7.889000000000000000e+03,3.783345015798414313e+00
7.890000000000000000e+03,3.902219220942669153e+00
7.891000000000000000e+03,3.969468173166912361e+00
7.892000000000000000e+03,3.622960316231958355e+00
7.893000000000000000e+03,3.869603818115054494e+00
7.894000000000000000e+03,3.574294316543544792e+00
7.895000000000000000e+03,3.794628357243083450e+00
7.896000000000000000e+03,4.023786257792619558e+00
7.897000000000000000e+03,3.961560647674461144e+00
7.898000000000000000e+03,3.455802150002905471e+00
7.899000000000000000e+03,3.833280387444929271e+00
7.900000000000000000e+03,3.534004605863059201e+00
7.901000000000000000e+03,3.778605921007761381e+00
7.902000000000000000e+03,3.651112848717946502e+00
7.903000000000000000e+03,3.445601814920514983e+00
7.904000000000000000e+03,3.680445427182331031e+00
7.905000000000000000e+03,3.882711361517681592e+00
7.906000000000000000e+03,3.415962769659050657e+00
7.907000000000000000e+03,3.828342464816198110e+00
7.908000000000000000e+03,3.619378003056939352e+00
7.909000000000000000e+03,3.725176570520996044e+00
7.910000000000000000e+03,3.751476965457252177e+00
7.911000000000000000e+03,3.961680801992054413e+00
7.912000000000000000e+03,3.427842858339297027e+00
7.913000000000000000e+03,3.836777618461574058e+00
7.914000000000000000e+03,3.900835518070702168e+00
7.915000000000000000e+03,3.759122620733406084e+00
7.916000000000000000e+03,3.720615451594238010e+00
7.917000000000000000e+03,3.649703357002525905e+00
7.918000000000000000e+03,3.731062939324634620e+00
7.919000000000000000e+03,3.817022195865147349e+00
7.920000000000000000e+03,3.613326670976246380e+00
7.921000000000000000e+03,3.560493252738727410e+00
7.922000000000000000e+03,3.853110753700862645e+00
7.923000000000000000e+03,3.781116773999112279e+00
7.924000000000000000e+03,3.911596830973945949e+00
7.925000000000000000e+03,3.839037865047767450e+00
7.926000000000000000e+03,3.616632728448023748e+00
7.927000000000000000e+03,4.019019989284728922e+00
7.928000000000000000e+03,3.363501977320897840e+00
7.929000000000000000e+03,3.438176910633929495e+00
7.930000000000000000e+03,3.642247965920733854e+00
7.931000000000000000e+03,3.539688942465059274e+00
7.932000000000000000e+03,3.798987316003695547e+00
7.933000000000000000e+03,3.698793885045403851e+00
7.934000000000000000e+03,3.519810182257549602e+00
7.935000000000000000e+03,3.584160724986577229e+00
7.936000000000000000e+03,3.721441118213320465e+00
7.937000000000000000e+03,3.666778398790353055e+00
7.938000000000000000e+03,3.712595248711462403e+00
7.939000000000000000e+03,3.738092322340215823e+00
7.940000000000000000e+03,3.662703784492933767e+00
7.941000000000000000e+03,3.788151555208013832e+00
7.942000000000000000e+03,3.869782934695354282e+00
7.943000000000000000e+03,3.827018741371419619e+00
7.944000000000000000e+03,3.742740353145128651e+00
7.945000000000000000e+03,3.711835474387765732e+00
7.946000000000000000e+03,3.627240821937373738e+00
7.947000000000000000e+03,3.744640099032257474e+00
7.948000000000000000e+03,3.705499864574866464e+00
7.949000000000000000e+03,3.968775665329399072e+00
7.950000000000000000e+03,3.502021450908056721e+00
7.951000000000000000e+03,4.082804028628504334e+00
7.952000000000000000e+03,4.012962849045425884e+00
7.953000000000000000e+03,3.542257094382347926e+00
7.954000000000000000e+03,4.032081926630987745e+00
7.955000000000000000e+03,3.832116670008595349e+00
7.956000000000000000e+03,3.715467683324766401e+00
7.957000000000000000e+03,3.779911995829716709e+00
7.958000000000000000e+03,3.898351320073388582e+00
7.959000000000000000e+03,3.580289680038072575e+00
7.960000000000000000e+03,3.740746987499774967e+00
7.961000000000000000e+03,3.868355648304629746e+00
7.962000000000000000e+03,3.943315303900571500e+00
7.963000000000000000e+03,3.694444225853908748e+00
7.964000000000000000e+03,3.827278204020897689e+00
7.965000000000000000e+03,3.597179957904899972e+00
7.966000000000000000e+03,3.847479044550578653e+00
7.967000000000000000e+03,3.766986410908579330e+00
7.968000000000000000e+03,3.838625656614606196e+00
7.969000000000000000e+03,3.555574194285259004e+00
7.970000000000000000e+03,4.216425395694720635e+00
7.971000000000000000e+03,3.778227945865844983e+00
7.972000000000000000e+03,3.698773545151399222e+00
7.973000000000000000e+03,3.793279700517581787e+00
7.974000000000000000e+03,3.621293471028160571e+00
7.975000000000000000e+03,3.767415981243443568e+00
7.976000000000000000e+03,3.916308340841516689e+00
7.977000000000000000e+03,3.472839855442952484e+00
7.978000000000000000e+03,3.357031918331276454e+00
7.979000000000000000e+03,3.573107259231823818e+00
7.980000000000000000e+03,3.532897994805082931e+00
7.981000000000000000e+03,3.674675763589793309e+00
7.982000000000000000e+03,3.861102323839894268e+00
7.983000000000000000e+03,3.791355638036648212e+00
7.984000000000000000e+03,3.608814093814809887e+00
7.985000000000000000e+03,3.816483627397950773e+00
7.986000000000000000e+03,3.770015208121018535e+00
7.987000000000000000e+03,3.994702022992661306e+00
7.988000000000000000e+03,3.862266319546765914e+00
7.989000000000000000e+03,3.473161956209887435e+00
7.990000000000000000e+03,3.836665843253154851e+00
7.991000000000000000e+03,3.731641513258042053e+00
7.992000000000000000e+03,3.649086762511707605e+00
7.993000000000000000e+03,3.708291041420080258e+00
7.994000000000000000e+03,3.404956597430568443e+00
7.995000000000000000e+03,3.295379232378003564e+00
7.996000000000000000e+03,3.786372149197757331e+00
7.997000000000000000e+03,3.269096368648157114e+00
7.998000000000000000e+03,3.579522769543422633e+00
7.999000000000000000e+03,3.975636962748346548e+00
8.000000000000000000e+03,3.774560429166156084e+00
8.001000000000000000e+03,3.984926033386202882e+00
8.002000000000000000e+03,3.693982946401423106e+00
8.003000000000000000e+03,3.482740257558227803e+00
8.004000000000000000e+03,3.806372862903394605e+00
8.005000000000000000e+03,3.626264040510810638e+00
8.006000000000000000e+03,3.726786792664678938e+00
8.007000000000000000e+03,3.647100270936038058e+00
8.008000000000000000e+03,3.915328955225914509e+00
8.009000000000000000e+03,3.312644896910694747e+00
8.010000000000000000e+03,3.866553149512395482e+00
8.011000000000000000e+03,3.268506885028194198e+00
8.012000000000000000e+03,3.587450538173375225e+00
8.013000000000000000e+03,3.898843807683204155e+00
8.014000000000000000e+03,3.610210935747419025e+00
8.015000000000000000e+03,3.688262693839792661e+00
8.016000000000000000e+03,3.935637329300405884e+00
8.017000000000000000e+03,3.919178843183395600e+00
8.018000000000000000e+03,3.768821970884748573e+00
8.019000000000000000e+03,3.912232028927318250e+00
8.020000000000000000e+03,3.489505750417001728e+00
8.021000000000000000e+03,4.014715103239788974e+00
8.022000000000000000e+03,3.566255592577457278e+00
8.023000000000000000e+03,3.839536944561398268e+00
8.024000000000000000e+03,3.981163637805662958e+00
8.025000000000000000e+03,3.607188567960761816e+00
8.026000000000000000e+03,3.723971380045521418e+00
8.027000000000000000e+03,3.722761605539327334e+00
8.028000000000000000e+03,3.966022934701155744e+00
8.029000000000000000e+03,3.712210404559574961e+00
8.030000000000000000e+03,3.821661459489086532e+00
8.031000000000000000e+03,3.922432107535406942e+00
8.032000000000000000e+03,3.600035525798492841e+00
8.033000000000000000e+03,3.944643031984366388e+00
8.034000000000000000e+03,3.750556157095015219e+00
8.035000000000000000e+03,3.849588795126746010e+00
8.036000000000000000e+03,4.020439789152502108e+00
8.037000000000000000e+03,3.559362290619721314e+00
8.038000000000000000e+03,3.812308403102337095e+00
8.039000000000000000e+03,4.155983104728074196e+00
8.040000000000000000e+03,3.790195156540942190e+00
8.041000000000000000e+03,3.745268999663127651e+00
8.042000000000000000e+03,3.759298791231366899e+00
8.043000000000000000e+03,3.711263265312489956e+00
8.044000000000000000e+03,3.378575957797116391e+00
8.045000000000000000e+03,4.078549521373085796e+00
8.046000000000000000e+03,3.685557116731690286e+00
8.047000000000000000e+03,3.861551136960293285e+00
8.048000000000000000e+03,3.797380796694391325e+00
8.049000000000000000e+03,3.707609780263706245e+00
8.050000000000000000e+03,4.062923024433608532e+00
8.051000000000000000e+03,4.023984047883336856e+00
8.052000000000000000e+03,3.775736287342958519e+00
8.053000000000000000e+03,3.605096315597015266e+00
8.054000000000000000e+03,3.461702536242471151e+00
8.055000000000000000e+03,3.864352480514673172e+00
8.056000000000000000e+03,3.640801214686638865e+00
8.057000000000000000e+03,4.028870745292731925e+00
8.058000000000000000e+03,3.893427123459990202e+00
8.059000000000000000e+03,3.711503136638996114e+00
8.060000000000000000e+03,3.750930827088617470e+00
8.061000000000000000e+03,3.804793514498914231e+00
8.062000000000000000e+03,3.875887987325917550e+00
8.063000000000000000e+03,3.380717412224911289e+00
8.064000000000000000e+03,3.645548125647374071e+00
8.065000000000000000e+03,3.887275675642191786e+00
8.066000000000000000e+03,3.759107537000895949e+00
8.067000000000000000e+03,3.913621487445564817e+00
8.068000000000000000e+03,3.810742237102541008e+00
8.069000000000000000e+03,3.753250276035195121e+00
8.070000000000000000e+03,3.857831955554409831e+00
8.071000000000000000e+03,3.809427329219723823e+00
8.072000000000000000e+03,3.817737748986190560e+00
8.073000000000000000e+03,3.794771260182949746e+00
8.074000000000000000e+03,3.635533810742475946e+00
8.075000000000000000e+03,3.765873380180904118e+00
8.076000000000000000e+03,3.598824337160798859e+00
8.077000000000000000e+03,3.680198327498450883e+00
8.078000000000000000e+03,3.901265400382801118e+00
8.079000000000000000e+03,3.692032740618193642e+00
8.080000000000000000e+03,3.767691838494981571e+00
8.081000000000000000e+03,3.499855700026353933e+00
8.082000000000000000e+03,3.572376304835630290e+00
8.083000000000000000e+03,4.111820405904333064e+00
8.084000000000000000e+03,3.941468313837125148e+00
8.085000000000000000e+03,3.581314038823239176e+00
8.086000000000000000e+03,4.023194981579468532e+00
8.087000000000000000e+03,3.770416559333187312e+00
8.088000000000000000e+03,3.880094287871334480e+00
8.089000000000000000e+03,3.886825054954760272e+00
8.090000000000000000e+03,3.562298656487604909e+00
8.091000000000000000e+03,3.932446626774116716e+00
8.092000000000000000e+03,3.804843873435490131e+00
8.093000000000000000e+03,3.703538319942174972e+00
8.094000000000000000e+03,3.994854562107815976e+00
8.095000000000000000e+03,3.571387216994510450e+00
8.096000000000000000e+03,3.872384774783196981e+00
8.097000000000000000e+03,3.680728796068350128e+00
8.098000000000000000e+03,3.378830461316634004e+00
8.099000000000000000e+03,3.629604712758467411e+00
8.100000000000000000e+03,3.640827392294492704e+00
8.101000000000000000e+03,3.656641156334247800e+00
8.102000000000000000e+03,3.898204862239000423e+00
8.103000000000000000e+03,3.915251391111069346e+00
8.104000000000000000e+03,3.438721205095792488e+00
8.105000000000000000e+03,3.778715976780785635e+00
8.106000000000000000e+03,3.690838551422327196e+00
8.107000000000000000e+03,4.026329958282004462e+00
8.108000000000000000e+03,3.833884887576778588e+00
8.109000000000000000e+03,3.553021126989605261e+00
8.110000000000000000e+03,3.825525067096648524e+00
8.111000000000000000e+03,3.836173888658273246e+00
8.112000000000000000e+03,3.846016310438247654e+00
8.113000000000000000e+03,3.540528240224363632e+00
8.114000000000000000e+03,3.729319058012673604e+00
8.115000000000000000e+03,3.652510560651812455e+00
8.116000000000000000e+03,3.451821321729245273e+00
8.117000000000000000e+03,3.836816740365605494e+00
8.118000000000000000e+03,3.860305399704793139e+00
8.119000000000000000e+03,3.523624079091141503e+00
8.120000000000000000e+03,3.810696474403898915e+00
8.121000000000000000e+03,3.454793919141849745e+00
8.122000000000000000e+03,3.513791274757994909e+00
8.123000000000000000e+03,3.460106754899392456e+00
8.124000000000000000e+03,3.673178179036637125e+00
8.125000000000000000e+03,3.605025493773463818e+00
8.126000000000000000e+03,3.580524104590180556e+00
8.127000000000000000e+03,3.593568448732847198e+00
8.128000000000000000e+03,3.849271467459611351e+00
8.129000000000000000e+03,3.762669009909264783e+00
8.130000000000000000e+03,3.461435254803876926e+00
8.131000000000000000e+03,3.833973799698370932e+00
8.132000000000000000e+03,3.872538306155574261e+00
8.133000000000000000e+03,3.953698720715823622e+00
8.134000000000000000e+03,3.779666449473126022e+00
8.135000000000000000e+03,3.872397581776689801e+00
8.136000000000000000e+03,3.802408445007455118e+00
8.137000000000000000e+03,3.832907351763102266e+00
8.138000000000000000e+03,4.104484662619984014e+00
8.139000000000000000e+03,3.495093113983894995e+00
8.140000000000000000e+03,3.467116437361982939e+00
8.141000000000000000e+03,3.415658376824368681e+00
8.142000000000000000e+03,3.845262622235777972e+00
8.143000000000000000e+03,3.696136651665294703e+00
8.144000000000000000e+03,3.667159661049623320e+00
8.145000000000000000e+03,3.558416880629252432e+00
8.146000000000000000e+03,3.985592620098675987e+00
8.147000000000000000e+03,3.838814567174458681e+00
8.148000000000000000e+03,3.666935463382392069e+00
8.149000000000000000e+03,3.843084127010012452e+00
8.150000000000000000e+03,3.881284564732491393e+00
8.151000000000000000e+03,3.573449120255558942e+00
8.152000000000000000e+03,3.814524950496576583e+00
8.153000000000000000e+03,3.981003368585739555e+00
8.154000000000000000e+03,3.807095992469590851e+00
8.155000000000000000e+03,3.749898239173579118e+00
8.156000000000000000e+03,3.796793216384804825e+00
8.157000000000000000e+03,3.865468087278436826e+00
8.158000000000000000e+03,3.791464708074239631e+00
8.159000000000000000e+03,4.031720965388881694e+00
8.160000000000000000e+03,3.825390982313296995e+00
8.161000000000000000e+03,3.877405238982893909e+00
8.162000000000000000e+03,3.760121653312254342e+00
8.163000000000000000e+03,3.522636433169815895e+00
8.164000000000000000e+03,3.888927794882335309e+00
8.165000000000000000e+03,3.568372752083097676e+00
8.166000000000000000e+03,3.707927331518173553e+00
8.167000000000000000e+03,3.653282782351695790e+00
8.168000000000000000e+03,3.690297441321606975e+00
8.169000000000000000e+03,3.949487947441587821e+00
8.170000000000000000e+03,3.836464072129265546e+00
8.171000000000000000e+03,3.636794195412372144e+00
8.172000000000000000e+03,3.914803692010957459e+00
8.173000000000000000e+03,3.978537210312084849e+00
8.174000000000000000e+03,3.664921576075870657e+00
8.175000000000000000e+03,4.151948780442904052e+00
8.176000000000000000e+03,3.461555235124400554e+00
8.177000000000000000e+03,3.473971143703399544e+00
8.178000000000000000e+03,3.455204021949644932e+00
8.179000000000000000e+03,3.789621548790360173e+00
8.180000000000000000e+03,3.902976044147774104e+00
8.181000000000000000e+03,3.628054101993919200e+00
8.182000000000000000e+03,3.834316214431000347e+00
8.183000000000000000e+03,3.502405150096172815e+00
8.184000000000000000e+03,3.706018922595523790e+00
8.185000000000000000e+03,3.700950154530944225e+00
8.186000000000000000e+03,4.046504444005619483e+00
8.187000000000000000e+03,4.091560661561668866e+00
8.188000000000000000e+03,3.772941750474584133e+00
8.189000000000000000e+03,3.757636004917373374e+00
8.190000000000000000e+03,3.565060383883747797e+00
8.191000000000000000e+03,3.853127689409442613e+00
8.192000000000000000e+03,5.513115471088495312e+00
8.193000000000000000e+03,5.367331346631294409e+00
8.194000000000000000e+03,4.440677335693455241e+00
8.195000000000000000e+03,4.606274119752352014e+00
8.196000000000000000e+03,4.170299970239523368e+00
8.197000000000000000e+03,4.581933593052271547e+00
8.198000000000000000e+03,4.090066091239941137e+00
8.199000000000000000e+03,4.111900755021049569e+00
8.200000000000000000e+03,4.455375293266699899e+00
8.201000000000000000e+03,4.160126206339871402e+00
8.202000000000000000e+03,4.212434922048028163e+00
8.203000000000000000e+03,4.420432831938989615e+00
8.204000000000000000e+03,4.352277177208882186e+00
8.205000000000000000e+03,4.077599370326908002e+00
8.206000000000000000e+03,4.172269149849069159e+00
8.207000000000000000e+03,4.052591309030769473e+00
8.208000000000000000e+03,4.031733855499015640e+00
8.209000000000000000e+03,4.169335833114770296e+00
8.210000000000000000e+03,3.923473102805303814e+00
8.211000000000000000e+03,3.758386430477286488e+00
8.212000000000000000e+03,4.003847063153783914e+00
8.213000000000000000e+03,3.969114906882073246e+00
8.214000000000000000e+03,3.752445843142980131e+00
8.215000000000000000e+03,3.974595504736749163e+00
8.216000000000000000e+03,4.041399152277678652e+00
8.217000000000000000e+03,3.947271344100781842e+00
8.218000000000000000e+03,4.084581033834833619e+00
8.219000000000000000e+03,3.990117730046756073e+00
8.220000000000000000e+03,3.893033196436638033e+00
8.221000000000000000e+03,4.052243976979554851e+00
8.222000000000000000e+03,3.988538105049006965e+00
8.223000000000000000e+03,3.758549877207244982e+00
8.224000000000000000e+03,4.050147224864044659e+00
8.225000000000000000e+03,3.944531112091976599e+00
8.226000000000000000e+03,4.049026858241662197e+00
8.227000000000000000e+03,4.095806464673016123e+00
8.228000000000000000e+03,3.782495084304060118e+00
8.229000000000000000e+03,3.971089330869063794e+00
8.230000000000000000e+03,4.093390456845774850e+00
8.231000000000000000e+03,3.945225339710753953e+00
8.232000000000000000e+03,4.032023017009367827e+00
8.233000000000000000e+03,3.570993503320320173e+00
8.234000000000000000e+03,4.054995605828561445e+00
8.235000000000000000e+03,3.975875875368221735e+00
8.236000000000000000e+03,4.073947038885481042e+00
8.237000000000000000e+03,3.925640261142999243e+00
8.238000000000000000e+03,4.194385325646356577e+00
8.239000000000000000e+03,4.057115813080516276e+00
8.240000000000000000e+03,4.130666168998248011e+00
8.241000000000000000e+03,3.792253422593749423e+00
8.242000000000000000e+03,4.172695870419842912e+00
8.243000000000000000e+03,3.678700537110835445e+00
8.244000000000000000e+03,3.959504099789869613e+00
8.245000000000000000e+03,3.717687378653010910e+00
8.246000000000000000e+03,3.786188897874194659e+00
8.247000000000000000e+03,3.880586374685889517e+00
8.248000000000000000e+03,3.795308076508808970e+00
8.249000000000000000e+03,3.602773216052255645e+00
8.250000000000000000e+03,3.766532410982019297e+00
8.251000000000000000e+03,4.150005016261275159e+00
8.252000000000000000e+03,3.680246112792586732e+00
8.253000000000000000e+03,4.026338888949658745e+00
8.254000000000000000e+03,3.945837049980191580e+00
8.255000000000000000e+03,3.818926846965780886e+00
8.256000000000000000e+03,3.826491430564831209e+00
8.257000000000000000e+03,3.791867524936182399e+00
8.258000000000000000e+03,3.884719023400498905e+00
8.259000000000000000e+03,3.778475208788490747e+00
8.260000000000000000e+03,3.924351843780012228e+00
8.261000000000000000e+03,3.883413459604809326e+00
8.262000000000000000e+03,3.551438041651176825e+00
8.263000000000000000e+03,3.613020456347353804e+00
8.264000000000000000e+03,3.829990268415582211e+00
8.265000000000000000e+03,3.967131022876176250e+00
8.266000000000000000e+03,3.697383683315310421e+00
8.267000000000000000e+03,4.069128862966031157e+00
8.268000000000000000e+03,4.010528910821914650e+00
8.269000000000000000e+03,3.874128898182297220e+00
8.270000000000000000e+03,4.113273296116008559e+00
8.271000000000000000e+03,3.905871444186861385e+00
8.272000000000000000e+03,3.933525864039766784e+00
8.273000000000000000e+03,3.686259533398536181e+00
8.274000000000000000e+03,4.172870689463972660e+00
8.275000000000000000e+03,3.983743741055973064e+00
8.276000000000000000e+03,3.778423278668507024e+00
8.277000000000000000e+03,3.647036447150815874e+00
8.278000000000000000e+03,4.286315980698287120e+00
8.279000000000000000e+03,3.573652118062180527e+00
8.280000000000000000e+03,4.012071235172954609e+00
8.281000000000000000e+03,3.674950811243472781e+00
8.282000000000000000e+03,3.375440567734740771e+00
8.283000000000000000e+03,3.831492161041736288e+00
8.284000000000000000e+03,3.891279102029129966e+00
8.285000000000000000e+03,3.739142213446411400e+00
8.286000000000000000e+03,3.874367843747731133e+00
8.287000000000000000e+03,3.905843504568623725e+00
8.288000000000000000e+03,3.643163277422933000e+00
8.289000000000000000e+03,3.352914454610245176e+00
8.290000000000000000e+03,3.642545317034032060e+00
8.291000000000000000e+03,3.752405615083274082e+00
8.292000000000000000e+03,4.016974708751352097e+00
8.293000000000000000e+03,3.755193155906645153e+00
8.294000000000000000e+03,3.740174894632039670e+00
8.295000000000000000e+03,3.853313895957553914e+00
8.296000000000000000e+03,3.778437982859907063e+00
8.297000000000000000e+03,4.048986837972343267e+00
8.298000000000000000e+03,3.594907960112090350e+00
8.299000000000000000e+03,4.052840386360411884e+00
8.300000000000000000e+03,3.886981075989379253e+00
8.301000000000000000e+03,3.715453111393763219e+00
8.302000000000000000e+03,3.799164859260256932e+00
8.303000000000000000e+03,3.777616966804336673e+00
8.304000000000000000e+03,3.881894424508543384e+00
8.305000000000000000e+03,3.871124327426329614e+00
8.306000000000000000e+03,3.592831329801587259e+00
8.307000000000000000e+03,4.027999740843739573e+00
8.308000000000000000e+03,3.773622567170789921e+00
8.309000000000000000e+03,3.756519636435130760e+00
8.310000000000000000e+03,4.001088341752947919e+00
8.311000000000000000e+03,3.745502070100940273e+00
8.312000000000000000e+03,3.778055717997893748e+00
8.313000000000000000e+03,3.711645132485971832e+00
8.314000000000000000e+03,3.938124991881794212e+00
8.315000000000000000e+03,3.590629126931741411e+00
8.316000000000000000e+03,3.747510573928307220e+00
8.317000000000000000e+03,3.918992168356540073e+00
8.318000000000000000e+03,3.887310493103395270e+00
8.319000000000000000e+03,3.958403426632297606e+00
8.320000000000000000e+03,3.595750855239068677e+00
8.321000000000000000e+03,3.994478097252461168e+00
8.322000000000000000e+03,3.935425279805528476e+00
8.323000000000000000e+03,3.881757204403211592e+00
8.324000000000000000e+03,3.594690024257072292e+00
8.325000000000000000e+03,3.830620631066601334e+00
8.326000000000000000e+03,3.671380797830578580e+00
8.327000000000000000e+03,3.997290895657045429e+00
8.328000000000000000e+03,4.119722997702166545e+00
8.329000000000000000e+03,3.572881944570642787e+00
8.330000000000000000e+03,3.878438462698226008e+00
8.331000000000000000e+03,3.830907567838758077e+00
8.332000000000000000e+03,4.056306236816656252e+00
8.333000000000000000e+03,3.850656896322948164e+00
8.334000000000000000e+03,3.471259314595137369e+00
8.335000000000000000e+03,3.533635745727104815e+00
8.336000000000000000e+03,3.943210633913938779e+00
8.337000000000000000e+03,3.788105201605634687e+00
8.338000000000000000e+03,4.005366071365624947e+00
8.339000000000000000e+03,3.705073731367836132e+00
8.340000000000000000e+03,3.739390467231344939e+00
8.341000000000000000e+03,3.689885460654215077e+00
8.342000000000000000e+03,3.852651024290592474e+00
8.343000000000000000e+03,3.658864522176044520e+00
8.344000000000000000e+03,3.772448210178332317e+00
8.345000000000000000e+03,3.638023532927513237e+00
8.346000000000000000e+03,3.983434586304292147e+00
8.347000000000000000e+03,3.574891207355170408e+00
8.348000000000000000e+03,3.570197019597833421e+00
8.349000000000000000e+03,4.023126317652230277e+00
8.350000000000000000e+03,3.724080548230434662e+00
8.351000000000000000e+03,3.694557154872805338e+00
8.352000000000000000e+03,3.928472946475887628e+00
8.353000000000000000e+03,3.654740595526781100e+00
8.354000000000000000e+03,3.928365832726069318e+00
8.355000000000000000e+03,3.621278078169398729e+00
8.356000000000000000e+03,3.981097756804802934e+00
8.357000000000000000e+03,3.792055143819641927e+00
8.358000000000000000e+03,3.975939780881088126e+00
8.359000000000000000e+03,3.757660264174177644e+00
8.360000000000000000e+03,4.371527408299582085e+00
8.361000000000000000e+03,3.838050100767983253e+00
8.362000000000000000e+03,3.998189838345355351e+00
8.363000000000000000e+03,3.772133216206423167e+00
8.364000000000000000e+03,3.834873706870261856e+00
8.365000000000000000e+03,3.648390948641773157e+00
8.366000000000000000e+03,3.838058054171832545e+00
8.367000000000000000e+03,3.672086453238551318e+00
8.368000000000000000e+03,3.807306769236907584e+00
8.369000000000000000e+03,3.848278685970054624e+00
8.370000000000000000e+03,3.832197484981257674e+00
8.371000000000000000e+03,3.745553603514927055e+00
8.372000000000000000e+03,3.926180672821243167e+00
8.373000000000000000e+03,3.725813535161522250e+00
8.374000000000000000e+03,3.692447327748494601e+00
8.375000000000000000e+03,4.181660136765252389e+00
8.376000000000000000e+03,3.722880520671558280e+00
8.377000000000000000e+03,3.665681809956206738e+00
8.378000000000000000e+03,4.112249429514934995e+00
8.379000000000000000e+03,3.767778564376893957e+00
8.380000000000000000e+03,4.021723652637420265e+00
8.381000000000000000e+03,3.964604597782275253e+00
8.382000000000000000e+03,3.719732643365592839e+00
8.383000000000000000e+03,3.864223654351228721e+00
8.384000000000000000e+03,3.919205924789013196e+00
8.385000000000000000e+03,3.686324739288734165e+00
8.386000000000000000e+03,3.727176255266448468e+00
8.387000000000000000e+03,3.605873616316379593e+00
8.388000000000000000e+03,4.069330655689435972e+00
8.389000000000000000e+03,3.631572341732731690e+00
8.390000000000000000e+03,3.521866406496883428e+00
8.391000000000000000e+03,4.142267221393998611e+00
8.392000000000000000e+03,4.043712478045998537e+00
8.393000000000000000e+03,3.627927019625343252e+00
8.394000000000000000e+03,3.591482556693744499e+00
8.395000000000000000e+03,3.890018417573410936e+00
8.396000000000000000e+03,3.973576254728173662e+00
8.397000000000000000e+03,3.575049402009024213e+00
8.398000000000000000e+03,3.736073626159069239e+00
8.399000000000000000e+03,3.425921839507120925e+00
8.400000000000000000e+03,3.848868555919320755e+00
8.401000000000000000e+03,3.880859514999700277e+00
8.402000000000000000e+03,3.785834059478442093e+00
8.403000000000000000e+03,4.147586089531414721e+00
8.404000000000000000e+03,3.657478865528799972e+00
8.405000000000000000e+03,3.735397811394378653e+00
8.406000000000000000e+03,3.620526527799755367e+00
8.407000000000000000e+03,3.939373312313546371e+00
8.408000000000000000e+03,3.497252159994515441e+00
8.409000000000000000e+03,3.779486938436936061e+00
8.410000000000000000e+03,3.771276219569872357e+00
8.411000000000000000e+03,3.992291390953138563e+00
8.412000000000000000e+03,3.461008523667197689e+00
8.413000000000000000e+03,3.484875075164405978e+00
8.414000000000000000e+03,4.190852982099118051e+00
8.415000000000000000e+03,3.689512802167131511e+00
8.416000000000000000e+03,3.643366507500650275e+00
8.417000000000000000e+03,3.928903434391598282e+00
8.418000000000000000e+03,3.855620233006832542e+00
8.419000000000000000e+03,3.788772809774512140e+00
8.420000000000000000e+03,3.670439124169087020e+00
8.421000000000000000e+03,3.819272735543617348e+00
8.422000000000000000e+03,3.866310604802451145e+00
8.423000000000000000e+03,3.696389141476995377e+00
8.424000000000000000e+03,3.659467179122090741e+00
8.425000000000000000e+03,3.787935602199643981e+00
8.426000000000000000e+03,3.846949582651610022e+00
8.427000000000000000e+03,3.895465990389028299e+00
8.428000000000000000e+03,3.727798494565160770e+00
8.429000000000000000e+03,3.680261930904016321e+00
8.430000000000000000e+03,3.403103096121485205e+00
8.431000000000000000e+03,3.750401408872571896e+00
8.432000000000000000e+03,3.891711916688342043e+00
8.433000000000000000e+03,4.001922666806591700e+00
8.434000000000000000e+03,3.564204027753464121e+00
8.435000000000000000e+03,3.795471398518491579e+00
8.436000000000000000e+03,3.547378040096349494e+00
8.437000000000000000e+03,3.906368860003484045e+00
8.438000000000000000e+03,3.804090382358132238e+00
8.439000000000000000e+03,3.766627690654666960e+00
8.440000000000000000e+03,3.540401583904262850e+00
8.441000000000000000e+03,3.537917773342466266e+00
8.442000000000000000e+03,3.661834406087553617e+00
8.443000000000000000e+03,4.046883008952899097e+00
8.444000000000000000e+03,4.030142826390880728e+00
8.445000000000000000e+03,3.837347023628177922e+00
8.446000000000000000e+03,3.785370468099081176e+00
8.447000000000000000e+03,3.866373981526286308e+00
8.448000000000000000e+03,3.704499608776052888e+00
8.449000000000000000e+03,3.840967764293194975e+00
8.450000000000000000e+03,3.478210185597625514e+00
8.451000000000000000e+03,3.769034460784931539e+00
8.452000000000000000e+03,3.852385573780133132e+00
8.453000000000000000e+03,3.700558750893535365e+00
8.454000000000000000e+03,3.739903460417097758e+00
8.455000000000000000e+03,3.915864919323337467e+00
8.456000000000000000e+03,3.860345409484878143e+00
8.457000000000000000e+03,3.976874522200869677e+00
8.458000000000000000e+03,3.970311599453056228e+00
8.459000000000000000e+03,3.678202512922322587e+00
8.460000000000000000e+03,3.930650399924346061e+00
8.461000000000000000e+03,3.747812228365090537e+00
8.462000000000000000e+03,3.804046352126253527e+00
8.463000000000000000e+03,3.715323223519584328e+00
8.464000000000000000e+03,3.491123218587451671e+00
8.465000000000000000e+03,3.854679273094758329e+00
8.466000000000000000e+03,3.879103142526898917e+00
8.467000000000000000e+03,3.404672485231169166e+00
8.468000000000000000e+03,3.863323196872268550e+00
8.469000000000000000e+03,3.967747480702850993e+00
8.470000000000000000e+03,3.835655362430096638e+00
8.471000000000000000e+03,3.355405409639122816e+00
8.472000000000000000e+03,3.766940245352691008e+00
8.473000000000000000e+03,3.906257841570115019e+00
8.474000000000000000e+03,3.846769447759774696e+00
8.475000000000000000e+03,3.982257378367768386e+00
8.476000000000000000e+03,3.939700220437547529e+00
8.477000000000000000e+03,3.530303844828503124e+00
8.478000000000000000e+03,3.674463136905191440e+00
8.479000000000000000e+03,3.910867751786042845e+00
8.480000000000000000e+03,3.689266539912108289e+00
8.481000000000000000e+03,3.891200423605121639e+00
8.482000000000000000e+03,3.733508513185504363e+00
8.483000000000000000e+03,3.672199793971690163e+00
8.484000000000000000e+03,3.797162736127855265e+00
8.485000000000000000e+03,3.699670766270212408e+00
8.486000000000000000e+03,3.908080915092616348e+00
8.487000000000000000e+03,3.875271446176327128e+00
8.488000000000000000e+03,3.663109182986459711e+00
8.489000000000000000e+03,3.779604423123919865e+00
8.490000000000000000e+03,3.591061129460285883e+00
8.491000000000000000e+03,3.826699386357609534e+00
8.492000000000000000e+03,3.842583321468316715e+00
8.493000000000000000e+03,3.804533704890980417e+00
8.494000000000000000e+03,3.497038688127112049e+00
8.495000000000000000e+03,3.711335732021993294e+00
8.496000000000000000e+03,3.868149326776763264e+00
8.497000000000000000e+03,3.366883739488131244e+00
8.498000000000000000e+03,3.679058170742165679e+00
8.499000000000000000e+03,3.827284619233030316e+00
8.500000000000000000e+03,3.650112431500067256e+00
8.501000000000000000e+03,3.886888779049403553e+00
8.502000000000000000e+03,3.917873386722774409e+00
8.503000000000000000e+03,3.919173486775897164e+00
8.504000000000000000e+03,3.675906854876238583e+00
8.505000000000000000e+03,3.395191827700104970e+00
8.506000000000000000e+03,3.480975046987256682e+00
8.507000000000000000e+03,3.592265952604865475e+00
8.508000000000000000e+03,3.567775374850077785e+00
8.509000000000000000e+03,3.789730640188537780e+00
8.510000000000000000e+03,3.597838975370768022e+00
8.511000000000000000e+03,3.847424364420245713e+00
8.512000000000000000e+03,3.683029820215024674e+00
8.513000000000000000e+03,3.851637282291714648e+00
8.514000000000000000e+03,3.909852009073002677e+00
8.515000000000000000e+03,3.604102855123632931e+00
8.516000000000000000e+03,3.911627055026271726e+00
8.517000000000000000e+03,3.639607385162705100e+00
8.518000000000000000e+03,3.914526082709228749e+00
8.519000000000000000e+03,3.484549365708713875e+00
8.520000000000000000e+03,3.611367503410435553e+00
8.521000000000000000e+03,3.610237646806035539e+00
8.522000000000000000e+03,3.901333052602057982e+00
8.523000000000000000e+03,3.615271733781591834e+00
8.524000000000000000e+03,3.684588884614211413e+00
8.525000000000000000e+03,3.714068247792600364e+00
8.526000000000000000e+03,3.603112986050562849e+00
8.527000000000000000e+03,3.744550076020918716e+00
8.528000000000000000e+03,3.841280518101222174e+00
8.529000000000000000e+03,3.980422103750368201e+00
8.530000000000000000e+03,3.424791688792174771e+00
8.531000000000000000e+03,3.561602726170122857e+00
8.532000000000000000e+03,3.668476698805064551e+00
8.533000000000000000e+03,3.776502214036238314e+00
8.534000000000000000e+03,3.226935703826162349e+00
8.535000000000000000e+03,3.683341756037139092e+00
8.536000000000000000e+03,3.698017128196950054e+00
8.537000000000000000e+03,3.603546552480272336e+00
8.538000000000000000e+03,3.633046691859671551e+00
8.539000000000000000e+03,3.578012569854516212e+00
8.540000000000000000e+03,3.630419454978290883e+00
8.541000000000000000e+03,3.957606989902228811e+00
8.542000000000000000e+03,3.995005310736015502e+00
8.543000000000000000e+03,3.597881732336469796e+00
8.544000000000000000e+03,3.681369259167813102e+00
8.545000000000000000e+03,3.984105133521904207e+00
8.546000000000000000e+03,3.724798752151451176e+00
8.547000000000000000e+03,3.749500211582091680e+00
8.548000000000000000e+03,4.179317252750681888e+00
8.549000000000000000e+03,3.486719145286551580e+00
8.550000000000000000e+03,3.735342850038718687e+00
8.551000000000000000e+03,4.069521897902372842e+00
8.552000000000000000e+03,3.645221620503512394e+00
8.553000000000000000e+03,3.833032926632463866e+00
8.554000000000000000e+03,3.604237224653026317e+00
8.555000000000000000e+03,3.779669571978497622e+00
8.556000000000000000e+03,3.661099544629768499e+00
8.557000000000000000e+03,3.772877589375865703e+00
8.558000000000000000e+03,3.593595587135752556e+00
8.559000000000000000e+03,3.780532914203786898e+00
8.560000000000000000e+03,3.675626036618624859e+00
8.561000000000000000e+03,3.595937179385390703e+00
8.562000000000000000e+03,3.783085155599406058e+00
8.563000000000000000e+03,3.612603384539779139e+00
8.564000000000000000e+03,4.009982089984712950e+00
8.565000000000000000e+03,3.801434298451049187e+00
8.566000000000000000e+03,3.724872111356969828e+00
8.567000000000000000e+03,3.746627256713935594e+00
8.568000000000000000e+03,3.587228611113931098e+00
8.569000000000000000e+03,3.368890327235138038e+00
8.570000000000000000e+03,3.565108465821411610e+00
8.571000000000000000e+03,3.589819006600272200e+00
8.572000000000000000e+03,3.547225418840890487e+00
8.573000000000000000e+03,3.887606414114544773e+00
8.574000000000000000e+03,3.635538898863005297e+00
8.575000000000000000e+03,3.836242201420803966e+00
8.576000000000000000e+03,3.692741993208285667e+00
8.577000000000000000e+03,3.839993050602341196e+00
8.578000000000000000e+03,3.568831927025715611e+00
8.579000000000000000e+03,3.589196648033689652e+00
8.580000000000000000e+03,3.925613772264558321e+00
8.581000000000000000e+03,3.900917221813727132e+00
8.582000000000000000e+03,3.712394667810699822e+00
8.583000000000000000e+03,3.484924020048962401e+00
8.584000000000000000e+03,3.718032655838972467e+00
8.585000000000000000e+03,4.271297200989480736e+00
8.586000000000000000e+03,3.677458185682141778e+00
8.587000000000000000e+03,3.370662420877750698e+00
8.588000000000000000e+03,3.923574918781295384e+00
8.589000000000000000e+03,3.742389123807609685e+00
8.590000000000000000e+03,3.956818177355701405e+00
8.591000000000000000e+03,3.834166223824512887e+00
8.592000000000000000e+03,3.823996231744645868e+00
8.593000000000000000e+03,3.578923440647001630e+00
8.594000000000000000e+03,3.975307320893589846e+00
8.595000000000000000e+03,3.597331994631113972e+00
8.596000000000000000e+03,4.012146969859815115e+00
8.597000000000000000e+03,3.604153000985604649e+00
8.598000000000000000e+03,3.931083993296634382e+00
8.599000000000000000e+03,3.624035751970042352e+00
8.600000000000000000e+03,3.814781612829276192e+00
8.601000000000000000e+03,3.532664318257510150e+00
8.602000000000000000e+03,3.833399266001353833e+00
8.603000000000000000e+03,3.877492878104993768e+00
8.604000000000000000e+03,4.014565873345657288e+00
8.605000000000000000e+03,3.732847656207945342e+00
8.606000000000000000e+03,3.635069520557184575e+00
8.607000000000000000e+03,3.753691227588396906e+00
8.608000000000000000e+03,3.717382756086053508e+00
8.609000000000000000e+03,4.096791651843260773e+00
8.610000000000000000e+03,4.206118537253018985e+00
8.611000000000000000e+03,3.528512697604990311e+00
8.612000000000000000e+03,3.736746335501823779e+00
8.613000000000000000e+03,3.482722881206690158e+00
8.614000000000000000e+03,3.549195492854301470e+00
8.615000000000000000e+03,3.965664054501462754e+00
8.616000000000000000e+03,3.700736858047423361e+00
8.617000000000000000e+03,3.669196517781254663e+00
8.618000000000000000e+03,3.840486657348785471e+00
8.619000000000000000e+03,4.004490009941767958e+00
8.620000000000000000e+03,3.875709256760265120e+00
8.621000000000000000e+03,3.561052971561014857e+00
8.622000000000000000e+03,3.466076739365861137e+00
8.623000000000000000e+03,3.552482077595634724e+00
8.624000000000000000e+03,3.790328298812981611e+00
8.625000000000000000e+03,3.831691555659161974e+00
8.626000000000000000e+03,3.877978780893757804e+00
8.627000000000000000e+03,4.137950604834795598e+00
8.628000000000000000e+03,3.358795210660376007e+00
8.629000000000000000e+03,4.092176076598044610e+00
8.630000000000000000e+03,4.006291765440815666e+00
8.631000000000000000e+03,3.559243201131569556e+00
8.632000000000000000e+03,3.801094827366566786e+00
8.633000000000000000e+03,3.794553123325940636e+00
8.634000000000000000e+03,3.709624658862300084e+00
8.635000000000000000e+03,3.327921386001576831e+00
8.636000000000000000e+03,3.727143951272924305e+00
8.637000000000000000e+03,3.739303369634270791e+00
8.638000000000000000e+03,3.763137748284307360e+00
8.639000000000000000e+03,3.696950476199493796e+00
8.640000000000000000e+03,3.621592490958359001e+00
8.641000000000000000e+03,3.779460091520407072e+00
8.642000000000000000e+03,3.681379739095392178e+00
8.643000000000000000e+03,3.542734887111277597e+00
8.644000000000000000e+03,3.777021800921343431e+00
8.645000000000000000e+03,3.718426368190839604e+00
8.646000000000000000e+03,3.528922763565553122e+00
8.647000000000000000e+03,4.035512581319862235e+00
8.648000000000000000e+03,3.723301637166335443e+00
8.649000000000000000e+03,3.752641117041949581e+00
8.650000000000000000e+03,3.682137002121632197e+00
8.651000000000000000e+03,3.731959570048528629e+00
8.652000000000000000e+03,3.740053247279716775e+00
8.653000000000000000e+03,3.802284088716695543e+00
8.654000000000000000e+03,3.782928062045086026e+00
8.655000000000000000e+03,3.997362744181179650e+00
8.656000000000000000e+03,3.686363176875184777e+00
8.657000000000000000e+03,3.722669435729767606e+00
8.658000000000000000e+03,3.473446764931362729e+00
8.659000000000000000e+03,3.609685960090195600e+00
8.660000000000000000e+03,3.679314922816728117e+00
8.661000000000000000e+03,3.938712237052679921e+00
8.662000000000000000e+03,3.932710703382678474e+00
8.663000000000000000e+03,3.752531429521809070e+00
8.664000000000000000e+03,3.908198524216539571e+00
8.665000000000000000e+03,3.906519046110451310e+00
8.666000000000000000e+03,3.905278052030111802e+00
8.667000000000000000e+03,3.545119484876731342e+00
8.668000000000000000e+03,3.622362957009529705e+00
8.669000000000000000e+03,3.807955221799569578e+00
8.670000000000000000e+03,3.340760946949871357e+00
8.671000000000000000e+03,3.879356478741029957e+00
8.672000000000000000e+03,3.707727975643143825e+00
8.673000000000000000e+03,3.586901565184163143e+00
8.674000000000000000e+03,3.565601422641446305e+00
8.675000000000000000e+03,3.782146336217985905e+00
8.676000000000000000e+03,3.637638222382935549e+00
8.677000000000000000e+03,3.401208580883603005e+00
8.678000000000000000e+03,3.673560128312583828e+00
8.679000000000000000e+03,3.892847264058417078e+00
8.680000000000000000e+03,3.734864464237416026e+00
8.681000000000000000e+03,3.650627664975489406e+00
8.682000000000000000e+03,3.675175406939303890e+00
8.683000000000000000e+03,3.949030628164843293e+00
8.684000000000000000e+03,3.683506041147352139e+00
8.685000000000000000e+03,3.702479755963073327e+00
8.686000000000000000e+03,3.654712831923891070e+00
8.687000000000000000e+03,3.544618384906896846e+00
8.688000000000000000e+03,3.843271452568397972e+00
8.689000000000000000e+03,3.541619650088673854e+00
8.690000000000000000e+03,3.941905955030214237e+00
8.691000000000000000e+03,3.703840432746401845e+00
8.692000000000000000e+03,3.992277059028810360e+00
8.693000000000000000e+03,4.089125363645139011e+00
8.694000000000000000e+03,3.576746661533848570e+00
8.695000000000000000e+03,3.714768757791692799e+00
8.696000000000000000e+03,3.311473714773907506e+00
8.697000000000000000e+03,3.919787067175582340e+00
8.698000000000000000e+03,3.619952984364914084e+00
8.699000000000000000e+03,3.493949623892908196e+00
8.700000000000000000e+03,3.820797289251617102e+00
8.701000000000000000e+03,3.748988238179752575e+00
8.702000000000000000e+03,3.575202378745121035e+00
8.703000000000000000e+03,3.764423657611445595e+00
8.704000000000000000e+03,3.598811855312645580e+00
8.705000000000000000e+03,3.605738017168723886e+00
8.706000000000000000e+03,3.705305167952753997e+00
8.707000000000000000e+03,3.625904738657356852e+00
8.708000000000000000e+03,3.690703524317938022e+00
8.709000000000000000e+03,3.751987606334056924e+00
8.710000000000000000e+03,3.973656744500255300e+00
8.711000000000000000e+03,3.568207942366193208e+00
8.712000000000000000e+03,3.854693558986012292e+00
8.713000000000000000e+03,3.996239569449333562e+00
8.714000000000000000e+03,3.375629103912743734e+00
8.715000000000000000e+03,3.932828896152544829e+00
8.716000000000000000e+03,3.689506460924375730e+00
8.717000000000000000e+03,3.633325674592480237e+00
8.718000000000000000e+03,3.758474176391657817e+00
8.719000000000000000e+03,3.701760162154942968e+00
8.720000000000000000e+03,3.355409510633667214e+00
8.721000000000000000e+03,4.074752522172099489e+00
8.722000000000000000e+03,3.336254731947212449e+00
8.723000000000000000e+03,3.829104876089461484e+00
8.724000000000000000e+03,4.037912154227226047e+00
8.725000000000000000e+03,3.512105305650210063e+00
8.726000000000000000e+03,3.712205444247342445e+00
8.727000000000000000e+03,3.497892142279706018e+00
8.728000000000000000e+03,4.068814732531982337e+00
8.729000000000000000e+03,3.563231726626386653e+00
8.730000000000000000e+03,3.601769588089339891e+00
8.731000000000000000e+03,3.729531248011424882e+00
8.732000000000000000e+03,3.460187799404711217e+00
8.733000000000000000e+03,3.626911538865533746e+00
8.734000000000000000e+03,3.729842941758772401e+00
8.735000000000000000e+03,3.596524120862112817e+00
8.736000000000000000e+03,3.885389115916184188e+00
8.737000000000000000e+03,4.079118655652540504e+00
8.738000000000000000e+03,3.665828290082930430e+00
8.739000000000000000e+03,3.499784906015853014e+00
8.740000000000000000e+03,3.791172054250601331e+00
8.741000000000000000e+03,4.092315477571239590e+00
8.742000000000000000e+03,3.694198593255159757e+00
8.743000000000000000e+03,3.899512358950276703e+00
8.744000000000000000e+03,3.651626271417459435e+00
8.745000000000000000e+03,3.556948615530243440e+00
8.746000000000000000e+03,3.784921020157427041e+00
8.747000000000000000e+03,3.696903423958425972e+00
8.748000000000000000e+03,3.705847260656124575e+00
8.749000000000000000e+03,3.838365041175795245e+00
8.750000000000000000e+03,3.688400590299446336e+00
8.751000000000000000e+03,3.576905972203531014e+00
8.752000000000000000e+03,3.992831836255574363e+00
8.753000000000000000e+03,3.872522428616526735e+00
8.754000000000000000e+03,3.830180720710047559e+00
8.755000000000000000e+03,3.771837945757090083e+00
8.756000000000000000e+03,3.594929139829357023e+00
8.757000000000000000e+03,3.528622209491529826e+00
8.758000000000000000e+03,3.671077636975498937e+00
8.759000000000000000e+03,3.552545441851519659e+00
8.760000000000000000e+03,3.845404020038041271e+00
8.761000000000000000e+03,3.635661428658595096e+00
8.762000000000000000e+03,3.537725599482452132e+00
8.763000000000000000e+03,3.513109736195756838e+00
8.764000000000000000e+03,3.823161860614476826e+00
8.765000000000000000e+03,3.586171389407977639e+00
8.766000000000000000e+03,3.685907993162546692e+00
8.767000000000000000e+03,3.498795225830732214e+00
8.768000000000000000e+03,3.992841936670970870e+00
8.769000000000000000e+03,3.739086681631205167e+00
8.770000000000000000e+03,3.642512733961940974e+00
8.771000000000000000e+03,3.602996525231873193e+00
8.772000000000000000e+03,3.919524218099757373e+00
8.773000000000000000e+03,3.794342126254846015e+00
8.774000000000000000e+03,3.722330189689439184e+00
8.775000000000000000e+03,3.676486399177775866e+00
8.776000000000000000e+03,3.758867646070420676e+00
8.777000000000000000e+03,3.949435226669949284e+00
8.778000000000000000e+03,3.985110470018534023e+00
8.779000000000000000e+03,3.817671645133507763e+00
8.780000000000000000e+03,3.477622791312297235e+00
8.781000000000000000e+03,4.000648937565436825e+00
8.782000000000000000e+03,3.825290119564401792e+00
8.783000000000000000e+03,3.471179948283118932e+00
8.784000000000000000e+03,3.547535962353378203e+00
8.785000000000000000e+03,3.694356196848200824e+00
8.786000000000000000e+03,3.725745215748414552e+00
8.787000000000000000e+03,3.964106266646171939e+00
8.788000000000000000e+03,3.665348051667824958e+00
8.789000000000000000e+03,3.747978696705378532e+00
8.790000000000000000e+03,3.658832896548944280e+00
8.791000000000000000e+03,3.593377819919164828e+00
8.792000000000000000e+03,3.726811169244188537e+00
8.793000000000000000e+03,3.451861723091407708e+00
8.794000000000000000e+03,3.514795623786019618e+00
8.795000000000000000e+03,3.636790174959863009e+00
8.796000000000000000e+03,3.558265616889691341e+00
8.797000000000000000e+03,3.759367099042857152e+00
8.798000000000000000e+03,3.673576970517038465e+00
8.799000000000000000e+03,3.496346913638322285e+00
8.800000000000000000e+03,3.811151378323717420e+00
8.801000000000000000e+03,3.666503031297757786e+00
8.802000000000000000e+03,3.606170739253305779e+00
8.803000000000000000e+03,3.630245064122930909e+00
8.804000000000000000e+03,3.664008864259383547e+00
8.805000000000000000e+03,3.586534334074162889e+00
8.806000000000000000e+03,4.060058497849881931e+00
8.807000000000000000e+03,3.671026059840309497e+00
8.808000000000000000e+03,3.992731919416121933e+00
8.809000000000000000e+03,3.780689233993415055e+00
8.810000000000000000e+03,3.791487923426511308e+00
8.811000000000000000e+03,3.634583724403774418e+00
8.812000000000000000e+03,3.849425353665933081e+00
8.813000000000000000e+03,4.025053713521739240e+00
8.814000000000000000e+03,3.607375635732933183e+00
8.815000000000000000e+03,3.514995947217918193e+00
8.816000000000000000e+03,3.718898209598195503e+00
8.817000000000000000e+03,3.695217567877698617e+00
8.818000000000000000e+03,3.794951482057100201e+00
8.819000000000000000e+03,3.833886875837395625e+00
8.820000000000000000e+03,3.915065623691561747e+00
8.821000000000000000e+03,3.519430729715006922e+00
8.822000000000000000e+03,3.887077645541964888e+00
8.823000000000000000e+03,3.812413643880248060e+00
8.824000000000000000e+03,3.657751568057756142e+00
8.825000000000000000e+03,3.947963541133653109e+00
8.826000000000000000e+03,4.072411571960246057e+00
8.827000000000000000e+03,3.741632041127834984e+00
8.828000000000000000e+03,3.820890418500517693e+00
8.829000000000000000e+03,3.477221574908964552e+00
8.830000000000000000e+03,3.789914357781004828e+00
8.831000000000000000e+03,3.430230178630738536e+00
8.832000000000000000e+03,3.543561738432397412e+00
8.833000000000000000e+03,3.651668925190961978e+00
8.834000000000000000e+03,3.707142832663429033e+00
8.835000000000000000e+03,3.852444095674315339e+00
8.836000000000000000e+03,3.684725893952266240e+00
8.837000000000000000e+03,3.963723135174294754e+00
8.838000000000000000e+03,3.662018159223663805e+00
8.839000000000000000e+03,3.721568386648729465e+00
8.840000000000000000e+03,3.856481347338951871e+00
8.841000000000000000e+03,3.966932720909845056e+00
8.842000000000000000e+03,3.874902052764368499e+00
8.843000000000000000e+03,3.808487093016422964e+00
8.844000000000000000e+03,3.967045636013653453e+00
8.845000000000000000e+03,3.765232180564665132e+00
8.846000000000000000e+03,3.865184445849552564e+00
8.847000000000000000e+03,3.704821466814795183e+00
8.848000000000000000e+03,3.473702564983453200e+00
8.849000000000000000e+03,3.732419657690038139e+00
8.850000000000000000e+03,3.601641484897422085e+00
8.851000000000000000e+03,3.426915784389640507e+00
8.852000000000000000e+03,3.780863703375394458e+00
8.853000000000000000e+03,3.732765423171947372e+00
8.854000000000000000e+03,3.850565887409211019e+00
8.855000000000000000e+03,3.789464342880664471e+00
8.856000000000000000e+03,3.526236118747686721e+00
8.857000000000000000e+03,3.977898757203389479e+00
8.858000000000000000e+03,3.727309736525773687e+00
8.859000000000000000e+03,3.550773109189917065e+00
8.860000000000000000e+03,3.639617784713087278e+00
8.861000000000000000e+03,3.904434550098859980e+00
8.862000000000000000e+03,3.478837479943634570e+00
8.863000000000000000e+03,3.906504020783484243e+00
8.864000000000000000e+03,3.615295823173298562e+00
8.865000000000000000e+03,3.392437390048919532e+00
8.866000000000000000e+03,3.985197874602346868e+00
8.867000000000000000e+03,3.273886844176724153e+00
8.868000000000000000e+03,3.674873107684600182e+00
8.869000000000000000e+03,3.686524336305985194e+00
8.870000000000000000e+03,3.874200972863090175e+00
8.871000000000000000e+03,3.353508744208881787e+00
8.872000000000000000e+03,3.516175706423065872e+00
8.873000000000000000e+03,3.812782248547982533e+00
8.874000000000000000e+03,3.837859075904912931e+00
8.875000000000000000e+03,3.570468627905282855e+00
8.876000000000000000e+03,3.702355905435242622e+00
8.877000000000000000e+03,3.701272842977341160e+00
8.878000000000000000e+03,3.804921658022292430e+00
8.879000000000000000e+03,3.684676949449357419e+00
8.880000000000000000e+03,3.981658575742302197e+00
8.881000000000000000e+03,3.767003267122023047e+00
8.882000000000000000e+03,3.818400076967892520e+00
8.883000000000000000e+03,3.974514898403116447e+00
8.884000000000000000e+03,3.658827488124465788e+00
8.885000000000000000e+03,3.826450418623561944e+00
8.886000000000000000e+03,4.025194700681396398e+00
8.887000000000000000e+03,3.726818249139632666e+00
8.888000000000000000e+03,3.809899095388388446e+00
8.889000000000000000e+03,3.730958186312835156e+00
8.890000000000000000e+03,3.902234036207675061e+00
8.891000000000000000e+03,4.009102383322341367e+00
8.892000000000000000e+03,3.618309901344633150e+00
8.893000000000000000e+03,3.913158562122824868e+00
8.894000000000000000e+03,3.876786531975824790e+00
8.895000000000000000e+03,3.785625855990716104e+00
8.896000000000000000e+03,3.843880414648856991e+00
8.897000000000000000e+03,3.611378499976160672e+00
8.898000000000000000e+03,3.585408587602948671e+00
8.899000000000000000e+03,4.173615804734212453e+00
8.900000000000000000e+03,3.882977430579104716e+00
8.901000000000000000e+03,3.783642086059608278e+00
8.902000000000000000e+03,3.644176356881916323e+00
8.903000000000000000e+03,3.887470304980687352e+00
8.904000000000000000e+03,3.541492041817955183e+00
8.905000000000000000e+03,4.010827872953420581e+00
8.906000000000000000e+03,3.634668568365579500e+00
8.907000000000000000e+03,3.756443071840619652e+00
8.908000000000000000e+03,3.757551826722657307e+00
8.909000000000000000e+03,3.850090314154294813e+00
8.910000000000000000e+03,3.902865741276066558e+00
8.911000000000000000e+03,3.906907555401037513e+00
8.912000000000000000e+03,3.873463345078204334e+00
8.913000000000000000e+03,3.746045533245994985e+00
8.914000000000000000e+03,3.456008186372986568e+00
8.915000000000000000e+03,3.984853710534815630e+00
8.916000000000000000e+03,3.794312687461427025e+00
8.917000000000000000e+03,3.644161817626761835e+00
8.918000000000000000e+03,3.734711675802578679e+00
8.919000000000000000e+03,3.461430404963135476e+00
8.920000000000000000e+03,3.684199675114124162e+00
8.921000000000000000e+03,3.351146248667294714e+00
8.922000000000000000e+03,3.562068689519988673e+00
8.923000000000000000e+03,3.495748756101551447e+00
8.924000000000000000e+03,3.549090387423873061e+00
8.925000000000000000e+03,4.034759260401581393e+00
8.926000000000000000e+03,3.661580872521636110e+00
8.927000000000000000e+03,3.510891450400875691e+00
8.928000000000000000e+03,3.799684900955550670e+00
8.929000000000000000e+03,3.852270369883984635e+00
8.930000000000000000e+03,3.469308382672104951e+00
8.931000000000000000e+03,3.809616948587080998e+00
8.932000000000000000e+03,3.613492806655255407e+00
8.933000000000000000e+03,3.698167309222800014e+00
8.934000000000000000e+03,3.852168502445715070e+00
8.935000000000000000e+03,3.350173046809874489e+00
8.936000000000000000e+03,3.715010087833249486e+00
8.937000000000000000e+03,3.793818783988261334e+00
8.938000000000000000e+03,4.083864505678192813e+00
8.939000000000000000e+03,3.870318838925974170e+00
8.940000000000000000e+03,3.579482616149681551e+00
8.941000000000000000e+03,3.950582679194783786e+00
8.942000000000000000e+03,3.792409778156086819e+00
8.943000000000000000e+03,3.880710518821266497e+00
8.944000000000000000e+03,3.580915080503604297e+00
8.945000000000000000e+03,3.490343410542156910e+00
8.946000000000000000e+03,3.516232691636612451e+00
8.947000000000000000e+03,3.546650331942092560e+00
8.948000000000000000e+03,3.903732810301622891e+00
8.949000000000000000e+03,3.608237535810755237e+00
8.950000000000000000e+03,3.597125857697605511e+00
8.951000000000000000e+03,3.598204290035321495e+00
8.952000000000000000e+03,3.715805178051737823e+00
8.953000000000000000e+03,3.645583913651925911e+00
8.954000000000000000e+03,3.992000782328381625e+00
8.955000000000000000e+03,4.107250400080697084e+00
8.956000000000000000e+03,3.731698663884174483e+00
8.957000000000000000e+03,3.585968808144555986e+00
8.958000000000000000e+03,3.454986148803048884e+00
8.959000000000000000e+03,3.780797856495901055e+00
8.960000000000000000e+03,3.745616608107703804e+00
8.961000000000000000e+03,4.022380783241968238e+00
8.962000000000000000e+03,3.693152587815017096e+00
8.963000000000000000e+03,3.570569675142506227e+00
8.964000000000000000e+03,3.559999099599252759e+00
8.965000000000000000e+03,3.492337365033304053e+00
8.966000000000000000e+03,3.484490772023172589e+00
8.967000000000000000e+03,3.635181064947472507e+00
8.968000000000000000e+03,3.678129208215687118e+00
8.969000000000000000e+03,3.895279387124965353e+00
8.970000000000000000e+03,3.547994121404210777e+00
8.971000000000000000e+03,3.670884817207506146e+00
8.972000000000000000e+03,3.560087518067159618e+00
8.973000000000000000e+03,3.617664112181013358e+00
8.974000000000000000e+03,4.134886222325619087e+00
8.975000000000000000e+03,3.675334075212523643e+00
8.976000000000000000e+03,3.653108493056830497e+00
8.977000000000000000e+03,3.506188125184709126e+00
8.978000000000000000e+03,3.851606537526393037e+00
8.979000000000000000e+03,3.537073403442699160e+00
8.980000000000000000e+03,3.691077993512375421e+00
8.981000000000000000e+03,3.947201066102087541e+00
8.982000000000000000e+03,3.494263655419711068e+00
8.983000000000000000e+03,3.748347633247129718e+00
8.984000000000000000e+03,3.617391637087008505e+00
8.985000000000000000e+03,3.687458849978745512e+00
8.986000000000000000e+03,3.451952236264971052e+00
8.987000000000000000e+03,3.393365046662244922e+00
8.988000000000000000e+03,3.581337735538193456e+00
8.989000000000000000e+03,3.409089187062845028e+00
8.990000000000000000e+03,3.669010476016198563e+00
8.991000000000000000e+03,3.860530659889657379e+00
8.992000000000000000e+03,3.788622700152670664e+00
8.993000000000000000e+03,3.969310191745289096e+00
8.994000000000000000e+03,3.835288407308278469e+00
8.995000000000000000e+03,3.754982763519649769e+00
8.996000000000000000e+03,4.188586734661920552e+00
8.997000000000000000e+03,3.541850682476476830e+00
8.998000000000000000e+03,3.538671909162744100e+00
8.999000000000000000e+03,3.896703009973313314e+00
9.000000000000000000e+03,3.457679076427630616e+00
9.001000000000000000e+03,3.735053233837565045e+00
9.002000000000000000e+03,3.736724578096105809e+00
9.003000000000000000e+03,3.629845157887593654e+00
9.004000000000000000e+03,3.419314723096507525e+00
9.005000000000000000e+03,3.722337694888286475e+00
9.006000000000000000e+03,3.656315039457975313e+00
9.007000000000000000e+03,3.901912314967868056e+00
9.008000000000000000e+03,4.033847755135532509e+00
9.009000000000000000e+03,3.759654308873365824e+00
9.010000000000000000e+03,3.729072539265483766e+00
9.011000000000000000e+03,3.643489779918720473e+00
9.012000000000000000e+03,3.588505056057867293e+00
9.013000000000000000e+03,3.633656298934308193e+00
9.014000000000000000e+03,3.342543014054058848e+00
9.015000000000000000e+03,3.161124760749058904e+00
9.016000000000000000e+03,3.442606124807762846e+00
9.017000000000000000e+03,3.848123671776962240e+00
9.018000000000000000e+03,3.856398118130432540e+00
9.019000000000000000e+03,3.508668270854963467e+00
9.020000000000000000e+03,3.825310312544251357e+00
9.021000000000000000e+03,3.808518100142294305e+00
9.022000000000000000e+03,4.041883604974604083e+00
9.023000000000000000e+03,3.703954697247345607e+00
9.024000000000000000e+03,3.685036528974177994e+00
9.025000000000000000e+03,3.496521809990133622e+00
9.026000000000000000e+03,3.830865985818766806e+00
9.027000000000000000e+03,3.719421112781116090e+00
9.028000000000000000e+03,3.656671084029030627e+00
9.029000000000000000e+03,3.885288415654213345e+00
9.030000000000000000e+03,3.702775579186530663e+00
9.031000000000000000e+03,3.646530365842808763e+00
9.032000000000000000e+03,3.692707237644029306e+00
9.033000000000000000e+03,3.706505148735858235e+00
9.034000000000000000e+03,3.910679086540743477e+00
9.035000000000000000e+03,4.083195230006822385e+00
9.036000000000000000e+03,3.470929786713114584e+00
9.037000000000000000e+03,3.617765784027314968e+00
9.038000000000000000e+03,3.467032519624257070e+00
9.039000000000000000e+03,3.670603676199614807e+00
9.040000000000000000e+03,3.557145053341452368e+00
9.041000000000000000e+03,3.824531227934208300e+00
9.042000000000000000e+03,3.462118798461227609e+00
9.043000000000000000e+03,3.524581261751913441e+00
9.044000000000000000e+03,3.633278074299215010e+00
9.045000000000000000e+03,3.662141383386600779e+00
9.046000000000000000e+03,3.650687460474224100e+00
9.047000000000000000e+03,3.634741161372944784e+00
9.048000000000000000e+03,3.874931812206082071e+00
9.049000000000000000e+03,3.500799009638190018e+00
9.050000000000000000e+03,3.749552595799850341e+00
9.051000000000000000e+03,3.872732287594622846e+00
9.052000000000000000e+03,3.915568529465029979e+00
9.053000000000000000e+03,3.813671040606349205e+00
9.054000000000000000e+03,3.583741769685671041e+00
9.055000000000000000e+03,3.781660657438481010e+00
9.056000000000000000e+03,3.420228631151192467e+00
9.057000000000000000e+03,3.602586015914051032e+00
9.058000000000000000e+03,3.800842644775927148e+00
9.059000000000000000e+03,3.720134165719366948e+00
9.060000000000000000e+03,3.883488450001778780e+00
9.061000000000000000e+03,3.799159192999912449e+00
9.062000000000000000e+03,3.826172437608864385e+00
9.063000000000000000e+03,3.791917871877495738e+00
9.064000000000000000e+03,3.529074917174219728e+00
9.065000000000000000e+03,3.526097235058531787e+00
9.066000000000000000e+03,3.761681788901062085e+00
9.067000000000000000e+03,3.772773575071746155e+00
9.068000000000000000e+03,3.525486341037427529e+00
9.069000000000000000e+03,3.673814365860427866e+00
9.070000000000000000e+03,3.596827849343752437e+00
9.071000000000000000e+03,3.465931447173340452e+00
9.072000000000000000e+03,3.809223674357328004e+00
9.073000000000000000e+03,3.540677569139239367e+00
9.074000000000000000e+03,3.562484211751064223e+00
9.075000000000000000e+03,3.852067628998332438e+00
9.076000000000000000e+03,3.705262948469596029e+00
9.077000000000000000e+03,3.719654974359814847e+00
9.078000000000000000e+03,3.872583195194056138e+00
9.079000000000000000e+03,3.766032973500531789e+00
9.080000000000000000e+03,3.661962191933707977e+00
9.081000000000000000e+03,3.724974312371260865e+00
9.082000000000000000e+03,3.865277549300126125e+00
9.083000000000000000e+03,3.686995582435188989e+00
9.084000000000000000e+03,3.470014019931602522e+00
9.085000000000000000e+03,3.782201878597179157e+00
9.086000000000000000e+03,3.634775434233806113e+00
9.087000000000000000e+03,3.850049549075202915e+00
9.088000000000000000e+03,3.669814676108885898e+00
9.089000000000000000e+03,3.842581292888644917e+00
9.090000000000000000e+03,3.721346276602549796e+00
9.091000000000000000e+03,4.005970513815311662e+00
9.092000000000000000e+03,3.849538175688968611e+00
9.093000000000000000e+03,3.918782959477121963e+00
9.094000000000000000e+03,4.041465078958512258e+00
9.095000000000000000e+03,3.878744502178000708e+00
9.096000000000000000e+03,3.764423079455079257e+00
9.097000000000000000e+03,3.605848408557119633e+00
9.098000000000000000e+03,3.740313073400683752e+00
9.099000000000000000e+03,3.818359281618737722e+00
9.100000000000000000e+03,3.885700465166048279e+00
9.101000000000000000e+03,3.805479818649378121e+00
9.102000000000000000e+03,3.592079414707685103e+00
9.103000000000000000e+03,4.042977246190323726e+00
9.104000000000000000e+03,3.951646189436163414e+00
9.105000000000000000e+03,3.688255709359133938e+00
9.106000000000000000e+03,3.585470130437460767e+00
9.107000000000000000e+03,3.720359555918614447e+00
9.108000000000000000e+03,3.534254510530659754e+00
9.109000000000000000e+03,3.912708893699247348e+00
9.110000000000000000e+03,3.737491971597392215e+00
9.111000000000000000e+03,3.674866740770269757e+00
9.112000000000000000e+03,3.639249496640952319e+00
9.113000000000000000e+03,3.895899605403592592e+00
9.114000000000000000e+03,3.949180052132322150e+00
9.115000000000000000e+03,3.648761584419844439e+00
9.116000000000000000e+03,3.810596330154031985e+00
9.117000000000000000e+03,3.864326553249094243e+00
9.118000000000000000e+03,3.841672021884697141e+00
9.119000000000000000e+03,3.876186353477753421e+00
9.120000000000000000e+03,4.031821625951780952e+00
9.121000000000000000e+03,3.901693249283848530e+00
9.122000000000000000e+03,3.936704689756414410e+00
9.123000000000000000e+03,3.640225502018694659e+00
9.124000000000000000e+03,3.788102663294832251e+00
9.125000000000000000e+03,3.526121075339684996e+00
9.126000000000000000e+03,3.922925871691929522e+00
9.127000000000000000e+03,3.612031674940798798e+00
9.128000000000000000e+03,3.752797791816639528e+00
9.129000000000000000e+03,3.491163078940359821e+00
9.130000000000000000e+03,4.307967374289001228e+00
9.131000000000000000e+03,3.820444942969945412e+00
9.132000000000000000e+03,3.412250213084296657e+00
9.133000000000000000e+03,3.850518779508662615e+00
9.134000000000000000e+03,3.638499260898433896e+00
9.135000000000000000e+03,3.486964372611249807e+00
9.136000000000000000e+03,3.683389086469821549e+00
9.137000000000000000e+03,3.619489654087499453e+00
9.138000000000000000e+03,3.812786828924717764e+00
9.139000000000000000e+03,3.696594814342118340e+00
9.140000000000000000e+03,3.507214248224092668e+00
9.141000000000000000e+03,4.117904089030272274e+00
9.142000000000000000e+03,3.684976555509578588e+00
9.143000000000000000e+03,3.475376274396748233e+00
9.144000000000000000e+03,3.779068088986065721e+00
9.145000000000000000e+03,3.522105921244059967e+00
9.146000000000000000e+03,3.537080310724893373e+00
9.147000000000000000e+03,3.886129870107136064e+00
9.148000000000000000e+03,3.833108436965362742e+00
9.149000000000000000e+03,3.847712850864364764e+00
9.150000000000000000e+03,3.808354862008956232e+00
9.151000000000000000e+03,3.310488799549826666e+00
9.152000000000000000e+03,3.986234098800638836e+00
9.153000000000000000e+03,3.567790423985146564e+00
9.154000000000000000e+03,3.921710651315954088e+00
9.155000000000000000e+03,3.870915796918428242e+00
9.156000000000000000e+03,3.547764859017825234e+00
9.157000000000000000e+03,3.972161614822077524e+00
9.158000000000000000e+03,3.818593374130784479e+00
9.159000000000000000e+03,3.595535568203815036e+00
9.160000000000000000e+03,3.971126645414271294e+00
9.161000000000000000e+03,3.741597109364762641e+00
9.162000000000000000e+03,3.992814769333694169e+00
9.163000000000000000e+03,3.820302414444282757e+00
9.164000000000000000e+03,3.858120556173370908e+00
9.165000000000000000e+03,3.734256557443367264e+00
9.166000000000000000e+03,3.607560474966742259e+00
9.167000000000000000e+03,4.049215189813211602e+00
9.168000000000000000e+03,3.824776164644990040e+00
9.169000000000000000e+03,3.756601194793034448e+00
9.170000000000000000e+03,4.001058164088722613e+00
9.171000000000000000e+03,3.747782550380403421e+00
9.172000000000000000e+03,3.742563127550584401e+00
9.173000000000000000e+03,3.592419274357413705e+00
9.174000000000000000e+03,4.056043477569261313e+00
9.175000000000000000e+03,3.752650240191902853e+00
9.176000000000000000e+03,3.674565490768670450e+00
9.177000000000000000e+03,3.646619230005132106e+00
9.178000000000000000e+03,3.713951124138648030e+00
9.179000000000000000e+03,3.741386392863622845e+00
9.180000000000000000e+03,3.872452047798478514e+00
9.181000000000000000e+03,3.541637400735781593e+00
9.182000000000000000e+03,3.852485454690517397e+00
9.183000000000000000e+03,3.839415585464161396e+00
9.184000000000000000e+03,3.775619422437700656e+00
9.185000000000000000e+03,3.913727912654147101e+00
9.186000000000000000e+03,3.636972196985127415e+00
9.187000000000000000e+03,3.540493187853836599e+00
9.188000000000000000e+03,3.950256870301378953e+00
9.189000000000000000e+03,3.576850008493390298e+00
9.190000000000000000e+03,4.341512779225650043e+00
9.191000000000000000e+03,3.965266401734173218e+00
9.192000000000000000e+03,3.632312184311178527e+00
9.193000000000000000e+03,3.843906968161120652e+00
9.194000000000000000e+03,3.759030866874708554e+00
9.195000000000000000e+03,3.909488875541244912e+00
9.196000000000000000e+03,3.927399327813798635e+00
9.197000000000000000e+03,3.557383204081103312e+00
9.198000000000000000e+03,3.637934050377082507e+00
9.199000000000000000e+03,3.687590486684490187e+00
9.200000000000000000e+03,3.941339915001713656e+00
9.201000000000000000e+03,3.826051052132794172e+00
9.202000000000000000e+03,3.839017049122364966e+00
9.203000000000000000e+03,3.831648984745538389e+00
9.204000000000000000e+03,3.569907419026900453e+00
9.205000000000000000e+03,3.466632427431652452e+00
9.206000000000000000e+03,3.575818974437720232e+00
9.207000000000000000e+03,3.799116131418549092e+00
9.208000000000000000e+03,3.632452437995505434e+00
9.209000000000000000e+03,3.704743207178735620e+00
9.210000000000000000e+03,3.617205649281638014e+00
9.211000000000000000e+03,3.653664115891356534e+00
9.212000000000000000e+03,3.782843932562811151e+00
9.213000000000000000e+03,3.862344572199817527e+00
9.214000000000000000e+03,3.681254089664721452e+00
9.215000000000000000e+03,3.840356478373934124e+00
9.216000000000000000e+03,3.692039150775249912e+00
9.217000000000000000e+03,3.911304007724037746e+00
9.218000000000000000e+03,3.925038972805367621e+00
9.219000000000000000e+03,4.012241097288786307e+00
9.220000000000000000e+03,3.665115923439621781e+00
9.221000000000000000e+03,3.604203372144853201e+00
9.222000000000000000e+03,3.716796572852536507e+00
9.223000000000000000e+03,3.503218614064252279e+00
9.224000000000000000e+03,3.843200781064785687e+00
9.225000000000000000e+03,3.831514486880429171e+00
9.226000000000000000e+03,3.225063859027007762e+00
9.227000000000000000e+03,3.809963421267339445e+00
9.228000000000000000e+03,3.989140116047013684e+00
9.229000000000000000e+03,3.761396093583864175e+00
9.230000000000000000e+03,3.791210828363363650e+00
9.231000000000000000e+03,3.774211742213620102e+00
9.232000000000000000e+03,3.617029277930027931e+00
9.233000000000000000e+03,3.673702578885264636e+00
9.234000000000000000e+03,3.752275192779422230e+00
9.235000000000000000e+03,3.590039886671455349e+00
9.236000000000000000e+03,3.745798442117618254e+00
9.237000000000000000e+03,3.810446961815554978e+00
9.238000000000000000e+03,3.865837737727511492e+00
9.239000000000000000e+03,3.755905235494819916e+00
9.240000000000000000e+03,3.775273038106565782e+00
9.241000000000000000e+03,3.747464035529916693e+00
9.242000000000000000e+03,3.657553049602586981e+00
9.243000000000000000e+03,3.993793453498937218e+00
9.244000000000000000e+03,3.700331703765368907e+00
9.245000000000000000e+03,3.614520854685515872e+00
9.246000000000000000e+03,3.785664376578462775e+00
9.247000000000000000e+03,3.596882791795336320e+00
9.248000000000000000e+03,3.652885274651748393e+00
9.249000000000000000e+03,3.773309364110805308e+00
9.250000000000000000e+03,3.628761724012662615e+00
9.251000000000000000e+03,3.738686429256835808e+00
9.252000000000000000e+03,3.686845828592812957e+00
9.253000000000000000e+03,4.006697877705455824e+00
9.254000000000000000e+03,3.496819894021907960e+00
9.255000000000000000e+03,4.007354800487131996e+00
9.256000000000000000e+03,3.526195282477634585e+00
9.257000000000000000e+03,3.883735290682539532e+00
9.258000000000000000e+03,3.791375434755817064e+00
9.259000000000000000e+03,3.498344103567343932e+00
9.260000000000000000e+03,3.862286025558967495e+00
9.261000000000000000e+03,3.868838951913873725e+00
9.262000000000000000e+03,3.794589103810214858e+00
9.263000000000000000e+03,3.834423403689469101e+00
9.264000000000000000e+03,3.725233580754973683e+00
9.265000000000000000e+03,3.566145079384943184e+00
9.266000000000000000e+03,3.713980792665538821e+00
9.267000000000000000e+03,3.858006515460790986e+00
9.268000000000000000e+03,3.626909131938975683e+00
9.269000000000000000e+03,3.635758331487030759e+00
9.270000000000000000e+03,3.922945494256096843e+00
9.271000000000000000e+03,3.602855584711598169e+00
9.272000000000000000e+03,3.777107114853579972e+00
9.273000000000000000e+03,3.552592839035499050e+00
9.274000000000000000e+03,3.697095164075803186e+00
9.275000000000000000e+03,3.913097457380202204e+00
9.276000000000000000e+03,3.569818294691310179e+00
9.277000000000000000e+03,3.925900756732153329e+00
9.278000000000000000e+03,4.114675385408012254e+00
9.279000000000000000e+03,3.578301180195736286e+00
9.280000000000000000e+03,3.972529890205922065e+00
9.281000000000000000e+03,3.457307994749361679e+00
9.282000000000000000e+03,3.596132301751130633e+00
9.283000000000000000e+03,3.700793502639342147e+00
9.284000000000000000e+03,3.553988565285872703e+00
9.285000000000000000e+03,3.515271586101749168e+00
9.286000000000000000e+03,3.628994395885173141e+00
9.287000000000000000e+03,3.324257485299853876e+00
9.288000000000000000e+03,3.592624664461002926e+00
9.289000000000000000e+03,3.816586684748758618e+00
9.290000000000000000e+03,4.018562627887620309e+00
9.291000000000000000e+03,4.164568501315049964e+00
9.292000000000000000e+03,3.506929349283844477e+00
9.293000000000000000e+03,3.353128310663769263e+00
9.294000000000000000e+03,3.764393794278971139e+00
9.295000000000000000e+03,4.070140722387868060e+00
9.296000000000000000e+03,3.945979034121449125e+00
9.297000000000000000e+03,3.853629303941923823e+00
9.298000000000000000e+03,3.706895359965149961e+00
9.299000000000000000e+03,3.702470498770776608e+00
9.300000000000000000e+03,3.591158403456896853e+00
9.301000000000000000e+03,3.594146139461731781e+00
9.302000000000000000e+03,3.980566090024533654e+00
9.303000000000000000e+03,3.588314580603150450e+00
9.304000000000000000e+03,4.012443410294067370e+00
9.305000000000000000e+03,3.699391011769270765e+00
9.306000000000000000e+03,4.052674045639514055e+00
9.307000000000000000e+03,4.096640211555111044e+00
9.308000000000000000e+03,3.687535444893895509e+00
9.309000000000000000e+03,3.645162338581886541e+00
9.310000000000000000e+03,3.927201253578927798e+00
9.311000000000000000e+03,3.571474491964900189e+00
9.312000000000000000e+03,3.475354414086702537e+00
9.313000000000000000e+03,3.606025064851466233e+00
9.314000000000000000e+03,3.386734137259237887e+00
9.315000000000000000e+03,4.071656918625127020e+00
9.316000000000000000e+03,3.816555381365090760e+00
9.317000000000000000e+03,3.763495207907532780e+00
9.318000000000000000e+03,3.665628421832196615e+00
9.319000000000000000e+03,3.867073912526034274e+00
9.320000000000000000e+03,3.474083961268482401e+00
9.321000000000000000e+03,3.865239391417013337e+00
9.322000000000000000e+03,3.603339689912715471e+00
9.323000000000000000e+03,3.696521948648797462e+00
9.324000000000000000e+03,3.906559425789434048e+00
9.325000000000000000e+03,3.846805148206715153e+00
9.326000000000000000e+03,3.643449805826729282e+00
9.327000000000000000e+03,3.765305940159922926e+00
9.328000000000000000e+03,3.607894199645496069e+00
9.329000000000000000e+03,3.796068111279832014e+00
9.330000000000000000e+03,3.846610498379208209e+00
9.331000000000000000e+03,3.535952273957995828e+00
9.332000000000000000e+03,3.780428708391302628e+00
9.333000000000000000e+03,4.091842176008169574e+00
9.334000000000000000e+03,3.884241914958297848e+00
9.335000000000000000e+03,3.843808165271577870e+00
9.336000000000000000e+03,3.346251848975681842e+00
9.337000000000000000e+03,3.647475924629823840e+00
9.338000000000000000e+03,3.843508063886389881e+00
9.339000000000000000e+03,3.528574721778195755e+00
9.340000000000000000e+03,4.028593355390986730e+00
9.341000000000000000e+03,3.531064030938559473e+00
9.342000000000000000e+03,3.850884898814249002e+00
9.343000000000000000e+03,3.679715084034901107e+00
9.344000000000000000e+03,3.800763961845136762e+00
9.345000000000000000e+03,3.892004580998233543e+00
9.346000000000000000e+03,3.737751420554307646e+00
9.347000000000000000e+03,3.594101211052455724e+00
9.348000000000000000e+03,3.667183513097313607e+00
9.349000000000000000e+03,3.763983976648341834e+00
9.350000000000000000e+03,3.715415928871408813e+00
9.351000000000000000e+03,3.752070599647134852e+00
9.352000000000000000e+03,3.895315003080702443e+00
9.353000000000000000e+03,3.515596128255295660e+00
9.354000000000000000e+03,3.945620434600129567e+00
9.355000000000000000e+03,3.996353853016691549e+00
9.356000000000000000e+03,3.607518712557674867e+00
9.357000000000000000e+03,3.607732899177802377e+00
9.358000000000000000e+03,3.721546644533170412e+00
9.359000000000000000e+03,3.674699645852335106e+00
9.360000000000000000e+03,3.650391370436798066e+00
9.361000000000000000e+03,3.425803498478502629e+00
9.362000000000000000e+03,3.578373417242929566e+00
9.363000000000000000e+03,3.683086041050802173e+00
9.364000000000000000e+03,3.754020706082312309e+00
9.365000000000000000e+03,3.731121338388244446e+00
9.366000000000000000e+03,3.300475677635364757e+00
9.367000000000000000e+03,3.684195117700836963e+00
9.368000000000000000e+03,3.651336542165120047e+00
9.369000000000000000e+03,4.031406117319932925e+00
9.370000000000000000e+03,3.610514422792480360e+00
9.371000000000000000e+03,3.930434453103749615e+00
9.372000000000000000e+03,3.824968586565262285e+00
9.373000000000000000e+03,3.762068837812980515e+00
9.374000000000000000e+03,4.183449150432921648e+00
9.375000000000000000e+03,3.832008053738429343e+00
9.376000000000000000e+03,3.576285823225185290e+00
9.377000000000000000e+03,3.586427297515601520e+00
9.378000000000000000e+03,4.063034656856539861e+00
9.379000000000000000e+03,3.542760419044234332e+00
9.380000000000000000e+03,3.730172353700651033e+00
9.381000000000000000e+03,3.760113603564597451e+00
9.382000000000000000e+03,3.424157743283929634e+00
9.383000000000000000e+03,3.763274077247705574e+00
9.384000000000000000e+03,3.828882371376407523e+00
9.385000000000000000e+03,3.961995001387450976e+00
9.386000000000000000e+03,3.569111896805168271e+00
9.387000000000000000e+03,4.010003413219894064e+00
9.388000000000000000e+03,3.763985149125968377e+00
9.389000000000000000e+03,3.776282056645289931e+00
9.390000000000000000e+03,3.999090997171008688e+00
9.391000000000000000e+03,3.645245297979684107e+00
9.392000000000000000e+03,3.896149454530731582e+00
9.393000000000000000e+03,3.545145568509414424e+00
9.394000000000000000e+03,3.832087721725877305e+00
9.395000000000000000e+03,3.918541018878793469e+00
9.396000000000000000e+03,3.547661498852718864e+00
9.397000000000000000e+03,3.668981975382064498e+00
9.398000000000000000e+03,3.623103836041067005e+00
9.399000000000000000e+03,3.915946159698163065e+00
9.400000000000000000e+03,3.925186725314725678e+00
9.401000000000000000e+03,3.954349086892529286e+00
9.402000000000000000e+03,3.754082714647081431e+00
9.403000000000000000e+03,3.902470938471760409e+00
9.404000000000000000e+03,3.955021875502684470e+00
9.405000000000000000e+03,3.575947342027342657e+00
9.406000000000000000e+03,3.460444045995288764e+00
9.407000000000000000e+03,3.646223088693051118e+00
9.408000000000000000e+03,3.399803505118629054e+00
9.409000000000000000e+03,4.107069329865294272e+00
9.410000000000000000e+03,3.429352407656644175e+00
9.411000000000000000e+03,3.744328540756288959e+00
9.412000000000000000e+03,3.589590323571145269e+00
9.413000000000000000e+03,3.873136545990925494e+00
9.414000000000000000e+03,4.041491884020237180e+00
9.415000000000000000e+03,3.784929497035071755e+00
9.416000000000000000e+03,4.109068481026033837e+00
9.417000000000000000e+03,3.641567930380718021e+00
9.418000000000000000e+03,3.798830181999395705e+00
9.419000000000000000e+03,3.591344836299281251e+00
9.420000000000000000e+03,3.596824042884999795e+00
9.421000000000000000e+03,3.881746032248855727e+00
9.422000000000000000e+03,3.859873850405013407e+00
9.423000000000000000e+03,3.517064706871350754e+00
9.424000000000000000e+03,3.924442142425245805e+00
9.425000000000000000e+03,3.560422233769588551e+00
9.426000000000000000e+03,3.734738398522903680e+00
9.427000000000000000e+03,4.157829701763901653e+00
9.428000000000000000e+03,3.863533990598902790e+00
9.429000000000000000e+03,3.855096366680663689e+00
9.430000000000000000e+03,3.568361752986478397e+00
9.431000000000000000e+03,3.619979833442654282e+00
9.432000000000000000e+03,3.657847725793998084e+00
9.433000000000000000e+03,3.408552742156629733e+00
9.434000000000000000e+03,3.914473581990836060e+00
9.435000000000000000e+03,3.567162400100059028e+00
9.436000000000000000e+03,4.122454023918281862e+00
9.437000000000000000e+03,3.606798043912300855e+00
9.438000000000000000e+03,3.697992981710469085e+00
9.439000000000000000e+03,3.846068791444056778e+00
9.440000000000000000e+03,3.861674100514138619e+00
9.441000000000000000e+03,3.783787259194552277e+00
9.442000000000000000e+03,3.628443069836341017e+00
9.443000000000000000e+03,3.510878341722587503e+00
9.444000000000000000e+03,3.473102618436511246e+00
9.445000000000000000e+03,3.538492756060855449e+00
9.446000000000000000e+03,3.786408962497330499e+00
9.447000000000000000e+03,3.580162796527401436e+00
9.448000000000000000e+03,3.726042499933948982e+00
9.449000000000000000e+03,3.533596431150786366e+00
9.450000000000000000e+03,3.903897630758448756e+00
9.451000000000000000e+03,3.468645864590657713e+00
9.452000000000000000e+03,3.547483618468459721e+00
9.453000000000000000e+03,3.890594030610277532e+00
9.454000000000000000e+03,3.428655684496197065e+00
9.455000000000000000e+03,3.542521375240700987e+00
9.456000000000000000e+03,3.838382526949457585e+00
9.457000000000000000e+03,3.678460180370801247e+00
9.458000000000000000e+03,3.706524942160226654e+00
9.459000000000000000e+03,3.694439716359926518e+00
9.460000000000000000e+03,3.589353439167939364e+00
9.461000000000000000e+03,3.531450598787425399e+00
9.462000000000000000e+03,3.795370967242975180e+00
9.463000000000000000e+03,3.643529530270145589e+00
9.464000000000000000e+03,3.415312878017184417e+00
9.465000000000000000e+03,3.516500561128844904e+00
9.466000000000000000e+03,3.794387220247129822e+00
9.467000000000000000e+03,3.481177078365082611e+00
9.468000000000000000e+03,3.714306512902682211e+00
9.469000000000000000e+03,3.997240960505876739e+00
9.470000000000000000e+03,3.649236618874968752e+00
9.471000000000000000e+03,4.002454748326558231e+00
9.472000000000000000e+03,3.798542526453624113e+00
9.473000000000000000e+03,3.573836706771185145e+00
9.474000000000000000e+03,3.761551111164599170e+00
9.475000000000000000e+03,3.589828463302833228e+00
9.476000000000000000e+03,3.806013955677607363e+00
9.477000000000000000e+03,3.695884082993091013e+00
9.478000000000000000e+03,3.535393599910749973e+00
9.479000000000000000e+03,3.849014074119709417e+00
9.480000000000000000e+03,4.145446903453380294e+00
9.481000000000000000e+03,3.688289764548405625e+00
9.482000000000000000e+03,3.787731813583163021e+00
9.483000000000000000e+03,3.637630145560394546e+00
9.484000000000000000e+03,3.983791977486961677e+00
9.485000000000000000e+03,3.666962900920097024e+00
9.486000000000000000e+03,3.702802796511709627e+00
9.487000000000000000e+03,3.547533314435014518e+00
9.488000000000000000e+03,3.774683058960840221e+00
9.489000000000000000e+03,3.765976832237982741e+00
9.490000000000000000e+03,3.447130502336257951e+00
9.491000000000000000e+03,3.726274848168902754e+00
9.492000000000000000e+03,3.964312623204732766e+00
9.493000000000000000e+03,3.879813235183389608e+00
9.494000000000000000e+03,3.777249623756566255e+00
9.495000000000000000e+03,4.003522403317621325e+00
9.496000000000000000e+03,3.878192828762371036e+00
9.497000000000000000e+03,3.756102611964232452e+00
9.498000000000000000e+03,3.761480946674923054e+00
9.499000000000000000e+03,3.535451822778960640e+00
9.500000000000000000e+03,3.916538413903376092e+00
9.501000000000000000e+03,4.023236518165495212e+00
9.502000000000000000e+03,3.778737797055029990e+00
9.503000000000000000e+03,3.810162486199880849e+00
9.504000000000000000e+03,3.486980235376202497e+00
9.505000000000000000e+03,3.499788579352514528e+00
9.506000000000000000e+03,3.894525613216802462e+00
9.507000000000000000e+03,4.012486791198623948e+00
9.508000000000000000e+03,3.530718591543652529e+00
9.509000000000000000e+03,3.458935676931449876e+00
9.510000000000000000e+03,3.579486227288725786e+00
9.511000000000000000e+03,4.023833054911015061e+00
9.512000000000000000e+03,3.590605351982857130e+00
9.513000000000000000e+03,3.651880049503959835e+00
9.514000000000000000e+03,3.482090560283791270e+00
9.515000000000000000e+03,4.100443172976031114e+00
9.516000000000000000e+03,3.892597703893166283e+00
9.517000000000000000e+03,3.935143793150895242e+00
9.518000000000000000e+03,3.759003872321152961e+00
9.519000000000000000e+03,3.599947651093134304e+00
9.520000000000000000e+03,3.478394015147353358e+00
9.521000000000000000e+03,3.354134512367132448e+00
9.522000000000000000e+03,3.914881810936151396e+00
9.523000000000000000e+03,3.661661122177745309e+00
9.524000000000000000e+03,3.497364255785674558e+00
9.525000000000000000e+03,3.804927661298604491e+00
9.526000000000000000e+03,3.730072813913260621e+00
9.527000000000000000e+03,3.528775827041437108e+00
9.528000000000000000e+03,3.767540906277972557e+00
9.529000000000000000e+03,3.787089133232617755e+00
9.530000000000000000e+03,3.338921053943746386e+00
9.531000000000000000e+03,4.103392653144167568e+00
9.532000000000000000e+03,3.771917321115432209e+00
9.533000000000000000e+03,4.025307891074262123e+00
9.534000000000000000e+03,3.646842399322503869e+00
9.535000000000000000e+03,3.763712121829901225e+00
9.536000000000000000e+03,3.677881072473855095e+00
9.537000000000000000e+03,3.728905091762069635e+00
9.538000000000000000e+03,3.678678861433540170e+00
9.539000000000000000e+03,3.852424352760875248e+00
9.540000000000000000e+03,3.924994315225267538e+00
9.541000000000000000e+03,3.527612012095445060e+00
9.542000000000000000e+03,3.765390057365703758e+00
9.543000000000000000e+03,3.435721304863428749e+00
9.544000000000000000e+03,3.446977823616943493e+00
9.545000000000000000e+03,3.696063369825030698e+00
9.546000000000000000e+03,3.840439789101034673e+00
9.547000000000000000e+03,3.572889753812708680e+00
9.548000000000000000e+03,3.619567835392224264e+00
9.549000000000000000e+03,3.859494359563352184e+00
9.550000000000000000e+03,3.534240973593155921e+00
9.551000000000000000e+03,3.692148214438315978e+00
9.552000000000000000e+03,3.439561696810844449e+00
9.553000000000000000e+03,3.714994300660602544e+00
9.554000000000000000e+03,3.523172307796619052e+00
9.555000000000000000e+03,3.674013552343301736e+00
9.556000000000000000e+03,3.672174343467021096e+00
9.557000000000000000e+03,3.675911269547685212e+00
9.558000000000000000e+03,3.825926851494123149e+00
9.559000000000000000e+03,3.776138337274782319e+00
9.560000000000000000e+03,3.582950375555075784e+00
9.561000000000000000e+03,3.527191749745692384e+00
9.562000000000000000e+03,3.507091242425993904e+00
9.563000000000000000e+03,3.421922729493318549e+00
9.564000000000000000e+03,3.814554104744475982e+00
9.565000000000000000e+03,3.731348368411706584e+00
9.566000000000000000e+03,3.675604252871419231e+00
9.567000000000000000e+03,3.937679068295530271e+00
9.568000000000000000e+03,3.481761843036203175e+00
9.569000000000000000e+03,3.888923206112584019e+00
9.570000000000000000e+03,3.577201265529458052e+00
9.571000000000000000e+03,4.148070409371838352e+00
9.572000000000000000e+03,3.666651615191042879e+00
9.573000000000000000e+03,3.628893559658421086e+00
9.574000000000000000e+03,4.294374591350136328e+00
9.575000000000000000e+03,3.641209381915488041e+00
9.576000000000000000e+03,3.863122240567931520e+00
9.577000000000000000e+03,3.744158312568690583e+00
9.578000000000000000e+03,3.652794875586352408e+00
9.579000000000000000e+03,3.828165511996485471e+00
9.580000000000000000e+03,3.445831289267879072e+00
9.581000000000000000e+03,3.718612983577336717e+00
9.582000000000000000e+03,4.021731486686944024e+00
9.583000000000000000e+03,3.645811389577060524e+00
9.584000000000000000e+03,3.474258623329320894e+00
9.585000000000000000e+03,3.744566496560222113e+00
9.586000000000000000e+03,3.608747796453295908e+00
9.587000000000000000e+03,4.011560458028519349e+00
9.588000000000000000e+03,3.941402708595765692e+00
9.589000000000000000e+03,3.492680615230269403e+00
9.590000000000000000e+03,3.740075827953907694e+00
9.591000000000000000e+03,3.826323537851139545e+00
9.592000000000000000e+03,3.979416075923869478e+00
9.593000000000000000e+03,3.602949935303224382e+00
9.594000000000000000e+03,3.720500182219528273e+00
9.595000000000000000e+03,4.033130818158178421e+00
9.596000000000000000e+03,3.846608764819226423e+00
9.597000000000000000e+03,3.827859869932676684e+00
9.598000000000000000e+03,3.969086236541392587e+00
9.599000000000000000e+03,3.636622324520029981e+00
9.600000000000000000e+03,3.757016689630978235e+00
9.601000000000000000e+03,3.993650167606408452e+00
9.602000000000000000e+03,3.684379094258876997e+00
9.603000000000000000e+03,3.837527849717269568e+00
9.604000000000000000e+03,4.015810720733867356e+00
9.605000000000000000e+03,3.492411202949307292e+00
9.606000000000000000e+03,4.056149108059722508e+00
9.607000000000000000e+03,3.813636525566566959e+00
9.608000000000000000e+03,3.807395486868335954e+00
9.609000000000000000e+03,3.687625387413155487e+00
9.610000000000000000e+03,3.588201750752675334e+00
9.611000000000000000e+03,3.624908055619934899e+00
9.612000000000000000e+03,3.944175863065478183e+00
9.613000000000000000e+03,3.842834612882274126e+00
9.614000000000000000e+03,3.600993503379963823e+00
9.615000000000000000e+03,3.880117119217207033e+00
9.616000000000000000e+03,3.643032593427149912e+00
9.617000000000000000e+03,4.066895033316802355e+00
9.618000000000000000e+03,3.829858367933095309e+00
9.619000000000000000e+03,3.779182923236097391e+00
9.620000000000000000e+03,3.934719331244454388e+00
9.621000000000000000e+03,3.981467410057994538e+00
9.622000000000000000e+03,3.864886781657285386e+00
9.623000000000000000e+03,3.831042529649082429e+00
9.624000000000000000e+03,3.729585628187630064e+00
9.625000000000000000e+03,3.547530007647578643e+00
9.626000000000000000e+03,3.814897300840906613e+00
9.627000000000000000e+03,3.443822339973594104e+00
9.628000000000000000e+03,3.646842911373574747e+00
9.629000000000000000e+03,3.834439743170109161e+00
9.630000000000000000e+03,3.727457157820659006e+00
9.631000000000000000e+03,3.644581816698307275e+00
9.632000000000000000e+03,3.748044800350906147e+00
9.633000000000000000e+03,3.627742033607255667e+00
9.634000000000000000e+03,4.121711896063500191e+00
9.635000000000000000e+03,3.678824055052994257e+00
9.636000000000000000e+03,3.548223429039210508e+00
9.637000000000000000e+03,3.721267821450893631e+00
9.638000000000000000e+03,3.785199513996230003e+00
9.639000000000000000e+03,3.729004658556425156e+00
9.640000000000000000e+03,3.704836758462910939e+00
9.641000000000000000e+03,3.909800696023628230e+00
9.642000000000000000e+03,3.346728268468517786e+00
9.643000000000000000e+03,3.640677425690717062e+00
9.644000000000000000e+03,3.746557536375036968e+00
9.645000000000000000e+03,3.821367349719023920e+00
9.646000000000000000e+03,3.865661332503551595e+00
9.647000000000000000e+03,3.575770042668350079e+00
9.648000000000000000e+03,3.921336941585486624e+00
9.649000000000000000e+03,3.583272541048039717e+00
9.650000000000000000e+03,3.686826370978642409e+00
9.651000000000000000e+03,3.893669265320216510e+00
9.652000000000000000e+03,4.148691258875693677e+00
9.653000000000000000e+03,3.775398979633723506e+00
9.654000000000000000e+03,3.912151682968930899e+00
9.655000000000000000e+03,3.603606621333498961e+00
9.656000000000000000e+03,4.096530481890420461e+00
9.657000000000000000e+03,3.616931788786930113e+00
9.658000000000000000e+03,3.791373926717034326e+00
9.659000000000000000e+03,3.901050918885494490e+00
9.660000000000000000e+03,3.653203026981586277e+00
9.661000000000000000e+03,3.729604421745539078e+00
9.662000000000000000e+03,3.983804711486956140e+00
9.663000000000000000e+03,3.746273717519204016e+00
9.664000000000000000e+03,3.422664354411616205e+00
9.665000000000000000e+03,3.893397842339463288e+00
9.666000000000000000e+03,3.707998507944817224e+00
9.667000000000000000e+03,3.693303403410221009e+00
9.668000000000000000e+03,3.609027266078377760e+00
9.669000000000000000e+03,4.039768964453730682e+00
9.670000000000000000e+03,3.829135122280915127e+00
9.671000000000000000e+03,3.881407355386736313e+00
9.672000000000000000e+03,3.661247170554950081e+00
9.673000000000000000e+03,3.691255758734661718e+00
9.674000000000000000e+03,3.795402663543719690e+00
9.675000000000000000e+03,3.622845940201027570e+00
9.676000000000000000e+03,3.744217683931058804e+00
9.677000000000000000e+03,3.875453271141359846e+00
9.678000000000000000e+03,3.691862337261416549e+00
9.679000000000000000e+03,3.753379560436987283e+00
9.680000000000000000e+03,3.681625855719468099e+00
9.681000000000000000e+03,3.811029342824652222e+00
9.682000000000000000e+03,3.900196927744630226e+00
9.683000000000000000e+03,3.767258359996169759e+00
9.684000000000000000e+03,3.564341248930228634e+00
9.685000000000000000e+03,3.727102172687042803e+00
9.686000000000000000e+03,3.847153256099468788e+00
9.687000000000000000e+03,4.024226873036807817e+00
9.688000000000000000e+03,3.444864496059071080e+00
9.689000000000000000e+03,4.025792529230988848e+00
9.690000000000000000e+03,3.938933558650499211e+00
9.691000000000000000e+03,3.517292142149369027e+00
9.692000000000000000e+03,4.098712987294749865e+00
9.693000000000000000e+03,3.697092604714330655e+00
9.694000000000000000e+03,3.781507594143934003e+00
9.695000000000000000e+03,3.871879352185703116e+00
9.696000000000000000e+03,3.777425858392851943e+00
9.697000000000000000e+03,3.573419324091853699e+00
9.698000000000000000e+03,3.694537310154731635e+00
9.699000000000000000e+03,3.806669731381535637e+00
9.700000000000000000e+03,3.733147206382962047e+00
9.701000000000000000e+03,3.787055492310164695e+00
9.702000000000000000e+03,3.737077616111092127e+00
9.703000000000000000e+03,4.036613858669335642e+00
9.704000000000000000e+03,3.736061617187854011e+00
9.705000000000000000e+03,3.417203075177720262e+00
9.706000000000000000e+03,3.688760609268867174e+00
9.707000000000000000e+03,3.725626656643969969e+00
9.708000000000000000e+03,3.716564444907663578e+00
9.709000000000000000e+03,3.654569026209996796e+00
9.710000000000000000e+03,3.823629510437329682e+00
9.711000000000000000e+03,3.372839618265842443e+00
9.712000000000000000e+03,3.705738072098067715e+00
9.713000000000000000e+03,3.556095745530099883e+00
9.714000000000000000e+03,4.062944572828767420e+00
9.715000000000000000e+03,3.927882181628568947e+00
9.716000000000000000e+03,3.998083974576664090e+00
9.717000000000000000e+03,3.760528289981776240e+00
9.718000000000000000e+03,3.798719286679881346e+00
9.719000000000000000e+03,3.643571176734958783e+00
9.720000000000000000e+03,3.654936718184667477e+00
9.721000000000000000e+03,3.939227847692066131e+00
9.722000000000000000e+03,3.686363994051802706e+00
9.723000000000000000e+03,3.549924483624516736e+00
9.724000000000000000e+03,3.623319194125641296e+00
9.725000000000000000e+03,3.833996700555835524e+00
9.726000000000000000e+03,3.540570993540987921e+00
9.727000000000000000e+03,3.761501213382358433e+00
9.728000000000000000e+03,3.964355486704314036e+00
9.729000000000000000e+03,3.440632943912158570e+00
9.730000000000000000e+03,3.580638804055626068e+00
9.731000000000000000e+03,3.655813121834455615e+00
9.732000000000000000e+03,3.808712148427408462e+00
9.733000000000000000e+03,3.713966755455714974e+00
9.734000000000000000e+03,3.882231535504645503e+00
9.735000000000000000e+03,3.543331149793012891e+00
9.736000000000000000e+03,4.046680797308614075e+00
9.737000000000000000e+03,3.298250501668258394e+00
9.738000000000000000e+03,3.835911221419876949e+00
9.739000000000000000e+03,3.580814080278833078e+00
9.740000000000000000e+03,3.494747654825676175e+00
9.741000000000000000e+03,3.859161045845804328e+00
9.742000000000000000e+03,3.512921199040853093e+00
9.743000000000000000e+03,3.734494039978449642e+00
9.744000000000000000e+03,3.822606777071137607e+00
9.745000000000000000e+03,3.841366708387028872e+00
9.746000000000000000e+03,4.097770944304554241e+00
9.747000000000000000e+03,3.722909375989607472e+00
9.748000000000000000e+03,3.964527822644073662e+00
9.749000000000000000e+03,3.711370954911220377e+00
9.750000000000000000e+03,3.436718698115316162e+00
9.751000000000000000e+03,3.839243277935819432e+00
9.752000000000000000e+03,3.972468888747503257e+00
9.753000000000000000e+03,3.806194879707976320e+00
9.754000000000000000e+03,3.778007416913372385e+00
9.755000000000000000e+03,3.537091407935530007e+00
9.756000000000000000e+03,3.867826562436503135e+00
9.757000000000000000e+03,3.686719690056362797e+00
9.758000000000000000e+03,3.688519029263299664e+00
9.759000000000000000e+03,3.775850194225191192e+00
9.760000000000000000e+03,3.589506751042295551e+00
9.761000000000000000e+03,3.461461205307861277e+00
9.762000000000000000e+03,4.199349643037078472e+00
9.763000000000000000e+03,3.762433430790733002e+00
9.764000000000000000e+03,3.573415333445450148e+00
9.765000000000000000e+03,3.698895119819554544e+00
9.766000000000000000e+03,4.024637776886638818e+00
9.767000000000000000e+03,4.062617549164049713e+00
9.768000000000000000e+03,3.922895090598526924e+00
9.769000000000000000e+03,3.966757054425770423e+00
9.770000000000000000e+03,3.420670932360502903e+00
9.771000000000000000e+03,3.756760180395588566e+00
9.772000000000000000e+03,4.009026644223081526e+00
9.773000000000000000e+03,3.793564306476540970e+00
9.774000000000000000e+03,3.621513684607537087e+00
9.775000000000000000e+03,3.841427595287582264e+00
9.776000000000000000e+03,3.565185020557113393e+00
9.777000000000000000e+03,3.583055471411075832e+00
9.778000000000000000e+03,3.676228648666724386e+00
9.779000000000000000e+03,3.894679565343718952e+00
9.780000000000000000e+03,3.889247269664570794e+00
9.781000000000000000e+03,3.367297918440871562e+00
9.782000000000000000e+03,3.857674735287061729e+00
9.783000000000000000e+03,3.750870630182669530e+00
9.784000000000000000e+03,3.817218706125229399e+00
9.785000000000000000e+03,4.136396886229062986e+00
9.786000000000000000e+03,3.725339405693215422e+00
9.787000000000000000e+03,3.817662379084802549e+00
9.788000000000000000e+03,3.728759031465795459e+00
9.789000000000000000e+03,3.583620895924206184e+00
9.790000000000000000e+03,3.748839505602500566e+00
9.791000000000000000e+03,3.510372126964184769e+00
9.792000000000000000e+03,3.528289638779460891e+00
9.793000000000000000e+03,3.336737592097709371e+00
9.794000000000000000e+03,3.519803400832932194e+00
9.795000000000000000e+03,3.580069420979109740e+00
9.796000000000000000e+03,3.553075289263455616e+00
9.797000000000000000e+03,3.344947533334222012e+00
9.798000000000000000e+03,4.063408975657175404e+00
9.799000000000000000e+03,3.639953098824294297e+00
9.800000000000000000e+03,3.889289360871102108e+00
9.801000000000000000e+03,3.620384390790449824e+00
9.802000000000000000e+03,3.705792711709993359e+00
9.803000000000000000e+03,3.766939940038692480e+00
9.804000000000000000e+03,3.657208152735596407e+00
9.805000000000000000e+03,3.994262598029580058e+00
9.806000000000000000e+03,3.503127712780507164e+00
9.807000000000000000e+03,3.592659389157075722e+00
9.808000000000000000e+03,3.862478849989619434e+00
9.809000000000000000e+03,3.637972266877863792e+00
9.810000000000000000e+03,3.761721706141113675e+00
9.811000000000000000e+03,3.643697189103113576e+00
9.812000000000000000e+03,3.971525826821034055e+00
9.813000000000000000e+03,3.856027930568800777e+00
9.814000000000000000e+03,3.660929623875035510e+00
9.815000000000000000e+03,4.016271863937026509e+00
9.816000000000000000e+03,3.983725207139062974e+00
9.817000000000000000e+03,3.842841802886696190e+00
9.818000000000000000e+03,3.726754889839664298e+00
9.819000000000000000e+03,3.752906348541597215e+00
9.820000000000000000e+03,3.733067203734879325e+00
9.821000000000000000e+03,3.856842532829444448e+00
9.822000000000000000e+03,3.904383176467684180e+00
9.823000000000000000e+03,3.843919571483280784e+00
9.824000000000000000e+03,3.876135269291059782e+00
9.825000000000000000e+03,3.596543162468503141e+00
9.826000000000000000e+03,3.674048467981302579e+00
9.827000000000000000e+03,3.683064014448341972e+00
9.828000000000000000e+03,3.429129107069755822e+00
9.829000000000000000e+03,3.768954768749769979e+00
9.830000000000000000e+03,3.756064044489832110e+00
9.831000000000000000e+03,3.563776890245576201e+00
9.832000000000000000e+03,3.742066729170688166e+00
9.833000000000000000e+03,3.657134544611492899e+00
9.834000000000000000e+03,3.660407505682546692e+00
9.835000000000000000e+03,3.766982672914976682e+00
9.836000000000000000e+03,3.811958028251799302e+00
9.837000000000000000e+03,3.709595826865388357e+00
9.838000000000000000e+03,3.812901437008258565e+00
9.839000000000000000e+03,3.904609788619635591e+00
9.840000000000000000e+03,3.628007740867301045e+00
9.841000000000000000e+03,3.700653564711915866e+00
9.842000000000000000e+03,3.663381141908220950e+00
9.843000000000000000e+03,4.006133706229861424e+00
9.844000000000000000e+03,3.644847535024122287e+00
9.845000000000000000e+03,3.804342860894844414e+00
9.846000000000000000e+03,3.956619025846127791e+00
9.847000000000000000e+03,3.744061648010076571e+00
9.848000000000000000e+03,3.890235996021451204e+00
9.849000000000000000e+03,3.768148419080010303e+00
9.850000000000000000e+03,3.606097058444206915e+00
9.851000000000000000e+03,3.727239330839909659e+00
9.852000000000000000e+03,3.888599064656998561e+00
9.853000000000000000e+03,3.678875804414220241e+00
9.854000000000000000e+03,3.840583843853722090e+00
9.855000000000000000e+03,3.671861560950158143e+00
9.856000000000000000e+03,3.494283036114342433e+00
9.857000000000000000e+03,3.692807151061493265e+00
9.858000000000000000e+03,3.747400303537881783e+00
9.859000000000000000e+03,3.848924560409295204e+00
9.860000000000000000e+03,3.682960465128441108e+00
9.861000000000000000e+03,3.548693789223010597e+00
9.862000000000000000e+03,3.908964441623127062e+00
9.863000000000000000e+03,3.746584289084546882e+00
9.864000000000000000e+03,3.530087352288589386e+00
9.865000000000000000e+03,3.605280345771440853e+00
9.866000000000000000e+03,3.377777044871812073e+00
9.867000000000000000e+03,3.679686179807676982e+00
9.868000000000000000e+03,3.761243916157683387e+00
9.869000000000000000e+03,3.921254398691652376e+00
9.870000000000000000e+03,3.688678722666280496e+00
9.871000000000000000e+03,3.728333379443046880e+00
9.872000000000000000e+03,3.737919555376624903e+00
9.873000000000000000e+03,3.692971778268552274e+00
9.874000000000000000e+03,3.979754947562006873e+00
9.875000000000000000e+03,4.004764061433513156e+00
9.876000000000000000e+03,3.484607140952339588e+00
9.877000000000000000e+03,3.710980216252576902e+00
9.878000000000000000e+03,4.118890881448698416e+00
9.879000000000000000e+03,3.848779547585180705e+00
9.880000000000000000e+03,3.733518063548947996e+00
9.881000000000000000e+03,3.704526815217311864e+00
9.882000000000000000e+03,3.689375977921321770e+00
9.883000000000000000e+03,3.633183412210654328e+00
9.884000000000000000e+03,3.598257038561872179e+00
9.885000000000000000e+03,3.766269393273262711e+00
9.886000000000000000e+03,3.540414923118531565e+00
9.887000000000000000e+03,3.740069472017665930e+00
9.888000000000000000e+03,3.999635781142626190e+00
9.889000000000000000e+03,3.517087789540230158e+00
9.890000000000000000e+03,3.832193501572183969e+00
9.891000000000000000e+03,4.076147990687450040e+00
9.892000000000000000e+03,3.735918849637132944e+00
9.893000000000000000e+03,3.647755226752986690e+00
9.894000000000000000e+03,3.554014143957465510e+00
9.895000000000000000e+03,3.414039750634043635e+00
9.896000000000000000e+03,3.666110720094954978e+00
9.897000000000000000e+03,3.829305736961050144e+00
9.898000000000000000e+03,3.672448188758008492e+00
9.899000000000000000e+03,3.714928141880000645e+00
9.900000000000000000e+03,3.452275938548072798e+00
9.901000000000000000e+03,3.556410016926133455e+00
9.902000000000000000e+03,3.890331193815771194e+00
9.903000000000000000e+03,3.883070138484129075e+00
9.904000000000000000e+03,3.696588128015469987e+00
9.905000000000000000e+03,4.008805977437739365e+00
9.906000000000000000e+03,3.547772465580067536e+00
9.907000000000000000e+03,3.760987391988398709e+00
9.908000000000000000e+03,3.625563848817122903e+00
9.909000000000000000e+03,3.734918346620707208e+00
9.910000000000000000e+03,3.937752728435830907e+00
9.911000000000000000e+03,3.713864854766870671e+00
9.912000000000000000e+03,3.861487717528772734e+00
9.913000000000000000e+03,3.780486662181062663e+00
9.914000000000000000e+03,3.451320393494522243e+00
9.915000000000000000e+03,3.804556665219319900e+00
9.916000000000000000e+03,3.575859341441907091e+00
9.917000000000000000e+03,3.695290844427612686e+00
9.918000000000000000e+03,3.682541659348665952e+00
9.919000000000000000e+03,4.155733259375612221e+00
9.920000000000000000e+03,3.713410690379501222e+00
9.921000000000000000e+03,4.018700317565001789e+00
9.922000000000000000e+03,3.817148602358304110e+00
9.923000000000000000e+03,3.629283935241983450e+00
9.924000000000000000e+03,3.935423291946527957e+00
9.925000000000000000e+03,3.848159726394174029e+00
9.926000000000000000e+03,3.685402665979784054e+00
9.927000000000000000e+03,3.654740093519267763e+00
9.928000000000000000e+03,3.663581095073316973e+00
9.929000000000000000e+03,3.909706197699357233e+00
9.930000000000000000e+03,3.796231081494380266e+00
9.931000000000000000e+03,4.046438091212645638e+00
9.932000000000000000e+03,3.680911043277329764e+00
9.933000000000000000e+03,3.796574197581312760e+00
9.934000000000000000e+03,3.672188358175600076e+00
9.935000000000000000e+03,3.909092365772846911e+00
9.936000000000000000e+03,3.844985172379305371e+00
9.937000000000000000e+03,3.658751686819557314e+00
9.938000000000000000e+03,3.640411785943278744e+00
9.939000000000000000e+03,4.074016358593615550e+00
9.940000000000000000e+03,3.946513138591309922e+00
9.941000000000000000e+03,3.723643292945986172e+00
9.942000000000000000e+03,3.809152575302338306e+00
9.943000000000000000e+03,4.093105186545137997e+00
9.944000000000000000e+03,3.772842662446475703e+00
9.945000000000000000e+03,3.832972561358498176e+00
9.946000000000000000e+03,3.850475498243997485e+00
9.947000000000000000e+03,3.608910164823363242e+00
9.948000000000000000e+03,3.858813769259090698e+00
9.949000000000000000e+03,3.881700192631484025e+00
9.950000000000000000e+03,3.590843201506031868e+00
9.951000000000000000e+03,3.800262277049589965e+00
9.952000000000000000e+03,3.698123214938900727e+00
9.953000000000000000e+03,3.740372505049007756e+00
9.954000000000000000e+03,3.618519910405099793e+00
9.955000000000000000e+03,3.671834079134857820e+00
9.956000000000000000e+03,3.823222239732256611e+00
9.957000000000000000e+03,3.371221670493665723e+00
9.958000000000000000e+03,3.493499768830031549e+00
9.959000000000000000e+03,3.640159976759274496e+00
9.960000000000000000e+03,4.166761866935755343e+00
9.961000000000000000e+03,3.507139185116015856e+00
9.962000000000000000e+03,4.098239215650087530e+00
9.963000000000000000e+03,3.521164551864201187e+00
9.964000000000000000e+03,3.786029978656137551e+00
9.965000000000000000e+03,3.741659645004375534e+00
9.966000000000000000e+03,4.181330445479385816e+00
9.967000000000000000e+03,3.933112914304493835e+00
9.968000000000000000e+03,3.822047601539622530e+00
9.969000000000000000e+03,3.832210416857715796e+00
9.970000000000000000e+03,3.742602455365620973e+00
9.971000000000000000e+03,3.990864493471420360e+00
9.972000000000000000e+03,3.709535547036031389e+00
9.973000000000000000e+03,3.635097980618628988e+00
9.974000000000000000e+03,3.875786580662008873e+00
9.975000000000000000e+03,3.712482662675587353e+00
9.976000000000000000e+03,4.208736782673816457e+00
9.977000000000000000e+03,3.637710752337860676e+00
9.978000000000000000e+03,3.426898129671413606e+00
9.979000000000000000e+03,3.914680614622470856e+00
9.980000000000000000e+03,3.753033984379302801e+00
9.981000000000000000e+03,3.741283344416192591e+00
9.982000000000000000e+03,3.900274488426866526e+00
9.983000000000000000e+03,3.591211633095035438e+00
9.984000000000000000e+03,3.781040072167504373e+00
9.985000000000000000e+03,3.977264153447739758e+00
9.986000000000000000e+03,4.093040093025214432e+00
9.987000000000000000e+03,3.512582843243090558e+00
9.988000000000000000e+03,3.916545818456351746e+00
9.989000000000000000e+03,3.717922973321759361e+00
9.990000000000000000e+03,3.720244665415282981e+00
9.991000000000000000e+03,3.952470284297669334e+00
9.992000000000000000e+03,3.550927644569635611e+00
9.993000000000000000e+03,4.048552877902610092e+00
9.994000000000000000e+03,3.667847014647811488e+00
9.995000000000000000e+03,3.853744687233600086e+00
9.996000000000000000e+03,3.443844846327675402e+00
9.997000000000000000e+03,3.759460326519929119e+00
9.998000000000000000e+03,3.877045817301106645e+00
9.999000000000000000e+03,3.733897597035469307e+00
1.000000000000000000e+04,4.210435322365637667e+00
1.000100000000000000e+04,4.146693400268260277e+00
1.000200000000000000e+04,3.459853953946921745e+00
1.000300000000000000e+04,3.836710754374650811e+00
1.000400000000000000e+04,3.943849212612171584e+00
1.000500000000000000e+04,3.740866589086949023e+00
1.000600000000000000e+04,3.600688733787422269e+00
1.000700000000000000e+04,4.089047905928971716e+00
1.000800000000000000e+04,3.872532087502187359e+00
1.000900000000000000e+04,3.847038440651146640e+00
1.001000000000000000e+04,3.568010790312595937e+00
1.001100000000000000e+04,3.676047054061334585e+00
1.001200000000000000e+04,4.059806288737386026e+00
1.001300000000000000e+04,3.747418218117431365e+00
1.001400000000000000e+04,3.649914610183814023e+00
1.001500000000000000e+04,3.832200845792027355e+00
1.001600000000000000e+04,3.671048372812813376e+00
1.001700000000000000e+04,3.851151960553993892e+00
1.001800000000000000e+04,4.146390634963227129e+00
1.001900000000000000e+04,3.982725119459004759e+00
1.002000000000000000e+04,3.778493734169345863e+00
1.002100000000000000e+04,3.870343562363599776e+00
1.002200000000000000e+04,3.976369803505327205e+00
1.002300000000000000e+04,3.777324111927915951e+00
1.002400000000000000e+04,3.882392511951279435e+00
1.002500000000000000e+04,3.681612825752762941e+00
1.002600000000000000e+04,3.562918886497364213e+00
1.002700000000000000e+04,4.055179189331639122e+00
1.002800000000000000e+04,4.043600035911658175e+00
1.002900000000000000e+04,3.524699090368915044e+00
1.003000000000000000e+04,4.012622367804501877e+00
1.003100000000000000e+04,3.902732378878111863e+00
1.003200000000000000e+04,3.896599578697070410e+00
1.003300000000000000e+04,3.556181545738945626e+00
1.003400000000000000e+04,3.960161428006422568e+00
1.003500000000000000e+04,3.910065776010393623e+00
1.003600000000000000e+04,3.657091936682305366e+00
1.003700000000000000e+04,3.517355243015755750e+00
1.003800000000000000e+04,3.743830751147768421e+00
1.003900000000000000e+04,3.880482063998384579e+00
1.004000000000000000e+04,3.661291515408083619e+00
1.004100000000000000e+04,3.632308627957381297e+00
1.004200000000000000e+04,3.692714457430594788e+00
1.004300000000000000e+04,3.365826511787009423e+00
1.004400000000000000e+04,3.809728036357064251e+00
1.004500000000000000e+04,3.528866475708864581e+00
1.004600000000000000e+04,3.781073682313336626e+00
1.004700000000000000e+04,3.807851233012276904e+00
1.004800000000000000e+04,3.982824411394444653e+00
1.004900000000000000e+04,3.562667519805368332e+00
1.005000000000000000e+04,3.321518993345879522e+00
1.005100000000000000e+04,4.031502418027924861e+00
1.005200000000000000e+04,3.439528351682175078e+00
1.005300000000000000e+04,3.518072657939619319e+00
1.005400000000000000e+04,3.920800394726995819e+00
1.005500000000000000e+04,3.925851096749710223e+00
1.005600000000000000e+04,3.724683655990425279e+00
1.005700000000000000e+04,3.745627394147041045e+00
1.005800000000000000e+04,3.685132532083954526e+00
1.005900000000000000e+04,3.538575413755520760e+00
1.006000000000000000e+04,3.832291146050299968e+00
1.006100000000000000e+04,3.884731605447128366e+00
1.006200000000000000e+04,3.558552242338695493e+00
1.006300000000000000e+04,3.752746732129043306e+00
1.006400000000000000e+04,3.635717209349385470e+00
1.006500000000000000e+04,3.404697054108035914e+00
1.006600000000000000e+04,3.546070366368411442e+00
1.006700000000000000e+04,3.527800656465153839e+00
1.006800000000000000e+04,3.863887694597050615e+00
1.006900000000000000e+04,3.716451486579732233e+00
1.007000000000000000e+04,3.959205846610577506e+00
1.007100000000000000e+04,3.616423323723956695e+00
1.007200000000000000e+04,3.783519230404766898e+00
1.007300000000000000e+04,4.030674533912375068e+00
1.007400000000000000e+04,3.548635391314316045e+00
1.007500000000000000e+04,3.846043951462399857e+00
1.007600000000000000e+04,4.077320168573516312e+00
1.007700000000000000e+04,3.589490168270091708e+00
1.007800000000000000e+04,3.687028498017776990e+00
1.007900000000000000e+04,3.790084002546393549e+00
1.008000000000000000e+04,4.086748161459566653e+00
1.008100000000000000e+04,3.704036332321790859e+00
1.008200000000000000e+04,3.749105790826099849e+00
1.008300000000000000e+04,3.851561676739351459e+00
1.008400000000000000e+04,3.822846995638700118e+00
1.008500000000000000e+04,4.014057950078963266e+00
1.008600000000000000e+04,3.766957675734587951e+00
1.008700000000000000e+04,3.966998678432856362e+00
1.008800000000000000e+04,3.689074027721576332e+00
1.008900000000000000e+04,3.517542264922536521e+00
1.009000000000000000e+04,3.909037638343588750e+00
1.009100000000000000e+04,4.013417996539816457e+00
1.009200000000000000e+04,3.875110489670647862e+00
1.009300000000000000e+04,3.659822206352720375e+00
1.009400000000000000e+04,3.514712492217783257e+00
1.009500000000000000e+04,3.707703728472516058e+00
1.009600000000000000e+04,4.000496264314599593e+00
1.009700000000000000e+04,3.953943229787334701e+00
1.009800000000000000e+04,3.711673482482152675e+00
1.009900000000000000e+04,3.701275953778406791e+00
1.010000000000000000e+04,3.542553599048241075e+00
1.010100000000000000e+04,3.901680100514296701e+00
1.010200000000000000e+04,3.384345318349792908e+00
1.010300000000000000e+04,3.934799070826127565e+00
1.010400000000000000e+04,3.475038315780836662e+00
1.010500000000000000e+04,3.981245684498381010e+00
1.010600000000000000e+04,3.997667961194993680e+00
1.010700000000000000e+04,3.616506247789136985e+00
1.010800000000000000e+04,3.689865839113121826e+00
1.010900000000000000e+04,3.573906244631650519e+00
1.011000000000000000e+04,3.797050590929408109e+00
1.011100000000000000e+04,3.443847424164999005e+00
1.011200000000000000e+04,3.872455062230261813e+00
1.011300000000000000e+04,3.956031832079467847e+00
1.011400000000000000e+04,3.516054930438902382e+00
1.011500000000000000e+04,3.725724169255853369e+00
1.011600000000000000e+04,3.698685647171824797e+00
1.011700000000000000e+04,4.006983700095030798e+00
1.011800000000000000e+04,3.940298270627717425e+00
1.011900000000000000e+04,3.887332192578153212e+00
1.012000000000000000e+04,3.702224967153191937e+00
1.012100000000000000e+04,3.776222054172031939e+00
1.012200000000000000e+04,3.699469233677697755e+00
1.012300000000000000e+04,4.010788208285795520e+00
1.012400000000000000e+04,3.755158746733516129e+00
1.012500000000000000e+04,3.748101469740074965e+00
1.012600000000000000e+04,3.736284757218813812e+00
1.012700000000000000e+04,3.845641159322914504e+00
1.012800000000000000e+04,3.841745847847062745e+00
1.012900000000000000e+04,4.049273343436204264e+00
1.013000000000000000e+04,4.081837854361801021e+00
1.013100000000000000e+04,3.433363755762369074e+00
1.013200000000000000e+04,4.027683240005077714e+00
1.013300000000000000e+04,3.917319327325907263e+00
1.013400000000000000e+04,3.738123439917577784e+00
1.013500000000000000e+04,3.598737627910250758e+00
1.013600000000000000e+04,3.770970791277669765e+00
1.013700000000000000e+04,3.828927706678405318e+00
1.013800000000000000e+04,3.924618465178173032e+00
1.013900000000000000e+04,3.612965252694215756e+00
1.014000000000000000e+04,3.791049508206732366e+00
1.014100000000000000e+04,3.661459485398298241e+00
1.014200000000000000e+04,3.972590542182512063e+00
1.014300000000000000e+04,3.877718117972478229e+00
1.014400000000000000e+04,3.627805929900360216e+00
1.014500000000000000e+04,3.882649850073823128e+00
1.014600000000000000e+04,3.915968010688493983e+00
1.014700000000000000e+04,3.803468940375518414e+00
1.014800000000000000e+04,3.868414439729060295e+00
1.014900000000000000e+04,3.840332007495853350e+00
1.015000000000000000e+04,3.934695824065643777e+00
1.015100000000000000e+04,4.097669711893987099e+00
1.015200000000000000e+04,4.072001089331743096e+00
1.015300000000000000e+04,3.579786221934635027e+00
1.015400000000000000e+04,3.738513355295754792e+00
1.015500000000000000e+04,3.714154250908548782e+00
1.015600000000000000e+04,3.736620288144555158e+00
1.015700000000000000e+04,3.688170589620119344e+00
1.015800000000000000e+04,3.772259714194207358e+00
1.015900000000000000e+04,3.827350504527641473e+00
1.016000000000000000e+04,3.670886311368584121e+00
1.016100000000000000e+04,3.471670167448371647e+00
1.016200000000000000e+04,4.031158896219046994e+00
1.016300000000000000e+04,3.829590799673553647e+00
1.016400000000000000e+04,3.776223278681250850e+00
1.016500000000000000e+04,4.083663890751834558e+00
1.016600000000000000e+04,3.519959132599179696e+00
1.016700000000000000e+04,3.708771873005693553e+00
1.016800000000000000e+04,3.961168985037161860e+00
1.016900000000000000e+04,3.638481397531463379e+00
1.017000000000000000e+04,3.747195903057718880e+00
1.017100000000000000e+04,3.939893006369418860e+00
1.017200000000000000e+04,3.980750210871096151e+00
1.017300000000000000e+04,4.054181594792323651e+00
1.017400000000000000e+04,3.663425957674711686e+00
1.017500000000000000e+04,3.543415190433027551e+00
1.017600000000000000e+04,3.609886217648812234e+00
1.017700000000000000e+04,3.795931050841255594e+00
1.017800000000000000e+04,3.824456139294271306e+00
1.017900000000000000e+04,3.602154427978530471e+00
1.018000000000000000e+04,4.311010903334034694e+00
1.018100000000000000e+04,3.650232682608059331e+00
1.018200000000000000e+04,3.605257680517973018e+00
1.018300000000000000e+04,3.750218934197261156e+00
1.018400000000000000e+04,3.789587554642107392e+00
1.018500000000000000e+04,3.579669469538238946e+00
1.018600000000000000e+04,3.980058782107858129e+00
1.018700000000000000e+04,3.701553919957232264e+00
1.018800000000000000e+04,3.614108176073763889e+00
1.018900000000000000e+04,3.876585947347782835e+00
1.019000000000000000e+04,3.308253990263462008e+00
1.019100000000000000e+04,3.532094441737574364e+00
1.019200000000000000e+04,3.667789998354025638e+00
1.019300000000000000e+04,3.747622793750192471e+00
1.019400000000000000e+04,3.300354883721414279e+00
1.019500000000000000e+04,3.927461117572608185e+00
1.019600000000000000e+04,3.909533029919386227e+00
1.019700000000000000e+04,4.001053418604477052e+00
1.019800000000000000e+04,3.807507911838424963e+00
1.019900000000000000e+04,3.754205663363621159e+00
1.020000000000000000e+04,4.141234400743293520e+00
1.020100000000000000e+04,3.604661539601907716e+00
1.020200000000000000e+04,3.714332998395821761e+00
1.020300000000000000e+04,3.598075584005651084e+00
1.020400000000000000e+04,3.542701073244735710e+00
1.020500000000000000e+04,3.972592810801915508e+00
1.020600000000000000e+04,3.549745063455970850e+00
1.020700000000000000e+04,3.579858229353698018e+00
1.020800000000000000e+04,3.934962351230788968e+00
1.020900000000000000e+04,3.650183956367590188e+00
1.021000000000000000e+04,3.785015111130801024e+00
1.021100000000000000e+04,3.756941833974460465e+00
1.021200000000000000e+04,3.766727034847437761e+00
1.021300000000000000e+04,3.701299310380149254e+00
1.021400000000000000e+04,3.780064817315223369e+00
1.021500000000000000e+04,3.609809291825650579e+00
1.021600000000000000e+04,3.759703086638833014e+00
1.021700000000000000e+04,3.575561829684765769e+00
1.021800000000000000e+04,3.734921408034518997e+00
1.021900000000000000e+04,3.383830260281480928e+00
1.022000000000000000e+04,3.845732809185567369e+00
1.022100000000000000e+04,3.999082226089972991e+00
1.022200000000000000e+04,3.793014130691973573e+00
1.022300000000000000e+04,3.798289053300591078e+00
1.022400000000000000e+04,4.223006563566473304e+00
1.022500000000000000e+04,3.697050796287574492e+00
1.022600000000000000e+04,3.443785864147959508e+00
1.022700000000000000e+04,3.976136742380594224e+00
1.022800000000000000e+04,3.676818731955164843e+00
1.022900000000000000e+04,3.940556166607759536e+00
1.023000000000000000e+04,3.689454812619913593e+00
1.023100000000000000e+04,3.746369381710604518e+00
1.023200000000000000e+04,4.009399722806477939e+00
1.023300000000000000e+04,3.789914885146798973e+00
1.023400000000000000e+04,3.574711358173372489e+00
1.023500000000000000e+04,4.065312632182586761e+00
1.023600000000000000e+04,3.645654399256983869e+00
1.023700000000000000e+04,3.593999102472507978e+00
1.023800000000000000e+04,3.803428611954216887e+00
1.023900000000000000e+04,3.783498706198543893e+00
1.024000000000000000e+04,3.642190664472606088e+00
1.024100000000000000e+04,3.710820716510176087e+00
1.024200000000000000e+04,3.922035394040644718e+00
1.024300000000000000e+04,3.552214215668304753e+00
1.024400000000000000e+04,3.793250700336259662e+00
1.024500000000000000e+04,3.601396786660692850e+00
1.024600000000000000e+04,3.708979836323839763e+00
1.024700000000000000e+04,3.814447175489918074e+00
1.024800000000000000e+04,3.634490170255928465e+00
1.024900000000000000e+04,3.617691062921003731e+00
1.025000000000000000e+04,3.793429651961005344e+00
1.025100000000000000e+04,3.802469839757347980e+00
1.025200000000000000e+04,3.672527154703284946e+00
1.025300000000000000e+04,3.948009041317736223e+00
1.025400000000000000e+04,3.878071786326900749e+00
1.025500000000000000e+04,3.975066908471997174e+00
1.025600000000000000e+04,3.752787779809474866e+00
1.025700000000000000e+04,3.643398174493894359e+00
1.025800000000000000e+04,3.575890003864474309e+00
1.025900000000000000e+04,3.910063894082641767e+00
1.026000000000000000e+04,3.806840460222257416e+00
1.026100000000000000e+04,3.624800749502463226e+00
1.026200000000000000e+04,3.839349550479853157e+00
1.026300000000000000e+04,3.615404632766292092e+00
1.026400000000000000e+04,3.718631848743962909e+00
1.026500000000000000e+04,3.553739308818688603e+00
1.026600000000000000e+04,3.890969857474842364e+00
1.026700000000000000e+04,3.639959162014662741e+00
1.026800000000000000e+04,3.736918764780361446e+00
1.026900000000000000e+04,3.693866519624277700e+00
1.027000000000000000e+04,4.190671156201678293e+00
1.027100000000000000e+04,3.909947136903727305e+00
1.027200000000000000e+04,3.790173422488513744e+00
1.027300000000000000e+04,3.645697032287566142e+00
1.027400000000000000e+04,3.731640771658925271e+00
1.027500000000000000e+04,3.654589178668219862e+00
1.027600000000000000e+04,3.888939583382026832e+00
1.027700000000000000e+04,4.018762563842399160e+00
1.027800000000000000e+04,3.457824420916102870e+00
1.027900000000000000e+04,3.584680809952827119e+00
1.028000000000000000e+04,3.914093493404706248e+00
1.028100000000000000e+04,3.726404362252206948e+00
1.028200000000000000e+04,3.895704290565129124e+00
1.028300000000000000e+04,3.644153726497684875e+00
1.028400000000000000e+04,3.611940884032649457e+00
1.028500000000000000e+04,4.362517929237567316e+00
1.028600000000000000e+04,3.715486115569365033e+00
1.028700000000000000e+04,3.732050409649482425e+00
1.028800000000000000e+04,3.902001534251871462e+00
1.028900000000000000e+04,3.656435747782447176e+00
1.029000000000000000e+04,3.643530451561411976e+00
1.029100000000000000e+04,3.634972176626964480e+00
1.029200000000000000e+04,3.886433239406616114e+00
1.029300000000000000e+04,3.734236458685208149e+00
1.029400000000000000e+04,3.571023057148322799e+00
1.029500000000000000e+04,3.855196842311399141e+00
1.029600000000000000e+04,3.876410285628650865e+00
1.029700000000000000e+04,3.985712957469943252e+00
1.029800000000000000e+04,3.576994167410157299e+00
1.029900000000000000e+04,3.738699922251180308e+00
1.030000000000000000e+04,3.785336111311539575e+00
1.030100000000000000e+04,3.828660168490940485e+00
1.030200000000000000e+04,3.816143618132043613e+00
1.030300000000000000e+04,3.595220341021262200e+00
1.030400000000000000e+04,3.710059650684083721e+00
1.030500000000000000e+04,3.566851920819825938e+00
1.030600000000000000e+04,3.847691756780325711e+00
1.030700000000000000e+04,3.540129820058678156e+00
1.030800000000000000e+04,3.817991490456749126e+00
1.030900000000000000e+04,3.799574088785340198e+00
1.031000000000000000e+04,3.737864700056962253e+00
1.031100000000000000e+04,3.680403510028393388e+00
1.031200000000000000e+04,3.924403860639126052e+00
1.031300000000000000e+04,3.943084654320541116e+00
1.031400000000000000e+04,4.126348418106537963e+00
1.031500000000000000e+04,3.534974070576441196e+00
1.031600000000000000e+04,3.939342062832102087e+00
1.031700000000000000e+04,3.611634760840412461e+00
1.031800000000000000e+04,3.586463828228097395e+00
1.031900000000000000e+04,3.854001545111219951e+00
1.032000000000000000e+04,3.481897744052703914e+00
1.032100000000000000e+04,3.927278907006737096e+00
1.032200000000000000e+04,3.631984721511572367e+00
1.032300000000000000e+04,3.615541648853644485e+00
1.032400000000000000e+04,3.836743809534790106e+00
1.032500000000000000e+04,3.769827604395489917e+00
1.032600000000000000e+04,3.562779478821661794e+00
1.032700000000000000e+04,3.683422932638984904e+00
1.032800000000000000e+04,3.931274327211409680e+00
1.032900000000000000e+04,3.903953850336626008e+00
1.033000000000000000e+04,4.004147423426356767e+00
1.033100000000000000e+04,3.783999917259239343e+00
1.033200000000000000e+04,3.919935230589917108e+00
1.033300000000000000e+04,3.858282475313035143e+00
1.033400000000000000e+04,3.584847330925394537e+00
1.033500000000000000e+04,3.866394759969279615e+00
1.033600000000000000e+04,3.611670470567965197e+00
1.033700000000000000e+04,3.632886799422751611e+00
1.033800000000000000e+04,3.422319559949543955e+00
1.033900000000000000e+04,3.583137776323159329e+00
1.034000000000000000e+04,3.723312328140212735e+00
1.034100000000000000e+04,3.705461932409501724e+00
1.034200000000000000e+04,3.606472541155494316e+00
1.034300000000000000e+04,3.619176227495108034e+00
1.034400000000000000e+04,3.355946796845694191e+00
1.034500000000000000e+04,3.741219045823394485e+00
1.034600000000000000e+04,3.900055009247873627e+00
1.034700000000000000e+04,3.714211468774062830e+00
1.034800000000000000e+04,3.822566492862483400e+00
1.034900000000000000e+04,3.768295559987030252e+00
1.035000000000000000e+04,3.563921517664076610e+00
1.035100000000000000e+04,3.939431493563103182e+00
1.035200000000000000e+04,3.755262056720019892e+00
1.035300000000000000e+04,3.907572961205536100e+00
1.035400000000000000e+04,3.747817452116491754e+00
1.035500000000000000e+04,3.370256942844893189e+00
1.035600000000000000e+04,3.659300173919115551e+00
1.035700000000000000e+04,3.587519540070734703e+00
1.035800000000000000e+04,3.798962024692672745e+00
1.035900000000000000e+04,3.427165027554018195e+00
1.036000000000000000e+04,3.797335804089168043e+00
1.036100000000000000e+04,3.669114514178995812e+00
1.036200000000000000e+04,3.687318269405957860e+00
1.036300000000000000e+04,3.953154681450509855e+00
1.036400000000000000e+04,4.116403690315639352e+00
1.036500000000000000e+04,3.821691254832961349e+00
1.036600000000000000e+04,3.755398323406682337e+00
1.036700000000000000e+04,3.839327597647269386e+00
1.036800000000000000e+04,3.946487107841622599e+00
1.036900000000000000e+04,3.549687434023281352e+00
1.037000000000000000e+04,3.838455402941779671e+00
1.037100000000000000e+04,4.027587449536840225e+00
1.037200000000000000e+04,3.667654697662203311e+00
1.037300000000000000e+04,3.676889800081448278e+00
1.037400000000000000e+04,4.061451818879874054e+00
1.037500000000000000e+04,3.762658610113468249e+00
1.037600000000000000e+04,3.920416765494728395e+00
1.037700000000000000e+04,3.891461158018365118e+00
1.037800000000000000e+04,3.931272290441102601e+00
1.037900000000000000e+04,3.578820406901359608e+00
1.038000000000000000e+04,3.547864727026973863e+00
1.038100000000000000e+04,3.766471703574551189e+00
1.038200000000000000e+04,3.825285270625373713e+00
1.038300000000000000e+04,3.973213033207669831e+00
1.038400000000000000e+04,3.917846064938981687e+00
1.038500000000000000e+04,3.882972030856970402e+00
1.038600000000000000e+04,3.547008000795343285e+00
1.038700000000000000e+04,3.737532140025019878e+00
1.038800000000000000e+04,3.719773799739224174e+00
1.038900000000000000e+04,3.549211617471547786e+00
1.039000000000000000e+04,3.622429412825584283e+00
1.039100000000000000e+04,3.760584072962565472e+00
1.039200000000000000e+04,3.766739683706059605e+00
1.039300000000000000e+04,3.587161572332998372e+00
1.039400000000000000e+04,3.513433286263856647e+00
1.039500000000000000e+04,3.873165181383240618e+00
1.039600000000000000e+04,4.097642331041519981e+00
1.039700000000000000e+04,3.740831575720156010e+00
1.039800000000000000e+04,3.722279989345406825e+00
1.039900000000000000e+04,3.772357295457945181e+00
1.040000000000000000e+04,3.659179167764159413e+00
1.040100000000000000e+04,3.662406774250699382e+00
1.040200000000000000e+04,3.670738491967229677e+00
1.040300000000000000e+04,3.650183814429066143e+00
1.040400000000000000e+04,3.710484574141288405e+00
1.040500000000000000e+04,3.762746925612761029e+00
1.040600000000000000e+04,3.634843379100887173e+00
1.040700000000000000e+04,3.746466932422070073e+00
1.040800000000000000e+04,3.878820730881456402e+00
1.040900000000000000e+04,3.740240475641311679e+00
1.041000000000000000e+04,3.780560315550956396e+00
1.041100000000000000e+04,3.792848596677183881e+00
1.041200000000000000e+04,3.804794078432551796e+00
1.041300000000000000e+04,3.910460620287440126e+00
1.041400000000000000e+04,3.515422302937655452e+00
1.041500000000000000e+04,3.885301345390761441e+00
1.041600000000000000e+04,4.162277184048798873e+00
1.041700000000000000e+04,3.855416468440292732e+00
1.041800000000000000e+04,3.454465074913380285e+00
1.041900000000000000e+04,3.750334446909949992e+00
1.042000000000000000e+04,3.785012723525818856e+00
1.042100000000000000e+04,3.859009902950611970e+00
1.042200000000000000e+04,3.749587618328629191e+00
1.042300000000000000e+04,3.727384577471314131e+00
1.042400000000000000e+04,3.768514892666531058e+00
1.042500000000000000e+04,3.630595418155999177e+00
1.042600000000000000e+04,3.860611869606425994e+00
1.042700000000000000e+04,3.767406998071440416e+00
1.042800000000000000e+04,3.740359122147659754e+00
1.042900000000000000e+04,3.954272100640239263e+00
1.043000000000000000e+04,3.971339840835373280e+00
1.043100000000000000e+04,3.609830813538732919e+00
1.043200000000000000e+04,4.008731849025626737e+00
1.043300000000000000e+04,3.972313989026069692e+00
1.043400000000000000e+04,3.987692543940874579e+00
1.043500000000000000e+04,3.536367505686131452e+00
1.043600000000000000e+04,3.562907360340089369e+00
1.043700000000000000e+04,3.610980662049799061e+00
1.043800000000000000e+04,3.641208488278503186e+00
1.043900000000000000e+04,4.075719553100796588e+00
1.044000000000000000e+04,3.578441772783379271e+00
1.044100000000000000e+04,3.820236081266521477e+00
1.044200000000000000e+04,3.596117549892315690e+00
1.044300000000000000e+04,3.365986253497614378e+00
1.044400000000000000e+04,3.624307056722395171e+00
1.044500000000000000e+04,3.641240450688754571e+00
1.044600000000000000e+04,3.758515471246502315e+00
1.044700000000000000e+04,3.674606603070260213e+00
1.044800000000000000e+04,3.814158110737957408e+00
1.044900000000000000e+04,3.857036297994433927e+00
1.045000000000000000e+04,3.804990804574028385e+00
1.045100000000000000e+04,3.850550430803768354e+00
1.045200000000000000e+04,3.697043731771626707e+00
1.045300000000000000e+04,3.848631424276064639e+00
1.045400000000000000e+04,3.631450938219632718e+00
1.045500000000000000e+04,4.088000875434858905e+00
1.045600000000000000e+04,3.710255717767397599e+00
1.045700000000000000e+04,3.821929660706161247e+00
1.045800000000000000e+04,3.469755217751378851e+00
1.045900000000000000e+04,3.684323706117015540e+00
1.046000000000000000e+04,3.805371434972012690e+00
1.046100000000000000e+04,3.828144850242771291e+00
1.046200000000000000e+04,3.942457236236706741e+00
1.046300000000000000e+04,3.907072190920293675e+00
1.046400000000000000e+04,3.790086839081348469e+00
1.046500000000000000e+04,3.650031231362830475e+00
1.046600000000000000e+04,3.894770542115090439e+00
1.046700000000000000e+04,3.860930856589116278e+00
1.046800000000000000e+04,3.591666712531564887e+00
1.046900000000000000e+04,3.734317813684735032e+00
1.047000000000000000e+04,3.928423427851811311e+00
1.047100000000000000e+04,3.743335707663332901e+00
1.047200000000000000e+04,3.408481098707693224e+00
1.047300000000000000e+04,3.497929317747696665e+00
1.047400000000000000e+04,4.052908080870018637e+00
1.047500000000000000e+04,3.745569477211738718e+00
1.047600000000000000e+04,3.508726726072116442e+00
1.047700000000000000e+04,3.588373936180688784e+00
1.047800000000000000e+04,4.020963509033126826e+00
1.047900000000000000e+04,3.823424519574330382e+00
1.048000000000000000e+04,3.681974129040845423e+00
1.048100000000000000e+04,3.781400395691543626e+00
1.048200000000000000e+04,3.850582613565908474e+00
1.048300000000000000e+04,3.583674710941326058e+00
1.048400000000000000e+04,3.704512257766065186e+00
1.048500000000000000e+04,3.956113653946037978e+00
1.048600000000000000e+04,3.748858629453871938e+00
1.048700000000000000e+04,3.677862758464417237e+00
1.048800000000000000e+04,3.894298523929522027e+00
1.048900000000000000e+04,3.657987680407910780e+00
1.049000000000000000e+04,3.874315683023388690e+00
1.049100000000000000e+04,3.498495683690368008e+00
1.049200000000000000e+04,3.179346784405570947e+00
1.049300000000000000e+04,3.686888158784935143e+00
1.049400000000000000e+04,3.773044847580159900e+00
1.049500000000000000e+04,4.122544091067991801e+00
1.049600000000000000e+04,3.566085756852455102e+00
1.049700000000000000e+04,3.823279435445272156e+00
1.049800000000000000e+04,3.592205094697590972e+00
1.049900000000000000e+04,3.730961113785210337e+00
1.050000000000000000e+04,3.747689592620724319e+00
1.050100000000000000e+04,4.041220804540209599e+00
1.050200000000000000e+04,3.635227542306100013e+00
1.050300000000000000e+04,3.969127690036314604e+00
1.050400000000000000e+04,3.709662732434996890e+00
1.050500000000000000e+04,3.667238755683907669e+00
1.050600000000000000e+04,3.744824209425800632e+00
1.050700000000000000e+04,3.783355238254357378e+00
1.050800000000000000e+04,3.946928168994719321e+00
1.050900000000000000e+04,3.688834056482013235e+00
1.051000000000000000e+04,3.965851770696844802e+00
1.051100000000000000e+04,3.881521479741251390e+00
1.051200000000000000e+04,3.843028049780480515e+00
1.051300000000000000e+04,4.005153999290674172e+00
1.051400000000000000e+04,3.775453405716844291e+00
1.051500000000000000e+04,4.136081253124193502e+00
1.051600000000000000e+04,3.646318631901224183e+00
1.051700000000000000e+04,3.752203227039392353e+00
1.051800000000000000e+04,3.859818902766996462e+00
1.051900000000000000e+04,3.540160955305968749e+00
1.052000000000000000e+04,3.902001896062837094e+00
1.052100000000000000e+04,3.725055668344358750e+00
1.052200000000000000e+04,3.942332709416700443e+00
1.052300000000000000e+04,3.726943399682371538e+00
1.052400000000000000e+04,3.427280503388775212e+00
1.052500000000000000e+04,3.451708903998254918e+00
1.052600000000000000e+04,3.414303503914042803e+00
1.052700000000000000e+04,3.889329797181394266e+00
1.052800000000000000e+04,3.625712932250054088e+00
1.052900000000000000e+04,3.738742534545885565e+00
1.053000000000000000e+04,3.453772582308571426e+00
1.053100000000000000e+04,3.825074893540235443e+00
1.053200000000000000e+04,3.677690018604323097e+00
1.053300000000000000e+04,3.866985748764045550e+00
1.053400000000000000e+04,3.952224233362978456e+00
1.053500000000000000e+04,4.094875503356924185e+00
1.053600000000000000e+04,4.119464521019263081e+00
1.053700000000000000e+04,3.512218713229410039e+00
1.053800000000000000e+04,3.692203823208773716e+00
1.053900000000000000e+04,3.772320070448052398e+00
1.054000000000000000e+04,3.742667982163696117e+00
1.054100000000000000e+04,3.767435225453151570e+00
1.054200000000000000e+04,3.400102621814024673e+00
1.054300000000000000e+04,3.857981269838053340e+00
1.054400000000000000e+04,3.465908128906329377e+00
1.054500000000000000e+04,3.674992609680446609e+00
1.054600000000000000e+04,4.008060344999401003e+00
1.054700000000000000e+04,3.971059313226924292e+00
1.054800000000000000e+04,3.756435294557466609e+00
1.054900000000000000e+04,3.831084909779885805e+00
1.055000000000000000e+04,3.658632676879901791e+00
1.055100000000000000e+04,4.014986690172372974e+00
1.055200000000000000e+04,3.324182088955994541e+00
1.055300000000000000e+04,3.613039703428887250e+00
1.055400000000000000e+04,3.719255371520728382e+00
1.055500000000000000e+04,4.200508061876638166e+00
1.055600000000000000e+04,3.705719967426080341e+00
1.055700000000000000e+04,3.875513561599202017e+00
1.055800000000000000e+04,3.922116054284155329e+00
1.055900000000000000e+04,3.728661164014608786e+00
1.056000000000000000e+04,3.520390479764742508e+00
1.056100000000000000e+04,3.552391293804099348e+00
1.056200000000000000e+04,3.713716428090298116e+00
1.056300000000000000e+04,3.657887602168282903e+00
1.056400000000000000e+04,3.777929646652669504e+00
1.056500000000000000e+04,3.877776909477405276e+00
1.056600000000000000e+04,4.034971177584171897e+00
1.056700000000000000e+04,3.752847845139325234e+00
1.056800000000000000e+04,3.753886354407848902e+00
1.056900000000000000e+04,4.105501877400092425e+00
1.057000000000000000e+04,3.827728570082213899e+00
1.057100000000000000e+04,3.948417520619090126e+00
1.057200000000000000e+04,3.829588263610538501e+00
1.057300000000000000e+04,3.778414391163475106e+00
1.057400000000000000e+04,3.704995982090002027e+00
1.057500000000000000e+04,4.148687013306131988e+00
1.057600000000000000e+04,3.990447775910341388e+00
1.057700000000000000e+04,3.729967400575034286e+00
1.057800000000000000e+04,3.957549444188538601e+00
1.057900000000000000e+04,3.769398880779445626e+00
1.058000000000000000e+04,3.789973227278992773e+00
1.058100000000000000e+04,3.783632895502324178e+00
1.058200000000000000e+04,3.948978051005375356e+00
1.058300000000000000e+04,3.569184979984326045e+00
1.058400000000000000e+04,3.778907452117562293e+00
1.058500000000000000e+04,3.859834265997600156e+00
1.058600000000000000e+04,3.727773577982010256e+00
1.058700000000000000e+04,3.655443508668681396e+00
1.058800000000000000e+04,3.747422074346348442e+00
1.058900000000000000e+04,3.909437955861155611e+00
1.059000000000000000e+04,3.894946310314308047e+00
1.059100000000000000e+04,3.622621604084490521e+00
1.059200000000000000e+04,3.881917081444005380e+00
1.059300000000000000e+04,3.513246940463962797e+00
1.059400000000000000e+04,3.737679237699766954e+00
1.059500000000000000e+04,3.809290492298595066e+00
1.059600000000000000e+04,3.947956729992831981e+00
1.059700000000000000e+04,3.715107087030556698e+00
1.059800000000000000e+04,3.555427017023295999e+00
1.059900000000000000e+04,3.891071709928843436e+00
1.060000000000000000e+04,4.019371947159665837e+00
1.060100000000000000e+04,3.396964549942688372e+00
1.060200000000000000e+04,3.738762762175229515e+00
1.060300000000000000e+04,3.631450504653626066e+00
1.060400000000000000e+04,3.694528923042597501e+00
1.060500000000000000e+04,3.754361511254050932e+00
1.060600000000000000e+04,3.473078335093958469e+00
1.060700000000000000e+04,3.943593301490778469e+00
1.060800000000000000e+04,3.952642348444225906e+00
1.060900000000000000e+04,3.721014062867363581e+00
1.061000000000000000e+04,3.511247936077722898e+00
1.061100000000000000e+04,3.748002340926305909e+00
1.061200000000000000e+04,3.994951818851810277e+00
1.061300000000000000e+04,3.547164141322714404e+00
1.061400000000000000e+04,3.806642505654316277e+00
1.061500000000000000e+04,3.566803473534768898e+00
1.061600000000000000e+04,3.878918638361592119e+00
1.061700000000000000e+04,4.019101961543504409e+00
1.061800000000000000e+04,3.587052025844450043e+00
1.061900000000000000e+04,3.452065277776350971e+00
1.062000000000000000e+04,3.922340302445059379e+00
1.062100000000000000e+04,3.826658038052226374e+00
1.062200000000000000e+04,3.525903268834735371e+00
1.062300000000000000e+04,3.460916383631176707e+00
1.062400000000000000e+04,3.644991158168304324e+00
1.062500000000000000e+04,3.787411362865198416e+00
1.062600000000000000e+04,3.460627813971855371e+00
1.062700000000000000e+04,3.642147068428279510e+00
1.062800000000000000e+04,3.751480061996092186e+00
1.062900000000000000e+04,3.867458355839471729e+00
1.063000000000000000e+04,3.803329510013887305e+00
1.063100000000000000e+04,3.700359357415290429e+00
1.063200000000000000e+04,3.984348461719169787e+00
1.063300000000000000e+04,3.646704762569866087e+00
1.063400000000000000e+04,3.789362341916651111e+00
1.063500000000000000e+04,3.491608233164700703e+00
1.063600000000000000e+04,3.661783874973764341e+00
1.063700000000000000e+04,3.679756033484125943e+00
1.063800000000000000e+04,3.749211390554386458e+00
1.063900000000000000e+04,3.526107252951278248e+00
1.064000000000000000e+04,3.393433562667513836e+00
1.064100000000000000e+04,3.861413044553926976e+00
1.064200000000000000e+04,3.687027552881382064e+00
1.064300000000000000e+04,3.417806492823665554e+00
1.064400000000000000e+04,4.057746667528181916e+00
1.064500000000000000e+04,3.278705960560516441e+00
1.064600000000000000e+04,3.664402554450254090e+00
1.064700000000000000e+04,3.711395198274571872e+00
1.064800000000000000e+04,3.433548123816775099e+00
1.064900000000000000e+04,3.949233792901190032e+00
1.065000000000000000e+04,3.709458039327573342e+00
1.065100000000000000e+04,3.523452597270293918e+00
1.065200000000000000e+04,3.732001603704511616e+00
1.065300000000000000e+04,3.549144171974921047e+00
1.065400000000000000e+04,3.909352450910374088e+00
1.065500000000000000e+04,3.773477053279757243e+00
1.065600000000000000e+04,3.874628449768554805e+00
1.065700000000000000e+04,3.919985366794684900e+00
1.065800000000000000e+04,3.383392033460631332e+00
1.065900000000000000e+04,3.590354609489545101e+00
1.066000000000000000e+04,3.806036143608166444e+00
1.066100000000000000e+04,3.575972694642047589e+00
1.066200000000000000e+04,3.414487693207500563e+00
1.066300000000000000e+04,3.713325595646299604e+00
1.066400000000000000e+04,3.780237835884804110e+00
1.066500000000000000e+04,3.730953054496320309e+00
1.066600000000000000e+04,3.775386619746096351e+00
1.066700000000000000e+04,3.925555906990964683e+00
1.066800000000000000e+04,3.560335779183852800e+00
1.066900000000000000e+04,3.628870178325084073e+00
1.067000000000000000e+04,3.344741833198976000e+00
1.067100000000000000e+04,3.797626526177489747e+00
1.067200000000000000e+04,3.715334628035801501e+00
1.067300000000000000e+04,3.887903571807590719e+00
1.067400000000000000e+04,3.489416880590781922e+00
1.067500000000000000e+04,3.545327048671678138e+00
1.067600000000000000e+04,3.570091645868291419e+00
1.067700000000000000e+04,3.531998909814429766e+00
1.067800000000000000e+04,3.618437503087413631e+00
1.067900000000000000e+04,3.580899590491834150e+00
1.068000000000000000e+04,3.937311219273796681e+00
1.068100000000000000e+04,3.724736919805844426e+00
1.068200000000000000e+04,3.739618556033705410e+00
1.068300000000000000e+04,3.718736700737054868e+00
1.068400000000000000e+04,4.018309470444501486e+00
1.068500000000000000e+04,3.835501888996837749e+00
1.068600000000000000e+04,3.614415649120105822e+00
1.068700000000000000e+04,3.827091784778573036e+00
1.068800000000000000e+04,3.863590350941513485e+00
1.068900000000000000e+04,3.787142428331893740e+00
1.069000000000000000e+04,3.697441131957730498e+00
1.069100000000000000e+04,3.847482591967049892e+00
1.069200000000000000e+04,3.717999583254638196e+00
1.069300000000000000e+04,3.701371033894939266e+00
1.069400000000000000e+04,3.797374087875101001e+00
1.069500000000000000e+04,3.797115113835955569e+00
1.069600000000000000e+04,3.836798693058988796e+00
1.069700000000000000e+04,3.855083483942633116e+00
1.069800000000000000e+04,3.890586653495030856e+00
1.069900000000000000e+04,3.618031763081680729e+00
1.070000000000000000e+04,3.411211851374871262e+00
1.070100000000000000e+04,3.701311208104135719e+00
1.070200000000000000e+04,3.806690294123762364e+00
1.070300000000000000e+04,3.888675368748334193e+00
1.070400000000000000e+04,3.582626587868560364e+00
1.070500000000000000e+04,3.833841178884474843e+00
1.070600000000000000e+04,3.540684450063145139e+00
1.070700000000000000e+04,3.919941054545648118e+00
1.070800000000000000e+04,3.807108088601512286e+00
1.070900000000000000e+04,4.086470229374444152e+00
1.071000000000000000e+04,4.217727709545984638e+00
1.071100000000000000e+04,3.629777936464719801e+00
1.071200000000000000e+04,3.872668839995537127e+00
1.071300000000000000e+04,3.653663793452352593e+00
1.071400000000000000e+04,3.960498567726319141e+00
1.071500000000000000e+04,3.770246350365002996e+00
1.071600000000000000e+04,3.860406884100523239e+00
1.071700000000000000e+04,3.263579504171109313e+00
1.071800000000000000e+04,3.794863670659544219e+00
1.071900000000000000e+04,3.661499487015931198e+00
1.072000000000000000e+04,3.922410268942202904e+00
1.072100000000000000e+04,3.881629214223340174e+00
1.072200000000000000e+04,3.954147093005270897e+00
1.072300000000000000e+04,3.613318613254064005e+00
1.072400000000000000e+04,4.105560155712272064e+00
1.072500000000000000e+04,3.817833946774959575e+00
1.072600000000000000e+04,3.572517380042407709e+00
1.072700000000000000e+04,3.634890059410169627e+00
1.072800000000000000e+04,3.686317813622068229e+00
1.072900000000000000e+04,3.532912311958931184e+00
1.073000000000000000e+04,3.635248293420111576e+00
1.073100000000000000e+04,3.825578313284549115e+00
1.073200000000000000e+04,3.616636969254190426e+00
1.073300000000000000e+04,3.642005940979893719e+00
1.073400000000000000e+04,3.682781324220278929e+00
1.073500000000000000e+04,3.801125321968279014e+00
1.073600000000000000e+04,3.562600736510267208e+00
1.073700000000000000e+04,3.782395083115658974e+00
1.073800000000000000e+04,3.951243396054798573e+00
1.073900000000000000e+04,4.127559652881442886e+00
1.074000000000000000e+04,3.490383523673032951e+00
1.074100000000000000e+04,3.629838352307503513e+00
1.074200000000000000e+04,4.084583631185493502e+00
1.074300000000000000e+04,3.923263925794282070e+00
1.074400000000000000e+04,4.057032329963843331e+00
1.074500000000000000e+04,3.630562378943712254e+00
1.074600000000000000e+04,3.474213020587186840e+00
1.074700000000000000e+04,3.904685866187668886e+00
1.074800000000000000e+04,3.748818893782639439e+00
1.074900000000000000e+04,3.884669951119832820e+00
1.075000000000000000e+04,4.023319594359925588e+00
1.075100000000000000e+04,4.018752192278216562e+00
1.075200000000000000e+04,3.482175281492025043e+00
1.075300000000000000e+04,3.912392756397180094e+00
1.075400000000000000e+04,3.765796512394778972e+00
1.075500000000000000e+04,3.938648130621070109e+00
1.075600000000000000e+04,3.690228765249931264e+00
1.075700000000000000e+04,3.834192142258465719e+00
1.075800000000000000e+04,3.708035034657548135e+00
1.075900000000000000e+04,3.588031939811394011e+00
1.076000000000000000e+04,3.774804782831552963e+00
1.076100000000000000e+04,3.497028044273807978e+00
1.076200000000000000e+04,3.839404965374595857e+00
1.076300000000000000e+04,3.562553072499323292e+00
1.076400000000000000e+04,3.723290452194472522e+00
1.076500000000000000e+04,3.877824682163179215e+00
1.076600000000000000e+04,3.930013184396017767e+00
1.076700000000000000e+04,3.815475482279284680e+00
1.076800000000000000e+04,3.727444450185609437e+00
1.076900000000000000e+04,3.446439861389939630e+00
1.077000000000000000e+04,4.110254772442054616e+00
1.077100000000000000e+04,3.563240700997326371e+00
1.077200000000000000e+04,3.975537092846854303e+00
1.077300000000000000e+04,3.739568637867305867e+00
1.077400000000000000e+04,3.629981810036968515e+00
1.077500000000000000e+04,3.705613943559501244e+00
1.077600000000000000e+04,3.637265160076559756e+00
1.077700000000000000e+04,3.865589852772102653e+00
1.077800000000000000e+04,3.790939095510994505e+00
1.077900000000000000e+04,3.890703903322325630e+00
1.078000000000000000e+04,4.347174102154609088e+00
1.078100000000000000e+04,3.974999943529056612e+00
1.078200000000000000e+04,3.926889772951770219e+00
1.078300000000000000e+04,3.626521528261111627e+00
1.078400000000000000e+04,3.795135137519495494e+00
1.078500000000000000e+04,3.914505720791663812e+00
1.078600000000000000e+04,3.439818866740622205e+00
1.078700000000000000e+04,3.711735894874198305e+00
1.078800000000000000e+04,3.680834543820316274e+00
1.078900000000000000e+04,3.626724047761875180e+00
1.079000000000000000e+04,3.627872511705542813e+00
1.079100000000000000e+04,3.533039255082046193e+00
1.079200000000000000e+04,3.890981527842545695e+00
1.079300000000000000e+04,3.552927730679268592e+00
1.079400000000000000e+04,4.166320839676062704e+00
1.079500000000000000e+04,3.358551243011606680e+00
1.079600000000000000e+04,3.660549895699758416e+00
1.079700000000000000e+04,3.785050776660393357e+00
1.079800000000000000e+04,4.121757439470659534e+00
1.079900000000000000e+04,3.647239864630741124e+00
1.080000000000000000e+04,3.590127947730523683e+00
1.080100000000000000e+04,3.983181741088253069e+00
1.080200000000000000e+04,3.543769182724609390e+00
1.080300000000000000e+04,3.589254733345293769e+00
1.080400000000000000e+04,3.547424932314344304e+00
1.080500000000000000e+04,3.425677721578612278e+00
1.080600000000000000e+04,3.668379557861032314e+00
1.080700000000000000e+04,3.621247607390003065e+00
1.080800000000000000e+04,3.732142029816111872e+00
1.080900000000000000e+04,3.996819445406125659e+00
1.081000000000000000e+04,3.700233894094732356e+00
1.081100000000000000e+04,3.624530873085767269e+00
1.081200000000000000e+04,3.769760040947001123e+00
1.081300000000000000e+04,3.705263537444136279e+00
1.081400000000000000e+04,3.723670440334678755e+00
1.081500000000000000e+04,3.881804790475798406e+00
1.081600000000000000e+04,3.552648159079118795e+00
1.081700000000000000e+04,3.795730172901318422e+00
1.081800000000000000e+04,3.829106580035796181e+00
1.081900000000000000e+04,3.480089611826835849e+00
1.082000000000000000e+04,3.889882530918088221e+00
1.082100000000000000e+04,3.553989230924117670e+00
1.082200000000000000e+04,3.805169372894559920e+00
1.082300000000000000e+04,3.527015902606259079e+00
1.082400000000000000e+04,3.730739651296299364e+00
1.082500000000000000e+04,3.616083457306710436e+00
1.082600000000000000e+04,4.018207455129574335e+00
1.082700000000000000e+04,3.955204308586546702e+00
1.082800000000000000e+04,3.982908213070872172e+00
1.082900000000000000e+04,4.108500073340551673e+00
1.083000000000000000e+04,3.508947072461511940e+00
1.083100000000000000e+04,3.899222693179436483e+00
1.083200000000000000e+04,3.690674831086662167e+00
1.083300000000000000e+04,3.625492470245134324e+00
1.083400000000000000e+04,3.739632954649299457e+00
1.083500000000000000e+04,3.666278150305700478e+00
1.083600000000000000e+04,3.792919583871623423e+00
1.083700000000000000e+04,3.882515243757907353e+00
1.083800000000000000e+04,3.210582422322810991e+00
1.083900000000000000e+04,3.670692573843242990e+00
1.084000000000000000e+04,3.561084620443493609e+00
1.084100000000000000e+04,3.604798876513354955e+00
1.084200000000000000e+04,3.638101247929738324e+00
1.084300000000000000e+04,3.918294583764664551e+00
1.084400000000000000e+04,3.837426113373127556e+00
1.084500000000000000e+04,3.463677038965063737e+00
1.084600000000000000e+04,4.032002646979878868e+00
1.084700000000000000e+04,3.892156873659300853e+00
1.084800000000000000e+04,3.356911093831352222e+00
1.084900000000000000e+04,3.578736923099304690e+00
1.085000000000000000e+04,3.864465925826999548e+00
1.085100000000000000e+04,3.943054761892610838e+00
1.085200000000000000e+04,3.528368541064670350e+00
1.085300000000000000e+04,3.820896466995709062e+00
1.085400000000000000e+04,3.904867092252729321e+00
1.085500000000000000e+04,3.453122022091487331e+00
1.085600000000000000e+04,3.866279772546232341e+00
1.085700000000000000e+04,4.114797502936431428e+00
1.085800000000000000e+04,3.771811589235841922e+00
1.085900000000000000e+04,3.704034170678086824e+00
1.086000000000000000e+04,3.434732660990722053e+00
1.086100000000000000e+04,3.550643902658981776e+00
1.086200000000000000e+04,3.775446212386555533e+00
1.086300000000000000e+04,3.530239902937819974e+00
1.086400000000000000e+04,3.645895270472802263e+00
1.086500000000000000e+04,3.762293795279589848e+00
1.086600000000000000e+04,3.776479801864449648e+00
1.086700000000000000e+04,3.559010772177277904e+00
1.086800000000000000e+04,3.594188231574948933e+00
1.086900000000000000e+04,4.060232523399522897e+00
1.087000000000000000e+04,3.609471783903158482e+00
1.087100000000000000e+04,3.838229604010550577e+00
1.087200000000000000e+04,3.781415500204397429e+00
1.087300000000000000e+04,3.756715155624141378e+00
1.087400000000000000e+04,4.041125025941723514e+00
1.087500000000000000e+04,3.605704805239880351e+00
1.087600000000000000e+04,3.612472179828269070e+00
1.087700000000000000e+04,3.629260093160034728e+00
1.087800000000000000e+04,3.770040949374975359e+00
1.087900000000000000e+04,3.563669414230249188e+00
1.088000000000000000e+04,4.027008395423906428e+00
1.088100000000000000e+04,3.458697332548524628e+00
1.088200000000000000e+04,3.571723787290313368e+00
1.088300000000000000e+04,3.553749694896485511e+00
1.088400000000000000e+04,3.516749450611570627e+00
1.088500000000000000e+04,3.928157313058313171e+00
1.088600000000000000e+04,3.781348407029586411e+00
1.088700000000000000e+04,3.687521142715141753e+00
1.088800000000000000e+04,3.740819102158143838e+00
1.088900000000000000e+04,3.756907464344410918e+00
1.089000000000000000e+04,3.482944422067011381e+00
1.089100000000000000e+04,3.833872352429009922e+00
1.089200000000000000e+04,3.543087552066378265e+00
1.089300000000000000e+04,4.299004287316741113e+00
1.089400000000000000e+04,3.798808596756651834e+00
1.089500000000000000e+04,4.020047525976903735e+00
1.089600000000000000e+04,3.757239448148121497e+00
1.089700000000000000e+04,3.568133380518392350e+00
1.089800000000000000e+04,3.505887166242896313e+00
1.089900000000000000e+04,3.782949485898164266e+00
1.090000000000000000e+04,3.633631284583829224e+00
1.090100000000000000e+04,3.865331971752806961e+00
1.090200000000000000e+04,3.563838076108591935e+00
1.090300000000000000e+04,3.577168419265801980e+00
1.090400000000000000e+04,4.013858500827097942e+00
1.090500000000000000e+04,3.782231643540628685e+00
1.090600000000000000e+04,3.954195175672448048e+00
1.090700000000000000e+04,3.669832084380236559e+00
1.090800000000000000e+04,3.720059291744742147e+00
1.090900000000000000e+04,3.728043657266363109e+00
1.091000000000000000e+04,3.843930365541357030e+00
1.091100000000000000e+04,3.570678802116795225e+00
1.091200000000000000e+04,3.709318022575326612e+00
1.091300000000000000e+04,4.078295369850346574e+00
1.091400000000000000e+04,3.688009080552251628e+00
1.091500000000000000e+04,3.646674879816639514e+00
1.091600000000000000e+04,3.499726287386806245e+00
1.091700000000000000e+04,3.744995118194406114e+00
1.091800000000000000e+04,3.539497547807576527e+00
1.091900000000000000e+04,3.854619237358174910e+00
1.092000000000000000e+04,3.696949317654655509e+00
1.092100000000000000e+04,3.890591983995128622e+00
1.092200000000000000e+04,3.756639961491929025e+00
1.092300000000000000e+04,3.800388868071926662e+00
1.092400000000000000e+04,3.664178454751309655e+00
1.092500000000000000e+04,4.002138214940911709e+00
1.092600000000000000e+04,3.660054652667764419e+00
1.092700000000000000e+04,3.698882856097836402e+00
1.092800000000000000e+04,4.104980961739163270e+00
1.092900000000000000e+04,3.582531656124994690e+00
1.093000000000000000e+04,3.972629631335797384e+00
1.093100000000000000e+04,3.598725417251774861e+00
1.093200000000000000e+04,3.816824831996045386e+00
1.093300000000000000e+04,3.582890368289692873e+00
1.093400000000000000e+04,3.816246636404857728e+00
1.093500000000000000e+04,3.618137043125289942e+00
1.093600000000000000e+04,3.585567871704182341e+00
1.093700000000000000e+04,3.882293007644079363e+00
1.093800000000000000e+04,3.507830927382920017e+00
1.093900000000000000e+04,3.708435478641450622e+00
1.094000000000000000e+04,3.840849868506674980e+00
1.094100000000000000e+04,4.024553413099473786e+00
1.094200000000000000e+04,3.826056619320214125e+00
1.094300000000000000e+04,3.934692008923953654e+00
1.094400000000000000e+04,3.670404539423349988e+00
1.094500000000000000e+04,3.420502731588926704e+00
1.094600000000000000e+04,4.164146283088378198e+00
1.094700000000000000e+04,3.578590876943080090e+00
1.094800000000000000e+04,3.910292604684356466e+00
1.094900000000000000e+04,3.860765694130627423e+00
1.095000000000000000e+04,3.758996713266301803e+00
1.095100000000000000e+04,3.692610749731162656e+00
1.095200000000000000e+04,3.653962138524321723e+00
1.095300000000000000e+04,3.911792600033869860e+00
1.095400000000000000e+04,3.758535411489339673e+00
1.095500000000000000e+04,3.528023614378354544e+00
1.095600000000000000e+04,3.700796576403862836e+00
1.095700000000000000e+04,3.827454906252399258e+00
1.095800000000000000e+04,3.745695174665984339e+00
1.095900000000000000e+04,3.589492279292894494e+00
1.096000000000000000e+04,3.726927083980847488e+00
1.096100000000000000e+04,3.795260346117028671e+00
1.096200000000000000e+04,3.832927929689333713e+00
1.096300000000000000e+04,3.691512286323931580e+00
1.096400000000000000e+04,3.689503851650475674e+00
1.096500000000000000e+04,3.932167610072285768e+00
1.096600000000000000e+04,3.808108148913274871e+00
1.096700000000000000e+04,4.011419355378547991e+00
1.096800000000000000e+04,3.978870039824292437e+00
1.096900000000000000e+04,3.960759692780731367e+00
1.097000000000000000e+04,3.946148291790879892e+00
1.097100000000000000e+04,3.851487776802468233e+00
1.097200000000000000e+04,3.515618774521077405e+00
1.097300000000000000e+04,3.768436452246907375e+00
1.097400000000000000e+04,3.769344773761541756e+00
1.097500000000000000e+04,3.750919389956780758e+00
1.097600000000000000e+04,3.897550276134136293e+00
1.097700000000000000e+04,3.656822762618220146e+00
1.097800000000000000e+04,3.651415681312964345e+00
1.097900000000000000e+04,3.732692898773911860e+00
1.098000000000000000e+04,3.820870726048541055e+00
1.098100000000000000e+04,3.695014954618556224e+00
1.098200000000000000e+04,3.690324066173379158e+00
1.098300000000000000e+04,3.926784121913475367e+00
1.098400000000000000e+04,3.742178365693922260e+00
1.098500000000000000e+04,3.960897910666554722e+00
1.098600000000000000e+04,3.939686562493538879e+00
1.098700000000000000e+04,4.032389757111139339e+00
1.098800000000000000e+04,3.872064824502026159e+00
1.098900000000000000e+04,3.809090108052799462e+00
1.099000000000000000e+04,3.746980727302428260e+00
1.099100000000000000e+04,3.538943723992714396e+00
1.099200000000000000e+04,3.824929251180598122e+00
1.099300000000000000e+04,3.757484767228051581e+00
1.099400000000000000e+04,3.749700045156485029e+00
1.099500000000000000e+04,3.596148753999665715e+00
1.099600000000000000e+04,3.705666674065090316e+00
1.099700000000000000e+04,3.754417355919925647e+00
1.099800000000000000e+04,3.804954731830974879e+00
1.099900000000000000e+04,3.838413281791842824e+00
1.100000000000000000e+04,3.498172729053792285e+00
1.100100000000000000e+04,3.591529499821835447e+00
1.100200000000000000e+04,3.908546609072925726e+00
1.100300000000000000e+04,3.657344111489677196e+00
1.100400000000000000e+04,3.937989185590508701e+00
1.100500000000000000e+04,3.889849093881365238e+00
1.100600000000000000e+04,3.886192499180166404e+00
1.100700000000000000e+04,3.668041422639493288e+00
1.100800000000000000e+04,3.700330377167960982e+00
1.100900000000000000e+04,3.460799166945476735e+00
1.101000000000000000e+04,3.893746466409273133e+00
1.101100000000000000e+04,3.736271569143430948e+00
1.101200000000000000e+04,3.760663145747952019e+00
1.101300000000000000e+04,3.571342191583900316e+00
1.101400000000000000e+04,3.668280883607696552e+00
1.101500000000000000e+04,3.602702668721782242e+00
1.101600000000000000e+04,3.687427977096193299e+00
1.101700000000000000e+04,3.809529009344224004e+00
1.101800000000000000e+04,3.773014051237832511e+00
1.101900000000000000e+04,3.987005349318568648e+00
1.102000000000000000e+04,3.652360153890282568e+00
1.102100000000000000e+04,3.657720574526582169e+00
1.102200000000000000e+04,3.598623865655671938e+00
1.102300000000000000e+04,3.514883660994263526e+00
1.102400000000000000e+04,3.719223627423507761e+00
1.102500000000000000e+04,3.686016208932605842e+00
1.102600000000000000e+04,3.583041567420937490e+00
1.102700000000000000e+04,3.576353777599060813e+00
1.102800000000000000e+04,3.627803699814162730e+00
1.102900000000000000e+04,3.650396808044328534e+00
1.103000000000000000e+04,3.458597075114854036e+00
1.103100000000000000e+04,3.902127752211571821e+00
1.103200000000000000e+04,4.003925768583659561e+00
1.103300000000000000e+04,3.610919729057130656e+00
1.103400000000000000e+04,3.721696061902095121e+00
1.103500000000000000e+04,3.798479873531985351e+00
1.103600000000000000e+04,3.662468400481983188e+00
1.103700000000000000e+04,3.689945430967236373e+00
1.103800000000000000e+04,3.720029472046158414e+00
1.103900000000000000e+04,3.419329737539576808e+00
1.104000000000000000e+04,3.721609397708316003e+00
1.104100000000000000e+04,3.919261906756201341e+00
1.104200000000000000e+04,3.698673039525995243e+00
1.104300000000000000e+04,3.692973408669021573e+00
1.104400000000000000e+04,3.911630167965971516e+00
1.104500000000000000e+04,3.879378124370388647e+00
1.104600000000000000e+04,3.699350133670337382e+00
1.104700000000000000e+04,3.859165477250817489e+00
1.104800000000000000e+04,3.962824266637984483e+00
1.104900000000000000e+04,4.107326017005904717e+00
1.105000000000000000e+04,4.052379386006053075e+00
1.105100000000000000e+04,3.897305669842445752e+00
1.105200000000000000e+04,3.655654078672595286e+00
1.105300000000000000e+04,3.880765272573984070e+00
1.105400000000000000e+04,3.879520808367467044e+00
1.105500000000000000e+04,3.957900163378007541e+00
1.105600000000000000e+04,4.034287388259982343e+00
1.105700000000000000e+04,3.416780330644118457e+00
1.105800000000000000e+04,3.839857694890071560e+00
1.105900000000000000e+04,3.654016131372047838e+00
1.106000000000000000e+04,3.702617895587715591e+00
1.106100000000000000e+04,3.691819116673808576e+00
1.106200000000000000e+04,3.579189780869047155e+00
1.106300000000000000e+04,3.825761809307050676e+00
1.106400000000000000e+04,3.965215982821955976e+00
1.106500000000000000e+04,3.887733543404383152e+00
1.106600000000000000e+04,3.889122665675185164e+00
1.106700000000000000e+04,3.807781106197543508e+00
1.106800000000000000e+04,3.554841115391463635e+00
1.106900000000000000e+04,4.086220305337712411e+00
1.107000000000000000e+04,3.791497812895530117e+00
1.107100000000000000e+04,3.868837109069225733e+00
1.107200000000000000e+04,3.930847992154121950e+00
1.107300000000000000e+04,3.587559457710856936e+00
1.107400000000000000e+04,3.845773906542815368e+00
1.107500000000000000e+04,3.900024015903788666e+00
1.107600000000000000e+04,3.595853898403619908e+00
1.107700000000000000e+04,4.086145319602151993e+00
1.107800000000000000e+04,3.475594250938963015e+00
1.107900000000000000e+04,3.627440688227678400e+00
1.108000000000000000e+04,4.027266781999521150e+00
1.108100000000000000e+04,3.822706779359194673e+00
1.108200000000000000e+04,3.835427071848840352e+00
1.108300000000000000e+04,4.140037684108762051e+00
1.108400000000000000e+04,3.541015386961100742e+00
1.108500000000000000e+04,3.776378786098182339e+00
1.108600000000000000e+04,3.553680588865623324e+00
1.108700000000000000e+04,3.828906611479244937e+00
1.108800000000000000e+04,3.674209589712732704e+00
1.108900000000000000e+04,3.623471266667332991e+00
1.109000000000000000e+04,3.846419184952000858e+00
1.109100000000000000e+04,3.828837017680164490e+00
1.109200000000000000e+04,3.751823441528717940e+00
1.109300000000000000e+04,3.523852079607368903e+00
1.109400000000000000e+04,3.783027682009220793e+00
1.109500000000000000e+04,3.745245335026969435e+00
1.109600000000000000e+04,3.906937407335189238e+00
1.109700000000000000e+04,3.630125363708228914e+00
1.109800000000000000e+04,3.730362913590126173e+00
1.109900000000000000e+04,3.425005926584797855e+00
1.110000000000000000e+04,3.888557159954009190e+00
1.110100000000000000e+04,3.615293544921468261e+00
1.110200000000000000e+04,3.722679346402881340e+00
1.110300000000000000e+04,3.885980743711688223e+00
1.110400000000000000e+04,3.665373493931551874e+00
1.110500000000000000e+04,3.690998459527923714e+00
1.110600000000000000e+04,3.870811427297940810e+00
1.110700000000000000e+04,3.971093913964804489e+00
1.110800000000000000e+04,3.637073890850786029e+00
1.110900000000000000e+04,3.556683332390846441e+00
1.111000000000000000e+04,3.715831440140174191e+00
1.111100000000000000e+04,3.831570488426850662e+00
1.111200000000000000e+04,3.864140813888393478e+00
1.111300000000000000e+04,3.937417539272094480e+00
1.111400000000000000e+04,3.784992362150371381e+00
1.111500000000000000e+04,3.732795572364915326e+00
1.111600000000000000e+04,3.947970670342245469e+00
1.111700000000000000e+04,3.711312206749485476e+00
1.111800000000000000e+04,3.942666928562787110e+00
1.111900000000000000e+04,3.486075786397582199e+00
1.112000000000000000e+04,3.780463135347426729e+00
1.112100000000000000e+04,3.716807896088972107e+00
1.112200000000000000e+04,3.509087020058967887e+00
1.112300000000000000e+04,3.590994898047489503e+00
1.112400000000000000e+04,3.751695786096115537e+00
1.112500000000000000e+04,3.620913367697123686e+00
1.112600000000000000e+04,3.772452561949967809e+00
1.112700000000000000e+04,3.666665919219294967e+00
1.112800000000000000e+04,3.502417463134122499e+00
1.112900000000000000e+04,3.674195542401421211e+00
1.113000000000000000e+04,3.714802255212759974e+00
1.113100000000000000e+04,3.932934947127101566e+00
1.113200000000000000e+04,3.625917177775081157e+00
1.113300000000000000e+04,3.843448561021331145e+00
1.113400000000000000e+04,4.059289055046509276e+00
1.113500000000000000e+04,3.509348812811320162e+00
1.113600000000000000e+04,3.903972222143497817e+00
1.113700000000000000e+04,3.571388406510968672e+00
1.113800000000000000e+04,3.945474151707941246e+00
1.113900000000000000e+04,3.568050912659397778e+00
1.114000000000000000e+04,3.380857092040539857e+00
1.114100000000000000e+04,3.675513497357999260e+00
1.114200000000000000e+04,3.828603357622919479e+00
1.114300000000000000e+04,3.937821764201496766e+00
1.114400000000000000e+04,3.953325264801235583e+00
1.114500000000000000e+04,3.344980126316829949e+00
1.114600000000000000e+04,3.819742291390031852e+00
1.114700000000000000e+04,3.720762098939923934e+00
1.114800000000000000e+04,3.950504002712437401e+00
1.114900000000000000e+04,3.315569508797984177e+00
1.115000000000000000e+04,3.745933816878149525e+00
1.115100000000000000e+04,3.540205809479260335e+00
1.115200000000000000e+04,3.706241306653175194e+00
1.115300000000000000e+04,3.665149342834059354e+00
1.115400000000000000e+04,3.713306760238837878e+00
1.115500000000000000e+04,3.759613146499117153e+00
1.115600000000000000e+04,4.018226646668407120e+00
1.115700000000000000e+04,3.902516414566821190e+00
1.115800000000000000e+04,3.588499814193418125e+00
1.115900000000000000e+04,4.016038320249061933e+00
1.116000000000000000e+04,3.595679463792273101e+00
1.116100000000000000e+04,3.841712133477219737e+00
1.116200000000000000e+04,3.646177734827953820e+00
1.116300000000000000e+04,3.918296255366628511e+00
1.116400000000000000e+04,3.678178054915141715e+00
1.116500000000000000e+04,3.869703494922807518e+00
1.116600000000000000e+04,4.058188411555984310e+00
1.116700000000000000e+04,3.802753234376705649e+00
1.116800000000000000e+04,3.676019335636290908e+00
1.116900000000000000e+04,3.587271947782445736e+00
1.117000000000000000e+04,4.083325318335614185e+00
1.117100000000000000e+04,3.769079675357531301e+00
1.117200000000000000e+04,3.930622897660634774e+00
1.117300000000000000e+04,3.249213567847947015e+00
1.117400000000000000e+04,3.741995218366479303e+00
1.117500000000000000e+04,3.760445318390207792e+00
1.117600000000000000e+04,4.071693070777246959e+00
1.117700000000000000e+04,3.644919492225649371e+00
1.117800000000000000e+04,3.957047172538954882e+00
1.117900000000000000e+04,3.748795892727999401e+00
1.118000000000000000e+04,3.733772875159939719e+00
1.118100000000000000e+04,3.666787201368408855e+00
1.118200000000000000e+04,3.875122528571976588e+00
1.118300000000000000e+04,3.703018120697755045e+00
1.118400000000000000e+04,3.886216845347538307e+00
1.118500000000000000e+04,3.776087622631876251e+00
1.118600000000000000e+04,3.341568884072581014e+00
1.118700000000000000e+04,3.911833036986027690e+00
1.118800000000000000e+04,3.780698122194634081e+00
1.118900000000000000e+04,3.683194096244163607e+00
1.119000000000000000e+04,3.981542727881576038e+00
1.119100000000000000e+04,3.615697801330174155e+00
1.119200000000000000e+04,3.996883224866536022e+00
1.119300000000000000e+04,3.966390367482262036e+00
1.119400000000000000e+04,4.047367650012033913e+00
1.119500000000000000e+04,3.881048907612051568e+00
1.119600000000000000e+04,3.728203812675431106e+00
1.119700000000000000e+04,3.674496225513443459e+00
1.119800000000000000e+04,3.915401029022204327e+00
1.119900000000000000e+04,4.130004419982395092e+00
1.120000000000000000e+04,3.891658501977460549e+00
1.120100000000000000e+04,3.651999093188911694e+00
1.120200000000000000e+04,3.688386566518315757e+00
1.120300000000000000e+04,4.014330634963704902e+00
1.120400000000000000e+04,3.725961538101237647e+00
1.120500000000000000e+04,3.767132667102132348e+00
1.120600000000000000e+04,3.740352454213912381e+00
1.120700000000000000e+04,3.782927174802970249e+00
1.120800000000000000e+04,3.881398610697584850e+00
1.120900000000000000e+04,3.638716808255168189e+00
1.121000000000000000e+04,3.703819615377392793e+00
1.121100000000000000e+04,4.087197071489154787e+00
1.121200000000000000e+04,3.804130947202621904e+00
1.121300000000000000e+04,3.593869084949750992e+00
1.121400000000000000e+04,3.813237972579965884e+00
1.121500000000000000e+04,3.894231582279104931e+00
1.121600000000000000e+04,3.874236560424126896e+00
1.121700000000000000e+04,3.726885496153818256e+00
1.121800000000000000e+04,3.788574638934190553e+00
1.121900000000000000e+04,4.012330629970481510e+00
1.122000000000000000e+04,4.008739126066748426e+00
1.122100000000000000e+04,4.000286318090878979e+00
1.122200000000000000e+04,3.945525239552311270e+00
1.122300000000000000e+04,3.910104086467556694e+00
1.122400000000000000e+04,3.808854050537667568e+00
1.122500000000000000e+04,3.536366657006385417e+00
1.122600000000000000e+04,3.827701305903848716e+00
1.122700000000000000e+04,3.882423651161964528e+00
1.122800000000000000e+04,3.686671502679120138e+00
1.122900000000000000e+04,3.839794554557607320e+00
1.123000000000000000e+04,3.654246712307660072e+00
1.123100000000000000e+04,3.969197147500751033e+00
1.123200000000000000e+04,3.875403021406236714e+00
1.123300000000000000e+04,3.775198702730935274e+00
1.123400000000000000e+04,3.737139185076918224e+00
1.123500000000000000e+04,3.784601031352075928e+00
1.123600000000000000e+04,3.616137663729689589e+00
1.123700000000000000e+04,3.545124485892646504e+00
1.123800000000000000e+04,3.645913777794253186e+00
1.123900000000000000e+04,3.941833226506924692e+00
1.124000000000000000e+04,3.434151343792318123e+00
1.124100000000000000e+04,3.828424671197139251e+00
1.124200000000000000e+04,3.958262297713718514e+00
1.124300000000000000e+04,3.709267062400909865e+00
1.124400000000000000e+04,4.038748882248048844e+00
1.124500000000000000e+04,3.785648599510695433e+00
1.124600000000000000e+04,3.583710449146144672e+00
1.124700000000000000e+04,3.444006335751160996e+00
1.124800000000000000e+04,3.933662546526398796e+00
1.124900000000000000e+04,3.597531142211007893e+00
1.125000000000000000e+04,3.672410962470348927e+00
1.125100000000000000e+04,4.199742601864200786e+00
1.125200000000000000e+04,3.550132085244432911e+00
1.125300000000000000e+04,3.958556969105275769e+00
1.125400000000000000e+04,3.941181762741606143e+00
1.125500000000000000e+04,3.515644131115776894e+00
1.125600000000000000e+04,3.876539966693241190e+00
1.125700000000000000e+04,3.659701357647666686e+00
1.125800000000000000e+04,4.105273235449543812e+00
1.125900000000000000e+04,3.596744403776475973e+00
1.126000000000000000e+04,4.033532326675911328e+00
1.126100000000000000e+04,3.518767185542638565e+00
1.126200000000000000e+04,3.638224159935579571e+00
1.126300000000000000e+04,3.987637117102808659e+00
1.126400000000000000e+04,3.866858400909559901e+00
1.126500000000000000e+04,3.810821787910783964e+00
1.126600000000000000e+04,3.606023536131197194e+00
1.126700000000000000e+04,3.728286832906188231e+00
1.126800000000000000e+04,3.678657810132522243e+00
1.126900000000000000e+04,3.632355115904866594e+00
1.127000000000000000e+04,3.720927266265258826e+00
1.127100000000000000e+04,3.677773146463667153e+00
1.127200000000000000e+04,4.084030633744569982e+00
1.127300000000000000e+04,4.047633052026656131e+00
1.127400000000000000e+04,3.890359885357682845e+00
1.127500000000000000e+04,3.807310492862001627e+00
1.127600000000000000e+04,3.481632821097410346e+00
1.127700000000000000e+04,3.368002513327060132e+00
1.127800000000000000e+04,3.965126813442859888e+00
1.127900000000000000e+04,3.840026207028794936e+00
1.128000000000000000e+04,3.632480453810566168e+00
1.128100000000000000e+04,3.779153209902770261e+00
1.128200000000000000e+04,3.239296485294030248e+00
1.128300000000000000e+04,3.661844076188965680e+00
1.128400000000000000e+04,3.712722342017872101e+00
1.128500000000000000e+04,3.631146907337705620e+00
1.128600000000000000e+04,3.666853731535617111e+00
1.128700000000000000e+04,3.753407292857103172e+00
1.128800000000000000e+04,3.786555736095599922e+00
1.128900000000000000e+04,3.565055752333023964e+00
1.129000000000000000e+04,3.744491901328946604e+00
1.129100000000000000e+04,3.701802724461284999e+00
1.129200000000000000e+04,3.931993195580935740e+00
1.129300000000000000e+04,4.108837581110617698e+00
1.129400000000000000e+04,3.714138537760133030e+00
1.129500000000000000e+04,3.778203492600631375e+00
1.129600000000000000e+04,3.677431092526108447e+00
1.129700000000000000e+04,3.922870144145021332e+00
1.129800000000000000e+04,3.724815860342009621e+00
1.129900000000000000e+04,3.670237494799081013e+00
1.130000000000000000e+04,3.771998065608520356e+00
1.130100000000000000e+04,3.523684324530156786e+00
1.130200000000000000e+04,3.738949133933205271e+00
1.130300000000000000e+04,3.907556678533764316e+00
1.130400000000000000e+04,3.712711646711306823e+00
1.130500000000000000e+04,3.771461302009444516e+00
1.130600000000000000e+04,3.773165474239378980e+00
1.130700000000000000e+04,3.600138403391418773e+00
1.130800000000000000e+04,3.811789177799520978e+00
1.130900000000000000e+04,3.891013500104644862e+00
1.131000000000000000e+04,3.690162114287856898e+00
1.131100000000000000e+04,3.675527662492584113e+00
1.131200000000000000e+04,4.037511586373505601e+00
1.131300000000000000e+04,3.754874060501737443e+00
1.131400000000000000e+04,3.727791053302498270e+00
1.131500000000000000e+04,3.637115745765579611e+00
1.131600000000000000e+04,3.713265754686483788e+00
1.131700000000000000e+04,4.071617766387382709e+00
1.131800000000000000e+04,3.651266371024901147e+00
1.131900000000000000e+04,3.861610347189111447e+00
1.132000000000000000e+04,3.791018393039413681e+00
1.132100000000000000e+04,3.805843336509443287e+00
1.132200000000000000e+04,3.528586954222972860e+00
1.132300000000000000e+04,3.782035055159367776e+00
1.132400000000000000e+04,3.546883150507996962e+00
1.132500000000000000e+04,3.972031732640160406e+00
1.132600000000000000e+04,3.927856376101062530e+00
1.132700000000000000e+04,3.915617956368647512e+00
1.132800000000000000e+04,3.547238511358412616e+00
1.132900000000000000e+04,3.680229489248926900e+00
1.133000000000000000e+04,3.531744621691797814e+00
1.133100000000000000e+04,4.122440874419162959e+00
1.133200000000000000e+04,3.245260694969436255e+00
1.133300000000000000e+04,3.573455139485483212e+00
1.133400000000000000e+04,3.952606991423114113e+00
1.133500000000000000e+04,3.290443396439806101e+00
1.133600000000000000e+04,3.319921221029441760e+00
1.133700000000000000e+04,3.431777675502428959e+00
1.133800000000000000e+04,3.709752813943907768e+00
1.133900000000000000e+04,3.889587226497267292e+00
1.134000000000000000e+04,3.854861900692773347e+00
1.134100000000000000e+04,3.711587136623914152e+00
1.134200000000000000e+04,3.706224320838769959e+00
1.134300000000000000e+04,3.662444303526479317e+00
1.134400000000000000e+04,3.808344596295050177e+00
1.134500000000000000e+04,3.524149900597071561e+00
1.134600000000000000e+04,3.779458233368436115e+00
1.134700000000000000e+04,3.990491163048804246e+00
1.134800000000000000e+04,3.838571814693810147e+00
1.134900000000000000e+04,3.494957831776407620e+00
1.135000000000000000e+04,4.098859916783374580e+00
1.135100000000000000e+04,3.764947065239581114e+00
1.135200000000000000e+04,3.898006444394052306e+00
1.135300000000000000e+04,3.802645647394104600e+00
1.135400000000000000e+04,3.430713659608507715e+00
1.135500000000000000e+04,3.843739257074398896e+00
1.135600000000000000e+04,3.362416566536593709e+00
1.135700000000000000e+04,3.832807014809745283e+00
1.135800000000000000e+04,3.676934736391929803e+00
1.135900000000000000e+04,3.655443629160926022e+00
1.136000000000000000e+04,3.741831898740332729e+00
1.136100000000000000e+04,3.622710339589717332e+00
1.136200000000000000e+04,3.450488657636059830e+00
1.136300000000000000e+04,3.755357710950145478e+00
1.136400000000000000e+04,4.115646055698902295e+00
1.136500000000000000e+04,3.900145331607408838e+00
1.136600000000000000e+04,3.613745797527307957e+00
1.136700000000000000e+04,3.501749881882791460e+00
1.136800000000000000e+04,3.742023788739905044e+00
1.136900000000000000e+04,3.808388548435275300e+00
1.137000000000000000e+04,3.564269452747057532e+00
1.137100000000000000e+04,4.177130444786295804e+00
1.137200000000000000e+04,3.770864781754554418e+00
1.137300000000000000e+04,4.031869374729792455e+00
1.137400000000000000e+04,3.683939279298289460e+00
1.137500000000000000e+04,3.951256386724290692e+00
1.137600000000000000e+04,3.684045472061165061e+00
1.137700000000000000e+04,3.778984091513623245e+00
1.137800000000000000e+04,3.776216966180585555e+00
1.137900000000000000e+04,3.735827909933162161e+00
1.138000000000000000e+04,3.851212232783260081e+00
1.138100000000000000e+04,4.255499318613181536e+00
1.138200000000000000e+04,3.713139222865534883e+00
1.138300000000000000e+04,4.024347266735144757e+00
1.138400000000000000e+04,3.952404669703534434e+00
1.138500000000000000e+04,3.699666467467449760e+00
1.138600000000000000e+04,4.258728782057220386e+00
1.138700000000000000e+04,3.919196847976484932e+00
1.138800000000000000e+04,3.740209281976958788e+00
1.138900000000000000e+04,3.720168080996548721e+00
1.139000000000000000e+04,3.637314134990017767e+00
1.139100000000000000e+04,3.766700016416811625e+00
1.139200000000000000e+04,3.737876823241058855e+00
1.139300000000000000e+04,3.784872459824351054e+00
1.139400000000000000e+04,3.942855506347667571e+00
1.139500000000000000e+04,3.690529030393086440e+00
1.139600000000000000e+04,3.897915842362067895e+00
1.139700000000000000e+04,3.640897530149831418e+00
1.139800000000000000e+04,3.983747382603595621e+00
1.139900000000000000e+04,3.551298550722828296e+00
1.140000000000000000e+04,3.934172101882884132e+00
1.140100000000000000e+04,3.999659673695714623e+00
1.140200000000000000e+04,3.855726610487962613e+00
1.140300000000000000e+04,3.564930328507988744e+00
1.140400000000000000e+04,3.801573186989880337e+00
1.140500000000000000e+04,3.759834405187015172e+00
1.140600000000000000e+04,3.882608408533859912e+00
1.140700000000000000e+04,3.681539497491945756e+00
1.140800000000000000e+04,3.580802562960251123e+00
1.140900000000000000e+04,3.956873158787763245e+00
1.141000000000000000e+04,3.995848820279743752e+00
1.141100000000000000e+04,3.644789787933047087e+00
1.141200000000000000e+04,3.892372423017230521e+00
1.141300000000000000e+04,3.452774760446101876e+00
1.141400000000000000e+04,4.011263815202419813e+00
1.141500000000000000e+04,3.472710943448246379e+00
1.141600000000000000e+04,3.474508826950060136e+00
1.141700000000000000e+04,3.503190195823260744e+00
1.141800000000000000e+04,3.894598791081752331e+00
1.141900000000000000e+04,3.662897595019752650e+00
1.142000000000000000e+04,3.713078721559088358e+00
1.142100000000000000e+04,3.798353994228216735e+00
1.142200000000000000e+04,3.963548001041173663e+00
1.142300000000000000e+04,3.500091158618849008e+00
1.142400000000000000e+04,3.563610220085355884e+00
1.142500000000000000e+04,3.714361154694576950e+00
1.142600000000000000e+04,3.624871449794501821e+00
1.142700000000000000e+04,3.801175365541960005e+00
1.142800000000000000e+04,3.904504159636312810e+00
1.142900000000000000e+04,3.444187873225226681e+00
1.143000000000000000e+04,3.540842695595822764e+00
1.143100000000000000e+04,3.632643039944221552e+00
1.143200000000000000e+04,3.791985441720182592e+00
1.143300000000000000e+04,3.506727152253107160e+00
1.143400000000000000e+04,3.736296609447026018e+00
1.143500000000000000e+04,3.886127801615189448e+00
1.143600000000000000e+04,3.770511778965392136e+00
1.143700000000000000e+04,4.302726234792791260e+00
1.143800000000000000e+04,3.720006943354114526e+00
1.143900000000000000e+04,3.895006687908423082e+00
1.144000000000000000e+04,3.424263446190757954e+00
1.144100000000000000e+04,4.153413614183951275e+00
1.144200000000000000e+04,3.800370858590699008e+00
1.144300000000000000e+04,3.602776993900729252e+00
1.144400000000000000e+04,3.608433320564845115e+00
1.144500000000000000e+04,3.623449705552185041e+00
1.144600000000000000e+04,3.701714662790045907e+00
1.144700000000000000e+04,4.221089205615982110e+00
1.144800000000000000e+04,3.651764631843896769e+00
1.144900000000000000e+04,4.085747850428850469e+00
1.145000000000000000e+04,4.032640815038395665e+00
1.145100000000000000e+04,3.982464532730594531e+00
1.145200000000000000e+04,3.563119816760172309e+00
1.145300000000000000e+04,4.041932279003747297e+00
1.145400000000000000e+04,3.723995016118955448e+00
1.145500000000000000e+04,3.583411947388040364e+00
1.145600000000000000e+04,3.828117091896909407e+00
1.145700000000000000e+04,3.822728659927383532e+00
1.145800000000000000e+04,3.601653110791621870e+00
1.145900000000000000e+04,3.711264165656280589e+00
1.146000000000000000e+04,4.089762532441079124e+00
1.146100000000000000e+04,3.744857585110289211e+00
1.146200000000000000e+04,3.773268480699692784e+00
1.146300000000000000e+04,3.953261183613250740e+00
1.146400000000000000e+04,3.752123727648114304e+00
1.146500000000000000e+04,3.802920135862056128e+00
1.146600000000000000e+04,3.452894780818827503e+00
1.146700000000000000e+04,3.572640796004783681e+00
1.146800000000000000e+04,3.639457045575603900e+00
1.146900000000000000e+04,3.633977228077283517e+00
1.147000000000000000e+04,3.716886283365148813e+00
1.147100000000000000e+04,3.740076842387545675e+00
1.147200000000000000e+04,3.884237273166132987e+00
1.147300000000000000e+04,3.945995999980893565e+00
1.147400000000000000e+04,3.817839939410935024e+00
1.147500000000000000e+04,3.875978444741784212e+00
1.147600000000000000e+04,3.803693667347561647e+00
1.147700000000000000e+04,3.575421614149207450e+00
1.147800000000000000e+04,3.674084506405695727e+00
1.147900000000000000e+04,3.765999159939282137e+00
1.148000000000000000e+04,3.622258647432210488e+00
1.148100000000000000e+04,3.838337390264002114e+00
1.148200000000000000e+04,3.484721053401830471e+00
1.148300000000000000e+04,3.836188047693391834e+00
1.148400000000000000e+04,3.619480069031362657e+00
1.148500000000000000e+04,3.603298757135148467e+00
1.148600000000000000e+04,3.715393120448772457e+00
1.148700000000000000e+04,3.996483662719568564e+00
1.148800000000000000e+04,3.686204871651525661e+00
1.148900000000000000e+04,4.121433604337330969e+00
1.149000000000000000e+04,3.733046787727960947e+00
1.149100000000000000e+04,3.766339980889686689e+00
1.149200000000000000e+04,3.547403558989959738e+00
1.149300000000000000e+04,3.883177779020078546e+00
1.149400000000000000e+04,3.505259282091016004e+00
1.149500000000000000e+04,3.524185958943953700e+00
1.149600000000000000e+04,3.485291905208776519e+00
1.149700000000000000e+04,4.001971824042946047e+00
1.149800000000000000e+04,3.462851697971651266e+00
1.149900000000000000e+04,3.521250773550899993e+00
1.150000000000000000e+04,3.637357059311916885e+00
1.150100000000000000e+04,3.788504288382104068e+00
1.150200000000000000e+04,3.596052459911116550e+00
1.150300000000000000e+04,4.161565842669226356e+00
1.150400000000000000e+04,4.035748539467269858e+00
1.150500000000000000e+04,3.489657636311909172e+00
1.150600000000000000e+04,3.738462000249238137e+00
1.150700000000000000e+04,3.431551678147438000e+00
1.150800000000000000e+04,3.746541578846231513e+00
1.150900000000000000e+04,3.649752140519987975e+00
1.151000000000000000e+04,3.691922740973343942e+00
1.151100000000000000e+04,3.508354496134791667e+00
1.151200000000000000e+04,3.835347128868616728e+00
1.151300000000000000e+04,3.922434342914189465e+00
1.151400000000000000e+04,3.413553411799452597e+00
1.151500000000000000e+04,3.579545430429615482e+00
1.151600000000000000e+04,3.511313609329687502e+00
1.151700000000000000e+04,3.643237320335630081e+00
1.151800000000000000e+04,3.590144492671647036e+00
1.151900000000000000e+04,3.955227212200263853e+00
1.152000000000000000e+04,3.979187868333973199e+00
1.152100000000000000e+04,3.931665780278675193e+00
1.152200000000000000e+04,3.798999938773584883e+00
1.152300000000000000e+04,3.860003761086611807e+00
1.152400000000000000e+04,3.849362369158177088e+00
1.152500000000000000e+04,3.937396865753826081e+00
1.152600000000000000e+04,3.784363134147873176e+00
1.152700000000000000e+04,3.424611079264978653e+00
1.152800000000000000e+04,3.830739744109468603e+00
1.152900000000000000e+04,3.968010706290508338e+00
1.153000000000000000e+04,3.823631791974495098e+00
1.153100000000000000e+04,4.055270732753819551e+00
1.153200000000000000e+04,4.087222785204523312e+00
1.153300000000000000e+04,3.622966215943269397e+00
1.153400000000000000e+04,3.591931956048192376e+00
1.153500000000000000e+04,3.683191603116419799e+00
1.153600000000000000e+04,3.601016336715050947e+00
1.153700000000000000e+04,3.690474772066763887e+00
1.153800000000000000e+04,3.668958894133753201e+00
1.153900000000000000e+04,4.049428173762832373e+00
1.154000000000000000e+04,3.655502888916327908e+00
1.154100000000000000e+04,3.633272892031360612e+00
1.154200000000000000e+04,4.143232689909391198e+00
1.154300000000000000e+04,3.499855904459197475e+00
1.154400000000000000e+04,3.801053905670033206e+00
1.154500000000000000e+04,3.503921642749496357e+00
1.154600000000000000e+04,3.817343502460563087e+00
1.154700000000000000e+04,3.748351196236882288e+00
1.154800000000000000e+04,3.710676211811369196e+00
1.154900000000000000e+04,3.719819128906619365e+00
1.155000000000000000e+04,3.684816165310908165e+00
1.155100000000000000e+04,3.818114125508458745e+00
1.155200000000000000e+04,3.460657909141291011e+00
1.155300000000000000e+04,3.747559217733763326e+00
1.155400000000000000e+04,3.676230182227686605e+00
1.155500000000000000e+04,3.870386565912660171e+00
1.155600000000000000e+04,3.903130040224311870e+00
1.155700000000000000e+04,3.917079419905745485e+00
1.155800000000000000e+04,3.787066944182575501e+00
1.155900000000000000e+04,3.734505337604414610e+00
1.156000000000000000e+04,3.445146267177521704e+00
1.156100000000000000e+04,3.930842151612255364e+00
1.156200000000000000e+04,4.004776818057692367e+00
1.156300000000000000e+04,3.858094565848176671e+00
1.156400000000000000e+04,3.944173291179453589e+00
1.156500000000000000e+04,3.980267601083824935e+00
1.156600000000000000e+04,4.124675044144472835e+00
1.156700000000000000e+04,4.085034402851818847e+00
1.156800000000000000e+04,3.871031771074481043e+00
1.156900000000000000e+04,3.791475466726377253e+00
1.157000000000000000e+04,3.535440608828060327e+00
1.157100000000000000e+04,3.750091150089706282e+00
1.157200000000000000e+04,3.780469030646707473e+00
1.157300000000000000e+04,4.116685320642440971e+00
1.157400000000000000e+04,3.710464875246120009e+00
1.157500000000000000e+04,3.998701122332902091e+00
1.157600000000000000e+04,3.737986672754717965e+00
1.157700000000000000e+04,4.062386019615068733e+00
1.157800000000000000e+04,3.670958842609216344e+00
1.157900000000000000e+04,3.948950861790789801e+00
1.158000000000000000e+04,3.708230973163288091e+00
1.158100000000000000e+04,3.447992376394964253e+00
1.158200000000000000e+04,3.620055106815120549e+00
1.158300000000000000e+04,3.601972502067822823e+00
1.158400000000000000e+04,3.567295730058822834e+00
1.158500000000000000e+04,3.939418737555579142e+00
1.158600000000000000e+04,3.606762579363405941e+00
1.158700000000000000e+04,4.003058150680979033e+00
1.158800000000000000e+04,3.901269081460677413e+00
1.158900000000000000e+04,3.808889661499089918e+00
1.159000000000000000e+04,3.607648503890503289e+00
1.159100000000000000e+04,3.917288738685300586e+00
1.159200000000000000e+04,3.928613544121021040e+00
1.159300000000000000e+04,3.750825294522858844e+00
1.159400000000000000e+04,3.494978051137758168e+00
1.159500000000000000e+04,3.793614435225441284e+00
1.159600000000000000e+04,3.795189358095943266e+00
1.159700000000000000e+04,3.928649910053473970e+00
1.159800000000000000e+04,3.699221323571767694e+00
1.159900000000000000e+04,3.822182475186405082e+00
1.160000000000000000e+04,3.940569151161604999e+00
1.160100000000000000e+04,3.819042675527464681e+00
1.160200000000000000e+04,3.446907453090188422e+00
1.160300000000000000e+04,3.699369847167368608e+00
1.160400000000000000e+04,3.910647314101486138e+00
1.160500000000000000e+04,3.331019284821058246e+00
1.160600000000000000e+04,3.698041505974863696e+00
1.160700000000000000e+04,3.823614516527182872e+00
1.160800000000000000e+04,3.591087796391956743e+00
1.160900000000000000e+04,4.032103804552687798e+00
1.161000000000000000e+04,3.648117534880889856e+00
1.161100000000000000e+04,3.835462464023664086e+00
1.161200000000000000e+04,3.917021983366442583e+00
1.161300000000000000e+04,3.550567953498078744e+00
1.161400000000000000e+04,3.786476092477191635e+00
1.161500000000000000e+04,3.592189198923471327e+00
1.161600000000000000e+04,3.749934465067315870e+00
1.161700000000000000e+04,3.728118375523495676e+00
1.161800000000000000e+04,3.617943301264307188e+00
1.161900000000000000e+04,3.707438892627572979e+00
1.162000000000000000e+04,3.508179580731037639e+00
1.162100000000000000e+04,3.631680695742558918e+00
1.162200000000000000e+04,3.804566619665865179e+00
1.162300000000000000e+04,3.620680510815062370e+00
1.162400000000000000e+04,3.933871918456993022e+00
1.162500000000000000e+04,3.616473038591428768e+00
1.162600000000000000e+04,3.660720763478420903e+00
1.162700000000000000e+04,3.860178188961000512e+00
1.162800000000000000e+04,3.868092325147312049e+00
1.162900000000000000e+04,3.821495539839140587e+00
1.163000000000000000e+04,3.619307183821866225e+00
1.163100000000000000e+04,3.807988022059713540e+00
1.163200000000000000e+04,3.627210154820502463e+00
1.163300000000000000e+04,3.599852271974472107e+00
1.163400000000000000e+04,4.033358905776591286e+00
1.163500000000000000e+04,3.708432959753375613e+00
1.163600000000000000e+04,3.750633887901566155e+00
1.163700000000000000e+04,3.827941998956151615e+00
1.163800000000000000e+04,3.849740328240552234e+00
1.163900000000000000e+04,3.739821530031759433e+00
1.164000000000000000e+04,3.765243361765724384e+00
1.164100000000000000e+04,3.758041763993082540e+00
1.164200000000000000e+04,3.489977249073048959e+00
1.164300000000000000e+04,3.488265681355569026e+00
1.164400000000000000e+04,3.848368239032988303e+00
1.164500000000000000e+04,3.683208978716684623e+00
1.164600000000000000e+04,4.003292004985734565e+00
1.164700000000000000e+04,3.724385471757955646e+00
1.164800000000000000e+04,3.737033233627087281e+00
1.164900000000000000e+04,4.081843606895930066e+00
1.165000000000000000e+04,4.033006806891997087e+00
1.165100000000000000e+04,3.972298867189509419e+00
1.165200000000000000e+04,3.674312802129706679e+00
1.165300000000000000e+04,4.167959070771090069e+00
1.165400000000000000e+04,3.823428402213020938e+00
1.165500000000000000e+04,4.038157236432624586e+00
1.165600000000000000e+04,3.790815155001618031e+00
1.165700000000000000e+04,3.877093708981592002e+00
1.165800000000000000e+04,3.562028694576784726e+00
1.165900000000000000e+04,3.649729084899296261e+00
1.166000000000000000e+04,3.950263069039718911e+00
1.166100000000000000e+04,3.471276817505570378e+00
1.166200000000000000e+04,3.911988841387138649e+00
1.166300000000000000e+04,3.784990831213936424e+00
1.166400000000000000e+04,3.845767753412777434e+00
1.166500000000000000e+04,3.906857587317695391e+00
1.166600000000000000e+04,3.734436310777438539e+00
1.166700000000000000e+04,3.824072495934953686e+00
1.166800000000000000e+04,3.609343225860136339e+00
1.166900000000000000e+04,3.412112898558645302e+00
1.167000000000000000e+04,3.689119826683349590e+00
1.167100000000000000e+04,3.953380241841349729e+00
1.167200000000000000e+04,3.803059637478837018e+00
1.167300000000000000e+04,3.725130491679678357e+00
1.167400000000000000e+04,3.739109318650584601e+00
1.167500000000000000e+04,3.738613124777976360e+00
1.167600000000000000e+04,4.095588164893032790e+00
1.167700000000000000e+04,3.818923919736054717e+00
1.167800000000000000e+04,3.833241638642154836e+00
1.167900000000000000e+04,3.727473427361912339e+00
1.168000000000000000e+04,3.465342599300457405e+00
1.168100000000000000e+04,3.588858075128715797e+00
1.168200000000000000e+04,3.840779070666663131e+00
1.168300000000000000e+04,4.036744354450459760e+00
1.168400000000000000e+04,3.965691837670207942e+00
1.168500000000000000e+04,3.829395482890295632e+00
1.168600000000000000e+04,3.963285565826055290e+00
1.168700000000000000e+04,3.868537840665199568e+00
1.168800000000000000e+04,3.911800435172705370e+00
1.168900000000000000e+04,3.709225497890567436e+00
1.169000000000000000e+04,3.929163649077507703e+00
1.169100000000000000e+04,3.752392439568629001e+00
1.169200000000000000e+04,3.990482769664040585e+00
1.169300000000000000e+04,3.823268307278459677e+00
1.169400000000000000e+04,3.777795315208931637e+00
1.169500000000000000e+04,3.770510510211524835e+00
1.169600000000000000e+04,3.858264659282669928e+00
1.169700000000000000e+04,3.589552101860589151e+00
1.169800000000000000e+04,3.619140762150324875e+00
1.169900000000000000e+04,3.683531501859123036e+00
1.170000000000000000e+04,3.986112485975167541e+00
1.170100000000000000e+04,3.774777012966351819e+00
1.170200000000000000e+04,3.861666784801491392e+00
1.170300000000000000e+04,3.617496390090100711e+00
1.170400000000000000e+04,3.667753253533488689e+00
1.170500000000000000e+04,3.371603182782032970e+00
1.170600000000000000e+04,3.727097045504577988e+00
1.170700000000000000e+04,3.682846608373450348e+00
1.170800000000000000e+04,3.908137807428909927e+00
1.170900000000000000e+04,3.786499323496274272e+00
1.171000000000000000e+04,3.977000686331684687e+00
1.171100000000000000e+04,3.607994668534779237e+00
1.171200000000000000e+04,3.216624052817552037e+00
1.171300000000000000e+04,3.800720623723738534e+00
1.171400000000000000e+04,3.434430513914806138e+00
1.171500000000000000e+04,3.583659649591262486e+00
1.171600000000000000e+04,3.939099631765168308e+00
1.171700000000000000e+04,3.425364661141518940e+00
1.171800000000000000e+04,3.511813312082358696e+00
1.171900000000000000e+04,3.626102755491722451e+00
1.172000000000000000e+04,3.738385915872854071e+00
1.172100000000000000e+04,3.567587803185847672e+00
1.172200000000000000e+04,3.874956682850186684e+00
1.172300000000000000e+04,3.546574374858087797e+00
1.172400000000000000e+04,3.559712269237057747e+00
1.172500000000000000e+04,3.990975182760965190e+00
1.172600000000000000e+04,4.006307993886024654e+00
1.172700000000000000e+04,3.821148111431758920e+00
1.172800000000000000e+04,3.874670760580777529e+00
1.172900000000000000e+04,4.076875322466128715e+00
1.173000000000000000e+04,3.742553189526996338e+00
1.173100000000000000e+04,3.832914539385774866e+00
1.173200000000000000e+04,3.630044027330085576e+00
1.173300000000000000e+04,3.520779672998372245e+00
1.173400000000000000e+04,3.826361305708194660e+00
1.173500000000000000e+04,3.604423424487310346e+00
1.173600000000000000e+04,3.516912880549394771e+00
1.173700000000000000e+04,3.610908205729937759e+00
1.173800000000000000e+04,4.025779436319850468e+00
1.173900000000000000e+04,3.482156698680553220e+00
1.174000000000000000e+04,3.762084761189471216e+00
1.174100000000000000e+04,3.742011088992112988e+00
1.174200000000000000e+04,4.080170327401058117e+00
1.174300000000000000e+04,3.417028132389010597e+00
1.174400000000000000e+04,3.725835081561374107e+00
1.174500000000000000e+04,3.736661501842164945e+00
1.174600000000000000e+04,3.690690189308134084e+00
1.174700000000000000e+04,3.250388832082201418e+00
1.174800000000000000e+04,3.269620280891226027e+00
1.174900000000000000e+04,3.690865237458516024e+00
1.175000000000000000e+04,3.592599140705321936e+00
1.175100000000000000e+04,3.847732674215339266e+00
1.175200000000000000e+04,3.627355098876635431e+00
1.175300000000000000e+04,3.703129942315119827e+00
1.175400000000000000e+04,3.717831113576310020e+00
1.175500000000000000e+04,4.010396055507094992e+00
1.175600000000000000e+04,3.467739606984421297e+00
1.175700000000000000e+04,3.895315239882060077e+00
1.175800000000000000e+04,3.575413477648031524e+00
1.175900000000000000e+04,3.825177615868084136e+00
1.176000000000000000e+04,3.878474929061008325e+00
1.176100000000000000e+04,3.889657435282860121e+00
1.176200000000000000e+04,3.582300507596867689e+00
1.176300000000000000e+04,3.820336897537154108e+00
1.176400000000000000e+04,3.999924978691992372e+00
1.176500000000000000e+04,4.002290910072519914e+00
1.176600000000000000e+04,3.599400692429940207e+00
1.176700000000000000e+04,3.762026320100291255e+00
1.176800000000000000e+04,3.590627092469356629e+00
1.176900000000000000e+04,3.563473316717838291e+00
1.177000000000000000e+04,3.615154461437477984e+00
1.177100000000000000e+04,3.814587307684871309e+00
1.177200000000000000e+04,3.472051901023160969e+00
1.177300000000000000e+04,4.203157776866286000e+00
1.177400000000000000e+04,3.836557993648578968e+00
1.177500000000000000e+04,3.530627259674293583e+00
1.177600000000000000e+04,3.998484201678541794e+00
1.177700000000000000e+04,3.303414706129341738e+00
1.177800000000000000e+04,3.888563333148847612e+00
1.177900000000000000e+04,3.393428142404052217e+00
1.178000000000000000e+04,3.852896944283440650e+00
1.178100000000000000e+04,3.720096134212490302e+00
1.178200000000000000e+04,4.114743477057673182e+00
1.178300000000000000e+04,3.957740115332689879e+00
1.178400000000000000e+04,3.731472412077461165e+00
1.178500000000000000e+04,4.035748183858881788e+00
1.178600000000000000e+04,3.602660324249976398e+00
1.178700000000000000e+04,3.507610172887280608e+00
1.178800000000000000e+04,3.742154475702087257e+00
1.178900000000000000e+04,3.798841417740985715e+00
1.179000000000000000e+04,3.862935848576451114e+00
1.179100000000000000e+04,3.842423394716537377e+00
1.179200000000000000e+04,3.542952077565466595e+00
1.179300000000000000e+04,3.338738327106324011e+00
1.179400000000000000e+04,3.662041908579585225e+00
1.179500000000000000e+04,3.741531753559051765e+00
1.179600000000000000e+04,3.219582667054961878e+00
1.179700000000000000e+04,3.827853471642101546e+00
1.179800000000000000e+04,3.878500724767170560e+00
1.179900000000000000e+04,3.771210080839418666e+00
1.180000000000000000e+04,3.902550502207716487e+00
1.180100000000000000e+04,4.037299787323608946e+00
1.180200000000000000e+04,3.542241640532804325e+00
1.180300000000000000e+04,3.784876288022872348e+00
1.180400000000000000e+04,3.576550992722308031e+00
1.180500000000000000e+04,3.434721550322483719e+00
1.180600000000000000e+04,3.808241076338073849e+00
1.180700000000000000e+04,3.745040409376219070e+00
1.180800000000000000e+04,3.583887420771147525e+00
1.180900000000000000e+04,3.677049605993205184e+00
1.181000000000000000e+04,3.904471903017680656e+00
1.181100000000000000e+04,3.748444653814225980e+00
1.181200000000000000e+04,3.865396062234611296e+00
1.181300000000000000e+04,3.927683170126907708e+00
1.181400000000000000e+04,3.690700323918782111e+00
1.181500000000000000e+04,3.356081864311439400e+00
1.181600000000000000e+04,3.512783492647296946e+00
1.181700000000000000e+04,3.755313945094215011e+00
1.181800000000000000e+04,3.979400591693778022e+00
1.181900000000000000e+04,3.648455782390529478e+00
1.182000000000000000e+04,3.589465639130426045e+00
1.182100000000000000e+04,3.787870653422158007e+00
1.182200000000000000e+04,3.812895385521849700e+00
1.182300000000000000e+04,3.771460922198170973e+00
1.182400000000000000e+04,3.746001323579644104e+00
1.182500000000000000e+04,3.481687742337078006e+00
1.182600000000000000e+04,3.959883360157684606e+00
1.182700000000000000e+04,3.523191357540379265e+00
1.182800000000000000e+04,3.465480748206606343e+00
1.182900000000000000e+04,3.790657994753642068e+00
1.183000000000000000e+04,4.051793528642695819e+00
1.183100000000000000e+04,3.976439895937333713e+00
1.183200000000000000e+04,3.727798780716747196e+00
1.183300000000000000e+04,3.719812321791948762e+00
1.183400000000000000e+04,3.577149265253397381e+00
1.183500000000000000e+04,3.603236805153246181e+00
1.183600000000000000e+04,3.817202664003236379e+00
1.183700000000000000e+04,3.827558267130955372e+00
1.183800000000000000e+04,3.532190018049798041e+00
1.183900000000000000e+04,3.734943984085917101e+00
1.184000000000000000e+04,3.611587816179655519e+00
1.184100000000000000e+04,3.824300577824401248e+00
1.184200000000000000e+04,3.859264899583458419e+00
1.184300000000000000e+04,3.784941959536087364e+00
1.184400000000000000e+04,3.944038974533365938e+00
1.184500000000000000e+04,3.793517648824806798e+00
1.184600000000000000e+04,3.760819265310980430e+00
1.184700000000000000e+04,3.709800310554663749e+00
1.184800000000000000e+04,3.849925689110816229e+00
1.184900000000000000e+04,4.098951435394213583e+00
1.185000000000000000e+04,3.853567802932165609e+00
1.185100000000000000e+04,3.492135510435872003e+00
1.185200000000000000e+04,3.532994920230846603e+00
1.185300000000000000e+04,3.602085896319852765e+00
1.185400000000000000e+04,3.488299094023140867e+00
1.185500000000000000e+04,3.752273832969554856e+00
1.185600000000000000e+04,3.620601333871398708e+00
1.185700000000000000e+04,3.735930378349821446e+00
1.185800000000000000e+04,3.525408599081904182e+00
1.185900000000000000e+04,3.561755259927470885e+00
1.186000000000000000e+04,3.824967298580122410e+00
1.186100000000000000e+04,3.599643334027734731e+00
1.186200000000000000e+04,3.670676409032862519e+00
1.186300000000000000e+04,3.588551748859259316e+00
1.186400000000000000e+04,3.990861946995563514e+00
1.186500000000000000e+04,3.601782485689228430e+00
1.186600000000000000e+04,3.823519339868550304e+00
1.186700000000000000e+04,3.987337478967620807e+00
1.186800000000000000e+04,3.684529799492681335e+00
1.186900000000000000e+04,3.877013057717490163e+00
1.187000000000000000e+04,3.829559227366135854e+00
1.187100000000000000e+04,3.999748201048283658e+00
1.187200000000000000e+04,3.434435660990445616e+00
1.187300000000000000e+04,3.856742045823575271e+00
1.187400000000000000e+04,3.929755509221429133e+00
1.187500000000000000e+04,3.831603248147546825e+00
1.187600000000000000e+04,3.724836463876560977e+00
1.187700000000000000e+04,3.676986317916679958e+00
1.187800000000000000e+04,3.590138735315423268e+00
1.187900000000000000e+04,3.924115691561019137e+00
1.188000000000000000e+04,3.811921000727903408e+00
1.188100000000000000e+04,3.494738684116463823e+00
1.188200000000000000e+04,3.675520979195786353e+00
1.188300000000000000e+04,3.899275268065842237e+00
1.188400000000000000e+04,3.837553923505491404e+00
1.188500000000000000e+04,4.046910392323598948e+00
1.188600000000000000e+04,3.412491972859484690e+00
1.188700000000000000e+04,3.566579344219227288e+00
1.188800000000000000e+04,3.795149942703872181e+00
1.188900000000000000e+04,3.663686745394511668e+00
1.189000000000000000e+04,3.797393303959430533e+00
1.189100000000000000e+04,3.531702014214199714e+00
1.189200000000000000e+04,3.706243165001116946e+00
1.189300000000000000e+04,3.997587568676335135e+00
1.189400000000000000e+04,3.541043887373067633e+00
1.189500000000000000e+04,3.647081576026729000e+00
1.189600000000000000e+04,3.396790656886019555e+00
1.189700000000000000e+04,3.946185380917472507e+00
1.189800000000000000e+04,3.519231497708547707e+00
1.189900000000000000e+04,3.494348047498488707e+00
1.190000000000000000e+04,4.011905875510238140e+00
1.190100000000000000e+04,3.792912898232638330e+00
1.190200000000000000e+04,3.766789724964330510e+00
1.190300000000000000e+04,3.594972593274145645e+00
1.190400000000000000e+04,3.735291342041490825e+00
1.190500000000000000e+04,3.507783863000560221e+00
1.190600000000000000e+04,3.920767018767695067e+00
1.190700000000000000e+04,3.497523720096236133e+00
1.190800000000000000e+04,3.515636193136641552e+00
1.190900000000000000e+04,3.564575843306875491e+00
1.191000000000000000e+04,3.483490126433377299e+00
1.191100000000000000e+04,3.865341467872218217e+00
1.191200000000000000e+04,3.628739761929521634e+00
1.191300000000000000e+04,3.782853774682496617e+00
1.191400000000000000e+04,3.905297478135557387e+00
1.191500000000000000e+04,3.914668003076231528e+00
1.191600000000000000e+04,3.698334859828632748e+00
1.191700000000000000e+04,3.621247553249200113e+00
1.191800000000000000e+04,3.769687941869289904e+00
1.191900000000000000e+04,3.951754403019397621e+00
1.192000000000000000e+04,3.942793438202435663e+00
1.192100000000000000e+04,3.920441489854282757e+00
1.192200000000000000e+04,3.624025670996396720e+00
1.192300000000000000e+04,3.772377771932051260e+00
1.192400000000000000e+04,3.421927780649740569e+00
1.192500000000000000e+04,3.769712492034057227e+00
1.192600000000000000e+04,3.609959226849363656e+00
1.192700000000000000e+04,3.603780205462901343e+00
1.192800000000000000e+04,3.856179667159598257e+00
1.192900000000000000e+04,3.620640912685866741e+00
1.193000000000000000e+04,3.632516113367519672e+00
1.193100000000000000e+04,3.812502135659845415e+00
1.193200000000000000e+04,3.844779279905244262e+00
1.193300000000000000e+04,3.659738592978471150e+00
1.193400000000000000e+04,3.853042079967250455e+00
1.193500000000000000e+04,3.762117497874595706e+00
1.193600000000000000e+04,3.600583753478602933e+00
1.193700000000000000e+04,3.820777113661675717e+00
1.193800000000000000e+04,3.424603888676547747e+00
1.193900000000000000e+04,3.676182964838547118e+00
1.194000000000000000e+04,3.652805454407130892e+00
1.194100000000000000e+04,3.711219875243540578e+00
1.194200000000000000e+04,3.895061078384999487e+00
1.194300000000000000e+04,3.861120986528804533e+00
1.194400000000000000e+04,3.814950089178162695e+00
1.194500000000000000e+04,3.822714444412858903e+00
1.194600000000000000e+04,3.830032013156122073e+00
1.194700000000000000e+04,3.889972190010807296e+00
1.194800000000000000e+04,3.687785672408909754e+00
1.194900000000000000e+04,4.099920693229298863e+00
1.195000000000000000e+04,3.764835035810267350e+00
1.195100000000000000e+04,4.049378956599657187e+00
1.195200000000000000e+04,3.888808380244918261e+00
1.195300000000000000e+04,3.774053036865348432e+00
1.195400000000000000e+04,3.554969037190771619e+00
1.195500000000000000e+04,3.738453638954071234e+00
1.195600000000000000e+04,3.433386645580345675e+00
1.195700000000000000e+04,3.801152366428105278e+00
1.195800000000000000e+04,3.910518765970816268e+00
1.195900000000000000e+04,3.594000573823973532e+00
1.196000000000000000e+04,4.081419256054338085e+00
1.196100000000000000e+04,3.731847852496974038e+00
1.196200000000000000e+04,3.936431993473799462e+00
1.196300000000000000e+04,3.658685516912255853e+00
1.196400000000000000e+04,4.062653325633365675e+00
1.196500000000000000e+04,3.684753761510877634e+00
1.196600000000000000e+04,3.812067660803531322e+00
1.196700000000000000e+04,3.618627846201486697e+00
1.196800000000000000e+04,3.701427784341655425e+00
1.196900000000000000e+04,3.660552320324030440e+00
1.197000000000000000e+04,3.757877744754642091e+00
1.197100000000000000e+04,3.777489570263901086e+00
1.197200000000000000e+04,3.524698996292887632e+00
1.197300000000000000e+04,3.719793014422099198e+00
1.197400000000000000e+04,3.908854962949932954e+00
1.197500000000000000e+04,3.874628335673941049e+00
1.197600000000000000e+04,3.601509393190197805e+00
1.197700000000000000e+04,3.829931441571313933e+00
1.197800000000000000e+04,3.688529112777063190e+00
1.197900000000000000e+04,4.169337794276433584e+00
1.198000000000000000e+04,3.406733613999080479e+00
1.198100000000000000e+04,3.696928365558784790e+00
1.198200000000000000e+04,4.132289368476679492e+00
1.198300000000000000e+04,3.721607800967730029e+00
1.198400000000000000e+04,3.439004353144377468e+00
1.198500000000000000e+04,3.760987449989880549e+00
1.198600000000000000e+04,3.575146797208516247e+00
1.198700000000000000e+04,3.785540942327628944e+00
1.198800000000000000e+04,3.909782322342927330e+00
1.198900000000000000e+04,3.829599523991861876e+00
1.199000000000000000e+04,3.784837445479364515e+00
1.199100000000000000e+04,3.739430442692874390e+00
1.199200000000000000e+04,3.949973614123954313e+00
1.199300000000000000e+04,3.793971554386645462e+00
1.199400000000000000e+04,3.583550060329282694e+00
1.199500000000000000e+04,4.030016875309581081e+00
1.199600000000000000e+04,3.491531202154325442e+00
1.199700000000000000e+04,3.852748319284788003e+00
1.199800000000000000e+04,3.728277804007696261e+00
1.199900000000000000e+04,3.445100825939635847e+00
1.200000000000000000e+04,3.884936531322634057e+00
1.200100000000000000e+04,3.771974042305874519e+00
1.200200000000000000e+04,3.648843516394063791e+00
1.200300000000000000e+04,3.948626932519941235e+00
1.200400000000000000e+04,3.725685311092373109e+00
1.200500000000000000e+04,3.665592079342282705e+00
1.200600000000000000e+04,3.850418629932596204e+00
1.200700000000000000e+04,3.880701224054216247e+00
1.200800000000000000e+04,4.004750701156182480e+00
1.200900000000000000e+04,3.999564021618700060e+00
1.201000000000000000e+04,3.552095140782670413e+00
1.201100000000000000e+04,3.506237954272257262e+00
1.201200000000000000e+04,3.991299184114225351e+00
1.201300000000000000e+04,3.889509802589182996e+00
1.201400000000000000e+04,3.862328199204570378e+00
1.201500000000000000e+04,3.553289438295714753e+00
1.201600000000000000e+04,3.564584210140793630e+00
1.201700000000000000e+04,3.394247736795015680e+00
1.201800000000000000e+04,3.615318800400910249e+00
1.201900000000000000e+04,3.777786204702715533e+00
1.202000000000000000e+04,3.925095909006023565e+00
1.202100000000000000e+04,3.453154635007519957e+00
1.202200000000000000e+04,3.628891223893294882e+00
1.202300000000000000e+04,4.021445511946641460e+00
1.202400000000000000e+04,3.798132558455371122e+00
1.202500000000000000e+04,3.745714441091525515e+00
1.202600000000000000e+04,3.954863373114524627e+00
1.202700000000000000e+04,3.850704456749361793e+00
1.202800000000000000e+04,3.620584663495615363e+00
1.202900000000000000e+04,3.779612274487971657e+00
1.203000000000000000e+04,3.776151388524200847e+00
1.203100000000000000e+04,4.090758734729436519e+00
1.203200000000000000e+04,3.439470536672327938e+00
1.203300000000000000e+04,3.834563341417212001e+00
1.203400000000000000e+04,3.585228766856875193e+00
1.203500000000000000e+04,3.935961576079514135e+00
1.203600000000000000e+04,3.874068174050566249e+00
1.203700000000000000e+04,3.809833499992473449e+00
1.203800000000000000e+04,3.411869376926426778e+00
1.203900000000000000e+04,3.905599790172733510e+00
1.204000000000000000e+04,3.606919966632553542e+00
1.204100000000000000e+04,3.844593932742377262e+00
1.204200000000000000e+04,3.762793271202313772e+00
1.204300000000000000e+04,3.441971302214286155e+00
1.204400000000000000e+04,3.684077725049875518e+00
1.204500000000000000e+04,3.594884863395328978e+00
1.204600000000000000e+04,3.679658914990670660e+00
1.204700000000000000e+04,3.533622582358943554e+00
1.204800000000000000e+04,3.735285994224405215e+00
1.204900000000000000e+04,3.735042608175067613e+00
1.205000000000000000e+04,3.941439034467514535e+00
1.205100000000000000e+04,3.831409402994904845e+00
1.205200000000000000e+04,3.699764821260115966e+00
1.205300000000000000e+04,3.628296874358253543e+00
1.205400000000000000e+04,3.664433877694458719e+00
1.205500000000000000e+04,3.947794078008411756e+00
1.205600000000000000e+04,3.988423729031303822e+00
1.205700000000000000e+04,3.997425764327707576e+00
1.205800000000000000e+04,3.496277949678975094e+00
1.205900000000000000e+04,3.494491406657803445e+00
1.206000000000000000e+04,3.931770205104142324e+00
1.206100000000000000e+04,3.510289599295295382e+00
1.206200000000000000e+04,3.635828561240506573e+00
1.206300000000000000e+04,3.877408885279340467e+00
1.206400000000000000e+04,3.535404716532765335e+00
1.206500000000000000e+04,3.570725158789100018e+00
1.206600000000000000e+04,3.640318741417708726e+00
1.206700000000000000e+04,3.720513364583275973e+00
1.206800000000000000e+04,3.645832871345880744e+00
1.206900000000000000e+04,3.625895039274318776e+00
1.207000000000000000e+04,3.917860728404551907e+00
1.207100000000000000e+04,3.844806183983269232e+00
1.207200000000000000e+04,3.565571833993561146e+00
1.207300000000000000e+04,3.760537116240537436e+00
1.207400000000000000e+04,4.077095684757725103e+00
1.207500000000000000e+04,3.606769557498060941e+00
1.207600000000000000e+04,3.950824877287291592e+00
1.207700000000000000e+04,3.756635515497363631e+00
1.207800000000000000e+04,3.710461261045518544e+00
1.207900000000000000e+04,3.691988622995318714e+00
1.208000000000000000e+04,3.613589881642175872e+00
1.208100000000000000e+04,3.993007236629171341e+00
1.208200000000000000e+04,3.281550974288634848e+00
1.208300000000000000e+04,3.671749156344428222e+00
1.208400000000000000e+04,3.554329206963089405e+00
1.208500000000000000e+04,3.906990489297097024e+00
1.208600000000000000e+04,3.923316258616459606e+00
1.208700000000000000e+04,3.770329322010091744e+00
1.208800000000000000e+04,3.494585673074575016e+00
1.208900000000000000e+04,3.585097013779165120e+00
1.209000000000000000e+04,3.800789168069008461e+00
1.209100000000000000e+04,3.446583885644753042e+00
1.209200000000000000e+04,3.751809526085642332e+00
1.209300000000000000e+04,3.929119162116986530e+00
1.209400000000000000e+04,3.670843481619987525e+00
1.209500000000000000e+04,3.938782172927145719e+00
1.209600000000000000e+04,3.500889861148947180e+00
1.209700000000000000e+04,3.588108406962616126e+00
1.209800000000000000e+04,3.475700805359952295e+00
1.209900000000000000e+04,3.895407313142748684e+00
1.210000000000000000e+04,3.481047523986287029e+00
1.210100000000000000e+04,3.787134602281986506e+00
1.210200000000000000e+04,3.633131973775272971e+00
1.210300000000000000e+04,3.626641023580841949e+00
1.210400000000000000e+04,4.048092176980405021e+00
1.210500000000000000e+04,3.923532739963727867e+00
1.210600000000000000e+04,3.664651020204986676e+00
1.210700000000000000e+04,3.952694250772239126e+00
1.210800000000000000e+04,3.970512261692187295e+00
1.210900000000000000e+04,3.582067306418488251e+00
1.211000000000000000e+04,3.903247802618477813e+00
1.211100000000000000e+04,3.817732329699544014e+00
1.211200000000000000e+04,3.665950494938096771e+00
1.211300000000000000e+04,4.175854344085979442e+00
1.211400000000000000e+04,3.833526814872860289e+00
1.211500000000000000e+04,3.893769587754638550e+00
1.211600000000000000e+04,3.520853501784505735e+00
1.211700000000000000e+04,3.855067956583199340e+00
1.211800000000000000e+04,3.988216013585917707e+00
1.211900000000000000e+04,3.547893477710722721e+00
1.212000000000000000e+04,3.753219677077880068e+00
1.212100000000000000e+04,3.886422079182901168e+00
1.212200000000000000e+04,3.746292098161746686e+00
1.212300000000000000e+04,3.744589748350234615e+00
1.212400000000000000e+04,3.986658341863472010e+00
1.212500000000000000e+04,3.786536402976039994e+00
1.212600000000000000e+04,3.977733354185277292e+00
1.212700000000000000e+04,3.837478370355213553e+00
1.212800000000000000e+04,3.469885586067563477e+00
1.212900000000000000e+04,3.939937677944801209e+00
1.213000000000000000e+04,3.842967573979814144e+00
1.213100000000000000e+04,3.860696231190102967e+00
1.213200000000000000e+04,3.662485097002378343e+00
1.213300000000000000e+04,3.838055546724508993e+00
1.213400000000000000e+04,3.760953119171750902e+00
1.213500000000000000e+04,4.016472456980433314e+00
1.213600000000000000e+04,3.576818058151088664e+00
1.213700000000000000e+04,4.102853017023491589e+00
1.213800000000000000e+04,3.869449880472108028e+00
1.213900000000000000e+04,3.558438476545225271e+00
1.214000000000000000e+04,3.884906228333765199e+00
1.214100000000000000e+04,3.627316881637002943e+00
1.214200000000000000e+04,3.775679481113711766e+00
1.214300000000000000e+04,3.800395345783938783e+00
1.214400000000000000e+04,3.847970541865419758e+00
1.214500000000000000e+04,3.777211877648327665e+00
1.214600000000000000e+04,3.975548901479323494e+00
1.214700000000000000e+04,3.488300353581327506e+00
1.214800000000000000e+04,3.667644853710309683e+00
1.214900000000000000e+04,3.613749052626022973e+00
1.215000000000000000e+04,3.803810458437188569e+00
1.215100000000000000e+04,4.069226467675509440e+00
1.215200000000000000e+04,3.886612120819767036e+00
1.215300000000000000e+04,4.032178039967605265e+00
1.215400000000000000e+04,3.885233196596778349e+00
1.215500000000000000e+04,3.953463904847261734e+00
1.215600000000000000e+04,4.008316791305326809e+00
1.215700000000000000e+04,4.054978359714997538e+00
1.215800000000000000e+04,3.385964211204092855e+00
1.215900000000000000e+04,3.732862954941444045e+00
1.216000000000000000e+04,3.962564567133944671e+00
1.216100000000000000e+04,3.730797967893022538e+00
1.216200000000000000e+04,3.668186314775633505e+00
1.216300000000000000e+04,3.984029931062796681e+00
1.216400000000000000e+04,3.369919749660396757e+00
1.216500000000000000e+04,3.648264850447069829e+00
1.216600000000000000e+04,3.849252486639640924e+00
1.216700000000000000e+04,3.889779363770335063e+00
1.216800000000000000e+04,3.934615450031548001e+00
1.216900000000000000e+04,3.588786118337564002e+00
1.217000000000000000e+04,3.779333251409772387e+00
1.217100000000000000e+04,3.813135336985550516e+00
1.217200000000000000e+04,3.434660186416783834e+00
1.217300000000000000e+04,3.753853104710842548e+00
1.217400000000000000e+04,3.788233914657435975e+00
1.217500000000000000e+04,3.829309096959081948e+00
1.217600000000000000e+04,3.817177674470845883e+00
1.217700000000000000e+04,3.785517473266026833e+00
1.217800000000000000e+04,3.824856582368566293e+00
1.217900000000000000e+04,3.761915859213761149e+00
1.218000000000000000e+04,3.822337386208516374e+00
1.218100000000000000e+04,3.951582558628199404e+00
1.218200000000000000e+04,3.831204996929889361e+00
1.218300000000000000e+04,3.930625627215929452e+00
1.218400000000000000e+04,3.892156569542865263e+00
1.218500000000000000e+04,3.794358936251932324e+00
1.218600000000000000e+04,3.722422756361784657e+00
1.218700000000000000e+04,3.761159364936503824e+00
1.218800000000000000e+04,3.785342230614813008e+00
1.218900000000000000e+04,3.591912892990139827e+00
1.219000000000000000e+04,3.514095278874005857e+00
1.219100000000000000e+04,3.589693176029602917e+00
1.219200000000000000e+04,3.861050949743796146e+00
1.219300000000000000e+04,3.856011848518845486e+00
1.219400000000000000e+04,3.973219537383911426e+00
1.219500000000000000e+04,3.748151234442680391e+00
1.219600000000000000e+04,3.653465000656785477e+00
1.219700000000000000e+04,3.570986594212922416e+00
1.219800000000000000e+04,3.725432881541022034e+00
1.219900000000000000e+04,3.915065041533360990e+00
1.220000000000000000e+04,3.441276029079649579e+00
1.220100000000000000e+04,4.035580704297136556e+00
1.220200000000000000e+04,3.562905643424066238e+00
1.220300000000000000e+04,3.898701637943871035e+00
1.220400000000000000e+04,3.543180709606251089e+00
1.220500000000000000e+04,4.126230009138483368e+00
1.220600000000000000e+04,3.289230308085861143e+00
1.220700000000000000e+04,3.689498640086726677e+00
1.220800000000000000e+04,3.816280761315892001e+00
1.220900000000000000e+04,4.036457091522571261e+00
1.221000000000000000e+04,3.981837273048729475e+00
1.221100000000000000e+04,3.941688510287701064e+00
1.221200000000000000e+04,3.610289039694932978e+00
1.221300000000000000e+04,3.558591015645103273e+00
1.221400000000000000e+04,3.789916590289878151e+00
1.221500000000000000e+04,4.079215188887133081e+00
1.221600000000000000e+04,4.025109957068856659e+00
1.221700000000000000e+04,3.542967496242588332e+00
1.221800000000000000e+04,4.193615701638960580e+00
1.221900000000000000e+04,3.741603478383426662e+00
1.222000000000000000e+04,3.391827489781942706e+00
1.222100000000000000e+04,3.804646455137373540e+00
1.222200000000000000e+04,3.676959932864625635e+00
1.222300000000000000e+04,3.727985151892775129e+00
1.222400000000000000e+04,3.855180779873083718e+00
1.222500000000000000e+04,3.395382312242892997e+00
1.222600000000000000e+04,3.649806910085809264e+00
1.222700000000000000e+04,3.990765663988832923e+00
1.222800000000000000e+04,3.863974244538460834e+00
1.222900000000000000e+04,3.710975506494716747e+00
1.223000000000000000e+04,3.798566346366214042e+00
1.223100000000000000e+04,3.984843348798742468e+00
1.223200000000000000e+04,3.460590069541904512e+00
1.223300000000000000e+04,3.963121805449584478e+00
1.223400000000000000e+04,3.671181853278449037e+00
1.223500000000000000e+04,3.775282977230580261e+00
1.223600000000000000e+04,3.704322555908965864e+00
1.223700000000000000e+04,3.775993591410586436e+00
1.223800000000000000e+04,3.866062246298573424e+00
1.223900000000000000e+04,3.915384572466168667e+00
1.224000000000000000e+04,3.758029010340599552e+00
1.224100000000000000e+04,3.566018596092801030e+00
1.224200000000000000e+04,3.786423846954756645e+00
1.224300000000000000e+04,4.029760121954015339e+00
1.224400000000000000e+04,3.592640516687950036e+00
1.224500000000000000e+04,3.705432236191368300e+00
1.224600000000000000e+04,3.687741712857263376e+00
1.224700000000000000e+04,3.976696585394654537e+00
1.224800000000000000e+04,3.597548988766960942e+00
1.224900000000000000e+04,3.782794662289168386e+00
1.225000000000000000e+04,3.255873071633734295e+00
1.225100000000000000e+04,4.230034967531832280e+00
1.225200000000000000e+04,3.296939350447074979e+00
1.225300000000000000e+04,3.670538479537087451e+00
1.225400000000000000e+04,3.526270584074710612e+00
1.225500000000000000e+04,3.921312914744828682e+00
1.225600000000000000e+04,3.857777018576000749e+00
1.225700000000000000e+04,3.688262279375171371e+00
1.225800000000000000e+04,3.956931226076100039e+00
1.225900000000000000e+04,3.658641191324425002e+00
1.226000000000000000e+04,3.850329115063104712e+00
1.226100000000000000e+04,3.798827873786348341e+00
1.226200000000000000e+04,3.677370797558910276e+00
1.226300000000000000e+04,3.555733015664463981e+00
1.226400000000000000e+04,3.238680781031215261e+00
1.226500000000000000e+04,3.623272198367060604e+00
1.226600000000000000e+04,3.932530368873592419e+00
1.226700000000000000e+04,3.637257153571399559e+00
1.226800000000000000e+04,3.485525721184466796e+00
1.226900000000000000e+04,3.781713667151654690e+00
1.227000000000000000e+04,3.857987539599755600e+00
1.227100000000000000e+04,3.432108179742222376e+00
1.227200000000000000e+04,3.855625003917233951e+00
1.227300000000000000e+04,3.783138363991257691e+00
1.227400000000000000e+04,3.987024257680152228e+00
1.227500000000000000e+04,3.851727909637999048e+00
1.227600000000000000e+04,3.994240557933391944e+00
1.227700000000000000e+04,3.775590541462755745e+00
1.227800000000000000e+04,3.664128907137014668e+00
1.227900000000000000e+04,3.533950791105461953e+00
1.228000000000000000e+04,3.972929113315009086e+00
1.228100000000000000e+04,3.848417239333574713e+00
1.228200000000000000e+04,3.827820309215348882e+00
1.228300000000000000e+04,3.758241168209775829e+00
1.228400000000000000e+04,3.650754722828212007e+00
1.228500000000000000e+04,3.707872452999436241e+00
1.228600000000000000e+04,4.035077454493470661e+00
1.228700000000000000e+04,3.905686054452694123e+00
1.228800000000000000e+04,3.863173964007920791e+00
1.228900000000000000e+04,3.502620232793179245e+00
1.229000000000000000e+04,3.601827418900938937e+00
1.229100000000000000e+04,3.513601192943903495e+00
1.229200000000000000e+04,3.796495158710744278e+00
1.229300000000000000e+04,3.765149424680879875e+00
1.229400000000000000e+04,3.623568477872656679e+00
1.229500000000000000e+04,3.903665417506495761e+00
1.229600000000000000e+04,3.554132024017110147e+00
1.229700000000000000e+04,3.515136892446681927e+00
1.229800000000000000e+04,3.773603404341427936e+00
1.229900000000000000e+04,3.664538753873850752e+00
1.230000000000000000e+04,3.653166775331913918e+00
1.230100000000000000e+04,3.529177754279571921e+00
1.230200000000000000e+04,3.844527274387957050e+00
1.230300000000000000e+04,3.961143538166950417e+00
1.230400000000000000e+04,3.860004595836701302e+00
1.230500000000000000e+04,3.848694271412941514e+00
1.230600000000000000e+04,3.844256540001957045e+00
1.230700000000000000e+04,3.570072340902444186e+00
1.230800000000000000e+04,3.951318073381897999e+00
1.230900000000000000e+04,3.684232308037581838e+00
1.231000000000000000e+04,4.017738633881679178e+00
1.231100000000000000e+04,3.883838435870842876e+00
1.231200000000000000e+04,3.715695520684145325e+00
1.231300000000000000e+04,3.690058012536598486e+00
1.231400000000000000e+04,3.950915713431417231e+00
1.231500000000000000e+04,3.860484254580547336e+00
1.231600000000000000e+04,3.677955406073371680e+00
1.231700000000000000e+04,3.651028662032009375e+00
1.231800000000000000e+04,3.529659500444038311e+00
1.231900000000000000e+04,4.049176267366993542e+00
1.232000000000000000e+04,3.795888238502477918e+00
1.232100000000000000e+04,3.978956260049034910e+00
1.232200000000000000e+04,3.647479461251637023e+00
1.232300000000000000e+04,3.896501618443176440e+00
1.232400000000000000e+04,3.509913085345570227e+00
1.232500000000000000e+04,3.556617948709623001e+00
1.232600000000000000e+04,3.759177068946280897e+00
1.232700000000000000e+04,3.651666540733333299e+00
1.232800000000000000e+04,3.876504472498262022e+00
1.232900000000000000e+04,3.767392055422743358e+00
1.233000000000000000e+04,3.900087845910254369e+00
1.233100000000000000e+04,4.071118924724089538e+00
1.233200000000000000e+04,3.815334881932847200e+00
1.233300000000000000e+04,3.682398654498421298e+00
1.233400000000000000e+04,3.879005241254909642e+00
1.233500000000000000e+04,4.084545808130198630e+00
1.233600000000000000e+04,3.689359660182585987e+00
1.233700000000000000e+04,3.706704823837327467e+00
1.233800000000000000e+04,3.739343530722634146e+00
1.233900000000000000e+04,3.874003048904347768e+00
1.234000000000000000e+04,3.984730423124388743e+00
1.234100000000000000e+04,3.919424346442795581e+00
1.234200000000000000e+04,3.723313883609139729e+00
1.234300000000000000e+04,3.632806650385137726e+00
1.234400000000000000e+04,3.560191710673408227e+00
1.234500000000000000e+04,3.781085939824685660e+00
1.234600000000000000e+04,3.686380781299670950e+00
1.234700000000000000e+04,3.518915420946508554e+00
1.234800000000000000e+04,3.772878258023209863e+00
1.234900000000000000e+04,3.687307633880994917e+00
1.235000000000000000e+04,3.885123694445446585e+00
1.235100000000000000e+04,3.648203427523504239e+00
1.235200000000000000e+04,3.622544691919611815e+00
1.235300000000000000e+04,3.461625047519649723e+00
1.235400000000000000e+04,3.955021881121215443e+00
1.235500000000000000e+04,3.865783513986982722e+00
1.235600000000000000e+04,3.676869559457272008e+00
1.235700000000000000e+04,3.594751242495911825e+00
1.235800000000000000e+04,3.889538643153844344e+00
1.235900000000000000e+04,3.536377956326460126e+00
1.236000000000000000e+04,3.680336958472217201e+00
1.236100000000000000e+04,3.480808329324156514e+00
1.236200000000000000e+04,4.051976888407664568e+00
1.236300000000000000e+04,3.658856813733231572e+00
1.236400000000000000e+04,3.719635175593895227e+00
1.236500000000000000e+04,4.085173642098332003e+00
1.236600000000000000e+04,3.737088203668065489e+00
1.236700000000000000e+04,3.785137258780032266e+00
1.236800000000000000e+04,3.862366552368585726e+00
1.236900000000000000e+04,3.632292282032221209e+00
1.237000000000000000e+04,3.973698526427814848e+00
1.237100000000000000e+04,3.858079474012392485e+00
1.237200000000000000e+04,4.220123477140798940e+00
1.237300000000000000e+04,3.442176341004483664e+00
1.237400000000000000e+04,3.898083759594239694e+00
1.237500000000000000e+04,3.418649757660798372e+00
1.237600000000000000e+04,3.691635576707616107e+00
1.237700000000000000e+04,3.740120770451702548e+00
1.237800000000000000e+04,3.704818037654522112e+00
1.237900000000000000e+04,3.952161375152202449e+00
1.238000000000000000e+04,3.396742205060487851e+00
1.238100000000000000e+04,3.791880773157116469e+00
1.238200000000000000e+04,3.678104107524835076e+00
1.238300000000000000e+04,3.727096908287007349e+00
1.238400000000000000e+04,4.047090859542916697e+00
1.238500000000000000e+04,3.631914063635158119e+00
1.238600000000000000e+04,3.771877084631717558e+00
1.238700000000000000e+04,3.615959081209481063e+00
1.238800000000000000e+04,3.930107657952062183e+00
1.238900000000000000e+04,3.365001749919342533e+00
1.239000000000000000e+04,3.770930276270018311e+00
1.239100000000000000e+04,3.719850090679703403e+00
1.239200000000000000e+04,3.573343125796744957e+00
1.239300000000000000e+04,3.416912420426393204e+00
1.239400000000000000e+04,3.741533536869828147e+00
1.239500000000000000e+04,3.684758569994901922e+00
1.239600000000000000e+04,3.698324350526344784e+00
1.239700000000000000e+04,3.581139643306536779e+00
1.239800000000000000e+04,3.822130118881226668e+00
1.239900000000000000e+04,3.600159779055922993e+00
1.240000000000000000e+04,3.893798512702914216e+00
1.240100000000000000e+04,3.793716947554240271e+00
1.240200000000000000e+04,3.828964924063410713e+00
1.240300000000000000e+04,3.981378513306727207e+00
1.240400000000000000e+04,3.524456606679535309e+00
1.240500000000000000e+04,3.589185917027954531e+00
1.240600000000000000e+04,3.785028977099354375e+00
1.240700000000000000e+04,3.880157263244795374e+00
1.240800000000000000e+04,3.809509426680567579e+00
1.240900000000000000e+04,3.465182673448904627e+00
1.241000000000000000e+04,3.756865660399754780e+00
1.241100000000000000e+04,4.046928515245754809e+00
1.241200000000000000e+04,3.829383010131385046e+00
1.241300000000000000e+04,3.833634895527523234e+00
1.241400000000000000e+04,3.832813148284450300e+00
1.241500000000000000e+04,3.829506827075336517e+00
1.241600000000000000e+04,3.696976081831738981e+00
1.241700000000000000e+04,3.880759187823005885e+00
1.241800000000000000e+04,3.869591469265661221e+00
1.241900000000000000e+04,4.030416975738822849e+00
1.242000000000000000e+04,3.635197270483072174e+00
1.242100000000000000e+04,3.893472559458329041e+00
1.242200000000000000e+04,3.659209462165837756e+00
1.242300000000000000e+04,3.832886357182819559e+00
1.242400000000000000e+04,3.547073692367331166e+00
1.242500000000000000e+04,3.778350414267670487e+00
1.242600000000000000e+04,3.510937998380991409e+00
1.242700000000000000e+04,3.981987199503920216e+00
1.242800000000000000e+04,3.680555183496364346e+00
1.242900000000000000e+04,3.723292006191051495e+00
1.243000000000000000e+04,3.598401146236049453e+00
1.243100000000000000e+04,3.566396141470446590e+00
1.243200000000000000e+04,3.522387244468834666e+00
1.243300000000000000e+04,3.928582996338022326e+00
1.243400000000000000e+04,3.556280149562244919e+00
1.243500000000000000e+04,3.696070971400965188e+00
1.243600000000000000e+04,3.702651491469301615e+00
1.243700000000000000e+04,3.825039301442506812e+00
1.243800000000000000e+04,3.704208211125815442e+00
1.243900000000000000e+04,4.091093437083196171e+00
1.244000000000000000e+04,3.593869255410833130e+00
1.244100000000000000e+04,4.040757468916941875e+00
1.244200000000000000e+04,3.726016408275167890e+00
1.244300000000000000e+04,3.805639570869267185e+00
1.244400000000000000e+04,3.650534582479137757e+00
1.244500000000000000e+04,3.852955155111644103e+00
1.244600000000000000e+04,3.332200122733623093e+00
1.244700000000000000e+04,3.872376949511407762e+00
1.244800000000000000e+04,3.777424940440341494e+00
1.244900000000000000e+04,3.720686062855807386e+00
1.245000000000000000e+04,3.834243176079320303e+00
1.245100000000000000e+04,3.577241451135091399e+00
1.245200000000000000e+04,3.668669251397266073e+00
1.245300000000000000e+04,3.649449943255234086e+00
1.245400000000000000e+04,3.792135600004957308e+00
1.245500000000000000e+04,3.745533184682644290e+00
1.245600000000000000e+04,3.382292416627370013e+00
1.245700000000000000e+04,3.942547356876451303e+00
1.245800000000000000e+04,3.785889606359037707e+00
1.245900000000000000e+04,3.942565636478398527e+00
1.246000000000000000e+04,3.765706064804228426e+00
1.246100000000000000e+04,3.816920130706749514e+00
1.246200000000000000e+04,3.326021515992385602e+00
1.246300000000000000e+04,3.768558358944679831e+00
1.246400000000000000e+04,4.029148761232164588e+00
1.246500000000000000e+04,3.745007697902569710e+00
1.246600000000000000e+04,3.962239427436781813e+00
1.246700000000000000e+04,3.647824480484018306e+00
1.246800000000000000e+04,3.769181322107140630e+00
1.246900000000000000e+04,3.836805602901216528e+00
1.247000000000000000e+04,3.754457262579376398e+00
1.247100000000000000e+04,3.840972588963350809e+00
1.247200000000000000e+04,3.334381942197594206e+00
1.247300000000000000e+04,3.950163253008893260e+00
1.247400000000000000e+04,3.628110787296613626e+00
1.247500000000000000e+04,3.801698409731943507e+00
1.247600000000000000e+04,3.693587789041649749e+00
1.247700000000000000e+04,3.475609237982471011e+00
1.247800000000000000e+04,3.394633010474723545e+00
1.247900000000000000e+04,3.712982718559953543e+00
1.248000000000000000e+04,3.683371836053954684e+00
1.248100000000000000e+04,3.826841439616483154e+00
1.248200000000000000e+04,3.806395660931641611e+00
1.248300000000000000e+04,4.055459578419686295e+00
1.248400000000000000e+04,3.700866176991055134e+00
1.248500000000000000e+04,3.836112497883684913e+00
1.248600000000000000e+04,3.897135181623260003e+00
1.248700000000000000e+04,3.779651940800386800e+00
1.248800000000000000e+04,3.627340767306765468e+00
1.248900000000000000e+04,3.986544508252724217e+00
1.249000000000000000e+04,3.902244026288337775e+00
1.249100000000000000e+04,3.767153330936771294e+00
1.249200000000000000e+04,3.739496073737901050e+00
1.249300000000000000e+04,3.661609111389711124e+00
1.249400000000000000e+04,3.479406416011736614e+00
1.249500000000000000e+04,3.627864186123054502e+00
1.249600000000000000e+04,3.571458391790514941e+00
1.249700000000000000e+04,3.634671754754735584e+00
1.249800000000000000e+04,3.764767940919111489e+00
1.249900000000000000e+04,3.530298574262488831e+00
1.250000000000000000e+04,4.101185776430053664e+00
1.250100000000000000e+04,3.516845910143593379e+00
1.250200000000000000e+04,3.885780232694497460e+00
1.250300000000000000e+04,3.759607410398661198e+00
1.250400000000000000e+04,3.998457347744123869e+00
1.250500000000000000e+04,3.510676394475400475e+00
1.250600000000000000e+04,3.412086302171892349e+00
1.250700000000000000e+04,3.887641173152712959e+00
1.250800000000000000e+04,3.628739118914465323e+00
1.250900000000000000e+04,3.742188713672526923e+00
1.251000000000000000e+04,3.594974697573777078e+00
1.251100000000000000e+04,3.286692888553270464e+00
1.251200000000000000e+04,3.563358633686914079e+00
1.251300000000000000e+04,3.269967672803717473e+00
1.251400000000000000e+04,3.800649694919411736e+00
1.251500000000000000e+04,4.042733072769554958e+00
1.251600000000000000e+04,3.510025500357184303e+00
1.251700000000000000e+04,4.059583453734147973e+00
1.251800000000000000e+04,3.854243510478677415e+00
1.251900000000000000e+04,3.546857305530477955e+00
1.252000000000000000e+04,3.524819788068822568e+00
1.252100000000000000e+04,3.891203599836599469e+00
1.252200000000000000e+04,3.682217735902894695e+00
1.252300000000000000e+04,3.950049056045248808e+00
1.252400000000000000e+04,3.667767690648993550e+00
1.252500000000000000e+04,3.767251225401947679e+00
1.252600000000000000e+04,3.754683363639894189e+00
1.252700000000000000e+04,3.698421109169828025e+00
1.252800000000000000e+04,3.670261954488225786e+00
1.252900000000000000e+04,3.698597202733584499e+00
1.253000000000000000e+04,3.648852391849167986e+00
1.253100000000000000e+04,3.926333893158847843e+00
1.253200000000000000e+04,3.626080815228404752e+00
1.253300000000000000e+04,3.521827918215222120e+00
1.253400000000000000e+04,3.623114012761709191e+00
1.253500000000000000e+04,3.408186236375048139e+00
1.253600000000000000e+04,4.133762665642190193e+00
1.253700000000000000e+04,3.696983151261952649e+00
1.253800000000000000e+04,3.511829573991122277e+00
1.253900000000000000e+04,4.097030540557850209e+00
1.254000000000000000e+04,3.831424382450836941e+00
1.254100000000000000e+04,3.825004692869518497e+00
1.254200000000000000e+04,3.522499227666488597e+00
1.254300000000000000e+04,3.631469890614232199e+00
1.254400000000000000e+04,3.588302978114298991e+00
1.254500000000000000e+04,3.747116203424015080e+00
1.254600000000000000e+04,3.898401145977550275e+00
1.254700000000000000e+04,3.937718686327332573e+00
1.254800000000000000e+04,3.737509704501013275e+00
1.254900000000000000e+04,3.996855356911501289e+00
1.255000000000000000e+04,3.858606154056930304e+00
1.255100000000000000e+04,3.702822592214869868e+00
1.255200000000000000e+04,3.982612769208196291e+00
1.255300000000000000e+04,3.675876422839383650e+00
1.255400000000000000e+04,4.109304239382660207e+00
1.255500000000000000e+04,3.833833327684498915e+00
1.255600000000000000e+04,4.114509872997055950e+00
1.255700000000000000e+04,3.660155021455484992e+00
1.255800000000000000e+04,3.693457928377601007e+00
1.255900000000000000e+04,3.730363643207184499e+00
1.256000000000000000e+04,3.908580258765025128e+00
1.256100000000000000e+04,3.562165268747809144e+00
1.256200000000000000e+04,3.505046191861616478e+00
1.256300000000000000e+04,3.899949426507278272e+00
1.256400000000000000e+04,3.820823882725058684e+00
1.256500000000000000e+04,4.061786087519723587e+00
1.256600000000000000e+04,3.639890486959809657e+00
1.256700000000000000e+04,3.732674141511873600e+00
1.256800000000000000e+04,3.874493367623275564e+00
1.256900000000000000e+04,3.763833916322054218e+00
1.257000000000000000e+04,3.725632193411401616e+00
1.257100000000000000e+04,3.812006384915706647e+00
1.257200000000000000e+04,3.744769320926176981e+00
1.257300000000000000e+04,3.783969570348843625e+00
1.257400000000000000e+04,3.787709375016222513e+00
1.257500000000000000e+04,3.758333385545776117e+00
1.257600000000000000e+04,3.801499305680470009e+00
1.257700000000000000e+04,3.631794541841924406e+00
1.257800000000000000e+04,3.822417827640106402e+00
1.257900000000000000e+04,3.695022684040795369e+00
1.258000000000000000e+04,4.098051152821997611e+00
1.258100000000000000e+04,3.979669811706647575e+00
1.258200000000000000e+04,3.908480746152420693e+00
1.258300000000000000e+04,3.857011179715312377e+00
1.258400000000000000e+04,3.433044435192459609e+00
1.258500000000000000e+04,3.654459737745521686e+00
1.258600000000000000e+04,3.637022916809258266e+00
1.258700000000000000e+04,4.019019030005966719e+00
1.258800000000000000e+04,3.282716567326354973e+00
1.258900000000000000e+04,3.467615809635169466e+00
1.259000000000000000e+04,3.580052535759428611e+00
1.259100000000000000e+04,3.682218974486717311e+00
1.259200000000000000e+04,3.594409954749450797e+00
1.259300000000000000e+04,3.933546615326700913e+00
1.259400000000000000e+04,3.937765390500028051e+00
1.259500000000000000e+04,3.990152776443371518e+00
1.259600000000000000e+04,3.614553690013514231e+00
1.259700000000000000e+04,3.595943696671640044e+00
1.259800000000000000e+04,3.841287170165779585e+00
1.259900000000000000e+04,3.730310794344252834e+00
1.260000000000000000e+04,3.772018615320395618e+00
1.260100000000000000e+04,3.467933279576104866e+00
1.260200000000000000e+04,3.781964509885313408e+00
1.260300000000000000e+04,3.837604668433718391e+00
1.260400000000000000e+04,3.793805522045363698e+00
1.260500000000000000e+04,3.996314316698670766e+00
1.260600000000000000e+04,3.728284528448717605e+00
1.260700000000000000e+04,3.699244064674700017e+00
1.260800000000000000e+04,3.873049569006670634e+00
1.260900000000000000e+04,3.575519668842037646e+00
1.261000000000000000e+04,3.774382435211185438e+00
1.261100000000000000e+04,3.831326497711612600e+00
1.261200000000000000e+04,3.515889914036263608e+00
1.261300000000000000e+04,3.720622911840389957e+00
1.261400000000000000e+04,3.612180921566904956e+00
1.261500000000000000e+04,3.905641923704131990e+00
1.261600000000000000e+04,3.958514585659589358e+00
1.261700000000000000e+04,3.454155321515067101e+00
1.261800000000000000e+04,4.115199821591564167e+00
1.261900000000000000e+04,3.967020996532271138e+00
1.262000000000000000e+04,3.523833853559621865e+00
1.262100000000000000e+04,3.529627125588293168e+00
1.262200000000000000e+04,3.841282131049421178e+00
1.262300000000000000e+04,3.569289119818835232e+00
1.262400000000000000e+04,3.626488173369754708e+00
1.262500000000000000e+04,3.825728071071782477e+00
1.262600000000000000e+04,3.735725921968580554e+00
1.262700000000000000e+04,4.001729587055970150e+00
1.262800000000000000e+04,3.860601954173529915e+00
1.262900000000000000e+04,3.631960096489691647e+00
1.263000000000000000e+04,3.630994150640038942e+00
1.263100000000000000e+04,3.662585972110411703e+00
1.263200000000000000e+04,3.544799220833070308e+00
1.263300000000000000e+04,3.728726304072878417e+00
1.263400000000000000e+04,3.682999626573965735e+00
1.263500000000000000e+04,3.557626534163733201e+00
1.263600000000000000e+04,3.704579484201531159e+00
1.263700000000000000e+04,4.186452089294142809e+00
1.263800000000000000e+04,3.620837453758720237e+00
1.263900000000000000e+04,3.672949466153438536e+00
1.264000000000000000e+04,3.872728272812465011e+00
1.264100000000000000e+04,4.017226336327269998e+00
1.264200000000000000e+04,3.701098679684457604e+00
1.264300000000000000e+04,4.008670039866413681e+00
1.264400000000000000e+04,4.062374489043270032e+00
1.264500000000000000e+04,3.679339973287124810e+00
1.264600000000000000e+04,4.232387751383567931e+00
1.264700000000000000e+04,3.761778426984773382e+00
1.264800000000000000e+04,3.423960210476869825e+00
1.264900000000000000e+04,3.740982542202049288e+00
1.265000000000000000e+04,3.702524001854491154e+00
1.265100000000000000e+04,3.627366733593726966e+00
1.265200000000000000e+04,3.729383290902615222e+00
1.265300000000000000e+04,3.757783431868036317e+00
1.265400000000000000e+04,3.612752441882101540e+00
1.265500000000000000e+04,3.475663014257266425e+00
1.265600000000000000e+04,3.839668605172632088e+00
1.265700000000000000e+04,3.781171866832420125e+00
1.265800000000000000e+04,3.649731825997950097e+00
1.265900000000000000e+04,3.616807291872005337e+00
1.266000000000000000e+04,3.691250207118086823e+00
1.266100000000000000e+04,3.957802378446041214e+00
1.266200000000000000e+04,3.495224179721725388e+00
1.266300000000000000e+04,3.787478360726413307e+00
1.266400000000000000e+04,3.935895619565143111e+00
1.266500000000000000e+04,3.770336832623684575e+00
1.266600000000000000e+04,3.614643263037900400e+00
1.266700000000000000e+04,3.817634521094417810e+00
1.266800000000000000e+04,3.608797397186569000e+00
1.266900000000000000e+04,3.635982602742659164e+00
1.267000000000000000e+04,3.716137595589044107e+00
1.267100000000000000e+04,3.682863816034247062e+00
1.267200000000000000e+04,4.084741765165727401e+00
1.267300000000000000e+04,3.508051418219337414e+00
1.267400000000000000e+04,3.720588329401429473e+00
1.267500000000000000e+04,3.927990112248910926e+00
1.267600000000000000e+04,3.763695974372097020e+00
1.267700000000000000e+04,3.818722007311732725e+00
1.267800000000000000e+04,3.579541005468526382e+00
1.267900000000000000e+04,4.183931731022488165e+00
1.268000000000000000e+04,3.569284179825900960e+00
1.268100000000000000e+04,3.712791085309463224e+00
1.268200000000000000e+04,3.969149971023018253e+00
1.268300000000000000e+04,3.846360059351223715e+00
1.268400000000000000e+04,3.585742223343078905e+00
1.268500000000000000e+04,3.625134191542562334e+00
1.268600000000000000e+04,3.528065071027769228e+00
1.268700000000000000e+04,3.983190934833888974e+00
1.268800000000000000e+04,3.833815261315743683e+00
1.268900000000000000e+04,3.804329524558929254e+00
1.269000000000000000e+04,4.011379549957094781e+00
1.269100000000000000e+04,3.662223870745394017e+00
1.269200000000000000e+04,4.045058890883891145e+00
1.269300000000000000e+04,4.009647450364486332e+00
1.269400000000000000e+04,3.480223943554141997e+00
1.269500000000000000e+04,3.905172883453895682e+00
1.269600000000000000e+04,4.099861188132150502e+00
1.269700000000000000e+04,3.572396359801579546e+00
1.269800000000000000e+04,3.561223379725480864e+00
1.269900000000000000e+04,3.855877209114439097e+00
1.270000000000000000e+04,3.546843766522973063e+00
1.270100000000000000e+04,3.745110452696528203e+00
1.270200000000000000e+04,4.198454664426832572e+00
1.270300000000000000e+04,3.871736553528529523e+00
1.270400000000000000e+04,3.808017504689585220e+00
1.270500000000000000e+04,4.113079072748356602e+00
1.270600000000000000e+04,3.799434292934557700e+00
1.270700000000000000e+04,3.654619342446068231e+00
1.270800000000000000e+04,3.434622464928914543e+00
1.270900000000000000e+04,3.591422423945717757e+00
1.271000000000000000e+04,3.999379625532417659e+00
1.271100000000000000e+04,3.882000468057505316e+00
1.271200000000000000e+04,3.669061807347208770e+00
1.271300000000000000e+04,3.795748995774580248e+00
1.271400000000000000e+04,3.830805745782439153e+00
1.271500000000000000e+04,3.695954832518643762e+00
1.271600000000000000e+04,3.788251058558111062e+00
1.271700000000000000e+04,3.528010169194935486e+00
1.271800000000000000e+04,3.813828161036902031e+00
1.271900000000000000e+04,3.795725978595483330e+00
1.272000000000000000e+04,3.869805386053823959e+00
1.272100000000000000e+04,3.570709307914557762e+00
1.272200000000000000e+04,4.030841622863496454e+00
1.272300000000000000e+04,3.777776602320634503e+00
1.272400000000000000e+04,4.072704609960625000e+00
1.272500000000000000e+04,3.650650523198004649e+00
1.272600000000000000e+04,3.399569257151245694e+00
1.272700000000000000e+04,3.496161732355116847e+00
1.272800000000000000e+04,3.372153750365515457e+00
1.272900000000000000e+04,3.577683032221389059e+00
1.273000000000000000e+04,3.732790149783246747e+00
1.273100000000000000e+04,3.547903451075151704e+00
1.273200000000000000e+04,3.721234074281987603e+00
1.273300000000000000e+04,4.123919732585761722e+00
1.273400000000000000e+04,4.201620881879945202e+00
1.273500000000000000e+04,3.709133519496545350e+00
1.273600000000000000e+04,3.886425470427293138e+00
1.273700000000000000e+04,3.465514770924030596e+00
1.273800000000000000e+04,3.670038502900880406e+00
1.273900000000000000e+04,4.053769760897997898e+00
1.274000000000000000e+04,3.461318642619341190e+00
1.274100000000000000e+04,3.866827572290189696e+00
1.274200000000000000e+04,3.541301432224056356e+00
1.274300000000000000e+04,3.742700670550748843e+00
1.274400000000000000e+04,3.773140313983125882e+00
1.274500000000000000e+04,3.934000179766687921e+00
1.274600000000000000e+04,3.697350926725257558e+00
1.274700000000000000e+04,3.868152709745079409e+00
1.274800000000000000e+04,3.770143027672542058e+00
1.274900000000000000e+04,3.751357266185783246e+00
1.275000000000000000e+04,3.792047206183549957e+00
1.275100000000000000e+04,3.839859419744899416e+00
1.275200000000000000e+04,3.549699286660420228e+00
1.275300000000000000e+04,3.711688977120573885e+00
1.275400000000000000e+04,3.859628094430971768e+00
1.275500000000000000e+04,3.768511155532825452e+00
1.275600000000000000e+04,3.268867246406920835e+00
1.275700000000000000e+04,3.423292613234187876e+00
1.275800000000000000e+04,3.716581993286171670e+00
1.275900000000000000e+04,3.359842492553175131e+00
1.276000000000000000e+04,3.489238144324314117e+00
1.276100000000000000e+04,3.848441615588439557e+00
1.276200000000000000e+04,4.199431367948797345e+00
1.276300000000000000e+04,3.873577031445876617e+00
1.276400000000000000e+04,3.525268182901573510e+00
1.276500000000000000e+04,3.932988608733225533e+00
1.276600000000000000e+04,3.617837574499897180e+00
1.276700000000000000e+04,3.581037867641027272e+00
1.276800000000000000e+04,3.732633659655143266e+00
1.276900000000000000e+04,3.534060126473482111e+00
1.277000000000000000e+04,3.802334779753496541e+00
1.277100000000000000e+04,3.483745872222324014e+00
1.277200000000000000e+04,3.713102175897921686e+00
1.277300000000000000e+04,3.399696483934602664e+00
1.277400000000000000e+04,3.705538324232391822e+00
1.277500000000000000e+04,3.697425058361095918e+00
1.277600000000000000e+04,3.858999788837953915e+00
1.277700000000000000e+04,3.656815310333259905e+00
1.277800000000000000e+04,3.752958195660080598e+00
1.277900000000000000e+04,3.460702845825838647e+00
1.278000000000000000e+04,3.545610982525861044e+00
1.278100000000000000e+04,3.749281563398620953e+00
1.278200000000000000e+04,3.746861966473139294e+00
1.278300000000000000e+04,3.791371999625276601e+00
1.278400000000000000e+04,3.495271723577800582e+00
1.278500000000000000e+04,3.539954112094847893e+00
1.278600000000000000e+04,3.731872573896591661e+00
1.278700000000000000e+04,3.673589718919967773e+00
1.278800000000000000e+04,3.790049095258386735e+00
1.278900000000000000e+04,3.265425805678661586e+00
1.279000000000000000e+04,3.677321197051474755e+00
1.279100000000000000e+04,3.557325444966659589e+00
1.279200000000000000e+04,3.553222827048470922e+00
1.279300000000000000e+04,3.793981913987525267e+00
1.279400000000000000e+04,3.796855652735418030e+00
1.279500000000000000e+04,3.789661059749126704e+00
1.279600000000000000e+04,4.181187682587307108e+00
1.279700000000000000e+04,3.689294402294388764e+00
1.279800000000000000e+04,3.565842728093377545e+00
1.279900000000000000e+04,3.837243424021480553e+00
1.280000000000000000e+04,3.602952749754694928e+00
1.280100000000000000e+04,3.984903458667526266e+00
1.280200000000000000e+04,3.708266081481544241e+00
1.280300000000000000e+04,3.895070966123531875e+00
1.280400000000000000e+04,3.595439002312601495e+00
1.280500000000000000e+04,3.688475966394199723e+00
1.280600000000000000e+04,3.693832750453256430e+00
1.280700000000000000e+04,3.867108604183409071e+00
1.280800000000000000e+04,3.561362551738957549e+00
1.280900000000000000e+04,4.105521741369082989e+00
1.281000000000000000e+04,4.036107271153029252e+00
1.281100000000000000e+04,3.677723402108330930e+00
1.281200000000000000e+04,3.695910560614171558e+00
1.281300000000000000e+04,3.732620806012734160e+00
1.281400000000000000e+04,3.637466833540298872e+00
1.281500000000000000e+04,3.808051541958428210e+00
1.281600000000000000e+04,4.083165395616020987e+00
1.281700000000000000e+04,3.638555598700563110e+00
1.281800000000000000e+04,3.601934698645473887e+00
1.281900000000000000e+04,3.848886205186231368e+00
1.282000000000000000e+04,3.675958999510878566e+00
1.282100000000000000e+04,4.099247451573677203e+00
1.282200000000000000e+04,3.513171687785244579e+00
1.282300000000000000e+04,3.629364081927845209e+00
1.282400000000000000e+04,3.886411302158987446e+00
1.282500000000000000e+04,3.775798695756825918e+00
1.282600000000000000e+04,3.816428770798343972e+00
1.282700000000000000e+04,3.559020518450212833e+00
1.282800000000000000e+04,3.492381941890922548e+00
1.282900000000000000e+04,4.112977466363241241e+00
1.283000000000000000e+04,3.735840201377127467e+00
1.283100000000000000e+04,3.601252473664475318e+00
1.283200000000000000e+04,3.734541437384124141e+00
1.283300000000000000e+04,3.808863595646775568e+00
1.283400000000000000e+04,3.745672870873278715e+00
1.283500000000000000e+04,3.649154078589368577e+00
1.283600000000000000e+04,3.830902011837533205e+00
1.283700000000000000e+04,3.482302223579298861e+00
1.283800000000000000e+04,3.904176918006088126e+00
1.283900000000000000e+04,3.668313243816230695e+00
1.284000000000000000e+04,3.574856321580198060e+00
1.284100000000000000e+04,3.618185934001595605e+00
1.284200000000000000e+04,3.670743774311071128e+00
1.284300000000000000e+04,3.472953902907310653e+00
1.284400000000000000e+04,3.758705549291048609e+00
1.284500000000000000e+04,3.483471261011508169e+00
1.284600000000000000e+04,3.777813497451553815e+00
1.284700000000000000e+04,3.544211781763430658e+00
1.284800000000000000e+04,3.621477615401072825e+00
1.284900000000000000e+04,3.819709114802688266e+00
1.285000000000000000e+04,3.527754841393284657e+00
1.285100000000000000e+04,3.410194406371561016e+00
1.285200000000000000e+04,3.730231563260096195e+00
1.285300000000000000e+04,3.447211933264550332e+00
1.285400000000000000e+04,3.631549732717886947e+00
1.285500000000000000e+04,3.615308909064595788e+00
1.285600000000000000e+04,3.392859072768958040e+00
1.285700000000000000e+04,3.740464218540322960e+00
1.285800000000000000e+04,3.443033137802820942e+00
1.285900000000000000e+04,4.089255130729856802e+00
1.286000000000000000e+04,3.798071775830362373e+00
1.286100000000000000e+04,3.993732931141285469e+00
1.286200000000000000e+04,3.622590729464533865e+00
1.286300000000000000e+04,3.638157225329656352e+00
1.286400000000000000e+04,3.460257227544547121e+00
1.286500000000000000e+04,4.034671855643444438e+00
1.286600000000000000e+04,3.576672027652440633e+00
1.286700000000000000e+04,3.753018740532606312e+00
1.286800000000000000e+04,3.651981390572676123e+00
1.286900000000000000e+04,3.462876503903263181e+00
1.287000000000000000e+04,3.522859406483824340e+00
1.287100000000000000e+04,3.904541372566352031e+00
1.287200000000000000e+04,3.686260460714327447e+00
1.287300000000000000e+04,3.946915052411126723e+00
1.287400000000000000e+04,3.813995027769693902e+00
1.287500000000000000e+04,3.773819279325667964e+00
1.287600000000000000e+04,3.438561614585954551e+00
1.287700000000000000e+04,3.821231568685405033e+00
1.287800000000000000e+04,3.203041173910437411e+00
1.287900000000000000e+04,3.735619095270495293e+00
1.288000000000000000e+04,3.726770692142850283e+00
1.288100000000000000e+04,3.646083557931551145e+00
1.288200000000000000e+04,3.391904320425389585e+00
1.288300000000000000e+04,3.678115432950587849e+00
1.288400000000000000e+04,3.539047605624149551e+00
1.288500000000000000e+04,3.690907572837641482e+00
1.288600000000000000e+04,3.624621794112111939e+00
1.288700000000000000e+04,3.693701974375299013e+00
1.288800000000000000e+04,3.872350970493491307e+00
1.288900000000000000e+04,3.847657422644046310e+00
1.289000000000000000e+04,3.820061905121941770e+00
1.289100000000000000e+04,3.397402596291231536e+00
1.289200000000000000e+04,3.689857649201970791e+00
1.289300000000000000e+04,3.565192301048630164e+00
1.289400000000000000e+04,3.529470793067689627e+00
1.289500000000000000e+04,3.922978100658626399e+00
1.289600000000000000e+04,3.439285386103783981e+00
1.289700000000000000e+04,3.498502858485379896e+00
1.289800000000000000e+04,4.111680311982252256e+00
1.289900000000000000e+04,3.838879729486101677e+00
1.290000000000000000e+04,3.396852475449889219e+00
1.290100000000000000e+04,3.711491982794171474e+00
1.290200000000000000e+04,3.663232663694188762e+00
1.290300000000000000e+04,3.735584128185005515e+00
1.290400000000000000e+04,3.614352683011503586e+00
1.290500000000000000e+04,3.632623793173401783e+00
1.290600000000000000e+04,3.683285612072430659e+00
1.290700000000000000e+04,3.930609344485569867e+00
1.290800000000000000e+04,4.000729075339195973e+00
1.290900000000000000e+04,3.742375709826091246e+00
1.291000000000000000e+04,3.411467847389600294e+00
1.291100000000000000e+04,3.711982233551513133e+00
1.291200000000000000e+04,3.384732539110560268e+00
1.291300000000000000e+04,3.603596527820842166e+00
1.291400000000000000e+04,3.529233088226277015e+00
1.291500000000000000e+04,3.707771782502702340e+00
1.291600000000000000e+04,3.956047488928063682e+00
1.291700000000000000e+04,3.597659877210478641e+00
1.291800000000000000e+04,3.778692377394028856e+00
1.291900000000000000e+04,3.814644817263985299e+00
1.292000000000000000e+04,3.714276760016530510e+00
1.292100000000000000e+04,3.890539285316529039e+00
1.292200000000000000e+04,4.018986339050489853e+00
1.292300000000000000e+04,3.695800620918262336e+00
1.292400000000000000e+04,3.508140385670031058e+00
1.292500000000000000e+04,3.637304658597797058e+00
1.292600000000000000e+04,3.631466996275841908e+00
1.292700000000000000e+04,3.498017478037158234e+00
1.292800000000000000e+04,3.726621067762482475e+00
1.292900000000000000e+04,3.504468685259482630e+00
1.293000000000000000e+04,3.936127207366729053e+00
1.293100000000000000e+04,3.910963291642826078e+00
1.293200000000000000e+04,3.571446225066998270e+00
1.293300000000000000e+04,3.962961798946329051e+00
1.293400000000000000e+04,3.600679813884860803e+00
1.293500000000000000e+04,3.676393292214734210e+00
1.293600000000000000e+04,3.641250819487107826e+00
1.293700000000000000e+04,3.810181448672912641e+00
1.293800000000000000e+04,3.837699418313724298e+00
1.293900000000000000e+04,3.741117711400541168e+00
1.294000000000000000e+04,4.116168182060055081e+00
1.294100000000000000e+04,3.877831027645485928e+00
1.294200000000000000e+04,3.800618339489695074e+00
1.294300000000000000e+04,3.690819701511949713e+00
1.294400000000000000e+04,3.630003426595114657e+00
1.294500000000000000e+04,3.895059198678406442e+00
1.294600000000000000e+04,3.472643191024946674e+00
1.294700000000000000e+04,3.357181465384928565e+00
1.294800000000000000e+04,3.738954341394844061e+00
1.294900000000000000e+04,4.113549301516391310e+00
1.295000000000000000e+04,3.788710713957829324e+00
1.295100000000000000e+04,4.000373245747490536e+00
1.295200000000000000e+04,3.772837007694808786e+00
1.295300000000000000e+04,3.682569082924851855e+00
1.295400000000000000e+04,3.859703351767470370e+00
1.295500000000000000e+04,3.513248902395729178e+00
1.295600000000000000e+04,3.437852216782320447e+00
1.295700000000000000e+04,3.605536846862843259e+00
1.295800000000000000e+04,3.843695537274010032e+00
1.295900000000000000e+04,3.388677332448128077e+00
1.296000000000000000e+04,3.826523501490788348e+00
1.296100000000000000e+04,3.694139122553279364e+00
1.296200000000000000e+04,3.880594784470691838e+00
1.296300000000000000e+04,3.352066206996263453e+00
1.296400000000000000e+04,3.882813687039865069e+00
1.296500000000000000e+04,4.003851002227294842e+00
1.296600000000000000e+04,3.746189201998593177e+00
1.296700000000000000e+04,3.637446883406992626e+00
1.296800000000000000e+04,3.542292162874308037e+00
1.296900000000000000e+04,3.765037851400084623e+00
1.297000000000000000e+04,3.632781580841765390e+00
1.297100000000000000e+04,3.532418319708252596e+00
1.297200000000000000e+04,3.674105158782293046e+00
1.297300000000000000e+04,3.626197978515996567e+00
1.297400000000000000e+04,3.883128976967944901e+00
1.297500000000000000e+04,4.032374253283449228e+00
1.297600000000000000e+04,4.108908523813645353e+00
1.297700000000000000e+04,3.976388798620765108e+00
1.297800000000000000e+04,3.985510093871240223e+00
1.297900000000000000e+04,3.860020200886868924e+00
1.298000000000000000e+04,3.790699211061065110e+00
1.298100000000000000e+04,3.543575106855466395e+00
1.298200000000000000e+04,3.717774014202563038e+00
1.298300000000000000e+04,3.672012307571169032e+00
1.298400000000000000e+04,3.687797183782095090e+00
1.298500000000000000e+04,3.948981826534724071e+00
1.298600000000000000e+04,3.662188081938214879e+00
1.298700000000000000e+04,3.714630384215205972e+00
1.298800000000000000e+04,3.726114872906433728e+00
1.298900000000000000e+04,3.977207615127624329e+00
1.299000000000000000e+04,3.631146907784729816e+00
1.299100000000000000e+04,3.436824765401562232e+00
1.299200000000000000e+04,3.754210617233380898e+00
1.299300000000000000e+04,3.520521898978392628e+00
1.299400000000000000e+04,3.641853064557167841e+00
1.299500000000000000e+04,3.654474490834256795e+00
1.299600000000000000e+04,3.732734233696029413e+00
1.299700000000000000e+04,3.791460787413471589e+00
1.299800000000000000e+04,3.696839979328120140e+00
1.299900000000000000e+04,3.546616994688269742e+00
1.300000000000000000e+04,3.602311052162496807e+00
1.300100000000000000e+04,4.226403886108099250e+00
1.300200000000000000e+04,3.532791870634009346e+00
1.300300000000000000e+04,3.485629483777767046e+00
1.300400000000000000e+04,3.955043868937438312e+00
1.300500000000000000e+04,3.465774186429439574e+00
1.300600000000000000e+04,3.584962255537300635e+00
1.300700000000000000e+04,3.986747193165179670e+00
1.300800000000000000e+04,3.457846070273021155e+00
1.300900000000000000e+04,3.760586310045994640e+00
1.301000000000000000e+04,3.325025646592382866e+00
1.301100000000000000e+04,3.830367496129689187e+00
1.301200000000000000e+04,3.565320575049625962e+00
1.301300000000000000e+04,3.788397052187681080e+00
1.301400000000000000e+04,3.732788582778894249e+00
1.301500000000000000e+04,4.038012411662036172e+00
1.301600000000000000e+04,3.916132169963646881e+00
1.301700000000000000e+04,3.840905448089187324e+00
1.301800000000000000e+04,3.290097596256689627e+00
1.301900000000000000e+04,3.897912672546512969e+00
1.302000000000000000e+04,3.909116296354161246e+00
1.302100000000000000e+04,3.367609513291242251e+00
1.302200000000000000e+04,3.718553438790284105e+00
1.302300000000000000e+04,3.760824542103069046e+00
1.302400000000000000e+04,4.129559683704083106e+00
1.302500000000000000e+04,3.642281429866083275e+00
1.302600000000000000e+04,3.688362985774187752e+00
1.302700000000000000e+04,3.497240165914310861e+00
1.302800000000000000e+04,3.827058411935786886e+00
1.302900000000000000e+04,3.745570037229588589e+00
1.303000000000000000e+04,3.968699290966481552e+00
1.303100000000000000e+04,3.645324177348095773e+00
1.303200000000000000e+04,3.617221630860495196e+00
1.303300000000000000e+04,3.662444737607987388e+00
1.303400000000000000e+04,3.982656021699511495e+00
1.303500000000000000e+04,4.105559666447391898e+00
1.303600000000000000e+04,3.807544386665928204e+00
1.303700000000000000e+04,3.371508806837664629e+00
1.303800000000000000e+04,3.926959579499423203e+00
1.303900000000000000e+04,3.518220870452139604e+00
1.304000000000000000e+04,3.677907721902321292e+00
1.304100000000000000e+04,3.572095171109231693e+00
1.304200000000000000e+04,3.582222727521586325e+00
1.304300000000000000e+04,3.477301444605241265e+00
1.304400000000000000e+04,4.037364222865440055e+00
1.304500000000000000e+04,3.952557136123827419e+00
1.304600000000000000e+04,3.822227133778342001e+00
1.304700000000000000e+04,3.771489057538183420e+00
1.304800000000000000e+04,3.854332205425512914e+00
1.304900000000000000e+04,3.750201348082036645e+00
1.305000000000000000e+04,3.662550581757100243e+00
1.305100000000000000e+04,3.766251660430402826e+00
1.305200000000000000e+04,3.954916362221369219e+00
1.305300000000000000e+04,3.478756986562355547e+00
1.305400000000000000e+04,3.910374491918378048e+00
1.305500000000000000e+04,4.042078473165866548e+00
1.305600000000000000e+04,3.797986539394702543e+00
1.305700000000000000e+04,3.633533136810550346e+00
1.305800000000000000e+04,3.994376586383568295e+00
1.305900000000000000e+04,3.897106449701732256e+00
1.306000000000000000e+04,3.522307170315031932e+00
1.306100000000000000e+04,3.906847850577312542e+00
1.306200000000000000e+04,3.802960388758094723e+00
1.306300000000000000e+04,4.126940704326610643e+00
1.306400000000000000e+04,3.928530289481282356e+00
1.306500000000000000e+04,3.725841712811961859e+00
1.306600000000000000e+04,3.553508494216729208e+00
1.306700000000000000e+04,3.787297496543781339e+00
1.306800000000000000e+04,3.849827186940438128e+00
1.306900000000000000e+04,3.686297179084484732e+00
1.307000000000000000e+04,3.695299597935699065e+00
1.307100000000000000e+04,4.126841527132297571e+00
1.307200000000000000e+04,3.871214354191123252e+00
1.307300000000000000e+04,3.746512944120283795e+00
1.307400000000000000e+04,3.548203855941229889e+00
1.307500000000000000e+04,4.105358195722397241e+00
1.307600000000000000e+04,3.728949044444254568e+00
1.307700000000000000e+04,3.471062565999502691e+00
1.307800000000000000e+04,3.785486420603625390e+00
1.307900000000000000e+04,3.700906281944408960e+00
1.308000000000000000e+04,3.739719510604565311e+00
1.308100000000000000e+04,3.688825633278343119e+00
1.308200000000000000e+04,3.720917725313525715e+00
1.308300000000000000e+04,4.170250718622873443e+00
1.308400000000000000e+04,3.687466881125755158e+00
1.308500000000000000e+04,3.754931090689050954e+00
1.308600000000000000e+04,4.005754970880363253e+00
1.308700000000000000e+04,3.680245801982950038e+00
1.308800000000000000e+04,3.458104534053999313e+00
1.308900000000000000e+04,3.446782079639649776e+00
1.309000000000000000e+04,3.760909931424320174e+00
1.309100000000000000e+04,3.545774354861756184e+00
1.309200000000000000e+04,3.541097939378614168e+00
1.309300000000000000e+04,3.681288761637444562e+00
1.309400000000000000e+04,3.716326434020394309e+00
1.309500000000000000e+04,4.112729107410566520e+00
1.309600000000000000e+04,3.670452692618924484e+00
1.309700000000000000e+04,3.878364156608216540e+00
1.309800000000000000e+04,3.783637838222746019e+00
1.309900000000000000e+04,3.623411987004200530e+00
1.310000000000000000e+04,3.547847064178900833e+00
1.310100000000000000e+04,3.598969234158530650e+00
1.310200000000000000e+04,3.867728704626940850e+00
1.310300000000000000e+04,3.391955710408400826e+00
1.310400000000000000e+04,3.528676533776715640e+00
1.310500000000000000e+04,3.753222951855309297e+00
1.310600000000000000e+04,3.475969898935484359e+00
1.310700000000000000e+04,3.398894104115782522e+00
1.310800000000000000e+04,3.773090610081480278e+00
1.310900000000000000e+04,3.670833040178856255e+00
1.311000000000000000e+04,4.021878913250027665e+00
1.311100000000000000e+04,3.959319995287600591e+00
1.311200000000000000e+04,3.927920878653766934e+00
1.311300000000000000e+04,3.911494575204844448e+00
1.311400000000000000e+04,3.743406702058355684e+00
1.311500000000000000e+04,3.790570180981829740e+00
1.311600000000000000e+04,3.663637756494468434e+00
1.311700000000000000e+04,3.753427852710831125e+00
1.311800000000000000e+04,3.569484745018762784e+00
1.311900000000000000e+04,3.667250898365932432e+00
1.312000000000000000e+04,3.770264740763818789e+00
1.312100000000000000e+04,3.470243745657198176e+00
1.312200000000000000e+04,3.990044302141785959e+00
1.312300000000000000e+04,3.749332392757632526e+00
1.312400000000000000e+04,4.008776982013421808e+00
1.312500000000000000e+04,3.348001394083979232e+00
1.312600000000000000e+04,3.992681276637676469e+00
1.312700000000000000e+04,3.682205386526288926e+00
1.312800000000000000e+04,3.585396421275919288e+00
1.312900000000000000e+04,3.824858520600322720e+00
1.313000000000000000e+04,3.625354948907416386e+00
1.313100000000000000e+04,3.752485820291311835e+00
1.313200000000000000e+04,3.749879588942844233e+00
1.313300000000000000e+04,3.937654202459420105e+00
1.313400000000000000e+04,3.912952227145648276e+00
1.313500000000000000e+04,3.521520447429387968e+00
1.313600000000000000e+04,3.762648533706016707e+00
1.313700000000000000e+04,3.835755656706467231e+00
1.313800000000000000e+04,3.601908007354436503e+00
1.313900000000000000e+04,3.758846272541366496e+00
1.314000000000000000e+04,3.483028331091226892e+00
1.314100000000000000e+04,3.911357439858544449e+00
1.314200000000000000e+04,3.900593940363815904e+00
1.314300000000000000e+04,3.629172434401683578e+00
1.314400000000000000e+04,3.941247985162735112e+00
1.314500000000000000e+04,3.810367251812702083e+00
1.314600000000000000e+04,3.494971691149088233e+00
1.314700000000000000e+04,3.786659909108058386e+00
1.314800000000000000e+04,3.849384473079443758e+00
1.314900000000000000e+04,3.694411363101813617e+00
1.315000000000000000e+04,3.900595332709581697e+00
1.315100000000000000e+04,3.562726972030869632e+00
1.315200000000000000e+04,3.741019543665594860e+00
1.315300000000000000e+04,3.757413865049082258e+00
1.315400000000000000e+04,3.661549027150076352e+00
1.315500000000000000e+04,3.715567121897044078e+00
1.315600000000000000e+04,3.843655663898279506e+00
1.315700000000000000e+04,3.801503661816736379e+00
1.315800000000000000e+04,3.630166762409117176e+00
1.315900000000000000e+04,3.652281343710828576e+00
1.316000000000000000e+04,3.536742110327368849e+00
1.316100000000000000e+04,3.855833251406457052e+00
1.316200000000000000e+04,3.633032518712782544e+00
1.316300000000000000e+04,3.857852003671616181e+00
1.316400000000000000e+04,3.821484520962678655e+00
1.316500000000000000e+04,3.519082283872587702e+00
1.316600000000000000e+04,3.826031557278209316e+00
1.316700000000000000e+04,3.806233673321104405e+00
1.316800000000000000e+04,3.733902552557745835e+00
1.316900000000000000e+04,3.534841071042420957e+00
1.317000000000000000e+04,4.098806339032105228e+00
1.317100000000000000e+04,3.552110753105437890e+00
1.317200000000000000e+04,3.603741189667603262e+00
1.317300000000000000e+04,3.763456049430581096e+00
1.317400000000000000e+04,3.700682425239646189e+00
1.317500000000000000e+04,3.699320958680803795e+00
1.317600000000000000e+04,4.169498901804294277e+00
1.317700000000000000e+04,3.600604986063191237e+00
1.317800000000000000e+04,3.795566117586410826e+00
1.317900000000000000e+04,3.696549745081750604e+00
1.318000000000000000e+04,3.872668775512224215e+00
1.318100000000000000e+04,3.576521908157800134e+00
1.318200000000000000e+04,3.902670039707097249e+00
1.318300000000000000e+04,3.615869829014251913e+00
1.318400000000000000e+04,3.960224538631488933e+00
1.318500000000000000e+04,3.637355035034243844e+00
1.318600000000000000e+04,3.802446150476137987e+00
1.318700000000000000e+04,3.723612924046064254e+00
1.318800000000000000e+04,3.612789047134608911e+00
1.318900000000000000e+04,3.745438769345945218e+00
1.319000000000000000e+04,3.886887206054834731e+00
1.319100000000000000e+04,3.714948341973159263e+00
1.319200000000000000e+04,3.757149226117755703e+00
1.319300000000000000e+04,3.444914114037470387e+00
1.319400000000000000e+04,3.850403031868097514e+00
1.319500000000000000e+04,4.020269335578023906e+00
1.319600000000000000e+04,3.961803272717677959e+00
1.319700000000000000e+04,3.706496600489782356e+00
1.319800000000000000e+04,3.491182358338841052e+00
1.319900000000000000e+04,4.366907563251399615e+00
1.320000000000000000e+04,4.009091723811171626e+00
1.320100000000000000e+04,3.620457001106262673e+00
1.320200000000000000e+04,3.680430852760309790e+00
1.320300000000000000e+04,3.722787119185087423e+00
1.320400000000000000e+04,3.682874434809861430e+00
1.320500000000000000e+04,3.784280810505567860e+00
1.320600000000000000e+04,3.897538981705398697e+00
1.320700000000000000e+04,3.529744632562771489e+00
1.320800000000000000e+04,3.753240565253608718e+00
1.320900000000000000e+04,3.833831347047480076e+00
1.321000000000000000e+04,3.654304237067260708e+00
1.321100000000000000e+04,3.586361539357945105e+00
1.321200000000000000e+04,4.091718433291018364e+00
1.321300000000000000e+04,3.856759308402240016e+00
1.321400000000000000e+04,3.341756052081419348e+00
1.321500000000000000e+04,3.561780614868347072e+00
1.321600000000000000e+04,3.747580657593825304e+00
1.321700000000000000e+04,3.486985918827086195e+00
1.321800000000000000e+04,3.741705765693148500e+00
1.321900000000000000e+04,3.637279538711249316e+00
1.322000000000000000e+04,3.764841349549080007e+00
1.322100000000000000e+04,3.815521364301153628e+00
1.322200000000000000e+04,3.671244524509860607e+00
1.322300000000000000e+04,3.698039516239375768e+00
1.322400000000000000e+04,3.634608600586818561e+00
1.322500000000000000e+04,3.475731942050435119e+00
1.322600000000000000e+04,3.756071187980930315e+00
1.322700000000000000e+04,3.479598841679623966e+00
1.322800000000000000e+04,3.660222794847385330e+00
1.322900000000000000e+04,3.622974925333070750e+00
1.323000000000000000e+04,3.642452965112265684e+00
1.323100000000000000e+04,3.815077050877296205e+00
1.323200000000000000e+04,3.326864122812012159e+00
1.323300000000000000e+04,4.084292918581660992e+00
1.323400000000000000e+04,3.762928068764503031e+00
1.323500000000000000e+04,3.415145058410011369e+00
1.323600000000000000e+04,3.831781857994461582e+00
1.323700000000000000e+04,3.760242884696510135e+00
1.323800000000000000e+04,3.853123709802812602e+00
1.323900000000000000e+04,3.831567457534814203e+00
1.324000000000000000e+04,3.735618307745238287e+00
1.324100000000000000e+04,3.428612250417421237e+00
1.324200000000000000e+04,4.035343129776017612e+00
1.324300000000000000e+04,3.740983911437690157e+00
1.324400000000000000e+04,3.879071134740327498e+00
1.324500000000000000e+04,3.606267230436237980e+00
1.324600000000000000e+04,3.361128277719697355e+00
1.324700000000000000e+04,3.746267883460537629e+00
1.324800000000000000e+04,3.939891146603923477e+00
1.324900000000000000e+04,3.657507570710278433e+00
1.325000000000000000e+04,3.767997941513832938e+00
1.325100000000000000e+04,3.935377898847600253e+00
1.325200000000000000e+04,3.479942990861619290e+00
1.325300000000000000e+04,3.702574501054868072e+00
1.325400000000000000e+04,3.777259234963084467e+00
1.325500000000000000e+04,3.588848797070064212e+00
1.325600000000000000e+04,3.703067322121551541e+00
1.325700000000000000e+04,3.640159846109328523e+00
1.325800000000000000e+04,3.951264043304313134e+00
1.325900000000000000e+04,3.603038477492384928e+00
1.326000000000000000e+04,4.053764839989387525e+00
1.326100000000000000e+04,3.532388335814060643e+00
1.326200000000000000e+04,3.651096008320853681e+00
1.326300000000000000e+04,3.721898753189542219e+00
1.326400000000000000e+04,3.904304009872108239e+00
1.326500000000000000e+04,3.713316058693215016e+00
1.326600000000000000e+04,3.614241807924506666e+00
1.326700000000000000e+04,3.601045037145776728e+00
1.326800000000000000e+04,3.906906286220787283e+00
1.326900000000000000e+04,3.869100634325555621e+00
1.327000000000000000e+04,3.730422388804221612e+00
1.327100000000000000e+04,3.750967173266767762e+00
1.327200000000000000e+04,3.552232996923059272e+00
1.327300000000000000e+04,3.835420477801779526e+00
1.327400000000000000e+04,3.742686675511618155e+00
1.327500000000000000e+04,3.662739035004105137e+00
1.327600000000000000e+04,3.794214326826608197e+00
1.327700000000000000e+04,3.783441452029161933e+00
1.327800000000000000e+04,3.587474956686349081e+00
1.327900000000000000e+04,3.692858604312021509e+00
1.328000000000000000e+04,4.310199791687379545e+00
1.328100000000000000e+04,3.895917005925701115e+00
1.328200000000000000e+04,3.622524821565218822e+00
1.328300000000000000e+04,3.613531884274872930e+00
1.328400000000000000e+04,3.973138283743963939e+00
1.328500000000000000e+04,4.045474482074454592e+00
1.328600000000000000e+04,3.693807830145801052e+00
1.328700000000000000e+04,3.397810971293318882e+00
1.328800000000000000e+04,3.943039066499602896e+00
1.328900000000000000e+04,3.880434983508858515e+00
1.329000000000000000e+04,3.943725210297443606e+00
1.329100000000000000e+04,3.566794211525274427e+00
1.329200000000000000e+04,3.795259852381041465e+00
1.329300000000000000e+04,3.911346288655817016e+00
1.329400000000000000e+04,3.555096134533283436e+00
1.329500000000000000e+04,3.478301157269504618e+00
1.329600000000000000e+04,3.546993048457795172e+00
1.329700000000000000e+04,3.364922538069415658e+00
1.329800000000000000e+04,3.804712745087523995e+00
1.329900000000000000e+04,3.757949516698186887e+00
1.330000000000000000e+04,3.507678208653975283e+00
1.330100000000000000e+04,3.833110506466893330e+00
1.330200000000000000e+04,3.741905673039379376e+00
1.330300000000000000e+04,3.712830055304793486e+00
1.330400000000000000e+04,3.788731897826395745e+00
1.330500000000000000e+04,3.877553756879408731e+00
1.330600000000000000e+04,3.808199346930938312e+00
1.330700000000000000e+04,3.880151123874902908e+00
1.330800000000000000e+04,3.441202031676517503e+00
1.330900000000000000e+04,3.801364787216413799e+00
1.331000000000000000e+04,3.597729205613705794e+00
1.331100000000000000e+04,3.921384502853979104e+00
1.331200000000000000e+04,3.852839160316362310e+00
1.331300000000000000e+04,3.815992823463238981e+00
1.331400000000000000e+04,3.659758192391018294e+00
1.331500000000000000e+04,3.823952106440265286e+00
1.331600000000000000e+04,3.788850182251774168e+00
1.331700000000000000e+04,3.835142340926906090e+00
1.331800000000000000e+04,3.413666541275801602e+00
1.331900000000000000e+04,3.850579324599594955e+00
1.332000000000000000e+04,3.936639585219906756e+00
1.332100000000000000e+04,3.605950721159811412e+00
1.332200000000000000e+04,3.822673152854467293e+00
1.332300000000000000e+04,4.230249241211772038e+00
1.332400000000000000e+04,3.747297986758945321e+00
1.332500000000000000e+04,3.846938719671494589e+00
1.332600000000000000e+04,3.842924322578650020e+00
1.332700000000000000e+04,3.804437239541040849e+00
1.332800000000000000e+04,3.722209120038135755e+00
1.332900000000000000e+04,3.982843723894119670e+00
1.333000000000000000e+04,3.839268733304185943e+00
1.333100000000000000e+04,3.820092521974965738e+00
1.333200000000000000e+04,3.860296655563660639e+00
1.333300000000000000e+04,4.045915836783828823e+00
1.333400000000000000e+04,3.533102643090113126e+00
1.333500000000000000e+04,3.943368429881372705e+00
1.333600000000000000e+04,3.639550455415877295e+00
1.333700000000000000e+04,3.602697652848834586e+00
1.333800000000000000e+04,4.022674390750781370e+00
1.333900000000000000e+04,3.972944933938975520e+00
1.334000000000000000e+04,3.466905024969453297e+00
1.334100000000000000e+04,3.606631489636875187e+00
1.334200000000000000e+04,3.975042067316258532e+00
1.334300000000000000e+04,3.737046220861711010e+00
1.334400000000000000e+04,3.744596053374674494e+00
1.334500000000000000e+04,3.590383879810226553e+00
1.334600000000000000e+04,3.984679618049312033e+00
1.334700000000000000e+04,3.851276794841629325e+00
1.334800000000000000e+04,3.767950599122437350e+00
1.334900000000000000e+04,3.528793363417231710e+00
1.335000000000000000e+04,3.774570940845296541e+00
1.335100000000000000e+04,3.570604741414801442e+00
1.335200000000000000e+04,3.722060845525409167e+00
1.335300000000000000e+04,3.656236416010899770e+00
1.335400000000000000e+04,3.706024413475294210e+00
1.335500000000000000e+04,3.615402196515849376e+00
1.335600000000000000e+04,3.962166880385912471e+00
1.335700000000000000e+04,3.781939828094471157e+00
1.335800000000000000e+04,3.874668772015782636e+00
1.335900000000000000e+04,3.449162420400612383e+00
1.336000000000000000e+04,3.492095207590304007e+00
1.336100000000000000e+04,3.943180100245910147e+00
1.336200000000000000e+04,3.915481614367832819e+00
1.336300000000000000e+04,3.953587235513924547e+00
1.336400000000000000e+04,3.796359599874070678e+00
1.336500000000000000e+04,3.884008295705411395e+00
1.336600000000000000e+04,3.596354172273467764e+00
1.336700000000000000e+04,3.297238960104577288e+00
1.336800000000000000e+04,3.258823816397563800e+00
1.336900000000000000e+04,3.740041501500292576e+00
1.337000000000000000e+04,3.446886843804925604e+00
1.337100000000000000e+04,3.720227875846240373e+00
1.337200000000000000e+04,3.692003326411450459e+00
1.337300000000000000e+04,3.842654063303655221e+00
1.337400000000000000e+04,3.543173062363862869e+00
1.337500000000000000e+04,3.887869271863540810e+00
1.337600000000000000e+04,4.214474865681965277e+00
1.337700000000000000e+04,3.861705198148315699e+00
1.337800000000000000e+04,3.945608539272244641e+00
1.337900000000000000e+04,3.812606401267946588e+00
1.338000000000000000e+04,3.697982525021663580e+00
1.338100000000000000e+04,3.931684639284069860e+00
1.338200000000000000e+04,3.436899349023669892e+00
1.338300000000000000e+04,3.683400554952313666e+00
1.338400000000000000e+04,3.290041353425715354e+00
1.338500000000000000e+04,3.920056969680349557e+00
1.338600000000000000e+04,4.077130214508177808e+00
1.338700000000000000e+04,3.728282439093235201e+00
1.338800000000000000e+04,3.860402617215219045e+00
1.338900000000000000e+04,4.053215933793816284e+00
1.339000000000000000e+04,3.761680750438967991e+00
1.339100000000000000e+04,3.657332848794243141e+00
1.339200000000000000e+04,3.929359461951425381e+00
1.339300000000000000e+04,3.564202748589693659e+00
1.339400000000000000e+04,3.986272096064710446e+00
1.339500000000000000e+04,3.685721164796578631e+00
1.339600000000000000e+04,3.809938572851227168e+00
1.339700000000000000e+04,3.443178872922130207e+00
1.339800000000000000e+04,3.592459718649928302e+00
1.339900000000000000e+04,3.447059079719963393e+00
1.340000000000000000e+04,3.808510932848372832e+00
1.340100000000000000e+04,3.621713868296966510e+00
1.340200000000000000e+04,3.890991465078934564e+00
1.340300000000000000e+04,3.976460545416277359e+00
1.340400000000000000e+04,3.931198644483036020e+00
1.340500000000000000e+04,3.620055358863977890e+00
1.340600000000000000e+04,3.831419877067852919e+00
1.340700000000000000e+04,3.530912732024545697e+00
1.340800000000000000e+04,3.757686085074929405e+00
1.340900000000000000e+04,3.408520087923236463e+00
1.341000000000000000e+04,3.490445953544347724e+00
1.341100000000000000e+04,3.824666273794546267e+00
1.341200000000000000e+04,3.868502203071377377e+00
1.341300000000000000e+04,3.716578774781707839e+00
1.341400000000000000e+04,4.065973315120018583e+00
1.341500000000000000e+04,3.650314946104645575e+00
1.341600000000000000e+04,3.658346780979168322e+00
1.341700000000000000e+04,3.913692751147422655e+00
1.341800000000000000e+04,3.648288681191965477e+00
1.341900000000000000e+04,3.499338929877868321e+00
1.342000000000000000e+04,3.805171212830005256e+00
1.342100000000000000e+04,4.001915244122920434e+00
1.342200000000000000e+04,3.822976271797237313e+00
1.342300000000000000e+04,3.501020447887789544e+00
1.342400000000000000e+04,3.754617925393643585e+00
1.342500000000000000e+04,3.758509355467030133e+00
1.342600000000000000e+04,3.540076702023009503e+00
1.342700000000000000e+04,3.826060016635461913e+00
1.342800000000000000e+04,3.506652406434289659e+00
1.342900000000000000e+04,3.671445623133474889e+00
1.343000000000000000e+04,3.982125692891164803e+00
1.343100000000000000e+04,3.994267355945900100e+00
1.343200000000000000e+04,3.875216409282808527e+00
1.343300000000000000e+04,3.870993628869401793e+00
1.343400000000000000e+04,3.582576787243216820e+00
1.343500000000000000e+04,3.919794877038390357e+00
1.343600000000000000e+04,3.709681759040361904e+00
1.343700000000000000e+04,3.684643223674970880e+00
1.343800000000000000e+04,3.237648586752667867e+00
1.343900000000000000e+04,3.669886621214939915e+00
1.344000000000000000e+04,3.824552645405936868e+00
1.344100000000000000e+04,3.704235292956987724e+00
1.344200000000000000e+04,3.552548523965474381e+00
1.344300000000000000e+04,3.613232158302138064e+00
1.344400000000000000e+04,3.650474442147146892e+00
1.344500000000000000e+04,3.501281586713904215e+00
1.344600000000000000e+04,3.586903438043874015e+00
1.344700000000000000e+04,4.059858090548615905e+00
1.344800000000000000e+04,3.756323827666521176e+00
1.344900000000000000e+04,3.668710105706432856e+00
1.345000000000000000e+04,3.527454815937959065e+00
1.345100000000000000e+04,3.986274486717557686e+00
1.345200000000000000e+04,3.662616886439978181e+00
1.345300000000000000e+04,3.659530951369273311e+00
1.345400000000000000e+04,3.802271368186312728e+00
1.345500000000000000e+04,3.802863809406388906e+00
1.345600000000000000e+04,3.599645894509293065e+00
1.345700000000000000e+04,3.909833913266832273e+00
1.345800000000000000e+04,3.428650542246515442e+00
1.345900000000000000e+04,3.444864305598913656e+00
1.346000000000000000e+04,3.358800208154499423e+00
1.346100000000000000e+04,3.668116197595444383e+00
1.346200000000000000e+04,3.634197315167407627e+00
1.346300000000000000e+04,3.863176291606169599e+00
1.346400000000000000e+04,3.427041528874052112e+00
1.346500000000000000e+04,4.145002701818293112e+00
1.346600000000000000e+04,3.609512448604389245e+00
1.346700000000000000e+04,3.597201676898278855e+00
1.346800000000000000e+04,3.620948086235565633e+00
1.346900000000000000e+04,3.955491570075152730e+00
1.347000000000000000e+04,3.724227937960706836e+00
1.347100000000000000e+04,3.724482639856408817e+00
1.347200000000000000e+04,3.951975933418591325e+00
1.347300000000000000e+04,3.875189026403352166e+00
1.347400000000000000e+04,4.137313475599560419e+00
1.347500000000000000e+04,4.133384799433561518e+00
1.347600000000000000e+04,3.898053128339436402e+00
1.347700000000000000e+04,3.732264140898131188e+00
1.347800000000000000e+04,3.704433855453633129e+00
1.347900000000000000e+04,3.974479514600081309e+00
1.348000000000000000e+04,3.852698240421050802e+00
1.348100000000000000e+04,3.626091580435735651e+00
1.348200000000000000e+04,3.759490442519826114e+00
1.348300000000000000e+04,3.467537404301574533e+00
1.348400000000000000e+04,3.903219494561294578e+00
1.348500000000000000e+04,3.520885882977435433e+00
1.348600000000000000e+04,3.398813068757685851e+00
1.348700000000000000e+04,3.992138453177462853e+00
1.348800000000000000e+04,3.555744562027447486e+00
1.348900000000000000e+04,3.841288181261412138e+00
1.349000000000000000e+04,3.783058340880969705e+00
1.349100000000000000e+04,3.957539243390297390e+00
1.349200000000000000e+04,3.489055327792269345e+00
1.349300000000000000e+04,3.558230960049313829e+00
1.349400000000000000e+04,3.598409426063308825e+00
1.349500000000000000e+04,3.849953135585610031e+00
1.349600000000000000e+04,3.347597852623056980e+00
1.349700000000000000e+04,3.748603923854617825e+00
1.349800000000000000e+04,3.453808204032824847e+00
1.349900000000000000e+04,3.407950730476753343e+00
1.350000000000000000e+04,3.799323621239067084e+00
1.350100000000000000e+04,3.726118570512636285e+00
1.350200000000000000e+04,3.795016076578999975e+00
1.350300000000000000e+04,3.458050193694087504e+00
1.350400000000000000e+04,3.984755222138173014e+00
1.350500000000000000e+04,3.856392905195961784e+00
1.350600000000000000e+04,3.726500249022459688e+00
1.350700000000000000e+04,3.738817082475617948e+00
1.350800000000000000e+04,3.763098066510417006e+00
1.350900000000000000e+04,3.927076237809240755e+00
1.351000000000000000e+04,3.583532959912101301e+00
1.351100000000000000e+04,3.762393762125274765e+00
1.351200000000000000e+04,3.823503120216193096e+00
1.351300000000000000e+04,3.907712962915481647e+00
1.351400000000000000e+04,3.616931912467373333e+00
1.351500000000000000e+04,3.899284152631218081e+00
1.351600000000000000e+04,3.748504636470534113e+00
1.351700000000000000e+04,3.815499284636139965e+00
1.351800000000000000e+04,3.501850890255147508e+00
1.351900000000000000e+04,3.503463567562514314e+00
1.352000000000000000e+04,3.932991260724461036e+00
1.352100000000000000e+04,3.734351716497559259e+00
1.352200000000000000e+04,3.672048917611904439e+00
1.352300000000000000e+04,3.751445598728144759e+00
1.352400000000000000e+04,3.724400908353799000e+00
1.352500000000000000e+04,3.727399235292411017e+00
1.352600000000000000e+04,3.752076696461344785e+00
1.352700000000000000e+04,3.922343089395654570e+00
1.352800000000000000e+04,3.596045119042060367e+00
1.352900000000000000e+04,4.028305971920280726e+00
1.353000000000000000e+04,3.594939718280655949e+00
1.353100000000000000e+04,3.978595840035501041e+00
1.353200000000000000e+04,3.774613061329012531e+00
1.353300000000000000e+04,3.505386718361090725e+00
1.353400000000000000e+04,3.678692705597817802e+00
1.353500000000000000e+04,3.488563774672444939e+00
1.353600000000000000e+04,3.979714629696262218e+00
1.353700000000000000e+04,3.382110081452563310e+00
1.353800000000000000e+04,3.755295742658796065e+00
1.353900000000000000e+04,3.728009330060478188e+00
1.354000000000000000e+04,3.846158990491521212e+00
1.354100000000000000e+04,3.477731194357556177e+00
1.354200000000000000e+04,3.937803063314218921e+00
1.354300000000000000e+04,3.349030174172098473e+00
1.354400000000000000e+04,3.553875908863646682e+00
1.354500000000000000e+04,3.251455920260716947e+00
1.354600000000000000e+04,3.881324657951659596e+00
1.354700000000000000e+04,3.650624162954466012e+00
1.354800000000000000e+04,4.271754810699957439e+00
1.354900000000000000e+04,3.646583383160210801e+00
1.355000000000000000e+04,3.413080227467763184e+00
1.355100000000000000e+04,3.619542432077993865e+00
1.355200000000000000e+04,3.877391510951171849e+00
1.355300000000000000e+04,3.672738363329043576e+00
1.355400000000000000e+04,3.668636200961191030e+00
1.355500000000000000e+04,3.547221234930701961e+00
1.355600000000000000e+04,3.577249557263719293e+00
1.355700000000000000e+04,4.106133000537356637e+00
1.355800000000000000e+04,3.807951220023281458e+00
1.355900000000000000e+04,3.661302033905651232e+00
1.356000000000000000e+04,3.735972402828522831e+00
1.356100000000000000e+04,3.561337864489685145e+00
1.356200000000000000e+04,3.743856291617822851e+00
1.356300000000000000e+04,3.579811296495448047e+00
1.356400000000000000e+04,3.553623615837950389e+00
1.356500000000000000e+04,3.683584199537862869e+00
1.356600000000000000e+04,3.758888977890670446e+00
1.356700000000000000e+04,3.506056118019346801e+00
1.356800000000000000e+04,3.733723153754509028e+00
1.356900000000000000e+04,3.881271116254738196e+00
1.357000000000000000e+04,3.429569483177643541e+00
1.357100000000000000e+04,3.807487646195189424e+00
1.357200000000000000e+04,3.701658618984768889e+00
1.357300000000000000e+04,3.595874404676256741e+00
1.357400000000000000e+04,3.427564604878060806e+00
1.357500000000000000e+04,4.000009557698739115e+00
1.357600000000000000e+04,3.823634214522235730e+00
1.357700000000000000e+04,3.520741699518028511e+00
1.357800000000000000e+04,3.626853482593299205e+00
1.357900000000000000e+04,3.429278231073372041e+00
1.358000000000000000e+04,4.038570338823598505e+00
1.358100000000000000e+04,3.743281954191498784e+00
1.358200000000000000e+04,3.514918559617752791e+00
1.358300000000000000e+04,3.728347872933042595e+00
1.358400000000000000e+04,3.781654216909779098e+00
1.358500000000000000e+04,3.759154169495240616e+00
1.358600000000000000e+04,3.591401629002831886e+00
1.358700000000000000e+04,3.629925787334375542e+00
1.358800000000000000e+04,3.844101884131531310e+00
1.358900000000000000e+04,3.700306867637130459e+00
1.359000000000000000e+04,3.557539745200602788e+00
1.359100000000000000e+04,4.030058310605551419e+00
1.359200000000000000e+04,3.694641956785795323e+00
1.359300000000000000e+04,3.680595001747227091e+00
1.359400000000000000e+04,3.440807634269632764e+00
1.359500000000000000e+04,3.445545949288623788e+00
1.359600000000000000e+04,3.728712950023715500e+00
1.359700000000000000e+04,3.486292334459930586e+00
1.359800000000000000e+04,3.776915850765744320e+00
1.359900000000000000e+04,3.637815060002298040e+00
1.360000000000000000e+04,3.728607018289657127e+00
1.360100000000000000e+04,3.424109650886453249e+00
1.360200000000000000e+04,3.637348599042255159e+00
1.360300000000000000e+04,3.922434316585981851e+00
1.360400000000000000e+04,3.931507293294449923e+00
1.360500000000000000e+04,3.693644850172036254e+00
1.360600000000000000e+04,3.815397304172587489e+00
1.360700000000000000e+04,3.580248247654484572e+00
1.360800000000000000e+04,3.953731407642485873e+00
1.360900000000000000e+04,3.403062476975779127e+00
1.361000000000000000e+04,3.878342809506177158e+00
1.361100000000000000e+04,3.775789140748735839e+00
1.361200000000000000e+04,3.762992759309442103e+00
1.361300000000000000e+04,3.867658280182083796e+00
1.361400000000000000e+04,3.787533755229327781e+00
1.361500000000000000e+04,3.900285407482529276e+00
1.361600000000000000e+04,4.042921551814601777e+00
1.361700000000000000e+04,3.477685872169346659e+00
1.361800000000000000e+04,3.585772651925108967e+00
1.361900000000000000e+04,4.025469408198211418e+00
1.362000000000000000e+04,3.930066978194119098e+00
1.362100000000000000e+04,3.649288491906799159e+00
1.362200000000000000e+04,3.476745838514764930e+00
1.362300000000000000e+04,4.035890636198284476e+00
1.362400000000000000e+04,4.083502212970779865e+00
1.362500000000000000e+04,3.766546525855018146e+00
1.362600000000000000e+04,3.730184580904782887e+00
1.362700000000000000e+04,3.595135250519488679e+00
1.362800000000000000e+04,4.009460076326146094e+00
1.362900000000000000e+04,4.036487194359684949e+00
1.363000000000000000e+04,3.649763365566674356e+00
1.363100000000000000e+04,3.493512077676698802e+00
1.363200000000000000e+04,3.940779459677513863e+00
1.363300000000000000e+04,3.848210316422149724e+00
1.363400000000000000e+04,3.821607600248320580e+00
1.363500000000000000e+04,3.865442549774668279e+00
1.363600000000000000e+04,3.958639907241829459e+00
1.363700000000000000e+04,3.774593373901803162e+00
1.363800000000000000e+04,3.918683014201669312e+00
1.363900000000000000e+04,3.664835581688981492e+00
1.364000000000000000e+04,3.708279681625703539e+00
1.364100000000000000e+04,3.797412716180871506e+00
1.364200000000000000e+04,3.905912060678371489e+00
1.364300000000000000e+04,3.718449976207873764e+00
1.364400000000000000e+04,3.605415498466773450e+00
1.364500000000000000e+04,4.030202842549129194e+00
1.364600000000000000e+04,3.869254230100147574e+00
1.364700000000000000e+04,3.746152427476486135e+00
1.364800000000000000e+04,3.388831304511237708e+00
1.364900000000000000e+04,3.895655179886087005e+00
1.365000000000000000e+04,3.753582540986017069e+00
1.365100000000000000e+04,3.727458673095989994e+00
1.365200000000000000e+04,3.748945190230700941e+00
1.365300000000000000e+04,3.853687455761455105e+00
1.365400000000000000e+04,3.524236683609115683e+00
1.365500000000000000e+04,3.815859382361942664e+00
1.365600000000000000e+04,3.927410365896538913e+00
1.365700000000000000e+04,3.745894116197823642e+00
1.365800000000000000e+04,3.760238498093286807e+00
1.365900000000000000e+04,3.740157436527054902e+00
1.366000000000000000e+04,3.777324852865779903e+00
1.366100000000000000e+04,3.491588359188894763e+00
1.366200000000000000e+04,3.894125865809450193e+00
1.366300000000000000e+04,3.656139385451692370e+00
1.366400000000000000e+04,3.573276255925091238e+00
1.366500000000000000e+04,3.519487528907269791e+00
1.366600000000000000e+04,3.811940657342538508e+00
1.366700000000000000e+04,3.825642272863979620e+00
1.366800000000000000e+04,3.640956090903529674e+00
1.366900000000000000e+04,4.171483057436696562e+00
1.367000000000000000e+04,3.709616353526957067e+00
1.367100000000000000e+04,3.417009259539951049e+00
1.367200000000000000e+04,3.442678654260626026e+00
1.367300000000000000e+04,3.515968412161204260e+00
1.367400000000000000e+04,3.912566445596023623e+00
1.367500000000000000e+04,3.782698087826826150e+00
1.367600000000000000e+04,4.064809317142987766e+00
1.367700000000000000e+04,3.588936042351717148e+00
1.367800000000000000e+04,3.926569663673414201e+00
1.367900000000000000e+04,3.796975852937397367e+00
1.368000000000000000e+04,3.610308450308139960e+00
1.368100000000000000e+04,3.494271289158901617e+00
1.368200000000000000e+04,3.497255764859858118e+00
1.368300000000000000e+04,4.176768412740879732e+00
1.368400000000000000e+04,3.789092562539831288e+00
1.368500000000000000e+04,3.894532860343122849e+00
1.368600000000000000e+04,4.104255972511514194e+00
1.368700000000000000e+04,3.519011453247325338e+00
1.368800000000000000e+04,3.749222317646623281e+00
1.368900000000000000e+04,3.637152813833676834e+00
1.369000000000000000e+04,3.637509812213947313e+00
1.369100000000000000e+04,3.805339715783111920e+00
1.369200000000000000e+04,3.668675889758748365e+00
1.369300000000000000e+04,3.676567813923543149e+00
1.369400000000000000e+04,3.986990155509127387e+00
1.369500000000000000e+04,3.828883034098842231e+00
1.369600000000000000e+04,3.849542070488773504e+00
1.369700000000000000e+04,3.782558047802370815e+00
1.369800000000000000e+04,3.598117752234665012e+00
1.369900000000000000e+04,4.033512747499552020e+00
1.370000000000000000e+04,3.797195643763719541e+00
1.370100000000000000e+04,3.863673786696639301e+00
1.370200000000000000e+04,3.817116299581515548e+00
1.370300000000000000e+04,3.932660686344167988e+00
1.370400000000000000e+04,3.787036048721126757e+00
1.370500000000000000e+04,3.528023266738001151e+00
1.370600000000000000e+04,3.954524106735946010e+00
1.370700000000000000e+04,3.363440789786951157e+00
1.370800000000000000e+04,3.680917659802708464e+00
1.370900000000000000e+04,3.671472706356042615e+00
1.371000000000000000e+04,3.661638095192339293e+00
1.371100000000000000e+04,3.733826975955048866e+00
1.371200000000000000e+04,4.076989115905780281e+00
1.371300000000000000e+04,3.593826818799400247e+00
1.371400000000000000e+04,3.982898285536564220e+00
1.371500000000000000e+04,3.923984009357833536e+00
1.371600000000000000e+04,3.800076831117341403e+00
1.371700000000000000e+04,3.720575763559582860e+00
1.371800000000000000e+04,3.487114775049714677e+00
1.371900000000000000e+04,3.508541237965243198e+00
1.372000000000000000e+04,3.945587984688358585e+00
1.372100000000000000e+04,3.764535418426133262e+00
1.372200000000000000e+04,3.893407274368888338e+00
1.372300000000000000e+04,3.713254871909433152e+00
1.372400000000000000e+04,3.443953088061099344e+00
1.372500000000000000e+04,3.533507992887956917e+00
1.372600000000000000e+04,3.285241886975575731e+00
1.372700000000000000e+04,3.643088179237801150e+00
1.372800000000000000e+04,3.901382350579452041e+00
1.372900000000000000e+04,3.630195629378002220e+00
1.373000000000000000e+04,3.715450360045793321e+00
1.373100000000000000e+04,3.943864619931443105e+00
1.373200000000000000e+04,3.807399606330584607e+00
1.373300000000000000e+04,3.795794551013174978e+00
1.373400000000000000e+04,3.434479484856429288e+00
1.373500000000000000e+04,3.868362703014233794e+00
1.373600000000000000e+04,3.830810328746621529e+00
1.373700000000000000e+04,4.083561697769213517e+00
1.373800000000000000e+04,3.881129031092855897e+00
1.373900000000000000e+04,3.502038972198480149e+00
1.374000000000000000e+04,3.632429957012977884e+00
1.374100000000000000e+04,3.721629018158207902e+00
1.374200000000000000e+04,4.013540887647771171e+00
1.374300000000000000e+04,3.601543887865859883e+00
1.374400000000000000e+04,3.963789688621065732e+00
1.374500000000000000e+04,3.577185204390858964e+00
1.374600000000000000e+04,3.723820177960798894e+00
1.374700000000000000e+04,4.053841460263514662e+00
1.374800000000000000e+04,3.436343065290742071e+00
1.374900000000000000e+04,4.078542858207423905e+00
1.375000000000000000e+04,3.924171363307949356e+00
1.375100000000000000e+04,3.540769209389329042e+00
1.375200000000000000e+04,3.987401589936802715e+00
1.375300000000000000e+04,3.837418404636652181e+00
1.375400000000000000e+04,3.749917950722608584e+00
1.375500000000000000e+04,3.859352639558194742e+00
1.375600000000000000e+04,3.774626612713183782e+00
1.375700000000000000e+04,3.734680636678854526e+00
1.375800000000000000e+04,3.825335785266033906e+00
1.375900000000000000e+04,3.857245605642039443e+00
1.376000000000000000e+04,3.946528788324339398e+00
1.376100000000000000e+04,3.689855301173448510e+00
1.376200000000000000e+04,3.712678886830929059e+00
1.376300000000000000e+04,3.721648989706239252e+00
1.376400000000000000e+04,3.930523512589470858e+00
1.376500000000000000e+04,3.955886762035509818e+00
1.376600000000000000e+04,3.732982281256889134e+00
1.376700000000000000e+04,3.323339399614060774e+00
1.376800000000000000e+04,3.457204310219392784e+00
1.376900000000000000e+04,3.583786434194905279e+00
1.377000000000000000e+04,3.986170143387398390e+00
1.377100000000000000e+04,3.642936434408371227e+00
1.377200000000000000e+04,4.049954586801948864e+00
1.377300000000000000e+04,3.725435141013344165e+00
1.377400000000000000e+04,3.785376304363925470e+00
1.377500000000000000e+04,3.714395873206468135e+00
1.377600000000000000e+04,3.492537927467147973e+00
1.377700000000000000e+04,3.771634506265757913e+00
1.377800000000000000e+04,3.716273078384658923e+00
1.377900000000000000e+04,3.928321401092684795e+00
1.378000000000000000e+04,3.879425359588806632e+00
1.378100000000000000e+04,3.430940764113867836e+00
1.378200000000000000e+04,3.883930266610773341e+00
1.378300000000000000e+04,4.004972462509147846e+00
1.378400000000000000e+04,3.615565217006092791e+00
1.378500000000000000e+04,3.785278092855401511e+00
1.378600000000000000e+04,3.602335082167432034e+00
1.378700000000000000e+04,3.491246456295424405e+00
1.378800000000000000e+04,3.630644568194105304e+00
1.378900000000000000e+04,3.905345510396578845e+00
1.379000000000000000e+04,3.675194304743013340e+00
1.379100000000000000e+04,3.761155035711247319e+00
1.379200000000000000e+04,3.588041049084997436e+00
1.379300000000000000e+04,3.756021446484019144e+00
1.379400000000000000e+04,3.746249174022451722e+00
1.379500000000000000e+04,3.651138070575438821e+00
1.379600000000000000e+04,3.743669767641800927e+00
1.379700000000000000e+04,3.631321869691553239e+00
1.379800000000000000e+04,3.763158347045500118e+00
1.379900000000000000e+04,3.550325345961307999e+00
1.380000000000000000e+04,3.590626133673516129e+00
1.380100000000000000e+04,3.726637837668266950e+00
1.380200000000000000e+04,3.891092082221618398e+00
1.380300000000000000e+04,3.863234187771322770e+00
1.380400000000000000e+04,3.738303528139760079e+00
1.380500000000000000e+04,3.743834637950600008e+00
1.380600000000000000e+04,3.506895318983545451e+00
1.380700000000000000e+04,3.780120511540592254e+00
1.380800000000000000e+04,3.942857179903465070e+00
1.380900000000000000e+04,3.638939861257080466e+00
1.381000000000000000e+04,4.068882537550283729e+00
1.381100000000000000e+04,4.118360540492996158e+00
1.381200000000000000e+04,3.707254005260608221e+00
1.381300000000000000e+04,3.281838626256362801e+00
1.381400000000000000e+04,3.809544463413982118e+00
1.381500000000000000e+04,3.650590035490891783e+00
1.381600000000000000e+04,3.730310034175206901e+00
1.381700000000000000e+04,3.804052378901148668e+00
1.381800000000000000e+04,3.699545996287908256e+00
1.381900000000000000e+04,3.353824020413123552e+00
1.382000000000000000e+04,3.806262140853326148e+00
1.382100000000000000e+04,3.839686091746739027e+00
1.382200000000000000e+04,3.887037590075007820e+00
1.382300000000000000e+04,3.970877720275771683e+00
1.382400000000000000e+04,3.687940129305352865e+00
1.382500000000000000e+04,4.004887486875232661e+00
1.382600000000000000e+04,4.138665457827742422e+00
1.382700000000000000e+04,3.608127486153952290e+00
1.382800000000000000e+04,3.534804567592419122e+00
1.382900000000000000e+04,3.760422062483349315e+00
1.383000000000000000e+04,3.725514197881623524e+00
1.383100000000000000e+04,3.455697752986295779e+00
1.383200000000000000e+04,3.738535448967311492e+00
1.383300000000000000e+04,3.684041249535023432e+00
1.383400000000000000e+04,3.811539966012549296e+00
1.383500000000000000e+04,3.596744616235177716e+00
1.383600000000000000e+04,4.059330079497693866e+00
1.383700000000000000e+04,4.030016619398646860e+00
1.383800000000000000e+04,3.386104909721074918e+00
1.383900000000000000e+04,3.970523818615360412e+00
1.384000000000000000e+04,3.632875699471333153e+00
1.384100000000000000e+04,3.936524983308338665e+00
1.384200000000000000e+04,3.709676793277348672e+00
1.384300000000000000e+04,3.632320238520240441e+00
1.384400000000000000e+04,3.678322115276434712e+00
1.384500000000000000e+04,3.734990899678247711e+00
1.384600000000000000e+04,3.788959294386616161e+00
1.384700000000000000e+04,3.984065371974003344e+00
1.384800000000000000e+04,3.699679099414920014e+00
1.384900000000000000e+04,3.565882083120041290e+00
1.385000000000000000e+04,3.623805699126338098e+00
1.385100000000000000e+04,3.660652889976732549e+00
1.385200000000000000e+04,3.754666921925358114e+00
1.385300000000000000e+04,3.878975084351647062e+00
1.385400000000000000e+04,3.783336313458702804e+00
1.385500000000000000e+04,4.147124990236031650e+00
1.385600000000000000e+04,3.888736770896180861e+00
1.385700000000000000e+04,3.866984870185735446e+00
1.385800000000000000e+04,3.676754626752238853e+00
1.385900000000000000e+04,3.696227048126909942e+00
1.386000000000000000e+04,3.904265459511833569e+00
1.386100000000000000e+04,3.655749193150702681e+00
1.386200000000000000e+04,3.506959140967238930e+00
1.386300000000000000e+04,3.601948494574895410e+00
1.386400000000000000e+04,3.623255022428828465e+00
1.386500000000000000e+04,3.707838408203267822e+00
1.386600000000000000e+04,3.788512974079532913e+00
1.386700000000000000e+04,3.724672749291726870e+00
1.386800000000000000e+04,3.848899493920323600e+00
1.386900000000000000e+04,3.712184884484602598e+00
1.387000000000000000e+04,3.758527668647640763e+00
1.387100000000000000e+04,3.999342045908897525e+00
1.387200000000000000e+04,3.603468048338230645e+00
1.387300000000000000e+04,3.571390567683086825e+00
1.387400000000000000e+04,3.708000519992540323e+00
1.387500000000000000e+04,3.563295297333212819e+00
1.387600000000000000e+04,4.107253463866883614e+00
1.387700000000000000e+04,3.820635292333976363e+00
1.387800000000000000e+04,3.799136962449236155e+00
1.387900000000000000e+04,3.734612461000494488e+00
1.388000000000000000e+04,3.840047007560049686e+00
1.388100000000000000e+04,4.007771765721657609e+00
1.388200000000000000e+04,3.741335017356183013e+00
1.388300000000000000e+04,4.194277609130985240e+00
1.388400000000000000e+04,3.857726519604216531e+00
1.388500000000000000e+04,3.470127825471002403e+00
1.388600000000000000e+04,4.045702729174236900e+00
1.388700000000000000e+04,3.517780611968215787e+00
1.388800000000000000e+04,3.837019070745125493e+00
1.388900000000000000e+04,3.849401726222525966e+00
1.389000000000000000e+04,3.909942444265614103e+00
1.389100000000000000e+04,3.838215504002663980e+00
1.389200000000000000e+04,3.444398094636109686e+00
1.389300000000000000e+04,3.788115195656129863e+00
1.389400000000000000e+04,3.539427625368536390e+00
1.389500000000000000e+04,3.720626372436923734e+00
1.389600000000000000e+04,3.868214537995717350e+00
1.389700000000000000e+04,3.659032313504635869e+00
1.389800000000000000e+04,3.634008454079808992e+00
1.389900000000000000e+04,3.572306908499144118e+00
1.390000000000000000e+04,4.052874561839702849e+00
1.390100000000000000e+04,4.030726687644095918e+00
1.390200000000000000e+04,4.069401616369720642e+00
1.390300000000000000e+04,3.676638876287587010e+00
1.390400000000000000e+04,4.015358072195360783e+00
1.390500000000000000e+04,3.919805787971384348e+00
1.390600000000000000e+04,3.638368642393722485e+00
1.390700000000000000e+04,3.825775638653436950e+00
1.390800000000000000e+04,3.589057397389174842e+00
1.390900000000000000e+04,3.276714876629211126e+00
1.391000000000000000e+04,4.013923705723752455e+00
1.391100000000000000e+04,3.877895575458181643e+00
1.391200000000000000e+04,3.848515008186509156e+00
1.391300000000000000e+04,3.719148376359285635e+00
1.391400000000000000e+04,3.888548429147835162e+00
1.391500000000000000e+04,3.628322622270309772e+00
1.391600000000000000e+04,3.616625043446852317e+00
1.391700000000000000e+04,3.843743106105854235e+00
1.391800000000000000e+04,3.843397156036669760e+00
1.391900000000000000e+04,4.065116267726827992e+00
1.392000000000000000e+04,3.656779885380270656e+00
1.392100000000000000e+04,3.676470641032019593e+00
1.392200000000000000e+04,3.750722984051485298e+00
1.392300000000000000e+04,3.740859794602868771e+00
1.392400000000000000e+04,3.970007193393671585e+00
1.392500000000000000e+04,3.653925289395454801e+00
1.392600000000000000e+04,3.735224148545054579e+00
1.392700000000000000e+04,3.685896391311719533e+00
1.392800000000000000e+04,3.673268305867742445e+00
1.392900000000000000e+04,3.790667602795429580e+00
1.393000000000000000e+04,3.874704146884746958e+00
1.393100000000000000e+04,3.820964968119399341e+00
1.393200000000000000e+04,3.891925298657385568e+00
1.393300000000000000e+04,4.134891347914523507e+00
1.393400000000000000e+04,3.950504587172314785e+00
1.393500000000000000e+04,3.489920039061421342e+00
1.393600000000000000e+04,3.912479974924057302e+00
1.393700000000000000e+04,3.873555053973099849e+00
1.393800000000000000e+04,3.830791671452565605e+00
1.393900000000000000e+04,4.112938235410919852e+00
1.394000000000000000e+04,3.805326321680761126e+00
1.394100000000000000e+04,3.732815366045571182e+00
1.394200000000000000e+04,3.762282005402437512e+00
1.394300000000000000e+04,4.056245327741993201e+00
1.394400000000000000e+04,3.611429825738937005e+00
1.394500000000000000e+04,3.741097723376032302e+00
1.394600000000000000e+04,3.883646448808320439e+00
1.394700000000000000e+04,3.707320682355515817e+00
1.394800000000000000e+04,3.935688373582820088e+00
1.394900000000000000e+04,3.382086682087514173e+00
1.395000000000000000e+04,3.845472321270188232e+00
1.395100000000000000e+04,3.512749871663996881e+00
1.395200000000000000e+04,3.636066575555634728e+00
1.395300000000000000e+04,4.152876178431586851e+00
1.395400000000000000e+04,3.827898416843610541e+00
1.395500000000000000e+04,3.490940701349809050e+00
1.395600000000000000e+04,3.952944981067185726e+00
1.395700000000000000e+04,3.962492089737521539e+00
1.395800000000000000e+04,3.744243507573115526e+00
1.395900000000000000e+04,3.931705901711945117e+00
1.396000000000000000e+04,3.663438222365018149e+00
1.396100000000000000e+04,3.886531058135572980e+00
1.396200000000000000e+04,3.996154702143551063e+00
1.396300000000000000e+04,3.885517929177578544e+00
1.396400000000000000e+04,3.432058083726984510e+00
1.396500000000000000e+04,3.626236495482983546e+00
1.396600000000000000e+04,3.846111372135315065e+00
1.396700000000000000e+04,3.574118159405245798e+00
1.396800000000000000e+04,4.201081211819438721e+00
1.396900000000000000e+04,3.787577631001879830e+00
1.397000000000000000e+04,3.360786102485287863e+00
1.397100000000000000e+04,4.068097749260801699e+00
1.397200000000000000e+04,3.865474615960807103e+00
1.397300000000000000e+04,3.833137935074093949e+00
1.397400000000000000e+04,3.732566575505582129e+00
1.397500000000000000e+04,3.655288448973159188e+00
1.397600000000000000e+04,3.834875638200873293e+00
1.397700000000000000e+04,3.660120722426084328e+00
1.397800000000000000e+04,3.759870551645315917e+00
1.397900000000000000e+04,3.403416398224586192e+00
1.398000000000000000e+04,3.477391172369255656e+00
1.398100000000000000e+04,3.923653435765944053e+00
1.398200000000000000e+04,3.721986182897452533e+00
1.398300000000000000e+04,3.837597561557729353e+00
1.398400000000000000e+04,3.359137569696108994e+00
1.398500000000000000e+04,3.784151897574299817e+00
1.398600000000000000e+04,3.867241290237452667e+00
1.398700000000000000e+04,3.649998617611109886e+00
1.398800000000000000e+04,3.581431336821607747e+00
1.398900000000000000e+04,3.788919102043786680e+00
1.399000000000000000e+04,3.872884432424256840e+00
1.399100000000000000e+04,3.801180826127919854e+00
1.399200000000000000e+04,3.761900592143883504e+00
1.399300000000000000e+04,3.499250563947277737e+00
1.399400000000000000e+04,3.966798525848082235e+00
1.399500000000000000e+04,3.627614372031248369e+00
1.399600000000000000e+04,3.542241539652269289e+00
1.399700000000000000e+04,3.947514332413230242e+00
1.399800000000000000e+04,3.428147187093734338e+00
1.399900000000000000e+04,3.987263878778226189e+00
1.400000000000000000e+04,4.035266964881979668e+00
1.400100000000000000e+04,3.806554596500946630e+00
1.400200000000000000e+04,4.193870366442200570e+00
1.400300000000000000e+04,3.852472934280671168e+00
1.400400000000000000e+04,3.578656812469656501e+00
1.400500000000000000e+04,3.886265737232172501e+00
1.400600000000000000e+04,3.816780815223021150e+00
1.400700000000000000e+04,3.949549746878803891e+00
1.400800000000000000e+04,3.724251450869609403e+00
1.400900000000000000e+04,3.664296951210852527e+00
1.401000000000000000e+04,3.843939589038092741e+00
1.401100000000000000e+04,3.900803323089312880e+00
1.401200000000000000e+04,3.470558387034937020e+00
1.401300000000000000e+04,3.815721007588092295e+00
1.401400000000000000e+04,3.773764181716582122e+00
1.401500000000000000e+04,3.725757646530412526e+00
1.401600000000000000e+04,3.783335839370204567e+00
1.401700000000000000e+04,3.821179416225354952e+00
1.401800000000000000e+04,3.713554093228333741e+00
1.401900000000000000e+04,3.546588312863596215e+00
1.402000000000000000e+04,3.842782878899031918e+00
1.402100000000000000e+04,3.905392566463360193e+00
1.402200000000000000e+04,4.019512448387479786e+00
1.402300000000000000e+04,3.925739487604231748e+00
1.402400000000000000e+04,3.782106361947396689e+00
1.402500000000000000e+04,3.961315764153735763e+00
1.402600000000000000e+04,4.025103549710285833e+00
1.402700000000000000e+04,3.830735299394267379e+00
1.402800000000000000e+04,3.907493117644396996e+00
1.402900000000000000e+04,3.865683445776249005e+00
1.403000000000000000e+04,3.621075095587312553e+00
1.403100000000000000e+04,3.667214180587932137e+00
1.403200000000000000e+04,3.711653661400797333e+00
1.403300000000000000e+04,3.888457502424218948e+00
1.403400000000000000e+04,4.041954593122249584e+00
1.403500000000000000e+04,3.524327865193477294e+00
1.403600000000000000e+04,3.582241793576580235e+00
1.403700000000000000e+04,3.738445913294338840e+00
1.403800000000000000e+04,3.554931007539273047e+00
1.403900000000000000e+04,3.657092376815209711e+00
1.404000000000000000e+04,3.880569550581541627e+00
1.404100000000000000e+04,3.847106174446573768e+00
1.404200000000000000e+04,3.659437696343074364e+00
1.404300000000000000e+04,3.991912867458303982e+00
1.404400000000000000e+04,3.452520503963822929e+00
1.404500000000000000e+04,4.176306821718180906e+00
1.404600000000000000e+04,3.861590890036099122e+00
1.404700000000000000e+04,3.650055797361591470e+00
1.404800000000000000e+04,4.161711544429868681e+00
1.404900000000000000e+04,3.615272800187862234e+00
1.405000000000000000e+04,3.822690381900859524e+00
1.405100000000000000e+04,3.691278455653200119e+00
1.405200000000000000e+04,3.803033807452677717e+00
1.405300000000000000e+04,3.882461920464908456e+00
1.405400000000000000e+04,3.648240802057238330e+00
1.405500000000000000e+04,3.863626986716684808e+00
1.405600000000000000e+04,3.525176370117935498e+00
1.405700000000000000e+04,4.122941150128260013e+00
1.405800000000000000e+04,3.787744775155981181e+00
1.405900000000000000e+04,3.838196352923233690e+00
1.406000000000000000e+04,3.860561556971140007e+00
1.406100000000000000e+04,3.693461046201987230e+00
1.406200000000000000e+04,3.794622200940840795e+00
1.406300000000000000e+04,3.841187663649704653e+00
1.406400000000000000e+04,4.058360864835765192e+00
1.406500000000000000e+04,3.890948358999072543e+00
1.406600000000000000e+04,3.516403542919424030e+00
1.406700000000000000e+04,3.674299689593647056e+00
1.406800000000000000e+04,3.984178762965865594e+00
1.406900000000000000e+04,3.896673036280501989e+00
1.407000000000000000e+04,3.940036243416290773e+00
1.407100000000000000e+04,3.624493688989855578e+00
1.407200000000000000e+04,3.691321373345582302e+00
1.407300000000000000e+04,3.770671238035648631e+00
1.407400000000000000e+04,3.769239122707022549e+00
1.407500000000000000e+04,3.602963956356053821e+00
1.407600000000000000e+04,3.654835968085332620e+00
1.407700000000000000e+04,3.801778173290687235e+00
1.407800000000000000e+04,3.933966638870798782e+00
1.407900000000000000e+04,3.595421947625997205e+00
1.408000000000000000e+04,3.573910342476074753e+00
1.408100000000000000e+04,3.968300300292789462e+00
1.408200000000000000e+04,3.762415283632978280e+00
1.408300000000000000e+04,3.326811404125745941e+00
1.408400000000000000e+04,3.914311910221470292e+00
1.408500000000000000e+04,3.875738126818271123e+00
1.408600000000000000e+04,3.683279875836917849e+00
1.408700000000000000e+04,3.698251930786082831e+00
1.408800000000000000e+04,3.611159299150491719e+00
1.408900000000000000e+04,3.654362713019980280e+00
1.409000000000000000e+04,3.539231639980876309e+00
1.409100000000000000e+04,3.922290527150971151e+00
1.409200000000000000e+04,4.084258146104082776e+00
1.409300000000000000e+04,3.890628903373714920e+00
1.409400000000000000e+04,3.731468087124335753e+00
1.409500000000000000e+04,3.967432190921085233e+00
1.409600000000000000e+04,4.003704822117109430e+00
1.409700000000000000e+04,3.692977983655969076e+00
1.409800000000000000e+04,3.701118387582612357e+00
1.409900000000000000e+04,3.445709507809532113e+00
1.410000000000000000e+04,4.036813246475715822e+00
1.410100000000000000e+04,3.728460058689323287e+00
1.410200000000000000e+04,3.744754267984935048e+00
1.410300000000000000e+04,3.570411275351825342e+00
1.410400000000000000e+04,3.739261420068323627e+00
1.410500000000000000e+04,3.703830973371974977e+00
1.410600000000000000e+04,3.901728694431567668e+00
1.410700000000000000e+04,3.939957045348834619e+00
1.410800000000000000e+04,3.762304711657181056e+00
1.410900000000000000e+04,3.690108428139597052e+00
1.411000000000000000e+04,3.769328139436825431e+00
1.411100000000000000e+04,3.696811183650043464e+00
1.411200000000000000e+04,4.205583302327956297e+00
1.411300000000000000e+04,3.895697192281969201e+00
1.411400000000000000e+04,3.787492849216323343e+00
1.411500000000000000e+04,3.734312285632088280e+00
1.411600000000000000e+04,3.558187131255412083e+00
1.411700000000000000e+04,3.592952628367409584e+00
1.411800000000000000e+04,3.949347943499982527e+00
1.411900000000000000e+04,3.794496220284233168e+00
1.412000000000000000e+04,3.991592014437509217e+00
1.412100000000000000e+04,3.749196109805639665e+00
1.412200000000000000e+04,3.639266825642812009e+00
1.412300000000000000e+04,3.924048412863462065e+00
1.412400000000000000e+04,3.808056866619396796e+00
1.412500000000000000e+04,3.981181839734091898e+00
1.412600000000000000e+04,4.031225241075394372e+00
1.412700000000000000e+04,3.686616101330394191e+00
1.412800000000000000e+04,3.768527667670292125e+00
1.412900000000000000e+04,3.769758982396542280e+00
1.413000000000000000e+04,3.626579450692033912e+00
1.413100000000000000e+04,3.473963325163622606e+00
1.413200000000000000e+04,4.074506442303563958e+00
1.413300000000000000e+04,3.773290071307302540e+00
1.413400000000000000e+04,3.729755794700921445e+00
1.413500000000000000e+04,3.878634075851362883e+00
1.413600000000000000e+04,3.914716571570587611e+00
1.413700000000000000e+04,3.675793341692129346e+00
1.413800000000000000e+04,3.639371298300800195e+00
1.413900000000000000e+04,3.590913951651564684e+00
1.414000000000000000e+04,3.656484100810231563e+00
1.414100000000000000e+04,3.558247285157339235e+00
1.414200000000000000e+04,3.793132723337798051e+00
1.414300000000000000e+04,3.857298049398772744e+00
1.414400000000000000e+04,3.884798356658122120e+00
1.414500000000000000e+04,3.538645233980608484e+00
1.414600000000000000e+04,3.967803184375606751e+00
1.414700000000000000e+04,3.843804913792784550e+00
1.414800000000000000e+04,3.554991546134254943e+00
1.414900000000000000e+04,3.560138514531091758e+00
1.415000000000000000e+04,3.847805354057426186e+00
1.415100000000000000e+04,3.786789281936037810e+00
1.415200000000000000e+04,4.184433577175606267e+00
1.415300000000000000e+04,3.647417761399324831e+00
1.415400000000000000e+04,3.792549605985484629e+00
1.415500000000000000e+04,4.020742525462527084e+00
1.415600000000000000e+04,3.462788817957233256e+00
1.415700000000000000e+04,3.856142923639727549e+00
1.415800000000000000e+04,3.886867891740333647e+00
1.415900000000000000e+04,3.411940921349181366e+00
1.416000000000000000e+04,3.945642352744548997e+00
1.416100000000000000e+04,3.769875145907471747e+00
1.416200000000000000e+04,3.604987582601855145e+00
1.416300000000000000e+04,3.795916301303569718e+00
1.416400000000000000e+04,3.687990712427599238e+00
1.416500000000000000e+04,3.770780950168636458e+00
1.416600000000000000e+04,3.927785128884429877e+00
1.416700000000000000e+04,3.791234437994383200e+00
1.416800000000000000e+04,3.952471253743302437e+00
1.416900000000000000e+04,3.773817157658905685e+00
1.417000000000000000e+04,3.862952388207975485e+00
1.417100000000000000e+04,3.607599964364765377e+00
1.417200000000000000e+04,3.488444180402771710e+00
1.417300000000000000e+04,3.875365603720168028e+00
1.417400000000000000e+04,3.483015707799218319e+00
1.417500000000000000e+04,3.526098744940174612e+00
1.417600000000000000e+04,3.472600633855972063e+00
1.417700000000000000e+04,3.820552730204137326e+00
1.417800000000000000e+04,3.594715926188023047e+00
1.417900000000000000e+04,4.028687372061027894e+00
1.418000000000000000e+04,3.636684314482750313e+00
1.418100000000000000e+04,3.773290493582078575e+00
1.418200000000000000e+04,3.785114552215171013e+00
1.418300000000000000e+04,3.668970494312040920e+00
1.418400000000000000e+04,3.886811291606136365e+00
1.418500000000000000e+04,3.905934122044459222e+00
1.418600000000000000e+04,3.688788699534469639e+00
1.418700000000000000e+04,3.662558856621777714e+00
1.418800000000000000e+04,3.813065876094178464e+00
1.418900000000000000e+04,3.809506866420881099e+00
1.419000000000000000e+04,3.979354647970473113e+00
1.419100000000000000e+04,3.308954347499278192e+00
1.419200000000000000e+04,3.639676053170949555e+00
1.419300000000000000e+04,3.401217066262062438e+00
1.419400000000000000e+04,3.614434112733644788e+00
1.419500000000000000e+04,3.859889789353800449e+00
1.419600000000000000e+04,3.305736011272921271e+00
1.419700000000000000e+04,4.089496976806890949e+00
1.419800000000000000e+04,3.687271244821308525e+00
1.419900000000000000e+04,3.746987095440248439e+00
1.420000000000000000e+04,3.890772708317511430e+00
1.420100000000000000e+04,4.048818824604486721e+00
1.420200000000000000e+04,3.290390529905228512e+00
1.420300000000000000e+04,3.633822872180009433e+00
1.420400000000000000e+04,3.536008187673516989e+00
1.420500000000000000e+04,3.720820005860257851e+00
1.420600000000000000e+04,3.699174820951914633e+00
1.420700000000000000e+04,3.886832173900167220e+00
1.420800000000000000e+04,3.790218736219304052e+00
1.420900000000000000e+04,3.609218591094764950e+00
1.421000000000000000e+04,3.537148006158816305e+00
1.421100000000000000e+04,3.840902132133571012e+00
1.421200000000000000e+04,3.569042348285934807e+00
1.421300000000000000e+04,3.831530684765544592e+00
1.421400000000000000e+04,3.765053949174839598e+00
1.421500000000000000e+04,3.924238207108325494e+00
1.421600000000000000e+04,3.898887628699119201e+00
1.421700000000000000e+04,3.753190786040619731e+00
1.421800000000000000e+04,3.751186049296585612e+00
1.421900000000000000e+04,3.722191115170788489e+00
1.422000000000000000e+04,3.859283306477634401e+00
1.422100000000000000e+04,3.352465301367743677e+00
1.422200000000000000e+04,3.691529594372806145e+00
1.422300000000000000e+04,3.873863003042205655e+00
1.422400000000000000e+04,4.009646538091245382e+00
1.422500000000000000e+04,3.794304947192621125e+00
1.422600000000000000e+04,4.131558511715435422e+00
1.422700000000000000e+04,3.863213888321705980e+00
1.422800000000000000e+04,3.702370110713076645e+00
1.422900000000000000e+04,4.003195515843182228e+00
1.423000000000000000e+04,3.513800506785127453e+00
1.423100000000000000e+04,3.929647503627920369e+00
1.423200000000000000e+04,4.075597753907098664e+00
1.423300000000000000e+04,3.487811145136123336e+00
1.423400000000000000e+04,3.647036090095338690e+00
1.423500000000000000e+04,3.857095637615714168e+00
1.423600000000000000e+04,3.611943829795126959e+00
1.423700000000000000e+04,3.682290176111549407e+00
1.423800000000000000e+04,3.660836454647923510e+00
1.423900000000000000e+04,3.952527255036693443e+00
1.424000000000000000e+04,3.560827173555418224e+00
1.424100000000000000e+04,3.878067807367044928e+00
1.424200000000000000e+04,3.980702126880278691e+00
1.424300000000000000e+04,3.552491439396538553e+00
1.424400000000000000e+04,4.184031021054373412e+00
1.424500000000000000e+04,3.642712045313297065e+00
1.424600000000000000e+04,3.721638580519845974e+00
1.424700000000000000e+04,3.883346345730814164e+00
1.424800000000000000e+04,3.739684307991971046e+00
1.424900000000000000e+04,3.733192784205741521e+00
1.425000000000000000e+04,3.528478607649594867e+00
1.425100000000000000e+04,3.600921338179897457e+00
1.425200000000000000e+04,3.686051250558424641e+00
1.425300000000000000e+04,3.769905847021691958e+00
1.425400000000000000e+04,3.785603108266305306e+00
1.425500000000000000e+04,3.883255597369430934e+00
1.425600000000000000e+04,3.683996781459474956e+00
1.425700000000000000e+04,3.679495569500005558e+00
1.425800000000000000e+04,3.614232358382716725e+00
1.425900000000000000e+04,3.821744204961590174e+00
1.426000000000000000e+04,3.895219278442349164e+00
1.426100000000000000e+04,3.811862282298264404e+00
1.426200000000000000e+04,3.587281187685835260e+00
1.426300000000000000e+04,3.779761528563743145e+00
1.426400000000000000e+04,3.718611584441496642e+00
1.426500000000000000e+04,3.614433861011853821e+00
1.426600000000000000e+04,3.736285211410054874e+00
1.426700000000000000e+04,3.872827423292214188e+00
1.426800000000000000e+04,3.750640275747444630e+00
1.426900000000000000e+04,3.729995271945735436e+00
1.427000000000000000e+04,3.755154554425241820e+00
1.427100000000000000e+04,3.902520604232625701e+00
1.427200000000000000e+04,3.615513225280450715e+00
1.427300000000000000e+04,3.802345615508476939e+00
1.427400000000000000e+04,3.660940353792126345e+00
1.427500000000000000e+04,3.881273003492886620e+00
1.427600000000000000e+04,3.998585569404984330e+00
1.427700000000000000e+04,3.988254213611166943e+00
1.427800000000000000e+04,3.645814313267090157e+00
1.427900000000000000e+04,3.822138343344454015e+00
1.428000000000000000e+04,3.562450943993738406e+00
1.428100000000000000e+04,3.732950494852733669e+00
1.428200000000000000e+04,3.709631418433323891e+00
1.428300000000000000e+04,3.746901745795750749e+00
1.428400000000000000e+04,3.684333421157766963e+00
1.428500000000000000e+04,3.894716716935721301e+00
1.428600000000000000e+04,3.690111909259310874e+00
1.428700000000000000e+04,3.789301624143972980e+00
1.428800000000000000e+04,3.937747048316652343e+00
1.428900000000000000e+04,3.738072973770207863e+00
1.429000000000000000e+04,3.730223110781501372e+00
1.429100000000000000e+04,3.870598392037531088e+00
1.429200000000000000e+04,3.771403852736288087e+00
1.429300000000000000e+04,3.419324008798533043e+00
1.429400000000000000e+04,3.944850131889178879e+00
1.429500000000000000e+04,3.474673390601793699e+00
1.429600000000000000e+04,3.749412295033823117e+00
1.429700000000000000e+04,3.678648933369573992e+00
1.429800000000000000e+04,3.799798679652774958e+00
1.429900000000000000e+04,3.967001759360215818e+00
1.430000000000000000e+04,3.710078510503617810e+00
1.430100000000000000e+04,3.469559221960504480e+00
1.430200000000000000e+04,3.739053839282399760e+00
1.430300000000000000e+04,4.005581901151300528e+00
1.430400000000000000e+04,3.814001482179179003e+00
1.430500000000000000e+04,3.657671021932992428e+00
1.430600000000000000e+04,3.918506150508886510e+00
1.430700000000000000e+04,3.719973354383308006e+00
1.430800000000000000e+04,3.870347634390651326e+00
1.430900000000000000e+04,3.355299095934725528e+00
1.431000000000000000e+04,3.906865334745566187e+00
1.431100000000000000e+04,3.771697867253901659e+00
1.431200000000000000e+04,3.515206125734225751e+00
1.431300000000000000e+04,4.117221604066821250e+00
1.431400000000000000e+04,3.672717658081467551e+00
1.431500000000000000e+04,3.901767317670881585e+00
1.431600000000000000e+04,3.249070315000581743e+00
1.431700000000000000e+04,4.003486674565104764e+00
1.431800000000000000e+04,3.793814555273394173e+00
1.431900000000000000e+04,3.746766542688699797e+00
1.432000000000000000e+04,3.828208501822196741e+00
1.432100000000000000e+04,3.631610939555565576e+00
1.432200000000000000e+04,3.713560358684922402e+00
1.432300000000000000e+04,3.615694915793340236e+00
1.432400000000000000e+04,3.815333197891743300e+00
1.432500000000000000e+04,4.005955503720175948e+00
1.432600000000000000e+04,3.723799210638234936e+00
1.432700000000000000e+04,3.916937085409866626e+00
1.432800000000000000e+04,3.682537766822158165e+00
1.432900000000000000e+04,3.599660699706484834e+00
1.433000000000000000e+04,4.019802789442247004e+00
1.433100000000000000e+04,3.847150119757665188e+00
1.433200000000000000e+04,3.552475282560652925e+00
1.433300000000000000e+04,3.688235821345721810e+00
1.433400000000000000e+04,3.750736519241243183e+00
1.433500000000000000e+04,3.601210488267548193e+00
1.433600000000000000e+04,3.900606787326692082e+00
1.433700000000000000e+04,3.596990887281393157e+00
1.433800000000000000e+04,3.585655402775794531e+00
1.433900000000000000e+04,3.936050977668183570e+00
1.434000000000000000e+04,3.575351190701369752e+00
1.434100000000000000e+04,3.567409570669092034e+00
1.434200000000000000e+04,3.445812730070913599e+00
1.434300000000000000e+04,4.012076858176290450e+00
1.434400000000000000e+04,3.512074835893836955e+00
1.434500000000000000e+04,3.730228580789704207e+00
1.434600000000000000e+04,3.590830085552144890e+00
1.434700000000000000e+04,3.626720521668134189e+00
1.434800000000000000e+04,3.741362434574444062e+00
1.434900000000000000e+04,3.893242687040083805e+00
1.435000000000000000e+04,3.605258132452820341e+00
1.435100000000000000e+04,3.597239922735180340e+00
1.435200000000000000e+04,3.504073851409939877e+00
1.435300000000000000e+04,3.660089864809668025e+00
1.435400000000000000e+04,3.503568319697505373e+00
1.435500000000000000e+04,4.057271497147358907e+00
1.435600000000000000e+04,3.962973966361129197e+00
1.435700000000000000e+04,3.713508598910931102e+00
1.435800000000000000e+04,3.743002227405882731e+00
1.435900000000000000e+04,3.633970770076937917e+00
1.436000000000000000e+04,3.503694241226137596e+00
1.436100000000000000e+04,3.747330837517969027e+00
1.436200000000000000e+04,3.801264951789635749e+00
1.436300000000000000e+04,3.991959396806806559e+00
1.436400000000000000e+04,3.780335172981862613e+00
1.436500000000000000e+04,3.947088533214470285e+00
1.436600000000000000e+04,3.862561230316991612e+00
1.436700000000000000e+04,3.706486509858780920e+00
1.436800000000000000e+04,3.793666716052119359e+00
1.436900000000000000e+04,3.910970717472917357e+00
1.437000000000000000e+04,3.585701125538259149e+00
1.437100000000000000e+04,3.703617191101508777e+00
1.437200000000000000e+04,3.984619219349549546e+00
1.437300000000000000e+04,3.850275190307426154e+00
1.437400000000000000e+04,3.636517370105472935e+00
1.437500000000000000e+04,3.830852927372687677e+00
1.437600000000000000e+04,3.730081974472839068e+00
1.437700000000000000e+04,3.726901703366062968e+00
1.437800000000000000e+04,3.824561158093608526e+00
1.437900000000000000e+04,3.929180617796680597e+00
1.438000000000000000e+04,3.704146640379013977e+00
1.438100000000000000e+04,3.626966382258669075e+00
1.438200000000000000e+04,3.537171594911085126e+00
1.438300000000000000e+04,3.914481396686588788e+00
1.438400000000000000e+04,3.696921438883909339e+00
1.438500000000000000e+04,3.485031867219206880e+00
1.438600000000000000e+04,3.736278089616623443e+00
1.438700000000000000e+04,3.947138342690261759e+00
1.438800000000000000e+04,3.885887507335416657e+00
1.438900000000000000e+04,3.925955592950908013e+00
1.439000000000000000e+04,3.891601218943475438e+00
1.439100000000000000e+04,3.932294087312289133e+00
1.439200000000000000e+04,3.573715037826077356e+00
1.439300000000000000e+04,3.527955353277073325e+00
1.439400000000000000e+04,3.991282170485569214e+00
1.439500000000000000e+04,4.004242284505473037e+00
1.439600000000000000e+04,3.774038179380605484e+00
1.439700000000000000e+04,4.040220686629009350e+00
1.439800000000000000e+04,3.846844962474487595e+00
1.439900000000000000e+04,3.712329419167062827e+00
1.440000000000000000e+04,3.777860580688207293e+00
1.440100000000000000e+04,3.490343740650952764e+00
1.440200000000000000e+04,3.950092835413478110e+00
1.440300000000000000e+04,3.477556429040952413e+00
1.440400000000000000e+04,4.033067541328487771e+00
1.440500000000000000e+04,3.519182995083804499e+00
1.440600000000000000e+04,3.719685533773551267e+00
1.440700000000000000e+04,3.717135250446105932e+00
1.440800000000000000e+04,4.027099830547603787e+00
1.440900000000000000e+04,3.611998857036627264e+00
1.441000000000000000e+04,3.976706941924800010e+00
1.441100000000000000e+04,3.498827062555112111e+00
1.441200000000000000e+04,3.847510648056902571e+00
1.441300000000000000e+04,3.673037161227452607e+00
1.441400000000000000e+04,3.884878769594010350e+00
1.441500000000000000e+04,3.884742005088902772e+00
1.441600000000000000e+04,3.677667830445722430e+00
1.441700000000000000e+04,3.441950521385090056e+00
1.441800000000000000e+04,4.064668113939943872e+00
1.441900000000000000e+04,3.542087282227031508e+00
1.442000000000000000e+04,3.642023151172274709e+00
1.442100000000000000e+04,3.732160415941802700e+00
1.442200000000000000e+04,3.773826400433990536e+00
1.442300000000000000e+04,3.569329163327263910e+00
1.442400000000000000e+04,3.723005819649265913e+00
1.442500000000000000e+04,3.635921117139182090e+00
1.442600000000000000e+04,3.789833053606600277e+00
1.442700000000000000e+04,3.658076506980230125e+00
1.442800000000000000e+04,3.731986524417536977e+00
1.442900000000000000e+04,3.756796847101908643e+00
1.443000000000000000e+04,3.687337820810275613e+00
1.443100000000000000e+04,3.773565253285730670e+00
1.443200000000000000e+04,4.025685461332866311e+00
1.443300000000000000e+04,3.856425860348510870e+00
1.443400000000000000e+04,3.884577089025867291e+00
1.443500000000000000e+04,3.596688641618896121e+00
1.443600000000000000e+04,3.679320732175126452e+00
1.443700000000000000e+04,3.374587879224090425e+00
1.443800000000000000e+04,4.057081753315735284e+00
1.443900000000000000e+04,3.823765847969026854e+00
1.444000000000000000e+04,3.918143217274766332e+00
1.444100000000000000e+04,3.964607480689381624e+00
1.444200000000000000e+04,3.927461556819419997e+00
1.444300000000000000e+04,3.628121922360914464e+00
1.444400000000000000e+04,3.527637024389988607e+00
1.444500000000000000e+04,3.803565480431589929e+00
1.444600000000000000e+04,3.851861319242314341e+00
1.444700000000000000e+04,4.039662328430781102e+00
1.444800000000000000e+04,3.360184282430764391e+00
1.444900000000000000e+04,3.785133748309406077e+00
1.445000000000000000e+04,3.825439646080437850e+00
1.445100000000000000e+04,3.702087512273020575e+00
1.445200000000000000e+04,3.918215499125486723e+00
1.445300000000000000e+04,4.058106722561390711e+00
1.445400000000000000e+04,3.713966946361121568e+00
1.445500000000000000e+04,3.982959060165573106e+00
1.445600000000000000e+04,3.965878391467983377e+00
1.445700000000000000e+04,3.810141576149103315e+00
1.445800000000000000e+04,3.479061756829484153e+00
1.445900000000000000e+04,3.920456063173479055e+00
1.446000000000000000e+04,4.006804864903323882e+00
1.446100000000000000e+04,3.600950455543530992e+00
1.446200000000000000e+04,3.918167046399070763e+00
1.446300000000000000e+04,3.815108268862402063e+00
1.446400000000000000e+04,3.766733355976850550e+00
1.446500000000000000e+04,3.860011642168045487e+00
1.446600000000000000e+04,3.758542400760076063e+00
1.446700000000000000e+04,3.615137036416508298e+00
1.446800000000000000e+04,3.666050125135036808e+00
1.446900000000000000e+04,3.902906003985835870e+00
1.447000000000000000e+04,3.831234685319367284e+00
1.447100000000000000e+04,3.822295451223550522e+00
1.447200000000000000e+04,3.808337782876950683e+00
1.447300000000000000e+04,3.731579509896731484e+00
1.447400000000000000e+04,3.753626734069138049e+00
1.447500000000000000e+04,3.870811258013644895e+00
1.447600000000000000e+04,3.565616717988337125e+00
1.447700000000000000e+04,4.041527489476018253e+00
1.447800000000000000e+04,3.409983643026379241e+00
1.447900000000000000e+04,3.821825523808697334e+00
1.448000000000000000e+04,3.690415605682842326e+00
1.448100000000000000e+04,3.591300561159571636e+00
1.448200000000000000e+04,3.679153388951042380e+00
1.448300000000000000e+04,3.770664401787412245e+00
1.448400000000000000e+04,3.582935664917038743e+00
1.448500000000000000e+04,3.773356137613825823e+00
1.448600000000000000e+04,3.806597870639969461e+00
1.448700000000000000e+04,4.085352122756790827e+00
1.448800000000000000e+04,3.861859186041454173e+00
1.448900000000000000e+04,3.583738142047669051e+00
1.449000000000000000e+04,3.483612491407952039e+00
1.449100000000000000e+04,3.782166359350839002e+00
1.449200000000000000e+04,4.068477030568408814e+00
1.449300000000000000e+04,3.521548435597138482e+00
1.449400000000000000e+04,3.819847424665359092e+00
1.449500000000000000e+04,3.819254395264400248e+00
1.449600000000000000e+04,3.524548386787775378e+00
1.449700000000000000e+04,3.888364156739706257e+00
1.449800000000000000e+04,3.425577015464215336e+00
1.449900000000000000e+04,3.423838703885474288e+00
1.450000000000000000e+04,3.878190068117844280e+00
1.450100000000000000e+04,3.658776886454262467e+00
1.450200000000000000e+04,3.773259180770687227e+00
1.450300000000000000e+04,3.432981459074285535e+00
1.450400000000000000e+04,3.644725559672063131e+00
1.450500000000000000e+04,3.857205063078340768e+00
1.450600000000000000e+04,3.519171669446735873e+00
1.450700000000000000e+04,3.601832826184318659e+00
1.450800000000000000e+04,3.782420308456076796e+00
1.450900000000000000e+04,3.896306106802954083e+00
1.451000000000000000e+04,3.724468910561198776e+00
1.451100000000000000e+04,3.871548032095600611e+00
1.451200000000000000e+04,3.781316105260691174e+00
1.451300000000000000e+04,3.563699294445779930e+00
1.451400000000000000e+04,3.527794586927687437e+00
1.451500000000000000e+04,3.757065300166221533e+00
1.451600000000000000e+04,4.133063753903035042e+00
1.451700000000000000e+04,3.679866372920963524e+00
1.451800000000000000e+04,3.803472826027305409e+00
1.451900000000000000e+04,3.606353954333450851e+00
1.452000000000000000e+04,3.973332417199796129e+00
1.452100000000000000e+04,3.673990625843858382e+00
1.452200000000000000e+04,3.728383667423996961e+00
1.452300000000000000e+04,3.898914375027809243e+00
1.452400000000000000e+04,3.625323603978772624e+00
1.452500000000000000e+04,3.692600645171046025e+00
1.452600000000000000e+04,3.329458405561028123e+00
1.452700000000000000e+04,3.439075476337905446e+00
1.452800000000000000e+04,3.456880471035174818e+00
1.452900000000000000e+04,3.654177511983278670e+00
1.453000000000000000e+04,3.799377637368832161e+00
1.453100000000000000e+04,3.581122042755203960e+00
1.453200000000000000e+04,4.161749594327688762e+00
1.453300000000000000e+04,3.761595386774593930e+00
1.453400000000000000e+04,3.572322101468456967e+00
1.453500000000000000e+04,3.917516733323417988e+00
1.453600000000000000e+04,3.739769624795032055e+00
1.453700000000000000e+04,3.752211951101523280e+00
1.453800000000000000e+04,3.629934795410184378e+00
1.453900000000000000e+04,3.758099553967610529e+00
1.454000000000000000e+04,4.091529143040977701e+00
1.454100000000000000e+04,3.801455234773917002e+00
1.454200000000000000e+04,3.674500102077498109e+00
1.454300000000000000e+04,4.051705906145607550e+00
1.454400000000000000e+04,3.752576334552927939e+00
1.454500000000000000e+04,3.762360856143605492e+00
1.454600000000000000e+04,3.695799035658441145e+00
1.454700000000000000e+04,4.120565747470569917e+00
1.454800000000000000e+04,3.584278469534031508e+00
1.454900000000000000e+04,3.858469992143876759e+00
1.455000000000000000e+04,3.887668219382673929e+00
1.455100000000000000e+04,3.591831032471713758e+00
1.455200000000000000e+04,3.659636719584189457e+00
1.455300000000000000e+04,3.851852147391487069e+00
1.455400000000000000e+04,3.865977770122976054e+00
1.455500000000000000e+04,3.928161300731490613e+00
1.455600000000000000e+04,3.540700300785721844e+00
1.455700000000000000e+04,3.699218005708682977e+00
1.455800000000000000e+04,3.407812995268007406e+00
1.455900000000000000e+04,3.723004250440378193e+00
1.456000000000000000e+04,3.908024315810302074e+00
1.456100000000000000e+04,3.874949334354639063e+00
1.456200000000000000e+04,4.013423279004069144e+00
1.456300000000000000e+04,3.597258706961107944e+00
1.456400000000000000e+04,3.426879694263602616e+00
1.456500000000000000e+04,3.839638556608358844e+00
1.456600000000000000e+04,3.756152297261067918e+00
1.456700000000000000e+04,3.635994344431006109e+00
1.456800000000000000e+04,3.902026074214809181e+00
1.456900000000000000e+04,3.550001747145260733e+00
1.457000000000000000e+04,3.704035211754424406e+00
1.457100000000000000e+04,3.371966699670835954e+00
1.457200000000000000e+04,3.715324740024778638e+00
1.457300000000000000e+04,3.590049706045423505e+00
1.457400000000000000e+04,3.638030438127584532e+00
1.457500000000000000e+04,3.860531587192080671e+00
1.457600000000000000e+04,4.049172070907041565e+00
1.457700000000000000e+04,3.543321899109161954e+00
1.457800000000000000e+04,3.448817299895303723e+00
1.457900000000000000e+04,3.975530046377019566e+00
1.458000000000000000e+04,4.049304044804620695e+00
1.458100000000000000e+04,3.923266968250802567e+00
1.458200000000000000e+04,3.957032015863553021e+00
1.458300000000000000e+04,3.739516296403813556e+00
1.458400000000000000e+04,3.657843214599737713e+00
1.458500000000000000e+04,3.449275891347312495e+00
1.458600000000000000e+04,3.858715693768808297e+00
1.458700000000000000e+04,3.936800989131837181e+00
1.458800000000000000e+04,3.941998703529441261e+00
1.458900000000000000e+04,3.820312548639865913e+00
1.459000000000000000e+04,3.676617445190095257e+00
1.459100000000000000e+04,3.762367980570235915e+00
1.459200000000000000e+04,3.840183431191359631e+00
1.459300000000000000e+04,3.843489957461124096e+00
1.459400000000000000e+04,3.560719542600507825e+00
1.459500000000000000e+04,3.742524040938993490e+00
1.459600000000000000e+04,4.109961560814470616e+00
1.459700000000000000e+04,3.810234694939918398e+00
1.459800000000000000e+04,3.631365543950820118e+00
1.459900000000000000e+04,3.558469304722410964e+00
1.460000000000000000e+04,3.643811012983842801e+00
1.460100000000000000e+04,3.997738832652118823e+00
1.460200000000000000e+04,3.581540282667924124e+00
1.460300000000000000e+04,3.818252315693080323e+00
1.460400000000000000e+04,3.730907563980546016e+00
1.460500000000000000e+04,3.914498207595543011e+00
1.460600000000000000e+04,3.630225908737464646e+00
1.460700000000000000e+04,3.277550622004190561e+00
1.460800000000000000e+04,3.578250500501484410e+00
1.460900000000000000e+04,3.609792550805110967e+00
1.461000000000000000e+04,3.528056595739022416e+00
1.461100000000000000e+04,4.084103450631664245e+00
1.461200000000000000e+04,4.052812694688617157e+00
1.461300000000000000e+04,3.773261807591785200e+00
1.461400000000000000e+04,3.781597159280726483e+00
1.461500000000000000e+04,3.661818734136184528e+00
1.461600000000000000e+04,3.835961782816033061e+00
1.461700000000000000e+04,3.540737890378170327e+00
1.461800000000000000e+04,3.738653575979193011e+00
1.461900000000000000e+04,3.577197108839122563e+00
1.462000000000000000e+04,3.697309020960105386e+00
1.462100000000000000e+04,4.116912753673215519e+00
1.462200000000000000e+04,3.729727262485408534e+00
1.462300000000000000e+04,3.913311241863469014e+00
1.462400000000000000e+04,3.751782193629666917e+00
1.462500000000000000e+04,3.438650902231442874e+00
1.462600000000000000e+04,3.556872680823725652e+00
1.462700000000000000e+04,3.436753301809506667e+00
1.462800000000000000e+04,3.687857189365597588e+00
1.462900000000000000e+04,3.797662780810310501e+00
1.463000000000000000e+04,3.634593360195295109e+00
1.463100000000000000e+04,3.648618305704750320e+00
1.463200000000000000e+04,3.793620342368722476e+00
1.463300000000000000e+04,3.606993897714865227e+00
1.463400000000000000e+04,4.102817913252415849e+00
1.463500000000000000e+04,3.698570202953267216e+00
1.463600000000000000e+04,4.130302446523214321e+00
1.463700000000000000e+04,3.565352254735253190e+00
1.463800000000000000e+04,4.063739153474438481e+00
1.463900000000000000e+04,3.843194101318611278e+00
1.464000000000000000e+04,3.921855835109511190e+00
1.464100000000000000e+04,3.541876861937611309e+00
1.464200000000000000e+04,3.896050300081733031e+00
1.464300000000000000e+04,4.007641193280075065e+00
1.464400000000000000e+04,3.857830525174791081e+00
1.464500000000000000e+04,3.640908901728784564e+00
1.464600000000000000e+04,3.785015279707842240e+00
1.464700000000000000e+04,3.649020075257658924e+00
1.464800000000000000e+04,3.651546293352759154e+00
1.464900000000000000e+04,3.705117441431836856e+00
1.465000000000000000e+04,3.718773515318657630e+00
1.465100000000000000e+04,3.770819931631892441e+00
1.465200000000000000e+04,3.557009309579220346e+00
1.465300000000000000e+04,3.840434548339457965e+00
1.465400000000000000e+04,3.464556451538860049e+00
1.465500000000000000e+04,3.726207995133885120e+00
1.465600000000000000e+04,3.914289231408254022e+00
1.465700000000000000e+04,3.737092060651453718e+00
1.465800000000000000e+04,3.587017961034895119e+00
1.465900000000000000e+04,3.720328202477363178e+00
1.466000000000000000e+04,3.539088247626309247e+00
1.466100000000000000e+04,3.751592783695608446e+00
1.466200000000000000e+04,3.589825211082585898e+00
1.466300000000000000e+04,3.636608264952984726e+00
1.466400000000000000e+04,3.597333759867639369e+00
1.466500000000000000e+04,3.764161890891906115e+00
1.466600000000000000e+04,3.729512910425251349e+00
1.466700000000000000e+04,3.838501760374617877e+00
1.466800000000000000e+04,3.665774898658433756e+00
1.466900000000000000e+04,3.581225334040513353e+00
1.467000000000000000e+04,3.721026669592943925e+00
1.467100000000000000e+04,3.863681172748812287e+00
1.467200000000000000e+04,4.001704144205055158e+00
1.467300000000000000e+04,3.823276793673459295e+00
1.467400000000000000e+04,3.762551938065425094e+00
1.467500000000000000e+04,3.701719864779466906e+00
1.467600000000000000e+04,3.468113525556464793e+00
1.467700000000000000e+04,3.645765098412549587e+00
1.467800000000000000e+04,3.737481171793753276e+00
1.467900000000000000e+04,3.693059891549721030e+00
1.468000000000000000e+04,3.782507996050737287e+00
1.468100000000000000e+04,3.426007888759162068e+00
1.468200000000000000e+04,3.618642539339193664e+00
1.468300000000000000e+04,3.990356614981396710e+00
1.468400000000000000e+04,3.640910297077640134e+00
1.468500000000000000e+04,3.550502756384703140e+00
1.468600000000000000e+04,3.819233089267470405e+00
1.468700000000000000e+04,3.909431814631355806e+00
1.468800000000000000e+04,3.862559833632484896e+00
1.468900000000000000e+04,3.600025140669612878e+00
1.469000000000000000e+04,3.656532589343269191e+00
1.469100000000000000e+04,3.795028406342149996e+00
1.469200000000000000e+04,3.836010047135325784e+00
1.469300000000000000e+04,3.829285366140974034e+00
1.469400000000000000e+04,3.554399756569784685e+00
1.469500000000000000e+04,3.503905842142319482e+00
1.469600000000000000e+04,4.072395658165767429e+00
1.469700000000000000e+04,3.452013000011965094e+00
1.469800000000000000e+04,3.853010362446995352e+00
1.469900000000000000e+04,3.785861492330179878e+00
1.470000000000000000e+04,3.909220899159296714e+00
1.470100000000000000e+04,3.847867594381868539e+00
1.470200000000000000e+04,3.988638559277226658e+00
1.470300000000000000e+04,3.446929228554108882e+00
1.470400000000000000e+04,3.422058860192761287e+00
1.470500000000000000e+04,3.825698717438887897e+00
1.470600000000000000e+04,3.727148765254635343e+00
1.470700000000000000e+04,3.472448485449829203e+00
1.470800000000000000e+04,3.572069285387370119e+00
1.470900000000000000e+04,3.752699388096816246e+00
1.471000000000000000e+04,3.689251385901247016e+00
1.471100000000000000e+04,3.566861993157105282e+00
1.471200000000000000e+04,3.841344372191410006e+00
1.471300000000000000e+04,3.786213701284828481e+00
1.471400000000000000e+04,3.609687151910105474e+00
1.471500000000000000e+04,3.796966208896509709e+00
1.471600000000000000e+04,3.850918283404456410e+00
1.471700000000000000e+04,3.740398450885646930e+00
1.471800000000000000e+04,3.804357202346523525e+00
1.471900000000000000e+04,3.594342251947228561e+00
1.472000000000000000e+04,3.635734271925386896e+00
1.472100000000000000e+04,3.593316841063753042e+00
1.472200000000000000e+04,3.516538979710236656e+00
1.472300000000000000e+04,3.886167039670020085e+00
1.472400000000000000e+04,3.810056271596613975e+00
1.472500000000000000e+04,3.736499312582427290e+00
1.472600000000000000e+04,3.694761452836234472e+00
1.472700000000000000e+04,3.269701391909286770e+00
1.472800000000000000e+04,3.758835176410976864e+00
1.472900000000000000e+04,3.637108010301944638e+00
1.473000000000000000e+04,3.488896871943697686e+00
1.473100000000000000e+04,3.583908718757110812e+00
1.473200000000000000e+04,3.950834341833567631e+00
1.473300000000000000e+04,3.722551010950990502e+00
1.473400000000000000e+04,3.816742663244724998e+00
1.473500000000000000e+04,3.684044423358828535e+00
1.473600000000000000e+04,3.650413336161685951e+00
1.473700000000000000e+04,3.853892793224804159e+00
1.473800000000000000e+04,3.576782859113143420e+00
1.473900000000000000e+04,3.466647944952297777e+00
1.474000000000000000e+04,3.905742505914224338e+00
1.474100000000000000e+04,3.801178714650656154e+00
1.474200000000000000e+04,3.655649791741592214e+00
1.474300000000000000e+04,3.715668847817709786e+00
1.474400000000000000e+04,3.423829087049404141e+00
1.474500000000000000e+04,3.845282810533249496e+00
1.474600000000000000e+04,3.457975017878734736e+00
1.474700000000000000e+04,3.680090494899815656e+00
1.474800000000000000e+04,3.554373207022492043e+00
1.474900000000000000e+04,3.414192961481830046e+00
1.475000000000000000e+04,3.747360788629872985e+00
1.475100000000000000e+04,3.529846967701039340e+00
1.475200000000000000e+04,3.751361367938073510e+00
1.475300000000000000e+04,3.659426682970263744e+00
1.475400000000000000e+04,3.862441811059201147e+00
1.475500000000000000e+04,4.000772817280389582e+00
1.475600000000000000e+04,3.534395325030966095e+00
1.475700000000000000e+04,3.746564286481565365e+00
1.475800000000000000e+04,3.539881316322892157e+00
1.475900000000000000e+04,4.114271126603101791e+00
1.476000000000000000e+04,3.722804742678009760e+00
1.476100000000000000e+04,3.875570239709395626e+00
1.476200000000000000e+04,3.544350418109655454e+00
1.476300000000000000e+04,3.431084858403190552e+00
1.476400000000000000e+04,3.888198942302928618e+00
1.476500000000000000e+04,3.692731072352130273e+00
1.476600000000000000e+04,3.811942513529142040e+00
1.476700000000000000e+04,3.794394150840412649e+00
1.476800000000000000e+04,3.781631281360998464e+00
1.476900000000000000e+04,3.516918270264491664e+00
1.477000000000000000e+04,3.709376879085276801e+00
1.477100000000000000e+04,3.935187528135188018e+00
1.477200000000000000e+04,4.074299308835256817e+00
1.477300000000000000e+04,3.667379725270784707e+00
1.477400000000000000e+04,3.747886170374375325e+00
1.477500000000000000e+04,4.011930190370590843e+00
1.477600000000000000e+04,3.797700199643643693e+00
1.477700000000000000e+04,3.558998816924774822e+00
1.477800000000000000e+04,3.745878114555338811e+00
1.477900000000000000e+04,3.627271108772139652e+00
1.478000000000000000e+04,4.153241420541670337e+00
1.478100000000000000e+04,3.608839412568173977e+00
1.478200000000000000e+04,3.631278865996959926e+00
1.478300000000000000e+04,3.837591128321681033e+00
1.478400000000000000e+04,3.660301505875246164e+00
1.478500000000000000e+04,4.035788664392844005e+00
1.478600000000000000e+04,3.698513887347603557e+00
1.478700000000000000e+04,3.648186920770583708e+00
1.478800000000000000e+04,3.877859860498383604e+00
1.478900000000000000e+04,4.242824740776090842e+00
1.479000000000000000e+04,3.594797733917131755e+00
1.479100000000000000e+04,3.769677649226036653e+00
1.479200000000000000e+04,4.104051500550906617e+00
1.479300000000000000e+04,3.626718137847399603e+00
1.479400000000000000e+04,3.815296193106310074e+00
1.479500000000000000e+04,3.700140948560373566e+00
1.479600000000000000e+04,3.613983143384011942e+00
1.479700000000000000e+04,3.643217100000088582e+00
1.479800000000000000e+04,3.746336820203751028e+00
1.479900000000000000e+04,3.788623215578072578e+00
1.480000000000000000e+04,4.080484205287579158e+00
1.480100000000000000e+04,3.932232257498697869e+00
1.480200000000000000e+04,4.097329417298664289e+00
1.480300000000000000e+04,3.738839555813549431e+00
1.480400000000000000e+04,3.923513501162009476e+00
1.480500000000000000e+04,3.818174465609233348e+00
1.480600000000000000e+04,3.745953521956638443e+00
1.480700000000000000e+04,3.626746219480953659e+00
1.480800000000000000e+04,4.032407627068298694e+00
1.480900000000000000e+04,3.778036554442020911e+00
1.481000000000000000e+04,3.500115803423560656e+00
1.481100000000000000e+04,4.051852540267830705e+00
1.481200000000000000e+04,3.980633284125770555e+00
1.481300000000000000e+04,4.024568959661772638e+00
1.481400000000000000e+04,3.874879170849656607e+00
1.481500000000000000e+04,3.924421916382772935e+00
1.481600000000000000e+04,3.936449957043591130e+00
1.481700000000000000e+04,4.007189430294274324e+00
1.481800000000000000e+04,3.899777651071730578e+00
1.481900000000000000e+04,3.810799864974535822e+00
1.482000000000000000e+04,3.536081981077431546e+00
1.482100000000000000e+04,3.942859191724388257e+00
1.482200000000000000e+04,3.767215537414917659e+00
1.482300000000000000e+04,3.789304339178054537e+00
1.482400000000000000e+04,3.834546505851456732e+00
1.482500000000000000e+04,4.069119549488376286e+00
1.482600000000000000e+04,3.691206624095830779e+00
1.482700000000000000e+04,3.865824747340969481e+00
1.482800000000000000e+04,4.000699196741751784e+00
1.482900000000000000e+04,3.865812381618751736e+00
1.483000000000000000e+04,3.698895881832564125e+00
1.483100000000000000e+04,3.609641927981253495e+00
1.483200000000000000e+04,3.794881979149328899e+00
1.483300000000000000e+04,3.506120705877389554e+00
1.483400000000000000e+04,3.735274795673801496e+00
1.483500000000000000e+04,3.722225218282210868e+00
1.483600000000000000e+04,3.359115316493786807e+00
1.483700000000000000e+04,3.704760847125623258e+00
1.483800000000000000e+04,3.322501576579762528e+00
1.483900000000000000e+04,3.941587882679864485e+00
1.484000000000000000e+04,3.805497434130428847e+00
1.484100000000000000e+04,3.771838010867387236e+00
1.484200000000000000e+04,3.915918916711647491e+00
1.484300000000000000e+04,3.841999920870839969e+00
1.484400000000000000e+04,3.513347037192675160e+00
1.484500000000000000e+04,3.913618900681500090e+00
1.484600000000000000e+04,3.766297558429302139e+00
1.484700000000000000e+04,3.669975295439547480e+00
1.484800000000000000e+04,3.699991590831168686e+00
1.484900000000000000e+04,3.976031815924621515e+00
1.485000000000000000e+04,3.232850753660386545e+00
1.485100000000000000e+04,3.713828997581970270e+00
1.485200000000000000e+04,3.444984762530430622e+00
1.485300000000000000e+04,3.604953614960578978e+00
1.485400000000000000e+04,3.810785219669458712e+00
1.485500000000000000e+04,3.679721816201258378e+00
1.485600000000000000e+04,3.619799948969323555e+00
1.485700000000000000e+04,3.774951660767978723e+00
1.485800000000000000e+04,3.669297403322427265e+00
1.485900000000000000e+04,3.650803196137269335e+00
1.486000000000000000e+04,3.852427118944552920e+00
1.486100000000000000e+04,3.957652851489332324e+00
1.486200000000000000e+04,3.899138565091457398e+00
1.486300000000000000e+04,3.897762204617329473e+00
1.486400000000000000e+04,3.878584622296687989e+00
1.486500000000000000e+04,3.957128446119895671e+00
1.486600000000000000e+04,3.981584897897386011e+00
1.486700000000000000e+04,3.467444848755505848e+00
1.486800000000000000e+04,3.466808507678942775e+00
1.486900000000000000e+04,3.502367406754912427e+00
1.487000000000000000e+04,4.009287191009952345e+00
1.487100000000000000e+04,3.477702295073626715e+00
1.487200000000000000e+04,3.943108034178419707e+00
1.487300000000000000e+04,3.785435119259988657e+00
1.487400000000000000e+04,3.626175953647126526e+00
1.487500000000000000e+04,3.893104551111010281e+00
1.487600000000000000e+04,3.676096080498530760e+00
1.487700000000000000e+04,3.789827729788476596e+00
1.487800000000000000e+04,3.584273954863530065e+00
1.487900000000000000e+04,3.955071347594538267e+00
1.488000000000000000e+04,3.655399466051730162e+00
1.488100000000000000e+04,3.820010407850278344e+00
1.488200000000000000e+04,3.688992046672668668e+00
1.488300000000000000e+04,3.711915811334670856e+00
1.488400000000000000e+04,3.796701125628154649e+00
1.488500000000000000e+04,4.050429283477694931e+00
1.488600000000000000e+04,3.539313745371172715e+00
1.488700000000000000e+04,3.508886770926905818e+00
1.488800000000000000e+04,3.795647959190432186e+00
1.488900000000000000e+04,3.708879711093370446e+00
1.489000000000000000e+04,3.855881711353164487e+00
1.489100000000000000e+04,3.625990205059032245e+00
1.489200000000000000e+04,3.640081011574809899e+00
1.489300000000000000e+04,3.589297146954914641e+00
1.489400000000000000e+04,3.652745920800273272e+00
1.489500000000000000e+04,3.737366034075251253e+00
1.489600000000000000e+04,3.833653521750991722e+00
1.489700000000000000e+04,3.878621621993453505e+00
1.489800000000000000e+04,3.769835608530291982e+00
1.489900000000000000e+04,3.539023792368672705e+00
1.490000000000000000e+04,3.596600172160651532e+00
1.490100000000000000e+04,3.893119088403383277e+00
1.490200000000000000e+04,3.621557794504596917e+00
1.490300000000000000e+04,3.467340784561377731e+00
1.490400000000000000e+04,3.984337266663422916e+00
1.490500000000000000e+04,3.738518485489499721e+00
1.490600000000000000e+04,3.857064458125470718e+00
1.490700000000000000e+04,3.742407308684038814e+00
1.490800000000000000e+04,3.677915714884822940e+00
1.490900000000000000e+04,3.407354463218069451e+00
1.491000000000000000e+04,3.868055166576637838e+00
1.491100000000000000e+04,3.584638207112841091e+00
1.491200000000000000e+04,3.744891035040065930e+00
1.491300000000000000e+04,3.809474294609267009e+00
1.491400000000000000e+04,3.764586865402852034e+00
1.491500000000000000e+04,3.977089521524171278e+00
1.491600000000000000e+04,3.686376910770314819e+00
1.491700000000000000e+04,3.452618822232493390e+00
1.491800000000000000e+04,3.518884685702964532e+00
1.491900000000000000e+04,3.728202418865744328e+00
1.492000000000000000e+04,3.677960374705667945e+00
1.492100000000000000e+04,3.704172752782556532e+00
1.492200000000000000e+04,3.854929039587313699e+00
1.492300000000000000e+04,3.685885203081530559e+00
1.492400000000000000e+04,3.809122424173524646e+00
1.492500000000000000e+04,3.676612202899177895e+00
1.492600000000000000e+04,3.648600426564884369e+00
1.492700000000000000e+04,3.667111569217746947e+00
1.492800000000000000e+04,3.625694905640064025e+00
1.492900000000000000e+04,3.634289883680473565e+00
1.493000000000000000e+04,3.618973018963235422e+00
1.493100000000000000e+04,3.938158896700601819e+00
1.493200000000000000e+04,3.686484088475069587e+00
1.493300000000000000e+04,3.808829097243547679e+00
1.493400000000000000e+04,3.874080373744335226e+00
1.493500000000000000e+04,3.512188577544340884e+00
1.493600000000000000e+04,3.305330764636570162e+00
1.493700000000000000e+04,3.868266135412066653e+00
1.493800000000000000e+04,3.816513583942370946e+00
1.493900000000000000e+04,3.697285956316283873e+00
1.494000000000000000e+04,3.740135638746607150e+00
1.494100000000000000e+04,3.715905175201753785e+00
1.494200000000000000e+04,3.715712628892163139e+00
1.494300000000000000e+04,4.020269942151863951e+00
1.494400000000000000e+04,3.826520279109961287e+00
1.494500000000000000e+04,3.829015459993182713e+00
1.494600000000000000e+04,3.544887027223946330e+00
1.494700000000000000e+04,3.657186760095742173e+00
1.494800000000000000e+04,4.134401853336975741e+00
1.494900000000000000e+04,3.838183186828604043e+00
1.495000000000000000e+04,3.851649211713048082e+00
1.495100000000000000e+04,3.706466088260901515e+00
1.495200000000000000e+04,3.592457781029245734e+00
1.495300000000000000e+04,3.681238777656680838e+00
1.495400000000000000e+04,3.604103712250333658e+00
1.495500000000000000e+04,3.591195665240674018e+00
1.495600000000000000e+04,3.790063889841579936e+00
1.495700000000000000e+04,3.898135883710941219e+00
1.495800000000000000e+04,3.437189386907361754e+00
1.495900000000000000e+04,3.721650345427504725e+00
1.496000000000000000e+04,3.858089821364112382e+00
1.496100000000000000e+04,3.988928639537208110e+00
1.496200000000000000e+04,3.725753268823093656e+00
1.496300000000000000e+04,3.825590102552032690e+00
1.496400000000000000e+04,3.856691336949917837e+00
1.496500000000000000e+04,3.644613148078592602e+00
1.496600000000000000e+04,3.658635288391827167e+00
1.496700000000000000e+04,4.058141764353971226e+00
1.496800000000000000e+04,3.913583433690267732e+00
1.496900000000000000e+04,3.692892221901179273e+00
1.497000000000000000e+04,3.675891817492298319e+00
1.497100000000000000e+04,3.683621209242178729e+00
1.497200000000000000e+04,3.535739507617946753e+00
1.497300000000000000e+04,3.907909372288981498e+00
1.497400000000000000e+04,3.585401053607630839e+00
1.497500000000000000e+04,3.641455809162650326e+00
1.497600000000000000e+04,3.954837190491390153e+00
1.497700000000000000e+04,3.637740219478530435e+00
1.497800000000000000e+04,3.961871211913737589e+00
1.497900000000000000e+04,3.619227173346022397e+00
1.498000000000000000e+04,3.614979841093336699e+00
1.498100000000000000e+04,4.114793352476349142e+00
1.498200000000000000e+04,3.866005344619615869e+00
1.498300000000000000e+04,3.739246509844028399e+00
1.498400000000000000e+04,3.960700544830961345e+00
1.498500000000000000e+04,3.715390045094264515e+00
1.498600000000000000e+04,3.843537249239259435e+00
1.498700000000000000e+04,3.888877654521984528e+00
1.498800000000000000e+04,3.533325866567933460e+00
1.498900000000000000e+04,3.425975769146185179e+00
1.499000000000000000e+04,3.657535353275903400e+00
1.499100000000000000e+04,3.688779937578883672e+00
1.499200000000000000e+04,3.695499719109791137e+00
1.499300000000000000e+04,3.711485386759360239e+00
1.499400000000000000e+04,3.687677829830465548e+00
1.499500000000000000e+04,3.843067804179248093e+00
1.499600000000000000e+04,3.862152577126369835e+00
1.499700000000000000e+04,3.542353741275670931e+00
1.499800000000000000e+04,3.654325791154677372e+00
1.499900000000000000e+04,4.022991830347464770e+00
1.500000000000000000e+04,3.752937223417017520e+00
1.500100000000000000e+04,3.842313823919581317e+00
1.500200000000000000e+04,3.629832297499241189e+00
1.500300000000000000e+04,3.922594923611839146e+00
1.500400000000000000e+04,3.733975869876369202e+00
1.500500000000000000e+04,3.343979911249006509e+00
1.500600000000000000e+04,3.861224218934953711e+00
1.500700000000000000e+04,3.933729958448551223e+00
1.500800000000000000e+04,3.658393705801257223e+00
1.500900000000000000e+04,4.127031277607244419e+00
1.501000000000000000e+04,3.788233273769744169e+00
1.501100000000000000e+04,3.762256993245954195e+00
1.501200000000000000e+04,3.468131846227834991e+00
1.501300000000000000e+04,3.953376902111426450e+00
1.501400000000000000e+04,3.732161188800676932e+00
1.501500000000000000e+04,3.628868726484548279e+00
1.501600000000000000e+04,3.451041138309657974e+00
1.501700000000000000e+04,3.869532145602155193e+00
1.501800000000000000e+04,3.924967423220878882e+00
1.501900000000000000e+04,3.879956731804648840e+00
1.502000000000000000e+04,3.877224929255310926e+00
1.502100000000000000e+04,3.847301417176617111e+00
1.502200000000000000e+04,3.616357607134907948e+00
1.502300000000000000e+04,3.865027793113287924e+00
1.502400000000000000e+04,4.278821194760449309e+00
1.502500000000000000e+04,3.523145071698443154e+00
1.502600000000000000e+04,3.883376955968187882e+00
1.502700000000000000e+04,3.801094978421208026e+00
1.502800000000000000e+04,3.801581708243348956e+00
1.502900000000000000e+04,3.751398236132516661e+00
1.503000000000000000e+04,3.640295987121701771e+00
1.503100000000000000e+04,4.181267407323667307e+00
1.503200000000000000e+04,3.790766787349001188e+00
1.503300000000000000e+04,3.744921207085988968e+00
1.503400000000000000e+04,3.783255880099754886e+00
1.503500000000000000e+04,3.447872539671604120e+00
1.503600000000000000e+04,4.046052431212765477e+00
1.503700000000000000e+04,3.822566587712518338e+00
1.503800000000000000e+04,3.983917063960498162e+00
1.503900000000000000e+04,3.694339396858294045e+00
1.504000000000000000e+04,3.901628940753474328e+00
1.504100000000000000e+04,3.597886520115738396e+00
1.504200000000000000e+04,4.164132138296960051e+00
1.504300000000000000e+04,3.654067878073585351e+00
1.504400000000000000e+04,3.471667976609372541e+00
1.504500000000000000e+04,3.651622098929692584e+00
1.504600000000000000e+04,3.662891855711197575e+00
1.504700000000000000e+04,3.660114092438564892e+00
1.504800000000000000e+04,3.443873250373860273e+00
1.504900000000000000e+04,3.757269523971197511e+00
1.505000000000000000e+04,3.962842577887752959e+00
1.505100000000000000e+04,3.626207121769820407e+00
1.505200000000000000e+04,3.874632954297502430e+00
1.505300000000000000e+04,3.711004270490481982e+00
1.505400000000000000e+04,3.876742618717924138e+00
1.505500000000000000e+04,3.885301154066537865e+00
1.505600000000000000e+04,3.935032094481041298e+00
1.505700000000000000e+04,3.863337283526405042e+00
1.505800000000000000e+04,3.690183739670942042e+00
1.505900000000000000e+04,3.924725269573501318e+00
1.506000000000000000e+04,3.528914721740398441e+00
1.506100000000000000e+04,3.815167126432436717e+00
1.506200000000000000e+04,3.696220838702326539e+00
1.506300000000000000e+04,3.940472174417890550e+00
1.506400000000000000e+04,3.502695980393073949e+00
1.506500000000000000e+04,3.850201695128980806e+00
1.506600000000000000e+04,3.692003734363117573e+00
1.506700000000000000e+04,4.108927887668454737e+00
1.506800000000000000e+04,3.653064069570830519e+00
1.506900000000000000e+04,3.484212011006246890e+00
1.507000000000000000e+04,3.975175757298058610e+00
1.507100000000000000e+04,3.595144441064414664e+00
1.507200000000000000e+04,3.661436967276882726e+00
1.507300000000000000e+04,3.734635703622403380e+00
1.507400000000000000e+04,3.496484540167521082e+00
1.507500000000000000e+04,3.852219204028966448e+00
1.507600000000000000e+04,3.643465161353477200e+00
1.507700000000000000e+04,3.879131221633831839e+00
1.507800000000000000e+04,3.485225866629205971e+00
1.507900000000000000e+04,3.772953161328084892e+00
1.508000000000000000e+04,3.822291392672194199e+00
1.508100000000000000e+04,3.542957206079795363e+00
1.508200000000000000e+04,3.619690301841660407e+00
1.508300000000000000e+04,3.668159725955023376e+00
1.508400000000000000e+04,3.750330425955358926e+00
1.508500000000000000e+04,3.625357721078300344e+00
1.508600000000000000e+04,3.700079259381491070e+00
1.508700000000000000e+04,3.932668354104644770e+00
1.508800000000000000e+04,3.784457681376509175e+00
1.508900000000000000e+04,3.449666098837429917e+00
1.509000000000000000e+04,4.026027192482664496e+00
1.509100000000000000e+04,3.771814015243603269e+00
1.509200000000000000e+04,3.755804243161390943e+00
1.509300000000000000e+04,3.627486954791195206e+00
1.509400000000000000e+04,3.771392171714257113e+00
1.509500000000000000e+04,3.807940536943956733e+00
1.509600000000000000e+04,3.861960488076142894e+00
1.509700000000000000e+04,3.540879100666291635e+00
1.509800000000000000e+04,3.826080203480488162e+00
1.509900000000000000e+04,4.045140384426284541e+00
1.510000000000000000e+04,3.770138429782428968e+00
1.510100000000000000e+04,3.821743244741297563e+00
1.510200000000000000e+04,3.867191156210543657e+00
1.510300000000000000e+04,3.705127129746318637e+00
1.510400000000000000e+04,4.057979741210230529e+00
1.510500000000000000e+04,3.731160505573697161e+00
1.510600000000000000e+04,3.834447719056719883e+00
1.510700000000000000e+04,3.615579707754771999e+00
1.510800000000000000e+04,3.546144491002635846e+00
1.510900000000000000e+04,3.577164206269325852e+00
1.511000000000000000e+04,3.536121761595620860e+00
1.511100000000000000e+04,3.536828638800084246e+00
1.511200000000000000e+04,3.533311706753665682e+00
1.511300000000000000e+04,3.667415303686702988e+00
1.511400000000000000e+04,3.877183214453430615e+00
1.511500000000000000e+04,3.756277792235992674e+00
1.511600000000000000e+04,3.434562774192273960e+00
1.511700000000000000e+04,3.763763360193411067e+00
1.511800000000000000e+04,3.756995364717730546e+00
1.511900000000000000e+04,3.652626906137113938e+00
1.512000000000000000e+04,3.559872080414097084e+00
1.512100000000000000e+04,3.763228692580372403e+00
1.512200000000000000e+04,4.048630310471327043e+00
1.512300000000000000e+04,3.661820535707208002e+00
1.512400000000000000e+04,3.976399153939834008e+00
1.512500000000000000e+04,3.872311604267678398e+00
1.512600000000000000e+04,3.625304470054655503e+00
1.512700000000000000e+04,3.604117133202918488e+00
1.512800000000000000e+04,3.781669543259972954e+00
1.512900000000000000e+04,3.982804752517762115e+00
1.513000000000000000e+04,4.043654104896768686e+00
1.513100000000000000e+04,3.863204048885329644e+00
1.513200000000000000e+04,3.777986481997904100e+00
1.513300000000000000e+04,3.895713478639862171e+00
1.513400000000000000e+04,3.743464493439291996e+00
1.513500000000000000e+04,3.885845544929334761e+00
1.513600000000000000e+04,3.741373704622083629e+00
1.513700000000000000e+04,3.711310136546582594e+00
1.513800000000000000e+04,4.009297530375549812e+00
1.513900000000000000e+04,3.547749280884532563e+00
1.514000000000000000e+04,3.768099153482726837e+00
1.514100000000000000e+04,3.555717346742253149e+00
1.514200000000000000e+04,3.705100789562719932e+00
1.514300000000000000e+04,3.496346487966413896e+00
1.514400000000000000e+04,3.790182070116885793e+00
1.514500000000000000e+04,4.065000961366228793e+00
1.514600000000000000e+04,3.404987731423892328e+00
1.514700000000000000e+04,4.127871704949382270e+00
1.514800000000000000e+04,3.466375072342864350e+00
1.514900000000000000e+04,3.693832399174723502e+00
1.515000000000000000e+04,3.459110839974438800e+00
1.515100000000000000e+04,3.781128933345104581e+00
1.515200000000000000e+04,3.975288855923997389e+00
1.515300000000000000e+04,3.727778832490300953e+00
1.515400000000000000e+04,4.089424693053223869e+00
1.515500000000000000e+04,3.617189578482531420e+00
1.515600000000000000e+04,3.686207040657709211e+00
1.515700000000000000e+04,3.748364604407843803e+00
1.515800000000000000e+04,3.861495270340536301e+00
1.515900000000000000e+04,3.783985196380136973e+00
1.516000000000000000e+04,3.661198500783566789e+00
1.516100000000000000e+04,3.706852815537025947e+00
1.516200000000000000e+04,3.843943182389087720e+00
1.516300000000000000e+04,3.514357521667303530e+00
1.516400000000000000e+04,3.258830206989975498e+00
1.516500000000000000e+04,3.573668802350510543e+00
1.516600000000000000e+04,3.572990929333641041e+00
1.516700000000000000e+04,3.467025298401500866e+00
1.516800000000000000e+04,3.203416338043052036e+00
1.516900000000000000e+04,3.610543999208395416e+00
1.517000000000000000e+04,3.631302062030719036e+00
1.517100000000000000e+04,4.013250962980654535e+00
1.517200000000000000e+04,3.727882698513143467e+00
1.517300000000000000e+04,3.424811039888756348e+00
1.517400000000000000e+04,3.841765100080580364e+00
1.517500000000000000e+04,3.677185873409826833e+00
1.517600000000000000e+04,3.555916011160681567e+00
1.517700000000000000e+04,3.498084080370161608e+00
1.517800000000000000e+04,3.643245826453127556e+00
1.517900000000000000e+04,3.583548533844889583e+00
1.518000000000000000e+04,3.688570366205042639e+00
1.518100000000000000e+04,3.544890841668395520e+00
1.518200000000000000e+04,3.638243989609383888e+00
1.518300000000000000e+04,3.636896437577918473e+00
1.518400000000000000e+04,3.322546292672948542e+00
1.518500000000000000e+04,3.869566844340103007e+00
1.518600000000000000e+04,3.773312175368387145e+00
1.518700000000000000e+04,3.716882362822580443e+00
1.518800000000000000e+04,3.437727324265566153e+00
1.518900000000000000e+04,3.695934715340726928e+00
1.519000000000000000e+04,3.517051582588845093e+00
1.519100000000000000e+04,3.691779677505754087e+00
1.519200000000000000e+04,3.741141825499134654e+00
1.519300000000000000e+04,3.651354230891962871e+00
1.519400000000000000e+04,3.781296564990721087e+00
1.519500000000000000e+04,3.696748344042289691e+00
1.519600000000000000e+04,3.792467006434269372e+00
1.519700000000000000e+04,3.497946772703784735e+00
1.519800000000000000e+04,4.037595063880096369e+00
1.519900000000000000e+04,3.586580696932365697e+00
1.520000000000000000e+04,3.665373422538413362e+00
1.520100000000000000e+04,3.823134872255746775e+00
1.520200000000000000e+04,3.733847331587350826e+00
1.520300000000000000e+04,3.488009037014776048e+00
1.520400000000000000e+04,3.405507425836501678e+00
1.520500000000000000e+04,3.695352510562988080e+00
1.520600000000000000e+04,3.516426792860624762e+00
1.520700000000000000e+04,3.651401050966786244e+00
1.520800000000000000e+04,3.523357802927318261e+00
1.520900000000000000e+04,3.766585264660701426e+00
1.521000000000000000e+04,3.789329471109033065e+00
1.521100000000000000e+04,3.860840880070177672e+00
1.521200000000000000e+04,3.970598076968205881e+00
1.521300000000000000e+04,3.681679535519771118e+00
1.521400000000000000e+04,3.659163585551849618e+00
1.521500000000000000e+04,3.438204724038015581e+00
1.521600000000000000e+04,3.445791229489277185e+00
1.521700000000000000e+04,3.596659632910973681e+00
1.521800000000000000e+04,3.406969082517055547e+00
1.521900000000000000e+04,3.623406084198773858e+00
1.522000000000000000e+04,3.540598402354157237e+00
1.522100000000000000e+04,3.856518229932073716e+00
1.522200000000000000e+04,3.518357169910402593e+00
1.522300000000000000e+04,3.762077093349681878e+00
1.522400000000000000e+04,3.411292566322472464e+00
1.522500000000000000e+04,3.792928429550625147e+00
1.522600000000000000e+04,3.440260176490286259e+00
1.522700000000000000e+04,3.872550228091751645e+00
1.522800000000000000e+04,3.705940448497101247e+00
1.522900000000000000e+04,3.920057595585264121e+00
1.523000000000000000e+04,3.957343465748546674e+00
1.523100000000000000e+04,3.722573960435675122e+00
1.523200000000000000e+04,3.688209989895037122e+00
1.523300000000000000e+04,3.785360372636539239e+00
1.523400000000000000e+04,3.368552539295165626e+00
1.523500000000000000e+04,3.434988836959903757e+00
1.523600000000000000e+04,3.443213715931419117e+00
1.523700000000000000e+04,3.797044291360004209e+00
1.523800000000000000e+04,3.534962647855229179e+00
1.523900000000000000e+04,4.230090217118917195e+00
1.524000000000000000e+04,3.568672663441295523e+00
1.524100000000000000e+04,3.525778312040019458e+00
1.524200000000000000e+04,3.760853116731053269e+00
1.524300000000000000e+04,3.510120350327931238e+00
1.524400000000000000e+04,3.783700204051232419e+00
1.524500000000000000e+04,3.756113357498069405e+00
1.524600000000000000e+04,4.152602883619752383e+00
1.524700000000000000e+04,3.559659906007258012e+00
1.524800000000000000e+04,3.512047459764068957e+00
1.524900000000000000e+04,3.737954756989855909e+00
1.525000000000000000e+04,3.453340874377555103e+00
1.525100000000000000e+04,3.716652370804370165e+00
1.525200000000000000e+04,3.241274418803195445e+00
1.525300000000000000e+04,3.685763798446848760e+00
1.525400000000000000e+04,3.983534460690802526e+00
1.525500000000000000e+04,3.745058878937757463e+00
1.525600000000000000e+04,4.080493305010850946e+00
1.525700000000000000e+04,3.804688032584778945e+00
1.525800000000000000e+04,3.733725376958080044e+00
1.525900000000000000e+04,3.577799583575510756e+00
1.526000000000000000e+04,3.368737962965822064e+00
1.526100000000000000e+04,3.745121011227826369e+00
1.526200000000000000e+04,3.558736906274194034e+00
1.526300000000000000e+04,4.011220120355204699e+00
1.526400000000000000e+04,3.839929835354084275e+00
1.526500000000000000e+04,3.500313502316232839e+00
1.526600000000000000e+04,3.817244822570871055e+00
1.526700000000000000e+04,3.518374935090525568e+00
1.526800000000000000e+04,3.389341642797175869e+00
1.526900000000000000e+04,3.953919089420891542e+00
1.527000000000000000e+04,3.453997958955077330e+00
1.527100000000000000e+04,3.800069755827657492e+00
1.527200000000000000e+04,3.801793064923003840e+00
1.527300000000000000e+04,3.505169122832018314e+00
1.527400000000000000e+04,3.824664123570587826e+00
1.527500000000000000e+04,3.459085048788459016e+00
1.527600000000000000e+04,3.544589602138673357e+00
1.527700000000000000e+04,4.056874212490673592e+00
1.527800000000000000e+04,3.669684867712012633e+00
1.527900000000000000e+04,3.516517059580154925e+00
1.528000000000000000e+04,4.117102761291726587e+00
1.528100000000000000e+04,3.854349281465430543e+00
1.528200000000000000e+04,3.621414368244395554e+00
1.528300000000000000e+04,3.603984689562544474e+00
1.528400000000000000e+04,3.877265925005686231e+00
1.528500000000000000e+04,3.722094390092833383e+00
1.528600000000000000e+04,3.829859033690084402e+00
1.528700000000000000e+04,3.630461333680921499e+00
1.528800000000000000e+04,3.502282701090617678e+00
1.528900000000000000e+04,3.545467130170715464e+00
1.529000000000000000e+04,3.737134573226598366e+00
1.529100000000000000e+04,3.833741036853949513e+00
1.529200000000000000e+04,3.823695206913180211e+00
1.529300000000000000e+04,3.718384945361014715e+00
1.529400000000000000e+04,3.603516814918937605e+00
1.529500000000000000e+04,3.817769527187270029e+00
1.529600000000000000e+04,3.995282195934147573e+00
1.529700000000000000e+04,3.642418928573778469e+00
1.529800000000000000e+04,3.533088050965751403e+00
1.529900000000000000e+04,3.573222399246601455e+00
1.530000000000000000e+04,3.885755771402146674e+00
1.530100000000000000e+04,3.582144011882832491e+00
1.530200000000000000e+04,3.563620595134172842e+00
1.530300000000000000e+04,3.990052627019329279e+00
1.530400000000000000e+04,3.461485295082892488e+00
1.530500000000000000e+04,3.770967724886271633e+00
1.530600000000000000e+04,3.388120891554001979e+00
1.530700000000000000e+04,4.031387409977898351e+00
1.530800000000000000e+04,3.665001529290973448e+00
1.530900000000000000e+04,3.545133845863777999e+00
1.531000000000000000e+04,3.445280412175020235e+00
1.531100000000000000e+04,3.756379228329080888e+00
1.531200000000000000e+04,3.950387011630099199e+00
1.531300000000000000e+04,3.615698945191127223e+00
1.531400000000000000e+04,3.531569432451393986e+00
1.531500000000000000e+04,3.608168824953236875e+00
1.531600000000000000e+04,3.498392632610300979e+00
1.531700000000000000e+04,4.037651559163040638e+00
1.531800000000000000e+04,3.897659884379029993e+00
1.531900000000000000e+04,3.753562418151529023e+00
1.532000000000000000e+04,3.729284167858642363e+00
1.532100000000000000e+04,3.844545623690187597e+00
1.532200000000000000e+04,3.666837210849845263e+00
1.532300000000000000e+04,3.483610800334287383e+00
1.532400000000000000e+04,3.760500331489298187e+00
1.532500000000000000e+04,3.739233435706613040e+00
1.532600000000000000e+04,3.709996879241112211e+00
1.532700000000000000e+04,3.659736674447132465e+00
1.532800000000000000e+04,3.821882228342208698e+00
1.532900000000000000e+04,3.700132798604415019e+00
1.533000000000000000e+04,3.996711538456579227e+00
1.533100000000000000e+04,3.813779126229022154e+00
1.533200000000000000e+04,3.387747477016246567e+00
1.533300000000000000e+04,3.414689070996818732e+00
1.533400000000000000e+04,3.680195643299658315e+00
1.533500000000000000e+04,3.860284462992541243e+00
1.533600000000000000e+04,3.630321561133046160e+00
1.533700000000000000e+04,3.735196279289382471e+00
1.533800000000000000e+04,4.001238254615242518e+00
1.533900000000000000e+04,3.573230304384154010e+00
1.534000000000000000e+04,3.495794094524419027e+00
1.534100000000000000e+04,3.802642256548845356e+00
1.534200000000000000e+04,3.528400796815155616e+00
1.534300000000000000e+04,3.773142027140575561e+00
1.534400000000000000e+04,3.727767657606234408e+00
1.534500000000000000e+04,3.590233767806412235e+00
1.534600000000000000e+04,3.458735405395800377e+00
1.534700000000000000e+04,3.529886588866009589e+00
1.534800000000000000e+04,3.717240795456473457e+00
1.534900000000000000e+04,3.855725205697874802e+00
1.535000000000000000e+04,3.677245515972360490e+00
1.535100000000000000e+04,3.662862711972626251e+00
1.535200000000000000e+04,3.355501714403756441e+00
1.535300000000000000e+04,3.720951134988783604e+00
1.535400000000000000e+04,3.320950266738486256e+00
1.535500000000000000e+04,3.859374052026014912e+00
1.535600000000000000e+04,3.723892425834194331e+00
1.535700000000000000e+04,3.866091585612641435e+00
1.535800000000000000e+04,3.772840817589501405e+00
1.535900000000000000e+04,3.941713279393906255e+00
1.536000000000000000e+04,3.694154871248417127e+00
1.536100000000000000e+04,3.400578613718065135e+00
1.536200000000000000e+04,3.584690315139476890e+00
1.536300000000000000e+04,3.486895759024568608e+00
1.536400000000000000e+04,4.000265266446769274e+00
1.536500000000000000e+04,3.385054276710815824e+00
1.536600000000000000e+04,3.691337398734324982e+00
1.536700000000000000e+04,3.749563988870903142e+00
1.536800000000000000e+04,3.505746072109152234e+00
1.536900000000000000e+04,3.867007579107518023e+00
1.537000000000000000e+04,3.567353590926305440e+00
1.537100000000000000e+04,4.019247272011507555e+00
1.537200000000000000e+04,3.735706081738783269e+00
1.537300000000000000e+04,3.427364548651184784e+00
1.537400000000000000e+04,3.627355697915843447e+00
1.537500000000000000e+04,3.440540841557719887e+00
1.537600000000000000e+04,3.694868691874699795e+00
1.537700000000000000e+04,3.848677854617891470e+00
1.537800000000000000e+04,3.733219073864218807e+00
1.537900000000000000e+04,3.576468499394659162e+00
1.538000000000000000e+04,3.796901437379764488e+00
1.538100000000000000e+04,3.709700828498131653e+00
1.538200000000000000e+04,3.747910880119137644e+00
1.538300000000000000e+04,3.818064994350189423e+00
1.538400000000000000e+04,3.809647152608438780e+00
1.538500000000000000e+04,4.001246716659592195e+00
1.538600000000000000e+04,3.392694715590009569e+00
1.538700000000000000e+04,3.788305109403542037e+00
1.538800000000000000e+04,3.687636813106870193e+00
1.538900000000000000e+04,3.372281272297972254e+00
1.539000000000000000e+04,3.380766168404416572e+00
1.539100000000000000e+04,3.805781727650790813e+00
1.539200000000000000e+04,3.730721148528412190e+00
1.539300000000000000e+04,3.707612869295219493e+00
1.539400000000000000e+04,3.282988013663204807e+00
1.539500000000000000e+04,3.594632684266753753e+00
1.539600000000000000e+04,4.019741361226767395e+00
1.539700000000000000e+04,3.608244202799878675e+00
1.539800000000000000e+04,3.558114755203961366e+00
1.539900000000000000e+04,3.419059134457025806e+00
1.540000000000000000e+04,3.683949391484806046e+00
1.540100000000000000e+04,3.535757719161268131e+00
1.540200000000000000e+04,3.563751704380041296e+00
1.540300000000000000e+04,3.791404277534901279e+00
1.540400000000000000e+04,3.756101491372205281e+00
1.540500000000000000e+04,3.395582336409792124e+00
1.540600000000000000e+04,3.819741099057218481e+00
1.540700000000000000e+04,3.766646114537628875e+00
1.540800000000000000e+04,3.304739066078346887e+00
1.540900000000000000e+04,3.693928119340426974e+00
1.541000000000000000e+04,3.651174660347521250e+00
1.541100000000000000e+04,3.644653809113598708e+00
1.541200000000000000e+04,3.492348579906713546e+00
1.541300000000000000e+04,3.818458233441551997e+00
1.541400000000000000e+04,3.584017923226678892e+00
1.541500000000000000e+04,3.389324931787721873e+00
1.541600000000000000e+04,3.887694409369121917e+00
1.541700000000000000e+04,3.555440201852806847e+00
1.541800000000000000e+04,3.798517834592921361e+00
1.541900000000000000e+04,3.526216413793464621e+00
1.542000000000000000e+04,3.867941714595839464e+00
1.542100000000000000e+04,3.456701246242882331e+00
1.542200000000000000e+04,3.722401282612891382e+00
1.542300000000000000e+04,3.670938835015037149e+00
1.542400000000000000e+04,3.618103784922292565e+00
1.542500000000000000e+04,3.880579579438816484e+00
1.542600000000000000e+04,3.737644258400379282e+00
1.542700000000000000e+04,3.583332806211212862e+00
1.542800000000000000e+04,3.955137146713133767e+00
1.542900000000000000e+04,3.824091616262262683e+00
1.543000000000000000e+04,3.938421884743479318e+00
1.543100000000000000e+04,3.616278032438264844e+00
1.543200000000000000e+04,3.699824365055968567e+00
1.543300000000000000e+04,3.649104576545774137e+00
1.543400000000000000e+04,3.633955804394445543e+00
1.543500000000000000e+04,3.706215729262000380e+00
1.543600000000000000e+04,3.702354634328020921e+00
1.543700000000000000e+04,3.953913120870308884e+00
1.543800000000000000e+04,3.357638145838137689e+00
1.543900000000000000e+04,3.889423397538927851e+00
1.544000000000000000e+04,3.658170195539847125e+00
1.544100000000000000e+04,3.655193938053372449e+00
1.544200000000000000e+04,3.524524699133215755e+00
1.544300000000000000e+04,3.864286311992834566e+00
1.544400000000000000e+04,3.894564807214406787e+00
1.544500000000000000e+04,3.635495580975931063e+00
1.544600000000000000e+04,3.614881546065076723e+00
1.544700000000000000e+04,3.631572534492383486e+00
1.544800000000000000e+04,3.471940646699790189e+00
1.544900000000000000e+04,4.125186385620847496e+00
1.545000000000000000e+04,3.702516417514614133e+00
1.545100000000000000e+04,3.555766198404653800e+00
1.545200000000000000e+04,3.958611010005148145e+00
1.545300000000000000e+04,3.670067356231686340e+00
1.545400000000000000e+04,3.737286223990029743e+00
1.545500000000000000e+04,3.290714892319613227e+00
1.545600000000000000e+04,3.598226309191606465e+00
1.545700000000000000e+04,4.031722880278459265e+00
1.545800000000000000e+04,3.852745076007531466e+00
1.545900000000000000e+04,3.926727355963294919e+00
1.546000000000000000e+04,3.513918984785902921e+00
1.546100000000000000e+04,3.365620594989461090e+00
1.546200000000000000e+04,3.580116025187859208e+00
1.546300000000000000e+04,3.631004709411073783e+00
1.546400000000000000e+04,3.965858503698300286e+00
1.546500000000000000e+04,3.842682311124825389e+00
1.546600000000000000e+04,3.616528288767585586e+00
1.546700000000000000e+04,3.440890022333726428e+00
1.546800000000000000e+04,3.575218750585259286e+00
1.546900000000000000e+04,3.879657458277423032e+00
1.547000000000000000e+04,3.592487031749831417e+00
1.547100000000000000e+04,3.557769585531092016e+00
1.547200000000000000e+04,3.612349057095701532e+00
1.547300000000000000e+04,4.053279401847108332e+00
1.547400000000000000e+04,4.055860260059985123e+00
1.547500000000000000e+04,3.712717123337619274e+00
1.547600000000000000e+04,3.648714320830114488e+00
1.547700000000000000e+04,3.751454506973492364e+00
1.547800000000000000e+04,3.530829275479662410e+00
1.547900000000000000e+04,3.862322537771728737e+00
1.548000000000000000e+04,3.623811447258550089e+00
1.548100000000000000e+04,3.691537155528996639e+00
1.548200000000000000e+04,3.596420032228486274e+00
1.548300000000000000e+04,3.593900912007728987e+00
1.548400000000000000e+04,3.781588703240306160e+00
1.548500000000000000e+04,3.793000726797218558e+00
1.548600000000000000e+04,3.983829726203699462e+00
1.548700000000000000e+04,3.957809590697589197e+00
1.548800000000000000e+04,3.470361012707090520e+00
1.548900000000000000e+04,3.772172024035777671e+00
1.549000000000000000e+04,3.309116814628947800e+00
1.549100000000000000e+04,3.965916012385629408e+00
1.549200000000000000e+04,3.783003592266334536e+00
1.549300000000000000e+04,3.485159612805969420e+00
1.549400000000000000e+04,3.919604851104179222e+00
1.549500000000000000e+04,3.567419445174032866e+00
1.549600000000000000e+04,3.339838538151382430e+00
1.549700000000000000e+04,3.451057026050830867e+00
1.549800000000000000e+04,3.456966698858491061e+00
1.549900000000000000e+04,3.657339763944609690e+00
1.550000000000000000e+04,3.633698602771880282e+00
1.550100000000000000e+04,4.143570235641242938e+00
1.550200000000000000e+04,3.284907310155052773e+00
1.550300000000000000e+04,3.663073871709961349e+00
1.550400000000000000e+04,3.566325082969491689e+00
1.550500000000000000e+04,3.854984748592747312e+00
1.550600000000000000e+04,3.481124866447999899e+00
1.550700000000000000e+04,3.268067949073198086e+00
1.550800000000000000e+04,3.988170731471990305e+00
1.550900000000000000e+04,3.067260789441242252e+00
1.551000000000000000e+04,3.308315408605666974e+00
1.551100000000000000e+04,3.884754506001889762e+00
1.551200000000000000e+04,3.421211809243865698e+00
1.551300000000000000e+04,3.422001399976663194e+00
1.551400000000000000e+04,3.555800115298200836e+00
1.551500000000000000e+04,3.632968261742338445e+00
1.551600000000000000e+04,3.744259819202306883e+00
1.551700000000000000e+04,3.551483343707036777e+00
1.551800000000000000e+04,3.751422001598650802e+00
1.551900000000000000e+04,3.429288363443274701e+00
1.552000000000000000e+04,3.799191629674503190e+00
1.552100000000000000e+04,3.777219046743051756e+00
1.552200000000000000e+04,3.659319547883894685e+00
1.552300000000000000e+04,3.729506032904738699e+00
1.552400000000000000e+04,3.871491028335886320e+00
1.552500000000000000e+04,4.025830406376953441e+00
1.552600000000000000e+04,3.699974300891323509e+00
1.552700000000000000e+04,3.841119186604442071e+00
1.552800000000000000e+04,3.495446910843862831e+00
1.552900000000000000e+04,3.623403221023227871e+00
1.553000000000000000e+04,3.838849066197002724e+00
1.553100000000000000e+04,3.828502063267955613e+00
1.553200000000000000e+04,3.779785384027194439e+00
1.553300000000000000e+04,3.463723301689630052e+00
1.553400000000000000e+04,3.533438060562005489e+00
1.553500000000000000e+04,3.713365400792290494e+00
1.553600000000000000e+04,3.807148876923731162e+00
1.553700000000000000e+04,3.408019617367960663e+00
1.553800000000000000e+04,3.688078921645280950e+00
1.553900000000000000e+04,3.708524349459723091e+00
1.554000000000000000e+04,3.569994681491632793e+00
1.554100000000000000e+04,3.570290968967851697e+00
1.554200000000000000e+04,3.353736991993152561e+00
1.554300000000000000e+04,3.715089096141404479e+00
1.554400000000000000e+04,3.707151194262988447e+00
1.554500000000000000e+04,4.008964628713314049e+00
1.554600000000000000e+04,3.637690416428070783e+00
1.554700000000000000e+04,3.881277030806429273e+00
1.554800000000000000e+04,3.480122145136213430e+00
1.554900000000000000e+04,3.792370081230024947e+00
1.555000000000000000e+04,3.548593748926109903e+00
1.555100000000000000e+04,3.739338884661676854e+00
1.555200000000000000e+04,3.423077175636133340e+00
1.555300000000000000e+04,3.772615640245656543e+00
1.555400000000000000e+04,3.897611453337690435e+00
1.555500000000000000e+04,3.504917218045203509e+00
1.555600000000000000e+04,4.065274437866936985e+00
1.555700000000000000e+04,3.832785379608289578e+00
1.555800000000000000e+04,3.752796006344312207e+00
1.555900000000000000e+04,3.898599914212360407e+00
1.556000000000000000e+04,3.579007789146837926e+00
1.556100000000000000e+04,3.904031424166097608e+00
1.556200000000000000e+04,3.730623544992394347e+00
1.556300000000000000e+04,3.475278770339677248e+00
1.556400000000000000e+04,3.907249705319633115e+00
1.556500000000000000e+04,3.332191291329546168e+00
1.556600000000000000e+04,3.786610677982569673e+00
1.556700000000000000e+04,3.647642359757631514e+00
1.556800000000000000e+04,3.707263818313129011e+00
1.556900000000000000e+04,3.532809343770457300e+00
1.557000000000000000e+04,3.907155499909690022e+00
1.557100000000000000e+04,3.619607421917102386e+00
1.557200000000000000e+04,3.851267576205819054e+00
1.557300000000000000e+04,3.363591380478655690e+00
1.557400000000000000e+04,3.318651976696879835e+00
1.557500000000000000e+04,3.749374714364345440e+00
1.557600000000000000e+04,3.759942334631233951e+00
1.557700000000000000e+04,3.796713326288531309e+00
1.557800000000000000e+04,3.623315753909761128e+00
1.557900000000000000e+04,3.572655719522060735e+00
1.558000000000000000e+04,3.629812848749695231e+00
1.558100000000000000e+04,3.927147702337272506e+00
1.558200000000000000e+04,3.605194084455386250e+00
1.558300000000000000e+04,3.826624145769779162e+00
1.558400000000000000e+04,3.730366546728873800e+00
1.558500000000000000e+04,3.856735153368590296e+00
1.558600000000000000e+04,3.696130232791053682e+00
1.558700000000000000e+04,3.586435524164671484e+00
1.558800000000000000e+04,4.142320642725098701e+00
1.558900000000000000e+04,4.219848963562408350e+00
1.559000000000000000e+04,3.755197635584665239e+00
1.559100000000000000e+04,3.617365740749414194e+00
1.559200000000000000e+04,3.776445156240789913e+00
1.559300000000000000e+04,4.033589163353474838e+00
1.559400000000000000e+04,3.709102478259759472e+00
1.559500000000000000e+04,3.617020434444524923e+00
1.559600000000000000e+04,3.853521434891325814e+00
1.559700000000000000e+04,3.748185743905816825e+00
1.559800000000000000e+04,3.561449616628848958e+00
1.559900000000000000e+04,3.476282209553281710e+00
1.560000000000000000e+04,3.633120299707716772e+00
1.560100000000000000e+04,4.006303258855163918e+00
1.560200000000000000e+04,3.558510546023523347e+00
1.560300000000000000e+04,3.755104672952080946e+00
1.560400000000000000e+04,3.692847555331274290e+00
1.560500000000000000e+04,3.441852974745919891e+00
1.560600000000000000e+04,3.607913988776164871e+00
1.560700000000000000e+04,3.869476390626875872e+00
1.560800000000000000e+04,3.587260237998592949e+00
1.560900000000000000e+04,3.587468945375714480e+00
1.561000000000000000e+04,3.844331114012120576e+00
1.561100000000000000e+04,3.916907982914771935e+00
1.561200000000000000e+04,3.776647886953776734e+00
1.561300000000000000e+04,3.665836538912224718e+00
1.561400000000000000e+04,3.821690173737234186e+00
1.561500000000000000e+04,3.829431337046534267e+00
1.561600000000000000e+04,4.052958367604258427e+00
1.561700000000000000e+04,3.630904764691906816e+00
1.561800000000000000e+04,3.800789137356140213e+00
1.561900000000000000e+04,3.455687376006742362e+00
1.562000000000000000e+04,3.812867672191135870e+00
1.562100000000000000e+04,3.895795723569071889e+00
1.562200000000000000e+04,3.374004921708618543e+00
1.562300000000000000e+04,3.692070173953925227e+00
1.562400000000000000e+04,3.736247597265078380e+00
1.562500000000000000e+04,3.513739044320564275e+00
1.562600000000000000e+04,3.314665595895066819e+00
1.562700000000000000e+04,3.787112087845276864e+00
1.562800000000000000e+04,3.759266914287558325e+00
1.562900000000000000e+04,3.670521712320287122e+00
1.563000000000000000e+04,3.767798705254393976e+00
1.563100000000000000e+04,3.687041529993492883e+00
1.563200000000000000e+04,3.571449929901081788e+00
1.563300000000000000e+04,3.514361429878140264e+00
1.563400000000000000e+04,4.009723020753619416e+00
1.563500000000000000e+04,3.179921082983590441e+00
1.563600000000000000e+04,3.801943939151520624e+00
1.563700000000000000e+04,3.471882216910094687e+00
1.563800000000000000e+04,3.765791368937926986e+00
1.563900000000000000e+04,3.860943979896677813e+00
1.564000000000000000e+04,4.090098204062588394e+00
1.564100000000000000e+04,3.800259339408083026e+00
1.564200000000000000e+04,3.484454839098678036e+00
1.564300000000000000e+04,3.652796728518093783e+00
1.564400000000000000e+04,3.550292956223902063e+00
1.564500000000000000e+04,4.055230799110908002e+00
1.564600000000000000e+04,3.752231466286164441e+00
1.564700000000000000e+04,3.762245090636685330e+00
1.564800000000000000e+04,3.640776943831722345e+00
1.564900000000000000e+04,3.514728812419296133e+00
1.565000000000000000e+04,4.050159517136068033e+00
1.565100000000000000e+04,3.764077347488246517e+00
1.565200000000000000e+04,3.689955444555694797e+00
1.565300000000000000e+04,3.882386292279631057e+00
1.565400000000000000e+04,3.704591256990773296e+00
1.565500000000000000e+04,3.617832944388807981e+00
1.565600000000000000e+04,3.835512079105456884e+00
1.565700000000000000e+04,3.863400452861359913e+00
1.565800000000000000e+04,4.022074480061940349e+00
1.565900000000000000e+04,3.595607964025214542e+00
1.566000000000000000e+04,3.808255805005593686e+00
1.566100000000000000e+04,3.724284372821313749e+00
1.566200000000000000e+04,3.786901328123915889e+00
1.566300000000000000e+04,3.691385618040106564e+00
1.566400000000000000e+04,3.362326415296661430e+00
1.566500000000000000e+04,3.660110565021688078e+00
1.566600000000000000e+04,3.610796564885601967e+00
1.566700000000000000e+04,4.040879605274724007e+00
1.566800000000000000e+04,3.615158152307734962e+00
1.566900000000000000e+04,3.723732369953185906e+00
1.567000000000000000e+04,3.808645367531387382e+00
1.567100000000000000e+04,3.590046232075038812e+00
1.567200000000000000e+04,3.741134536899120455e+00
1.567300000000000000e+04,3.539344201754820674e+00
1.567400000000000000e+04,3.721583549863397344e+00
1.567500000000000000e+04,3.945442038474855195e+00
1.567600000000000000e+04,3.691089632727523551e+00
1.567700000000000000e+04,3.740363300679209413e+00
1.567800000000000000e+04,3.850613460072316752e+00
1.567900000000000000e+04,3.984924452219012370e+00
1.568000000000000000e+04,3.542767962840337237e+00
1.568100000000000000e+04,3.612045021433422320e+00
1.568200000000000000e+04,3.516509405425682910e+00
1.568300000000000000e+04,3.906461650050640166e+00
1.568400000000000000e+04,3.764697601184304965e+00
1.568500000000000000e+04,3.612525784430980380e+00
1.568600000000000000e+04,3.686990137627947028e+00
1.568700000000000000e+04,3.545920169806848765e+00
1.568800000000000000e+04,3.797262125718848580e+00
1.568900000000000000e+04,3.526542308596262831e+00
1.569000000000000000e+04,3.548440144133210072e+00
1.569100000000000000e+04,3.870671284934618317e+00
1.569200000000000000e+04,3.707386817649955368e+00
1.569300000000000000e+04,3.850162361541390244e+00
1.569400000000000000e+04,3.556921568193540661e+00
1.569500000000000000e+04,3.462506445927486798e+00
1.569600000000000000e+04,3.561626470979601500e+00
1.569700000000000000e+04,3.772851123881246327e+00
1.569800000000000000e+04,3.597544558603545273e+00
1.569900000000000000e+04,3.652438386871185827e+00
1.570000000000000000e+04,3.711146412035686293e+00
1.570100000000000000e+04,3.750749029726129891e+00
1.570200000000000000e+04,3.609368277109072043e+00
1.570300000000000000e+04,3.841571824893355025e+00
1.570400000000000000e+04,3.746748452130602924e+00
1.570500000000000000e+04,3.892280510010298844e+00
1.570600000000000000e+04,3.670567164595757159e+00
1.570700000000000000e+04,3.728530961198500471e+00
1.570800000000000000e+04,3.554059854819737296e+00
1.570900000000000000e+04,3.531647872873103555e+00
1.571000000000000000e+04,3.629945830255811856e+00
1.571100000000000000e+04,3.699384230698832265e+00
1.571200000000000000e+04,3.682482748728684641e+00
1.571300000000000000e+04,3.741525179151382385e+00
1.571400000000000000e+04,3.596031615735923115e+00
1.571500000000000000e+04,3.763974942814594105e+00
1.571600000000000000e+04,3.887157526823165288e+00
1.571700000000000000e+04,3.706691544970448060e+00
1.571800000000000000e+04,3.784139258625994984e+00
1.571900000000000000e+04,3.736320656654669392e+00
1.572000000000000000e+04,3.712126768934981946e+00
1.572100000000000000e+04,3.604579597606359709e+00
1.572200000000000000e+04,3.670066304535561486e+00
1.572300000000000000e+04,3.679916126831004775e+00
1.572400000000000000e+04,3.700929373768255370e+00
1.572500000000000000e+04,3.498238321421727193e+00
1.572600000000000000e+04,3.425413264442571659e+00
1.572700000000000000e+04,3.772301793264556391e+00
1.572800000000000000e+04,3.773645378954586516e+00
1.572900000000000000e+04,3.723309593461152645e+00
1.573000000000000000e+04,3.448584232161374441e+00
1.573100000000000000e+04,3.383334013433722198e+00
1.573200000000000000e+04,3.793639619343689429e+00
1.573300000000000000e+04,3.700649193380424862e+00
1.573400000000000000e+04,3.258067551006448070e+00
1.573500000000000000e+04,3.659453688318908160e+00
1.573600000000000000e+04,3.533620244759591245e+00
1.573700000000000000e+04,3.821878107053310103e+00
1.573800000000000000e+04,3.435473371801452291e+00
1.573900000000000000e+04,3.625470576372253451e+00
1.574000000000000000e+04,3.702571006617678240e+00
1.574100000000000000e+04,3.719767113358309896e+00
1.574200000000000000e+04,3.480289906945454703e+00
1.574300000000000000e+04,3.497651129968117001e+00
1.574400000000000000e+04,3.394479993246508620e+00
1.574500000000000000e+04,3.640693911330562749e+00
1.574600000000000000e+04,3.597165645461445571e+00
1.574700000000000000e+04,3.905603448455646109e+00
1.574800000000000000e+04,3.517355164171665827e+00
1.574900000000000000e+04,4.028092502556286369e+00
1.575000000000000000e+04,3.606075588149053601e+00
1.575100000000000000e+04,3.646250730748522795e+00
1.575200000000000000e+04,3.801351102102655144e+00
1.575300000000000000e+04,3.892020797781679420e+00
1.575400000000000000e+04,3.822888570078163628e+00
1.575500000000000000e+04,3.669630921847312433e+00
1.575600000000000000e+04,3.822257417993482509e+00
1.575700000000000000e+04,3.770540759078337079e+00
1.575800000000000000e+04,3.731701373528726329e+00
1.575900000000000000e+04,3.815232177983721940e+00
1.576000000000000000e+04,3.790128467321811190e+00
1.576100000000000000e+04,3.358963950361400830e+00
1.576200000000000000e+04,3.768032443151001498e+00
1.576300000000000000e+04,3.466783654953831562e+00
1.576400000000000000e+04,3.774536246315077115e+00
1.576500000000000000e+04,3.943118767394087065e+00
1.576600000000000000e+04,3.570105961481202961e+00
1.576700000000000000e+04,3.720470059404689334e+00
1.576800000000000000e+04,3.815369292830345316e+00
1.576900000000000000e+04,3.726730608492700991e+00
1.577000000000000000e+04,3.749477325547706297e+00
1.577100000000000000e+04,3.565162291597765876e+00
1.577200000000000000e+04,3.879514895546905429e+00
1.577300000000000000e+04,3.781781245068173813e+00
1.577400000000000000e+04,3.624005483660665661e+00
1.577500000000000000e+04,3.739467148813542696e+00
1.577600000000000000e+04,3.745687621422102431e+00
1.577700000000000000e+04,3.689959006499643035e+00
1.577800000000000000e+04,3.744847658341588392e+00
1.577900000000000000e+04,3.673865308457571199e+00
1.578000000000000000e+04,3.442896623236149090e+00
1.578100000000000000e+04,3.512762677206598294e+00
1.578200000000000000e+04,3.557569860686948360e+00
1.578300000000000000e+04,3.870599223233756714e+00
1.578400000000000000e+04,3.760176669388517023e+00
1.578500000000000000e+04,4.009310191136885138e+00
1.578600000000000000e+04,3.623433082374996062e+00
1.578700000000000000e+04,3.724391702306910190e+00
1.578800000000000000e+04,3.530805022432826679e+00
1.578900000000000000e+04,3.879935661183307349e+00
1.579000000000000000e+04,3.773949674930603848e+00
1.579100000000000000e+04,3.868270086089220960e+00
1.579200000000000000e+04,4.009209352816691663e+00
1.579300000000000000e+04,3.913332375614326786e+00
1.579400000000000000e+04,3.644163531833700898e+00
1.579500000000000000e+04,3.292466132203357709e+00
1.579600000000000000e+04,3.763432731829800204e+00
1.579700000000000000e+04,4.004024219645451410e+00
1.579800000000000000e+04,3.793950559992845140e+00
1.579900000000000000e+04,3.661344712754599495e+00
1.580000000000000000e+04,3.837451784646202402e+00
1.580100000000000000e+04,3.878849263094591215e+00
1.580200000000000000e+04,3.676013033571948974e+00
1.580300000000000000e+04,3.726184589705300088e+00
1.580400000000000000e+04,3.554936545496570677e+00
1.580500000000000000e+04,3.809766032060442953e+00
1.580600000000000000e+04,3.524828135538678353e+00
1.580700000000000000e+04,3.720889654150083548e+00
1.580800000000000000e+04,3.806053536169736962e+00
1.580900000000000000e+04,4.038323993785674304e+00
1.581000000000000000e+04,3.617374444657509347e+00
1.581100000000000000e+04,3.868305149449373648e+00
1.581200000000000000e+04,4.171373580399640346e+00
1.581300000000000000e+04,3.805735877016162672e+00
1.581400000000000000e+04,4.039043475827655882e+00
1.581500000000000000e+04,3.803888910891957131e+00
1.581600000000000000e+04,4.098212441992323818e+00
1.581700000000000000e+04,3.952142473357944663e+00
1.581800000000000000e+04,3.723294101870115114e+00
1.581900000000000000e+04,3.672532289465719746e+00
1.582000000000000000e+04,3.887476270568415604e+00
1.582100000000000000e+04,3.955043414934942714e+00
1.582200000000000000e+04,3.671943062531326962e+00
1.582300000000000000e+04,3.479771068124800415e+00
1.582400000000000000e+04,3.767716302664373185e+00
1.582500000000000000e+04,3.400893230455827698e+00
1.582600000000000000e+04,3.633868978207329459e+00
1.582700000000000000e+04,3.668616655955606820e+00
1.582800000000000000e+04,4.013465253832999124e+00
1.582900000000000000e+04,3.787489440581655487e+00
1.583000000000000000e+04,3.921801247257528544e+00
1.583100000000000000e+04,3.749256730847001950e+00
1.583200000000000000e+04,3.650974079592745891e+00
1.583300000000000000e+04,3.713160133415449593e+00
1.583400000000000000e+04,3.758012517459434765e+00
1.583500000000000000e+04,3.659569848352230981e+00
1.583600000000000000e+04,3.605418871641974388e+00
1.583700000000000000e+04,3.982036912648093452e+00
1.583800000000000000e+04,3.475088997482927322e+00
1.583900000000000000e+04,3.683261596534471938e+00
1.584000000000000000e+04,3.777212890214048269e+00
1.584100000000000000e+04,3.759808783214552363e+00
1.584200000000000000e+04,3.891040434331971998e+00
1.584300000000000000e+04,3.660019317423724772e+00
1.584400000000000000e+04,3.619890205024051788e+00
1.584500000000000000e+04,3.744914317687712657e+00
1.584600000000000000e+04,3.542215740201756002e+00
1.584700000000000000e+04,3.942354128480757502e+00
1.584800000000000000e+04,3.294428159577632798e+00
1.584900000000000000e+04,3.523164233317157557e+00
1.585000000000000000e+04,3.535171497185365386e+00
1.585100000000000000e+04,3.759560822392297386e+00
1.585200000000000000e+04,4.026840267412235441e+00
1.585300000000000000e+04,3.435669102131530650e+00
1.585400000000000000e+04,3.731639174953096383e+00
1.585500000000000000e+04,3.786774305058265178e+00
1.585600000000000000e+04,3.855798290492844060e+00
1.585700000000000000e+04,3.565158594825009075e+00
1.585800000000000000e+04,3.633063740987793278e+00
1.585900000000000000e+04,3.561301163389165136e+00
1.586000000000000000e+04,4.217684748148924356e+00
1.586100000000000000e+04,3.711337338262721275e+00
1.586200000000000000e+04,3.871615214159481067e+00
1.586300000000000000e+04,3.769152908896452381e+00
1.586400000000000000e+04,3.787836054164531951e+00
1.586500000000000000e+04,3.507808340596483276e+00
1.586600000000000000e+04,3.852012524470538768e+00
1.586700000000000000e+04,3.721619969708844344e+00
1.586800000000000000e+04,3.731717095141858120e+00
1.586900000000000000e+04,3.694885799740073917e+00
1.587000000000000000e+04,3.472976944421919843e+00
1.587100000000000000e+04,3.685643254616417064e+00
1.587200000000000000e+04,3.727035525759779144e+00
1.587300000000000000e+04,3.508147483436598435e+00
1.587400000000000000e+04,3.915084258916520898e+00
1.587500000000000000e+04,3.908784470726924365e+00
1.587600000000000000e+04,3.696514785357752686e+00
1.587700000000000000e+04,3.697263164897247378e+00
1.587800000000000000e+04,3.741551925989621274e+00
1.587900000000000000e+04,3.825048481291063673e+00
1.588000000000000000e+04,3.895489422978688054e+00
1.588100000000000000e+04,3.813768239673842597e+00
1.588200000000000000e+04,3.866180177936636486e+00
1.588300000000000000e+04,3.710106946212735846e+00
1.588400000000000000e+04,3.835191099730308029e+00
1.588500000000000000e+04,3.692290718182248632e+00
1.588600000000000000e+04,3.766601484760138341e+00
1.588700000000000000e+04,3.675261602403597561e+00
1.588800000000000000e+04,3.692377652184246628e+00
1.588900000000000000e+04,3.801282086211716482e+00
1.589000000000000000e+04,3.973382189301157830e+00
1.589100000000000000e+04,3.711842464680575659e+00
1.589200000000000000e+04,3.633008351704913430e+00
1.589300000000000000e+04,3.731861643344089874e+00
1.589400000000000000e+04,3.450332878771014578e+00
1.589500000000000000e+04,3.733046446974644716e+00
1.589600000000000000e+04,3.692934106156474883e+00
1.589700000000000000e+04,4.113494440323140822e+00
1.589800000000000000e+04,3.749456736141357549e+00
1.589900000000000000e+04,3.451551762632214970e+00
1.590000000000000000e+04,4.030547815353074270e+00
1.590100000000000000e+04,3.671677866545311808e+00
1.590200000000000000e+04,4.011738990510234082e+00
1.590300000000000000e+04,3.592240780682905310e+00
1.590400000000000000e+04,3.761654736051749826e+00
1.590500000000000000e+04,3.758990786240170134e+00
1.590600000000000000e+04,3.793268744317815688e+00
1.590700000000000000e+04,3.944880766732848265e+00
1.590800000000000000e+04,3.905587666432829508e+00
1.590900000000000000e+04,3.643432853530433224e+00
1.591000000000000000e+04,3.653869483493159542e+00
1.591100000000000000e+04,3.659211898446684597e+00
1.591200000000000000e+04,3.731376884154861351e+00
1.591300000000000000e+04,3.604532901147813551e+00
1.591400000000000000e+04,3.434883675185202989e+00
1.591500000000000000e+04,3.919783663054939193e+00
1.591600000000000000e+04,3.835110139437143850e+00
1.591700000000000000e+04,3.900585040246124624e+00
1.591800000000000000e+04,3.689002962016283860e+00
1.591900000000000000e+04,3.611627451187778615e+00
1.592000000000000000e+04,3.853616002943209384e+00
1.592100000000000000e+04,3.763573129008438656e+00
1.592200000000000000e+04,3.612161737679242535e+00
1.592300000000000000e+04,3.792144359275029242e+00
1.592400000000000000e+04,3.632723243928993373e+00
1.592500000000000000e+04,3.412950696804502915e+00
1.592600000000000000e+04,3.614820894576882715e+00
1.592700000000000000e+04,3.514526438962704891e+00
1.592800000000000000e+04,3.667033152262789919e+00
1.592900000000000000e+04,3.795319990928028631e+00
1.593000000000000000e+04,3.384326134391043794e+00
1.593100000000000000e+04,3.434119252709695314e+00
1.593200000000000000e+04,3.874866630302530535e+00
1.593300000000000000e+04,4.050529783310991228e+00
1.593400000000000000e+04,3.650377846364265544e+00
1.593500000000000000e+04,3.851926361085490136e+00
1.593600000000000000e+04,3.667455444476778403e+00
1.593700000000000000e+04,3.878682647234727998e+00
1.593800000000000000e+04,3.648180160946327799e+00
1.593900000000000000e+04,3.576310171814517158e+00
1.594000000000000000e+04,3.905935115866125962e+00
1.594100000000000000e+04,3.596515259635920891e+00
1.594200000000000000e+04,3.437479596363530288e+00
1.594300000000000000e+04,3.680817057762331146e+00
1.594400000000000000e+04,3.593816331741063852e+00
1.594500000000000000e+04,3.665817907836801393e+00
1.594600000000000000e+04,3.686681108656804984e+00
1.594700000000000000e+04,3.987625671380444103e+00
1.594800000000000000e+04,3.658448639059348473e+00
1.594900000000000000e+04,3.596692941793364628e+00
1.595000000000000000e+04,3.685705647372717220e+00
1.595100000000000000e+04,3.894420162419263587e+00
1.595200000000000000e+04,4.006141468941452288e+00
1.595300000000000000e+04,3.546139300751860457e+00
1.595400000000000000e+04,3.870984029348941480e+00
1.595500000000000000e+04,3.866233604806337709e+00
1.595600000000000000e+04,3.736625064190163936e+00
1.595700000000000000e+04,3.933778535314230940e+00
1.595800000000000000e+04,3.724430728773884702e+00
1.595900000000000000e+04,3.701054037398907592e+00
1.596000000000000000e+04,3.621644923329609966e+00
1.596100000000000000e+04,3.624519335683240140e+00
1.596200000000000000e+04,3.676919656025336991e+00
1.596300000000000000e+04,3.757922965620151601e+00
1.596400000000000000e+04,3.848134778970213166e+00
1.596500000000000000e+04,3.615044359481162761e+00
1.596600000000000000e+04,3.835339806614191716e+00
1.596700000000000000e+04,4.114097820190267818e+00
1.596800000000000000e+04,3.624967292927064211e+00
1.596900000000000000e+04,3.910182699129177486e+00
1.597000000000000000e+04,3.895074711412062296e+00
1.597100000000000000e+04,3.855368019957844616e+00
1.597200000000000000e+04,3.307362477009084145e+00
1.597300000000000000e+04,4.310617879263223706e+00
1.597400000000000000e+04,3.753087132762633171e+00
1.597500000000000000e+04,3.982703420926351434e+00
1.597600000000000000e+04,3.616557652400272715e+00
1.597700000000000000e+04,3.992356178209250039e+00
1.597800000000000000e+04,3.545263856450571183e+00
1.597900000000000000e+04,3.779056629847108439e+00
1.598000000000000000e+04,3.738538869578413415e+00
1.598100000000000000e+04,3.558610483839476757e+00
1.598200000000000000e+04,3.993150235948758286e+00
1.598300000000000000e+04,3.774815942618125142e+00
1.598400000000000000e+04,3.797486627270999282e+00
1.598500000000000000e+04,3.800941054611328251e+00
1.598600000000000000e+04,3.619949020332916767e+00
1.598700000000000000e+04,3.827538843479684427e+00
1.598800000000000000e+04,3.988051327901013909e+00
1.598900000000000000e+04,3.530229344565328997e+00
1.599000000000000000e+04,3.625140757098779254e+00
1.599100000000000000e+04,3.823379162268557785e+00
1.599200000000000000e+04,3.879268286789651743e+00
1.599300000000000000e+04,3.541605619149395867e+00
1.599400000000000000e+04,3.709071792400954859e+00
1.599500000000000000e+04,3.631651065494720054e+00
1.599600000000000000e+04,3.506234035920626102e+00
1.599700000000000000e+04,3.724158410981532885e+00
1.599800000000000000e+04,3.751279847896135333e+00
1.599900000000000000e+04,3.282728041792274176e+00
1.600000000000000000e+04,3.803041146996158695e+00
1.600100000000000000e+04,3.966617010356895179e+00
1.600200000000000000e+04,3.863096680287171569e+00
1.600300000000000000e+04,3.928343538848347194e+00
1.600400000000000000e+04,4.020956663743947779e+00
1.600500000000000000e+04,3.762845510212736944e+00
1.600600000000000000e+04,3.520419307416648547e+00
1.600700000000000000e+04,3.656014653963193695e+00
1.600800000000000000e+04,3.746490651079738221e+00
1.600900000000000000e+04,3.460115741710222181e+00
1.601000000000000000e+04,3.751967604910376064e+00
1.601100000000000000e+04,3.787149456350904941e+00
1.601200000000000000e+04,3.610637326376130218e+00
1.601300000000000000e+04,3.773019711392193276e+00
1.601400000000000000e+04,3.852246980491243811e+00
1.601500000000000000e+04,3.902377912291975726e+00
1.601600000000000000e+04,3.583704420825535752e+00
1.601700000000000000e+04,3.715548405006309896e+00
1.601800000000000000e+04,3.780089419086676727e+00
1.601900000000000000e+04,3.855995082467365442e+00
1.602000000000000000e+04,3.925119203947253332e+00
1.602100000000000000e+04,3.559785175248197930e+00
1.602200000000000000e+04,4.030838431822847845e+00
1.602300000000000000e+04,3.849644497260407139e+00
1.602400000000000000e+04,3.945282520575895902e+00
1.602500000000000000e+04,3.254107910322912467e+00
1.602600000000000000e+04,3.709461158022622662e+00
1.602700000000000000e+04,4.053053689895476097e+00
1.602800000000000000e+04,3.709887700798466081e+00
1.602900000000000000e+04,4.044437359760156170e+00
1.603000000000000000e+04,3.840042227054931701e+00
1.603100000000000000e+04,3.645942061789859689e+00
1.603200000000000000e+04,3.592185338778606241e+00
1.603300000000000000e+04,4.215618152327317070e+00
1.603400000000000000e+04,3.863068931372492631e+00
1.603500000000000000e+04,3.926249577320179540e+00
1.603600000000000000e+04,3.444729110654010551e+00
1.603700000000000000e+04,3.701364942115308754e+00
1.603800000000000000e+04,3.741359439584114543e+00
1.603900000000000000e+04,3.755665733442536069e+00
1.604000000000000000e+04,3.729975467416425605e+00
1.604100000000000000e+04,3.459142198371719878e+00
1.604200000000000000e+04,3.755853174636557323e+00
1.604300000000000000e+04,3.670694133534845971e+00
1.604400000000000000e+04,3.867740660935043095e+00
1.604500000000000000e+04,3.648783997889296860e+00
1.604600000000000000e+04,3.938082286911311236e+00
1.604700000000000000e+04,4.291900459926558220e+00
1.604800000000000000e+04,3.858436616447507905e+00
1.604900000000000000e+04,3.804789553620801623e+00
1.605000000000000000e+04,3.930114634535914142e+00
1.605100000000000000e+04,4.057664432117026543e+00
1.605200000000000000e+04,3.607292785321648321e+00
1.605300000000000000e+04,3.773453855269252255e+00
1.605400000000000000e+04,3.642345510514138684e+00
1.605500000000000000e+04,3.521676697492923669e+00
1.605600000000000000e+04,3.671108912194030793e+00
1.605700000000000000e+04,3.795595023811518587e+00
1.605800000000000000e+04,3.704770766910590485e+00
1.605900000000000000e+04,3.852399295542547009e+00
1.606000000000000000e+04,3.613756020691244686e+00
1.606100000000000000e+04,3.616129756196666101e+00
1.606200000000000000e+04,3.731738121856453816e+00
1.606300000000000000e+04,3.731230692022726281e+00
1.606400000000000000e+04,3.882974122288888719e+00
1.606500000000000000e+04,3.935474335395833023e+00
1.606600000000000000e+04,3.625258541132577950e+00
1.606700000000000000e+04,3.738635980422793104e+00
1.606800000000000000e+04,3.367523589735731626e+00
1.606900000000000000e+04,3.967123430892692593e+00
1.607000000000000000e+04,3.461706134764049647e+00
1.607100000000000000e+04,3.777328597529073129e+00
1.607200000000000000e+04,3.962366106501056251e+00
1.607300000000000000e+04,3.691285670415673348e+00
1.607400000000000000e+04,3.695994557806323577e+00
1.607500000000000000e+04,3.863226805003143305e+00
1.607600000000000000e+04,3.475172743933765851e+00
1.607700000000000000e+04,3.705342591906698679e+00
1.607800000000000000e+04,3.638440977584025848e+00
1.607900000000000000e+04,3.706067843214569724e+00
1.608000000000000000e+04,3.876255609015749837e+00
1.608100000000000000e+04,3.321122328426472148e+00
1.608200000000000000e+04,3.697440851529418371e+00
1.608300000000000000e+04,3.765089284609091980e+00
1.608400000000000000e+04,3.682636595641791910e+00
1.608500000000000000e+04,3.694867622912942462e+00
1.608600000000000000e+04,3.576036450929105381e+00
1.608700000000000000e+04,3.713551618342421978e+00
1.608800000000000000e+04,4.119201521045701142e+00
1.608900000000000000e+04,3.404145772098007949e+00
1.609000000000000000e+04,3.531729849165872626e+00
1.609100000000000000e+04,3.934204824408772616e+00
1.609200000000000000e+04,3.604825940508428417e+00
1.609300000000000000e+04,4.041318797919392303e+00
1.609400000000000000e+04,3.891133263239710427e+00
1.609500000000000000e+04,3.644208540205047253e+00
1.609600000000000000e+04,3.722505877820057485e+00
1.609700000000000000e+04,3.689530012192714370e+00
1.609800000000000000e+04,3.873405829264815914e+00
1.609900000000000000e+04,3.607548263957775614e+00
1.610000000000000000e+04,3.983350681102897806e+00
1.610100000000000000e+04,3.582876547677763313e+00
1.610200000000000000e+04,3.977284006654479676e+00
1.610300000000000000e+04,3.565015803706320874e+00
1.610400000000000000e+04,3.879905609934701349e+00
1.610500000000000000e+04,3.760971096134416491e+00
1.610600000000000000e+04,3.801201459705926489e+00
1.610700000000000000e+04,3.869953657341683950e+00
1.610800000000000000e+04,3.563300160217930390e+00
1.610900000000000000e+04,3.829983057646617617e+00
1.611000000000000000e+04,3.724429813689160262e+00
1.611100000000000000e+04,3.702837296713861193e+00
1.611200000000000000e+04,3.954018377417734875e+00
1.611300000000000000e+04,4.265965979780725448e+00
1.611400000000000000e+04,3.829503283599857699e+00
1.611500000000000000e+04,3.798274320401116899e+00
1.611600000000000000e+04,3.667383294211065792e+00
1.611700000000000000e+04,4.023360020835592188e+00
1.611800000000000000e+04,3.701114040900252533e+00
1.611900000000000000e+04,3.899107459612295212e+00
1.612000000000000000e+04,3.806504993084589117e+00
1.612100000000000000e+04,3.949766429794932421e+00
1.612200000000000000e+04,3.640088443657948591e+00
1.612300000000000000e+04,4.020736069701512427e+00
1.612400000000000000e+04,3.613294605173783314e+00
1.612500000000000000e+04,3.753988889266749229e+00
1.612600000000000000e+04,3.354958808749124888e+00
1.612700000000000000e+04,3.879577033595752233e+00
1.612800000000000000e+04,4.040613196883647618e+00
1.612900000000000000e+04,3.734436566830987125e+00
1.613000000000000000e+04,3.956544816603356995e+00
1.613100000000000000e+04,3.711933776387164041e+00
1.613200000000000000e+04,3.657457579209275611e+00
1.613300000000000000e+04,3.546932139567559261e+00
1.613400000000000000e+04,3.650737469051688056e+00
1.613500000000000000e+04,3.595133402657639365e+00
1.613600000000000000e+04,3.358097682691958852e+00
1.613700000000000000e+04,3.474937440962952095e+00
1.613800000000000000e+04,3.800399363441793632e+00
1.613900000000000000e+04,3.617001261372206677e+00
1.614000000000000000e+04,3.841701008528974448e+00
1.614100000000000000e+04,4.051244018030673466e+00
1.614200000000000000e+04,3.641051143682322078e+00
1.614300000000000000e+04,3.870285028542907568e+00
1.614400000000000000e+04,3.601679074145342163e+00
1.614500000000000000e+04,3.696193630650239204e+00
1.614600000000000000e+04,3.710462035535500469e+00
1.614700000000000000e+04,4.142188903258218424e+00
1.614800000000000000e+04,3.866671766652473252e+00
1.614900000000000000e+04,4.069901990401803005e+00
1.615000000000000000e+04,3.832872028877002180e+00
1.615100000000000000e+04,3.808299298068003935e+00
1.615200000000000000e+04,3.959751906350714723e+00
1.615300000000000000e+04,3.559299675280600095e+00
1.615400000000000000e+04,3.776769396157460879e+00
1.615500000000000000e+04,3.541699000083245341e+00
1.615600000000000000e+04,3.618676783224891391e+00
1.615700000000000000e+04,3.565192182357994177e+00
1.615800000000000000e+04,3.862813308233701726e+00
1.615900000000000000e+04,3.595175790189565124e+00
1.616000000000000000e+04,3.732409442693842561e+00
1.616100000000000000e+04,4.097120733250822155e+00
1.616200000000000000e+04,3.668098090746111595e+00
1.616300000000000000e+04,3.628201214161395516e+00
1.616400000000000000e+04,4.211028854934031784e+00
1.616500000000000000e+04,3.983327774403669697e+00
1.616600000000000000e+04,3.732066782226191926e+00
1.616700000000000000e+04,3.611088679365030973e+00
1.616800000000000000e+04,3.682236990888161365e+00
1.616900000000000000e+04,3.837698533121320033e+00
1.617000000000000000e+04,3.709409532425572475e+00
1.617100000000000000e+04,3.767987291138813255e+00
1.617200000000000000e+04,3.524396500180376979e+00
1.617300000000000000e+04,3.887849869690321203e+00
1.617400000000000000e+04,3.528603306049093558e+00
1.617500000000000000e+04,3.921818750416492083e+00
1.617600000000000000e+04,3.572391259453645773e+00
1.617700000000000000e+04,3.754023606660228385e+00
1.617800000000000000e+04,3.768074455818177793e+00
1.617900000000000000e+04,3.817254431862501018e+00
1.618000000000000000e+04,3.805474415079340034e+00
1.618100000000000000e+04,3.753707330227994188e+00
1.618200000000000000e+04,3.849948290918747684e+00
1.618300000000000000e+04,3.807749934504888856e+00
1.618400000000000000e+04,4.284232772434859449e+00
1.618500000000000000e+04,3.840799650509089780e+00
1.618600000000000000e+04,3.573875639371761004e+00
1.618700000000000000e+04,3.847514534975096989e+00
1.618800000000000000e+04,3.621450206130194527e+00
1.618900000000000000e+04,3.796744691851951181e+00
1.619000000000000000e+04,3.511441366162012301e+00
1.619100000000000000e+04,3.588743238776400446e+00
1.619200000000000000e+04,3.754878432489669127e+00
1.619300000000000000e+04,3.870424747240961416e+00
1.619400000000000000e+04,3.907180374397961842e+00
1.619500000000000000e+04,3.904274396229931110e+00
1.619600000000000000e+04,3.447561518435461103e+00
1.619700000000000000e+04,3.689812439874358585e+00
1.619800000000000000e+04,3.592867179669117395e+00
1.619900000000000000e+04,3.879106858839232341e+00
1.620000000000000000e+04,3.768657038600940812e+00
1.620100000000000000e+04,3.641157242162985419e+00
1.620200000000000000e+04,3.782213751388015410e+00
1.620300000000000000e+04,3.846800214700893505e+00
1.620400000000000000e+04,3.961923244529566901e+00
1.620500000000000000e+04,3.758286327271286531e+00
1.620600000000000000e+04,3.856329529934072298e+00
1.620700000000000000e+04,3.854738401087685951e+00
1.620800000000000000e+04,4.190841863560391900e+00
1.620900000000000000e+04,4.066902053247609672e+00
1.621000000000000000e+04,3.664109723585131650e+00
1.621100000000000000e+04,3.763866616318529257e+00
1.621200000000000000e+04,3.759364108796771742e+00
1.621300000000000000e+04,4.129192603826798091e+00
1.621400000000000000e+04,3.688202146417938643e+00
1.621500000000000000e+04,3.639493822989779748e+00
1.621600000000000000e+04,3.613695973447265342e+00
1.621700000000000000e+04,3.312371059769215087e+00
1.621800000000000000e+04,3.874403337976551231e+00
1.621900000000000000e+04,3.802135841851313369e+00
1.622000000000000000e+04,3.797272646318832212e+00
1.622100000000000000e+04,3.747344644880268305e+00
1.622200000000000000e+04,3.870513658012458169e+00
1.622300000000000000e+04,3.590891400093463304e+00
1.622400000000000000e+04,4.089040554562407337e+00
1.622500000000000000e+04,3.515141113575206422e+00
1.622600000000000000e+04,3.877092381712824665e+00
1.622700000000000000e+04,3.519721848845855483e+00
1.622800000000000000e+04,3.769203919554865223e+00
1.622900000000000000e+04,3.903563058415733700e+00
1.623000000000000000e+04,3.353876874829358368e+00
1.623100000000000000e+04,3.513089171779578024e+00
1.623200000000000000e+04,3.726774768325090914e+00
1.623300000000000000e+04,3.933597209319361632e+00
1.623400000000000000e+04,3.590402240149401791e+00
1.623500000000000000e+04,3.630639640168574100e+00
1.623600000000000000e+04,3.651178870572031609e+00
1.623700000000000000e+04,3.717931893873434035e+00
1.623800000000000000e+04,3.641619459221907107e+00
1.623900000000000000e+04,3.244368573473834338e+00
1.624000000000000000e+04,3.872514089199401432e+00
1.624100000000000000e+04,3.927189362103529202e+00
1.624200000000000000e+04,3.803378299025333753e+00
1.624300000000000000e+04,3.609654455281395613e+00
1.624400000000000000e+04,4.068451771006529327e+00
1.624500000000000000e+04,3.681156705241562133e+00
1.624600000000000000e+04,3.749967376146766007e+00
1.624700000000000000e+04,3.622666124525059317e+00
1.624800000000000000e+04,3.889150803539444201e+00
1.624900000000000000e+04,3.452897164249436823e+00
1.625000000000000000e+04,3.630588281580120924e+00
1.625100000000000000e+04,3.782403197553682261e+00
1.625200000000000000e+04,3.545546542473383411e+00
1.625300000000000000e+04,3.572446119018668931e+00
1.625400000000000000e+04,3.582706549189260681e+00
1.625500000000000000e+04,3.513461285107138288e+00
1.625600000000000000e+04,3.858494115049390771e+00
1.625700000000000000e+04,3.983640747793425252e+00
1.625800000000000000e+04,3.577949534887571836e+00
1.625900000000000000e+04,3.507050176127933128e+00
1.626000000000000000e+04,3.694836683135899413e+00
1.626100000000000000e+04,3.770077714969124472e+00
1.626200000000000000e+04,3.586468728463970468e+00
1.626300000000000000e+04,3.583956249224173440e+00
1.626400000000000000e+04,4.036843046153662407e+00
1.626500000000000000e+04,3.581337260956398261e+00
1.626600000000000000e+04,3.342486724434116763e+00
1.626700000000000000e+04,3.891373539607535292e+00
1.626800000000000000e+04,3.725570972818832871e+00
1.626900000000000000e+04,3.537754155430667957e+00
1.627000000000000000e+04,3.736773510745601268e+00
1.627100000000000000e+04,3.719571945015589076e+00
1.627200000000000000e+04,4.068715974482667974e+00
1.627300000000000000e+04,3.692436194175879205e+00
1.627400000000000000e+04,3.740488925422092326e+00
1.627500000000000000e+04,3.474406568242812021e+00
1.627600000000000000e+04,3.854870577004690713e+00
1.627700000000000000e+04,3.806017035912325319e+00
1.627800000000000000e+04,3.889075415461519025e+00
1.627900000000000000e+04,3.975872792683259771e+00
1.628000000000000000e+04,3.475157553954797418e+00
1.628100000000000000e+04,3.677569821266517991e+00
1.628200000000000000e+04,3.457891833120203096e+00
1.628300000000000000e+04,3.625001216021572326e+00
1.628400000000000000e+04,3.858649492679874449e+00
1.628500000000000000e+04,3.871858395958379884e+00
1.628600000000000000e+04,3.692680382782866033e+00
1.628700000000000000e+04,3.709225314739700075e+00
1.628800000000000000e+04,3.717905610084556667e+00
1.628900000000000000e+04,3.904789873709522130e+00
1.629000000000000000e+04,3.608458507459646469e+00
1.629100000000000000e+04,3.863332882093637899e+00
1.629200000000000000e+04,3.823628957242073856e+00
1.629300000000000000e+04,3.987015686233721823e+00
1.629400000000000000e+04,3.996185265268978437e+00
1.629500000000000000e+04,3.659567653276829535e+00
1.629600000000000000e+04,4.062631964377239058e+00
1.629700000000000000e+04,3.792662036660786828e+00
1.629800000000000000e+04,3.991220777863651037e+00
1.629900000000000000e+04,3.826667611305546224e+00
1.630000000000000000e+04,3.844250876931940564e+00
1.630100000000000000e+04,3.548795762766501216e+00
1.630200000000000000e+04,3.765424297520111541e+00
1.630300000000000000e+04,4.031737317481276506e+00
1.630400000000000000e+04,3.622448683213218334e+00
1.630500000000000000e+04,3.676246526172010309e+00
1.630600000000000000e+04,3.752805221883261488e+00
1.630700000000000000e+04,4.137695326940660223e+00
1.630800000000000000e+04,3.575837068872876667e+00
1.630900000000000000e+04,3.918522243144443529e+00
1.631000000000000000e+04,3.999525575974514080e+00
1.631100000000000000e+04,3.844901260144292010e+00
1.631200000000000000e+04,3.850200802328816341e+00
1.631300000000000000e+04,3.914061437273589128e+00
1.631400000000000000e+04,3.740592873137920993e+00
1.631500000000000000e+04,3.625321258298693117e+00
1.631600000000000000e+04,3.218085053048561850e+00
1.631700000000000000e+04,3.782506843115924333e+00
1.631800000000000000e+04,3.900311536370985710e+00
1.631900000000000000e+04,3.695012843820240533e+00
1.632000000000000000e+04,3.673942095860798229e+00
1.632100000000000000e+04,3.833043380730797089e+00
1.632200000000000000e+04,3.944347871881102030e+00
1.632300000000000000e+04,3.549181775587573195e+00
1.632400000000000000e+04,3.805926852092468060e+00
1.632500000000000000e+04,3.796644169448363471e+00
1.632600000000000000e+04,3.511786749872097158e+00
1.632700000000000000e+04,3.627712436224617143e+00
1.632800000000000000e+04,4.056949167913649568e+00
1.632900000000000000e+04,3.468130419311899804e+00
1.633000000000000000e+04,3.512309198231545082e+00
1.633100000000000000e+04,3.735383375872983969e+00
1.633200000000000000e+04,3.980438772073726206e+00
1.633300000000000000e+04,3.392954430020735046e+00
1.633400000000000000e+04,3.582011047274440418e+00
1.633500000000000000e+04,3.562109760302242023e+00
1.633600000000000000e+04,3.793687978856070675e+00
1.633700000000000000e+04,3.808859826580976105e+00
1.633800000000000000e+04,3.783556439180336017e+00
1.633900000000000000e+04,3.667336057558761464e+00
1.634000000000000000e+04,3.639010952580202574e+00
1.634100000000000000e+04,3.690941363809590481e+00
1.634200000000000000e+04,3.915783986559621344e+00
1.634300000000000000e+04,3.496725286269697808e+00
1.634400000000000000e+04,3.350178316856858185e+00
1.634500000000000000e+04,3.494881791309552455e+00
1.634600000000000000e+04,3.901559991941409233e+00
1.634700000000000000e+04,3.543931120296027970e+00
1.634800000000000000e+04,3.661720731706228360e+00
1.634900000000000000e+04,3.832441196805418837e+00
1.635000000000000000e+04,4.167524709181977371e+00
1.635100000000000000e+04,3.740448944846962220e+00
1.635200000000000000e+04,3.945477552200403970e+00
1.635300000000000000e+04,3.487290671725227664e+00
1.635400000000000000e+04,3.684574797824354153e+00
1.635500000000000000e+04,3.789648360589591203e+00
1.635600000000000000e+04,3.655576114296784862e+00
1.635700000000000000e+04,3.854250840106516307e+00
1.635800000000000000e+04,3.697341067349329879e+00
1.635900000000000000e+04,3.529152271917861849e+00
1.636000000000000000e+04,4.047774383996529224e+00
1.636100000000000000e+04,3.672236637269804316e+00
1.636200000000000000e+04,3.902061389703861849e+00
1.636300000000000000e+04,3.408598532568144268e+00
1.636400000000000000e+04,3.995388824732919009e+00
1.636500000000000000e+04,3.942152009890733222e+00
1.636600000000000000e+04,3.514994509076294626e+00
1.636700000000000000e+04,3.628546462321931010e+00
1.636800000000000000e+04,3.648227010630282319e+00
1.636900000000000000e+04,3.762131072873779125e+00
1.637000000000000000e+04,4.077515645233479979e+00
1.637100000000000000e+04,3.768581663255257563e+00
1.637200000000000000e+04,3.956543514656631011e+00
1.637300000000000000e+04,3.589143629695637383e+00
1.637400000000000000e+04,3.803078042031618367e+00
1.637500000000000000e+04,3.873262671367017074e+00
1.637600000000000000e+04,3.870821701605507315e+00
1.637700000000000000e+04,4.231504946256239741e+00
1.637800000000000000e+04,3.771489683237951418e+00
1.637900000000000000e+04,3.753795476819759891e+00
1.638000000000000000e+04,3.646567811196619768e+00
1.638100000000000000e+04,3.878645198088878754e+00
1.638200000000000000e+04,3.610346305819579271e+00
1.638300000000000000e+04,3.562792036546329477e+00
