position,nll
0.000000000000000000e+00,2.951463735331905092e+00
1.000000000000000000e+00,2.493501414435872032e+00
2.000000000000000000e+00,2.090968913467220247e+00
3.000000000000000000e+00,1.819130392697438037e+00
4.000000000000000000e+00,1.685147014549135625e+00
5.000000000000000000e+00,1.478626883434051686e+00
6.000000000000000000e+00,1.440985693636965381e+00
7.000000000000000000e+00,1.434925033470014988e+00
8.000000000000000000e+00,1.359524142582861250e+00
9.000000000000000000e+00,1.309397715180143695e+00
1.000000000000000000e+01,1.417359951116406114e+00
1.100000000000000000e+01,1.390949076562919551e+00
1.200000000000000000e+01,1.321957700505550282e+00
1.300000000000000000e+01,1.300966332626844357e+00
1.400000000000000000e+01,1.371274657076564374e+00
1.500000000000000000e+01,1.265833770263628644e+00
1.600000000000000000e+01,1.321809683840529326e+00
1.700000000000000000e+01,1.278381925455490675e+00
1.800000000000000000e+01,1.256338203625935401e+00
1.900000000000000000e+01,1.323727982306540873e+00
2.000000000000000000e+01,1.400983705472706342e+00
2.100000000000000000e+01,1.335471545082202560e+00
2.200000000000000000e+01,1.331670429948805578e+00
2.300000000000000000e+01,1.273508598700024530e+00
2.400000000000000000e+01,1.237265493861052779e+00
2.500000000000000000e+01,1.242650997178313288e+00
2.600000000000000000e+01,1.279293089166833930e+00
2.700000000000000000e+01,1.275055027272176789e+00
2.800000000000000000e+01,1.286234368557434005e+00
2.900000000000000000e+01,1.311085466015785794e+00
3.000000000000000000e+01,1.265881343461565001e+00
3.100000000000000000e+01,1.341378243741451426e+00
3.200000000000000000e+01,1.264430640303478848e+00
3.300000000000000000e+01,1.289782454289059910e+00
3.400000000000000000e+01,1.280426560788029855e+00
3.500000000000000000e+01,1.247814027942775850e+00
3.600000000000000000e+01,1.264775030069961170e+00
3.700000000000000000e+01,1.247383286716130524e+00
3.800000000000000000e+01,1.243962936459233726e+00
3.900000000000000000e+01,1.265120804822573275e+00
4.000000000000000000e+01,1.252423737066181042e+00
4.100000000000000000e+01,1.233756052281667737e+00
4.200000000000000000e+01,1.277891754878128561e+00
4.300000000000000000e+01,1.182517222259736878e+00
4.400000000000000000e+01,1.273892564302907759e+00
4.500000000000000000e+01,1.348926107946902153e+00
4.600000000000000000e+01,1.279840827593245800e+00
4.700000000000000000e+01,1.306077071950345392e+00
4.800000000000000000e+01,1.330360194312379507e+00
4.900000000000000000e+01,1.228899101107613356e+00
5.000000000000000000e+01,1.276334826103191489e+00
5.100000000000000000e+01,1.276619262668637234e+00
5.200000000000000000e+01,1.279851146040993148e+00
5.300000000000000000e+01,1.172115715563888383e+00
5.400000000000000000e+01,1.252191684793994231e+00
5.500000000000000000e+01,1.247254548726933088e+00
5.600000000000000000e+01,1.250832047224267551e+00
5.700000000000000000e+01,1.240022362989716909e+00
5.800000000000000000e+01,1.275902600351597638e+00
5.900000000000000000e+01,1.233218957576137420e+00
6.000000000000000000e+01,1.219880095931061836e+00
6.100000000000000000e+01,1.240346598607125816e+00
6.200000000000000000e+01,1.233173055164023424e+00
6.300000000000000000e+01,1.153305695458855862e+00
6.400000000000000000e+01,1.208009707437268432e+00
6.500000000000000000e+01,1.161443514600417615e+00
6.600000000000000000e+01,1.121423602010810150e+00
6.700000000000000000e+01,1.162206950936965910e+00
6.800000000000000000e+01,1.217947802311713623e+00
6.900000000000000000e+01,1.283731131174064455e+00
7.000000000000000000e+01,1.283694031431054983e+00
7.100000000000000000e+01,1.296575038297067106e+00
7.200000000000000000e+01,1.211956896173088660e+00
7.300000000000000000e+01,1.246905319341698792e+00
7.400000000000000000e+01,1.248202942444460506e+00
7.500000000000000000e+01,1.180878404224262601e+00
7.600000000000000000e+01,1.249049482635179675e+00
7.700000000000000000e+01,1.322563312971629435e+00
7.800000000000000000e+01,1.193737568354457546e+00
7.900000000000000000e+01,1.243882788458376742e+00
8.000000000000000000e+01,1.232279261107652957e+00
8.100000000000000000e+01,1.244890868495420966e+00
8.200000000000000000e+01,1.159237002314998266e+00
8.300000000000000000e+01,1.172458340229619811e+00
8.400000000000000000e+01,1.233897249634883675e+00
8.500000000000000000e+01,1.184873250702056735e+00
8.600000000000000000e+01,1.301076050685562535e+00
8.700000000000000000e+01,1.286493881528262939e+00
8.800000000000000000e+01,1.258820373067688569e+00
8.900000000000000000e+01,1.311989385530608621e+00
9.000000000000000000e+01,1.244090223906716419e+00
9.100000000000000000e+01,1.237414869842869525e+00
9.200000000000000000e+01,1.272725409069238145e+00
9.300000000000000000e+01,1.255889523621721571e+00
9.400000000000000000e+01,1.203279909082338062e+00
9.500000000000000000e+01,1.279157069955767057e+00
9.600000000000000000e+01,1.223089963351457365e+00
9.700000000000000000e+01,1.237625757893162204e+00
9.800000000000000000e+01,1.204486043466734824e+00
9.900000000000000000e+01,1.238256682178940027e+00
1.000000000000000000e+02,1.173485117253549648e+00
1.010000000000000000e+02,1.210818652731016298e+00
1.020000000000000000e+02,1.177366722378112573e+00
1.030000000000000000e+02,1.162868195092870982e+00
1.040000000000000000e+02,1.253441859787807422e+00
1.050000000000000000e+02,1.186196001448049930e+00
1.060000000000000000e+02,1.168521429960930558e+00
1.070000000000000000e+02,1.195830627240329624e+00
1.080000000000000000e+02,1.248538410661720111e+00
1.090000000000000000e+02,1.137780959762199284e+00
1.100000000000000000e+02,1.190471124243219325e+00
1.110000000000000000e+02,1.160837724230411538e+00
1.120000000000000000e+02,1.192196235850783381e+00
1.130000000000000000e+02,1.224752167301487615e+00
1.140000000000000000e+02,1.248250673889513163e+00
1.150000000000000000e+02,1.220556636113798943e+00
1.160000000000000000e+02,1.270637806190214159e+00
1.170000000000000000e+02,1.315002610067900424e+00
1.180000000000000000e+02,1.218523901266533205e+00
1.190000000000000000e+02,1.259346502393141387e+00
1.200000000000000000e+02,1.196283640730427145e+00
1.210000000000000000e+02,1.162891480346734507e+00
1.220000000000000000e+02,1.233984219221468726e+00
1.230000000000000000e+02,1.177766957684488247e+00
1.240000000000000000e+02,1.218160573462499396e+00
1.250000000000000000e+02,1.224952796091646201e+00
1.260000000000000000e+02,1.228272697559006144e+00
1.270000000000000000e+02,1.259847573475035842e+00
1.280000000000000000e+02,1.233803725952575148e+00
1.290000000000000000e+02,1.271739723864591110e+00
1.300000000000000000e+02,1.250730223394775242e+00
1.310000000000000000e+02,1.215455417133739946e+00
1.320000000000000000e+02,1.265140693773283864e+00
1.330000000000000000e+02,1.258765550571796732e+00
1.340000000000000000e+02,1.194948399574995657e+00
1.350000000000000000e+02,1.168730541352494212e+00
1.360000000000000000e+02,1.251404979227950021e+00
1.370000000000000000e+02,1.308028622727509083e+00
1.380000000000000000e+02,1.300532411559553791e+00
1.390000000000000000e+02,1.141003628991160035e+00
1.400000000000000000e+02,1.248404370929234064e+00
1.410000000000000000e+02,1.187329288998657306e+00
1.420000000000000000e+02,1.136963925914866058e+00
1.430000000000000000e+02,1.236746109152793816e+00
1.440000000000000000e+02,1.244616890066796211e+00
1.450000000000000000e+02,1.276853619594452427e+00
1.460000000000000000e+02,1.222494767749684241e+00
1.470000000000000000e+02,1.255176729796161794e+00
1.480000000000000000e+02,1.239127721089235079e+00
1.490000000000000000e+02,1.266169054608669242e+00
1.500000000000000000e+02,1.242890544396913599e+00
1.510000000000000000e+02,1.301834175741681809e+00
1.520000000000000000e+02,1.237350222441502723e+00
1.530000000000000000e+02,1.261401651986906458e+00
1.540000000000000000e+02,1.265222413871868179e+00
1.550000000000000000e+02,1.267054668024323538e+00
1.560000000000000000e+02,1.237169268333267791e+00
1.570000000000000000e+02,1.174174658895488665e+00
1.580000000000000000e+02,1.172692634836142167e+00
1.590000000000000000e+02,1.263959086639663498e+00
1.600000000000000000e+02,1.226459527659512938e+00
1.610000000000000000e+02,1.224654748245183278e+00
1.620000000000000000e+02,1.240199110622982381e+00
1.630000000000000000e+02,1.246916993857983158e+00
1.640000000000000000e+02,1.164635616950580932e+00
1.650000000000000000e+02,1.240271791108528809e+00
1.660000000000000000e+02,1.243635112662419440e+00
1.670000000000000000e+02,1.212286638362483737e+00
1.680000000000000000e+02,1.208823474287115118e+00
1.690000000000000000e+02,1.272705152136986095e+00
1.700000000000000000e+02,1.180186628543402838e+00
1.710000000000000000e+02,1.250604796831940480e+00
1.720000000000000000e+02,1.263841912096320241e+00
1.730000000000000000e+02,1.269194292587459083e+00
1.740000000000000000e+02,1.277703895707406279e+00
1.750000000000000000e+02,1.225114682394561338e+00
1.760000000000000000e+02,1.195633363328537646e+00
1.770000000000000000e+02,1.266443018671495890e+00
1.780000000000000000e+02,1.212798660436175124e+00
1.790000000000000000e+02,1.256387376141582690e+00
1.800000000000000000e+02,1.246392513427441617e+00
1.810000000000000000e+02,1.304011053221739713e+00
1.820000000000000000e+02,1.220991357654929832e+00
1.830000000000000000e+02,1.246950040606292331e+00
1.840000000000000000e+02,1.248761857011011056e+00
1.850000000000000000e+02,1.210985311886292548e+00
1.860000000000000000e+02,1.185278346800462623e+00
1.870000000000000000e+02,1.186043534194910487e+00
1.880000000000000000e+02,1.242799514032004282e+00
1.890000000000000000e+02,1.265525714700722393e+00
1.900000000000000000e+02,1.260644342790474770e+00
1.910000000000000000e+02,1.242572784979341538e+00
1.920000000000000000e+02,1.215463118160038158e+00
1.930000000000000000e+02,1.191476663144465986e+00
1.940000000000000000e+02,1.246275368732491895e+00
1.950000000000000000e+02,1.203998761236557691e+00
1.960000000000000000e+02,1.233672458428897833e+00
1.970000000000000000e+02,1.277861004954177204e+00
1.980000000000000000e+02,1.204318399862945643e+00
1.990000000000000000e+02,1.181162290235627799e+00
2.000000000000000000e+02,1.238275058695449626e+00
2.010000000000000000e+02,1.208276253047692261e+00
2.020000000000000000e+02,1.284447336097033876e+00
2.030000000000000000e+02,1.215016912683244854e+00
2.040000000000000000e+02,1.266615209376847906e+00
2.050000000000000000e+02,1.187032824612082260e+00
2.060000000000000000e+02,1.235685478795953696e+00
2.070000000000000000e+02,1.174337376406931144e+00
2.080000000000000000e+02,1.225187058805034424e+00
2.090000000000000000e+02,1.148046158096663882e+00
2.100000000000000000e+02,1.266278856003799635e+00
2.110000000000000000e+02,1.224662975556017663e+00
2.120000000000000000e+02,1.200390338872113993e+00
2.130000000000000000e+02,1.278824000481156409e+00
2.140000000000000000e+02,1.233509802935721655e+00
2.150000000000000000e+02,1.244963416087748298e+00
2.160000000000000000e+02,1.179706803469054543e+00
2.170000000000000000e+02,1.318831634270010600e+00
2.180000000000000000e+02,1.244861515558665310e+00
2.190000000000000000e+02,1.214700820436984463e+00
2.200000000000000000e+02,1.245088155274920005e+00
2.210000000000000000e+02,1.140689990757659089e+00
2.220000000000000000e+02,1.243093059553641133e+00
2.230000000000000000e+02,1.287603331763513381e+00
2.240000000000000000e+02,1.239634589802469655e+00
2.250000000000000000e+02,1.254487492788042058e+00
2.260000000000000000e+02,1.242891493572418904e+00
2.270000000000000000e+02,1.231975094687952632e+00
2.280000000000000000e+02,1.231163218988381880e+00
2.290000000000000000e+02,1.218799928700268431e+00
2.300000000000000000e+02,1.252385178528481413e+00
2.310000000000000000e+02,1.251096101320032794e+00
2.320000000000000000e+02,1.203060957227615857e+00
2.330000000000000000e+02,1.192386328526398032e+00
2.340000000000000000e+02,1.201528786876528532e+00
2.350000000000000000e+02,1.208981743642330908e+00
2.360000000000000000e+02,1.265145396796431010e+00
2.370000000000000000e+02,1.268531450280505624e+00
2.380000000000000000e+02,1.252159279036754613e+00
2.390000000000000000e+02,1.256262495038450222e+00
2.400000000000000000e+02,1.205326840074390171e+00
2.410000000000000000e+02,1.222551474482005629e+00
2.420000000000000000e+02,1.234391949522477328e+00
2.430000000000000000e+02,1.203973768752442330e+00
2.440000000000000000e+02,1.235569436734151649e+00
2.450000000000000000e+02,1.169158223008701869e+00
2.460000000000000000e+02,1.227718800377147534e+00
2.470000000000000000e+02,1.182077392552596251e+00
2.480000000000000000e+02,1.261417177741078977e+00
2.490000000000000000e+02,1.120624678971759547e+00
2.500000000000000000e+02,1.119629758231888816e+00
2.510000000000000000e+02,1.264768976477682605e+00
2.520000000000000000e+02,1.184341175366466548e+00
2.530000000000000000e+02,1.114846512830424352e+00
2.540000000000000000e+02,1.260180150440938895e+00
2.550000000000000000e+02,1.207391968852926656e+00
2.560000000000000000e+02,1.212878951488337576e+00
2.570000000000000000e+02,1.218435949392646656e+00
2.580000000000000000e+02,1.272157969825472135e+00
2.590000000000000000e+02,1.304807272068095880e+00
2.600000000000000000e+02,1.230039713877149721e+00
2.610000000000000000e+02,1.194266482264010554e+00
2.620000000000000000e+02,1.192164672473673415e+00
2.630000000000000000e+02,1.232115778836746500e+00
2.640000000000000000e+02,1.251958702250936417e+00
2.650000000000000000e+02,1.272501883667380262e+00
2.660000000000000000e+02,1.266539285624171729e+00
2.670000000000000000e+02,1.248430490008557436e+00
2.680000000000000000e+02,1.274018848048831698e+00
2.690000000000000000e+02,1.215449900107967940e+00
2.700000000000000000e+02,1.241499698967777787e+00
2.710000000000000000e+02,1.265589996052606692e+00
2.720000000000000000e+02,1.225591207960070372e+00
2.730000000000000000e+02,1.172136392133527716e+00
2.740000000000000000e+02,1.245452534659936550e+00
2.750000000000000000e+02,1.204147892271573594e+00
2.760000000000000000e+02,1.209421879303238745e+00
2.770000000000000000e+02,1.143906075755953822e+00
2.780000000000000000e+02,1.196826477158046131e+00
2.790000000000000000e+02,1.259628944698661268e+00
2.800000000000000000e+02,1.255756096074557737e+00
2.810000000000000000e+02,1.289119953148623487e+00
2.820000000000000000e+02,1.241813336157798986e+00
2.830000000000000000e+02,1.220264369268929228e+00
2.840000000000000000e+02,1.190570066492423917e+00
2.850000000000000000e+02,1.167581072384057395e+00
2.860000000000000000e+02,1.129980495620564795e+00
2.870000000000000000e+02,1.174278646750696931e+00
2.880000000000000000e+02,1.211746829628558064e+00
2.890000000000000000e+02,1.214905668180779497e+00
2.900000000000000000e+02,1.261566625656835638e+00
2.910000000000000000e+02,1.270025992047277397e+00
2.920000000000000000e+02,1.237932778548792356e+00
2.930000000000000000e+02,1.251075670148396268e+00
2.940000000000000000e+02,1.215589212551228648e+00
2.950000000000000000e+02,1.240168093480732869e+00
2.960000000000000000e+02,1.307064911930643225e+00
2.970000000000000000e+02,1.237337812767372425e+00
2.980000000000000000e+02,1.296230126219591883e+00
2.990000000000000000e+02,1.243982604959503524e+00
3.000000000000000000e+02,1.162491208265004516e+00
3.010000000000000000e+02,1.204829599423876463e+00
3.020000000000000000e+02,1.252771657379731840e+00
3.030000000000000000e+02,1.234530502521255402e+00
3.040000000000000000e+02,1.267616777375403014e+00
3.050000000000000000e+02,1.196058936314189802e+00
3.060000000000000000e+02,1.236890360257649313e+00
3.070000000000000000e+02,1.253986674591638373e+00
3.080000000000000000e+02,1.196443241875690067e+00
3.090000000000000000e+02,1.232961478974473613e+00
3.100000000000000000e+02,1.220002658820313224e+00
3.110000000000000000e+02,1.159110340618263235e+00
3.120000000000000000e+02,1.224367483384269262e+00
3.130000000000000000e+02,1.214457597115437881e+00
3.140000000000000000e+02,1.154212220236120023e+00
3.150000000000000000e+02,1.145015459071295316e+00
3.160000000000000000e+02,1.201796453943145382e+00
3.170000000000000000e+02,1.235615666190231110e+00
3.180000000000000000e+02,1.213071274342095052e+00
3.190000000000000000e+02,1.201509574819683124e+00
3.200000000000000000e+02,1.171080585868542911e+00
3.210000000000000000e+02,1.152224310811718277e+00
3.220000000000000000e+02,1.219626860108897315e+00
3.230000000000000000e+02,1.187046537364436549e+00
3.240000000000000000e+02,1.244426151602428865e+00
3.250000000000000000e+02,1.233242610619389890e+00
3.260000000000000000e+02,1.155793941351657805e+00
3.270000000000000000e+02,1.226718672509509167e+00
3.280000000000000000e+02,1.209668365456929573e+00
3.290000000000000000e+02,1.196292754361328647e+00
3.300000000000000000e+02,1.150308598019012640e+00
3.310000000000000000e+02,1.266248087922350107e+00
3.320000000000000000e+02,1.271922428242945324e+00
3.330000000000000000e+02,1.276680286288218280e+00
3.340000000000000000e+02,1.307457042372232925e+00
3.350000000000000000e+02,1.252544454882302150e+00
3.360000000000000000e+02,1.205828948379563448e+00
3.370000000000000000e+02,1.184134606107634990e+00
3.380000000000000000e+02,1.140661052966535305e+00
3.390000000000000000e+02,1.188105138687258089e+00
3.400000000000000000e+02,1.228384396374227139e+00
3.410000000000000000e+02,1.235398926279815512e+00
3.420000000000000000e+02,1.222085432438984487e+00
3.430000000000000000e+02,1.229762700448119528e+00
3.440000000000000000e+02,1.244022293324588579e+00
3.450000000000000000e+02,1.282247124882606393e+00
3.460000000000000000e+02,1.231566804819695049e+00
3.470000000000000000e+02,1.252893917087358755e+00
3.480000000000000000e+02,1.152026903404237412e+00
3.490000000000000000e+02,1.272046120348198528e+00
3.500000000000000000e+02,1.192888310089673665e+00
3.510000000000000000e+02,1.189342217805406943e+00
3.520000000000000000e+02,1.203359830915139650e+00
3.530000000000000000e+02,1.186651898798153804e+00
3.540000000000000000e+02,1.202691153357185794e+00
3.550000000000000000e+02,1.284592150563071744e+00
3.560000000000000000e+02,1.243751208899331884e+00
3.570000000000000000e+02,1.271916523084074102e+00
3.580000000000000000e+02,1.228236249009456049e+00
3.590000000000000000e+02,1.256788506422830798e+00
3.600000000000000000e+02,1.199481059140339756e+00
3.610000000000000000e+02,1.221492508125743059e+00
3.620000000000000000e+02,1.190410498649517201e+00
3.630000000000000000e+02,1.170569814999578462e+00
3.640000000000000000e+02,1.282270695763658264e+00
3.650000000000000000e+02,1.217132186126358651e+00
3.660000000000000000e+02,1.326391061453146225e+00
3.670000000000000000e+02,1.168207999330634683e+00
3.680000000000000000e+02,1.225714938958642142e+00
3.690000000000000000e+02,1.221527391087994241e+00
3.700000000000000000e+02,1.195374952297800553e+00
3.710000000000000000e+02,1.193595599491694470e+00
3.720000000000000000e+02,1.172402732966990824e+00
3.730000000000000000e+02,1.340993588082817878e+00
3.740000000000000000e+02,1.231386273922317587e+00
3.750000000000000000e+02,1.133636468074431969e+00
3.760000000000000000e+02,1.178777750004692537e+00
3.770000000000000000e+02,1.199837535550113188e+00
3.780000000000000000e+02,1.213384586486848882e+00
3.790000000000000000e+02,1.178984364388335981e+00
3.800000000000000000e+02,1.302146043050078195e+00
3.810000000000000000e+02,1.255233270433847359e+00
3.820000000000000000e+02,1.282684460524746273e+00
3.830000000000000000e+02,1.228621691839612451e+00
3.840000000000000000e+02,1.253315203076868611e+00
3.850000000000000000e+02,1.233158093335131600e+00
3.860000000000000000e+02,1.200414375308048287e+00
3.870000000000000000e+02,1.225515517161347434e+00
3.880000000000000000e+02,1.251729745049499964e+00
3.890000000000000000e+02,1.165828598056231957e+00
3.900000000000000000e+02,1.231503852058312143e+00
3.910000000000000000e+02,1.208497314600271100e+00
3.920000000000000000e+02,1.239394430119223234e+00
3.930000000000000000e+02,1.242342188737756370e+00
3.940000000000000000e+02,1.241440919616839889e+00
3.950000000000000000e+02,1.178427853096134736e+00
3.960000000000000000e+02,1.190683112778382569e+00
3.970000000000000000e+02,1.233250556408887366e+00
3.980000000000000000e+02,1.264945560554292969e+00
3.990000000000000000e+02,1.204087733762726709e+00
4.000000000000000000e+02,1.170774046410641978e+00
4.010000000000000000e+02,1.210206996162324744e+00
4.020000000000000000e+02,1.226521872028901283e+00
4.030000000000000000e+02,1.155787606311262650e+00
4.040000000000000000e+02,1.177963499645712009e+00
4.050000000000000000e+02,1.132220962936947295e+00
4.060000000000000000e+02,1.249003746105154189e+00
4.070000000000000000e+02,1.235052477622587963e+00
4.080000000000000000e+02,1.204203539776560916e+00
4.090000000000000000e+02,1.219726510678059483e+00
4.100000000000000000e+02,1.217539225944513914e+00
4.110000000000000000e+02,1.163560830367106114e+00
4.120000000000000000e+02,1.089712543857025429e+00
4.130000000000000000e+02,1.125807752045878463e+00
4.140000000000000000e+02,1.210983054753227206e+00
4.150000000000000000e+02,1.247551111614403796e+00
4.160000000000000000e+02,1.268493719037861345e+00
4.170000000000000000e+02,1.169165407931753053e+00
4.180000000000000000e+02,1.197496032292253654e+00
4.190000000000000000e+02,1.277340467985598638e+00
4.200000000000000000e+02,1.235635729701452412e+00
4.210000000000000000e+02,1.215709894656938017e+00
4.220000000000000000e+02,1.176818397449180154e+00
4.230000000000000000e+02,1.202503473987962979e+00
4.240000000000000000e+02,1.195484125461084846e+00
4.250000000000000000e+02,1.271309354276571435e+00
4.260000000000000000e+02,1.211780958883885928e+00
4.270000000000000000e+02,1.221548833338637730e+00
4.280000000000000000e+02,1.199887239772334580e+00
4.290000000000000000e+02,1.203217181609412822e+00
4.300000000000000000e+02,1.229447715389839990e+00
4.310000000000000000e+02,1.220122540087853480e+00
4.320000000000000000e+02,1.240466783429566622e+00
4.330000000000000000e+02,1.238408192758854831e+00
4.340000000000000000e+02,1.301422832543915442e+00
4.350000000000000000e+02,1.164434922756720336e+00
4.360000000000000000e+02,1.225835477585246469e+00
4.370000000000000000e+02,1.132990161613639968e+00
4.380000000000000000e+02,1.255905403195487713e+00
4.390000000000000000e+02,1.323325960506992471e+00
4.400000000000000000e+02,1.308261823983364103e+00
4.410000000000000000e+02,1.258940759884979776e+00
4.420000000000000000e+02,1.294064212018738669e+00
4.430000000000000000e+02,1.204299337615013954e+00
4.440000000000000000e+02,1.265615703783987467e+00
4.450000000000000000e+02,1.209497744099149452e+00
4.460000000000000000e+02,1.191146947446693805e+00
4.470000000000000000e+02,1.288819912460739570e+00
4.480000000000000000e+02,1.231333618855038781e+00
4.490000000000000000e+02,1.232923714684529548e+00
4.500000000000000000e+02,1.199769603240535831e+00
4.510000000000000000e+02,1.223507372083482370e+00
4.520000000000000000e+02,1.198140392441773283e+00
4.530000000000000000e+02,1.230201868182890346e+00
4.540000000000000000e+02,1.285351244938372828e+00
4.550000000000000000e+02,1.293656555448042589e+00
4.560000000000000000e+02,1.350042167907560708e+00
4.570000000000000000e+02,1.273533923357148323e+00
4.580000000000000000e+02,1.225104248097508064e+00
4.590000000000000000e+02,1.220998820473323532e+00
4.600000000000000000e+02,1.252944585225999496e+00
4.610000000000000000e+02,1.268962437501333529e+00
4.620000000000000000e+02,1.262616860145791442e+00
4.630000000000000000e+02,1.196968797179549515e+00
4.640000000000000000e+02,1.235293787008270305e+00
4.650000000000000000e+02,1.211952411923427508e+00
4.660000000000000000e+02,1.154586533420195904e+00
4.670000000000000000e+02,1.166070950970028219e+00
4.680000000000000000e+02,1.161683016852213202e+00
4.690000000000000000e+02,1.240792460954611265e+00
4.700000000000000000e+02,1.195628964264801253e+00
4.710000000000000000e+02,1.172235191681847644e+00
4.720000000000000000e+02,1.277644486607203422e+00
4.730000000000000000e+02,1.213226671778452559e+00
4.740000000000000000e+02,1.259851295332510501e+00
4.750000000000000000e+02,1.163753703073509005e+00
4.760000000000000000e+02,1.134194923303775582e+00
4.770000000000000000e+02,1.175820517108753682e+00
4.780000000000000000e+02,1.326237142625642740e+00
4.790000000000000000e+02,1.158817658154627894e+00
4.800000000000000000e+02,1.202662100511230570e+00
4.810000000000000000e+02,1.148426307350454145e+00
4.820000000000000000e+02,1.170621339996331223e+00
4.830000000000000000e+02,1.221568406690547892e+00
4.840000000000000000e+02,1.199626194333875295e+00
4.850000000000000000e+02,1.129212747415950790e+00
4.860000000000000000e+02,1.208268975357835062e+00
4.870000000000000000e+02,1.202699480627741124e+00
4.880000000000000000e+02,1.240166820539364334e+00
4.890000000000000000e+02,1.219128927709649313e+00
4.900000000000000000e+02,1.236658263320082218e+00
4.910000000000000000e+02,1.192834556438353344e+00
4.920000000000000000e+02,1.176720577663040723e+00
4.930000000000000000e+02,1.123935730011964784e+00
4.940000000000000000e+02,1.141396154704363841e+00
4.950000000000000000e+02,1.235155263484700727e+00
4.960000000000000000e+02,1.252793548559488768e+00
4.970000000000000000e+02,1.259868901738046221e+00
4.980000000000000000e+02,1.238267729313609733e+00
4.990000000000000000e+02,1.192586200176315891e+00
5.000000000000000000e+02,1.227306268376250120e+00
5.010000000000000000e+02,1.218775928028743349e+00
5.020000000000000000e+02,1.197572464621988964e+00
5.030000000000000000e+02,1.255699784819390485e+00
5.040000000000000000e+02,1.198012118916136126e+00
5.050000000000000000e+02,1.193290971585630578e+00
5.060000000000000000e+02,1.229754574824094560e+00
5.070000000000000000e+02,1.172821612215759979e+00
5.080000000000000000e+02,1.236024735671848340e+00
5.090000000000000000e+02,1.226739604322204746e+00
5.100000000000000000e+02,1.221565771589798066e+00
5.110000000000000000e+02,1.220065686515101611e+00
5.120000000000000000e+02,1.299915610297335489e+00
5.130000000000000000e+02,1.229178556556835833e+00
5.140000000000000000e+02,1.309354764061745557e+00
5.150000000000000000e+02,1.155572364602213353e+00
5.160000000000000000e+02,1.211362442531762840e+00
5.170000000000000000e+02,1.221294648458343346e+00
5.180000000000000000e+02,1.193114666491744469e+00
5.190000000000000000e+02,1.204628649399503537e+00
5.200000000000000000e+02,1.228321508992094468e+00
5.210000000000000000e+02,1.153858935561703269e+00
5.220000000000000000e+02,1.211313876373883325e+00
5.230000000000000000e+02,1.302928748432049311e+00
5.240000000000000000e+02,1.223382698056289408e+00
5.250000000000000000e+02,1.110970019560993505e+00
5.260000000000000000e+02,1.207998869349735438e+00
5.270000000000000000e+02,1.239877702127991865e+00
5.280000000000000000e+02,1.233407075818963028e+00
5.290000000000000000e+02,1.253317681921705118e+00
5.300000000000000000e+02,1.249982883104930220e+00
5.310000000000000000e+02,1.213137887740410203e+00
5.320000000000000000e+02,1.199943534787873078e+00
5.330000000000000000e+02,1.296293529614672035e+00
5.340000000000000000e+02,1.303964577256359503e+00
5.350000000000000000e+02,1.260561318004317366e+00
5.360000000000000000e+02,1.203434728579221069e+00
5.370000000000000000e+02,1.299318863014100378e+00
5.380000000000000000e+02,1.212972912500517308e+00
5.390000000000000000e+02,1.247677529425971876e+00
5.400000000000000000e+02,1.191553987544871962e+00
5.410000000000000000e+02,1.256266234676705951e+00
5.420000000000000000e+02,1.215406601580354184e+00
5.430000000000000000e+02,1.237878860941142856e+00
5.440000000000000000e+02,1.327498181397420263e+00
5.450000000000000000e+02,1.227434812776697193e+00
5.460000000000000000e+02,1.194644671714430784e+00
5.470000000000000000e+02,1.221167174717420867e+00
5.480000000000000000e+02,1.213825166961711055e+00
5.490000000000000000e+02,1.265277856113088628e+00
5.500000000000000000e+02,1.211861171012424077e+00
5.510000000000000000e+02,1.182659489611012527e+00
5.520000000000000000e+02,1.202377755112448598e+00
5.530000000000000000e+02,1.226346006655303800e+00
5.540000000000000000e+02,1.272381337156130998e+00
5.550000000000000000e+02,1.230107341397315812e+00
5.560000000000000000e+02,1.247070424997755334e+00
5.570000000000000000e+02,1.217334717867758043e+00
5.580000000000000000e+02,1.170072664220612291e+00
5.590000000000000000e+02,1.190998157869822105e+00
5.600000000000000000e+02,1.187814136057869341e+00
5.610000000000000000e+02,1.225655866985679854e+00
5.620000000000000000e+02,1.303272374169661907e+00
5.630000000000000000e+02,1.215008360779780805e+00
5.640000000000000000e+02,1.260455197531760385e+00
5.650000000000000000e+02,1.214127541490192197e+00
5.660000000000000000e+02,1.236437546131721632e+00
5.670000000000000000e+02,1.273738753103119681e+00
5.680000000000000000e+02,1.189199188150825259e+00
5.690000000000000000e+02,1.266362779530748828e+00
5.700000000000000000e+02,1.241076749124083278e+00
5.710000000000000000e+02,1.158157285466756337e+00
5.720000000000000000e+02,1.250576029578972292e+00
5.730000000000000000e+02,1.171353990778712939e+00
5.740000000000000000e+02,1.260234437633871662e+00
5.750000000000000000e+02,1.183686993504417195e+00
5.760000000000000000e+02,1.190377156050358431e+00
5.770000000000000000e+02,1.185094654363978206e+00
5.780000000000000000e+02,1.282232708961117851e+00
5.790000000000000000e+02,1.246317065570033078e+00
5.800000000000000000e+02,1.383086236237282884e+00
5.810000000000000000e+02,1.271509068789642649e+00
5.820000000000000000e+02,1.235511240415829937e+00
5.830000000000000000e+02,1.152541902462117296e+00
5.840000000000000000e+02,1.153072834150666637e+00
5.850000000000000000e+02,1.198235690801108033e+00
5.860000000000000000e+02,1.308125223229748002e+00
5.870000000000000000e+02,1.194509414450700024e+00
5.880000000000000000e+02,1.221378550152102838e+00
5.890000000000000000e+02,1.193578585333688880e+00
5.900000000000000000e+02,1.190957665664371001e+00
5.910000000000000000e+02,1.205863202680639512e+00
5.920000000000000000e+02,1.308743224623274415e+00
5.930000000000000000e+02,1.232629812279640857e+00
5.940000000000000000e+02,1.248826075889435838e+00
5.950000000000000000e+02,1.264821071286466703e+00
5.960000000000000000e+02,1.186895962964537476e+00
5.970000000000000000e+02,1.267992341631418052e+00
5.980000000000000000e+02,1.261656712696079596e+00
5.990000000000000000e+02,1.231792440585797843e+00
6.000000000000000000e+02,1.187491734379256814e+00
6.010000000000000000e+02,1.165027584158067064e+00
6.020000000000000000e+02,1.246728135509102442e+00
6.030000000000000000e+02,1.183239000222411130e+00
6.040000000000000000e+02,1.180585387942244546e+00
6.050000000000000000e+02,1.180014109315552728e+00
6.060000000000000000e+02,1.234900783686364356e+00
6.070000000000000000e+02,1.219227466077236643e+00
6.080000000000000000e+02,1.178309160305696990e+00
6.090000000000000000e+02,1.176856573683471741e+00
6.100000000000000000e+02,1.253568575829677734e+00
6.110000000000000000e+02,1.309065000772665632e+00
6.120000000000000000e+02,1.341211869646940613e+00
6.130000000000000000e+02,1.253110755768672036e+00
6.140000000000000000e+02,1.287727799822503183e+00
6.150000000000000000e+02,1.298402868884307448e+00
6.160000000000000000e+02,1.263732754449385265e+00
6.170000000000000000e+02,1.263002502935365756e+00
6.180000000000000000e+02,1.339486222583051500e+00
6.190000000000000000e+02,1.301442009213531259e+00
6.200000000000000000e+02,1.183261026124592608e+00
6.210000000000000000e+02,1.204704621676668141e+00
6.220000000000000000e+02,1.208251136592957353e+00
6.230000000000000000e+02,1.222618244966015233e+00
6.240000000000000000e+02,1.235603023622233732e+00
6.250000000000000000e+02,1.150989993857866267e+00
6.260000000000000000e+02,1.205095244495079543e+00
6.270000000000000000e+02,1.247870812231682391e+00
6.280000000000000000e+02,1.230856760972695696e+00
6.290000000000000000e+02,1.150336304536951904e+00
6.300000000000000000e+02,1.194053702552374752e+00
6.310000000000000000e+02,1.202601214103650173e+00
6.320000000000000000e+02,1.160248455652380883e+00
6.330000000000000000e+02,1.185010560177534700e+00
6.340000000000000000e+02,1.176562592375468341e+00
6.350000000000000000e+02,1.168572585932902363e+00
6.360000000000000000e+02,1.276613934736889888e+00
6.370000000000000000e+02,1.164521493613780212e+00
6.380000000000000000e+02,1.188024942189923605e+00
6.390000000000000000e+02,1.161355919693900729e+00
6.400000000000000000e+02,1.211277486707146300e+00
6.410000000000000000e+02,1.220223479314589632e+00
6.420000000000000000e+02,1.229518509202582655e+00
6.430000000000000000e+02,1.183940668004747732e+00
6.440000000000000000e+02,1.210906533535749396e+00
6.450000000000000000e+02,1.167276267628505115e+00
6.460000000000000000e+02,1.158580034056857944e+00
6.470000000000000000e+02,1.282109450352567626e+00
6.480000000000000000e+02,1.235762993535864274e+00
6.490000000000000000e+02,1.312282216893847719e+00
6.500000000000000000e+02,1.275526397930649924e+00
6.510000000000000000e+02,1.182604750025216811e+00
6.520000000000000000e+02,1.288237293006422313e+00
6.530000000000000000e+02,1.204595997121888029e+00
6.540000000000000000e+02,1.270170986024283133e+00
6.550000000000000000e+02,1.204609337282734671e+00
6.560000000000000000e+02,1.137926719421100907e+00
6.570000000000000000e+02,1.124939194738306281e+00
6.580000000000000000e+02,1.235947082270584252e+00
6.590000000000000000e+02,1.240710694844797235e+00
6.600000000000000000e+02,1.147062005434155596e+00
6.610000000000000000e+02,1.199056090585813195e+00
6.620000000000000000e+02,1.225186892562624807e+00
6.630000000000000000e+02,1.120492959044343984e+00
6.640000000000000000e+02,1.273388863579975050e+00
6.650000000000000000e+02,1.213260375517198675e+00
6.660000000000000000e+02,1.264659857455292524e+00
6.670000000000000000e+02,1.224586362648023785e+00
6.680000000000000000e+02,1.187190081498611605e+00
6.690000000000000000e+02,1.244455935489436449e+00
6.700000000000000000e+02,1.190684041785508906e+00
6.710000000000000000e+02,1.207806363458605148e+00
6.720000000000000000e+02,1.173256409236795417e+00
6.730000000000000000e+02,1.251828716564818533e+00
6.740000000000000000e+02,1.203420548184768624e+00
6.750000000000000000e+02,1.242505116137461396e+00
6.760000000000000000e+02,1.180021389442057922e+00
6.770000000000000000e+02,1.128574095092013341e+00
6.780000000000000000e+02,1.245716529624671054e+00
6.790000000000000000e+02,1.242289223390074193e+00
6.800000000000000000e+02,1.222737786300636786e+00
6.810000000000000000e+02,1.161726945821766277e+00
6.820000000000000000e+02,1.248401679070933579e+00
6.830000000000000000e+02,1.267247526438670224e+00
6.840000000000000000e+02,1.172311952495928455e+00
6.850000000000000000e+02,1.200252480621017304e+00
6.860000000000000000e+02,1.251587128768542501e+00
6.870000000000000000e+02,1.205499756846602599e+00
6.880000000000000000e+02,1.178934328889963412e+00
6.890000000000000000e+02,1.277938978113966506e+00
6.900000000000000000e+02,1.169579182704162168e+00
6.910000000000000000e+02,1.256734426748689737e+00
6.920000000000000000e+02,1.217894361494371358e+00
6.930000000000000000e+02,1.195455940833860753e+00
6.940000000000000000e+02,1.083526011710148174e+00
6.950000000000000000e+02,1.232995667131441042e+00
6.960000000000000000e+02,1.247466822137119014e+00
6.970000000000000000e+02,1.252191677584211904e+00
6.980000000000000000e+02,1.202129323119110360e+00
6.990000000000000000e+02,1.264790508284228343e+00
7.000000000000000000e+02,1.257717993807979884e+00
7.010000000000000000e+02,1.260676164026827806e+00
7.020000000000000000e+02,1.215632704789757490e+00
7.030000000000000000e+02,1.200953376085781787e+00
7.040000000000000000e+02,1.200289470193474317e+00
7.050000000000000000e+02,1.208535042201872800e+00
7.060000000000000000e+02,1.212435548172721145e+00
7.070000000000000000e+02,1.205245613236553659e+00
7.080000000000000000e+02,1.193515035479232766e+00
7.090000000000000000e+02,1.118280952371632830e+00
7.100000000000000000e+02,1.135628119703300243e+00
7.110000000000000000e+02,1.175239531344187460e+00
7.120000000000000000e+02,1.216383935559395946e+00
7.130000000000000000e+02,1.190381335319767864e+00
7.140000000000000000e+02,1.215297962484489291e+00
7.150000000000000000e+02,1.228713148882883077e+00
7.160000000000000000e+02,1.181552240368245243e+00
7.170000000000000000e+02,1.208557146455853770e+00
7.180000000000000000e+02,1.256201342815560951e+00
7.190000000000000000e+02,1.218473362072800770e+00
7.200000000000000000e+02,1.258159051244536863e+00
7.210000000000000000e+02,1.281972000521803823e+00
7.220000000000000000e+02,1.274470990197530185e+00
7.230000000000000000e+02,1.268518596936665466e+00
7.240000000000000000e+02,1.212879017472136445e+00
7.250000000000000000e+02,1.322082096248694327e+00
7.260000000000000000e+02,1.197001005602727597e+00
7.270000000000000000e+02,1.207855194059078263e+00
7.280000000000000000e+02,1.260732229377599101e+00
7.290000000000000000e+02,1.235869305248468386e+00
7.300000000000000000e+02,1.244428772031812347e+00
7.310000000000000000e+02,1.170104493548170144e+00
7.320000000000000000e+02,1.198859116596681540e+00
7.330000000000000000e+02,1.264589200748205133e+00
7.340000000000000000e+02,1.192407251269457236e+00
7.350000000000000000e+02,1.127746586063153256e+00
7.360000000000000000e+02,1.163054288314939511e+00
7.370000000000000000e+02,1.259616458128739902e+00
7.380000000000000000e+02,1.158642949290393132e+00
7.390000000000000000e+02,1.319070761964436178e+00
7.400000000000000000e+02,1.230248527063384723e+00
7.410000000000000000e+02,1.254238544269806077e+00
7.420000000000000000e+02,1.199339948320642391e+00
7.430000000000000000e+02,1.235645705530921790e+00
7.440000000000000000e+02,1.167234758469090083e+00
7.450000000000000000e+02,1.223066740083261550e+00
7.460000000000000000e+02,1.304503895802321622e+00
7.470000000000000000e+02,1.329477227984564580e+00
7.480000000000000000e+02,1.244945876322973932e+00
7.490000000000000000e+02,1.175006053638255610e+00
7.500000000000000000e+02,1.128536622786701749e+00
7.510000000000000000e+02,1.235740851325873857e+00
7.520000000000000000e+02,1.217241631338300545e+00
7.530000000000000000e+02,1.245219810408704442e+00
7.540000000000000000e+02,1.174211727220546120e+00
7.550000000000000000e+02,1.157579722763353969e+00
7.560000000000000000e+02,1.224712034017146900e+00
7.570000000000000000e+02,1.290778934889648122e+00
7.580000000000000000e+02,1.257379171288540931e+00
7.590000000000000000e+02,1.137148509760091297e+00
7.600000000000000000e+02,1.269857528172831707e+00
7.610000000000000000e+02,1.157805195259720366e+00
7.620000000000000000e+02,1.278556039693815816e+00
7.630000000000000000e+02,1.266287042571364818e+00
7.640000000000000000e+02,1.230632715589869308e+00
7.650000000000000000e+02,1.295293783108861563e+00
7.660000000000000000e+02,1.322866849169888059e+00
7.670000000000000000e+02,1.231146930940739015e+00
7.680000000000000000e+02,1.270301663800521119e+00
7.690000000000000000e+02,1.172459254290857178e+00
7.700000000000000000e+02,1.218869731705716886e+00
7.710000000000000000e+02,1.183278543042558972e+00
7.720000000000000000e+02,1.297489224515829598e+00
7.730000000000000000e+02,1.305315304809566257e+00
7.740000000000000000e+02,1.164213884192099924e+00
7.750000000000000000e+02,1.265532357726779633e+00
7.760000000000000000e+02,1.237276569849820484e+00
7.770000000000000000e+02,1.234508782682187888e+00
7.780000000000000000e+02,1.265650722672702955e+00
7.790000000000000000e+02,1.230416359656854031e+00
7.800000000000000000e+02,1.234098569010577684e+00
7.810000000000000000e+02,1.259380683967734837e+00
7.820000000000000000e+02,1.269463207912622904e+00
7.830000000000000000e+02,1.235164211183351179e+00
7.840000000000000000e+02,1.266288301392635596e+00
7.850000000000000000e+02,1.225330086816250219e+00
7.860000000000000000e+02,1.187562251740352792e+00
7.870000000000000000e+02,1.285532508653296491e+00
7.880000000000000000e+02,1.296585974687284315e+00
7.890000000000000000e+02,1.298237167764347832e+00
7.900000000000000000e+02,1.231599504442020265e+00
7.910000000000000000e+02,1.241597426605036913e+00
7.920000000000000000e+02,1.250547702153359753e+00
7.930000000000000000e+02,1.274380506206514774e+00
7.940000000000000000e+02,1.182654923718035267e+00
7.950000000000000000e+02,1.179299299581889837e+00
7.960000000000000000e+02,1.226818469769801245e+00
7.970000000000000000e+02,1.229792792878497076e+00
7.980000000000000000e+02,1.225943698011661809e+00
7.990000000000000000e+02,1.249957907914788002e+00
8.000000000000000000e+02,1.252978403469357849e+00
8.010000000000000000e+02,1.212904357641410913e+00
8.020000000000000000e+02,1.256554698611401566e+00
8.030000000000000000e+02,1.254470568686982146e+00
8.040000000000000000e+02,1.223828925389612188e+00
8.050000000000000000e+02,1.227742630663091417e+00
8.060000000000000000e+02,1.210648730859927635e+00
8.070000000000000000e+02,1.230112601705934505e+00
8.080000000000000000e+02,1.223943808362506713e+00
8.090000000000000000e+02,1.217265771300543697e+00
8.100000000000000000e+02,1.195340128632436105e+00
8.110000000000000000e+02,1.201967328892709297e+00
8.120000000000000000e+02,1.084184780794450687e+00
8.130000000000000000e+02,1.193679836084206247e+00
8.140000000000000000e+02,1.271301888809770686e+00
8.150000000000000000e+02,1.204264473383054534e+00
8.160000000000000000e+02,1.200399385746468317e+00
8.170000000000000000e+02,1.254935003978050023e+00
8.180000000000000000e+02,1.258841978766338521e+00
8.190000000000000000e+02,1.253792512514659396e+00
8.200000000000000000e+02,1.192349054452642942e+00
8.210000000000000000e+02,1.193888840222882441e+00
8.220000000000000000e+02,1.189399042180152577e+00
8.230000000000000000e+02,1.198457685240568615e+00
8.240000000000000000e+02,1.263895338369637411e+00
8.250000000000000000e+02,1.224504907979089952e+00
8.260000000000000000e+02,1.244980391832147815e+00
8.270000000000000000e+02,1.191801279231403221e+00
8.280000000000000000e+02,1.222839298157976096e+00
8.290000000000000000e+02,1.221191704936648081e+00
8.300000000000000000e+02,1.260248417345167793e+00
8.310000000000000000e+02,1.279465703816375255e+00
8.320000000000000000e+02,1.305538405628390741e+00
8.330000000000000000e+02,1.225447790799372605e+00
8.340000000000000000e+02,1.263749327363119956e+00
8.350000000000000000e+02,1.189862358730864766e+00
8.360000000000000000e+02,1.160920373796672456e+00
8.370000000000000000e+02,1.232731888192729830e+00
8.380000000000000000e+02,1.141244854563392641e+00
8.390000000000000000e+02,1.220677058019634220e+00
8.400000000000000000e+02,1.270406973947993734e+00
8.410000000000000000e+02,1.258384038512900371e+00
8.420000000000000000e+02,1.238037364802078377e+00
8.430000000000000000e+02,1.233789459103528996e+00
8.440000000000000000e+02,1.273241114664665830e+00
8.450000000000000000e+02,1.251790892803033906e+00
8.460000000000000000e+02,1.141965337588092044e+00
8.470000000000000000e+02,1.221255007137669546e+00
8.480000000000000000e+02,1.226380640326640847e+00
8.490000000000000000e+02,1.224217354163575910e+00
8.500000000000000000e+02,1.159510806499449265e+00
8.510000000000000000e+02,1.181235214150624602e+00
8.520000000000000000e+02,1.143307320399915561e+00
8.530000000000000000e+02,1.176451978781420271e+00
8.540000000000000000e+02,1.199706134784441991e+00
8.550000000000000000e+02,1.199051922729927000e+00
8.560000000000000000e+02,1.171419008693132424e+00
8.570000000000000000e+02,1.212671681065578211e+00
8.580000000000000000e+02,1.247231788082884707e+00
8.590000000000000000e+02,1.211334665519288922e+00
8.600000000000000000e+02,1.202999297237233867e+00
8.610000000000000000e+02,1.228503618618286275e+00
8.620000000000000000e+02,1.241900148523719105e+00
8.630000000000000000e+02,1.248407153464484276e+00
8.640000000000000000e+02,1.183976301373379503e+00
8.650000000000000000e+02,1.170435753240181898e+00
8.660000000000000000e+02,1.222177920697713027e+00
8.670000000000000000e+02,1.235528048940870649e+00
8.680000000000000000e+02,1.286806174992384699e+00
8.690000000000000000e+02,1.233766250284661803e+00
8.700000000000000000e+02,1.269612209070757780e+00
8.710000000000000000e+02,1.263060722015888704e+00
8.720000000000000000e+02,1.180309919578874434e+00
8.730000000000000000e+02,1.222634261326478455e+00
8.740000000000000000e+02,1.269263382243387639e+00
8.750000000000000000e+02,1.276466361997989241e+00
8.760000000000000000e+02,1.178042598565351984e+00
8.770000000000000000e+02,1.114437594321049385e+00
8.780000000000000000e+02,1.206047962934000406e+00
8.790000000000000000e+02,1.171084957936677107e+00
8.800000000000000000e+02,1.217127999944026095e+00
8.810000000000000000e+02,1.281235964168021768e+00
8.820000000000000000e+02,1.247280037747748427e+00
8.830000000000000000e+02,1.251217251357447324e+00
8.840000000000000000e+02,1.197316137622716381e+00
8.850000000000000000e+02,1.207707826342922397e+00
8.860000000000000000e+02,1.277440170352273308e+00
8.870000000000000000e+02,1.231725893756286494e+00
8.880000000000000000e+02,1.248774523062136321e+00
8.890000000000000000e+02,1.174776775154717345e+00
8.900000000000000000e+02,1.217097882713272572e+00
8.910000000000000000e+02,1.161008397735725506e+00
8.920000000000000000e+02,1.233756250191513804e+00
8.930000000000000000e+02,1.264541369515970182e+00
8.940000000000000000e+02,1.216676660711718538e+00
8.950000000000000000e+02,1.236921006194521055e+00
8.960000000000000000e+02,1.256295401651803978e+00
8.970000000000000000e+02,1.168232901203659635e+00
8.980000000000000000e+02,1.259368523898783510e+00
8.990000000000000000e+02,1.193715664998868720e+00
9.000000000000000000e+02,1.161613361131112132e+00
9.010000000000000000e+02,1.160415721532889188e+00
9.020000000000000000e+02,1.121303680072885500e+00
9.030000000000000000e+02,1.275009649705531212e+00
9.040000000000000000e+02,1.171410298204840439e+00
9.050000000000000000e+02,1.167326938094259692e+00
9.060000000000000000e+02,1.268064020637441391e+00
9.070000000000000000e+02,1.230592416882535067e+00
9.080000000000000000e+02,1.174657878001765354e+00
9.090000000000000000e+02,1.177347228397733536e+00
9.100000000000000000e+02,1.174727949780815184e+00
9.110000000000000000e+02,1.227477123587667585e+00
9.120000000000000000e+02,1.267709664109945011e+00
9.130000000000000000e+02,1.134239042209822523e+00
9.140000000000000000e+02,1.191532538670441177e+00
9.150000000000000000e+02,1.169786562328802404e+00
9.160000000000000000e+02,1.185660253446311874e+00
9.170000000000000000e+02,1.182710767670991592e+00
9.180000000000000000e+02,1.246908699842218748e+00
9.190000000000000000e+02,1.274985906097798827e+00
9.200000000000000000e+02,1.212706777244906720e+00
9.210000000000000000e+02,1.212625844864120728e+00
9.220000000000000000e+02,1.218334854331958317e+00
9.230000000000000000e+02,1.220572644824524655e+00
9.240000000000000000e+02,1.254856725048828947e+00
9.250000000000000000e+02,1.196730033602317667e+00
9.260000000000000000e+02,1.279243310424490243e+00
9.270000000000000000e+02,1.280177537835137214e+00
9.280000000000000000e+02,1.236849174399733187e+00
9.290000000000000000e+02,1.194417434936813072e+00
9.300000000000000000e+02,1.183338133228816869e+00
9.310000000000000000e+02,1.183187843969527808e+00
9.320000000000000000e+02,1.200485197021252670e+00
9.330000000000000000e+02,1.272263210443485226e+00
9.340000000000000000e+02,1.265754151812191086e+00
9.350000000000000000e+02,1.199288766270248940e+00
9.360000000000000000e+02,1.176256012416822871e+00
9.370000000000000000e+02,1.260798517872899538e+00
9.380000000000000000e+02,1.199879329311944076e+00
9.390000000000000000e+02,1.178066227093162999e+00
9.400000000000000000e+02,1.168014500396801880e+00
9.410000000000000000e+02,1.199658857065479145e+00
9.420000000000000000e+02,1.248578060762278730e+00
9.430000000000000000e+02,1.157108763182363553e+00
9.440000000000000000e+02,1.202316218850748575e+00
9.450000000000000000e+02,1.313306118173974024e+00
9.460000000000000000e+02,1.315866978024845313e+00
9.470000000000000000e+02,1.212804084955090733e+00
9.480000000000000000e+02,1.276042581050500946e+00
9.490000000000000000e+02,1.209327900624237895e+00
9.500000000000000000e+02,1.278722226792130767e+00
9.510000000000000000e+02,1.286984342777735657e+00
9.520000000000000000e+02,1.267425245092683728e+00
9.530000000000000000e+02,1.266703484133618218e+00
9.540000000000000000e+02,1.211006702215464026e+00
9.550000000000000000e+02,1.201709090953662518e+00
9.560000000000000000e+02,1.228255652537771914e+00
9.570000000000000000e+02,1.152093069766219724e+00
9.580000000000000000e+02,1.176151393258767053e+00
9.590000000000000000e+02,1.190291791016417910e+00
9.600000000000000000e+02,1.294208549610916359e+00
9.610000000000000000e+02,1.232630689654290679e+00
9.620000000000000000e+02,1.170440191533306695e+00
9.630000000000000000e+02,1.226710390111612314e+00
9.640000000000000000e+02,1.238485173481007395e+00
9.650000000000000000e+02,1.326505140098009683e+00
9.660000000000000000e+02,1.166495216925023559e+00
9.670000000000000000e+02,1.205899928879688332e+00
9.680000000000000000e+02,1.230668708039819759e+00
9.690000000000000000e+02,1.153955586567248170e+00
9.700000000000000000e+02,1.175075869601504674e+00
9.710000000000000000e+02,1.211535022059698985e+00
9.720000000000000000e+02,1.260564323095920924e+00
9.730000000000000000e+02,1.172772202891005255e+00
9.740000000000000000e+02,1.199872018807409235e+00
9.750000000000000000e+02,1.145812197360527307e+00
9.760000000000000000e+02,1.227555655651214384e+00
9.770000000000000000e+02,1.216858382202941513e+00
9.780000000000000000e+02,1.287860385499886018e+00
9.790000000000000000e+02,1.250179395657115000e+00
9.800000000000000000e+02,1.207111112210873527e+00
9.810000000000000000e+02,1.247285780758060403e+00
9.820000000000000000e+02,1.194859355752383001e+00
9.830000000000000000e+02,1.208983254631675663e+00
9.840000000000000000e+02,1.248479763251840513e+00
9.850000000000000000e+02,1.199017436141640802e+00
9.860000000000000000e+02,1.136563312985762408e+00
9.870000000000000000e+02,1.184745273421922818e+00
9.880000000000000000e+02,1.262345726045323691e+00
9.890000000000000000e+02,1.255055554422762620e+00
9.900000000000000000e+02,1.255042151805605855e+00
9.910000000000000000e+02,1.244609044672008613e+00
9.920000000000000000e+02,1.275008295466995678e+00
9.930000000000000000e+02,1.184546680263699026e+00
9.940000000000000000e+02,1.191870079019651252e+00
9.950000000000000000e+02,1.183338737639800797e+00
9.960000000000000000e+02,1.149859368809144300e+00
9.970000000000000000e+02,1.164281933083013199e+00
9.980000000000000000e+02,1.170700788435601991e+00
9.990000000000000000e+02,1.155242549084815495e+00
1.000000000000000000e+03,1.288856770269695362e+00
1.001000000000000000e+03,1.217498338977718308e+00
1.002000000000000000e+03,1.172723480385708283e+00
1.003000000000000000e+03,1.266706818363070530e+00
1.004000000000000000e+03,1.173467727890080026e+00
1.005000000000000000e+03,1.167414866602019652e+00
1.006000000000000000e+03,1.234380181960546441e+00
1.007000000000000000e+03,1.177758856411077693e+00
1.008000000000000000e+03,1.265455168501934846e+00
1.009000000000000000e+03,1.208272913101764434e+00
1.010000000000000000e+03,1.220333027980847085e+00
1.011000000000000000e+03,1.214056039394253217e+00
1.012000000000000000e+03,1.130390821527675449e+00
1.013000000000000000e+03,1.227391776691007630e+00
1.014000000000000000e+03,1.167579164056957275e+00
1.015000000000000000e+03,1.186113447161551537e+00
1.016000000000000000e+03,1.237174672683124532e+00
1.017000000000000000e+03,1.233653326357599500e+00
1.018000000000000000e+03,1.231674089593213894e+00
1.019000000000000000e+03,1.234582013675166401e+00
1.020000000000000000e+03,1.239368185102183384e+00
1.021000000000000000e+03,1.220554149113800557e+00
1.022000000000000000e+03,1.177910570958729419e+00
1.023000000000000000e+03,1.210988955933647970e+00
1.024000000000000000e+03,1.241969099094275775e+00
1.025000000000000000e+03,1.209627092487946420e+00
1.026000000000000000e+03,1.163897332724195266e+00
1.027000000000000000e+03,1.288184738206583635e+00
1.028000000000000000e+03,1.154547342962571443e+00
1.029000000000000000e+03,1.219058056677398083e+00
1.030000000000000000e+03,1.087450305259937799e+00
1.031000000000000000e+03,1.159596653643846009e+00
1.032000000000000000e+03,1.191183345835732599e+00
1.033000000000000000e+03,1.287381004310915733e+00
1.034000000000000000e+03,1.271214843400558125e+00
1.035000000000000000e+03,1.224703044404925167e+00
1.036000000000000000e+03,1.278420884149398029e+00
1.037000000000000000e+03,1.271099859948609190e+00
1.038000000000000000e+03,1.268056376805919205e+00
1.039000000000000000e+03,1.292672221078530193e+00
1.040000000000000000e+03,1.307954941688381778e+00
1.041000000000000000e+03,1.203472952352890202e+00
1.042000000000000000e+03,1.220732701601141779e+00
1.043000000000000000e+03,1.180936503472164167e+00
1.044000000000000000e+03,1.239487979665130801e+00
1.045000000000000000e+03,1.241752631321394906e+00
1.046000000000000000e+03,1.236520231869973507e+00
1.047000000000000000e+03,1.229561538540698162e+00
1.048000000000000000e+03,1.293107731653298398e+00
1.049000000000000000e+03,1.254077932251275840e+00
1.050000000000000000e+03,1.259077355931230269e+00
1.051000000000000000e+03,1.300832770299679364e+00
1.052000000000000000e+03,1.301888890394530263e+00
1.053000000000000000e+03,1.219474726732440839e+00
1.054000000000000000e+03,1.257398627301792304e+00
1.055000000000000000e+03,1.185708054811259515e+00
1.056000000000000000e+03,1.216934441194068572e+00
1.057000000000000000e+03,1.131621553376090494e+00
1.058000000000000000e+03,1.230511984464816910e+00
1.059000000000000000e+03,1.161527039246209592e+00
1.060000000000000000e+03,1.171729388545943884e+00
1.061000000000000000e+03,1.207171209622088126e+00
1.062000000000000000e+03,1.305923791076357254e+00
1.063000000000000000e+03,1.231376496606569004e+00
1.064000000000000000e+03,1.222215575020014544e+00
1.065000000000000000e+03,1.151827506888533748e+00
1.066000000000000000e+03,1.242047474791932116e+00
1.067000000000000000e+03,1.297916398420331241e+00
1.068000000000000000e+03,1.276198375699495458e+00
1.069000000000000000e+03,1.277063398516176784e+00
1.070000000000000000e+03,1.314021640828406001e+00
1.071000000000000000e+03,1.177555386802385806e+00
1.072000000000000000e+03,1.225484897615183755e+00
1.073000000000000000e+03,1.177241938116866615e+00
1.074000000000000000e+03,1.166887633723356466e+00
1.075000000000000000e+03,1.185665573394094174e+00
1.076000000000000000e+03,1.174156863290537256e+00
1.077000000000000000e+03,1.202708528724545589e+00
1.078000000000000000e+03,1.198421994864892426e+00
1.079000000000000000e+03,1.186875664506615191e+00
1.080000000000000000e+03,1.262928858634875695e+00
1.081000000000000000e+03,1.226333746704600713e+00
1.082000000000000000e+03,1.202342235631813860e+00
1.083000000000000000e+03,1.202711275338062213e+00
1.084000000000000000e+03,1.198883164271945523e+00
1.085000000000000000e+03,1.231351827471788951e+00
1.086000000000000000e+03,1.265866580364628069e+00
1.087000000000000000e+03,1.103331191678515788e+00
1.088000000000000000e+03,1.192981350140154495e+00
1.089000000000000000e+03,1.174161658997239011e+00
1.090000000000000000e+03,1.192043224607210794e+00
1.091000000000000000e+03,1.228643289322012500e+00
1.092000000000000000e+03,1.212268073472373864e+00
1.093000000000000000e+03,1.283999334283022264e+00
1.094000000000000000e+03,1.189717752030950759e+00
1.095000000000000000e+03,1.198568766413160569e+00
1.096000000000000000e+03,1.207704402322830273e+00
1.097000000000000000e+03,1.190744243264849622e+00
1.098000000000000000e+03,1.253243844161538556e+00
1.099000000000000000e+03,1.201404583988214148e+00
1.100000000000000000e+03,1.251974850053852339e+00
1.101000000000000000e+03,1.270488679017616418e+00
1.102000000000000000e+03,1.148340072429960390e+00
1.103000000000000000e+03,1.263586368884707767e+00
1.104000000000000000e+03,1.236128512482513431e+00
1.105000000000000000e+03,1.244515993735372694e+00
1.106000000000000000e+03,1.208960552866044980e+00
1.107000000000000000e+03,1.287562623106559334e+00
1.108000000000000000e+03,1.179146303464239987e+00
1.109000000000000000e+03,1.224223316981663201e+00
1.110000000000000000e+03,1.231886288230789939e+00
1.111000000000000000e+03,1.264078444232994869e+00
1.112000000000000000e+03,1.187756657819353912e+00
1.113000000000000000e+03,1.166024194065485853e+00
1.114000000000000000e+03,1.187441299818103646e+00
1.115000000000000000e+03,1.199197403836929077e+00
1.116000000000000000e+03,1.170521549111301685e+00
1.117000000000000000e+03,1.167642158546920328e+00
1.118000000000000000e+03,1.180750700599334069e+00
1.119000000000000000e+03,1.206511461321258860e+00
1.120000000000000000e+03,1.239842072221463365e+00
1.121000000000000000e+03,1.222315602064095508e+00
1.122000000000000000e+03,1.238917710033691888e+00
1.123000000000000000e+03,1.191622799865369675e+00
1.124000000000000000e+03,1.105103287621261421e+00
1.125000000000000000e+03,1.214434813484164266e+00
1.126000000000000000e+03,1.132017572186281296e+00
1.127000000000000000e+03,1.184474440240475879e+00
1.128000000000000000e+03,1.244647738846965002e+00
1.129000000000000000e+03,1.277787220588706196e+00
1.130000000000000000e+03,1.248976900924622546e+00
1.131000000000000000e+03,1.327949694585001117e+00
1.132000000000000000e+03,1.201820644598732724e+00
1.133000000000000000e+03,1.224312535783926847e+00
1.134000000000000000e+03,1.271567363432309472e+00
1.135000000000000000e+03,1.251815368044513876e+00
1.136000000000000000e+03,1.193317465129382748e+00
1.137000000000000000e+03,1.264508304229868818e+00
1.138000000000000000e+03,1.252397426727874796e+00
1.139000000000000000e+03,1.173945385230652949e+00
1.140000000000000000e+03,1.166024948473240563e+00
1.141000000000000000e+03,1.192290593560827450e+00
1.142000000000000000e+03,1.160474703277327269e+00
1.143000000000000000e+03,1.155562391766192132e+00
1.144000000000000000e+03,1.279617949065868787e+00
1.145000000000000000e+03,1.173774034867254512e+00
1.146000000000000000e+03,1.180028367207819118e+00
1.147000000000000000e+03,1.185351589665419869e+00
1.148000000000000000e+03,1.255450953336256781e+00
1.149000000000000000e+03,1.189354993468077826e+00
1.150000000000000000e+03,1.275077583199521136e+00
1.151000000000000000e+03,1.278452537498641073e+00
1.152000000000000000e+03,1.235104413810279134e+00
1.153000000000000000e+03,1.193131718213443770e+00
1.154000000000000000e+03,1.211260758057884690e+00
1.155000000000000000e+03,1.172958787175930828e+00
1.156000000000000000e+03,1.226737829949104519e+00
1.157000000000000000e+03,1.187302034519258198e+00
1.158000000000000000e+03,1.275163287995490391e+00
1.159000000000000000e+03,1.224386438567758084e+00
1.160000000000000000e+03,1.219917618783921354e+00
1.161000000000000000e+03,1.135227428992474197e+00
1.162000000000000000e+03,1.222853082770539945e+00
1.163000000000000000e+03,1.155947662772432771e+00
1.164000000000000000e+03,1.143545334919929157e+00
1.165000000000000000e+03,1.234694476301228860e+00
1.166000000000000000e+03,1.228312515369788249e+00
1.167000000000000000e+03,1.164526411917640614e+00
1.168000000000000000e+03,1.241420075622286845e+00
1.169000000000000000e+03,1.188755340670216265e+00
1.170000000000000000e+03,1.212709114341493200e+00
1.171000000000000000e+03,1.242753190765892857e+00
1.172000000000000000e+03,1.164859660332793423e+00
1.173000000000000000e+03,1.166912492406708468e+00
1.174000000000000000e+03,1.184068819359067826e+00
1.175000000000000000e+03,1.211837610894660688e+00
1.176000000000000000e+03,1.294697049169327263e+00
1.177000000000000000e+03,1.258377330767766811e+00
1.178000000000000000e+03,1.229399025908546106e+00
1.179000000000000000e+03,1.159602963623171279e+00
1.180000000000000000e+03,1.231697507756588150e+00
1.181000000000000000e+03,1.241003944307930595e+00
1.182000000000000000e+03,1.262207917255419254e+00
1.183000000000000000e+03,1.182176111371816551e+00
1.184000000000000000e+03,1.200653042828940364e+00
1.185000000000000000e+03,1.208830020445664788e+00
1.186000000000000000e+03,1.119271814491390904e+00
1.187000000000000000e+03,1.222567150307980688e+00
1.188000000000000000e+03,1.171010802378596560e+00
1.189000000000000000e+03,1.220195023784271804e+00
1.190000000000000000e+03,1.220962137660332791e+00
1.191000000000000000e+03,1.206043680267624207e+00
1.192000000000000000e+03,1.170658220039304531e+00
1.193000000000000000e+03,1.225746677757837633e+00
1.194000000000000000e+03,1.148634944967966032e+00
1.195000000000000000e+03,1.199060288663871487e+00
1.196000000000000000e+03,1.180086095215295616e+00
1.197000000000000000e+03,1.197814373580844416e+00
1.198000000000000000e+03,1.225711706368216580e+00
1.199000000000000000e+03,1.189289406057054466e+00
1.200000000000000000e+03,1.180300289434227601e+00
1.201000000000000000e+03,1.190581674231755427e+00
1.202000000000000000e+03,1.208546902715146532e+00
1.203000000000000000e+03,1.206242499224014830e+00
1.204000000000000000e+03,1.236382738840999362e+00
1.205000000000000000e+03,1.272849486823369958e+00
1.206000000000000000e+03,1.262533292596887513e+00
1.207000000000000000e+03,1.218587061934889082e+00
1.208000000000000000e+03,1.229706956115192318e+00
1.209000000000000000e+03,1.206966609680485414e+00
1.210000000000000000e+03,1.164179851554611345e+00
1.211000000000000000e+03,1.216383217599805500e+00
1.212000000000000000e+03,1.262792295510168472e+00
1.213000000000000000e+03,1.172064437166367545e+00
1.214000000000000000e+03,1.213156744156937084e+00
1.215000000000000000e+03,1.144068882339414506e+00
1.216000000000000000e+03,1.248234024058541225e+00
1.217000000000000000e+03,1.259950823968333244e+00
1.218000000000000000e+03,1.245578406826933104e+00
1.219000000000000000e+03,1.212024070393537656e+00
1.220000000000000000e+03,1.270973297329036189e+00
1.221000000000000000e+03,1.197288463828375837e+00
1.222000000000000000e+03,1.231691628876904421e+00
1.223000000000000000e+03,1.170814062021874324e+00
1.224000000000000000e+03,1.181062971948691143e+00
1.225000000000000000e+03,1.210290280662843942e+00
1.226000000000000000e+03,1.160690071623935449e+00
1.227000000000000000e+03,1.231014876017956228e+00
1.228000000000000000e+03,1.219810644957957546e+00
1.229000000000000000e+03,1.228703429630534583e+00
1.230000000000000000e+03,1.213677677002535704e+00
1.231000000000000000e+03,1.256279848336545601e+00
1.232000000000000000e+03,1.283376298825401829e+00
1.233000000000000000e+03,1.222361365968020808e+00
1.234000000000000000e+03,1.222774984494712225e+00
1.235000000000000000e+03,1.179099970684069687e+00
1.236000000000000000e+03,1.208193041790880606e+00
1.237000000000000000e+03,1.177757446287611698e+00
1.238000000000000000e+03,1.236800220306401243e+00
1.239000000000000000e+03,1.205985039514494206e+00
1.240000000000000000e+03,1.235010594440126397e+00
1.241000000000000000e+03,1.200222263524399979e+00
1.242000000000000000e+03,1.191102055397712967e+00
1.243000000000000000e+03,1.208769311356898690e+00
1.244000000000000000e+03,1.112623022695023778e+00
1.245000000000000000e+03,1.181046962130737787e+00
1.246000000000000000e+03,1.201552004929848705e+00
1.247000000000000000e+03,1.185292168896056930e+00
1.248000000000000000e+03,1.163223766905842949e+00
1.249000000000000000e+03,1.213782386476055963e+00
1.250000000000000000e+03,1.181308963522279321e+00
1.251000000000000000e+03,1.130939817841028372e+00
1.252000000000000000e+03,1.153967224201527531e+00
1.253000000000000000e+03,1.209404621411784841e+00
1.254000000000000000e+03,1.150999251965573622e+00
1.255000000000000000e+03,1.136981704441226038e+00
1.256000000000000000e+03,1.261460130602543250e+00
1.257000000000000000e+03,1.185832164418442636e+00
1.258000000000000000e+03,1.204589493301843506e+00
1.259000000000000000e+03,1.218082159482332560e+00
1.260000000000000000e+03,1.139439147186978918e+00
1.261000000000000000e+03,1.193195658223989764e+00
1.262000000000000000e+03,1.207240729262841539e+00
1.263000000000000000e+03,1.272172915595788822e+00
1.264000000000000000e+03,1.291067757618573619e+00
1.265000000000000000e+03,1.217920141202921469e+00
1.266000000000000000e+03,1.192458431694258802e+00
1.267000000000000000e+03,1.203920869703059227e+00
1.268000000000000000e+03,1.136484552005844861e+00
1.269000000000000000e+03,1.207450835961759950e+00
1.270000000000000000e+03,1.245524733832292563e+00
1.271000000000000000e+03,1.216573016903280680e+00
1.272000000000000000e+03,1.129918704443199973e+00
1.273000000000000000e+03,1.117569533407242854e+00
1.274000000000000000e+03,1.158744424604858381e+00
1.275000000000000000e+03,1.240437565910506912e+00
1.276000000000000000e+03,1.139411397845213392e+00
1.277000000000000000e+03,1.206149938165951729e+00
1.278000000000000000e+03,1.260339020953661571e+00
1.279000000000000000e+03,1.191434400266222049e+00
1.280000000000000000e+03,1.218646259894567097e+00
1.281000000000000000e+03,1.239291362706496757e+00
1.282000000000000000e+03,1.234590126507005170e+00
1.283000000000000000e+03,1.125078789167691662e+00
1.284000000000000000e+03,1.269561589972810767e+00
1.285000000000000000e+03,1.213528743311135472e+00
1.286000000000000000e+03,1.232449617776836037e+00
1.287000000000000000e+03,1.172476282608089448e+00
1.288000000000000000e+03,1.270556486675708419e+00
1.289000000000000000e+03,1.224495366363598681e+00
1.290000000000000000e+03,1.243443263135561194e+00
1.291000000000000000e+03,1.194515404899565869e+00
1.292000000000000000e+03,1.253812023436431833e+00
1.293000000000000000e+03,1.246107554343444557e+00
1.294000000000000000e+03,1.240547115591005944e+00
1.295000000000000000e+03,1.225186670010738332e+00
1.296000000000000000e+03,1.237859983151339938e+00
1.297000000000000000e+03,1.292278094052118353e+00
1.298000000000000000e+03,1.250255075337751265e+00
1.299000000000000000e+03,1.255869263383611489e+00
1.300000000000000000e+03,1.190297779885309604e+00
1.301000000000000000e+03,1.177929790478804861e+00
1.302000000000000000e+03,1.276065929349840866e+00
1.303000000000000000e+03,1.308765063418838137e+00
1.304000000000000000e+03,1.243427136476760175e+00
1.305000000000000000e+03,1.186147300659315729e+00
1.306000000000000000e+03,1.313148310127239649e+00
1.307000000000000000e+03,1.228125044735515647e+00
1.308000000000000000e+03,1.294430842930756276e+00
1.309000000000000000e+03,1.296130241497679192e+00
1.310000000000000000e+03,1.263537563973242017e+00
1.311000000000000000e+03,1.259049001095924103e+00
1.312000000000000000e+03,1.173728201991043996e+00
1.313000000000000000e+03,1.200190333513742047e+00
1.314000000000000000e+03,1.221659094182804051e+00
1.315000000000000000e+03,1.231837729591014341e+00
1.316000000000000000e+03,1.239227024935474430e+00
1.317000000000000000e+03,1.255591421422650455e+00
1.318000000000000000e+03,1.217383790216358674e+00
1.319000000000000000e+03,1.232694576963638378e+00
1.320000000000000000e+03,1.237479097270308914e+00
1.321000000000000000e+03,1.153738476515885569e+00
1.322000000000000000e+03,1.183473451913620300e+00
1.323000000000000000e+03,1.189387804928798476e+00
1.324000000000000000e+03,1.154854029045069508e+00
1.325000000000000000e+03,1.208758883121147543e+00
1.326000000000000000e+03,1.187465780356457001e+00
1.327000000000000000e+03,1.227656374456914667e+00
1.328000000000000000e+03,1.231469493128035442e+00
1.329000000000000000e+03,1.276907085492819505e+00
1.330000000000000000e+03,1.308956540128161317e+00
1.331000000000000000e+03,1.315860849821985479e+00
1.332000000000000000e+03,1.160039319699228466e+00
1.333000000000000000e+03,1.196645984195384038e+00
1.334000000000000000e+03,1.181655650483501629e+00
1.335000000000000000e+03,1.227972458688004087e+00
1.336000000000000000e+03,1.198493530081771619e+00
1.337000000000000000e+03,1.184407861269025197e+00
1.338000000000000000e+03,1.159867715584395720e+00
1.339000000000000000e+03,1.202956743107177706e+00
1.340000000000000000e+03,1.259799623663788060e+00
1.341000000000000000e+03,1.286874473363766036e+00
1.342000000000000000e+03,1.300809958619058460e+00
1.343000000000000000e+03,1.261640239960192478e+00
1.344000000000000000e+03,1.269757162044826027e+00
1.345000000000000000e+03,1.164098216313862899e+00
1.346000000000000000e+03,1.236671701403497803e+00
1.347000000000000000e+03,1.153637998471770176e+00
1.348000000000000000e+03,1.212492590669192349e+00
1.349000000000000000e+03,1.241203063312661836e+00
1.350000000000000000e+03,1.304379802511097974e+00
1.351000000000000000e+03,1.314347475715768487e+00
1.352000000000000000e+03,1.247244877391983753e+00
1.353000000000000000e+03,1.194892675168545582e+00
1.354000000000000000e+03,1.194558434378876655e+00
1.355000000000000000e+03,1.253278437308663174e+00
1.356000000000000000e+03,1.252873265804075542e+00
1.357000000000000000e+03,1.129513182815899741e+00
1.358000000000000000e+03,1.194308694102288460e+00
1.359000000000000000e+03,1.202086888415912824e+00
1.360000000000000000e+03,1.275830470507452352e+00
1.361000000000000000e+03,1.242999938534731230e+00
1.362000000000000000e+03,1.258792863122474293e+00
1.363000000000000000e+03,1.264473405206963941e+00
1.364000000000000000e+03,1.239660313566760097e+00
1.365000000000000000e+03,1.229388154018216994e+00
1.366000000000000000e+03,1.193216178957270390e+00
1.367000000000000000e+03,1.206739477052441112e+00
1.368000000000000000e+03,1.261728973507384444e+00
1.369000000000000000e+03,1.226607813072494890e+00
1.370000000000000000e+03,1.244171594154613647e+00
1.371000000000000000e+03,1.252981210027875658e+00
1.372000000000000000e+03,1.256252112389859787e+00
1.373000000000000000e+03,1.207922482481414761e+00
1.374000000000000000e+03,1.232139175332766401e+00
1.375000000000000000e+03,1.160362566471822454e+00
1.376000000000000000e+03,1.193733485386092363e+00
1.377000000000000000e+03,1.174380086393934874e+00
1.378000000000000000e+03,1.192389296758906925e+00
1.379000000000000000e+03,1.237054248116313371e+00
1.380000000000000000e+03,1.226982223972809649e+00
1.381000000000000000e+03,1.216554352102839909e+00
1.382000000000000000e+03,1.251330936030598195e+00
1.383000000000000000e+03,1.222826367383262225e+00
1.384000000000000000e+03,1.202514273767817832e+00
1.385000000000000000e+03,1.223403756518239405e+00
1.386000000000000000e+03,1.283384495547394755e+00
1.387000000000000000e+03,1.271916578022203037e+00
1.388000000000000000e+03,1.268599948631884633e+00
1.389000000000000000e+03,1.229285384392111435e+00
1.390000000000000000e+03,1.253360270928640663e+00
1.391000000000000000e+03,1.228897619498838800e+00
1.392000000000000000e+03,1.210602159296080282e+00
1.393000000000000000e+03,1.170031828711246558e+00
1.394000000000000000e+03,1.209842638738217735e+00
1.395000000000000000e+03,1.184040948642300028e+00
1.396000000000000000e+03,1.161975848754839502e+00
1.397000000000000000e+03,1.160271709081465152e+00
1.398000000000000000e+03,1.226627785756515099e+00
1.399000000000000000e+03,1.242644267877755615e+00
1.400000000000000000e+03,1.314384212322716960e+00
1.401000000000000000e+03,1.242268318070917532e+00
1.402000000000000000e+03,1.209717318665934682e+00
1.403000000000000000e+03,1.291286534120066332e+00
1.404000000000000000e+03,1.197848851110232316e+00
1.405000000000000000e+03,1.124078826001819076e+00
1.406000000000000000e+03,1.239821578218828435e+00
1.407000000000000000e+03,1.244361745812033293e+00
1.408000000000000000e+03,1.263018292684017885e+00
1.409000000000000000e+03,1.250306816933164589e+00
1.410000000000000000e+03,1.191107918612880123e+00
1.411000000000000000e+03,1.254254504270952086e+00
1.412000000000000000e+03,1.220634664927566782e+00
1.413000000000000000e+03,1.153187252501024274e+00
1.414000000000000000e+03,1.195002519563470145e+00
1.415000000000000000e+03,1.173028232811777372e+00
1.416000000000000000e+03,1.186047070309950158e+00
1.417000000000000000e+03,1.156376839898821007e+00
1.418000000000000000e+03,1.233738078339947863e+00
1.419000000000000000e+03,1.182058066201591151e+00
1.420000000000000000e+03,1.238564633038961249e+00
1.421000000000000000e+03,1.157506624957552077e+00
1.422000000000000000e+03,1.267492872468842569e+00
1.423000000000000000e+03,1.314573344649427655e+00
1.424000000000000000e+03,1.160952200504643983e+00
1.425000000000000000e+03,1.159946981170883795e+00
1.426000000000000000e+03,1.251744687614804841e+00
1.427000000000000000e+03,1.226499787173100264e+00
1.428000000000000000e+03,1.201259196190582523e+00
1.429000000000000000e+03,1.237662768896915066e+00
1.430000000000000000e+03,1.149616808024784609e+00
1.431000000000000000e+03,1.316656731263260660e+00
1.432000000000000000e+03,1.226451154276462452e+00
1.433000000000000000e+03,1.276836267496377131e+00
1.434000000000000000e+03,1.236807610371767119e+00
1.435000000000000000e+03,1.218345488234239271e+00
1.436000000000000000e+03,1.186088219761121332e+00
1.437000000000000000e+03,1.193820142295005438e+00
1.438000000000000000e+03,1.252602326029063740e+00
1.439000000000000000e+03,1.260007627604282421e+00
1.440000000000000000e+03,1.271977368442124057e+00
1.441000000000000000e+03,1.241879717959275986e+00
1.442000000000000000e+03,1.195286290703465815e+00
1.443000000000000000e+03,1.291745588377697818e+00
1.444000000000000000e+03,1.194790830856561792e+00
1.445000000000000000e+03,1.244829033017845532e+00
1.446000000000000000e+03,1.222176366848725548e+00
1.447000000000000000e+03,1.235218002615045885e+00
1.448000000000000000e+03,1.242690956526109947e+00
1.449000000000000000e+03,1.314060341962468570e+00
1.450000000000000000e+03,1.300762104665373675e+00
1.451000000000000000e+03,1.212649425940772296e+00
1.452000000000000000e+03,1.236617302990393297e+00
1.453000000000000000e+03,1.203298147585883271e+00
1.454000000000000000e+03,1.230971721537535535e+00
1.455000000000000000e+03,1.220376061217632202e+00
1.456000000000000000e+03,1.359693887592372530e+00
1.457000000000000000e+03,1.250119458318611265e+00
1.458000000000000000e+03,1.272698950294770759e+00
1.459000000000000000e+03,1.170847931752884596e+00
1.460000000000000000e+03,1.181229984058029370e+00
1.461000000000000000e+03,1.231732448197681906e+00
1.462000000000000000e+03,1.262824256240014931e+00
1.463000000000000000e+03,1.233048059325766665e+00
1.464000000000000000e+03,1.263040335454266527e+00
1.465000000000000000e+03,1.298611152246911704e+00
1.466000000000000000e+03,1.324910984301214789e+00
1.467000000000000000e+03,1.196322845221571063e+00
1.468000000000000000e+03,1.137742584999172912e+00
1.469000000000000000e+03,1.208295051734937564e+00
1.470000000000000000e+03,1.194911169773051229e+00
1.471000000000000000e+03,1.236082590814400195e+00
1.472000000000000000e+03,1.273474239197833535e+00
1.473000000000000000e+03,1.185958928548440872e+00
1.474000000000000000e+03,1.304897168758151427e+00
1.475000000000000000e+03,1.255207785176816193e+00
1.476000000000000000e+03,1.231879791965363236e+00
1.477000000000000000e+03,1.127217924907053526e+00
1.478000000000000000e+03,1.138341174157659452e+00
1.479000000000000000e+03,1.254636372620126394e+00
1.480000000000000000e+03,1.180848190190838087e+00
1.481000000000000000e+03,1.149295159001783695e+00
1.482000000000000000e+03,1.186375099328256244e+00
1.483000000000000000e+03,1.277886852951549468e+00
1.484000000000000000e+03,1.202358569898201557e+00
1.485000000000000000e+03,1.192426451783676011e+00
1.486000000000000000e+03,1.203030143785359662e+00
1.487000000000000000e+03,1.185964287099412706e+00
1.488000000000000000e+03,1.287595001442951137e+00
1.489000000000000000e+03,1.260063481857603307e+00
1.490000000000000000e+03,1.262724657503063286e+00
1.491000000000000000e+03,1.306554200880889693e+00
1.492000000000000000e+03,1.219087780815941491e+00
1.493000000000000000e+03,1.202841885592781379e+00
1.494000000000000000e+03,1.242766637457221046e+00
1.495000000000000000e+03,1.210565671020914058e+00
1.496000000000000000e+03,1.223385752908632274e+00
1.497000000000000000e+03,1.228232865881739633e+00
1.498000000000000000e+03,1.269842373057147755e+00
1.499000000000000000e+03,1.181597914161901519e+00
1.500000000000000000e+03,1.188963668606388024e+00
1.501000000000000000e+03,1.230318291825561960e+00
1.502000000000000000e+03,1.233746107314090956e+00
1.503000000000000000e+03,1.280834446614089295e+00
1.504000000000000000e+03,1.298959119778761551e+00
1.505000000000000000e+03,1.242289106451897274e+00
1.506000000000000000e+03,1.196495048371267744e+00
1.507000000000000000e+03,1.286695071340829166e+00
1.508000000000000000e+03,1.311594914513565913e+00
1.509000000000000000e+03,1.265425325275759461e+00
1.510000000000000000e+03,1.305310387125475646e+00
1.511000000000000000e+03,1.262723071832496435e+00
1.512000000000000000e+03,1.281843704426041786e+00
1.513000000000000000e+03,1.292517378641918402e+00
1.514000000000000000e+03,1.261420685188344715e+00
1.515000000000000000e+03,1.240069938193113064e+00
1.516000000000000000e+03,1.211099046275504465e+00
1.517000000000000000e+03,1.284896417837313232e+00
1.518000000000000000e+03,1.220589024880466722e+00
1.519000000000000000e+03,1.158650196858786119e+00
1.520000000000000000e+03,1.194013947515063068e+00
1.521000000000000000e+03,1.202940437741986557e+00
1.522000000000000000e+03,1.247847836575554092e+00
1.523000000000000000e+03,1.239193425029726070e+00
1.524000000000000000e+03,1.250201194608365984e+00
1.525000000000000000e+03,1.174350379752727491e+00
1.526000000000000000e+03,1.257619286096141042e+00
1.527000000000000000e+03,1.208549398583230960e+00
1.528000000000000000e+03,1.267295456718730673e+00
1.529000000000000000e+03,1.143702095686105480e+00
1.530000000000000000e+03,1.236352473789675610e+00
1.531000000000000000e+03,1.213866506533772593e+00
1.532000000000000000e+03,1.235570766289042721e+00
1.533000000000000000e+03,1.124874069513793540e+00
1.534000000000000000e+03,1.149696937374416139e+00
1.535000000000000000e+03,1.174884609086303433e+00
1.536000000000000000e+03,1.239158155268343497e+00
1.537000000000000000e+03,1.149740525420273718e+00
1.538000000000000000e+03,1.173896803364720576e+00
1.539000000000000000e+03,1.192586167531092034e+00
1.540000000000000000e+03,1.199992248118142646e+00
1.541000000000000000e+03,1.203275312936587849e+00
1.542000000000000000e+03,1.269889942025614893e+00
1.543000000000000000e+03,1.175486612714458312e+00
1.544000000000000000e+03,1.168432719373207584e+00
1.545000000000000000e+03,1.187385637218438594e+00
1.546000000000000000e+03,1.255656478893290684e+00
1.547000000000000000e+03,1.191775965912988733e+00
1.548000000000000000e+03,1.153027406572443070e+00
1.549000000000000000e+03,1.269719496399376757e+00
1.550000000000000000e+03,1.179260545513415082e+00
1.551000000000000000e+03,1.264444442951124348e+00
1.552000000000000000e+03,1.285637569681200576e+00
1.553000000000000000e+03,1.223075692096429856e+00
1.554000000000000000e+03,1.278237397670806574e+00
1.555000000000000000e+03,1.222790592731993753e+00
1.556000000000000000e+03,1.221486312761437931e+00
1.557000000000000000e+03,1.182656356409926390e+00
1.558000000000000000e+03,1.221598239971216637e+00
1.559000000000000000e+03,1.329740835111776764e+00
1.560000000000000000e+03,1.334038813643171340e+00
1.561000000000000000e+03,1.305287829395605392e+00
1.562000000000000000e+03,1.284471597690512112e+00
1.563000000000000000e+03,1.297784051632441260e+00
1.564000000000000000e+03,1.244283175518577256e+00
1.565000000000000000e+03,1.167713783378438563e+00
1.566000000000000000e+03,1.176849611962884845e+00
1.567000000000000000e+03,1.248395737743644096e+00
1.568000000000000000e+03,1.174935590733217516e+00
1.569000000000000000e+03,1.197587243975872573e+00
1.570000000000000000e+03,1.233357862246936998e+00
1.571000000000000000e+03,1.279582245028043408e+00
1.572000000000000000e+03,1.252639632578720130e+00
1.573000000000000000e+03,1.196494660825281553e+00
1.574000000000000000e+03,1.191033885463321784e+00
1.575000000000000000e+03,1.211701028906875255e+00
1.576000000000000000e+03,1.282264241644830216e+00
1.577000000000000000e+03,1.192400378551890849e+00
1.578000000000000000e+03,1.256654706719486647e+00
1.579000000000000000e+03,1.216367384798167084e+00
1.580000000000000000e+03,1.143976779158210944e+00
1.581000000000000000e+03,1.189692659892493065e+00
1.582000000000000000e+03,1.223276196546800421e+00
1.583000000000000000e+03,1.268045846670083465e+00
1.584000000000000000e+03,1.162883732780606971e+00
1.585000000000000000e+03,1.271287221808156342e+00
1.586000000000000000e+03,1.219190279390478970e+00
1.587000000000000000e+03,1.236179380304155639e+00
1.588000000000000000e+03,1.245504233519768356e+00
1.589000000000000000e+03,1.232833163681431365e+00
1.590000000000000000e+03,1.196716181805900447e+00
1.591000000000000000e+03,1.210848321073055622e+00
1.592000000000000000e+03,1.202588785768960777e+00
1.593000000000000000e+03,1.218759047321867461e+00
1.594000000000000000e+03,1.213250881666830372e+00
1.595000000000000000e+03,1.202754516890708558e+00
1.596000000000000000e+03,1.156972894773159677e+00
1.597000000000000000e+03,1.267663318092076441e+00
1.598000000000000000e+03,1.175628246936440746e+00
1.599000000000000000e+03,1.148065440499888901e+00
1.600000000000000000e+03,1.142367168906679886e+00
1.601000000000000000e+03,1.182204904042236437e+00
1.602000000000000000e+03,1.188781219055987881e+00
1.603000000000000000e+03,1.195685857424535703e+00
1.604000000000000000e+03,1.239898760237308384e+00
1.605000000000000000e+03,1.256101100317236652e+00
1.606000000000000000e+03,1.228322519322253337e+00
1.607000000000000000e+03,1.202041536611539341e+00
1.608000000000000000e+03,1.276554488017487055e+00
1.609000000000000000e+03,1.145207905201495402e+00
1.610000000000000000e+03,1.157210661957678521e+00
1.611000000000000000e+03,1.214585862433433805e+00
1.612000000000000000e+03,1.240609086472035383e+00
1.613000000000000000e+03,1.181219601144742892e+00
1.614000000000000000e+03,1.200725251000332117e+00
1.615000000000000000e+03,1.216442929826353270e+00
1.616000000000000000e+03,1.200667186735124403e+00
1.617000000000000000e+03,1.257771185272902104e+00
1.618000000000000000e+03,1.154310843206526549e+00
1.619000000000000000e+03,1.174426500419728958e+00
1.620000000000000000e+03,1.237528042522164196e+00
1.621000000000000000e+03,1.296858265814423206e+00
1.622000000000000000e+03,1.260739935142117352e+00
1.623000000000000000e+03,1.201937441572900722e+00
1.624000000000000000e+03,1.210590584613308929e+00
1.625000000000000000e+03,1.225760666244563257e+00
1.626000000000000000e+03,1.202943497685853735e+00
1.627000000000000000e+03,1.288283007733104446e+00
1.628000000000000000e+03,1.232090232455895329e+00
1.629000000000000000e+03,1.177009347637127279e+00
1.630000000000000000e+03,1.224021974787564249e+00
1.631000000000000000e+03,1.210667383470384051e+00
1.632000000000000000e+03,1.245562557273577342e+00
1.633000000000000000e+03,1.217529418437346189e+00
1.634000000000000000e+03,1.212691644488091525e+00
1.635000000000000000e+03,1.246991096082435524e+00
1.636000000000000000e+03,1.213541431757015454e+00
1.637000000000000000e+03,1.231183085781087927e+00
1.638000000000000000e+03,1.197451316102941865e+00
1.639000000000000000e+03,1.301039723817964733e+00
1.640000000000000000e+03,1.230148503529565618e+00
1.641000000000000000e+03,1.187549345377890253e+00
1.642000000000000000e+03,1.179393804426396519e+00
1.643000000000000000e+03,1.192095041961746649e+00
1.644000000000000000e+03,1.233635760389757863e+00
1.645000000000000000e+03,1.172754855159840348e+00
1.646000000000000000e+03,1.225484216947525518e+00
1.647000000000000000e+03,1.233635122792200889e+00
1.648000000000000000e+03,1.207883973645757836e+00
1.649000000000000000e+03,1.308658266758124356e+00
1.650000000000000000e+03,1.264721247046783681e+00
1.651000000000000000e+03,1.223237196045514841e+00
1.652000000000000000e+03,1.199525519827456588e+00
1.653000000000000000e+03,1.234290833289992673e+00
1.654000000000000000e+03,1.214712951341843095e+00
1.655000000000000000e+03,1.251564071493566299e+00
1.656000000000000000e+03,1.193626639664532973e+00
1.657000000000000000e+03,1.166644566363395530e+00
1.658000000000000000e+03,1.120974295678269117e+00
1.659000000000000000e+03,1.159091242563590640e+00
1.660000000000000000e+03,1.178955787418361378e+00
1.661000000000000000e+03,1.187638774439285783e+00
1.662000000000000000e+03,1.229613408357748128e+00
1.663000000000000000e+03,1.238103524426124258e+00
1.664000000000000000e+03,1.234427488407333628e+00
1.665000000000000000e+03,1.142335270855601603e+00
1.666000000000000000e+03,1.250253358558566896e+00
1.667000000000000000e+03,1.200651955472429089e+00
1.668000000000000000e+03,1.227740100036108339e+00
1.669000000000000000e+03,1.157903229832162761e+00
1.670000000000000000e+03,1.208209826289098787e+00
1.671000000000000000e+03,1.175552774318715743e+00
1.672000000000000000e+03,1.265749106436902194e+00
1.673000000000000000e+03,1.242468442438770415e+00
1.674000000000000000e+03,1.265908989925250028e+00
1.675000000000000000e+03,1.229673106856722820e+00
1.676000000000000000e+03,1.224150097313058350e+00
1.677000000000000000e+03,1.207904064234145203e+00
1.678000000000000000e+03,1.247489154330588601e+00
1.679000000000000000e+03,1.299517996237791184e+00
1.680000000000000000e+03,1.169464670515990790e+00
1.681000000000000000e+03,1.243705947081032104e+00
1.682000000000000000e+03,1.200169168396749919e+00
1.683000000000000000e+03,1.160138264656894735e+00
1.684000000000000000e+03,1.258405391959419584e+00
1.685000000000000000e+03,1.183564861667530499e+00
1.686000000000000000e+03,1.223287571607108548e+00
1.687000000000000000e+03,1.157550297246080939e+00
1.688000000000000000e+03,1.290367197798892862e+00
1.689000000000000000e+03,1.274282737259052167e+00
1.690000000000000000e+03,1.216900656134000336e+00
1.691000000000000000e+03,1.228220908250623911e+00
1.692000000000000000e+03,1.214587657935724208e+00
1.693000000000000000e+03,1.201481499223560512e+00
1.694000000000000000e+03,1.197303288763115869e+00
1.695000000000000000e+03,1.157453120256975554e+00
1.696000000000000000e+03,1.289476942689439243e+00
1.697000000000000000e+03,1.231965956166548803e+00
1.698000000000000000e+03,1.221534700129721651e+00
1.699000000000000000e+03,1.240880528350284173e+00
1.700000000000000000e+03,1.241235917230154806e+00
1.701000000000000000e+03,1.232591097372678135e+00
1.702000000000000000e+03,1.182892701903921262e+00
1.703000000000000000e+03,1.163303683120907595e+00
1.704000000000000000e+03,1.212451805353315537e+00
1.705000000000000000e+03,1.239335868833908672e+00
1.706000000000000000e+03,1.187959777612633827e+00
1.707000000000000000e+03,1.186576889501824938e+00
1.708000000000000000e+03,1.258726072405058405e+00
1.709000000000000000e+03,1.210427363866098061e+00
1.710000000000000000e+03,1.208812868063489310e+00
1.711000000000000000e+03,1.166802047962107070e+00
1.712000000000000000e+03,1.302123256536383389e+00
1.713000000000000000e+03,1.274856476643584591e+00
1.714000000000000000e+03,1.266742054405400886e+00
1.715000000000000000e+03,1.270085372858941852e+00
1.716000000000000000e+03,1.229176208428639283e+00
1.717000000000000000e+03,1.189592411601915867e+00
1.718000000000000000e+03,1.269136588402123733e+00
1.719000000000000000e+03,1.227285593741943792e+00
1.720000000000000000e+03,1.184831188291037396e+00
1.721000000000000000e+03,1.203536827760142813e+00
1.722000000000000000e+03,1.227561907459670199e+00
1.723000000000000000e+03,1.259304703651096258e+00
1.724000000000000000e+03,1.228579660649686822e+00
1.725000000000000000e+03,1.230869010354599391e+00
1.726000000000000000e+03,1.249594777010998525e+00
1.727000000000000000e+03,1.233590230623041295e+00
1.728000000000000000e+03,1.189811385585485048e+00
1.729000000000000000e+03,1.196696932588127371e+00
1.730000000000000000e+03,1.166881651914123630e+00
1.731000000000000000e+03,1.169690911852239168e+00
1.732000000000000000e+03,1.217137055374125199e+00
1.733000000000000000e+03,1.154310487238673577e+00
1.734000000000000000e+03,1.297919018077194453e+00
1.735000000000000000e+03,1.213707715494587447e+00
1.736000000000000000e+03,1.291922248582490163e+00
1.737000000000000000e+03,1.219396081640256035e+00
1.738000000000000000e+03,1.251851779280743759e+00
1.739000000000000000e+03,1.213943497945185079e+00
1.740000000000000000e+03,1.236020173901744679e+00
1.741000000000000000e+03,1.260554272946838417e+00
1.742000000000000000e+03,1.224569920412587276e+00
1.743000000000000000e+03,1.209866902407577438e+00
1.744000000000000000e+03,1.247356231553090167e+00
1.745000000000000000e+03,1.170978249622889100e+00
1.746000000000000000e+03,1.272172260665457300e+00
1.747000000000000000e+03,1.284663216388464813e+00
1.748000000000000000e+03,1.252268823753142080e+00
1.749000000000000000e+03,1.175772354584627477e+00
1.750000000000000000e+03,1.186711779210826601e+00
1.751000000000000000e+03,1.178329529315165880e+00
1.752000000000000000e+03,1.210882688435731991e+00
1.753000000000000000e+03,1.175091233882634034e+00
1.754000000000000000e+03,1.234059154153116955e+00
1.755000000000000000e+03,1.199434926359449927e+00
1.756000000000000000e+03,1.158194446239260600e+00
1.757000000000000000e+03,1.138382112794140255e+00
1.758000000000000000e+03,1.224894030458731464e+00
1.759000000000000000e+03,1.222049185406208105e+00
1.760000000000000000e+03,1.200926763512122353e+00
1.761000000000000000e+03,1.217733349067208648e+00
1.762000000000000000e+03,1.260045523367330444e+00
1.763000000000000000e+03,1.207800801964158843e+00
1.764000000000000000e+03,1.202657347719680470e+00
1.765000000000000000e+03,1.295039290765444218e+00
1.766000000000000000e+03,1.274183785724350981e+00
1.767000000000000000e+03,1.206947369696169226e+00
1.768000000000000000e+03,1.137904838419526055e+00
1.769000000000000000e+03,1.157428069229664347e+00
1.770000000000000000e+03,1.174063368077622682e+00
1.771000000000000000e+03,1.167857225794116438e+00
1.772000000000000000e+03,1.193978165089439880e+00
1.773000000000000000e+03,1.160178468564997400e+00
1.774000000000000000e+03,1.174318756906997496e+00
1.775000000000000000e+03,1.183354639788299023e+00
1.776000000000000000e+03,1.143586921335420392e+00
1.777000000000000000e+03,1.130293114944771471e+00
1.778000000000000000e+03,1.227905794417326391e+00
1.779000000000000000e+03,1.275386016321618854e+00
1.780000000000000000e+03,1.246065950519049892e+00
1.781000000000000000e+03,1.272916416691823205e+00
1.782000000000000000e+03,1.226430229158630425e+00
1.783000000000000000e+03,1.186832207163662778e+00
1.784000000000000000e+03,1.186372741445230750e+00
1.785000000000000000e+03,1.281882991734695221e+00
1.786000000000000000e+03,1.196376960844260928e+00
1.787000000000000000e+03,1.109013227279480818e+00
1.788000000000000000e+03,1.116636928775020632e+00
1.789000000000000000e+03,1.162724530351165519e+00
1.790000000000000000e+03,1.189220748147282736e+00
1.791000000000000000e+03,1.225029726442857125e+00
1.792000000000000000e+03,1.363458762536765123e+00
1.793000000000000000e+03,1.231440646141363393e+00
1.794000000000000000e+03,1.153281074486335100e+00
1.795000000000000000e+03,1.193050333316360234e+00
1.796000000000000000e+03,1.182585486978681155e+00
1.797000000000000000e+03,1.190861836409224495e+00
1.798000000000000000e+03,1.248066740837038724e+00
1.799000000000000000e+03,1.229407234253860670e+00
1.800000000000000000e+03,1.176988784345802896e+00
1.801000000000000000e+03,1.249491925222373290e+00
1.802000000000000000e+03,1.264233598061245578e+00
1.803000000000000000e+03,1.228107507548058308e+00
1.804000000000000000e+03,1.212664255993233242e+00
1.805000000000000000e+03,1.216469547070479829e+00
1.806000000000000000e+03,1.236200199647926823e+00
1.807000000000000000e+03,1.274551047265401360e+00
1.808000000000000000e+03,1.222670255447430243e+00
1.809000000000000000e+03,1.196670435243236019e+00
1.810000000000000000e+03,1.171945311610379958e+00
1.811000000000000000e+03,1.120408800620903866e+00
1.812000000000000000e+03,1.203553043600729122e+00
1.813000000000000000e+03,1.247733456826364273e+00
1.814000000000000000e+03,1.225079921403210204e+00
1.815000000000000000e+03,1.152831997281261511e+00
1.816000000000000000e+03,1.156188253604503835e+00
1.817000000000000000e+03,1.205708428526647502e+00
1.818000000000000000e+03,1.157197233519618118e+00
1.819000000000000000e+03,1.253523542520178946e+00
1.820000000000000000e+03,1.184997280669166209e+00
1.821000000000000000e+03,1.216075389698118236e+00
1.822000000000000000e+03,1.274313019219794008e+00
1.823000000000000000e+03,1.276430552236354821e+00
1.824000000000000000e+03,1.272463910734580539e+00
1.825000000000000000e+03,1.193842183768141663e+00
1.826000000000000000e+03,1.199420767418143630e+00
1.827000000000000000e+03,1.230474712504126655e+00
1.828000000000000000e+03,1.143588369918369763e+00
1.829000000000000000e+03,1.226044529016824036e+00
1.830000000000000000e+03,1.171023631532059017e+00
1.831000000000000000e+03,1.185507921660076347e+00
1.832000000000000000e+03,1.271310500918420461e+00
1.833000000000000000e+03,1.169687526261038668e+00
1.834000000000000000e+03,1.229932896388566066e+00
1.835000000000000000e+03,1.177459545852139300e+00
1.836000000000000000e+03,1.186950187058165129e+00
1.837000000000000000e+03,1.167174455839121272e+00
1.838000000000000000e+03,1.130132543149255930e+00
1.839000000000000000e+03,1.243170281450004522e+00
1.840000000000000000e+03,1.144255020745227558e+00
1.841000000000000000e+03,1.234962220133740241e+00
1.842000000000000000e+03,1.188616117069172695e+00
1.843000000000000000e+03,1.232036600987196584e+00
1.844000000000000000e+03,1.242374237895405020e+00
1.845000000000000000e+03,1.136007231357370140e+00
1.846000000000000000e+03,1.195307641698858170e+00
1.847000000000000000e+03,1.235731696890350673e+00
1.848000000000000000e+03,1.189919345773815973e+00
1.849000000000000000e+03,1.154691167330357038e+00
1.850000000000000000e+03,1.211048315277313048e+00
1.851000000000000000e+03,1.216522895539964955e+00
1.852000000000000000e+03,1.156391199656444213e+00
1.853000000000000000e+03,1.204412156523545940e+00
1.854000000000000000e+03,1.205157815072782412e+00
1.855000000000000000e+03,1.263622900630685164e+00
1.856000000000000000e+03,1.279919891875725302e+00
1.857000000000000000e+03,1.258397674519097675e+00
1.858000000000000000e+03,1.193497766202032295e+00
1.859000000000000000e+03,1.216989562516093581e+00
1.860000000000000000e+03,1.228218624475791332e+00
1.861000000000000000e+03,1.214346141666488910e+00
1.862000000000000000e+03,1.238381846630334016e+00
1.863000000000000000e+03,1.280271464053956088e+00
1.864000000000000000e+03,1.232024794044341620e+00
1.865000000000000000e+03,1.270180945454773003e+00
1.866000000000000000e+03,1.207905465803088996e+00
1.867000000000000000e+03,1.156012466442475350e+00
1.868000000000000000e+03,1.284666681820728407e+00
1.869000000000000000e+03,1.248653494053008295e+00
1.870000000000000000e+03,1.241138182502785181e+00
1.871000000000000000e+03,1.273534907381690617e+00
1.872000000000000000e+03,1.208813251478520812e+00
1.873000000000000000e+03,1.201658267659334589e+00
1.874000000000000000e+03,1.195805621435701127e+00
1.875000000000000000e+03,1.161790881695241362e+00
1.876000000000000000e+03,1.174221015629083320e+00
1.877000000000000000e+03,1.109469222628151730e+00
1.878000000000000000e+03,1.224275359656536777e+00
1.879000000000000000e+03,1.104980755930940806e+00
1.880000000000000000e+03,1.182940996738582884e+00
1.881000000000000000e+03,1.223390016734509977e+00
1.882000000000000000e+03,1.248782942142718344e+00
1.883000000000000000e+03,1.191292728504884435e+00
1.884000000000000000e+03,1.169912744879380906e+00
1.885000000000000000e+03,1.231076398309596698e+00
1.886000000000000000e+03,1.187766481630241566e+00
1.887000000000000000e+03,1.237146137651841116e+00
1.888000000000000000e+03,1.198589054088459616e+00
1.889000000000000000e+03,1.176807333113287779e+00
1.890000000000000000e+03,1.213023384015140760e+00
1.891000000000000000e+03,1.198031312750104327e+00
1.892000000000000000e+03,1.139603033670549603e+00
1.893000000000000000e+03,1.261031519715798410e+00
1.894000000000000000e+03,1.192418776421481308e+00
1.895000000000000000e+03,1.219949970240765236e+00
1.896000000000000000e+03,1.280973496340534590e+00
1.897000000000000000e+03,1.180108773297040115e+00
1.898000000000000000e+03,1.265655217370748042e+00
1.899000000000000000e+03,1.277818453332340454e+00
1.900000000000000000e+03,1.262962507190916517e+00
1.901000000000000000e+03,1.215956444397348513e+00
1.902000000000000000e+03,1.201714288225012472e+00
1.903000000000000000e+03,1.202743234209396439e+00
1.904000000000000000e+03,1.244794617255171154e+00
1.905000000000000000e+03,1.158675228763765608e+00
1.906000000000000000e+03,1.238577498183243364e+00
1.907000000000000000e+03,1.207976518086708584e+00
1.908000000000000000e+03,1.238768706605720693e+00
1.909000000000000000e+03,1.249793021326951914e+00
1.910000000000000000e+03,1.215202290037173061e+00
1.911000000000000000e+03,1.248676036380898857e+00
1.912000000000000000e+03,1.245635727785572522e+00
1.913000000000000000e+03,1.125239048773902573e+00
1.914000000000000000e+03,1.169810283162032727e+00
1.915000000000000000e+03,1.153512724903539288e+00
1.916000000000000000e+03,1.222792020005595726e+00
1.917000000000000000e+03,1.162052891055049386e+00
1.918000000000000000e+03,1.218031848081498891e+00
1.919000000000000000e+03,1.168969332778507342e+00
1.920000000000000000e+03,1.255651404315239139e+00
1.921000000000000000e+03,1.196904321338631449e+00
1.922000000000000000e+03,1.181997469648286003e+00
1.923000000000000000e+03,1.224011146557909990e+00
1.924000000000000000e+03,1.167218370969275165e+00
1.925000000000000000e+03,1.242059945981546676e+00
1.926000000000000000e+03,1.193865084979763846e+00
1.927000000000000000e+03,1.221816665597349916e+00
1.928000000000000000e+03,1.237775969460449543e+00
1.929000000000000000e+03,1.239132412980981091e+00
1.930000000000000000e+03,1.134084505634895157e+00
1.931000000000000000e+03,1.198030462551987974e+00
1.932000000000000000e+03,1.196605131734932215e+00
1.933000000000000000e+03,1.208721604721012755e+00
1.934000000000000000e+03,1.261878790482099832e+00
1.935000000000000000e+03,1.271528583532676393e+00
1.936000000000000000e+03,1.251997566076802348e+00
1.937000000000000000e+03,1.200102756684652050e+00
1.938000000000000000e+03,1.194894204956117312e+00
1.939000000000000000e+03,1.130486045225433278e+00
1.940000000000000000e+03,1.123768390410855966e+00
1.941000000000000000e+03,1.156657907182158107e+00
1.942000000000000000e+03,1.163685521540275269e+00
1.943000000000000000e+03,1.216743896864977303e+00
1.944000000000000000e+03,1.225308424902144200e+00
1.945000000000000000e+03,1.196404944366703083e+00
1.946000000000000000e+03,1.252910547097661809e+00
1.947000000000000000e+03,1.105595281004055019e+00
1.948000000000000000e+03,1.141962136119507809e+00
1.949000000000000000e+03,1.255530441640606565e+00
1.950000000000000000e+03,1.283834710806650792e+00
1.951000000000000000e+03,1.214678169750079251e+00
1.952000000000000000e+03,1.331955248728764474e+00
1.953000000000000000e+03,1.142911034638167456e+00
1.954000000000000000e+03,1.190038251976502703e+00
1.955000000000000000e+03,1.199269746482217514e+00
1.956000000000000000e+03,1.136513112219508237e+00
1.957000000000000000e+03,1.232103633167708656e+00
1.958000000000000000e+03,1.155117395102075228e+00
1.959000000000000000e+03,1.176937778930374989e+00
1.960000000000000000e+03,1.244109120644647071e+00
1.961000000000000000e+03,1.258711687913980359e+00
1.962000000000000000e+03,1.170157015806959411e+00
1.963000000000000000e+03,1.243782300682624964e+00
1.964000000000000000e+03,1.216676386583309233e+00
1.965000000000000000e+03,1.215194565843629615e+00
1.966000000000000000e+03,1.262055670065611146e+00
1.967000000000000000e+03,1.192581287431342174e+00
1.968000000000000000e+03,1.266902685000073969e+00
1.969000000000000000e+03,1.196485846424220068e+00
1.970000000000000000e+03,1.264522972900069098e+00
1.971000000000000000e+03,1.244274966535580340e+00
1.972000000000000000e+03,1.258658188376860165e+00
1.973000000000000000e+03,1.213647670330608275e+00
1.974000000000000000e+03,1.170316049100166955e+00
1.975000000000000000e+03,1.172008437559043825e+00
1.976000000000000000e+03,1.159981006675542492e+00
1.977000000000000000e+03,1.151728038054710357e+00
1.978000000000000000e+03,1.221238961785015675e+00
1.979000000000000000e+03,1.183484268614750867e+00
1.980000000000000000e+03,1.251667078510909636e+00
1.981000000000000000e+03,1.219559555300603337e+00
1.982000000000000000e+03,1.201254046448200219e+00
1.983000000000000000e+03,1.189721442115824424e+00
1.984000000000000000e+03,1.270705054703690440e+00
1.985000000000000000e+03,1.151545343972006252e+00
1.986000000000000000e+03,1.254625357295179988e+00
1.987000000000000000e+03,1.236023346057016692e+00
1.988000000000000000e+03,1.238638377822638637e+00
1.989000000000000000e+03,1.201000421536120966e+00
1.990000000000000000e+03,1.226256735677476284e+00
1.991000000000000000e+03,1.245841049469178285e+00
1.992000000000000000e+03,1.175061934913263384e+00
1.993000000000000000e+03,1.234966326484294274e+00
1.994000000000000000e+03,1.271979593343342874e+00
1.995000000000000000e+03,1.171188062754338288e+00
1.996000000000000000e+03,1.250447633955341420e+00
1.997000000000000000e+03,1.212676338085007188e+00
1.998000000000000000e+03,1.186348537266985748e+00
1.999000000000000000e+03,1.208427854769005938e+00
2.000000000000000000e+03,1.236708790213373099e+00
2.001000000000000000e+03,1.177114436437823652e+00
2.002000000000000000e+03,1.208409174649688111e+00
2.003000000000000000e+03,1.204668619205254920e+00
2.004000000000000000e+03,1.245458076865590957e+00
2.005000000000000000e+03,1.256784632283800329e+00
2.006000000000000000e+03,1.211899425439690647e+00
2.007000000000000000e+03,1.324278609501162052e+00
2.008000000000000000e+03,1.275768822259863766e+00
2.009000000000000000e+03,1.270310513252318696e+00
2.010000000000000000e+03,1.209850220244131469e+00
2.011000000000000000e+03,1.293152408440514822e+00
2.012000000000000000e+03,1.254567214825510701e+00
2.013000000000000000e+03,1.318160443103845614e+00
2.014000000000000000e+03,1.272213589826507674e+00
2.015000000000000000e+03,1.304480032951496726e+00
2.016000000000000000e+03,1.245405717389484579e+00
2.017000000000000000e+03,1.266437387527930447e+00
2.018000000000000000e+03,1.213603797571734200e+00
2.019000000000000000e+03,1.201455924626080529e+00
2.020000000000000000e+03,1.194580990398449671e+00
2.021000000000000000e+03,1.285183697034595118e+00
2.022000000000000000e+03,1.229070521095777302e+00
2.023000000000000000e+03,1.213213980715549090e+00
2.024000000000000000e+03,1.277842145952325259e+00
2.025000000000000000e+03,1.226511946649120777e+00
2.026000000000000000e+03,1.268606283300108606e+00
2.027000000000000000e+03,1.167230145009897635e+00
2.028000000000000000e+03,1.169275024138604735e+00
2.029000000000000000e+03,1.195195038428567891e+00
2.030000000000000000e+03,1.169927597323422441e+00
2.031000000000000000e+03,1.222726343450798225e+00
2.032000000000000000e+03,1.198914391492347020e+00
2.033000000000000000e+03,1.209762348441570934e+00
2.034000000000000000e+03,1.293927097546850868e+00
2.035000000000000000e+03,1.198828317806268862e+00
2.036000000000000000e+03,1.202901571232944278e+00
2.037000000000000000e+03,1.204997281770300077e+00
2.038000000000000000e+03,1.218580874470308828e+00
2.039000000000000000e+03,1.212442088164458420e+00
2.040000000000000000e+03,1.280265462780302066e+00
2.041000000000000000e+03,1.266699657900942189e+00
2.042000000000000000e+03,1.310661519601132197e+00
2.043000000000000000e+03,1.155566065097010542e+00
2.044000000000000000e+03,1.214933613657373623e+00
2.045000000000000000e+03,1.168063842616920534e+00
2.046000000000000000e+03,1.173553386981051272e+00
2.047000000000000000e+03,1.213077719473403704e+00
2.048000000000000000e+03,2.971325514329498318e+00
2.049000000000000000e+03,2.435141875380678833e+00
2.050000000000000000e+03,2.100976536618458734e+00
2.051000000000000000e+03,1.896454255829804314e+00
2.052000000000000000e+03,1.539680227835435566e+00
2.053000000000000000e+03,1.401716291929652858e+00
2.054000000000000000e+03,1.420274393058278850e+00
2.055000000000000000e+03,1.375775687010232673e+00
2.056000000000000000e+03,1.418978395647921387e+00
2.057000000000000000e+03,1.396495900882064989e+00
2.058000000000000000e+03,1.265032473404366531e+00
2.059000000000000000e+03,1.380404947387054104e+00
2.060000000000000000e+03,1.287530567570955409e+00
2.061000000000000000e+03,1.335802671854700474e+00
2.062000000000000000e+03,1.322731233142860452e+00
2.063000000000000000e+03,1.326555395558260297e+00
2.064000000000000000e+03,1.252681228026977234e+00
2.065000000000000000e+03,1.331438389730858818e+00
2.066000000000000000e+03,1.364214718292553696e+00
2.067000000000000000e+03,1.296428359198261271e+00
2.068000000000000000e+03,1.329966320401152036e+00
2.069000000000000000e+03,1.338306039291148775e+00
2.070000000000000000e+03,1.238261751560592039e+00
2.071000000000000000e+03,1.251947802623753381e+00
2.072000000000000000e+03,1.209802941473121729e+00
2.073000000000000000e+03,1.289706232839683331e+00
2.074000000000000000e+03,1.287378985108497575e+00
2.075000000000000000e+03,1.255890474139250479e+00
2.076000000000000000e+03,1.272683727142740251e+00
2.077000000000000000e+03,1.260137135186381707e+00
2.078000000000000000e+03,1.202784782535881725e+00
2.079000000000000000e+03,1.218843127644239077e+00
2.080000000000000000e+03,1.283145096590484924e+00
2.081000000000000000e+03,1.243720782991891260e+00
2.082000000000000000e+03,1.239158817581029970e+00
2.083000000000000000e+03,1.256442334308780717e+00
2.084000000000000000e+03,1.236146766154444299e+00
2.085000000000000000e+03,1.305986806474771278e+00
2.086000000000000000e+03,1.270672776721588182e+00
2.087000000000000000e+03,1.228389148812105924e+00
2.088000000000000000e+03,1.320118749016290227e+00
2.089000000000000000e+03,1.235214128747104567e+00
2.090000000000000000e+03,1.257249577643841709e+00
2.091000000000000000e+03,1.274982962145605025e+00
2.092000000000000000e+03,1.193531162385985889e+00
2.093000000000000000e+03,1.177386132222538295e+00
2.094000000000000000e+03,1.281728345305806371e+00
2.095000000000000000e+03,1.219069443945170583e+00
2.096000000000000000e+03,1.243845476785156556e+00
2.097000000000000000e+03,1.210895782006941035e+00
2.098000000000000000e+03,1.228249023333815693e+00
2.099000000000000000e+03,1.263451249451964742e+00
2.100000000000000000e+03,1.266238328998242402e+00
2.101000000000000000e+03,1.299604962751582882e+00
2.102000000000000000e+03,1.209383757005325855e+00
2.103000000000000000e+03,1.250929019354589444e+00
2.104000000000000000e+03,1.374704590703877960e+00
2.105000000000000000e+03,1.278515043746853319e+00
2.106000000000000000e+03,1.296868687071198067e+00
2.107000000000000000e+03,1.319134769088606163e+00
2.108000000000000000e+03,1.286717306716464559e+00
2.109000000000000000e+03,1.242265245189828171e+00
2.110000000000000000e+03,1.205320091881051159e+00
2.111000000000000000e+03,1.247591406737380781e+00
2.112000000000000000e+03,1.227359250162136650e+00
2.113000000000000000e+03,1.242432713010870771e+00
2.114000000000000000e+03,1.191687749922833772e+00
2.115000000000000000e+03,1.244823975193941834e+00
2.116000000000000000e+03,1.329667266192271047e+00
2.117000000000000000e+03,1.290763184469550851e+00
2.118000000000000000e+03,1.220316524889458965e+00
2.119000000000000000e+03,1.241529464582858067e+00
2.120000000000000000e+03,1.272799259190818377e+00
2.121000000000000000e+03,1.267229104550392282e+00
2.122000000000000000e+03,1.251142951900966693e+00
2.123000000000000000e+03,1.210445509026433886e+00
2.124000000000000000e+03,1.186137349702272026e+00
2.125000000000000000e+03,1.140149478780345893e+00
2.126000000000000000e+03,1.235701928041793352e+00
2.127000000000000000e+03,1.276663259326262789e+00
2.128000000000000000e+03,1.197054246126995736e+00
2.129000000000000000e+03,1.215672332472783390e+00
2.130000000000000000e+03,1.229099790330942410e+00
2.131000000000000000e+03,1.253652518318667086e+00
2.132000000000000000e+03,1.232257998095680707e+00
2.133000000000000000e+03,1.210604416200436129e+00
2.134000000000000000e+03,1.273728530633517764e+00
2.135000000000000000e+03,1.231684274483202834e+00
2.136000000000000000e+03,1.212020326395571335e+00
2.137000000000000000e+03,1.193528719417372486e+00
2.138000000000000000e+03,1.240886582968256491e+00
2.139000000000000000e+03,1.169201942666798333e+00
2.140000000000000000e+03,1.201839898514371008e+00
2.141000000000000000e+03,1.222650564937767248e+00
2.142000000000000000e+03,1.166207334244030669e+00
2.143000000000000000e+03,1.167336214509433256e+00
2.144000000000000000e+03,1.192403849953361794e+00
2.145000000000000000e+03,1.174453736829571993e+00
2.146000000000000000e+03,1.240898727638299670e+00
2.147000000000000000e+03,1.195402825232599442e+00
2.148000000000000000e+03,1.225212816787167869e+00
2.149000000000000000e+03,1.369971576675063751e+00
2.150000000000000000e+03,1.316104883988540308e+00
2.151000000000000000e+03,1.232808649718396321e+00
2.152000000000000000e+03,1.173844818481988295e+00
2.153000000000000000e+03,1.271114932379982854e+00
2.154000000000000000e+03,1.238373666468348899e+00
2.155000000000000000e+03,1.205182231779469815e+00
2.156000000000000000e+03,1.253252629793120798e+00
2.157000000000000000e+03,1.250560453544527384e+00
2.158000000000000000e+03,1.203049188351706489e+00
2.159000000000000000e+03,1.200867854961390702e+00
2.160000000000000000e+03,1.211667966153284093e+00
2.161000000000000000e+03,1.168609506775608153e+00
2.162000000000000000e+03,1.221087782720556403e+00
2.163000000000000000e+03,1.293458814723951633e+00
2.164000000000000000e+03,1.292564706385484374e+00
2.165000000000000000e+03,1.212598141142340991e+00
2.166000000000000000e+03,1.162729615168648367e+00
2.167000000000000000e+03,1.216156636060611085e+00
2.168000000000000000e+03,1.209659563234769974e+00
2.169000000000000000e+03,1.304887951259082746e+00
2.170000000000000000e+03,1.229433483149206641e+00
2.171000000000000000e+03,1.178812003129753094e+00
2.172000000000000000e+03,1.174440833143027607e+00
2.173000000000000000e+03,1.253014809293906184e+00
2.174000000000000000e+03,1.199159990422425048e+00
2.175000000000000000e+03,1.217987800435492041e+00
2.176000000000000000e+03,1.248111903399068412e+00
2.177000000000000000e+03,1.191031982465303063e+00
2.178000000000000000e+03,1.310485254562461677e+00
2.179000000000000000e+03,1.268166392792893671e+00
2.180000000000000000e+03,1.221399872199313563e+00
2.181000000000000000e+03,1.245188912258819336e+00
2.182000000000000000e+03,1.268153736116765407e+00
2.183000000000000000e+03,1.220068470230899704e+00
2.184000000000000000e+03,1.244811207357222393e+00
2.185000000000000000e+03,1.203045298432907195e+00
2.186000000000000000e+03,1.204527612767751554e+00
2.187000000000000000e+03,1.283183807917944730e+00
2.188000000000000000e+03,1.253426880294351564e+00
2.189000000000000000e+03,1.249909715506458019e+00
2.190000000000000000e+03,1.131392872315074349e+00
2.191000000000000000e+03,1.250648661074249546e+00
2.192000000000000000e+03,1.255344918142742072e+00
2.193000000000000000e+03,1.136352392135858480e+00
2.194000000000000000e+03,1.219086223339268749e+00
2.195000000000000000e+03,1.196438771507837284e+00
2.196000000000000000e+03,1.191824589110505261e+00
2.197000000000000000e+03,1.170619115312502734e+00
2.198000000000000000e+03,1.168906912467232884e+00
2.199000000000000000e+03,1.246993480875190352e+00
2.200000000000000000e+03,1.153274039288082919e+00
2.201000000000000000e+03,1.226959376409661795e+00
2.202000000000000000e+03,1.223689868108059908e+00
2.203000000000000000e+03,1.217650968332290251e+00
2.204000000000000000e+03,1.195431214329628178e+00
2.205000000000000000e+03,1.261176780007276621e+00
2.206000000000000000e+03,1.217673074836140401e+00
2.207000000000000000e+03,1.321538193294822250e+00
2.208000000000000000e+03,1.174645922197839143e+00
2.209000000000000000e+03,1.285826003931717532e+00
2.210000000000000000e+03,1.286875674980048956e+00
2.211000000000000000e+03,1.217873174046678164e+00
2.212000000000000000e+03,1.267042881659260489e+00
2.213000000000000000e+03,1.247673278081421255e+00
2.214000000000000000e+03,1.251791781233343226e+00
2.215000000000000000e+03,1.156389375731859959e+00
2.216000000000000000e+03,1.177206389504160899e+00
2.217000000000000000e+03,1.208477897290164194e+00
2.218000000000000000e+03,1.220937979517654481e+00
2.219000000000000000e+03,1.166650165817113560e+00
2.220000000000000000e+03,1.133392080381218303e+00
2.221000000000000000e+03,1.150202848114952214e+00
2.222000000000000000e+03,1.239189099564768526e+00
2.223000000000000000e+03,1.202310259565775530e+00
2.224000000000000000e+03,1.244158646748265262e+00
2.225000000000000000e+03,1.200657549960174597e+00
2.226000000000000000e+03,1.171455503028536516e+00
2.227000000000000000e+03,1.220620993730896275e+00
2.228000000000000000e+03,1.212642036884629348e+00
2.229000000000000000e+03,1.175712980681550279e+00
2.230000000000000000e+03,1.196431715769972870e+00
2.231000000000000000e+03,1.187321621274627370e+00
2.232000000000000000e+03,1.248237935666433263e+00
2.233000000000000000e+03,1.191939303058431765e+00
2.234000000000000000e+03,1.167934069106117745e+00
2.235000000000000000e+03,1.228906208600206718e+00
2.236000000000000000e+03,1.341962946540691259e+00
2.237000000000000000e+03,1.257921694042247074e+00
2.238000000000000000e+03,1.322817680992035339e+00
2.239000000000000000e+03,1.295710345590654011e+00
2.240000000000000000e+03,1.222631954618889072e+00
2.241000000000000000e+03,1.180090577958492037e+00
2.242000000000000000e+03,1.186899680578241467e+00
2.243000000000000000e+03,1.217944904927345195e+00
2.244000000000000000e+03,1.141667252480907502e+00
2.245000000000000000e+03,1.191290030450217641e+00
2.246000000000000000e+03,1.258283073168195987e+00
2.247000000000000000e+03,1.239356740280118885e+00
2.248000000000000000e+03,1.271898570529137018e+00
2.249000000000000000e+03,1.245567454082701087e+00
2.250000000000000000e+03,1.266198651215280302e+00
2.251000000000000000e+03,1.229076074129367369e+00
2.252000000000000000e+03,1.154998029930291326e+00
2.253000000000000000e+03,1.200129891240866220e+00
2.254000000000000000e+03,1.226700071612020881e+00
2.255000000000000000e+03,1.299049019379520775e+00
2.256000000000000000e+03,1.186003317924166911e+00
2.257000000000000000e+03,1.203078064725511931e+00
2.258000000000000000e+03,1.172190326622619905e+00
2.259000000000000000e+03,1.249694732162749844e+00
2.260000000000000000e+03,1.268943032375688285e+00
2.261000000000000000e+03,1.268291810611248627e+00
2.262000000000000000e+03,1.282566466825557638e+00
2.263000000000000000e+03,1.230364303470703247e+00
2.264000000000000000e+03,1.220563793039817879e+00
2.265000000000000000e+03,1.248882888609003761e+00
2.266000000000000000e+03,1.267001841463833101e+00
2.267000000000000000e+03,1.227903460284404558e+00
2.268000000000000000e+03,1.265144863976322531e+00
2.269000000000000000e+03,1.297170112187760349e+00
2.270000000000000000e+03,1.282507054460492402e+00
2.271000000000000000e+03,1.187817102359771448e+00
2.272000000000000000e+03,1.249715162421483505e+00
2.273000000000000000e+03,1.228973195985671563e+00
2.274000000000000000e+03,1.265457041348907019e+00
2.275000000000000000e+03,1.197832563858000743e+00
2.276000000000000000e+03,1.268527260424972880e+00
2.277000000000000000e+03,1.283067794042266341e+00
2.278000000000000000e+03,1.190841221246654591e+00
2.279000000000000000e+03,1.261504014315535382e+00
2.280000000000000000e+03,1.209480376838199200e+00
2.281000000000000000e+03,1.169543448353753679e+00
2.282000000000000000e+03,1.202530048962067832e+00
2.283000000000000000e+03,1.247549524570010782e+00
2.284000000000000000e+03,1.227848922598619996e+00
2.285000000000000000e+03,1.256762888489942442e+00
2.286000000000000000e+03,1.264536242997827298e+00
2.287000000000000000e+03,1.215299297483203977e+00
2.288000000000000000e+03,1.280950487807010596e+00
2.289000000000000000e+03,1.282285013030470155e+00
2.290000000000000000e+03,1.188526994160953310e+00
2.291000000000000000e+03,1.218720014128920059e+00
2.292000000000000000e+03,1.180713953345786882e+00
2.293000000000000000e+03,1.156960608581697469e+00
2.294000000000000000e+03,1.199120710531759393e+00
2.295000000000000000e+03,1.194863743522778909e+00
2.296000000000000000e+03,1.174848419656312926e+00
2.297000000000000000e+03,1.161794985555764548e+00
2.298000000000000000e+03,1.189478404187938043e+00
2.299000000000000000e+03,1.213359601161192014e+00
2.300000000000000000e+03,1.258727342800551430e+00
2.301000000000000000e+03,1.241042686804349371e+00
2.302000000000000000e+03,1.247933721055394019e+00
2.303000000000000000e+03,1.215735811268755517e+00
2.304000000000000000e+03,1.283108250717976073e+00
2.305000000000000000e+03,1.175168845942458740e+00
2.306000000000000000e+03,1.176732251023832942e+00
2.307000000000000000e+03,1.192203900843330722e+00
2.308000000000000000e+03,1.219412710532163935e+00
2.309000000000000000e+03,1.237458692166845120e+00
2.310000000000000000e+03,1.207213853723895447e+00
2.311000000000000000e+03,1.177330377682993090e+00
2.312000000000000000e+03,1.217634407274138075e+00
2.313000000000000000e+03,1.137442859085654900e+00
2.314000000000000000e+03,1.121349378843577327e+00
2.315000000000000000e+03,1.153006200850591689e+00
2.316000000000000000e+03,1.199081888166208643e+00
2.317000000000000000e+03,1.184764242712689875e+00
2.318000000000000000e+03,1.263690566130073911e+00
2.319000000000000000e+03,1.215804381133737122e+00
2.320000000000000000e+03,1.219903481004931622e+00
2.321000000000000000e+03,1.224797545884038996e+00
2.322000000000000000e+03,1.218689910707823953e+00
2.323000000000000000e+03,1.168822025019107924e+00
2.324000000000000000e+03,1.187248059815715795e+00
2.325000000000000000e+03,1.267328805594822416e+00
2.326000000000000000e+03,1.304073029796134486e+00
2.327000000000000000e+03,1.273290833903485630e+00
2.328000000000000000e+03,1.163496282204958598e+00
2.329000000000000000e+03,1.200267050463680540e+00
2.330000000000000000e+03,1.274447248617023076e+00
2.331000000000000000e+03,1.259138927386954876e+00
2.332000000000000000e+03,1.267747090365613616e+00
2.333000000000000000e+03,1.253991851925027712e+00
2.334000000000000000e+03,1.202092793142404137e+00
2.335000000000000000e+03,1.244977571996435550e+00
2.336000000000000000e+03,1.229252776696334148e+00
2.337000000000000000e+03,1.199860191797516906e+00
2.338000000000000000e+03,1.205282644689422700e+00
2.339000000000000000e+03,1.217986281262248394e+00
2.340000000000000000e+03,1.195903840057251699e+00
2.341000000000000000e+03,1.171473831094933304e+00
2.342000000000000000e+03,1.231397173085592822e+00
2.343000000000000000e+03,1.192472337243235092e+00
2.344000000000000000e+03,1.192168506958507956e+00
2.345000000000000000e+03,1.236208140667070854e+00
2.346000000000000000e+03,1.213313488076969593e+00
2.347000000000000000e+03,1.237873400808360280e+00
2.348000000000000000e+03,1.194816613839280839e+00
2.349000000000000000e+03,1.225321294969786479e+00
2.350000000000000000e+03,1.240628232997187386e+00
2.351000000000000000e+03,1.212317801164401132e+00
2.352000000000000000e+03,1.248015641788479790e+00
2.353000000000000000e+03,1.241195427040418187e+00
2.354000000000000000e+03,1.208575195973711880e+00
2.355000000000000000e+03,1.185963959882070817e+00
2.356000000000000000e+03,1.223714713501216300e+00
2.357000000000000000e+03,1.233459280101699473e+00
2.358000000000000000e+03,1.294256019095528121e+00
2.359000000000000000e+03,1.280484343928681712e+00
2.360000000000000000e+03,1.174292453855392937e+00
2.361000000000000000e+03,1.229534566129887985e+00
2.362000000000000000e+03,1.286464734034019619e+00
2.363000000000000000e+03,1.206982193549715809e+00
2.364000000000000000e+03,1.170334032445204731e+00
2.365000000000000000e+03,1.212404612531934545e+00
2.366000000000000000e+03,1.286439609963841102e+00
2.367000000000000000e+03,1.175340440940522369e+00
2.368000000000000000e+03,1.226585964082190339e+00
2.369000000000000000e+03,1.186417419745318558e+00
2.370000000000000000e+03,1.142430265061092021e+00
2.371000000000000000e+03,1.211258369715368710e+00
2.372000000000000000e+03,1.137604342333575991e+00
2.373000000000000000e+03,1.208032036875532622e+00
2.374000000000000000e+03,1.228003107842757347e+00
2.375000000000000000e+03,1.270929507205157183e+00
2.376000000000000000e+03,1.288124852005325893e+00
2.377000000000000000e+03,1.206561394927299968e+00
2.378000000000000000e+03,1.167190884635130654e+00
2.379000000000000000e+03,1.235563685779859755e+00
2.380000000000000000e+03,1.279627089453597488e+00
2.381000000000000000e+03,1.228649732090683511e+00
2.382000000000000000e+03,1.203811493381840236e+00
2.383000000000000000e+03,1.193989048049442392e+00
2.384000000000000000e+03,1.260884758838616726e+00
2.385000000000000000e+03,1.234843799500559447e+00
2.386000000000000000e+03,1.226111443614124719e+00
2.387000000000000000e+03,1.182647268514674499e+00
2.388000000000000000e+03,1.212042458851444238e+00
2.389000000000000000e+03,1.188449536516187344e+00
2.390000000000000000e+03,1.257948691373202976e+00
2.391000000000000000e+03,1.232602308108686096e+00
2.392000000000000000e+03,1.231931154863016964e+00
2.393000000000000000e+03,1.231498467302060584e+00
2.394000000000000000e+03,1.172607034240581214e+00
2.395000000000000000e+03,1.193398456777170269e+00
2.396000000000000000e+03,1.209713179180268661e+00
2.397000000000000000e+03,1.189341665628236289e+00
2.398000000000000000e+03,1.231972006266828457e+00
2.399000000000000000e+03,1.200054995921730594e+00
2.400000000000000000e+03,1.287173833926171351e+00
2.401000000000000000e+03,1.276450588764526328e+00
2.402000000000000000e+03,1.316650821186519105e+00
2.403000000000000000e+03,1.257047162076136759e+00
2.404000000000000000e+03,1.239423335389643555e+00
2.405000000000000000e+03,1.185438826597965178e+00
2.406000000000000000e+03,1.235951104753764795e+00
2.407000000000000000e+03,1.217514578562724159e+00
2.408000000000000000e+03,1.226413079633335901e+00
2.409000000000000000e+03,1.242807224984450176e+00
2.410000000000000000e+03,1.143318153421086114e+00
2.411000000000000000e+03,1.256941911855929073e+00
2.412000000000000000e+03,1.164153381667532239e+00
2.413000000000000000e+03,1.196490871383109278e+00
2.414000000000000000e+03,1.184617679003573176e+00
2.415000000000000000e+03,1.213067600305711480e+00
2.416000000000000000e+03,1.165010351061919414e+00
2.417000000000000000e+03,1.150055536966041903e+00
2.418000000000000000e+03,1.208617018036453494e+00
2.419000000000000000e+03,1.223142823079272468e+00
2.420000000000000000e+03,1.256344593634341589e+00
2.421000000000000000e+03,1.235555392896246607e+00
2.422000000000000000e+03,1.290566705777901557e+00
2.423000000000000000e+03,1.200453542852864874e+00
2.424000000000000000e+03,1.180359521361713737e+00
2.425000000000000000e+03,1.222167937618783506e+00
2.426000000000000000e+03,1.202878941749983666e+00
2.427000000000000000e+03,1.189383532693977674e+00
2.428000000000000000e+03,1.186078551551136284e+00
2.429000000000000000e+03,1.215527803787821881e+00
2.430000000000000000e+03,1.217332674860595265e+00
2.431000000000000000e+03,1.187132522883060703e+00
2.432000000000000000e+03,1.127898636870428239e+00
2.433000000000000000e+03,1.277216785925427978e+00
2.434000000000000000e+03,1.179234188646785420e+00
2.435000000000000000e+03,1.181964973278809339e+00
2.436000000000000000e+03,1.234815353233430280e+00
2.437000000000000000e+03,1.225940515463596947e+00
2.438000000000000000e+03,1.206092751331016233e+00
2.439000000000000000e+03,1.165886207756008597e+00
2.440000000000000000e+03,1.231328833104587517e+00
2.441000000000000000e+03,1.161272549237108986e+00
2.442000000000000000e+03,1.232097063175358276e+00
2.443000000000000000e+03,1.200442204637022225e+00
2.444000000000000000e+03,1.210837100891536622e+00
2.445000000000000000e+03,1.255835998156985767e+00
2.446000000000000000e+03,1.246607014957097803e+00
2.447000000000000000e+03,1.225888467035898044e+00
2.448000000000000000e+03,1.215550432294721928e+00
2.449000000000000000e+03,1.101161339501688152e+00
2.450000000000000000e+03,1.232494170769108388e+00
2.451000000000000000e+03,1.205065475331920544e+00
2.452000000000000000e+03,1.128073111003454088e+00
2.453000000000000000e+03,1.192756530344845300e+00
2.454000000000000000e+03,1.227322172479583307e+00
2.455000000000000000e+03,1.165418159572966017e+00
2.456000000000000000e+03,1.183366101952146199e+00
2.457000000000000000e+03,1.161913010874789043e+00
2.458000000000000000e+03,1.273491576906611078e+00
2.459000000000000000e+03,1.200919209592643977e+00
2.460000000000000000e+03,1.156864625864617357e+00
2.461000000000000000e+03,1.225214047447942267e+00
2.462000000000000000e+03,1.159813990455009547e+00
2.463000000000000000e+03,1.224710290361314735e+00
2.464000000000000000e+03,1.188753677199160030e+00
2.465000000000000000e+03,1.179730774972029161e+00
2.466000000000000000e+03,1.203604520979995263e+00
2.467000000000000000e+03,1.251065946914139637e+00
2.468000000000000000e+03,1.211258484245853806e+00
2.469000000000000000e+03,1.206777027602959684e+00
2.470000000000000000e+03,1.120196385407874251e+00
2.471000000000000000e+03,1.175466746397265894e+00
2.472000000000000000e+03,1.220360898863727339e+00
2.473000000000000000e+03,1.188602323399200245e+00
2.474000000000000000e+03,1.156329901803989868e+00
2.475000000000000000e+03,1.193725955719897591e+00
2.476000000000000000e+03,1.242302067101442642e+00
2.477000000000000000e+03,1.263878637060478205e+00
2.478000000000000000e+03,1.279793029305366314e+00
2.479000000000000000e+03,1.201313918779226775e+00
2.480000000000000000e+03,1.173296908390007776e+00
2.481000000000000000e+03,1.226427659790137126e+00
2.482000000000000000e+03,1.166556335326560223e+00
2.483000000000000000e+03,1.220484415594814909e+00
2.484000000000000000e+03,1.201947416288248194e+00
2.485000000000000000e+03,1.231394839822791853e+00
2.486000000000000000e+03,1.216701191024245121e+00
2.487000000000000000e+03,1.195180726378211933e+00
2.488000000000000000e+03,1.252693787763123234e+00
2.489000000000000000e+03,1.212926449094018588e+00
2.490000000000000000e+03,1.302537615812368932e+00
2.491000000000000000e+03,1.191976025157192254e+00
2.492000000000000000e+03,1.123601804691721551e+00
2.493000000000000000e+03,1.149668503833709110e+00
2.494000000000000000e+03,1.225153159384222645e+00
2.495000000000000000e+03,1.227202944794968387e+00
2.496000000000000000e+03,1.190784841891021184e+00
2.497000000000000000e+03,1.198008914857498830e+00
2.498000000000000000e+03,1.192064005381367586e+00
2.499000000000000000e+03,1.273734117362082419e+00
2.500000000000000000e+03,1.207356943749195555e+00
2.501000000000000000e+03,1.215615480603840171e+00
2.502000000000000000e+03,1.189831212960941187e+00
2.503000000000000000e+03,1.207384930106288223e+00
2.504000000000000000e+03,1.216144977011178741e+00
2.505000000000000000e+03,1.214275026926424861e+00
2.506000000000000000e+03,1.185080162034310103e+00
2.507000000000000000e+03,1.322128549715954726e+00
2.508000000000000000e+03,1.218013725512553824e+00
2.509000000000000000e+03,1.215522881380331821e+00
2.510000000000000000e+03,1.227970511382050045e+00
2.511000000000000000e+03,1.154743770953636561e+00
2.512000000000000000e+03,1.151601884066610015e+00
2.513000000000000000e+03,1.190089975475056017e+00
2.514000000000000000e+03,1.255421904813401435e+00
2.515000000000000000e+03,1.221313751790363389e+00
2.516000000000000000e+03,1.166986619664784897e+00
2.517000000000000000e+03,1.257611066087627405e+00
2.518000000000000000e+03,1.290578566270736749e+00
2.519000000000000000e+03,1.296973682191978172e+00
2.520000000000000000e+03,1.179362479344900683e+00
2.521000000000000000e+03,1.209884653606202232e+00
2.522000000000000000e+03,1.169252094284850330e+00
2.523000000000000000e+03,1.200306725209481895e+00
2.524000000000000000e+03,1.208558213749329591e+00
2.525000000000000000e+03,1.263806710710142278e+00
2.526000000000000000e+03,1.134642266111052900e+00
2.527000000000000000e+03,1.196885957751489649e+00
2.528000000000000000e+03,1.251908244554202021e+00
2.529000000000000000e+03,1.240952555015944370e+00
2.530000000000000000e+03,1.144208403111549588e+00
2.531000000000000000e+03,1.210550048169164672e+00
2.532000000000000000e+03,1.159185083678330175e+00
2.533000000000000000e+03,1.259446100301224281e+00
2.534000000000000000e+03,1.223505782208446746e+00
2.535000000000000000e+03,1.188603471756266794e+00
2.536000000000000000e+03,1.275843136391959565e+00
2.537000000000000000e+03,1.243606031013017699e+00
2.538000000000000000e+03,1.196914958216313885e+00
2.539000000000000000e+03,1.163425138664394121e+00
2.540000000000000000e+03,1.240015881677581921e+00
2.541000000000000000e+03,1.214302465414065946e+00
2.542000000000000000e+03,1.199322922553279769e+00
2.543000000000000000e+03,1.206526983854349977e+00
2.544000000000000000e+03,1.241657618290315179e+00
2.545000000000000000e+03,1.205634973114501962e+00
2.546000000000000000e+03,1.183918145006040978e+00
2.547000000000000000e+03,1.183033460448928320e+00
2.548000000000000000e+03,1.221504740837011216e+00
2.549000000000000000e+03,1.193165762257522688e+00
2.550000000000000000e+03,1.202737328088050228e+00
2.551000000000000000e+03,1.198065750054157608e+00
2.552000000000000000e+03,1.223212572996581926e+00
2.553000000000000000e+03,1.202888367584203477e+00
2.554000000000000000e+03,1.168621660857206646e+00
2.555000000000000000e+03,1.221363401535562332e+00
2.556000000000000000e+03,1.214697297053027869e+00
2.557000000000000000e+03,1.207732756254792150e+00
2.558000000000000000e+03,1.191083549081906501e+00
2.559000000000000000e+03,1.236865347158718320e+00
2.560000000000000000e+03,1.144328883499853289e+00
2.561000000000000000e+03,1.231327905225508834e+00
2.562000000000000000e+03,1.199203405955655555e+00
2.563000000000000000e+03,1.190716111225593288e+00
2.564000000000000000e+03,1.195638742513256192e+00
2.565000000000000000e+03,1.257084889307860331e+00
2.566000000000000000e+03,1.267304384012511331e+00
2.567000000000000000e+03,1.179266570299573713e+00
2.568000000000000000e+03,1.216751426288083415e+00
2.569000000000000000e+03,1.223483200011323158e+00
2.570000000000000000e+03,1.255917440292760645e+00
2.571000000000000000e+03,1.277689511729858785e+00
2.572000000000000000e+03,1.284929838936978541e+00
2.573000000000000000e+03,1.253068257406207087e+00
2.574000000000000000e+03,1.130731039544158101e+00
2.575000000000000000e+03,1.193780452392880331e+00
2.576000000000000000e+03,1.154720876113937145e+00
2.577000000000000000e+03,1.149352487615483476e+00
2.578000000000000000e+03,1.164500801436188837e+00
2.579000000000000000e+03,1.248929351964758849e+00
2.580000000000000000e+03,1.150949706407005113e+00
2.581000000000000000e+03,1.262302616526444599e+00
2.582000000000000000e+03,1.213765976590306606e+00
2.583000000000000000e+03,1.239331291281604353e+00
2.584000000000000000e+03,1.239581313992511813e+00
2.585000000000000000e+03,1.206825415169566984e+00
2.586000000000000000e+03,1.221735894171016357e+00
2.587000000000000000e+03,1.194380251295917406e+00
2.588000000000000000e+03,1.215514447275265475e+00
2.589000000000000000e+03,1.220058648178633520e+00
2.590000000000000000e+03,1.210374870775331901e+00
2.591000000000000000e+03,1.192258554434541651e+00
2.592000000000000000e+03,1.182901144124903547e+00
2.593000000000000000e+03,1.231163565737334098e+00
2.594000000000000000e+03,1.263913655349794940e+00
2.595000000000000000e+03,1.192604801258541958e+00
2.596000000000000000e+03,1.199285144712544549e+00
2.597000000000000000e+03,1.255598625154487280e+00
2.598000000000000000e+03,1.314017932180572501e+00
2.599000000000000000e+03,1.223738151063089807e+00
2.600000000000000000e+03,1.192324625561055562e+00
2.601000000000000000e+03,1.281461380741875766e+00
2.602000000000000000e+03,1.196718619237918668e+00
2.603000000000000000e+03,1.162908988443289715e+00
2.604000000000000000e+03,1.147607876131186533e+00
2.605000000000000000e+03,1.185353430444300749e+00
2.606000000000000000e+03,1.271463436395508184e+00
2.607000000000000000e+03,1.197158218972707244e+00
2.608000000000000000e+03,1.233320415590442032e+00
2.609000000000000000e+03,1.244037560116010077e+00
2.610000000000000000e+03,1.145490130585551380e+00
2.611000000000000000e+03,1.229572204630247079e+00
2.612000000000000000e+03,1.159949349642292793e+00
2.613000000000000000e+03,1.235851767389484879e+00
2.614000000000000000e+03,1.225304824652529101e+00
2.615000000000000000e+03,1.154110121688975754e+00
2.616000000000000000e+03,1.146243614902948016e+00
2.617000000000000000e+03,1.231734879103313807e+00
2.618000000000000000e+03,1.207790892876729583e+00
2.619000000000000000e+03,1.269855998590910362e+00
2.620000000000000000e+03,1.164264377027491859e+00
2.621000000000000000e+03,1.164327381222201696e+00
2.622000000000000000e+03,1.088489189615974517e+00
2.623000000000000000e+03,1.179432977030648866e+00
2.624000000000000000e+03,1.266488906827451855e+00
2.625000000000000000e+03,1.230686701146003648e+00
2.626000000000000000e+03,1.223381942594123251e+00
2.627000000000000000e+03,1.201912004815258950e+00
2.628000000000000000e+03,1.186704036031864362e+00
2.629000000000000000e+03,1.178049819582210223e+00
2.630000000000000000e+03,1.190046991893014994e+00
2.631000000000000000e+03,1.267258298125337079e+00
2.632000000000000000e+03,1.211585596366046014e+00
2.633000000000000000e+03,1.173667247630736821e+00
2.634000000000000000e+03,1.190861790150588462e+00
2.635000000000000000e+03,1.211315162982944393e+00
2.636000000000000000e+03,1.239383322475820393e+00
2.637000000000000000e+03,1.321871000902361537e+00
2.638000000000000000e+03,1.204394885266751203e+00
2.639000000000000000e+03,1.241282657734944950e+00
2.640000000000000000e+03,1.160017387050270354e+00
2.641000000000000000e+03,1.221861032255754820e+00
2.642000000000000000e+03,1.218269929647639804e+00
2.643000000000000000e+03,1.231635873530735781e+00
2.644000000000000000e+03,1.231090107707233594e+00
2.645000000000000000e+03,1.242913616583937841e+00
2.646000000000000000e+03,1.194622714658287732e+00
2.647000000000000000e+03,1.210388379837312289e+00
2.648000000000000000e+03,1.279339227165825710e+00
2.649000000000000000e+03,1.207893580135810163e+00
2.650000000000000000e+03,1.168609093929865006e+00
2.651000000000000000e+03,1.245425621253269055e+00
2.652000000000000000e+03,1.179699238186767030e+00
2.653000000000000000e+03,1.257997471792662081e+00
2.654000000000000000e+03,1.198664703041760760e+00
2.655000000000000000e+03,1.254289292636340258e+00
2.656000000000000000e+03,1.268737935923550664e+00
2.657000000000000000e+03,1.201948669816701232e+00
2.658000000000000000e+03,1.307668410284752669e+00
2.659000000000000000e+03,1.259898991310272720e+00
2.660000000000000000e+03,1.224715207616756008e+00
2.661000000000000000e+03,1.244234451568996924e+00
2.662000000000000000e+03,1.226877793948304207e+00
2.663000000000000000e+03,1.212813568574037104e+00
2.664000000000000000e+03,1.244453495402152887e+00
2.665000000000000000e+03,1.283017217629400131e+00
2.666000000000000000e+03,1.193175145445728447e+00
2.667000000000000000e+03,1.228763441453523564e+00
2.668000000000000000e+03,1.219015579562792606e+00
2.669000000000000000e+03,1.174869614229029358e+00
2.670000000000000000e+03,1.197279085425561496e+00
2.671000000000000000e+03,1.169161432155431335e+00
2.672000000000000000e+03,1.215204192177258058e+00
2.673000000000000000e+03,1.135573929183111952e+00
2.674000000000000000e+03,1.217506008206781454e+00
2.675000000000000000e+03,1.203786955768128886e+00
2.676000000000000000e+03,1.170101495991190399e+00
2.677000000000000000e+03,1.171225805076499427e+00
2.678000000000000000e+03,1.273493862758796613e+00
2.679000000000000000e+03,1.230671844408622206e+00
2.680000000000000000e+03,1.261015974730824274e+00
2.681000000000000000e+03,1.180284609403029483e+00
2.682000000000000000e+03,1.221856908007516784e+00
2.683000000000000000e+03,1.204145537625854301e+00
2.684000000000000000e+03,1.098241968026308912e+00
2.685000000000000000e+03,1.239346862895587487e+00
2.686000000000000000e+03,1.236551611519331129e+00
2.687000000000000000e+03,1.182418539738184782e+00
2.688000000000000000e+03,1.183987436156453299e+00
2.689000000000000000e+03,1.216839593588263657e+00
2.690000000000000000e+03,1.191863398643014493e+00
2.691000000000000000e+03,1.227444207257546882e+00
2.692000000000000000e+03,1.134417792622987031e+00
2.693000000000000000e+03,1.190648414957122148e+00
2.694000000000000000e+03,1.270408742437972416e+00
2.695000000000000000e+03,1.222995496896077894e+00
2.696000000000000000e+03,1.176224049619736700e+00
2.697000000000000000e+03,1.296205665406207519e+00
2.698000000000000000e+03,1.153979501153006515e+00
2.699000000000000000e+03,1.239870540356211803e+00
2.700000000000000000e+03,1.221431861965526666e+00
2.701000000000000000e+03,1.207553751886696114e+00
2.702000000000000000e+03,1.152590014003523677e+00
2.703000000000000000e+03,1.249297809212639887e+00
2.704000000000000000e+03,1.230104065768181654e+00
2.705000000000000000e+03,1.272801131016177534e+00
2.706000000000000000e+03,1.164162862815175670e+00
2.707000000000000000e+03,1.214590319876593050e+00
2.708000000000000000e+03,1.116309959786953909e+00
2.709000000000000000e+03,1.231150878872853571e+00
2.710000000000000000e+03,1.238783532000525156e+00
2.711000000000000000e+03,1.183353657374987655e+00
2.712000000000000000e+03,1.220204556827426456e+00
2.713000000000000000e+03,1.184899660963164347e+00
2.714000000000000000e+03,1.245206877983168203e+00
2.715000000000000000e+03,1.151230895189864434e+00
2.716000000000000000e+03,1.230474917563780579e+00
2.717000000000000000e+03,1.264628438989368941e+00
2.718000000000000000e+03,1.232050562969922547e+00
2.719000000000000000e+03,1.294970347925094467e+00
2.720000000000000000e+03,1.207507337169599682e+00
2.721000000000000000e+03,1.225857815005590767e+00
2.722000000000000000e+03,1.302035080052355243e+00
2.723000000000000000e+03,1.162019226470791367e+00
2.724000000000000000e+03,1.211632275525072577e+00
2.725000000000000000e+03,1.192035215274386939e+00
2.726000000000000000e+03,1.153480684557143920e+00
2.727000000000000000e+03,1.218656736329464030e+00
2.728000000000000000e+03,1.164829516578353541e+00
2.729000000000000000e+03,1.252877457462249211e+00
2.730000000000000000e+03,1.235017064478481252e+00
2.731000000000000000e+03,1.254585678809777782e+00
2.732000000000000000e+03,1.221162601997090702e+00
2.733000000000000000e+03,1.163529865339320457e+00
2.734000000000000000e+03,1.152321092004207292e+00
2.735000000000000000e+03,1.232524153407468459e+00
2.736000000000000000e+03,1.206925992256252522e+00
2.737000000000000000e+03,1.207007569960830473e+00
2.738000000000000000e+03,1.159559813816053664e+00
2.739000000000000000e+03,1.238889821125932711e+00
2.740000000000000000e+03,1.187998136899872881e+00
2.741000000000000000e+03,1.179489631657377746e+00
2.742000000000000000e+03,1.196530702790640444e+00
2.743000000000000000e+03,1.205952711360561036e+00
2.744000000000000000e+03,1.262591494776216905e+00
2.745000000000000000e+03,1.214420934463648294e+00
2.746000000000000000e+03,1.218242968162750683e+00
2.747000000000000000e+03,1.276984409973410450e+00
2.748000000000000000e+03,1.205578229111612387e+00
2.749000000000000000e+03,1.229522803414913712e+00
2.750000000000000000e+03,1.136326042050173735e+00
2.751000000000000000e+03,1.175977987958161108e+00
2.752000000000000000e+03,1.207149346021207270e+00
2.753000000000000000e+03,1.222196840418771746e+00
2.754000000000000000e+03,1.279961033704439366e+00
2.755000000000000000e+03,1.177956105777888896e+00
2.756000000000000000e+03,1.161248916276295562e+00
2.757000000000000000e+03,1.217969068368838004e+00
2.758000000000000000e+03,1.151928126524568885e+00
2.759000000000000000e+03,1.208275896122284365e+00
2.760000000000000000e+03,1.261167747466512834e+00
2.761000000000000000e+03,1.256696766604125326e+00
2.762000000000000000e+03,1.292190050672207491e+00
2.763000000000000000e+03,1.217833417379125649e+00
2.764000000000000000e+03,1.262112505844143806e+00
2.765000000000000000e+03,1.219798514094330377e+00
2.766000000000000000e+03,1.233116269127360054e+00
2.767000000000000000e+03,1.207120592380137802e+00
2.768000000000000000e+03,1.232280438594337779e+00
2.769000000000000000e+03,1.239828955139222977e+00
2.770000000000000000e+03,1.194896503169861068e+00
2.771000000000000000e+03,1.185494133593166577e+00
2.772000000000000000e+03,1.275448420812226979e+00
2.773000000000000000e+03,1.241107803293681311e+00
2.774000000000000000e+03,1.258155712910121959e+00
2.775000000000000000e+03,1.154023693426470265e+00
2.776000000000000000e+03,1.250490812112846406e+00
2.777000000000000000e+03,1.227952232456276604e+00
2.778000000000000000e+03,1.235086751126955651e+00
2.779000000000000000e+03,1.144633856292963880e+00
2.780000000000000000e+03,1.218189863794217009e+00
2.781000000000000000e+03,1.156733051927743672e+00
2.782000000000000000e+03,1.307843262581050547e+00
2.783000000000000000e+03,1.238696441492577405e+00
2.784000000000000000e+03,1.289156459333264504e+00
2.785000000000000000e+03,1.267812445779883612e+00
2.786000000000000000e+03,1.297679779392342692e+00
2.787000000000000000e+03,1.288649656221146023e+00
2.788000000000000000e+03,1.218038248705667348e+00
2.789000000000000000e+03,1.163326114460249361e+00
2.790000000000000000e+03,1.214347745883686436e+00
2.791000000000000000e+03,1.176771770706330988e+00
2.792000000000000000e+03,1.241983005133359352e+00
2.793000000000000000e+03,1.212614132862845251e+00
2.794000000000000000e+03,1.179031214287473928e+00
2.795000000000000000e+03,1.190187236135188620e+00
2.796000000000000000e+03,1.207015346332195538e+00
2.797000000000000000e+03,1.248887816015231911e+00
2.798000000000000000e+03,1.237048771908756173e+00
2.799000000000000000e+03,1.194613105981732648e+00
2.800000000000000000e+03,1.242084451311446402e+00
2.801000000000000000e+03,1.257713778218430223e+00
2.802000000000000000e+03,1.178620971327174693e+00
2.803000000000000000e+03,1.221777724290890932e+00
2.804000000000000000e+03,1.233311559204731456e+00
2.805000000000000000e+03,1.259078871200663086e+00
2.806000000000000000e+03,1.139807630957771156e+00
2.807000000000000000e+03,1.238814897284452821e+00
2.808000000000000000e+03,1.187179778402942754e+00
2.809000000000000000e+03,1.177206453302588551e+00
2.810000000000000000e+03,1.194061199421954989e+00
2.811000000000000000e+03,1.264147711391411022e+00
2.812000000000000000e+03,1.168622946992662559e+00
2.813000000000000000e+03,1.223475605447752246e+00
2.814000000000000000e+03,1.173832844365276129e+00
2.815000000000000000e+03,1.205560288983554607e+00
2.816000000000000000e+03,1.170672418978055740e+00
2.817000000000000000e+03,1.188043092714038629e+00
2.818000000000000000e+03,1.200669581663485141e+00
2.819000000000000000e+03,1.187891583964671094e+00
2.820000000000000000e+03,1.212728450160004190e+00
2.821000000000000000e+03,1.279023108840836587e+00
2.822000000000000000e+03,1.214398007076133323e+00
2.823000000000000000e+03,1.312819228643758107e+00
2.824000000000000000e+03,1.298547589727869989e+00
2.825000000000000000e+03,1.231018058881502286e+00
2.826000000000000000e+03,1.255049979761995615e+00
2.827000000000000000e+03,1.231365706640182633e+00
2.828000000000000000e+03,1.150502220374547857e+00
2.829000000000000000e+03,1.192802074057043749e+00
2.830000000000000000e+03,1.205210399788299247e+00
2.831000000000000000e+03,1.146666833731546431e+00
2.832000000000000000e+03,1.158734769529312869e+00
2.833000000000000000e+03,1.204546862523930617e+00
2.834000000000000000e+03,1.170464766752268293e+00
2.835000000000000000e+03,1.190226076650490405e+00
2.836000000000000000e+03,1.134532987755617395e+00
2.837000000000000000e+03,1.162751010115404826e+00
2.838000000000000000e+03,1.152115603235446928e+00
2.839000000000000000e+03,1.160163515907011833e+00
2.840000000000000000e+03,1.152504589017547376e+00
2.841000000000000000e+03,1.221706732342082491e+00
2.842000000000000000e+03,1.237336130286354585e+00
2.843000000000000000e+03,1.311600546842589088e+00
2.844000000000000000e+03,1.201604986584377421e+00
2.845000000000000000e+03,1.208515645606363709e+00
2.846000000000000000e+03,1.172099288832199493e+00
2.847000000000000000e+03,1.258843750948397400e+00
2.848000000000000000e+03,1.248269561804295602e+00
2.849000000000000000e+03,1.223908612000728091e+00
2.850000000000000000e+03,1.148719736346419218e+00
2.851000000000000000e+03,1.227361934260571497e+00
2.852000000000000000e+03,1.153911392907607247e+00
2.853000000000000000e+03,1.260817398331149475e+00
2.854000000000000000e+03,1.266976470028119639e+00
2.855000000000000000e+03,1.253976977263069781e+00
2.856000000000000000e+03,1.222561901296058684e+00
2.857000000000000000e+03,1.238663307973601135e+00
2.858000000000000000e+03,1.212881968371674057e+00
2.859000000000000000e+03,1.215473203227598109e+00
2.860000000000000000e+03,1.251428717109682509e+00
2.861000000000000000e+03,1.236212667450234282e+00
2.862000000000000000e+03,1.127136777937391976e+00
2.863000000000000000e+03,1.214462322322926058e+00
2.864000000000000000e+03,1.203032030550478249e+00
2.865000000000000000e+03,1.266250823462428787e+00
2.866000000000000000e+03,1.214371762903065921e+00
2.867000000000000000e+03,1.263799173626031225e+00
2.868000000000000000e+03,1.229327183241569310e+00
2.869000000000000000e+03,1.219366944233055916e+00
2.870000000000000000e+03,1.162126580497614192e+00
2.871000000000000000e+03,1.211093623146090703e+00
2.872000000000000000e+03,1.186662556170965388e+00
2.873000000000000000e+03,1.180805336062574096e+00
2.874000000000000000e+03,1.201475508693609529e+00
2.875000000000000000e+03,1.207791711225933762e+00
2.876000000000000000e+03,1.225298937223975537e+00
2.877000000000000000e+03,1.217252885724263267e+00
2.878000000000000000e+03,1.219937079141360625e+00
2.879000000000000000e+03,1.189316721532919008e+00
2.880000000000000000e+03,1.206769538500007899e+00
2.881000000000000000e+03,1.262201951315522708e+00
2.882000000000000000e+03,1.218471511265533325e+00
2.883000000000000000e+03,1.238570785019728060e+00
2.884000000000000000e+03,1.233411038054858633e+00
2.885000000000000000e+03,1.223740656654102033e+00
2.886000000000000000e+03,1.222978621325208071e+00
2.887000000000000000e+03,1.318959403287333743e+00
2.888000000000000000e+03,1.287475225097147069e+00
2.889000000000000000e+03,1.314150641044421919e+00
2.890000000000000000e+03,1.286146999531524227e+00
2.891000000000000000e+03,1.223737551495299281e+00
2.892000000000000000e+03,1.219648928181962466e+00
2.893000000000000000e+03,1.171856981086719207e+00
2.894000000000000000e+03,1.176946179578285845e+00
2.895000000000000000e+03,1.260946058256448676e+00
2.896000000000000000e+03,1.203847769789485156e+00
2.897000000000000000e+03,1.210504594532417766e+00
2.898000000000000000e+03,1.261926083901932172e+00
2.899000000000000000e+03,1.162056651548589725e+00
2.900000000000000000e+03,1.149503714599304116e+00
2.901000000000000000e+03,1.095942685739413891e+00
2.902000000000000000e+03,1.150875638695210590e+00
2.903000000000000000e+03,1.200327117271247968e+00
2.904000000000000000e+03,1.242378615792302687e+00
2.905000000000000000e+03,1.257505618567290151e+00
2.906000000000000000e+03,1.222861617356722386e+00
2.907000000000000000e+03,1.215534642463267145e+00
2.908000000000000000e+03,1.203914494354139109e+00
2.909000000000000000e+03,1.125368134496179229e+00
2.910000000000000000e+03,1.165686175548871439e+00
2.911000000000000000e+03,1.185044185280219375e+00
2.912000000000000000e+03,1.244169091277509631e+00
2.913000000000000000e+03,1.167059614464829531e+00
2.914000000000000000e+03,1.172455521036598114e+00
2.915000000000000000e+03,1.182687996160708854e+00
2.916000000000000000e+03,1.201819253938275711e+00
2.917000000000000000e+03,1.246556348447513951e+00
2.918000000000000000e+03,1.222587255030056053e+00
2.919000000000000000e+03,1.346409333531757291e+00
2.920000000000000000e+03,1.227207802645990942e+00
2.921000000000000000e+03,1.148204999289075268e+00
2.922000000000000000e+03,1.291682672130428200e+00
2.923000000000000000e+03,1.184435526166217612e+00
2.924000000000000000e+03,1.272882145396692533e+00
2.925000000000000000e+03,1.188755798203843028e+00
2.926000000000000000e+03,1.216025336158543357e+00
2.927000000000000000e+03,1.229732529054207157e+00
2.928000000000000000e+03,1.250943131466854430e+00
2.929000000000000000e+03,1.295046961432684052e+00
2.930000000000000000e+03,1.270607121040755683e+00
2.931000000000000000e+03,1.270661436814926271e+00
2.932000000000000000e+03,1.243461895529957228e+00
2.933000000000000000e+03,1.243727426245381906e+00
2.934000000000000000e+03,1.220975364793090101e+00
2.935000000000000000e+03,1.163537060964774383e+00
2.936000000000000000e+03,1.247599150698687431e+00
2.937000000000000000e+03,1.203231848057144893e+00
2.938000000000000000e+03,1.256264990001793258e+00
2.939000000000000000e+03,1.234279373856430828e+00
2.940000000000000000e+03,1.205262337573579146e+00
2.941000000000000000e+03,1.292156123302975468e+00
2.942000000000000000e+03,1.237738326251087928e+00
2.943000000000000000e+03,1.260765181816896119e+00
2.944000000000000000e+03,1.194572128525993149e+00
2.945000000000000000e+03,1.216582928716569922e+00
2.946000000000000000e+03,1.195289021840540311e+00
2.947000000000000000e+03,1.243146218006025761e+00
2.948000000000000000e+03,1.291020089309964813e+00
2.949000000000000000e+03,1.245880913650237787e+00
2.950000000000000000e+03,1.127577222524048350e+00
2.951000000000000000e+03,1.222492949014414299e+00
2.952000000000000000e+03,1.217870001767589860e+00
2.953000000000000000e+03,1.204791967169649869e+00
2.954000000000000000e+03,1.171116150047970761e+00
2.955000000000000000e+03,1.156774034911949522e+00
2.956000000000000000e+03,1.186722978325108535e+00
2.957000000000000000e+03,1.187213145355524802e+00
2.958000000000000000e+03,1.173104567846500856e+00
2.959000000000000000e+03,1.183035088807535828e+00
2.960000000000000000e+03,1.200228725819713516e+00
2.961000000000000000e+03,1.192846285530399841e+00
2.962000000000000000e+03,1.180150140170389550e+00
2.963000000000000000e+03,1.133946030745782485e+00
2.964000000000000000e+03,1.292759562071200907e+00
2.965000000000000000e+03,1.274890225227528484e+00
2.966000000000000000e+03,1.305875241541750720e+00
2.967000000000000000e+03,1.235451809733326689e+00
2.968000000000000000e+03,1.236058670819237149e+00
2.969000000000000000e+03,1.231354204952184173e+00
2.970000000000000000e+03,1.316694637430358528e+00
2.971000000000000000e+03,1.173668483191536049e+00
2.972000000000000000e+03,1.162811385576286938e+00
2.973000000000000000e+03,1.154145921643601858e+00
2.974000000000000000e+03,1.182630523202461870e+00
2.975000000000000000e+03,1.182543751890679173e+00
2.976000000000000000e+03,1.230807630828211652e+00
2.977000000000000000e+03,1.143306366869594415e+00
2.978000000000000000e+03,1.212062071365808569e+00
2.979000000000000000e+03,1.155905132867778962e+00
2.980000000000000000e+03,1.133743065759085455e+00
2.981000000000000000e+03,1.193608289518854892e+00
2.982000000000000000e+03,1.226239199340930286e+00
2.983000000000000000e+03,1.220608351027254512e+00
2.984000000000000000e+03,1.227008908521407760e+00
2.985000000000000000e+03,1.250344749897429608e+00
2.986000000000000000e+03,1.219912662790196167e+00
2.987000000000000000e+03,1.216659876769854653e+00
2.988000000000000000e+03,1.254434670198202539e+00
2.989000000000000000e+03,1.252788194766512930e+00
2.990000000000000000e+03,1.287105063943366323e+00
2.991000000000000000e+03,1.304277347085878613e+00
2.992000000000000000e+03,1.200841240915536678e+00
2.993000000000000000e+03,1.164853873783580518e+00
2.994000000000000000e+03,1.164995216816231638e+00
2.995000000000000000e+03,1.194805070636891120e+00
2.996000000000000000e+03,1.189284028847953811e+00
2.997000000000000000e+03,1.184487012777843518e+00
2.998000000000000000e+03,1.195047456601020963e+00
2.999000000000000000e+03,1.233093345909183514e+00
3.000000000000000000e+03,1.243818654486139819e+00
3.001000000000000000e+03,1.239519792253521935e+00
3.002000000000000000e+03,1.163416424451944930e+00
3.003000000000000000e+03,1.163697165647783027e+00
3.004000000000000000e+03,1.277127956597948977e+00
3.005000000000000000e+03,1.176881012290192041e+00
3.006000000000000000e+03,1.256363745561295708e+00
3.007000000000000000e+03,1.255553249789865378e+00
3.008000000000000000e+03,1.226551983381569455e+00
3.009000000000000000e+03,1.233866432045415129e+00
3.010000000000000000e+03,1.235417062418834533e+00
3.011000000000000000e+03,1.215170851252416195e+00
3.012000000000000000e+03,1.235294515211681432e+00
3.013000000000000000e+03,1.219694664899856562e+00
3.014000000000000000e+03,1.109549296758119530e+00
3.015000000000000000e+03,1.163805751876617389e+00
3.016000000000000000e+03,1.198909156870339832e+00
3.017000000000000000e+03,1.219115795262542434e+00
3.018000000000000000e+03,1.266574974053469749e+00
3.019000000000000000e+03,1.170898910357328626e+00
3.020000000000000000e+03,1.281666935610892066e+00
3.021000000000000000e+03,1.268709784468899482e+00
3.022000000000000000e+03,1.187266630540940948e+00
3.023000000000000000e+03,1.143412266132862509e+00
3.024000000000000000e+03,1.186155820706406905e+00
3.025000000000000000e+03,1.189460957648365458e+00
3.026000000000000000e+03,1.171333245336487083e+00
3.027000000000000000e+03,1.155827871913800875e+00
3.028000000000000000e+03,1.221169759382693787e+00
3.029000000000000000e+03,1.187289594116581970e+00
3.030000000000000000e+03,1.213679111080332884e+00
3.031000000000000000e+03,1.245032216908574130e+00
3.032000000000000000e+03,1.324866945317781264e+00
3.033000000000000000e+03,1.249151539422424184e+00
3.034000000000000000e+03,1.130469602337049517e+00
3.035000000000000000e+03,1.186251354074377762e+00
3.036000000000000000e+03,1.229349592323717877e+00
3.037000000000000000e+03,1.186765498184485956e+00
3.038000000000000000e+03,1.213398214491474558e+00
3.039000000000000000e+03,1.284422066613061242e+00
3.040000000000000000e+03,1.234549770704334026e+00
3.041000000000000000e+03,1.253713160449443142e+00
3.042000000000000000e+03,1.223396121575203166e+00
3.043000000000000000e+03,1.189202644273323450e+00
3.044000000000000000e+03,1.256312322927308323e+00
3.045000000000000000e+03,1.268029517991012378e+00
3.046000000000000000e+03,1.187163123722097868e+00
3.047000000000000000e+03,1.219761628098779971e+00
3.048000000000000000e+03,1.149360304893594087e+00
3.049000000000000000e+03,1.241623569583978570e+00
3.050000000000000000e+03,1.213323356096690508e+00
3.051000000000000000e+03,1.215036693267965706e+00
3.052000000000000000e+03,1.137917306172365972e+00
3.053000000000000000e+03,1.199469323221536321e+00
3.054000000000000000e+03,1.155448299062010742e+00
3.055000000000000000e+03,1.223504438663028493e+00
3.056000000000000000e+03,1.194619282193621013e+00
3.057000000000000000e+03,1.257777255597081423e+00
3.058000000000000000e+03,1.167604966736767169e+00
3.059000000000000000e+03,1.250253590216761745e+00
3.060000000000000000e+03,1.191911400826932921e+00
3.061000000000000000e+03,1.263654559903222729e+00
3.062000000000000000e+03,1.214920011955384016e+00
3.063000000000000000e+03,1.156858369210973070e+00
3.064000000000000000e+03,1.137653512669895228e+00
3.065000000000000000e+03,1.243345346564029619e+00
3.066000000000000000e+03,1.268432668668556085e+00
3.067000000000000000e+03,1.257019014961591186e+00
3.068000000000000000e+03,1.235996658897631884e+00
3.069000000000000000e+03,1.168701142801585435e+00
3.070000000000000000e+03,1.243580991415925707e+00
3.071000000000000000e+03,1.160896767700865251e+00
3.072000000000000000e+03,1.213579900032083492e+00
3.073000000000000000e+03,1.224795524816846504e+00
3.074000000000000000e+03,1.249109488240934374e+00
3.075000000000000000e+03,1.242761674490665547e+00
3.076000000000000000e+03,1.225855602092213115e+00
3.077000000000000000e+03,1.265693686670026352e+00
3.078000000000000000e+03,1.243249652713521058e+00
3.079000000000000000e+03,1.196002098081506260e+00
3.080000000000000000e+03,1.097750368419760703e+00
3.081000000000000000e+03,1.272977586642186631e+00
3.082000000000000000e+03,1.255500373408912962e+00
3.083000000000000000e+03,1.194421450929770812e+00
3.084000000000000000e+03,1.205393372235469496e+00
3.085000000000000000e+03,1.295676351968299445e+00
3.086000000000000000e+03,1.281123346353509662e+00
3.087000000000000000e+03,1.332574509724890666e+00
3.088000000000000000e+03,1.290903621623785247e+00
3.089000000000000000e+03,1.264537518934409244e+00
3.090000000000000000e+03,1.246913719518255803e+00
3.091000000000000000e+03,1.281845920299264252e+00
3.092000000000000000e+03,1.288021809208300006e+00
3.093000000000000000e+03,1.260898555239745367e+00
3.094000000000000000e+03,1.145850572743083662e+00
3.095000000000000000e+03,1.236956818607043207e+00
3.096000000000000000e+03,1.178209736614207692e+00
3.097000000000000000e+03,1.173811720240528045e+00
3.098000000000000000e+03,1.187382686542174381e+00
3.099000000000000000e+03,1.149943826369629107e+00
3.100000000000000000e+03,1.170944030356240839e+00
3.101000000000000000e+03,1.224585891627102185e+00
3.102000000000000000e+03,1.274837261708271940e+00
3.103000000000000000e+03,1.231504454440019769e+00
3.104000000000000000e+03,1.232757090571964698e+00
3.105000000000000000e+03,1.158922690298760383e+00
3.106000000000000000e+03,1.166324979984499022e+00
3.107000000000000000e+03,1.151672751824328600e+00
3.108000000000000000e+03,1.223097792302622500e+00
3.109000000000000000e+03,1.172790228131497470e+00
3.110000000000000000e+03,1.213460658027972539e+00
3.111000000000000000e+03,1.192723622902587044e+00
3.112000000000000000e+03,1.178268864955912987e+00
3.113000000000000000e+03,1.221629172890476012e+00
3.114000000000000000e+03,1.175695968837183081e+00
3.115000000000000000e+03,1.165372405299201386e+00
3.116000000000000000e+03,1.151589575529654796e+00
3.117000000000000000e+03,1.183224503473642608e+00
3.118000000000000000e+03,1.165097295345161710e+00
3.119000000000000000e+03,1.237122551594810105e+00
3.120000000000000000e+03,1.193184351133304011e+00
3.121000000000000000e+03,1.187378825208904143e+00
3.122000000000000000e+03,1.262249877379949980e+00
3.123000000000000000e+03,1.204045436408914149e+00
3.124000000000000000e+03,1.181530665917909895e+00
3.125000000000000000e+03,1.232495382681539464e+00
3.126000000000000000e+03,1.166359420026832350e+00
3.127000000000000000e+03,1.176073807585492181e+00
3.128000000000000000e+03,1.151210585893276184e+00
3.129000000000000000e+03,1.194364208715735787e+00
3.130000000000000000e+03,1.270884567315317515e+00
3.131000000000000000e+03,1.250006217116934382e+00
3.132000000000000000e+03,1.259409162087473888e+00
3.133000000000000000e+03,1.173614090759787620e+00
3.134000000000000000e+03,1.286550727842846076e+00
3.135000000000000000e+03,1.248177532846895144e+00
3.136000000000000000e+03,1.184851579856301518e+00
3.137000000000000000e+03,1.198942782950152663e+00
3.138000000000000000e+03,1.203546952128483838e+00
3.139000000000000000e+03,1.180824714784759033e+00
3.140000000000000000e+03,1.180437632456274422e+00
3.141000000000000000e+03,1.092145622466067278e+00
3.142000000000000000e+03,1.248226761346379998e+00
3.143000000000000000e+03,1.148728152877930508e+00
3.144000000000000000e+03,1.150693037658490292e+00
3.145000000000000000e+03,1.177891039135999351e+00
3.146000000000000000e+03,1.175860667444216245e+00
3.147000000000000000e+03,1.245452051260484749e+00
3.148000000000000000e+03,1.253003293399596041e+00
3.149000000000000000e+03,1.181095022751749823e+00
3.150000000000000000e+03,1.241515948911546818e+00
3.151000000000000000e+03,1.182436917800513410e+00
3.152000000000000000e+03,1.321445678957169578e+00
3.153000000000000000e+03,1.233925054431578294e+00
3.154000000000000000e+03,1.214556130917425758e+00
3.155000000000000000e+03,1.185116434116284978e+00
3.156000000000000000e+03,1.290249990835367511e+00
3.157000000000000000e+03,1.186565753920059807e+00
3.158000000000000000e+03,1.230789600534304418e+00
3.159000000000000000e+03,1.191184129599310193e+00
3.160000000000000000e+03,1.182424589311249497e+00
3.161000000000000000e+03,1.185565187955550881e+00
3.162000000000000000e+03,1.203471541487312280e+00
3.163000000000000000e+03,1.226756308932704487e+00
3.164000000000000000e+03,1.218954701222525694e+00
3.165000000000000000e+03,1.195464366342502416e+00
3.166000000000000000e+03,1.189479282060162069e+00
3.167000000000000000e+03,1.195734644247604006e+00
3.168000000000000000e+03,1.175699107365814733e+00
3.169000000000000000e+03,1.146656449986492854e+00
3.170000000000000000e+03,1.199975007584582753e+00
3.171000000000000000e+03,1.210925356259633379e+00
3.172000000000000000e+03,1.202607318207590037e+00
3.173000000000000000e+03,1.270188303669813390e+00
3.174000000000000000e+03,1.299352604713853720e+00
3.175000000000000000e+03,1.307740054843202104e+00
3.176000000000000000e+03,1.259972159754039644e+00
3.177000000000000000e+03,1.247588652103603035e+00
3.178000000000000000e+03,1.214466879364340057e+00
3.179000000000000000e+03,1.232864203518925672e+00
3.180000000000000000e+03,1.212819219309903218e+00
3.181000000000000000e+03,1.150802612384257850e+00
3.182000000000000000e+03,1.203883679927356232e+00
3.183000000000000000e+03,1.194821479187187618e+00
3.184000000000000000e+03,1.135960495227905653e+00
3.185000000000000000e+03,1.179956213116825303e+00
3.186000000000000000e+03,1.221003896027403224e+00
3.187000000000000000e+03,1.179292456586854776e+00
3.188000000000000000e+03,1.225632390781455028e+00
3.189000000000000000e+03,1.247000805279786295e+00
3.190000000000000000e+03,1.177768115670318583e+00
3.191000000000000000e+03,1.224386492786992520e+00
3.192000000000000000e+03,1.272392900670164417e+00
3.193000000000000000e+03,1.164266053764044351e+00
3.194000000000000000e+03,1.262724211280373376e+00
3.195000000000000000e+03,1.241745803213356814e+00
3.196000000000000000e+03,1.199396248644540641e+00
3.197000000000000000e+03,1.261514990337064823e+00
3.198000000000000000e+03,1.169206323620260113e+00
3.199000000000000000e+03,1.186557288051256487e+00
3.200000000000000000e+03,1.240151245831854210e+00
3.201000000000000000e+03,1.193334337556287483e+00
3.202000000000000000e+03,1.245824829364931663e+00
3.203000000000000000e+03,1.177581186736285090e+00
3.204000000000000000e+03,1.249282660641650056e+00
3.205000000000000000e+03,1.217350014159150229e+00
3.206000000000000000e+03,1.299391203954172624e+00
3.207000000000000000e+03,1.195499242298456721e+00
3.208000000000000000e+03,1.272416584265154027e+00
3.209000000000000000e+03,1.310005627916063009e+00
3.210000000000000000e+03,1.246622208372748730e+00
3.211000000000000000e+03,1.163488009435360349e+00
3.212000000000000000e+03,1.183418490970984394e+00
3.213000000000000000e+03,1.290381014579859320e+00
3.214000000000000000e+03,1.193415779488225192e+00
3.215000000000000000e+03,1.255765674928838393e+00
3.216000000000000000e+03,1.218308626267180950e+00
3.217000000000000000e+03,1.201744754829722650e+00
3.218000000000000000e+03,1.214323875175417511e+00
3.219000000000000000e+03,1.228747205151298427e+00
3.220000000000000000e+03,1.183951510109301219e+00
3.221000000000000000e+03,1.160237939344548774e+00
3.222000000000000000e+03,1.223665960989458901e+00
3.223000000000000000e+03,1.150951964117323811e+00
3.224000000000000000e+03,1.213795412961869769e+00
3.225000000000000000e+03,1.169004774333042729e+00
3.226000000000000000e+03,1.228893831743228970e+00
3.227000000000000000e+03,1.172975219088653320e+00
3.228000000000000000e+03,1.170999437858479153e+00
3.229000000000000000e+03,1.144579299863602628e+00
3.230000000000000000e+03,1.205897971051541173e+00
3.231000000000000000e+03,1.244890639374161889e+00
3.232000000000000000e+03,1.189594247838678731e+00
3.233000000000000000e+03,1.213794852123321721e+00
3.234000000000000000e+03,1.227277450557741068e+00
3.235000000000000000e+03,1.181241168227649352e+00
3.236000000000000000e+03,1.150517414674245398e+00
3.237000000000000000e+03,1.164916605048442744e+00
3.238000000000000000e+03,1.234408413800678117e+00
3.239000000000000000e+03,1.280790286310795834e+00
3.240000000000000000e+03,1.235373327442560232e+00
3.241000000000000000e+03,1.310820979497287597e+00
3.242000000000000000e+03,1.188915186882018693e+00
3.243000000000000000e+03,1.194506031220369024e+00
3.244000000000000000e+03,1.257599579841442994e+00
3.245000000000000000e+03,1.235273435860158919e+00
3.246000000000000000e+03,1.219723498883778179e+00
3.247000000000000000e+03,1.281261937153052255e+00
3.248000000000000000e+03,1.269562666642097382e+00
3.249000000000000000e+03,1.281773532603888377e+00
3.250000000000000000e+03,1.245720916779124554e+00
3.251000000000000000e+03,1.207197453378216379e+00
3.252000000000000000e+03,1.248549331828093578e+00
3.253000000000000000e+03,1.182989867700950493e+00
3.254000000000000000e+03,1.207743582320561782e+00
3.255000000000000000e+03,1.225314548657372216e+00
3.256000000000000000e+03,1.159214369930266386e+00
3.257000000000000000e+03,1.212758118567425658e+00
3.258000000000000000e+03,1.154962206968561000e+00
3.259000000000000000e+03,1.210118860262791918e+00
3.260000000000000000e+03,1.241816349332451663e+00
3.261000000000000000e+03,1.156078953232863027e+00
3.262000000000000000e+03,1.215830645451521974e+00
3.263000000000000000e+03,1.237796671749877397e+00
3.264000000000000000e+03,1.262067135906503657e+00
3.265000000000000000e+03,1.310262539507526691e+00
3.266000000000000000e+03,1.212112917865401762e+00
3.267000000000000000e+03,1.270863174283014541e+00
3.268000000000000000e+03,1.268540940575699327e+00
3.269000000000000000e+03,1.184126494688131137e+00
3.270000000000000000e+03,1.124352850711839658e+00
3.271000000000000000e+03,1.197160291841175450e+00
3.272000000000000000e+03,1.227470196103734201e+00
3.273000000000000000e+03,1.308667622598068903e+00
3.274000000000000000e+03,1.271820961630444780e+00
3.275000000000000000e+03,1.229860241979133573e+00
3.276000000000000000e+03,1.256533151207581023e+00
3.277000000000000000e+03,1.277222711669173005e+00
3.278000000000000000e+03,1.222562947631567809e+00
3.279000000000000000e+03,1.277153635132367127e+00
3.280000000000000000e+03,1.170793407886493220e+00
3.281000000000000000e+03,1.238454011717959657e+00
3.282000000000000000e+03,1.184276032311444515e+00
3.283000000000000000e+03,1.241143208594833292e+00
3.284000000000000000e+03,1.183549349527114547e+00
3.285000000000000000e+03,1.234566827334218297e+00
3.286000000000000000e+03,1.269553166334865590e+00
3.287000000000000000e+03,1.282500922980523317e+00
3.288000000000000000e+03,1.260407256999529713e+00
3.289000000000000000e+03,1.269519576722086596e+00
3.290000000000000000e+03,1.204959606276739148e+00
3.291000000000000000e+03,1.257853233941139459e+00
3.292000000000000000e+03,1.298441243050505456e+00
3.293000000000000000e+03,1.274692669242632803e+00
3.294000000000000000e+03,1.228596437850990375e+00
3.295000000000000000e+03,1.283016044007278866e+00
3.296000000000000000e+03,1.249779999406740449e+00
3.297000000000000000e+03,1.221789345333619048e+00
3.298000000000000000e+03,1.214043056181134395e+00
3.299000000000000000e+03,1.267566082413443374e+00
3.300000000000000000e+03,1.294162650850981366e+00
3.301000000000000000e+03,1.203672998564863539e+00
3.302000000000000000e+03,1.206410589185925142e+00
3.303000000000000000e+03,1.146152219855592458e+00
3.304000000000000000e+03,1.252206970425143728e+00
3.305000000000000000e+03,1.229282609946634741e+00
3.306000000000000000e+03,1.258825149888219919e+00
3.307000000000000000e+03,1.227706415977388721e+00
3.308000000000000000e+03,1.195346873844248536e+00
3.309000000000000000e+03,1.194210153596505952e+00
3.310000000000000000e+03,1.333874721346394621e+00
3.311000000000000000e+03,1.279791437026750689e+00
3.312000000000000000e+03,1.238099381165309598e+00
3.313000000000000000e+03,1.222971552088454761e+00
3.314000000000000000e+03,1.224642668476360052e+00
3.315000000000000000e+03,1.181343364552505326e+00
3.316000000000000000e+03,1.272890568506122921e+00
3.317000000000000000e+03,1.192503345447432972e+00
3.318000000000000000e+03,1.298629826784635455e+00
3.319000000000000000e+03,1.246297091551145986e+00
3.320000000000000000e+03,1.237936861913405018e+00
3.321000000000000000e+03,1.275208920317108419e+00
3.322000000000000000e+03,1.182283092476618336e+00
3.323000000000000000e+03,1.167840186016670945e+00
3.324000000000000000e+03,1.146456118003125635e+00
3.325000000000000000e+03,1.279845892512333938e+00
3.326000000000000000e+03,1.249719163978097347e+00
3.327000000000000000e+03,1.205688125442438752e+00
3.328000000000000000e+03,1.168065556442013708e+00
3.329000000000000000e+03,1.218288049324357525e+00
3.330000000000000000e+03,1.214939087099813353e+00
3.331000000000000000e+03,1.153552743122286950e+00
3.332000000000000000e+03,1.272209772106600578e+00
3.333000000000000000e+03,1.198848408608987004e+00
3.334000000000000000e+03,1.236617713132113439e+00
3.335000000000000000e+03,1.203942787645458035e+00
3.336000000000000000e+03,1.265936374782248741e+00
3.337000000000000000e+03,1.238732530094585282e+00
3.338000000000000000e+03,1.237085739269301099e+00
3.339000000000000000e+03,1.317769910049555238e+00
3.340000000000000000e+03,1.254895979147852891e+00
3.341000000000000000e+03,1.244492624012411008e+00
3.342000000000000000e+03,1.258752580596995019e+00
3.343000000000000000e+03,1.240840721395719992e+00
3.344000000000000000e+03,1.254310201446072082e+00
3.345000000000000000e+03,1.152030256791816809e+00
3.346000000000000000e+03,1.260682633984595347e+00
3.347000000000000000e+03,1.224444978903592940e+00
3.348000000000000000e+03,1.202523743034058068e+00
3.349000000000000000e+03,1.169582278571015488e+00
3.350000000000000000e+03,1.197712925822064678e+00
3.351000000000000000e+03,1.184159108756111634e+00
3.352000000000000000e+03,1.150356580634621873e+00
3.353000000000000000e+03,1.179837543074770068e+00
3.354000000000000000e+03,1.198183501063790679e+00
3.355000000000000000e+03,1.181387899440161426e+00
3.356000000000000000e+03,1.203044963621839214e+00
3.357000000000000000e+03,1.193814899608165891e+00
3.358000000000000000e+03,1.193481624561885557e+00
3.359000000000000000e+03,1.272734025823938575e+00
3.360000000000000000e+03,1.220829246385255917e+00
3.361000000000000000e+03,1.101424513181306963e+00
3.362000000000000000e+03,1.152221111717958824e+00
3.363000000000000000e+03,1.250762652668560015e+00
3.364000000000000000e+03,1.123309769309314365e+00
3.365000000000000000e+03,1.211986299177442605e+00
3.366000000000000000e+03,1.192924759498073195e+00
3.367000000000000000e+03,1.182858908766895922e+00
3.368000000000000000e+03,1.244037186524966199e+00
3.369000000000000000e+03,1.205967653235878512e+00
3.370000000000000000e+03,1.260392401652825400e+00
3.371000000000000000e+03,1.193661069241185313e+00
3.372000000000000000e+03,1.182311053122450994e+00
3.373000000000000000e+03,1.211863763018362850e+00
3.374000000000000000e+03,1.168143077041209787e+00
3.375000000000000000e+03,1.256697938285866289e+00
3.376000000000000000e+03,1.293765927121130810e+00
3.377000000000000000e+03,1.210273341226227428e+00
3.378000000000000000e+03,1.134494945908106400e+00
3.379000000000000000e+03,1.147157014713605427e+00
3.380000000000000000e+03,1.226543343178270629e+00
3.381000000000000000e+03,1.196411232933535462e+00
3.382000000000000000e+03,1.157622744335750520e+00
3.383000000000000000e+03,1.187777224417785993e+00
3.384000000000000000e+03,1.216085937385746440e+00
3.385000000000000000e+03,1.160535289644324619e+00
3.386000000000000000e+03,1.252797619431306186e+00
3.387000000000000000e+03,1.164674382231067673e+00
3.388000000000000000e+03,1.216396047146915071e+00
3.389000000000000000e+03,1.179636407609991666e+00
3.390000000000000000e+03,1.215974655139352212e+00
3.391000000000000000e+03,1.205505431876276790e+00
3.392000000000000000e+03,1.210603527333391716e+00
3.393000000000000000e+03,1.214378822758387377e+00
3.394000000000000000e+03,1.267730841229977035e+00
3.395000000000000000e+03,1.172040478192784452e+00
3.396000000000000000e+03,1.207781162471620151e+00
3.397000000000000000e+03,1.303678385296773490e+00
3.398000000000000000e+03,1.261049658595942091e+00
3.399000000000000000e+03,1.248695536035570486e+00
3.400000000000000000e+03,1.212185628489127476e+00
3.401000000000000000e+03,1.292757638394209874e+00
3.402000000000000000e+03,1.181830719492606319e+00
3.403000000000000000e+03,1.201782135219984893e+00
3.404000000000000000e+03,1.231463763634526254e+00
3.405000000000000000e+03,1.185643932458828376e+00
3.406000000000000000e+03,1.284400569858791918e+00
3.407000000000000000e+03,1.216263010731008842e+00
3.408000000000000000e+03,1.260441878753927547e+00
3.409000000000000000e+03,1.261342893535169596e+00
3.410000000000000000e+03,1.218940709807125655e+00
3.411000000000000000e+03,1.237504045787679141e+00
3.412000000000000000e+03,1.198522667456966451e+00
3.413000000000000000e+03,1.209028013757033726e+00
3.414000000000000000e+03,1.247783115002771392e+00
3.415000000000000000e+03,1.160564140913784792e+00
3.416000000000000000e+03,1.144560935020311421e+00
3.417000000000000000e+03,1.167657390332014433e+00
3.418000000000000000e+03,1.186199806045616922e+00
3.419000000000000000e+03,1.222934034916042689e+00
3.420000000000000000e+03,1.242553057429588437e+00
3.421000000000000000e+03,1.322219649075260239e+00
3.422000000000000000e+03,1.320649242936663414e+00
3.423000000000000000e+03,1.208911938096216332e+00
3.424000000000000000e+03,1.292533875120087217e+00
3.425000000000000000e+03,1.258090459831253671e+00
3.426000000000000000e+03,1.199633698381010305e+00
3.427000000000000000e+03,1.254839865558472489e+00
3.428000000000000000e+03,1.194603210408304639e+00
3.429000000000000000e+03,1.156784298005177458e+00
3.430000000000000000e+03,1.253507788964157488e+00
3.431000000000000000e+03,1.285461419332867061e+00
3.432000000000000000e+03,1.236604353178825111e+00
3.433000000000000000e+03,1.160320616508564440e+00
3.434000000000000000e+03,1.293086366267964582e+00
3.435000000000000000e+03,1.229659071773458567e+00
3.436000000000000000e+03,1.256814145348686074e+00
3.437000000000000000e+03,1.150299677738392035e+00
3.438000000000000000e+03,1.221714780558637470e+00
3.439000000000000000e+03,1.202386601633997243e+00
3.440000000000000000e+03,1.253022190635005417e+00
3.441000000000000000e+03,1.211247594696891916e+00
3.442000000000000000e+03,1.277848110237618240e+00
3.443000000000000000e+03,1.213841551786110085e+00
3.444000000000000000e+03,1.186027083836114659e+00
3.445000000000000000e+03,1.202986186161505211e+00
3.446000000000000000e+03,1.209035156233943198e+00
3.447000000000000000e+03,1.188346730187436417e+00
3.448000000000000000e+03,1.226429086089142251e+00
3.449000000000000000e+03,1.233820107607225713e+00
3.450000000000000000e+03,1.254411304030020213e+00
3.451000000000000000e+03,1.240123875330138015e+00
3.452000000000000000e+03,1.264628008650094504e+00
3.453000000000000000e+03,1.248168483380194704e+00
3.454000000000000000e+03,1.162411125445441229e+00
3.455000000000000000e+03,1.235102991945153050e+00
3.456000000000000000e+03,1.270147857587766937e+00
3.457000000000000000e+03,1.250356855452848803e+00
3.458000000000000000e+03,1.254596321120763802e+00
3.459000000000000000e+03,1.216680016103557582e+00
3.460000000000000000e+03,1.231195840724640389e+00
3.461000000000000000e+03,1.233523622797614738e+00
3.462000000000000000e+03,1.312173747423557746e+00
3.463000000000000000e+03,1.261677171049814250e+00
3.464000000000000000e+03,1.224400782314854164e+00
3.465000000000000000e+03,1.246232716330529788e+00
3.466000000000000000e+03,1.280867523896562998e+00
3.467000000000000000e+03,1.219921409283379665e+00
3.468000000000000000e+03,1.239196765925577814e+00
3.469000000000000000e+03,1.178860515460217417e+00
3.470000000000000000e+03,1.161531348100750760e+00
3.471000000000000000e+03,1.218382980377485048e+00
3.472000000000000000e+03,1.258924999419594126e+00
3.473000000000000000e+03,1.211042850154316453e+00
3.474000000000000000e+03,1.187860764962175963e+00
3.475000000000000000e+03,1.223681837429729580e+00
3.476000000000000000e+03,1.153310430654933771e+00
3.477000000000000000e+03,1.140477407585517522e+00
3.478000000000000000e+03,1.155106988548725511e+00
3.479000000000000000e+03,1.198638214817121295e+00
3.480000000000000000e+03,1.164444280372380014e+00
3.481000000000000000e+03,1.214434389113205892e+00
3.482000000000000000e+03,1.225192866694052363e+00
3.483000000000000000e+03,1.169193378734546540e+00
3.484000000000000000e+03,1.215918117207813065e+00
3.485000000000000000e+03,1.196027614334316702e+00
3.486000000000000000e+03,1.167679648697916628e+00
3.487000000000000000e+03,1.192165537256786534e+00
3.488000000000000000e+03,1.221831710145423022e+00
3.489000000000000000e+03,1.219593276426465200e+00
3.490000000000000000e+03,1.221543665349343444e+00
3.491000000000000000e+03,1.259926659229444468e+00
3.492000000000000000e+03,1.296964169230302444e+00
3.493000000000000000e+03,1.258735084731096521e+00
3.494000000000000000e+03,1.262425372877841623e+00
3.495000000000000000e+03,1.267327454059788305e+00
3.496000000000000000e+03,1.159127553065138594e+00
3.497000000000000000e+03,1.194303102421428342e+00
3.498000000000000000e+03,1.120133655333251488e+00
3.499000000000000000e+03,1.192002827681295285e+00
3.500000000000000000e+03,1.199548777483600892e+00
3.501000000000000000e+03,1.230468452924922795e+00
3.502000000000000000e+03,1.305788680682778091e+00
3.503000000000000000e+03,1.183194648656174852e+00
3.504000000000000000e+03,1.251686651725548716e+00
3.505000000000000000e+03,1.241470841094913569e+00
3.506000000000000000e+03,1.162815228452414917e+00
3.507000000000000000e+03,1.153839457018508874e+00
3.508000000000000000e+03,1.225359937899231255e+00
3.509000000000000000e+03,1.146147873081490243e+00
3.510000000000000000e+03,1.207474103686483335e+00
3.511000000000000000e+03,1.279926858637995934e+00
3.512000000000000000e+03,1.242526529516801093e+00
3.513000000000000000e+03,1.205163994960356311e+00
3.514000000000000000e+03,1.190929262337036221e+00
3.515000000000000000e+03,1.268498593270344532e+00
3.516000000000000000e+03,1.214396472512846881e+00
3.517000000000000000e+03,1.203474920041719409e+00
3.518000000000000000e+03,1.204630325021452286e+00
3.519000000000000000e+03,1.188817055681361312e+00
3.520000000000000000e+03,1.186207528700887526e+00
3.521000000000000000e+03,1.243818888564872660e+00
3.522000000000000000e+03,1.277408094237320935e+00
3.523000000000000000e+03,1.256261363708913725e+00
3.524000000000000000e+03,1.235661467947528624e+00
3.525000000000000000e+03,1.258879694406200400e+00
3.526000000000000000e+03,1.212459910270919261e+00
3.527000000000000000e+03,1.168707535660121533e+00
3.528000000000000000e+03,1.275556816049583375e+00
3.529000000000000000e+03,1.220735226848415955e+00
3.530000000000000000e+03,1.188399879391625724e+00
3.531000000000000000e+03,1.189206290162801993e+00
3.532000000000000000e+03,1.251521185001958969e+00
3.533000000000000000e+03,1.174498350914058520e+00
3.534000000000000000e+03,1.241829554465811336e+00
3.535000000000000000e+03,1.236574297340896411e+00
3.536000000000000000e+03,1.321915847257940868e+00
3.537000000000000000e+03,1.233093853406159512e+00
3.538000000000000000e+03,1.238297243570845918e+00
3.539000000000000000e+03,1.207854678072777244e+00
3.540000000000000000e+03,1.199421475323362740e+00
3.541000000000000000e+03,1.160683802296491596e+00
3.542000000000000000e+03,1.196201540545532183e+00
3.543000000000000000e+03,1.156236546395070341e+00
3.544000000000000000e+03,1.162334360137973643e+00
3.545000000000000000e+03,1.215836109517500763e+00
3.546000000000000000e+03,1.198633012069448833e+00
3.547000000000000000e+03,1.161470239241942704e+00
3.548000000000000000e+03,1.221166961283967289e+00
3.549000000000000000e+03,1.183872789645893597e+00
3.550000000000000000e+03,1.251846215845407562e+00
3.551000000000000000e+03,1.183167905512465090e+00
3.552000000000000000e+03,1.264248938547551271e+00
3.553000000000000000e+03,1.227155828268968962e+00
3.554000000000000000e+03,1.306484621627049592e+00
3.555000000000000000e+03,1.221741576308513766e+00
3.556000000000000000e+03,1.268759568815048366e+00
3.557000000000000000e+03,1.233496036229738246e+00
3.558000000000000000e+03,1.237702560588615164e+00
3.559000000000000000e+03,1.226889808208162291e+00
3.560000000000000000e+03,1.164490097972458171e+00
3.561000000000000000e+03,1.220143563222637617e+00
3.562000000000000000e+03,1.157096944881288669e+00
3.563000000000000000e+03,1.170318061966022283e+00
3.564000000000000000e+03,1.232145026460092829e+00
3.565000000000000000e+03,1.276226697750372896e+00
3.566000000000000000e+03,1.217599984549207148e+00
3.567000000000000000e+03,1.205834963300286722e+00
3.568000000000000000e+03,1.208607416328243866e+00
3.569000000000000000e+03,1.218599954433154720e+00
3.570000000000000000e+03,1.137210055815364163e+00
3.571000000000000000e+03,1.182742794036950373e+00
3.572000000000000000e+03,1.251354018958012571e+00
3.573000000000000000e+03,1.236205230988969950e+00
3.574000000000000000e+03,1.167744770636672369e+00
3.575000000000000000e+03,1.246924260067114210e+00
3.576000000000000000e+03,1.196274404160758920e+00
3.577000000000000000e+03,1.222060418323360542e+00
3.578000000000000000e+03,1.245531001306099839e+00
3.579000000000000000e+03,1.262361874946318574e+00
3.580000000000000000e+03,1.280826253096249090e+00
3.581000000000000000e+03,1.185480354273666492e+00
3.582000000000000000e+03,1.298043450375171437e+00
3.583000000000000000e+03,1.310216199036603690e+00
3.584000000000000000e+03,1.296794885558608890e+00
3.585000000000000000e+03,1.250624712086502166e+00
3.586000000000000000e+03,1.208102351451434853e+00
3.587000000000000000e+03,1.235418597365918858e+00
3.588000000000000000e+03,1.156224825242345711e+00
3.589000000000000000e+03,1.204671994519672218e+00
3.590000000000000000e+03,1.211823408383017719e+00
3.591000000000000000e+03,1.194779853972920858e+00
3.592000000000000000e+03,1.296230472522373001e+00
3.593000000000000000e+03,1.207720778218351665e+00
3.594000000000000000e+03,1.268302697656291222e+00
3.595000000000000000e+03,1.270642503365286391e+00
3.596000000000000000e+03,1.265049098164744201e+00
3.597000000000000000e+03,1.203428550427953159e+00
3.598000000000000000e+03,1.298011192080367193e+00
3.599000000000000000e+03,1.275583997759698551e+00
3.600000000000000000e+03,1.213134393153298074e+00
3.601000000000000000e+03,1.196613884743103373e+00
3.602000000000000000e+03,1.179781870373844077e+00
3.603000000000000000e+03,1.239251575581266529e+00
3.604000000000000000e+03,1.219241024462331291e+00
3.605000000000000000e+03,1.236007187424583487e+00
3.606000000000000000e+03,1.254003920339939571e+00
3.607000000000000000e+03,1.177019422150833217e+00
3.608000000000000000e+03,1.268222929383866049e+00
3.609000000000000000e+03,1.240748773301114438e+00
3.610000000000000000e+03,1.217468096631064700e+00
3.611000000000000000e+03,1.232759253053637760e+00
3.612000000000000000e+03,1.187689403891916573e+00
3.613000000000000000e+03,1.254641536058404450e+00
3.614000000000000000e+03,1.222933119920821543e+00
3.615000000000000000e+03,1.247466504149606914e+00
3.616000000000000000e+03,1.245575361900588929e+00
3.617000000000000000e+03,1.209373505101170032e+00
3.618000000000000000e+03,1.252533936316318597e+00
3.619000000000000000e+03,1.241063068356987875e+00
3.620000000000000000e+03,1.189460507262524835e+00
3.621000000000000000e+03,1.220413425893412507e+00
3.622000000000000000e+03,1.201651085713796308e+00
3.623000000000000000e+03,1.189326589165233816e+00
3.624000000000000000e+03,1.161742944569938985e+00
3.625000000000000000e+03,1.200146136607157299e+00
3.626000000000000000e+03,1.263053679729461365e+00
3.627000000000000000e+03,1.208784942371297522e+00
3.628000000000000000e+03,1.250907615678496843e+00
3.629000000000000000e+03,1.267983850144828173e+00
3.630000000000000000e+03,1.168973327439791765e+00
3.631000000000000000e+03,1.222866657751514152e+00
3.632000000000000000e+03,1.192151218099823939e+00
3.633000000000000000e+03,1.232794198869603841e+00
3.634000000000000000e+03,1.180063634853324883e+00
3.635000000000000000e+03,1.159213561169229578e+00
3.636000000000000000e+03,1.232064935820049945e+00
3.637000000000000000e+03,1.224108564828163548e+00
3.638000000000000000e+03,1.277084200584306384e+00
3.639000000000000000e+03,1.223088676916718187e+00
3.640000000000000000e+03,1.143296919432986281e+00
3.641000000000000000e+03,1.165989460799719879e+00
3.642000000000000000e+03,1.258609929033687402e+00
3.643000000000000000e+03,1.283282811552289404e+00
3.644000000000000000e+03,1.211064618083812494e+00
3.645000000000000000e+03,1.264140376915169339e+00
3.646000000000000000e+03,1.245305160955852308e+00
3.647000000000000000e+03,1.202324647247080547e+00
3.648000000000000000e+03,1.139671161163564372e+00
3.649000000000000000e+03,1.204734142132468655e+00
3.650000000000000000e+03,1.203699410044207996e+00
3.651000000000000000e+03,1.166925520505734726e+00
3.652000000000000000e+03,1.207958014070987351e+00
3.653000000000000000e+03,1.254595714276866447e+00
3.654000000000000000e+03,1.291222755605736294e+00
3.655000000000000000e+03,1.229748104144575693e+00
3.656000000000000000e+03,1.253156789667735138e+00
3.657000000000000000e+03,1.176698567849974175e+00
3.658000000000000000e+03,1.176919140367204353e+00
3.659000000000000000e+03,1.127150732845167758e+00
3.660000000000000000e+03,1.245081510713570205e+00
3.661000000000000000e+03,1.229843687820912024e+00
3.662000000000000000e+03,1.251547222407978444e+00
3.663000000000000000e+03,1.165848990477570624e+00
3.664000000000000000e+03,1.183209311229325378e+00
3.665000000000000000e+03,1.287688039045303379e+00
3.666000000000000000e+03,1.179847063162369647e+00
3.667000000000000000e+03,1.232693478925541042e+00
3.668000000000000000e+03,1.244953992279421939e+00
3.669000000000000000e+03,1.160512350600765741e+00
3.670000000000000000e+03,1.195762801704368661e+00
3.671000000000000000e+03,1.252242929203465360e+00
3.672000000000000000e+03,1.187819078109815907e+00
3.673000000000000000e+03,1.299554214744898406e+00
3.674000000000000000e+03,1.245510609104184985e+00
3.675000000000000000e+03,1.265202125258209076e+00
3.676000000000000000e+03,1.115038962200602279e+00
3.677000000000000000e+03,1.156645170543340484e+00
3.678000000000000000e+03,1.184156813454122714e+00
3.679000000000000000e+03,1.208877735737657666e+00
3.680000000000000000e+03,1.234586965621601307e+00
3.681000000000000000e+03,1.238914959938476112e+00
3.682000000000000000e+03,1.243287365186960480e+00
3.683000000000000000e+03,1.229167986508985067e+00
3.684000000000000000e+03,1.370816634707777926e+00
3.685000000000000000e+03,1.254517236829764570e+00
3.686000000000000000e+03,1.224003054408729252e+00
3.687000000000000000e+03,1.203903868146022127e+00
3.688000000000000000e+03,1.206122722934187763e+00
3.689000000000000000e+03,1.188759942852659846e+00
3.690000000000000000e+03,1.234546034893421185e+00
3.691000000000000000e+03,1.227112169880483217e+00
3.692000000000000000e+03,1.233060970285221103e+00
3.693000000000000000e+03,1.226873726019265698e+00
3.694000000000000000e+03,1.245566595356631501e+00
3.695000000000000000e+03,1.206935786991356396e+00
3.696000000000000000e+03,1.234509698431483171e+00
3.697000000000000000e+03,1.260779572776383972e+00
3.698000000000000000e+03,1.242193400432257011e+00
3.699000000000000000e+03,1.254576524616881184e+00
3.700000000000000000e+03,1.238732841488672465e+00
3.701000000000000000e+03,1.233869111400298424e+00
3.702000000000000000e+03,1.246935852655707277e+00
3.703000000000000000e+03,1.263080926803836546e+00
3.704000000000000000e+03,1.284464972620021461e+00
3.705000000000000000e+03,1.219255586017410353e+00
3.706000000000000000e+03,1.218182155099363673e+00
3.707000000000000000e+03,1.223622630997248217e+00
3.708000000000000000e+03,1.201813114922625880e+00
3.709000000000000000e+03,1.198258385569328066e+00
3.710000000000000000e+03,1.226982505438190652e+00
3.711000000000000000e+03,1.241922100584371469e+00
3.712000000000000000e+03,1.210974774937226384e+00
3.713000000000000000e+03,1.231703258397596201e+00
3.714000000000000000e+03,1.209232041217886744e+00
3.715000000000000000e+03,1.233307626151652014e+00
3.716000000000000000e+03,1.269733073182501171e+00
3.717000000000000000e+03,1.259994421808333431e+00
3.718000000000000000e+03,1.247206801564344936e+00
3.719000000000000000e+03,1.238299308275135013e+00
3.720000000000000000e+03,1.206979675252630058e+00
3.721000000000000000e+03,1.177874123546155172e+00
3.722000000000000000e+03,1.245792978106316617e+00
3.723000000000000000e+03,1.246001303745807087e+00
3.724000000000000000e+03,1.235214267802349886e+00
3.725000000000000000e+03,1.293523526739531304e+00
3.726000000000000000e+03,1.180291644555955921e+00
3.727000000000000000e+03,1.162077021977738323e+00
3.728000000000000000e+03,1.255142943708719372e+00
3.729000000000000000e+03,1.172052642183588844e+00
3.730000000000000000e+03,1.145516133768042399e+00
3.731000000000000000e+03,1.156750879270630694e+00
3.732000000000000000e+03,1.239097463446535707e+00
3.733000000000000000e+03,1.232274124113884373e+00
3.734000000000000000e+03,1.209784514587805448e+00
3.735000000000000000e+03,1.231332100682671626e+00
3.736000000000000000e+03,1.239390566957707440e+00
3.737000000000000000e+03,1.250804090292668258e+00
3.738000000000000000e+03,1.153902794101602902e+00
3.739000000000000000e+03,1.171359993549627720e+00
3.740000000000000000e+03,1.151493577599324025e+00
3.741000000000000000e+03,1.251642687254308273e+00
3.742000000000000000e+03,1.210145895823543594e+00
3.743000000000000000e+03,1.168535435608873074e+00
3.744000000000000000e+03,1.157369173471908930e+00
3.745000000000000000e+03,1.196454932266792781e+00
3.746000000000000000e+03,1.156000880511019790e+00
3.747000000000000000e+03,1.137890338989745898e+00
3.748000000000000000e+03,1.158350291124224940e+00
3.749000000000000000e+03,1.210299828572825698e+00
3.750000000000000000e+03,1.206097429062356285e+00
3.751000000000000000e+03,1.194337718998135456e+00
3.752000000000000000e+03,1.221882392864236166e+00
3.753000000000000000e+03,1.222686344079992216e+00
3.754000000000000000e+03,1.111223871656800810e+00
3.755000000000000000e+03,1.170977378657603429e+00
3.756000000000000000e+03,1.185073629175364074e+00
3.757000000000000000e+03,1.177948123328750318e+00
3.758000000000000000e+03,1.172623363526819062e+00
3.759000000000000000e+03,1.234628145886011552e+00
3.760000000000000000e+03,1.219188368299961134e+00
3.761000000000000000e+03,1.247502653155362351e+00
3.762000000000000000e+03,1.247601280384410760e+00
3.763000000000000000e+03,1.201593720085490036e+00
3.764000000000000000e+03,1.209070470839150646e+00
3.765000000000000000e+03,1.203374711413073062e+00
3.766000000000000000e+03,1.219618022374937105e+00
3.767000000000000000e+03,1.234302053307376301e+00
3.768000000000000000e+03,1.197721181562632964e+00
3.769000000000000000e+03,1.271416317590279288e+00
3.770000000000000000e+03,1.263784185047600150e+00
3.771000000000000000e+03,1.149610450621703972e+00
3.772000000000000000e+03,1.250230750488338094e+00
3.773000000000000000e+03,1.218984740932191002e+00
3.774000000000000000e+03,1.247743360445258354e+00
3.775000000000000000e+03,1.217742314998317532e+00
3.776000000000000000e+03,1.210922367164359859e+00
3.777000000000000000e+03,1.207349834688230539e+00
3.778000000000000000e+03,1.147145873797984938e+00
3.779000000000000000e+03,1.199234054458787391e+00
3.780000000000000000e+03,1.263210494252476224e+00
3.781000000000000000e+03,1.245064760388121305e+00
3.782000000000000000e+03,1.266519405683249611e+00
3.783000000000000000e+03,1.231508705644764889e+00
3.784000000000000000e+03,1.266474653708832498e+00
3.785000000000000000e+03,1.250327625982271318e+00
3.786000000000000000e+03,1.189388275449712928e+00
3.787000000000000000e+03,1.246224458413470515e+00
3.788000000000000000e+03,1.240388658290493273e+00
3.789000000000000000e+03,1.226036658815468527e+00
3.790000000000000000e+03,1.208778396517258491e+00
3.791000000000000000e+03,1.260028422063646403e+00
3.792000000000000000e+03,1.332311319079992895e+00
3.793000000000000000e+03,1.244723429909703860e+00
3.794000000000000000e+03,1.222106902701369791e+00
3.795000000000000000e+03,1.212352724753193334e+00
3.796000000000000000e+03,1.267576867748499092e+00
3.797000000000000000e+03,1.186153274244718503e+00
3.798000000000000000e+03,1.189032203652041986e+00
3.799000000000000000e+03,1.274865992728674069e+00
3.800000000000000000e+03,1.238838960125457467e+00
3.801000000000000000e+03,1.177947527098310410e+00
3.802000000000000000e+03,1.125446569888383097e+00
3.803000000000000000e+03,1.248812596471734482e+00
3.804000000000000000e+03,1.173982504258608950e+00
3.805000000000000000e+03,1.257182991699618668e+00
3.806000000000000000e+03,1.222708284678652779e+00
3.807000000000000000e+03,1.163446888609166230e+00
3.808000000000000000e+03,1.163790896076552395e+00
3.809000000000000000e+03,1.271803543355787491e+00
3.810000000000000000e+03,1.251174726872609444e+00
3.811000000000000000e+03,1.226169072422397033e+00
3.812000000000000000e+03,1.182661619329859359e+00
3.813000000000000000e+03,1.138227377151395325e+00
3.814000000000000000e+03,1.213965739916484932e+00
3.815000000000000000e+03,1.255995272964880449e+00
3.816000000000000000e+03,1.232689713523615893e+00
3.817000000000000000e+03,1.167708492455775016e+00
3.818000000000000000e+03,1.261337337168952466e+00
3.819000000000000000e+03,1.299664451269724852e+00
3.820000000000000000e+03,1.244894426374993923e+00
3.821000000000000000e+03,1.172745566608530465e+00
3.822000000000000000e+03,1.269593704520859179e+00
3.823000000000000000e+03,1.188285500592025867e+00
3.824000000000000000e+03,1.206575906105944451e+00
3.825000000000000000e+03,1.235128772404420872e+00
3.826000000000000000e+03,1.225196008861411334e+00
3.827000000000000000e+03,1.228487253841931137e+00
3.828000000000000000e+03,1.195929794859896811e+00
3.829000000000000000e+03,1.122253987914328066e+00
3.830000000000000000e+03,1.124019046287318524e+00
3.831000000000000000e+03,1.228675691506059042e+00
3.832000000000000000e+03,1.226576821276472939e+00
3.833000000000000000e+03,1.256746163109091485e+00
3.834000000000000000e+03,1.158219766882632396e+00
3.835000000000000000e+03,1.242264566389742697e+00
3.836000000000000000e+03,1.197644453897063643e+00
3.837000000000000000e+03,1.211704759223906303e+00
3.838000000000000000e+03,1.178621477549397056e+00
3.839000000000000000e+03,1.216846373783658564e+00
3.840000000000000000e+03,1.167676909437050492e+00
3.841000000000000000e+03,1.253683050222132778e+00
3.842000000000000000e+03,1.203390742621595066e+00
3.843000000000000000e+03,1.198685353540284160e+00
3.844000000000000000e+03,1.164111017432577500e+00
3.845000000000000000e+03,1.142444811314027087e+00
3.846000000000000000e+03,1.264983998524693343e+00
3.847000000000000000e+03,1.206006715762964365e+00
3.848000000000000000e+03,1.159865210389566803e+00
3.849000000000000000e+03,1.258456926337814474e+00
3.850000000000000000e+03,1.207530534845327352e+00
3.851000000000000000e+03,1.219176250951687690e+00
3.852000000000000000e+03,1.214904301693390032e+00
3.853000000000000000e+03,1.242258195958976241e+00
3.854000000000000000e+03,1.156453551220421705e+00
3.855000000000000000e+03,1.180661091356475900e+00
3.856000000000000000e+03,1.268713262535988484e+00
3.857000000000000000e+03,1.244666405896296846e+00
3.858000000000000000e+03,1.328652363329146269e+00
3.859000000000000000e+03,1.234022935563457546e+00
3.860000000000000000e+03,1.307993346228082832e+00
3.861000000000000000e+03,1.214608263774697106e+00
3.862000000000000000e+03,1.257491898693413379e+00
3.863000000000000000e+03,1.218421099983099998e+00
3.864000000000000000e+03,1.203997055579861364e+00
3.865000000000000000e+03,1.171724397303776533e+00
3.866000000000000000e+03,1.198854714160957791e+00
3.867000000000000000e+03,1.154905055551424642e+00
3.868000000000000000e+03,1.123174838673492326e+00
3.869000000000000000e+03,1.282154985933388502e+00
3.870000000000000000e+03,1.187707930872325068e+00
3.871000000000000000e+03,1.209170788997357970e+00
3.872000000000000000e+03,1.149748113641973823e+00
3.873000000000000000e+03,1.142494180390558167e+00
3.874000000000000000e+03,1.220408726548768863e+00
3.875000000000000000e+03,1.196654312426722155e+00
3.876000000000000000e+03,1.301650089825530765e+00
3.877000000000000000e+03,1.292816614231769190e+00
3.878000000000000000e+03,1.264966039848334889e+00
3.879000000000000000e+03,1.250474007145039312e+00
3.880000000000000000e+03,1.291166855029312721e+00
3.881000000000000000e+03,1.232154183881560172e+00
3.882000000000000000e+03,1.212487527639397600e+00
3.883000000000000000e+03,1.269289624861416055e+00
3.884000000000000000e+03,1.221060882495282218e+00
3.885000000000000000e+03,1.217437935073304889e+00
3.886000000000000000e+03,1.208564035516142443e+00
3.887000000000000000e+03,1.234617909111550560e+00
3.888000000000000000e+03,1.214707221687896244e+00
3.889000000000000000e+03,1.180821446107144901e+00
3.890000000000000000e+03,1.204020324272522702e+00
3.891000000000000000e+03,1.248343462408157745e+00
3.892000000000000000e+03,1.339063142104109261e+00
3.893000000000000000e+03,1.236490259113151247e+00
3.894000000000000000e+03,1.220706156622589855e+00
3.895000000000000000e+03,1.161282082837464813e+00
3.896000000000000000e+03,1.281304059043285370e+00
3.897000000000000000e+03,1.258571692925856800e+00
3.898000000000000000e+03,1.196536578204809409e+00
3.899000000000000000e+03,1.260865006588645532e+00
3.900000000000000000e+03,1.239750764595478172e+00
3.901000000000000000e+03,1.142861612288357254e+00
3.902000000000000000e+03,1.224917385244844281e+00
3.903000000000000000e+03,1.212531956639830932e+00
3.904000000000000000e+03,1.211748725693339246e+00
3.905000000000000000e+03,1.300544259276028347e+00
3.906000000000000000e+03,1.247021116718106448e+00
3.907000000000000000e+03,1.239412027798864058e+00
3.908000000000000000e+03,1.200660454199944382e+00
3.909000000000000000e+03,1.247759492688365723e+00
3.910000000000000000e+03,1.208707202016554794e+00
3.911000000000000000e+03,1.153732075833861170e+00
3.912000000000000000e+03,1.249567050199545948e+00
3.913000000000000000e+03,1.219634499337364009e+00
3.914000000000000000e+03,1.212983509230705970e+00
3.915000000000000000e+03,1.172945259253515671e+00
3.916000000000000000e+03,1.251687572829911499e+00
3.917000000000000000e+03,1.244250236566946777e+00
3.918000000000000000e+03,1.254780386548475901e+00
3.919000000000000000e+03,1.207396613167154520e+00
3.920000000000000000e+03,1.198395963858197133e+00
3.921000000000000000e+03,1.261075183596451543e+00
3.922000000000000000e+03,1.188534717357488057e+00
3.923000000000000000e+03,1.201126738278241568e+00
3.924000000000000000e+03,1.183760539054903749e+00
3.925000000000000000e+03,1.186398305507732509e+00
3.926000000000000000e+03,1.198030510485316835e+00
3.927000000000000000e+03,1.199105665912232777e+00
3.928000000000000000e+03,1.257065099455465962e+00
3.929000000000000000e+03,1.185078206618411123e+00
3.930000000000000000e+03,1.173470334358382994e+00
3.931000000000000000e+03,1.180998484614294686e+00
3.932000000000000000e+03,1.181379632104808897e+00
3.933000000000000000e+03,1.199480964226570023e+00
3.934000000000000000e+03,1.163328605982082209e+00
3.935000000000000000e+03,1.253672445304398364e+00
3.936000000000000000e+03,1.224200359178128750e+00
3.937000000000000000e+03,1.239897998901729803e+00
3.938000000000000000e+03,1.196915266461882510e+00
3.939000000000000000e+03,1.196791322374053168e+00
3.940000000000000000e+03,1.176645797647151825e+00
3.941000000000000000e+03,1.208660547258286977e+00
3.942000000000000000e+03,1.310826728046702527e+00
3.943000000000000000e+03,1.216685025848817547e+00
3.944000000000000000e+03,1.218571835889803667e+00
3.945000000000000000e+03,1.294651276643934645e+00
3.946000000000000000e+03,1.230599134320013333e+00
3.947000000000000000e+03,1.245176042768223246e+00
3.948000000000000000e+03,1.259183295563331528e+00
3.949000000000000000e+03,1.190663950839335072e+00
3.950000000000000000e+03,1.212658933974951836e+00
3.951000000000000000e+03,1.150666079549585774e+00
3.952000000000000000e+03,1.173405946429908697e+00
3.953000000000000000e+03,1.252488296643837762e+00
3.954000000000000000e+03,1.226076904352268127e+00
3.955000000000000000e+03,1.157637696138217764e+00
3.956000000000000000e+03,1.230486761423412956e+00
3.957000000000000000e+03,1.198837003406855617e+00
3.958000000000000000e+03,1.264599483630534760e+00
3.959000000000000000e+03,1.286715374849393134e+00
3.960000000000000000e+03,1.239628801996135454e+00
3.961000000000000000e+03,1.233493662832862325e+00
3.962000000000000000e+03,1.196496273192034776e+00
3.963000000000000000e+03,1.174248874502333617e+00
3.964000000000000000e+03,1.184722731993870015e+00
3.965000000000000000e+03,1.227197391808855453e+00
3.966000000000000000e+03,1.202669254544436406e+00
3.967000000000000000e+03,1.087474332155412782e+00
3.968000000000000000e+03,1.232434898691051384e+00
3.969000000000000000e+03,1.215231232532036687e+00
3.970000000000000000e+03,1.212765180537838328e+00
3.971000000000000000e+03,1.271277969970332489e+00
3.972000000000000000e+03,1.248743872565636792e+00
3.973000000000000000e+03,1.241414526236806815e+00
3.974000000000000000e+03,1.227499982997180883e+00
3.975000000000000000e+03,1.164663866485829757e+00
3.976000000000000000e+03,1.267544511204788726e+00
3.977000000000000000e+03,1.214320669487606752e+00
3.978000000000000000e+03,1.248906870643300859e+00
3.979000000000000000e+03,1.258527795205844013e+00
3.980000000000000000e+03,1.254660671067582278e+00
3.981000000000000000e+03,1.220840926453897968e+00
3.982000000000000000e+03,1.278037397774048678e+00
3.983000000000000000e+03,1.292160694186287540e+00
3.984000000000000000e+03,1.166686418960677152e+00
3.985000000000000000e+03,1.250829760191809914e+00
3.986000000000000000e+03,1.308265886904516062e+00
3.987000000000000000e+03,1.262135309061090727e+00
3.988000000000000000e+03,1.220445315962057187e+00
3.989000000000000000e+03,1.339121062571504206e+00
3.990000000000000000e+03,1.221995414147308834e+00
3.991000000000000000e+03,1.176758377504123265e+00
3.992000000000000000e+03,1.277069294222078932e+00
3.993000000000000000e+03,1.254671532916544319e+00
3.994000000000000000e+03,1.214282784454279174e+00
3.995000000000000000e+03,1.274233802323596842e+00
3.996000000000000000e+03,1.263221987388634782e+00
3.997000000000000000e+03,1.266744823879520032e+00
3.998000000000000000e+03,1.270956779982675533e+00
3.999000000000000000e+03,1.263118884301795530e+00
4.000000000000000000e+03,1.183049443835321179e+00
4.001000000000000000e+03,1.215749789958260996e+00
4.002000000000000000e+03,1.231320281995687660e+00
4.003000000000000000e+03,1.145636205631402227e+00
4.004000000000000000e+03,1.206194945105398597e+00
4.005000000000000000e+03,1.252305112861847869e+00
4.006000000000000000e+03,1.281951785097247054e+00
4.007000000000000000e+03,1.275704315532099953e+00
4.008000000000000000e+03,1.235707779047945376e+00
4.009000000000000000e+03,1.226176482408446233e+00
4.010000000000000000e+03,1.157731173598061103e+00
4.011000000000000000e+03,1.228264509307957164e+00
4.012000000000000000e+03,1.172146905832682995e+00
4.013000000000000000e+03,1.190774756589795702e+00
4.014000000000000000e+03,1.195691556402350475e+00
4.015000000000000000e+03,1.220058216568070453e+00
4.016000000000000000e+03,1.199988155128275835e+00
4.017000000000000000e+03,1.178636332726163083e+00
4.018000000000000000e+03,1.138723953431422187e+00
4.019000000000000000e+03,1.164829312311926657e+00
4.020000000000000000e+03,1.095888149869176154e+00
4.021000000000000000e+03,1.205671402532833891e+00
4.022000000000000000e+03,1.219711165884249660e+00
4.023000000000000000e+03,1.246547625957339145e+00
4.024000000000000000e+03,1.198177916218735817e+00
4.025000000000000000e+03,1.130658681142699962e+00
4.026000000000000000e+03,1.188579993192949713e+00
4.027000000000000000e+03,1.240189503526138992e+00
4.028000000000000000e+03,1.217572433292411604e+00
4.029000000000000000e+03,1.271925196220292431e+00
4.030000000000000000e+03,1.228686007425894289e+00
4.031000000000000000e+03,1.206561592753895962e+00
4.032000000000000000e+03,1.256396492645940333e+00
4.033000000000000000e+03,1.274572455498551360e+00
4.034000000000000000e+03,1.245605528903860337e+00
4.035000000000000000e+03,1.195444245064489319e+00
4.036000000000000000e+03,1.221345705976022655e+00
4.037000000000000000e+03,1.204621646239651289e+00
4.038000000000000000e+03,1.193242089787480698e+00
4.039000000000000000e+03,1.178006350290620396e+00
4.040000000000000000e+03,1.241991792109422343e+00
4.041000000000000000e+03,1.257026601999349902e+00
4.042000000000000000e+03,1.217978784789401692e+00
4.043000000000000000e+03,1.270174413291736526e+00
4.044000000000000000e+03,1.246477640147087618e+00
4.045000000000000000e+03,1.246494619259849834e+00
4.046000000000000000e+03,1.185155648899505199e+00
4.047000000000000000e+03,1.173498196510734504e+00
4.048000000000000000e+03,1.106979604575269116e+00
4.049000000000000000e+03,1.285206799748355833e+00
4.050000000000000000e+03,1.238799281254328255e+00
4.051000000000000000e+03,1.205220256329892825e+00
4.052000000000000000e+03,1.260401367045772991e+00
4.053000000000000000e+03,1.185953818784412972e+00
4.054000000000000000e+03,1.230511291703054511e+00
4.055000000000000000e+03,1.232932652541290475e+00
4.056000000000000000e+03,1.253352993944800264e+00
4.057000000000000000e+03,1.245891081329294936e+00
4.058000000000000000e+03,1.222036213552660122e+00
4.059000000000000000e+03,1.198999279312016775e+00
4.060000000000000000e+03,1.229224088043308516e+00
4.061000000000000000e+03,1.197788199680436483e+00
4.062000000000000000e+03,1.162791140078748064e+00
4.063000000000000000e+03,1.183376669526830405e+00
4.064000000000000000e+03,1.245371958378048260e+00
4.065000000000000000e+03,1.236364015374142644e+00
4.066000000000000000e+03,1.183239790246398915e+00
4.067000000000000000e+03,1.241465883748629651e+00
4.068000000000000000e+03,1.248982546168387220e+00
4.069000000000000000e+03,1.205087675084932419e+00
4.070000000000000000e+03,1.213084980153239512e+00
4.071000000000000000e+03,1.183147688128281194e+00
4.072000000000000000e+03,1.233098144717992728e+00
4.073000000000000000e+03,1.185582710968655640e+00
4.074000000000000000e+03,1.220479644078978465e+00
4.075000000000000000e+03,1.252257453441267154e+00
4.076000000000000000e+03,1.230840868024812851e+00
4.077000000000000000e+03,1.272237368713577954e+00
4.078000000000000000e+03,1.210789314115945592e+00
4.079000000000000000e+03,1.252608680058798774e+00
4.080000000000000000e+03,1.200388090299288724e+00
4.081000000000000000e+03,1.194296104481482379e+00
4.082000000000000000e+03,1.169922417697420780e+00
4.083000000000000000e+03,1.225683618355320581e+00
4.084000000000000000e+03,1.224134585044151624e+00
4.085000000000000000e+03,1.219139165724237639e+00
4.086000000000000000e+03,1.141107209170203474e+00
4.087000000000000000e+03,1.230172581433129686e+00
4.088000000000000000e+03,1.236913821171031991e+00
4.089000000000000000e+03,1.304845243944945388e+00
4.090000000000000000e+03,1.208489276584882921e+00
4.091000000000000000e+03,1.200594483188272443e+00
4.092000000000000000e+03,1.211337054391457224e+00
4.093000000000000000e+03,1.173937259921730814e+00
4.094000000000000000e+03,1.188758482255249715e+00
4.095000000000000000e+03,1.222912109706366657e+00
