PyTorch 2.11.0 for DeltaAI (CUDA 13.0, Python 3.12)
Includes: transformers, accelerate, datasets, peft, lightning,
          timm, bitsandbytes, diffusers, mpi4py, tensorboard,
          wandb, jupyter, scipy, scikit-learn, opencv, nvitop
New in this build (sm_90 source builds):
  flash-attn, transformer_engine, xformers, apex, mamba-ssm,
  triton, torch-geometric, cupy-cuda13x, tensorrt, flashinfer
Known: transformer_engine and cupy currently fail at import due to
  a cu13 libcublasLt / cython ABI mismatch on this stack — use the
  other attention paths (flash-attn, xformers) and stock torch CUDA
  until an upstream fix lands.

For documentation and examples:
  https://docs.ncsa.illinois.edu/systems/deltaai/

Run setup-kernel prior to launching OOD job.

Quick start (on a compute node):
  module load python/miniforge3_pytorch/2.11.0
  conda activate base
  python -c "import torch; print(torch.cuda.is_available())"

CUDA extensions: CUDA_HOME, nvcc, and CMAKE_PREFIX_PATH come from the
auto-loaded cuda/13.1.1 module.

A conda environment has been detected
CONDA_PREFIX=/sw/user/python/miniforge3-pytorch-2.5.0 
Consider running 'conda deactivate' before loading this module.
CUDA Toolkit 13.1.1 loaded
Includes GPUDirect Storage (GDS) libraries
Requires NVIDIA driver 590+
Using gcc-native/14 (default in Cray PE 25.09)
host: gh038.hsn.cm.delta.internal.ncsa.edu   started: Thu Sep  3 04:24:22 PM CDT 2026
name, memory.total [MiB], driver_version
NVIDIA GH200 120GB, 97871 MiB, 595.71.05
torch 2.11.0+cu130 cuda True
triton 3.5.1

==== arm: --arm softmax   Thu Sep  3 04:24:31 PM CDT 2026 ====
{
 "run": "softmax_qkn",
 "arm": "softmax",
 "d": 1,
 "T": 8192,
 "layers": 4,
 "d_model": 256,
 "heads": 4,
 "r": 64,
 "learn_phi": false,
 "qk_norm": true,
 "triton_bwd": true,
 "chunk": 128,
 "steps": 20000,
 "nb": 8,
 "lr": 0.0003,
 "warmup": 500,
 "wd": 0.1,
 "clip": 1.0,
 "eval_every": 2000,
 "val_windows": 128,
 "eval_nb": 8,
 "data": "/u/archerdw/smat_attention/deltaai/data/enwik8",
 "out": "results/lm_T8192_20k_qkn_tri.csv",
 "device": "cuda",
 "no_amp": false,
 "seed": 0
}
mask: {'mask_nnz': 33558528, 'mask_density': 0.50006103515625}
params: 5,384,704
step    50  loss 4.3619  bpc 6.293  gn 2.73  52 ms/step
step   100  loss 3.6925  bpc 5.327  gn 1.63  30 ms/step
step   150  loss 3.3232  bpc 4.794  gn 1.04  30 ms/step
step   200  loss 2.8771  bpc 4.151  gn 0.69  30 ms/step
step   250  loss 2.7863  bpc 4.020  gn 0.68  30 ms/step
step   300  loss 2.8180  bpc 4.065  gn 0.81  30 ms/step
step   350  loss 2.6868  bpc 3.876  gn 0.66  30 ms/step
step   400  loss 2.7456  bpc 3.961  gn 0.71  30 ms/step
step   450  loss 2.6379  bpc 3.806  gn 0.63  30 ms/step
step   500  loss 2.6235  bpc 3.785  gn 0.51  30 ms/step
step   550  loss 2.6034  bpc 3.756  gn 0.54  30 ms/step
step   600  loss 2.5885  bpc 3.734  gn 0.45  30 ms/step
step   650  loss 2.6199  bpc 3.780  gn 0.46  30 ms/step
step   700  loss 2.6307  bpc 3.795  gn 0.52  30 ms/step
step   750  loss 2.5736  bpc 3.713  gn 0.62  30 ms/step
step   800  loss 2.5084  bpc 3.619  gn 0.64  30 ms/step
step   850  loss 2.6074  bpc 3.762  gn 0.35  30 ms/step
step   900  loss 2.5581  bpc 3.691  gn 0.54  30 ms/step
step   950  loss 2.5577  bpc 3.690  gn 0.45  30 ms/step
step  1000  loss 2.5231  bpc 3.640  gn 0.49  30 ms/step
step  1050  loss 2.5057  bpc 3.615  gn 0.77  30 ms/step
step  1100  loss 2.4962  bpc 3.601  gn 0.95  30 ms/step
step  1150  loss 2.5133  bpc 3.626  gn 0.63  30 ms/step
step  1200  loss 2.4722  bpc 3.567  gn 0.62  30 ms/step
step  1250  loss 2.4682  bpc 3.561  gn 0.56  30 ms/step
step  1300  loss 2.4494  bpc 3.534  gn 0.53  30 ms/step
step  1350  loss 2.3845  bpc 3.440  gn 0.55  30 ms/step
step  1400  loss 2.5024  bpc 3.610  gn 0.72  30 ms/step
step  1450  loss 2.4188  bpc 3.490  gn 0.50  30 ms/step
step  1500  loss 2.4141  bpc 3.483  gn 0.56  30 ms/step
step  1550  loss 2.4056  bpc 3.471  gn 0.54  30 ms/step
step  1600  loss 2.4464  bpc 3.529  gn 0.74  30 ms/step
step  1650  loss 2.3150  bpc 3.340  gn 0.69  30 ms/step
step  1700  loss 2.4092  bpc 3.476  gn 0.40  30 ms/step
step  1750  loss 2.3692  bpc 3.418  gn 0.79  30 ms/step
step  1800  loss 2.3996  bpc 3.462  gn 0.59  30 ms/step
step  1850  loss 2.2974  bpc 3.314  gn 0.63  30 ms/step
step  1900  loss 2.3194  bpc 3.346  gn 0.62  30 ms/step
step  1950  loss 2.2977  bpc 3.315  gn 0.69  30 ms/step
step  2000  loss 2.3699  bpc 3.419  gn 0.60  30 ms/step
== eval step 2000: val_bpc 3.4023  ppl 10.573  [0:512) 3.428  [512:4096) 3.390  [4096:8192) 3.410  peak 3614 MB
step  2050  loss 2.3804  bpc 3.434  gn 0.64  30 ms/step
step  2100  loss 2.2357  bpc 3.225  gn 1.02  30 ms/step
step  2150  loss 2.3148  bpc 3.340  gn 0.86  30 ms/step
step  2200  loss 2.2972  bpc 3.314  gn 0.98  30 ms/step
step  2250  loss 2.2284  bpc 3.215  gn 1.29  30 ms/step
step  2300  loss 2.1832  bpc 3.150  gn 1.46  30 ms/step
step  2350  loss 2.2397  bpc 3.231  gn 1.56  30 ms/step
step  2400  loss 2.2025  bpc 3.178  gn 1.55  30 ms/step
step  2450  loss 2.1810  bpc 3.146  gn 1.32  30 ms/step
step  2500  loss 2.0805  bpc 3.002  gn 1.42  30 ms/step
step  2550  loss 2.0371  bpc 2.939  gn 1.70  30 ms/step
step  2600  loss 1.9983  bpc 2.883  gn 1.59  30 ms/step
step  2650  loss 2.0160  bpc 2.908  gn 1.58  30 ms/step
step  2700  loss 1.7990  bpc 2.595  gn 1.63  30 ms/step
step  2750  loss 1.9781  bpc 2.854  gn 1.24  30 ms/step
step  2800  loss 1.8527  bpc 2.673  gn 1.38  30 ms/step
step  2850  loss 1.8595  bpc 2.683  gn 1.24  30 ms/step
step  2900  loss 1.8106  bpc 2.612  gn 2.05  30 ms/step
step  2950  loss 1.7799  bpc 2.568  gn 1.19  30 ms/step
step  3000  loss 1.6428  bpc 2.370  gn 1.14  30 ms/step
step  3050  loss 1.8522  bpc 2.672  gn 1.31  30 ms/step
step  3100  loss 1.8397  bpc 2.654  gn 1.28  30 ms/step
step  3150  loss 1.7470  bpc 2.520  gn 1.27  30 ms/step
step  3200  loss 1.6970  bpc 2.448  gn 1.20  30 ms/step
step  3250  loss 1.7106  bpc 2.468  gn 1.21  30 ms/step
step  3300  loss 1.6760  bpc 2.418  gn 1.40  30 ms/step
step  3350  loss 1.7389  bpc 2.509  gn 1.18  30 ms/step
step  3400  loss 1.6835  bpc 2.429  gn 1.12  30 ms/step
step  3450  loss 1.6481  bpc 2.378  gn 0.99  30 ms/step
step  3500  loss 1.6685  bpc 2.407  gn 1.32  30 ms/step
step  3550  loss 1.6185  bpc 2.335  gn 1.22  30 ms/step
step  3600  loss 1.6786  bpc 2.422  gn 1.21  30 ms/step
step  3650  loss 1.7478  bpc 2.521  gn 1.35  30 ms/step
step  3700  loss 1.6818  bpc 2.426  gn 1.16  30 ms/step
step  3750  loss 1.6131  bpc 2.327  gn 1.10  30 ms/step
step  3800  loss 1.6304  bpc 2.352  gn 1.10  30 ms/step
step  3850  loss 1.5839  bpc 2.285  gn 1.24  30 ms/step
step  3900  loss 1.6813  bpc 2.426  gn 1.39  30 ms/step
step  3950  loss 1.5422  bpc 2.225  gn 1.19  30 ms/step
step  4000  loss 1.6092  bpc 2.322  gn 1.84  30 ms/step
== eval step 4000: val_bpc 2.2917  ppl 4.896  [0:512) 2.367  [512:4096) 2.285  [4096:8192) 2.288  peak 3614 MB
step  4050  loss 1.5055  bpc 2.172  gn 1.34  30 ms/step
step  4100  loss 1.5337  bpc 2.213  gn 1.21  30 ms/step
step  4150  loss 1.5115  bpc 2.181  gn 1.50  30 ms/step
step  4200  loss 1.5292  bpc 2.206  gn 1.54  30 ms/step
step  4250  loss 1.4500  bpc 2.092  gn 1.44  30 ms/step
step  4300  loss 1.4818  bpc 2.138  gn 1.52  30 ms/step
step  4350  loss 1.4146  bpc 2.041  gn 1.55  30 ms/step
step  4400  loss 1.4076  bpc 2.031  gn 1.31  30 ms/step
step  4450  loss 1.3711  bpc 1.978  gn 1.21  30 ms/step
step  4500  loss 1.3213  bpc 1.906  gn 1.28  30 ms/step
step  4550  loss 1.3151  bpc 1.897  gn 1.21  30 ms/step
step  4600  loss 1.3405  bpc 1.934  gn 0.99  30 ms/step
step  4650  loss 1.3233  bpc 1.909  gn 1.07  30 ms/step
step  4700  loss 1.2782  bpc 1.844  gn 1.08  30 ms/step
step  4750  loss 1.3158  bpc 1.898  gn 1.37  30 ms/step
step  4800  loss 1.1958  bpc 1.725  gn 1.23  30 ms/step
step  4850  loss 1.2479  bpc 1.800  gn 1.19  30 ms/step
step  4900  loss 1.2325  bpc 1.778  gn 1.10  30 ms/step
step  4950  loss 1.2932  bpc 1.866  gn 0.96  30 ms/step
step  5000  loss 1.1909  bpc 1.718  gn 0.87  30 ms/step
step  5050  loss 1.2710  bpc 1.834  gn 0.95  30 ms/step
step  5100  loss 1.1795  bpc 1.702  gn 1.03  30 ms/step
step  5150  loss 1.2936  bpc 1.866  gn 1.02  30 ms/step
step  5200  loss 1.1914  bpc 1.719  gn 0.92  30 ms/step
step  5250  loss 1.2728  bpc 1.836  gn 0.90  30 ms/step
step  5300  loss 1.2186  bpc 1.758  gn 0.93  30 ms/step
step  5350  loss 1.2561  bpc 1.812  gn 1.01  30 ms/step
step  5400  loss 1.2954  bpc 1.869  gn 0.94  30 ms/step
step  5450  loss 1.2859  bpc 1.855  gn 0.89  30 ms/step
step  5500  loss 1.2142  bpc 1.752  gn 0.92  30 ms/step
step  5550  loss 1.2496  bpc 1.803  gn 0.92  30 ms/step
step  5600  loss 1.1541  bpc 1.665  gn 0.87  30 ms/step
step  5650  loss 1.2019  bpc 1.734  gn 0.83  30 ms/step
step  5700  loss 1.2359  bpc 1.783  gn 0.72  30 ms/step
step  5750  loss 1.1398  bpc 1.644  gn 0.97  30 ms/step
step  5800  loss 1.2225  bpc 1.764  gn 0.89  30 ms/step
step  5850  loss 1.1858  bpc 1.711  gn 0.86  30 ms/step
step  5900  loss 1.1660  bpc 1.682  gn 0.81  30 ms/step
step  5950  loss 1.1694  bpc 1.687  gn 0.81  30 ms/step
step  6000  loss 1.1470  bpc 1.655  gn 0.86  30 ms/step
== eval step 6000: val_bpc 1.7430  ppl 3.347  [0:512) 1.929  [512:4096) 1.747  [4096:8192) 1.716  peak 3614 MB
step  6050  loss 1.2185  bpc 1.758  gn 0.83  30 ms/step
step  6100  loss 1.1951  bpc 1.724  gn 0.86  30 ms/step
step  6150  loss 1.1671  bpc 1.684  gn 0.72  30 ms/step
step  6200  loss 1.1494  bpc 1.658  gn 0.85  30 ms/step
step  6250  loss 1.0374  bpc 1.497  gn 0.83  30 ms/step
step  6300  loss 1.1803  bpc 1.703  gn 0.84  30 ms/step
step  6350  loss 1.1528  bpc 1.663  gn 0.72  30 ms/step
step  6400  loss 1.2001  bpc 1.731  gn 0.72  30 ms/step
step  6450  loss 1.1577  bpc 1.670  gn 0.71  30 ms/step
step  6500  loss 1.1754  bpc 1.696  gn 0.75  30 ms/step
step  6550  loss 1.1583  bpc 1.671  gn 0.76  30 ms/step
step  6600  loss 1.1551  bpc 1.666  gn 0.86  30 ms/step
step  6650  loss 1.2220  bpc 1.763  gn 0.75  30 ms/step
step  6700  loss 1.2022  bpc 1.734  gn 0.83  30 ms/step
step  6750  loss 1.1836  bpc 1.708  gn 0.77  30 ms/step
step  6800  loss 1.1679  bpc 1.685  gn 0.76  30 ms/step
step  6850  loss 1.1182  bpc 1.613  gn 0.98  30 ms/step
step  6900  loss 1.0593  bpc 1.528  gn 0.74  30 ms/step
step  6950  loss 1.1340  bpc 1.636  gn 0.78  30 ms/step
step  7000  loss 1.1268  bpc 1.626  gn 0.69  30 ms/step
step  7050  loss 1.1459  bpc 1.653  gn 0.71  30 ms/step
step  7100  loss 1.0884  bpc 1.570  gn 0.72  30 ms/step
step  7150  loss 1.1330  bpc 1.635  gn 0.81  30 ms/step
step  7200  loss 1.1286  bpc 1.628  gn 0.73  30 ms/step
step  7250  loss 1.1513  bpc 1.661  gn 0.79  30 ms/step
step  7300  loss 1.1577  bpc 1.670  gn 0.80  30 ms/step
step  7350  loss 1.2465  bpc 1.798  gn 0.79  30 ms/step
step  7400  loss 1.1163  bpc 1.610  gn 0.70  30 ms/step
step  7450  loss 1.1088  bpc 1.600  gn 0.72  30 ms/step
step  7500  loss 1.1063  bpc 1.596  gn 0.80  30 ms/step
step  7550  loss 1.0943  bpc 1.579  gn 0.77  30 ms/step
step  7600  loss 1.1895  bpc 1.716  gn 0.69  30 ms/step
step  7650  loss 1.1028  bpc 1.591  gn 0.77  30 ms/step
step  7700  loss 1.1327  bpc 1.634  gn 0.89  30 ms/step
step  7750  loss 1.0789  bpc 1.556  gn 0.69  30 ms/step
step  7800  loss 1.1127  bpc 1.605  gn 0.76  30 ms/step
step  7850  loss 1.0278  bpc 1.483  gn 0.71  30 ms/step
step  7900  loss 1.1269  bpc 1.626  gn 0.77  30 ms/step
step  7950  loss 1.0644  bpc 1.536  gn 0.71  30 ms/step
step  8000  loss 1.0032  bpc 1.447  gn 0.73  30 ms/step
== eval step 8000: val_bpc 1.6444  ppl 3.126  [0:512) 1.820  [512:4096) 1.647  [4096:8192) 1.620  peak 3614 MB
step  8050  loss 1.1159  bpc 1.610  gn 0.71  30 ms/step
step  8100  loss 1.1657  bpc 1.682  gn 0.76  30 ms/step
step  8150  loss 1.1470  bpc 1.655  gn 0.75  30 ms/step
step  8200  loss 1.0857  bpc 1.566  gn 0.69  30 ms/step
step  8250  loss 1.1164  bpc 1.611  gn 0.71  30 ms/step
step  8300  loss 1.0529  bpc 1.519  gn 0.69  30 ms/step
step  8350  loss 1.0826  bpc 1.562  gn 0.83  30 ms/step
step  8400  loss 1.0527  bpc 1.519  gn 0.74  30 ms/step
step  8450  loss 1.1450  bpc 1.652  gn 0.66  30 ms/step
step  8500  loss 1.1188  bpc 1.614  gn 0.67  30 ms/step
step  8550  loss 1.0712  bpc 1.545  gn 0.65  30 ms/step
step  8600  loss 1.1076  bpc 1.598  gn 0.72  30 ms/step
step  8650  loss 1.1420  bpc 1.648  gn 0.72  30 ms/step
step  8700  loss 1.0474  bpc 1.511  gn 0.70  30 ms/step
step  8750  loss 1.1646  bpc 1.680  gn 0.81  30 ms/step
step  8800  loss 1.1157  bpc 1.610  gn 0.71  30 ms/step
step  8850  loss 1.0865  bpc 1.567  gn 0.76  30 ms/step
step  8900  loss 1.0790  bpc 1.557  gn 0.81  30 ms/step
step  8950  loss 1.0877  bpc 1.569  gn 0.65  30 ms/step
step  9000  loss 1.1023  bpc 1.590  gn 0.71  30 ms/step
step  9050  loss 1.1098  bpc 1.601  gn 0.68  30 ms/step
step  9100  loss 1.0380  bpc 1.498  gn 0.75  30 ms/step
step  9150  loss 1.1305  bpc 1.631  gn 0.71  30 ms/step
step  9200  loss 1.1382  bpc 1.642  gn 0.67  30 ms/step
step  9250  loss 1.0512  bpc 1.517  gn 0.65  30 ms/step
step  9300  loss 1.0862  bpc 1.567  gn 0.74  30 ms/step
step  9350  loss 1.1125  bpc 1.605  gn 0.63  30 ms/step
step  9400  loss 1.0587  bpc 1.527  gn 0.74  30 ms/step
step  9450  loss 0.9809  bpc 1.415  gn 0.63  30 ms/step
step  9500  loss 1.0806  bpc 1.559  gn 0.67  30 ms/step
step  9550  loss 1.1604  bpc 1.674  gn 0.71  30 ms/step
step  9600  loss 1.0027  bpc 1.447  gn 0.63  30 ms/step
step  9650  loss 1.0252  bpc 1.479  gn 0.69  30 ms/step
step  9700  loss 1.1097  bpc 1.601  gn 0.64  30 ms/step
step  9750  loss 1.0970  bpc 1.583  gn 0.69  30 ms/step
step  9800  loss 1.0968  bpc 1.582  gn 0.66  30 ms/step
step  9850  loss 1.0829  bpc 1.562  gn 0.65  30 ms/step
step  9900  loss 1.0988  bpc 1.585  gn 0.69  30 ms/step
step  9950  loss 1.0636  bpc 1.534  gn 0.70  30 ms/step
step 10000  loss 1.0933  bpc 1.577  gn 0.71  30 ms/step
== eval step 10000: val_bpc 1.5943  ppl 3.020  [0:512) 1.769  [512:4096) 1.596  [4096:8192) 1.571  peak 3614 MB
step 10050  loss 1.1116  bpc 1.604  gn 0.65  30 ms/step
step 10100  loss 1.1266  bpc 1.625  gn 0.71  30 ms/step
step 10150  loss 1.0527  bpc 1.519  gn 0.62  30 ms/step
step 10200  loss 1.0968  bpc 1.582  gn 0.67  30 ms/step
step 10250  loss 1.0815  bpc 1.560  gn 0.71  30 ms/step
step 10300  loss 1.0421  bpc 1.503  gn 0.68  30 ms/step
step 10350  loss 1.0894  bpc 1.572  gn 0.74  30 ms/step
step 10400  loss 1.0881  bpc 1.570  gn 0.69  30 ms/step
step 10450  loss 1.0603  bpc 1.530  gn 0.76  30 ms/step
step 10500  loss 1.0693  bpc 1.543  gn 0.73  30 ms/step
step 10550  loss 1.1415  bpc 1.647  gn 0.69  30 ms/step
step 10600  loss 0.9967  bpc 1.438  gn 0.65  30 ms/step
step 10650  loss 1.0897  bpc 1.572  gn 0.70  30 ms/step
step 10700  loss 0.9813  bpc 1.416  gn 0.70  30 ms/step
step 10750  loss 1.0142  bpc 1.463  gn 0.64  30 ms/step
step 10800  loss 1.0449  bpc 1.507  gn 0.68  30 ms/step
step 10850  loss 1.1024  bpc 1.590  gn 0.78  30 ms/step
step 10900  loss 1.0989  bpc 1.585  gn 0.72  30 ms/step
step 10950  loss 1.0465  bpc 1.510  gn 0.69  30 ms/step
step 11000  loss 1.0469  bpc 1.510  gn 0.71  30 ms/step
step 11050  loss 0.8034  bpc 1.159  gn 0.59  30 ms/step
step 11100  loss 1.0735  bpc 1.549  gn 0.69  30 ms/step
step 11150  loss 1.0613  bpc 1.531  gn 0.70  30 ms/step
step 11200  loss 0.9867  bpc 1.423  gn 0.65  30 ms/step
step 11250  loss 1.1017  bpc 1.589  gn 0.71  30 ms/step
step 11300  loss 1.1202  bpc 1.616  gn 0.72  30 ms/step
step 11350  loss 1.0548  bpc 1.522  gn 0.72  30 ms/step
step 11400  loss 1.1001  bpc 1.587  gn 0.83  30 ms/step
step 11450  loss 1.0215  bpc 1.474  gn 0.70  30 ms/step
step 11500  loss 0.9210  bpc 1.329  gn 0.64  30 ms/step
step 11550  loss 1.0500  bpc 1.515  gn 0.67  30 ms/step
step 11600  loss 1.0889  bpc 1.571  gn 0.66  30 ms/step
step 11650  loss 0.9914  bpc 1.430  gn 0.65  30 ms/step
step 11700  loss 1.0757  bpc 1.552  gn 0.64  30 ms/step
step 11750  loss 1.0144  bpc 1.464  gn 0.65  30 ms/step
step 11800  loss 1.1101  bpc 1.601  gn 0.69  30 ms/step
step 11850  loss 1.0638  bpc 1.535  gn 0.65  30 ms/step
step 11900  loss 0.9821  bpc 1.417  gn 0.77  30 ms/step
step 11950  loss 1.0331  bpc 1.490  gn 0.66  30 ms/step
step 12000  loss 1.0893  bpc 1.572  gn 0.74  30 ms/step
== eval step 12000: val_bpc 1.5561  ppl 2.940  [0:512) 1.731  [512:4096) 1.556  [4096:8192) 1.534  peak 3614 MB
step 12050  loss 1.0250  bpc 1.479  gn 0.68  30 ms/step
step 12100  loss 0.9935  bpc 1.433  gn 0.67  30 ms/step
step 12150  loss 0.9758  bpc 1.408  gn 0.72  30 ms/step
step 12200  loss 1.0562  bpc 1.524  gn 0.71  30 ms/step
step 12250  loss 1.0298  bpc 1.486  gn 0.63  30 ms/step
step 12300  loss 1.0572  bpc 1.525  gn 0.72  30 ms/step
step 12350  loss 1.0207  bpc 1.473  gn 0.71  30 ms/step
step 12400  loss 1.0776  bpc 1.555  gn 0.75  30 ms/step
step 12450  loss 1.0779  bpc 1.555  gn 0.67  30 ms/step
step 12500  loss 1.0742  bpc 1.550  gn 0.76  30 ms/step
step 12550  loss 1.0456  bpc 1.509  gn 0.67  30 ms/step
step 12600  loss 1.0260  bpc 1.480  gn 0.64  30 ms/step
step 12650  loss 0.9875  bpc 1.425  gn 0.62  30 ms/step
step 12700  loss 1.0225  bpc 1.475  gn 0.68  30 ms/step
step 12750  loss 1.0035  bpc 1.448  gn 0.67  30 ms/step
step 12800  loss 1.0687  bpc 1.542  gn 0.69  30 ms/step
step 12850  loss 1.0985  bpc 1.585  gn 0.67  30 ms/step
step 12900  loss 1.1033  bpc 1.592  gn 0.72  30 ms/step
step 12950  loss 1.0313  bpc 1.488  gn 0.68  30 ms/step
step 13000  loss 1.0678  bpc 1.540  gn 0.62  30 ms/step
step 13050  loss 1.1053  bpc 1.595  gn 1.83  30 ms/step
step 13100  loss 1.0521  bpc 1.518  gn 0.62  30 ms/step
step 13150  loss 0.9894  bpc 1.427  gn 0.67  30 ms/step
step 13200  loss 1.0622  bpc 1.532  gn 0.68  30 ms/step
step 13250  loss 0.9394  bpc 1.355  gn 0.72  30 ms/step
step 13300  loss 1.1269  bpc 1.626  gn 0.65  30 ms/step
step 13350  loss 1.0232  bpc 1.476  gn 0.71  30 ms/step
step 13400  loss 1.0206  bpc 1.472  gn 0.71  30 ms/step
step 13450  loss 1.0317  bpc 1.488  gn 0.67  30 ms/step
step 13500  loss 0.9872  bpc 1.424  gn 0.65  30 ms/step
step 13550  loss 1.0666  bpc 1.539  gn 0.68  30 ms/step
step 13600  loss 1.0893  bpc 1.572  gn 0.65  30 ms/step
step 13650  loss 1.0254  bpc 1.479  gn 0.67  30 ms/step
step 13700  loss 1.0098  bpc 1.457  gn 0.67  30 ms/step
step 13750  loss 0.9767  bpc 1.409  gn 0.69  30 ms/step
step 13800  loss 1.0247  bpc 1.478  gn 0.64  30 ms/step
step 13850  loss 0.9653  bpc 1.393  gn 0.73  30 ms/step
step 13900  loss 1.0401  bpc 1.501  gn 0.62  30 ms/step
step 13950  loss 0.9193  bpc 1.326  gn 0.70  30 ms/step
step 14000  loss 1.0185  bpc 1.469  gn 0.69  30 ms/step
== eval step 14000: val_bpc 1.5318  ppl 2.891  [0:512) 1.704  [512:4096) 1.533  [4096:8192) 1.509  peak 3614 MB
step 14050  loss 1.0310  bpc 1.487  gn 0.67  30 ms/step
step 14100  loss 1.0119  bpc 1.460  gn 0.69  30 ms/step
step 14150  loss 1.0225  bpc 1.475  gn 0.62  30 ms/step
step 14200  loss 1.0171  bpc 1.467  gn 0.66  30 ms/step
step 14250  loss 1.0299  bpc 1.486  gn 0.73  30 ms/step
step 14300  loss 1.0498  bpc 1.515  gn 0.68  30 ms/step
step 14350  loss 1.0855  bpc 1.566  gn 0.63  30 ms/step
step 14400  loss 1.0246  bpc 1.478  gn 0.67  30 ms/step
step 14450  loss 1.0150  bpc 1.464  gn 0.64  30 ms/step
step 14500  loss 0.9494  bpc 1.370  gn 0.63  30 ms/step
step 14550  loss 1.0005  bpc 1.443  gn 0.64  30 ms/step
step 14600  loss 1.0873  bpc 1.569  gn 0.67  30 ms/step
step 14650  loss 1.0166  bpc 1.467  gn 0.70  30 ms/step
step 14700  loss 0.9886  bpc 1.426  gn 0.64  30 ms/step
step 14750  loss 1.0129  bpc 1.461  gn 0.62  30 ms/step
step 14800  loss 1.0147  bpc 1.464  gn 0.70  30 ms/step
step 14850  loss 1.0550  bpc 1.522  gn 0.65  30 ms/step
step 14900  loss 1.0489  bpc 1.513  gn 0.63  30 ms/step
step 14950  loss 0.9557  bpc 1.379  gn 0.63  30 ms/step
step 15000  loss 0.9606  bpc 1.386  gn 0.70  30 ms/step
step 15050  loss 1.0937  bpc 1.578  gn 0.65  30 ms/step
step 15100  loss 1.0510  bpc 1.516  gn 0.66  30 ms/step
step 15150  loss 1.0268  bpc 1.481  gn 0.67  30 ms/step
step 15200  loss 1.0391  bpc 1.499  gn 0.64  30 ms/step
step 15250  loss 0.9795  bpc 1.413  gn 0.63  30 ms/step
step 15300  loss 0.9580  bpc 1.382  gn 0.65  30 ms/step
step 15350  loss 1.0195  bpc 1.471  gn 0.65  30 ms/step
step 15400  loss 1.0447  bpc 1.507  gn 0.69  30 ms/step
step 15450  loss 1.0629  bpc 1.533  gn 0.67  30 ms/step
step 15500  loss 1.0111  bpc 1.459  gn 0.67  30 ms/step
step 15550  loss 0.9744  bpc 1.406  gn 0.78  30 ms/step
step 15600  loss 1.0392  bpc 1.499  gn 0.64  30 ms/step
step 15650  loss 1.0401  bpc 1.500  gn 0.66  30 ms/step
step 15700  loss 0.9936  bpc 1.434  gn 0.67  30 ms/step
step 15750  loss 1.0058  bpc 1.451  gn 0.67  30 ms/step
step 15800  loss 0.9923  bpc 1.432  gn 0.62  30 ms/step
step 15850  loss 1.0227  bpc 1.475  gn 0.64  30 ms/step
step 15900  loss 1.0405  bpc 1.501  gn 0.63  30 ms/step
step 15950  loss 1.0421  bpc 1.503  gn 0.68  30 ms/step
step 16000  loss 0.9743  bpc 1.406  gn 0.71  30 ms/step
== eval step 16000: val_bpc 1.5151  ppl 2.858  [0:512) 1.688  [512:4096) 1.515  [4096:8192) 1.494  peak 3614 MB
step 16050  loss 1.0550  bpc 1.522  gn 0.67  30 ms/step
step 16100  loss 0.9329  bpc 1.346  gn 0.66  30 ms/step
step 16150  loss 0.9259  bpc 1.336  gn 0.61  30 ms/step
step 16200  loss 1.0012  bpc 1.444  gn 0.66  30 ms/step
step 16250  loss 1.0085  bpc 1.455  gn 0.64  30 ms/step
step 16300  loss 0.9694  bpc 1.399  gn 0.69  30 ms/step
step 16350  loss 0.9461  bpc 1.365  gn 0.65  30 ms/step
step 16400  loss 1.1100  bpc 1.601  gn 0.71  30 ms/step
step 16450  loss 1.0484  bpc 1.513  gn 0.64  30 ms/step
step 16500  loss 0.9756  bpc 1.407  gn 0.62  30 ms/step
step 16550  loss 1.0924  bpc 1.576  gn 0.65  30 ms/step
step 16600  loss 1.0125  bpc 1.461  gn 0.66  30 ms/step
step 16650  loss 1.0089  bpc 1.456  gn 0.61  30 ms/step
step 16700  loss 1.0651  bpc 1.537  gn 0.69  30 ms/step
step 16750  loss 1.0567  bpc 1.524  gn 0.64  30 ms/step
step 16800  loss 1.1177  bpc 1.613  gn 0.65  30 ms/step
step 16850  loss 1.0516  bpc 1.517  gn 0.63  30 ms/step
step 16900  loss 1.1084  bpc 1.599  gn 0.65  30 ms/step
step 16950  loss 0.9991  bpc 1.441  gn 0.65  30 ms/step
step 17000  loss 1.0961  bpc 1.581  gn 0.67  30 ms/step
step 17050  loss 1.0668  bpc 1.539  gn 0.67  30 ms/step
step 17100  loss 1.0041  bpc 1.449  gn 0.68  30 ms/step
step 17150  loss 1.0212  bpc 1.473  gn 0.63  30 ms/step
step 17200  loss 1.0018  bpc 1.445  gn 0.64  30 ms/step
step 17250  loss 0.9505  bpc 1.371  gn 0.63  30 ms/step
step 17300  loss 0.9634  bpc 1.390  gn 0.61  30 ms/step
step 17350  loss 1.0128  bpc 1.461  gn 0.65  30 ms/step
step 17400  loss 1.0543  bpc 1.521  gn 0.67  30 ms/step
step 17450  loss 1.0311  bpc 1.488  gn 0.65  30 ms/step
step 17500  loss 1.0794  bpc 1.557  gn 0.67  30 ms/step
step 17550  loss 0.9475  bpc 1.367  gn 0.62  30 ms/step
step 17600  loss 1.0407  bpc 1.501  gn 0.64  30 ms/step
step 17650  loss 1.0288  bpc 1.484  gn 0.62  30 ms/step
step 17700  loss 1.0585  bpc 1.527  gn 0.66  30 ms/step
step 17750  loss 1.1085  bpc 1.599  gn 0.80  30 ms/step
step 17800  loss 1.0000  bpc 1.443  gn 0.59  30 ms/step
step 17850  loss 1.0248  bpc 1.479  gn 0.63  30 ms/step
step 17900  loss 0.9832  bpc 1.418  gn 0.62  30 ms/step
step 17950  loss 1.0098  bpc 1.457  gn 0.64  30 ms/step
step 18000  loss 1.0254  bpc 1.479  gn 0.62  30 ms/step
== eval step 18000: val_bpc 1.5052  ppl 2.839  [0:512) 1.678  [512:4096) 1.505  [4096:8192) 1.484  peak 3614 MB
step 18050  loss 0.8946  bpc 1.291  gn 0.63  30 ms/step
step 18100  loss 0.9998  bpc 1.442  gn 0.66  30 ms/step
step 18150  loss 0.9870  bpc 1.424  gn 0.67  30 ms/step
step 18200  loss 0.9859  bpc 1.422  gn 0.59  30 ms/step
step 18250  loss 0.9687  bpc 1.397  gn 0.62  30 ms/step
step 18300  loss 0.9895  bpc 1.428  gn 0.65  30 ms/step
step 18350  loss 0.9462  bpc 1.365  gn 0.59  30 ms/step
step 18400  loss 1.0287  bpc 1.484  gn 0.60  30 ms/step
step 18450  loss 1.0397  bpc 1.500  gn 0.61  30 ms/step
step 18500  loss 0.9683  bpc 1.397  gn 0.68  30 ms/step
step 18550  loss 0.9594  bpc 1.384  gn 0.59  30 ms/step
step 18600  loss 0.9776  bpc 1.410  gn 0.62  30 ms/step
step 18650  loss 1.0596  bpc 1.529  gn 0.69  30 ms/step
step 18700  loss 0.9191  bpc 1.326  gn 0.62  30 ms/step
step 18750  loss 1.0885  bpc 1.570  gn 0.66  30 ms/step
step 18800  loss 0.9782  bpc 1.411  gn 0.60  30 ms/step
step 18850  loss 0.9850  bpc 1.421  gn 0.65  30 ms/step
step 18900  loss 1.0705  bpc 1.544  gn 0.62  30 ms/step
step 18950  loss 0.9949  bpc 1.435  gn 0.60  30 ms/step
step 19000  loss 1.0485  bpc 1.513  gn 0.62  30 ms/step
step 19050  loss 0.9935  bpc 1.433  gn 0.62  30 ms/step
step 19100  loss 0.9883  bpc 1.426  gn 0.59  30 ms/step
step 19150  loss 0.9161  bpc 1.322  gn 0.60  30 ms/step
step 19200  loss 1.0262  bpc 1.481  gn 0.61  30 ms/step
step 19250  loss 1.0410  bpc 1.502  gn 0.68  30 ms/step
step 19300  loss 0.9526  bpc 1.374  gn 0.60  30 ms/step
step 19350  loss 1.0589  bpc 1.528  gn 0.61  30 ms/step
step 19400  loss 1.0139  bpc 1.463  gn 0.66  30 ms/step
step 19450  loss 0.9809  bpc 1.415  gn 0.63  30 ms/step
step 19500  loss 0.9396  bpc 1.356  gn 0.61  30 ms/step
step 19550  loss 1.0435  bpc 1.505  gn 0.64  30 ms/step
step 19600  loss 1.0567  bpc 1.524  gn 0.64  30 ms/step
step 19650  loss 0.9496  bpc 1.370  gn 0.63  30 ms/step
step 19700  loss 0.9777  bpc 1.411  gn 0.60  30 ms/step
step 19750  loss 1.0561  bpc 1.524  gn 0.59  30 ms/step
step 19800  loss 0.9591  bpc 1.384  gn 0.61  30 ms/step
step 19850  loss 1.0611  bpc 1.531  gn 0.61  30 ms/step
step 19900  loss 1.0710  bpc 1.545  gn 0.63  30 ms/step
step 19950  loss 1.1255  bpc 1.624  gn 0.64  30 ms/step
step 20000  loss 0.9985  bpc 1.440  gn 0.61  30 ms/step
== eval step 20000: val_bpc 1.5026  ppl 2.834  [0:512) 1.675  [512:4096) 1.502  [4096:8192) 1.482  peak 3614 MB
done: {"run": "softmax_qkn", "arm": "softmax", "d": "", "step": 20000, "train_loss": 0.9984561204910278, "train_loss_med200": 1.002825140953064, "val_bpc": 1.5026037134738994, "val_ppl": 2.8335363564914875, "val_bpc_0_512": 1.6751537459762273, "val_bpc_512_4096": 1.5020670473480107, "val_bpc_4096_8192": 1.4815045422712607, "grad_norm": 0.609299898147583, "nonfinite_steps": 0, "ms_per_step": 29.89100170135498, "peak_MB": 3614.45556640625, "params": 5384704, "elapsed_s": 601.7915148735046, "mask_nnz": 33558528, "mask_density": 0.50006103515625}
==== arm: --arm smat --d 1   Thu Sep  3 04:34:39 PM CDT 2026 ====
{
 "run": "smat_d1_qkn_tri",
 "arm": "smat",
 "d": 1,
 "T": 8192,
 "layers": 4,
 "d_model": 256,
 "heads": 4,
 "r": 64,
 "learn_phi": false,
 "qk_norm": true,
 "triton_bwd": true,
 "chunk": 128,
 "steps": 20000,
 "nb": 8,
 "lr": 0.0003,
 "warmup": 500,
 "wd": 0.1,
 "clip": 1.0,
 "eval_every": 2000,
 "val_windows": 128,
 "eval_nb": 8,
 "data": "/u/archerdw/smat_attention/deltaai/data/enwik8",
 "out": "results/lm_T8192_20k_qkn_tri.csv",
 "device": "cuda",
 "no_amp": false,
 "seed": 0
}
mask: {'mask_nnz': 33558528, 'mask_density': 0.50006103515625, 'mask_n': 4096, 'mask_q': 0, 'mask_B': 1}
params: 5,384,704
step    50  loss 4.3861  bpc 6.328  gn 2.73  66 ms/step
step   100  loss 3.7357  bpc 5.389  gn 1.72  39 ms/step
step   150  loss 3.3438  bpc 4.824  gn 0.92  39 ms/step
step   200  loss 2.8982  bpc 4.181  gn 0.68  39 ms/step
step   250  loss 2.8050  bpc 4.047  gn 0.45  39 ms/step
step   300  loss 2.8364  bpc 4.092  gn 0.77  39 ms/step
step   350  loss 2.6985  bpc 3.893  gn 0.57  39 ms/step
step   400  loss 2.7615  bpc 3.984  gn 0.69  39 ms/step
step   450  loss 2.6517  bpc 3.826  gn 0.58  39 ms/step
step   500  loss 2.6363  bpc 3.803  gn 0.49  39 ms/step
step   550  loss 2.6212  bpc 3.782  gn 0.49  39 ms/step
step   600  loss 2.6113  bpc 3.767  gn 0.45  39 ms/step
step   650  loss 2.6273  bpc 3.790  gn 0.40  39 ms/step
step   700  loss 2.6670  bpc 3.848  gn 0.51  39 ms/step
step   750  loss 2.6023  bpc 3.754  gn 0.60  39 ms/step
step   800  loss 2.5426  bpc 3.668  gn 0.51  39 ms/step
step   850  loss 2.6335  bpc 3.799  gn 0.42  39 ms/step
step   900  loss 2.6037  bpc 3.756  gn 0.47  39 ms/step
step   950  loss 2.5954  bpc 3.744  gn 0.44  39 ms/step
step  1000  loss 2.5460  bpc 3.673  gn 0.41  39 ms/step
step  1050  loss 2.5529  bpc 3.683  gn 0.85  39 ms/step
step  1100  loss 2.5699  bpc 3.708  gn 0.80  39 ms/step
step  1150  loss 2.5812  bpc 3.724  gn 0.66  39 ms/step
step  1200  loss 2.5332  bpc 3.655  gn 1.32  39 ms/step
step  1250  loss 2.5327  bpc 3.654  gn 0.68  39 ms/step
step  1300  loss 2.5111  bpc 3.623  gn 1.58  42 ms/step
step  1350  loss 2.4781  bpc 3.575  gn 1.65  39 ms/step
step  1400  loss 2.5694  bpc 3.707  gn 0.68  39 ms/step
step  1450  loss 2.4806  bpc 3.579  gn 0.65  39 ms/step
step  1500  loss 2.5060  bpc 3.615  gn 0.84  39 ms/step
step  1550  loss 2.4864  bpc 3.587  gn 0.77  39 ms/step
step  1600  loss 2.5312  bpc 3.652  gn 0.81  39 ms/step
step  1650  loss 2.4271  bpc 3.502  gn 1.09  39 ms/step
step  1700  loss 2.4764  bpc 3.573  gn 0.52  39 ms/step
step  1750  loss 2.4634  bpc 3.554  gn 1.02  39 ms/step
step  1800  loss 2.5111  bpc 3.623  gn 0.75  39 ms/step
step  1850  loss 2.4343  bpc 3.512  gn 0.95  39 ms/step
step  1900  loss 2.4319  bpc 3.508  gn 0.52  39 ms/step
step  1950  loss 2.4373  bpc 3.516  gn 0.64  39 ms/step
step  2000  loss 2.4729  bpc 3.568  gn 0.55  39 ms/step
== eval step 2000: val_bpc 3.5728  ppl 11.899  [0:512) 3.578  [512:4096) 3.568  [4096:8192) 3.577  peak 4655 MB
step  2050  loss 2.4991  bpc 3.605  gn 0.67  39 ms/step
step  2100  loss 2.4636  bpc 3.554  gn 1.54  39 ms/step
step  2150  loss 2.4603  bpc 3.549  gn 0.58  39 ms/step
step  2200  loss 2.5025  bpc 3.610  gn 1.33  39 ms/step
step  2250  loss 2.4634  bpc 3.554  gn 0.74  39 ms/step
step  2300  loss 2.4618  bpc 3.552  gn 0.67  39 ms/step
step  2350  loss 2.5089  bpc 3.620  gn 0.69  39 ms/step
step  2400  loss 2.5102  bpc 3.621  gn 0.68  39 ms/step
step  2450  loss 2.5071  bpc 3.617  gn 1.74  39 ms/step
step  2500  loss 2.4579  bpc 3.546  gn 0.66  39 ms/step
step  2550  loss 2.4486  bpc 3.533  gn 0.53  39 ms/step
step  2600  loss 2.4630  bpc 3.553  gn 0.60  39 ms/step
step  2650  loss 2.4784  bpc 3.576  gn 2.23  39 ms/step
step  2700  loss 2.2731  bpc 3.279  gn 0.61  39 ms/step
step  2750  loss 2.4938  bpc 3.598  gn 0.57  39 ms/step
step  2800  loss 2.4292  bpc 3.505  gn 0.76  39 ms/step
step  2850  loss 2.4391  bpc 3.519  gn 0.56  39 ms/step
step  2900  loss 2.3761  bpc 3.428  gn 0.76  39 ms/step
step  2950  loss 2.4022  bpc 3.466  gn 1.69  39 ms/step
step  3000  loss 2.3077  bpc 3.329  gn 1.28  39 ms/step
step  3050  loss 2.4842  bpc 3.584  gn 0.51  39 ms/step
step  3100  loss 2.5047  bpc 3.614  gn 0.74  39 ms/step
step  3150  loss 2.4081  bpc 3.474  gn 0.58  39 ms/step
step  3200  loss 2.3654  bpc 3.413  gn 1.92  39 ms/step
step  3250  loss 2.4128  bpc 3.481  gn 0.53  39 ms/step
step  3300  loss 2.3595  bpc 3.404  gn 0.72  39 ms/step
step  3350  loss 2.4633  bpc 3.554  gn 0.60  39 ms/step
step  3400  loss 2.4078  bpc 3.474  gn 0.47  39 ms/step
step  3450  loss 2.3702  bpc 3.420  gn 0.95  39 ms/step
step  3500  loss 2.4322  bpc 3.509  gn 0.47  39 ms/step
step  3550  loss 2.3872  bpc 3.444  gn 0.43  39 ms/step
step  3600  loss 2.4447  bpc 3.527  gn 0.46  39 ms/step
step  3650  loss 2.4871  bpc 3.588  gn 0.45  39 ms/step
step  3700  loss 2.4921  bpc 3.595  gn 1.32  39 ms/step
step  3750  loss 2.4074  bpc 3.473  gn 0.65  39 ms/step
step  3800  loss 2.4367  bpc 3.515  gn 0.47  39 ms/step
step  3850  loss 2.4157  bpc 3.485  gn 0.45  39 ms/step
step  3900  loss 2.5054  bpc 3.615  gn 0.44  39 ms/step
step  3950  loss 2.4113  bpc 3.479  gn 0.52  39 ms/step
step  4000  loss 2.4429  bpc 3.524  gn 0.80  39 ms/step
== eval step 4000: val_bpc 3.4801  ppl 11.159  [0:512) 3.465  [512:4096) 3.465  [4096:8192) 3.495  peak 4655 MB
step  4050  loss 2.3483  bpc 3.388  gn 0.59  39 ms/step
step  4100  loss 2.3803  bpc 3.434  gn 0.67  38 ms/step
step  4150  loss 2.3891  bpc 3.447  gn 0.50  38 ms/step
step  4200  loss 2.4305  bpc 3.507  gn 0.47  38 ms/step
step  4250  loss 2.4278  bpc 3.503  gn 0.62  38 ms/step
step  4300  loss 2.4620  bpc 3.552  gn 0.57  39 ms/step
step  4350  loss 2.3791  bpc 3.432  gn 0.42  39 ms/step
step  4400  loss 2.3949  bpc 3.455  gn 0.53  38 ms/step
step  4450  loss 2.3963  bpc 3.457  gn 0.43  38 ms/step
step  4500  loss 2.3912  bpc 3.450  gn 0.59  38 ms/step
step  4550  loss 2.3872  bpc 3.444  gn 0.56  39 ms/step
step  4600  loss 2.4173  bpc 3.487  gn 0.52  39 ms/step
step  4650  loss 2.3946  bpc 3.455  gn 0.40  38 ms/step
step  4700  loss 2.3662  bpc 3.414  gn 0.69  38 ms/step
step  4750  loss 2.3548  bpc 3.397  gn 0.58  38 ms/step
step  4800  loss 2.3817  bpc 3.436  gn 0.52  38 ms/step
step  4850  loss 2.3200  bpc 3.347  gn 0.53  38 ms/step
step  4900  loss 2.3061  bpc 3.327  gn 1.03  38 ms/step
step  4950  loss 2.4189  bpc 3.490  gn 0.55  38 ms/step
step  5000  loss 2.3780  bpc 3.431  gn 0.50  38 ms/step
step  5050  loss 2.3660  bpc 3.413  gn 0.59  38 ms/step
step  5100  loss 2.2965  bpc 3.313  gn 2.01  39 ms/step
step  5150  loss 2.3897  bpc 3.448  gn 0.45  39 ms/step
step  5200  loss 2.3180  bpc 3.344  gn 0.65  39 ms/step
step  5250  loss 2.3560  bpc 3.399  gn 0.47  38 ms/step
step  5300  loss 2.2868  bpc 3.299  gn 0.53  39 ms/step
step  5350  loss 2.4027  bpc 3.466  gn 0.46  39 ms/step
step  5400  loss 2.4057  bpc 3.471  gn 0.51  39 ms/step
step  5450  loss 2.4040  bpc 3.468  gn 0.43  38 ms/step
step  5500  loss 2.3451  bpc 3.383  gn 0.57  38 ms/step
step  5550  loss 2.3247  bpc 3.354  gn 0.51  38 ms/step
step  5600  loss 2.2884  bpc 3.301  gn 0.60  39 ms/step
step  5650  loss 2.3692  bpc 3.418  gn 0.48  39 ms/step
step  5700  loss 2.3177  bpc 3.344  gn 0.36  39 ms/step
step  5750  loss 2.2810  bpc 3.291  gn 0.63  39 ms/step
step  5800  loss 2.3715  bpc 3.421  gn 0.53  39 ms/step
step  5850  loss 2.3428  bpc 3.380  gn 0.43  39 ms/step
step  5900  loss 2.2875  bpc 3.300  gn 0.51  39 ms/step
step  5950  loss 2.3883  bpc 3.446  gn 0.49  39 ms/step
step  6000  loss 2.3002  bpc 3.319  gn 0.61  39 ms/step
== eval step 6000: val_bpc 3.4120  ppl 10.645  [0:512) 3.383  [512:4096) 3.394  [4096:8192) 3.431  peak 4655 MB
step  6050  loss 2.3807  bpc 3.435  gn 0.44  39 ms/step
step  6100  loss 2.3185  bpc 3.345  gn 0.70  39 ms/step
step  6150  loss 2.3156  bpc 3.341  gn 0.48  39 ms/step
step  6200  loss 2.2690  bpc 3.273  gn 0.53  39 ms/step
step  6250  loss 2.1229  bpc 3.063  gn 0.82  39 ms/step
step  6300  loss 2.3948  bpc 3.455  gn 0.58  39 ms/step
step  6350  loss 2.3402  bpc 3.376  gn 0.53  39 ms/step
step  6400  loss 2.3558  bpc 3.399  gn 0.49  39 ms/step
step  6450  loss 2.3858  bpc 3.442  gn 0.52  39 ms/step
step  6500  loss 2.3267  bpc 3.357  gn 0.47  39 ms/step
step  6550  loss 2.3260  bpc 3.356  gn 0.48  39 ms/step
step  6600  loss 2.3861  bpc 3.442  gn 0.43  39 ms/step
step  6650  loss 2.4014  bpc 3.464  gn 0.39  38 ms/step
step  6700  loss 2.3727  bpc 3.423  gn 0.59  39 ms/step
step  6750  loss 2.3397  bpc 3.375  gn 0.56  38 ms/step
step  6800  loss 2.3077  bpc 3.329  gn 0.43  38 ms/step
step  6850  loss 2.2689  bpc 3.273  gn 0.91  38 ms/step
step  6900  loss 2.2129  bpc 3.193  gn 0.44  38 ms/step
step  6950  loss 2.2967  bpc 3.313  gn 0.67  38 ms/step
step  7000  loss 2.3144  bpc 3.339  gn 0.38  38 ms/step
step  7050  loss 2.3310  bpc 3.363  gn 0.52  38 ms/step
step  7100  loss 2.2874  bpc 3.300  gn 0.49  38 ms/step
step  7150  loss 2.3097  bpc 3.332  gn 0.64  38 ms/step
step  7200  loss 2.2919  bpc 3.306  gn 0.58  39 ms/step
step  7250  loss 2.3173  bpc 3.343  gn 0.56  39 ms/step
step  7300  loss 2.2744  bpc 3.281  gn 0.45  38 ms/step
step  7350  loss 2.3728  bpc 3.423  gn 0.35  38 ms/step
step  7400  loss 2.2859  bpc 3.298  gn 0.51  38 ms/step
step  7450  loss 2.2315  bpc 3.219  gn 0.51  38 ms/step
step  7500  loss 2.2678  bpc 3.272  gn 0.77  38 ms/step
step  7550  loss 2.2126  bpc 3.192  gn 1.06  38 ms/step
step  7600  loss 2.3947  bpc 3.455  gn 0.47  38 ms/step
step  7650  loss 2.3123  bpc 3.336  gn 0.59  38 ms/step
step  7700  loss 2.3281  bpc 3.359  gn 0.55  38 ms/step
step  7750  loss 2.1959  bpc 3.168  gn 0.52  39 ms/step
step  7800  loss 2.2282  bpc 3.215  gn 0.72  39 ms/step
step  7850  loss 2.2101  bpc 3.189  gn 0.69  38 ms/step
step  7900  loss 2.3084  bpc 3.330  gn 0.64  39 ms/step
step  7950  loss 2.2466  bpc 3.241  gn 0.63  39 ms/step
step  8000  loss 2.2393  bpc 3.231  gn 0.95  39 ms/step
== eval step 8000: val_bpc 3.3619  ppl 10.281  [0:512) 3.305  [512:4096) 3.337  [4096:8192) 3.391  peak 4655 MB
step  8050  loss 2.3211  bpc 3.349  gn 0.61  39 ms/step
step  8100  loss 2.3565  bpc 3.400  gn 0.46  38 ms/step
step  8150  loss 2.3082  bpc 3.330  gn 0.64  38 ms/step
step  8200  loss 2.3155  bpc 3.341  gn 0.55  39 ms/step
step  8250  loss 2.2364  bpc 3.226  gn 0.55  39 ms/step
step  8300  loss 2.1951  bpc 3.167  gn 0.66  39 ms/step
step  8350  loss 2.3119  bpc 3.335  gn 0.51  38 ms/step
step  8400  loss 2.2586  bpc 3.258  gn 0.57  39 ms/step
step  8450  loss 2.3593  bpc 3.404  gn 0.66  38 ms/step
step  8500  loss 2.3266  bpc 3.357  gn 0.48  38 ms/step
step  8550  loss 2.2838  bpc 3.295  gn 0.82  38 ms/step
step  8600  loss 2.2778  bpc 3.286  gn 0.46  38 ms/step
step  8650  loss 2.3118  bpc 3.335  gn 0.46  38 ms/step
step  8700  loss 2.3147  bpc 3.339  gn 0.47  38 ms/step
step  8750  loss 2.3507  bpc 3.391  gn 0.53  38 ms/step
step  8800  loss 2.2998  bpc 3.318  gn 0.49  38 ms/step
step  8850  loss 2.3611  bpc 3.406  gn 0.57  38 ms/step
step  8900  loss 2.2454  bpc 3.239  gn 0.84  39 ms/step
step  8950  loss 2.3020  bpc 3.321  gn 0.46  38 ms/step
step  9000  loss 2.2454  bpc 3.239  gn 0.55  38 ms/step
step  9050  loss 2.2926  bpc 3.308  gn 0.46  39 ms/step
step  9100  loss 2.1890  bpc 3.158  gn 0.55  38 ms/step
step  9150  loss 2.3642  bpc 3.411  gn 0.49  38 ms/step
step  9200  loss 2.3153  bpc 3.340  gn 0.50  38 ms/step
step  9250  loss 2.2214  bpc 3.205  gn 0.50  38 ms/step
step  9300  loss 2.3014  bpc 3.320  gn 0.52  38 ms/step
step  9350  loss 2.3181  bpc 3.344  gn 0.66  39 ms/step
step  9400  loss 2.2375  bpc 3.228  gn 0.73  39 ms/step
step  9450  loss 2.2298  bpc 3.217  gn 0.47  39 ms/step
step  9500  loss 2.2615  bpc 3.263  gn 0.73  38 ms/step
step  9550  loss 2.3481  bpc 3.388  gn 0.48  39 ms/step
step  9600  loss 2.1539  bpc 3.107  gn 0.52  38 ms/step
step  9650  loss 2.2413  bpc 3.233  gn 0.54  38 ms/step
step  9700  loss 2.3313  bpc 3.363  gn 0.39  38 ms/step
step  9750  loss 2.2978  bpc 3.315  gn 0.69  38 ms/step
step  9800  loss 2.2147  bpc 3.195  gn 0.59  38 ms/step
step  9850  loss 2.3407  bpc 3.377  gn 0.59  38 ms/step
step  9900  loss 2.2907  bpc 3.305  gn 0.55  38 ms/step
step  9950  loss 2.2062  bpc 3.183  gn 0.69  38 ms/step
step 10000  loss 2.2726  bpc 3.279  gn 0.64  38 ms/step
== eval step 10000: val_bpc 3.3080  ppl 9.904  [0:512) 3.239  [512:4096) 3.281  [4096:8192) 3.341  peak 4655 MB
step 10050  loss 2.3022  bpc 3.321  gn 0.54  38 ms/step
step 10100  loss 2.2912  bpc 3.305  gn 0.67  38 ms/step
step 10150  loss 2.1987  bpc 3.172  gn 0.57  38 ms/step
step 10200  loss 2.2651  bpc 3.268  gn 0.57  38 ms/step
step 10250  loss 2.2401  bpc 3.232  gn 0.48  38 ms/step
step 10300  loss 2.2334  bpc 3.222  gn 0.65  38 ms/step
step 10350  loss 2.2533  bpc 3.251  gn 0.70  38 ms/step
step 10400  loss 2.3043  bpc 3.324  gn 0.58  38 ms/step
step 10450  loss 2.1474  bpc 3.098  gn 0.89  39 ms/step
step 10500  loss 2.2538  bpc 3.252  gn 0.47  38 ms/step
step 10550  loss 2.2938  bpc 3.309  gn 0.48  38 ms/step
step 10600  loss 2.2093  bpc 3.187  gn 0.57  38 ms/step
step 10650  loss 2.2682  bpc 3.272  gn 0.56  38 ms/step
step 10700  loss 2.1626  bpc 3.120  gn 0.68  38 ms/step
step 10750  loss 2.2383  bpc 3.229  gn 0.64  38 ms/step
step 10800  loss 2.2021  bpc 3.177  gn 0.46  38 ms/step
step 10850  loss 2.2953  bpc 3.311  gn 0.59  38 ms/step
step 10900  loss 2.2699  bpc 3.275  gn 0.50  38 ms/step
step 10950  loss 2.2667  bpc 3.270  gn 0.60  38 ms/step
step 11000  loss 2.2701  bpc 3.275  gn 0.63  38 ms/step
step 11050  loss 1.8347  bpc 2.647  gn 0.94  38 ms/step
step 11100  loss 2.2193  bpc 3.202  gn 0.59  38 ms/step
step 11150  loss 2.2616  bpc 3.263  gn 0.73  38 ms/step
step 11200  loss 2.1650  bpc 3.123  gn 0.80  38 ms/step
step 11250  loss 2.2959  bpc 3.312  gn 0.53  38 ms/step
step 11300  loss 2.3635  bpc 3.410  gn 0.65  38 ms/step
step 11350  loss 2.2179  bpc 3.200  gn 0.63  38 ms/step
step 11400  loss 2.1688  bpc 3.129  gn 0.72  38 ms/step
step 11450  loss 2.2149  bpc 3.195  gn 0.57  38 ms/step
step 11500  loss 1.9803  bpc 2.857  gn 0.80  38 ms/step
step 11550  loss 2.3030  bpc 3.322  gn 0.61  39 ms/step
step 11600  loss 2.2378  bpc 3.229  gn 0.75  38 ms/step
step 11650  loss 2.1153  bpc 3.052  gn 0.76  38 ms/step
step 11700  loss 2.2295  bpc 3.217  gn 0.54  38 ms/step
step 11750  loss 2.2319  bpc 3.220  gn 0.94  38 ms/step
step 11800  loss 2.2980  bpc 3.315  gn 0.69  38 ms/step
step 11850  loss 2.2746  bpc 3.282  gn 0.61  38 ms/step
step 11900  loss 2.1091  bpc 3.043  gn 0.68  38 ms/step
step 11950  loss 2.1771  bpc 3.141  gn 0.61  38 ms/step
step 12000  loss 2.2688  bpc 3.273  gn 0.53  38 ms/step
== eval step 12000: val_bpc 3.2613  ppl 9.588  [0:512) 3.174  [512:4096) 3.232  [4096:8192) 3.297  peak 4655 MB
step 12050  loss 2.2678  bpc 3.272  gn 0.66  39 ms/step
step 12100  loss 2.1057  bpc 3.038  gn 0.60  38 ms/step
step 12150  loss 2.1657  bpc 3.124  gn 0.62  38 ms/step
step 12200  loss 2.2311  bpc 3.219  gn 0.54  38 ms/step
step 12250  loss 2.1944  bpc 3.166  gn 0.70  38 ms/step
step 12300  loss 2.2712  bpc 3.277  gn 0.72  38 ms/step
step 12350  loss 2.2082  bpc 3.186  gn 0.69  38 ms/step
step 12400  loss 2.1742  bpc 3.137  gn 0.60  38 ms/step
step 12450  loss 2.2574  bpc 3.257  gn 0.57  38 ms/step
step 12500  loss 2.2301  bpc 3.217  gn 0.74  38 ms/step
step 12550  loss 2.2100  bpc 3.188  gn 0.59  38 ms/step
step 12600  loss 2.1383  bpc 3.085  gn 0.63  38 ms/step
step 12650  loss 2.2387  bpc 3.230  gn 0.62  38 ms/step
step 12700  loss 2.0916  bpc 3.017  gn 0.68  38 ms/step
step 12750  loss 2.1825  bpc 3.149  gn 0.61  38 ms/step
step 12800  loss 2.2926  bpc 3.308  gn 0.59  39 ms/step
step 12850  loss 2.3290  bpc 3.360  gn 0.59  39 ms/step
step 12900  loss 2.2031  bpc 3.178  gn 0.76  38 ms/step
step 12950  loss 2.1697  bpc 3.130  gn 0.61  38 ms/step
step 13000  loss 2.1995  bpc 3.173  gn 0.71  38 ms/step
step 13050  loss 2.1094  bpc 3.043  gn 0.84  38 ms/step
step 13100  loss 2.2328  bpc 3.221  gn 0.64  38 ms/step
step 13150  loss 2.2403  bpc 3.232  gn 0.97  38 ms/step
step 13200  loss 2.1811  bpc 3.147  gn 0.56  38 ms/step
step 13250  loss 2.0318  bpc 2.931  gn 0.78  39 ms/step
step 13300  loss 2.2803  bpc 3.290  gn 0.72  38 ms/step
step 13350  loss 2.2451  bpc 3.239  gn 0.60  38 ms/step
step 13400  loss 2.2041  bpc 3.180  gn 1.00  38 ms/step
step 13450  loss 2.1633  bpc 3.121  gn 0.68  38 ms/step
step 13500  loss 2.1590  bpc 3.115  gn 0.89  38 ms/step
step 13550  loss 2.2600  bpc 3.260  gn 0.67  38 ms/step
step 13600  loss 2.3036  bpc 3.323  gn 0.63  38 ms/step
step 13650  loss 2.1965  bpc 3.169  gn 0.65  38 ms/step
step 13700  loss 2.2029  bpc 3.178  gn 0.59  39 ms/step
step 13750  loss 2.1669  bpc 3.126  gn 0.76  38 ms/step
step 13800  loss 2.2253  bpc 3.210  gn 0.70  38 ms/step
step 13850  loss 2.0556  bpc 2.966  gn 0.83  38 ms/step
step 13900  loss 2.2421  bpc 3.235  gn 0.68  38 ms/step
step 13950  loss 2.0969  bpc 3.025  gn 0.88  38 ms/step
step 14000  loss 2.1768  bpc 3.140  gn 0.63  38 ms/step
== eval step 14000: val_bpc 3.2246  ppl 9.348  [0:512) 3.125  [512:4096) 3.194  [4096:8192) 3.264  peak 4655 MB
step 14050  loss 2.1590  bpc 3.115  gn 0.66  38 ms/step
step 14100  loss 2.1549  bpc 3.109  gn 0.64  38 ms/step
step 14150  loss 2.1932  bpc 3.164  gn 0.60  38 ms/step
step 14200  loss 2.1980  bpc 3.171  gn 0.63  38 ms/step
step 14250  loss 2.1740  bpc 3.136  gn 0.80  38 ms/step
step 14300  loss 2.2166  bpc 3.198  gn 0.62  38 ms/step
step 14350  loss 2.2701  bpc 3.275  gn 0.66  38 ms/step
step 14400  loss 2.1665  bpc 3.126  gn 0.64  38 ms/step
step 14450  loss 2.0891  bpc 3.014  gn 0.77  38 ms/step
step 14500  loss 2.0437  bpc 2.948  gn 0.64  38 ms/step
step 14550  loss 2.1513  bpc 3.104  gn 0.71  38 ms/step
step 14600  loss 2.2526  bpc 3.250  gn 0.59  38 ms/step
step 14650  loss 2.1178  bpc 3.055  gn 0.81  38 ms/step
step 14700  loss 2.1712  bpc 3.132  gn 0.66  38 ms/step
step 14750  loss 2.1127  bpc 3.048  gn 0.67  38 ms/step
step 14800  loss 2.1306  bpc 3.074  gn 0.68  38 ms/step
step 14850  loss 2.2147  bpc 3.195  gn 0.68  38 ms/step
step 14900  loss 2.2400  bpc 3.232  gn 0.58  38 ms/step
step 14950  loss 2.0534  bpc 2.962  gn 0.78  38 ms/step
step 15000  loss 2.1361  bpc 3.082  gn 0.77  39 ms/step
step 15050  loss 2.2521  bpc 3.249  gn 0.64  38 ms/step
step 15100  loss 2.2815  bpc 3.292  gn 0.66  38 ms/step
step 15150  loss 2.1615  bpc 3.118  gn 0.64  38 ms/step
step 15200  loss 2.2383  bpc 3.229  gn 0.61  38 ms/step
step 15250  loss 2.1055  bpc 3.038  gn 0.58  38 ms/step
step 15300  loss 2.0459  bpc 2.952  gn 0.72  38 ms/step
step 15350  loss 2.1404  bpc 3.088  gn 0.69  38 ms/step
step 15400  loss 2.2398  bpc 3.231  gn 0.74  38 ms/step
step 15450  loss 2.2253  bpc 3.210  gn 0.64  38 ms/step
step 15500  loss 2.1861  bpc 3.154  gn 0.87  38 ms/step
step 15550  loss 2.1416  bpc 3.090  gn 0.91  38 ms/step
step 15600  loss 2.1840  bpc 3.151  gn 0.70  38 ms/step
step 15650  loss 2.1359  bpc 3.081  gn 0.70  38 ms/step
step 15700  loss 2.1375  bpc 3.084  gn 0.73  38 ms/step
step 15750  loss 2.1386  bpc 3.085  gn 0.77  38 ms/step
step 15800  loss 2.1465  bpc 3.097  gn 0.71  38 ms/step
step 15850  loss 2.2553  bpc 3.254  gn 0.69  38 ms/step
step 15900  loss 2.1778  bpc 3.142  gn 0.79  39 ms/step
step 15950  loss 2.2128  bpc 3.192  gn 0.74  38 ms/step
step 16000  loss 2.1600  bpc 3.116  gn 0.68  39 ms/step
== eval step 16000: val_bpc 3.2011  ppl 9.197  [0:512) 3.095  [512:4096) 3.169  [4096:8192) 3.242  peak 4655 MB
step 16050  loss 2.1950  bpc 3.167  gn 0.79  39 ms/step
step 16100  loss 1.9887  bpc 2.869  gn 0.76  38 ms/step
step 16150  loss 2.0813  bpc 3.003  gn 0.76  38 ms/step
step 16200  loss 2.2036  bpc 3.179  gn 0.69  39 ms/step
step 16250  loss 2.1427  bpc 3.091  gn 0.70  38 ms/step
step 16300  loss 2.0941  bpc 3.021  gn 0.82  38 ms/step
step 16350  loss 2.0893  bpc 3.014  gn 0.70  38 ms/step
step 16400  loss 2.2229  bpc 3.207  gn 0.83  38 ms/step
step 16450  loss 2.1471  bpc 3.098  gn 0.66  38 ms/step
step 16500  loss 2.1464  bpc 3.097  gn 0.78  38 ms/step
step 16550  loss 2.2661  bpc 3.269  gn 0.78  39 ms/step
step 16600  loss 2.2118  bpc 3.191  gn 0.79  38 ms/step
step 16650  loss 2.1234  bpc 3.063  gn 0.67  38 ms/step
step 16700  loss 2.2123  bpc 3.192  gn 0.68  38 ms/step
step 16750  loss 2.2615  bpc 3.263  gn 0.66  38 ms/step
step 16800  loss 2.2395  bpc 3.231  gn 0.72  38 ms/step
step 16850  loss 2.1459  bpc 3.096  gn 0.75  38 ms/step
step 16900  loss 2.2893  bpc 3.303  gn 0.70  38 ms/step
step 16950  loss 2.2068  bpc 3.184  gn 0.93  38 ms/step
step 17000  loss 2.2264  bpc 3.212  gn 0.81  38 ms/step
step 17050  loss 2.2746  bpc 3.281  gn 0.67  38 ms/step
step 17100  loss 2.1510  bpc 3.103  gn 0.83  38 ms/step
step 17150  loss 2.2133  bpc 3.193  gn 0.70  38 ms/step
step 17200  loss 2.1545  bpc 3.108  gn 0.73  38 ms/step
step 17250  loss 2.0439  bpc 2.949  gn 0.82  38 ms/step
step 17300  loss 2.1492  bpc 3.101  gn 0.76  38 ms/step
step 17350  loss 2.1390  bpc 3.086  gn 0.82  38 ms/step
step 17400  loss 2.2750  bpc 3.282  gn 0.74  39 ms/step
step 17450  loss 2.1438  bpc 3.093  gn 0.76  38 ms/step
step 17500  loss 2.2334  bpc 3.222  gn 0.71  38 ms/step
step 17550  loss 2.0684  bpc 2.984  gn 0.72  38 ms/step
step 17600  loss 2.2038  bpc 3.179  gn 0.78  38 ms/step
step 17650  loss 2.1835  bpc 3.150  gn 0.67  38 ms/step
step 17700  loss 2.2382  bpc 3.229  gn 0.90  38 ms/step
step 17750  loss 2.2729  bpc 3.279  gn 0.60  39 ms/step
step 17800  loss 2.1271  bpc 3.069  gn 0.83  38 ms/step
step 17850  loss 2.1675  bpc 3.127  gn 0.78  38 ms/step
step 17900  loss 2.1123  bpc 3.047  gn 0.77  38 ms/step
step 17950  loss 2.2162  bpc 3.197  gn 0.79  38 ms/step
step 18000  loss 2.1339  bpc 3.078  gn 0.86  38 ms/step
== eval step 18000: val_bpc 3.1873  ppl 9.109  [0:512) 3.080  [512:4096) 3.155  [4096:8192) 3.229  peak 4655 MB
step 18050  loss 2.0524  bpc 2.961  gn 0.82  39 ms/step
step 18100  loss 2.1350  bpc 3.080  gn 0.78  38 ms/step
step 18150  loss 2.1445  bpc 3.094  gn 0.71  38 ms/step
step 18200  loss 2.0792  bpc 3.000  gn 0.74  38 ms/step
step 18250  loss 2.1248  bpc 3.065  gn 0.75  39 ms/step
step 18300  loss 2.1413  bpc 3.089  gn 0.87  38 ms/step
step 18350  loss 2.0852  bpc 3.008  gn 0.69  38 ms/step
step 18400  loss 2.1925  bpc 3.163  gn 0.58  38 ms/step
step 18450  loss 2.1461  bpc 3.096  gn 0.61  38 ms/step
step 18500  loss 2.1544  bpc 3.108  gn 0.88  38 ms/step
step 18550  loss 2.0900  bpc 3.015  gn 0.71  38 ms/step
step 18600  loss 2.1066  bpc 3.039  gn 0.72  38 ms/step
step 18650  loss 2.2091  bpc 3.187  gn 0.66  38 ms/step
step 18700  loss 2.0910  bpc 3.017  gn 0.81  38 ms/step
step 18750  loss 2.2801  bpc 3.289  gn 0.66  38 ms/step
step 18800  loss 2.1272  bpc 3.069  gn 0.66  38 ms/step
step 18850  loss 2.1154  bpc 3.052  gn 0.83  38 ms/step
step 18900  loss 2.2546  bpc 3.253  gn 0.63  38 ms/step
step 18950  loss 2.1118  bpc 3.047  gn 0.73  38 ms/step
step 19000  loss 2.1791  bpc 3.144  gn 0.62  38 ms/step
step 19050  loss 2.1762  bpc 3.140  gn 0.70  39 ms/step
step 19100  loss 2.1908  bpc 3.161  gn 0.74  39 ms/step
step 19150  loss 2.1461  bpc 3.096  gn 0.97  39 ms/step
step 19200  loss 2.1723  bpc 3.134  gn 0.70  39 ms/step
step 19250  loss 2.2425  bpc 3.235  gn 0.77  38 ms/step
step 19300  loss 2.0925  bpc 3.019  gn 0.77  38 ms/step
step 19350  loss 2.2320  bpc 3.220  gn 0.68  38 ms/step
step 19400  loss 2.1960  bpc 3.168  gn 0.72  38 ms/step
step 19450  loss 2.1061  bpc 3.039  gn 0.70  38 ms/step
step 19500  loss 2.0809  bpc 3.002  gn 0.74  38 ms/step
step 19550  loss 2.2236  bpc 3.208  gn 0.71  38 ms/step
step 19600  loss 2.1396  bpc 3.087  gn 0.60  38 ms/step
step 19650  loss 2.1201  bpc 3.059  gn 0.95  38 ms/step
step 19700  loss 2.1483  bpc 3.099  gn 0.85  38 ms/step
step 19750  loss 2.2176  bpc 3.199  gn 0.64  38 ms/step
step 19800  loss 2.1604  bpc 3.117  gn 0.74  38 ms/step
step 19850  loss 2.2216  bpc 3.205  gn 0.70  38 ms/step
step 19900  loss 2.1977  bpc 3.171  gn 0.66  38 ms/step
step 19950  loss 2.3363  bpc 3.371  gn 0.70  38 ms/step
step 20000  loss 2.1756  bpc 3.139  gn 0.64  38 ms/step
== eval step 20000: val_bpc 3.1839  ppl 9.088  [0:512) 3.077  [512:4096) 3.151  [4096:8192) 3.226  peak 4655 MB
done: {"run": "smat_d1_qkn_tri", "arm": "smat", "d": 1, "step": 20000, "train_loss": 2.175647735595703, "train_loss_med200": 2.166740298271179, "val_bpc": 3.1839351635437643, "val_ppl": 9.087825691261864, "val_bpc_0_512": 3.076840824382138, "val_bpc_512_4096": 3.1512940552781954, "val_bpc_4096_8192": 3.2258829256713413, "grad_norm": 0.6448565721511841, "nonfinite_steps": 0, "ms_per_step": 38.4892578125, "peak_MB": 4654.546875, "params": 5384704, "elapsed_s": 774.7359557151794, "mask_nnz": 33558528, "mask_density": 0.50006103515625, "mask_n": 4096, "mask_q": 0, "mask_B": 1}
==== arm: --arm smat --d 2   Thu Sep  3 04:47:39 PM CDT 2026 ====
{
 "run": "smat_d2_qkn_tri",
 "arm": "smat",
 "d": 2,
 "T": 8192,
 "layers": 4,
 "d_model": 256,
 "heads": 4,
 "r": 64,
 "learn_phi": false,
 "qk_norm": true,
 "triton_bwd": true,
 "chunk": 128,
 "steps": 20000,
 "nb": 8,
 "lr": 0.0003,
 "warmup": 500,
 "wd": 0.1,
 "clip": 1.0,
 "eval_every": 2000,
 "val_windows": 128,
 "eval_nb": 8,
 "data": "/u/archerdw/smat_attention/deltaai/data/enwik8",
 "out": "results/lm_T8192_20k_qkn_tri.csv",
 "device": "cuda",
 "no_amp": false,
 "seed": 0
}
mask: {'mask_nnz': 17031726, 'mask_density': 0.25379249453544617, 'mask_n': 4096, 'mask_q': 67, 'mask_B': 67}
params: 5,384,704
step    50  loss 4.3860  bpc 6.328  gn 2.73  71 ms/step
step   100  loss 3.7320  bpc 5.384  gn 1.68  40 ms/step
step   150  loss 3.3375  bpc 4.815  gn 1.10  40 ms/step
step   200  loss 2.8871  bpc 4.165  gn 1.12  40 ms/step
step   250  loss 2.7823  bpc 4.014  gn 0.75  40 ms/step
step   300  loss 2.8089  bpc 4.052  gn 0.60  40 ms/step
step   350  loss 2.6796  bpc 3.866  gn 0.50  40 ms/step
step   400  loss 2.7406  bpc 3.954  gn 0.73  40 ms/step
step   450  loss 2.6212  bpc 3.782  gn 0.44  40 ms/step
step   500  loss 2.6147  bpc 3.772  gn 0.43  40 ms/step
step   550  loss 2.6010  bpc 3.752  gn 0.55  40 ms/step
step   600  loss 2.5773  bpc 3.718  gn 0.34  40 ms/step
step   650  loss 2.6057  bpc 3.759  gn 0.43  40 ms/step
step   700  loss 2.6306  bpc 3.795  gn 0.48  40 ms/step
step   750  loss 2.5850  bpc 3.729  gn 0.63  40 ms/step
step   800  loss 2.5110  bpc 3.623  gn 0.47  40 ms/step
step   850  loss 2.6122  bpc 3.769  gn 0.33  40 ms/step
step   900  loss 2.5728  bpc 3.712  gn 0.49  40 ms/step
step   950  loss 2.5595  bpc 3.693  gn 0.35  40 ms/step
step  1000  loss 2.5325  bpc 3.654  gn 0.45  40 ms/step
step  1050  loss 2.5216  bpc 3.638  gn 0.69  40 ms/step
step  1100  loss 2.5490  bpc 3.677  gn 0.44  40 ms/step
step  1150  loss 2.5736  bpc 3.713  gn 0.43  40 ms/step
step  1200  loss 2.5267  bpc 3.645  gn 0.58  40 ms/step
step  1250  loss 2.5225  bpc 3.639  gn 0.46  40 ms/step
step  1300  loss 2.5006  bpc 3.608  gn 0.41  40 ms/step
step  1350  loss 2.4619  bpc 3.552  gn 0.84  40 ms/step
step  1400  loss 2.5665  bpc 3.703  gn 0.37  40 ms/step
step  1450  loss 2.4911  bpc 3.594  gn 0.66  40 ms/step
step  1500  loss 2.5028  bpc 3.611  gn 0.59  40 ms/step
step  1550  loss 2.4903  bpc 3.593  gn 0.62  40 ms/step
step  1600  loss 2.5275  bpc 3.646  gn 0.69  40 ms/step
step  1650  loss 2.4184  bpc 3.489  gn 0.80  40 ms/step
step  1700  loss 2.4773  bpc 3.574  gn 0.44  40 ms/step
step  1750  loss 2.4554  bpc 3.542  gn 0.41  40 ms/step
step  1800  loss 2.5042  bpc 3.613  gn 0.45  40 ms/step
step  1850  loss 2.4115  bpc 3.479  gn 0.55  40 ms/step
step  1900  loss 2.4248  bpc 3.498  gn 0.40  40 ms/step
step  1950  loss 2.4294  bpc 3.505  gn 0.47  40 ms/step
step  2000  loss 2.4815  bpc 3.580  gn 0.42  40 ms/step
== eval step 2000: val_bpc 3.5756  ppl 11.923  [0:512) 3.532  [512:4096) 3.535  [4096:8192) 3.616  peak 4937 MB
step  2050  loss 2.4948  bpc 3.599  gn 0.42  40 ms/step
step  2100  loss 2.4337  bpc 3.511  gn 0.73  40 ms/step
step  2150  loss 2.4551  bpc 3.542  gn 0.43  40 ms/step
step  2200  loss 2.5037  bpc 3.612  gn 0.52  40 ms/step
step  2250  loss 2.4562  bpc 3.544  gn 0.49  40 ms/step
step  2300  loss 2.4631  bpc 3.554  gn 0.55  40 ms/step
step  2350  loss 2.4926  bpc 3.596  gn 0.50  40 ms/step
step  2400  loss 2.5038  bpc 3.612  gn 0.61  40 ms/step
step  2450  loss 2.5028  bpc 3.611  gn 0.55  40 ms/step
step  2500  loss 2.4491  bpc 3.533  gn 0.55  40 ms/step
step  2550  loss 2.4478  bpc 3.531  gn 0.39  40 ms/step
step  2600  loss 2.4565  bpc 3.544  gn 0.44  40 ms/step
step  2650  loss 2.4685  bpc 3.561  gn 0.57  40 ms/step
step  2700  loss 2.2729  bpc 3.279  gn 0.57  40 ms/step
step  2750  loss 2.4826  bpc 3.582  gn 0.45  40 ms/step
step  2800  loss 2.4209  bpc 3.493  gn 0.41  40 ms/step
step  2850  loss 2.4394  bpc 3.519  gn 0.52  40 ms/step
step  2900  loss 2.3604  bpc 3.405  gn 0.73  40 ms/step
step  2950  loss 2.3834  bpc 3.439  gn 0.57  40 ms/step
step  3000  loss 2.2738  bpc 3.280  gn 0.94  40 ms/step
step  3050  loss 2.4628  bpc 3.553  gn 0.53  40 ms/step
step  3100  loss 2.4732  bpc 3.568  gn 0.60  40 ms/step
step  3150  loss 2.3924  bpc 3.451  gn 2.11  40 ms/step
step  3200  loss 2.3189  bpc 3.345  gn 0.80  40 ms/step
step  3250  loss 2.3785  bpc 3.431  gn 0.57  40 ms/step
step  3300  loss 2.3296  bpc 3.361  gn 0.97  40 ms/step
step  3350  loss 2.4271  bpc 3.502  gn 0.59  40 ms/step
step  3400  loss 2.3654  bpc 3.412  gn 0.64  40 ms/step
step  3450  loss 2.3178  bpc 3.344  gn 1.33  40 ms/step
step  3500  loss 2.3986  bpc 3.460  gn 0.72  40 ms/step
step  3550  loss 2.3535  bpc 3.395  gn 0.42  40 ms/step
step  3600  loss 2.4225  bpc 3.495  gn 0.44  40 ms/step
step  3650  loss 2.4549  bpc 3.542  gn 0.59  40 ms/step
step  3700  loss 2.4570  bpc 3.545  gn 0.62  40 ms/step
step  3750  loss 2.3622  bpc 3.408  gn 1.62  40 ms/step
step  3800  loss 2.4094  bpc 3.476  gn 0.57  40 ms/step
step  3850  loss 2.3784  bpc 3.431  gn 0.52  40 ms/step
step  3900  loss 2.4713  bpc 3.565  gn 0.54  40 ms/step
step  3950  loss 2.3810  bpc 3.435  gn 0.48  40 ms/step
step  4000  loss 2.3796  bpc 3.433  gn 1.00  40 ms/step
== eval step 4000: val_bpc 3.4257  ppl 10.746  [0:512) 3.398  [512:4096) 3.418  [4096:8192) 3.436  peak 4937 MB
step  4050  loss 2.3068  bpc 3.328  gn 0.62  40 ms/step
step  4100  loss 2.3397  bpc 3.376  gn 1.34  40 ms/step
step  4150  loss 2.3406  bpc 3.377  gn 0.57  40 ms/step
step  4200  loss 2.3842  bpc 3.440  gn 0.56  40 ms/step
step  4250  loss 2.3753  bpc 3.427  gn 0.60  40 ms/step
step  4300  loss 2.4174  bpc 3.488  gn 0.58  40 ms/step
step  4350  loss 2.3471  bpc 3.386  gn 0.50  40 ms/step
step  4400  loss 2.3608  bpc 3.406  gn 0.66  40 ms/step
step  4450  loss 2.3460  bpc 3.384  gn 0.55  40 ms/step
step  4500  loss 2.3333  bpc 3.366  gn 0.50  40 ms/step
step  4550  loss 2.3332  bpc 3.366  gn 0.53  40 ms/step
step  4600  loss 2.3712  bpc 3.421  gn 0.46  40 ms/step
step  4650  loss 2.3547  bpc 3.397  gn 0.61  40 ms/step
step  4700  loss 2.3017  bpc 3.321  gn 0.53  40 ms/step
step  4750  loss 2.3023  bpc 3.321  gn 0.85  40 ms/step
step  4800  loss 2.3415  bpc 3.378  gn 0.65  40 ms/step
step  4850  loss 2.2504  bpc 3.247  gn 0.49  40 ms/step
step  4900  loss 2.2359  bpc 3.226  gn 1.03  40 ms/step
step  4950  loss 2.3549  bpc 3.397  gn 0.58  40 ms/step
step  5000  loss 2.3195  bpc 3.346  gn 0.59  40 ms/step
step  5050  loss 2.3026  bpc 3.322  gn 0.47  39 ms/step
step  5100  loss 2.2242  bpc 3.209  gn 0.76  40 ms/step
step  5150  loss 2.3422  bpc 3.379  gn 0.47  40 ms/step
step  5200  loss 2.2538  bpc 3.252  gn 0.94  40 ms/step
step  5250  loss 2.2917  bpc 3.306  gn 0.54  40 ms/step
step  5300  loss 2.2256  bpc 3.211  gn 0.52  40 ms/step
step  5350  loss 2.3578  bpc 3.402  gn 0.57  40 ms/step
step  5400  loss 2.3465  bpc 3.385  gn 0.59  40 ms/step
step  5450  loss 2.3536  bpc 3.396  gn 0.55  40 ms/step
step  5500  loss 2.2830  bpc 3.294  gn 0.55  40 ms/step
step  5550  loss 2.2700  bpc 3.275  gn 0.77  40 ms/step
step  5600  loss 2.2219  bpc 3.205  gn 0.68  40 ms/step
step  5650  loss 2.3111  bpc 3.334  gn 0.55  40 ms/step
step  5700  loss 2.2677  bpc 3.272  gn 0.58  40 ms/step
step  5750  loss 2.1981  bpc 3.171  gn 0.92  40 ms/step
step  5800  loss 2.3176  bpc 3.344  gn 0.59  40 ms/step
step  5850  loss 2.2782  bpc 3.287  gn 0.51  40 ms/step
step  5900  loss 2.2109  bpc 3.190  gn 0.83  40 ms/step
step  5950  loss 2.3259  bpc 3.356  gn 0.58  40 ms/step
step  6000  loss 2.2269  bpc 3.213  gn 0.53  40 ms/step
== eval step 6000: val_bpc 3.3340  ppl 10.084  [0:512) 3.281  [512:4096) 3.320  [4096:8192) 3.353  peak 4937 MB
step  6050  loss 2.3211  bpc 3.349  gn 0.47  40 ms/step
step  6100  loss 2.2424  bpc 3.235  gn 0.77  40 ms/step
step  6150  loss 2.2620  bpc 3.263  gn 0.70  40 ms/step
step  6200  loss 2.2006  bpc 3.175  gn 0.52  40 ms/step
step  6250  loss 2.0490  bpc 2.956  gn 1.16  40 ms/step
step  6300  loss 2.3227  bpc 3.351  gn 0.63  40 ms/step
step  6350  loss 2.2708  bpc 3.276  gn 0.56  40 ms/step
step  6400  loss 2.2886  bpc 3.302  gn 0.60  40 ms/step
step  6450  loss 2.3225  bpc 3.351  gn 0.60  40 ms/step
step  6500  loss 2.2556  bpc 3.254  gn 0.54  40 ms/step
step  6550  loss 2.2564  bpc 3.255  gn 0.57  40 ms/step
step  6600  loss 2.3178  bpc 3.344  gn 0.61  40 ms/step
step  6650  loss 2.3479  bpc 3.387  gn 0.54  40 ms/step
step  6700  loss 2.2925  bpc 3.307  gn 0.71  40 ms/step
step  6750  loss 2.2728  bpc 3.279  gn 0.68  40 ms/step
step  6800  loss 2.2365  bpc 3.227  gn 0.53  40 ms/step
step  6850  loss 2.1616  bpc 3.119  gn 0.86  40 ms/step
step  6900  loss 2.1306  bpc 3.074  gn 0.62  40 ms/step
step  6950  loss 2.2060  bpc 3.183  gn 0.77  40 ms/step
step  7000  loss 2.2490  bpc 3.245  gn 0.49  40 ms/step
step  7050  loss 2.2460  bpc 3.240  gn 0.58  40 ms/step
step  7100  loss 2.2097  bpc 3.188  gn 0.57  40 ms/step
step  7150  loss 2.2402  bpc 3.232  gn 0.69  40 ms/step
step  7200  loss 2.2119  bpc 3.191  gn 0.72  40 ms/step
step  7250  loss 2.2389  bpc 3.230  gn 0.63  40 ms/step
step  7300  loss 2.1964  bpc 3.169  gn 0.56  40 ms/step
step  7350  loss 2.3034  bpc 3.323  gn 0.54  40 ms/step
step  7400  loss 2.2021  bpc 3.177  gn 0.67  40 ms/step
step  7450  loss 2.1484  bpc 3.100  gn 0.60  40 ms/step
step  7500  loss 2.1637  bpc 3.122  gn 0.67  40 ms/step
step  7550  loss 2.0996  bpc 3.029  gn 0.71  40 ms/step
step  7600  loss 2.3092  bpc 3.331  gn 0.59  40 ms/step
step  7650  loss 2.2182  bpc 3.200  gn 0.67  40 ms/step
step  7700  loss 2.2508  bpc 3.247  gn 0.81  40 ms/step
step  7750  loss 2.1073  bpc 3.040  gn 0.66  40 ms/step
step  7800  loss 2.1309  bpc 3.074  gn 0.71  40 ms/step
step  7850  loss 2.0991  bpc 3.028  gn 0.59  40 ms/step
step  7900  loss 2.2148  bpc 3.195  gn 0.66  40 ms/step
step  7950  loss 2.1601  bpc 3.116  gn 0.59  40 ms/step
step  8000  loss 2.1356  bpc 3.081  gn 0.88  40 ms/step
== eval step 8000: val_bpc 3.2410  ppl 9.454  [0:512) 3.151  [512:4096) 3.228  [4096:8192) 3.264  peak 4937 MB
step  8050  loss 2.2408  bpc 3.233  gn 0.71  40 ms/step
step  8100  loss 2.2763  bpc 3.284  gn 0.70  40 ms/step
step  8150  loss 2.2067  bpc 3.184  gn 0.54  40 ms/step
step  8200  loss 2.2169  bpc 3.198  gn 0.72  40 ms/step
step  8250  loss 2.1568  bpc 3.112  gn 0.75  40 ms/step
step  8300  loss 2.0893  bpc 3.014  gn 0.83  40 ms/step
step  8350  loss 2.1996  bpc 3.173  gn 0.55  40 ms/step
step  8400  loss 2.1616  bpc 3.119  gn 0.70  40 ms/step
step  8450  loss 2.2694  bpc 3.274  gn 0.82  40 ms/step
step  8500  loss 2.2338  bpc 3.223  gn 0.59  40 ms/step
step  8550  loss 2.1813  bpc 3.147  gn 0.83  40 ms/step
step  8600  loss 2.1871  bpc 3.155  gn 0.66  40 ms/step
step  8650  loss 2.2184  bpc 3.200  gn 0.61  40 ms/step
step  8700  loss 2.2111  bpc 3.190  gn 0.67  40 ms/step
step  8750  loss 2.2607  bpc 3.261  gn 0.70  40 ms/step
step  8800  loss 2.2029  bpc 3.178  gn 0.69  40 ms/step
step  8850  loss 2.2647  bpc 3.267  gn 0.77  40 ms/step
step  8900  loss 2.1326  bpc 3.077  gn 1.00  40 ms/step
step  8950  loss 2.2010  bpc 3.175  gn 0.60  40 ms/step
step  9000  loss 2.1353  bpc 3.081  gn 0.71  40 ms/step
step  9050  loss 2.1916  bpc 3.162  gn 0.87  40 ms/step
step  9100  loss 2.0645  bpc 2.978  gn 0.79  40 ms/step
step  9150  loss 2.2609  bpc 3.262  gn 0.75  40 ms/step
step  9200  loss 2.2060  bpc 3.183  gn 0.59  40 ms/step
step  9250  loss 2.1143  bpc 3.050  gn 0.75  40 ms/step
step  9300  loss 2.1966  bpc 3.169  gn 0.69  40 ms/step
step  9350  loss 2.1976  bpc 3.170  gn 0.72  40 ms/step
step  9400  loss 2.1045  bpc 3.036  gn 0.90  40 ms/step
step  9450  loss 2.1072  bpc 3.040  gn 0.71  40 ms/step
step  9500  loss 2.1354  bpc 3.081  gn 0.68  40 ms/step
step  9550  loss 2.2430  bpc 3.236  gn 0.75  40 ms/step
step  9600  loss 2.0371  bpc 2.939  gn 0.74  40 ms/step
step  9650  loss 2.1248  bpc 3.065  gn 0.81  40 ms/step
step  9700  loss 2.2174  bpc 3.199  gn 0.62  40 ms/step
step  9750  loss 2.1795  bpc 3.144  gn 0.94  40 ms/step
step  9800  loss 2.0972  bpc 3.026  gn 0.77  40 ms/step
step  9850  loss 2.2245  bpc 3.209  gn 0.85  40 ms/step
step  9900  loss 2.1742  bpc 3.137  gn 0.69  40 ms/step
step  9950  loss 2.1019  bpc 3.032  gn 0.82  40 ms/step
step 10000  loss 2.1474  bpc 3.098  gn 0.75  40 ms/step
== eval step 10000: val_bpc 3.1390  ppl 8.809  [0:512) 3.016  [512:4096) 3.126  [4096:8192) 3.166  peak 4937 MB
step 10050  loss 2.1871  bpc 3.155  gn 0.85  40 ms/step
step 10100  loss 2.1681  bpc 3.128  gn 0.71  40 ms/step
step 10150  loss 2.0773  bpc 2.997  gn 0.67  40 ms/step
step 10200  loss 2.1416  bpc 3.090  gn 0.67  40 ms/step
step 10250  loss 2.1119  bpc 3.047  gn 0.62  40 ms/step
step 10300  loss 2.1088  bpc 3.042  gn 0.74  40 ms/step
step 10350  loss 2.1290  bpc 3.071  gn 0.89  40 ms/step
step 10400  loss 2.1754  bpc 3.138  gn 0.98  40 ms/step
step 10450  loss 2.0029  bpc 2.890  gn 0.81  40 ms/step
step 10500  loss 2.1247  bpc 3.065  gn 0.70  40 ms/step
step 10550  loss 2.1798  bpc 3.145  gn 0.95  40 ms/step
step 10600  loss 2.0693  bpc 2.985  gn 0.72  40 ms/step
step 10650  loss 2.1322  bpc 3.076  gn 0.71  40 ms/step
step 10700  loss 2.0169  bpc 2.910  gn 0.87  40 ms/step
step 10750  loss 2.0987  bpc 3.028  gn 0.75  40 ms/step
step 10800  loss 2.0632  bpc 2.977  gn 0.66  40 ms/step
step 10850  loss 2.1667  bpc 3.126  gn 0.78  40 ms/step
step 10900  loss 2.1394  bpc 3.087  gn 0.80  40 ms/step
step 10950  loss 2.1282  bpc 3.070  gn 0.82  40 ms/step
step 11000  loss 2.1322  bpc 3.076  gn 0.85  40 ms/step
step 11050  loss 1.7050  bpc 2.460  gn 1.78  40 ms/step
step 11100  loss 2.0793  bpc 3.000  gn 0.86  40 ms/step
step 11150  loss 2.1112  bpc 3.046  gn 0.84  40 ms/step
step 11200  loss 1.9992  bpc 2.884  gn 0.93  40 ms/step
step 11250  loss 2.1664  bpc 3.125  gn 0.78  40 ms/step
step 11300  loss 2.2161  bpc 3.197  gn 0.85  40 ms/step
step 11350  loss 2.0788  bpc 2.999  gn 0.77  40 ms/step
step 11400  loss 2.0307  bpc 2.930  gn 0.89  40 ms/step
step 11450  loss 2.0643  bpc 2.978  gn 0.87  40 ms/step
step 11500  loss 1.8352  bpc 2.648  gn 0.67  40 ms/step
step 11550  loss 2.1454  bpc 3.095  gn 0.78  40 ms/step
step 11600  loss 2.0840  bpc 3.007  gn 0.87  40 ms/step
step 11650  loss 1.9732  bpc 2.847  gn 0.84  40 ms/step
step 11700  loss 2.0764  bpc 2.996  gn 0.75  40 ms/step
step 11750  loss 2.0730  bpc 2.991  gn 0.95  40 ms/step
step 11800  loss 2.1466  bpc 3.097  gn 0.81  40 ms/step
step 11850  loss 2.1210  bpc 3.060  gn 0.88  40 ms/step
step 11900  loss 1.9641  bpc 2.834  gn 0.97  40 ms/step
step 11950  loss 2.0195  bpc 2.913  gn 1.00  40 ms/step
step 12000  loss 2.1157  bpc 3.052  gn 0.76  40 ms/step
== eval step 12000: val_bpc 3.0406  ppl 8.228  [0:512) 2.902  [512:4096) 3.026  [4096:8192) 3.071  peak 4937 MB
step 12050  loss 2.1123  bpc 3.047  gn 0.82  40 ms/step
step 12100  loss 1.9530  bpc 2.818  gn 0.77  40 ms/step
step 12150  loss 1.9976  bpc 2.882  gn 0.88  40 ms/step
step 12200  loss 2.0731  bpc 2.991  gn 0.77  40 ms/step
step 12250  loss 2.0283  bpc 2.926  gn 0.97  40 ms/step
step 12300  loss 2.1101  bpc 3.044  gn 0.95  40 ms/step
step 12350  loss 2.0475  bpc 2.954  gn 0.99  40 ms/step
step 12400  loss 2.0066  bpc 2.895  gn 1.00  40 ms/step
step 12450  loss 2.0930  bpc 3.020  gn 0.86  40 ms/step
step 12500  loss 2.0823  bpc 3.004  gn 0.87  40 ms/step
step 12550  loss 2.0474  bpc 2.954  gn 0.85  40 ms/step
step 12600  loss 1.9736  bpc 2.847  gn 0.90  40 ms/step
step 12650  loss 2.0723  bpc 2.990  gn 0.92  40 ms/step
step 12700  loss 1.9371  bpc 2.795  gn 0.92  40 ms/step
step 12750  loss 2.0079  bpc 2.897  gn 1.01  40 ms/step
step 12800  loss 2.1168  bpc 3.054  gn 0.83  40 ms/step
step 12850  loss 2.1673  bpc 3.127  gn 0.96  40 ms/step
step 12900  loss 2.0437  bpc 2.948  gn 1.01  40 ms/step
step 12950  loss 1.9996  bpc 2.885  gn 0.87  40 ms/step
step 13000  loss 2.0312  bpc 2.930  gn 1.02  40 ms/step
step 13050  loss 1.9853  bpc 2.864  gn 1.62  40 ms/step
step 13100  loss 2.0506  bpc 2.958  gn 1.03  40 ms/step
step 13150  loss 2.0714  bpc 2.988  gn 1.21  40 ms/step
step 13200  loss 2.0047  bpc 2.892  gn 0.91  40 ms/step
step 13250  loss 1.8570  bpc 2.679  gn 1.27  40 ms/step
step 13300  loss 2.1181  bpc 3.056  gn 1.04  40 ms/step
step 13350  loss 2.0614  bpc 2.974  gn 0.96  40 ms/step
step 13400  loss 2.0274  bpc 2.925  gn 1.13  40 ms/step
step 13450  loss 1.9972  bpc 2.881  gn 0.98  40 ms/step
step 13500  loss 1.9826  bpc 2.860  gn 0.98  40 ms/step
step 13550  loss 2.0847  bpc 3.008  gn 1.03  40 ms/step
step 13600  loss 2.1247  bpc 3.065  gn 1.22  40 ms/step
step 13650  loss 2.0198  bpc 2.914  gn 0.94  40 ms/step
step 13700  loss 2.0261  bpc 2.923  gn 0.99  40 ms/step
step 13750  loss 1.9822  bpc 2.860  gn 1.16  40 ms/step
step 13800  loss 2.0416  bpc 2.945  gn 0.94  40 ms/step
step 13850  loss 1.8714  bpc 2.700  gn 1.02  40 ms/step
step 13900  loss 2.0546  bpc 2.964  gn 0.99  40 ms/step
step 13950  loss 1.8974  bpc 2.737  gn 1.21  40 ms/step
step 14000  loss 1.9953  bpc 2.879  gn 1.04  40 ms/step
== eval step 14000: val_bpc 2.9643  ppl 7.805  [0:512) 2.812  [512:4096) 2.949  [4096:8192) 2.997  peak 4937 MB
step 14050  loss 1.9871  bpc 2.867  gn 1.03  40 ms/step
step 14100  loss 1.9818  bpc 2.859  gn 1.07  40 ms/step
step 14150  loss 2.0173  bpc 2.910  gn 1.03  40 ms/step
step 14200  loss 2.0181  bpc 2.912  gn 1.03  40 ms/step
step 14250  loss 1.9960  bpc 2.880  gn 1.07  40 ms/step
step 14300  loss 2.0300  bpc 2.929  gn 1.00  40 ms/step
step 14350  loss 2.0816  bpc 3.003  gn 1.06  40 ms/step
step 14400  loss 1.9743  bpc 2.848  gn 1.15  40 ms/step
step 14450  loss 1.9114  bpc 2.758  gn 1.29  39 ms/step
step 14500  loss 1.8609  bpc 2.685  gn 0.95  40 ms/step
step 14550  loss 1.9604  bpc 2.828  gn 0.96  40 ms/step
step 14600  loss 2.0668  bpc 2.982  gn 0.98  40 ms/step
step 14650  loss 1.9420  bpc 2.802  gn 1.22  40 ms/step
step 14700  loss 1.9738  bpc 2.848  gn 1.09  40 ms/step
step 14750  loss 1.9293  bpc 2.783  gn 0.96  40 ms/step
step 14800  loss 1.9561  bpc 2.822  gn 1.15  40 ms/step
step 14850  loss 2.0157  bpc 2.908  gn 1.29  40 ms/step
step 14900  loss 2.0425  bpc 2.947  gn 1.08  40 ms/step
step 14950  loss 1.8580  bpc 2.681  gn 1.02  40 ms/step
step 15000  loss 1.9444  bpc 2.805  gn 1.05  40 ms/step
step 15050  loss 2.0633  bpc 2.977  gn 1.04  40 ms/step
step 15100  loss 2.0749  bpc 2.993  gn 1.05  40 ms/step
step 15150  loss 1.9635  bpc 2.833  gn 1.13  40 ms/step
step 15200  loss 2.0423  bpc 2.946  gn 1.06  40 ms/step
step 15250  loss 1.9034  bpc 2.746  gn 1.04  40 ms/step
step 15300  loss 1.8596  bpc 2.683  gn 1.15  40 ms/step
step 15350  loss 1.9433  bpc 2.804  gn 1.03  40 ms/step
step 15400  loss 2.0414  bpc 2.945  gn 1.15  40 ms/step
step 15450  loss 2.0220  bpc 2.917  gn 1.24  40 ms/step
step 15500  loss 1.9836  bpc 2.862  gn 1.20  40 ms/step
step 15550  loss 1.9665  bpc 2.837  gn 1.42  40 ms/step
step 15600  loss 1.9921  bpc 2.874  gn 1.06  40 ms/step
step 15650  loss 1.9518  bpc 2.816  gn 1.02  40 ms/step
step 15700  loss 1.9417  bpc 2.801  gn 1.11  40 ms/step
step 15750  loss 1.9485  bpc 2.811  gn 1.20  40 ms/step
step 15800  loss 1.9387  bpc 2.797  gn 1.22  40 ms/step
step 15850  loss 2.0298  bpc 2.928  gn 1.32  40 ms/step
step 15900  loss 1.9695  bpc 2.841  gn 1.04  40 ms/step
step 15950  loss 2.0114  bpc 2.902  gn 1.13  40 ms/step
step 16000  loss 1.9606  bpc 2.828  gn 1.12  40 ms/step
== eval step 16000: val_bpc 2.9090  ppl 7.511  [0:512) 2.760  [512:4096) 2.891  [4096:8192) 2.944  peak 4937 MB
step 16050  loss 1.9844  bpc 2.863  gn 1.13  40 ms/step
step 16100  loss 1.7997  bpc 2.596  gn 1.01  40 ms/step
step 16150  loss 1.8772  bpc 2.708  gn 1.15  40 ms/step
step 16200  loss 1.9923  bpc 2.874  gn 1.29  40 ms/step
step 16250  loss 1.9477  bpc 2.810  gn 1.10  40 ms/step
step 16300  loss 1.9193  bpc 2.769  gn 1.10  40 ms/step
step 16350  loss 1.8821  bpc 2.715  gn 1.14  40 ms/step
step 16400  loss 2.0296  bpc 2.928  gn 1.28  40 ms/step
step 16450  loss 1.9539  bpc 2.819  gn 1.10  40 ms/step
step 16500  loss 1.9338  bpc 2.790  gn 1.16  40 ms/step
step 16550  loss 2.0574  bpc 2.968  gn 1.16  40 ms/step
step 16600  loss 2.0029  bpc 2.890  gn 1.18  40 ms/step
step 16650  loss 1.9272  bpc 2.780  gn 1.11  40 ms/step
step 16700  loss 2.0082  bpc 2.897  gn 1.12  40 ms/step
step 16750  loss 2.0435  bpc 2.948  gn 1.12  40 ms/step
step 16800  loss 2.0386  bpc 2.941  gn 1.08  40 ms/step
step 16850  loss 1.9437  bpc 2.804  gn 1.00  40 ms/step
step 16900  loss 2.0913  bpc 3.017  gn 1.15  40 ms/step
step 16950  loss 2.0063  bpc 2.895  gn 1.24  40 ms/step
step 17000  loss 2.0284  bpc 2.926  gn 1.23  40 ms/step
step 17050  loss 2.0618  bpc 2.975  gn 1.26  40 ms/step
step 17100  loss 1.9526  bpc 2.817  gn 1.27  40 ms/step
step 17150  loss 1.9994  bpc 2.884  gn 1.34  40 ms/step
step 17200  loss 1.9461  bpc 2.808  gn 1.10  40 ms/step
step 17250  loss 1.8465  bpc 2.664  gn 1.27  40 ms/step
step 17300  loss 1.9400  bpc 2.799  gn 1.18  40 ms/step
step 17350  loss 1.9333  bpc 2.789  gn 1.24  40 ms/step
step 17400  loss 2.0650  bpc 2.979  gn 1.26  40 ms/step
step 17450  loss 1.9451  bpc 2.806  gn 1.30  40 ms/step
step 17500  loss 2.0226  bpc 2.918  gn 1.16  40 ms/step
step 17550  loss 1.8692  bpc 2.697  gn 1.28  40 ms/step
step 17600  loss 1.9895  bpc 2.870  gn 1.30  40 ms/step
step 17650  loss 1.9669  bpc 2.838  gn 1.09  40 ms/step
step 17700  loss 2.0299  bpc 2.929  gn 1.19  40 ms/step
step 17750  loss 2.0773  bpc 2.997  gn 1.20  40 ms/step
step 17800  loss 1.9183  bpc 2.768  gn 1.28  40 ms/step
step 17850  loss 1.9553  bpc 2.821  gn 1.24  40 ms/step
step 17900  loss 1.8995  bpc 2.740  gn 1.21  40 ms/step
step 17950  loss 2.0104  bpc 2.900  gn 1.14  40 ms/step
step 18000  loss 1.9347  bpc 2.791  gn 1.21  40 ms/step
== eval step 18000: val_bpc 2.8801  ppl 7.362  [0:512) 2.732  [512:4096) 2.861  [4096:8192) 2.915  peak 4937 MB
step 18050  loss 1.8574  bpc 2.680  gn 1.26  40 ms/step
step 18100  loss 1.9183  bpc 2.767  gn 1.24  40 ms/step
step 18150  loss 1.9369  bpc 2.794  gn 1.18  40 ms/step
step 18200  loss 1.8814  bpc 2.714  gn 1.17  40 ms/step
step 18250  loss 1.9048  bpc 2.748  gn 1.17  40 ms/step
step 18300  loss 1.9392  bpc 2.798  gn 1.34  40 ms/step
step 18350  loss 1.8693  bpc 2.697  gn 1.05  40 ms/step
step 18400  loss 1.9808  bpc 2.858  gn 1.18  40 ms/step
step 18450  loss 1.9351  bpc 2.792  gn 0.99  40 ms/step
step 18500  loss 1.9245  bpc 2.776  gn 1.32  40 ms/step
step 18550  loss 1.8780  bpc 2.709  gn 1.13  40 ms/step
step 18600  loss 1.8877  bpc 2.723  gn 1.09  40 ms/step
step 18650  loss 1.9996  bpc 2.885  gn 1.06  40 ms/step
step 18700  loss 1.8805  bpc 2.713  gn 1.22  40 ms/step
step 18750  loss 2.0813  bpc 3.003  gn 1.17  40 ms/step
step 18800  loss 1.9206  bpc 2.771  gn 1.05  40 ms/step
step 18850  loss 1.8947  bpc 2.733  gn 1.30  40 ms/step
step 18900  loss 2.0303  bpc 2.929  gn 1.11  40 ms/step
step 18950  loss 1.8941  bpc 2.733  gn 1.00  40 ms/step
step 19000  loss 1.9695  bpc 2.841  gn 1.19  40 ms/step
step 19050  loss 1.9720  bpc 2.845  gn 1.18  40 ms/step
step 19100  loss 1.9700  bpc 2.842  gn 1.17  40 ms/step
step 19150  loss 1.9115  bpc 2.758  gn 1.26  40 ms/step
step 19200  loss 1.9514  bpc 2.815  gn 1.03  40 ms/step
step 19250  loss 2.0334  bpc 2.934  gn 1.20  40 ms/step
step 19300  loss 1.8590  bpc 2.682  gn 1.20  40 ms/step
step 19350  loss 2.0191  bpc 2.913  gn 1.07  40 ms/step
step 19400  loss 1.9815  bpc 2.859  gn 1.08  40 ms/step
step 19450  loss 1.8897  bpc 2.726  gn 1.08  40 ms/step
step 19500  loss 1.8655  bpc 2.691  gn 1.16  40 ms/step
step 19550  loss 2.0082  bpc 2.897  gn 1.17  40 ms/step
step 19600  loss 1.9497  bpc 2.813  gn 1.06  40 ms/step
step 19650  loss 1.8841  bpc 2.718  gn 1.22  40 ms/step
step 19700  loss 1.9442  bpc 2.805  gn 1.20  40 ms/step
step 19750  loss 1.9917  bpc 2.873  gn 1.01  40 ms/step
step 19800  loss 1.9291  bpc 2.783  gn 1.33  40 ms/step
step 19850  loss 2.0048  bpc 2.892  gn 1.12  40 ms/step
step 19900  loss 1.9849  bpc 2.864  gn 1.07  40 ms/step
step 19950  loss 2.1314  bpc 3.075  gn 1.11  40 ms/step
step 20000  loss 1.9536  bpc 2.818  gn 1.08  40 ms/step
== eval step 20000: val_bpc 2.8739  ppl 7.330  [0:512) 2.726  [512:4096) 2.855  [4096:8192) 2.909  peak 4937 MB
done: {"run": "smat_d2_qkn_tri", "arm": "smat", "d": 2, "step": 20000, "train_loss": 1.9536237716674805, "train_loss_med200": 1.9512315392494202, "val_bpc": 2.873859549536125, "val_ppl": 7.330235503398819, "val_bpc_0_512": 2.726150938284111, "val_bpc_512_4096": 2.8545557596687727, "val_bpc_4096_8192": 2.9092139420765606, "grad_norm": 1.0776987075805664, "nonfinite_steps": 0, "ms_per_step": 39.607710123062134, "peak_MB": 4936.60302734375, "params": 5384704, "elapsed_s": 796.4973895549774, "mask_nnz": 17031726, "mask_density": 0.25379249453544617, "mask_n": 4096, "mask_q": 67, "mask_B": 67}
==== arm: --arm smat --d 3   Thu Sep  3 05:01:00 PM CDT 2026 ====
{
 "run": "smat_d3_qkn_tri",
 "arm": "smat",
 "d": 3,
 "T": 8192,
 "layers": 4,
 "d_model": 256,
 "heads": 4,
 "r": 64,
 "learn_phi": false,
 "qk_norm": true,
 "triton_bwd": true,
 "chunk": 128,
 "steps": 20000,
 "nb": 8,
 "lr": 0.0003,
 "warmup": 500,
 "wd": 0.1,
 "clip": 1.0,
 "eval_every": 2000,
 "val_windows": 128,
 "eval_nb": 8,
 "data": "/u/archerdw/smat_attention/deltaai/data/enwik8",
 "out": "results/lm_T8192_20k_qkn_tri.csv",
 "device": "cuda",
 "no_amp": false,
 "seed": 0
}
mask: {'mask_nnz': 17768207, 'mask_density': 0.2647669166326523, 'mask_n': 4096, 'mask_q': 17, 'mask_B': 306}
params: 5,384,704
step    50  loss 4.3858  bpc 6.327  gn 2.72  68 ms/step
step   100  loss 3.7322  bpc 5.384  gn 1.68  55 ms/step
step   150  loss 3.3383  bpc 4.816  gn 1.07  55 ms/step
step   200  loss 2.8876  bpc 4.166  gn 0.98  55 ms/step
step   250  loss 2.7885  bpc 4.023  gn 0.92  55 ms/step
step   300  loss 2.8127  bpc 4.058  gn 0.63  55 ms/step
step   350  loss 2.6817  bpc 3.869  gn 0.48  55 ms/step
step   400  loss 2.7437  bpc 3.958  gn 0.71  55 ms/step
step   450  loss 2.6244  bpc 3.786  gn 0.46  55 ms/step
step   500  loss 2.6162  bpc 3.774  gn 0.43  55 ms/step
step   550  loss 2.6035  bpc 3.756  gn 0.57  55 ms/step
step   600  loss 2.5814  bpc 3.724  gn 0.35  55 ms/step
step   650  loss 2.6087  bpc 3.764  gn 0.43  55 ms/step
step   700  loss 2.6363  bpc 3.803  gn 0.45  55 ms/step
step   750  loss 2.5879  bpc 3.734  gn 0.58  55 ms/step
step   800  loss 2.5165  bpc 3.630  gn 0.41  55 ms/step
step   850  loss 2.6193  bpc 3.779  gn 0.33  55 ms/step
step   900  loss 2.5818  bpc 3.725  gn 0.40  55 ms/step
step   950  loss 2.5733  bpc 3.713  gn 0.36  55 ms/step
step  1000  loss 2.5466  bpc 3.674  gn 0.41  55 ms/step
step  1050  loss 2.5447  bpc 3.671  gn 0.67  55 ms/step
step  1100  loss 2.5707  bpc 3.709  gn 0.40  55 ms/step
step  1150  loss 2.5939  bpc 3.742  gn 0.36  55 ms/step
step  1200  loss 2.5487  bpc 3.677  gn 0.49  55 ms/step
step  1250  loss 2.5399  bpc 3.664  gn 0.48  55 ms/step
step  1300  loss 2.5162  bpc 3.630  gn 0.35  55 ms/step
step  1350  loss 2.4735  bpc 3.569  gn 0.59  55 ms/step
step  1400  loss 2.5824  bpc 3.726  gn 0.85  55 ms/step
step  1450  loss 2.5004  bpc 3.607  gn 0.48  55 ms/step
step  1500  loss 2.5097  bpc 3.621  gn 0.53  55 ms/step
step  1550  loss 2.4972  bpc 3.603  gn 0.44  55 ms/step
step  1600  loss 2.5430  bpc 3.669  gn 1.42  55 ms/step
step  1650  loss 2.4294  bpc 3.505  gn 0.59  55 ms/step
step  1700  loss 2.4850  bpc 3.585  gn 0.31  55 ms/step
step  1750  loss 2.4683  bpc 3.561  gn 0.44  55 ms/step
step  1800  loss 2.5178  bpc 3.632  gn 0.52  55 ms/step
step  1850  loss 2.4208  bpc 3.492  gn 0.49  55 ms/step
step  1900  loss 2.4380  bpc 3.517  gn 0.41  55 ms/step
step  1950  loss 2.4402  bpc 3.520  gn 0.45  55 ms/step
step  2000  loss 2.4945  bpc 3.599  gn 0.42  55 ms/step
== eval step 2000: val_bpc 3.5964  ppl 12.096  [0:512) 3.547  [512:4096) 3.553  [4096:8192) 3.641  peak 5646 MB
step  2050  loss 2.5046  bpc 3.613  gn 0.40  55 ms/step
step  2100  loss 2.4514  bpc 3.537  gn 0.67  55 ms/step
step  2150  loss 2.4697  bpc 3.563  gn 0.50  55 ms/step
step  2200  loss 2.5198  bpc 3.635  gn 0.60  55 ms/step
step  2250  loss 2.4695  bpc 3.563  gn 0.40  55 ms/step
step  2300  loss 2.4793  bpc 3.577  gn 0.64  55 ms/step
step  2350  loss 2.5071  bpc 3.617  gn 0.55  55 ms/step
step  2400  loss 2.5151  bpc 3.629  gn 0.54  55 ms/step
step  2450  loss 2.5056  bpc 3.615  gn 0.55  55 ms/step
step  2500  loss 2.4559  bpc 3.543  gn 0.79  55 ms/step
step  2550  loss 2.4394  bpc 3.519  gn 0.59  55 ms/step
step  2600  loss 2.4519  bpc 3.537  gn 0.58  55 ms/step
step  2650  loss 2.4663  bpc 3.558  gn 0.66  55 ms/step
step  2700  loss 2.2630  bpc 3.265  gn 0.75  55 ms/step
step  2750  loss 2.4740  bpc 3.569  gn 0.67  55 ms/step
step  2800  loss 2.4136  bpc 3.482  gn 0.75  55 ms/step
step  2850  loss 2.4245  bpc 3.498  gn 0.91  55 ms/step
step  2900  loss 2.3560  bpc 3.399  gn 0.71  55 ms/step
step  2950  loss 2.3720  bpc 3.422  gn 1.54  55 ms/step
step  3000  loss 2.2800  bpc 3.289  gn 1.00  55 ms/step
step  3050  loss 2.4610  bpc 3.550  gn 0.49  55 ms/step
step  3100  loss 2.4735  bpc 3.568  gn 0.96  55 ms/step
step  3150  loss 2.3899  bpc 3.448  gn 0.74  55 ms/step
step  3200  loss 2.3357  bpc 3.370  gn 2.57  55 ms/step
step  3250  loss 2.3842  bpc 3.440  gn 0.58  55 ms/step
step  3300  loss 2.3274  bpc 3.358  gn 0.52  55 ms/step
step  3350  loss 2.4384  bpc 3.518  gn 0.72  55 ms/step
step  3400  loss 2.3787  bpc 3.432  gn 0.49  55 ms/step
step  3450  loss 2.3291  bpc 3.360  gn 1.86  55 ms/step
step  3500  loss 2.4083  bpc 3.474  gn 0.63  55 ms/step
step  3550  loss 2.3650  bpc 3.412  gn 0.40  55 ms/step
step  3600  loss 2.4310  bpc 3.507  gn 0.45  55 ms/step
step  3650  loss 2.4661  bpc 3.558  gn 0.59  55 ms/step
step  3700  loss 2.4650  bpc 3.556  gn 0.49  55 ms/step
step  3750  loss 2.3762  bpc 3.428  gn 1.17  55 ms/step
step  3800  loss 2.4160  bpc 3.486  gn 0.50  55 ms/step
step  3850  loss 2.3869  bpc 3.444  gn 0.46  55 ms/step
step  3900  loss 2.4794  bpc 3.577  gn 0.53  55 ms/step
step  3950  loss 2.3903  bpc 3.449  gn 0.36  55 ms/step
step  4000  loss 2.3946  bpc 3.455  gn 0.70  55 ms/step
== eval step 4000: val_bpc 3.4416  ppl 10.865  [0:512) 3.414  [512:4096) 3.432  [4096:8192) 3.454  peak 5646 MB
step  4050  loss 2.3202  bpc 3.347  gn 0.56  55 ms/step
step  4100  loss 2.3482  bpc 3.388  gn 0.58  55 ms/step
step  4150  loss 2.3558  bpc 3.399  gn 0.64  55 ms/step
step  4200  loss 2.3951  bpc 3.455  gn 0.61  55 ms/step
step  4250  loss 2.3902  bpc 3.448  gn 0.66  55 ms/step
step  4300  loss 2.4301  bpc 3.506  gn 0.50  55 ms/step
step  4350  loss 2.3603  bpc 3.405  gn 0.52  55 ms/step
step  4400  loss 2.3708  bpc 3.420  gn 0.59  55 ms/step
step  4450  loss 2.3642  bpc 3.411  gn 0.57  55 ms/step
step  4500  loss 2.3473  bpc 3.386  gn 0.50  55 ms/step
step  4550  loss 2.3488  bpc 3.389  gn 0.50  55 ms/step
step  4600  loss 2.3815  bpc 3.436  gn 0.39  55 ms/step
step  4650  loss 2.3676  bpc 3.416  gn 0.60  55 ms/step
step  4700  loss 2.3192  bpc 3.346  gn 0.53  55 ms/step
step  4750  loss 2.3104  bpc 3.333  gn 0.65  55 ms/step
step  4800  loss 2.3548  bpc 3.397  gn 0.54  55 ms/step
step  4850  loss 2.2698  bpc 3.275  gn 0.52  55 ms/step
step  4900  loss 2.2539  bpc 3.252  gn 0.81  55 ms/step
step  4950  loss 2.3687  bpc 3.417  gn 0.52  55 ms/step
step  5000  loss 2.3375  bpc 3.372  gn 0.64  55 ms/step
step  5050  loss 2.3210  bpc 3.349  gn 0.59  55 ms/step
step  5100  loss 2.2345  bpc 3.224  gn 0.57  55 ms/step
step  5150  loss 2.3561  bpc 3.399  gn 0.40  55 ms/step
step  5200  loss 2.2737  bpc 3.280  gn 0.88  55 ms/step
step  5250  loss 2.3117  bpc 3.335  gn 0.57  55 ms/step
step  5300  loss 2.2432  bpc 3.236  gn 0.56  55 ms/step
step  5350  loss 2.3694  bpc 3.418  gn 0.45  55 ms/step
step  5400  loss 2.3659  bpc 3.413  gn 0.57  55 ms/step
step  5450  loss 2.3676  bpc 3.416  gn 0.54  55 ms/step
step  5500  loss 2.3041  bpc 3.324  gn 0.56  55 ms/step
step  5550  loss 2.2841  bpc 3.295  gn 0.52  55 ms/step
step  5600  loss 2.2414  bpc 3.234  gn 0.60  55 ms/step
step  5650  loss 2.3304  bpc 3.362  gn 0.47  55 ms/step
step  5700  loss 2.2816  bpc 3.292  gn 0.45  55 ms/step
step  5750  loss 2.2259  bpc 3.211  gn 0.90  55 ms/step
step  5800  loss 2.3395  bpc 3.375  gn 0.65  55 ms/step
step  5850  loss 2.2991  bpc 3.317  gn 0.50  55 ms/step
step  5900  loss 2.2337  bpc 3.223  gn 0.66  55 ms/step
step  5950  loss 2.3443  bpc 3.382  gn 0.60  55 ms/step
step  6000  loss 2.2476  bpc 3.243  gn 0.49  55 ms/step
== eval step 6000: val_bpc 3.3547  ppl 10.229  [0:512) 3.309  [512:4096) 3.339  [4096:8192) 3.374  peak 5646 MB
step  6050  loss 2.3386  bpc 3.374  gn 0.45  55 ms/step
step  6100  loss 2.2640  bpc 3.266  gn 0.55  55 ms/step
step  6150  loss 2.2801  bpc 3.290  gn 0.67  55 ms/step
step  6200  loss 2.2195  bpc 3.202  gn 0.52  55 ms/step
step  6250  loss 2.0627  bpc 2.976  gn 1.12  55 ms/step
step  6300  loss 2.3445  bpc 3.382  gn 0.67  55 ms/step
step  6350  loss 2.2943  bpc 3.310  gn 0.58  55 ms/step
step  6400  loss 2.3141  bpc 3.338  gn 0.60  55 ms/step
step  6450  loss 2.3432  bpc 3.380  gn 0.60  55 ms/step
step  6500  loss 2.2795  bpc 3.289  gn 0.56  55 ms/step
step  6550  loss 2.2774  bpc 3.286  gn 0.50  55 ms/step
step  6600  loss 2.3394  bpc 3.375  gn 0.51  55 ms/step
step  6650  loss 2.3662  bpc 3.414  gn 0.49  55 ms/step
step  6700  loss 2.3134  bpc 3.338  gn 0.61  55 ms/step
step  6750  loss 2.3016  bpc 3.321  gn 0.82  55 ms/step
step  6800  loss 2.2586  bpc 3.258  gn 0.51  55 ms/step
step  6850  loss 2.1898  bpc 3.159  gn 0.79  55 ms/step
step  6900  loss 2.1548  bpc 3.109  gn 0.62  55 ms/step
step  6950  loss 2.2320  bpc 3.220  gn 0.63  55 ms/step
step  7000  loss 2.2761  bpc 3.284  gn 0.47  55 ms/step
step  7050  loss 2.2742  bpc 3.281  gn 0.54  55 ms/step
step  7100  loss 2.2377  bpc 3.228  gn 0.75  55 ms/step
step  7150  loss 2.2638  bpc 3.266  gn 0.58  55 ms/step
step  7200  loss 2.2406  bpc 3.232  gn 0.73  55 ms/step
step  7250  loss 2.2629  bpc 3.265  gn 0.57  55 ms/step
step  7300  loss 2.2222  bpc 3.206  gn 0.59  55 ms/step
step  7350  loss 2.3276  bpc 3.358  gn 0.52  55 ms/step
step  7400  loss 2.2331  bpc 3.222  gn 0.63  55 ms/step
step  7450  loss 2.1757  bpc 3.139  gn 0.60  55 ms/step
step  7500  loss 2.1940  bpc 3.165  gn 0.65  55 ms/step
step  7550  loss 2.1295  bpc 3.072  gn 0.68  55 ms/step
step  7600  loss 2.3390  bpc 3.374  gn 0.52  55 ms/step
step  7650  loss 2.2533  bpc 3.251  gn 0.65  55 ms/step
step  7700  loss 2.2756  bpc 3.283  gn 0.61  55 ms/step
step  7750  loss 2.1337  bpc 3.078  gn 0.54  55 ms/step
step  7800  loss 2.1633  bpc 3.121  gn 0.84  55 ms/step
step  7850  loss 2.1374  bpc 3.084  gn 0.67  55 ms/step
step  7900  loss 2.2461  bpc 3.240  gn 0.62  55 ms/step
step  7950  loss 2.1893  bpc 3.159  gn 0.65  55 ms/step
step  8000  loss 2.1794  bpc 3.144  gn 1.10  55 ms/step
== eval step 8000: val_bpc 3.2798  ppl 9.712  [0:512) 3.209  [512:4096) 3.263  [4096:8192) 3.304  peak 5646 MB
step  8050  loss 2.2735  bpc 3.280  gn 0.91  55 ms/step
step  8100  loss 2.3055  bpc 3.326  gn 0.56  55 ms/step
step  8150  loss 2.2331  bpc 3.222  gn 0.52  55 ms/step
step  8200  loss 2.2478  bpc 3.243  gn 0.63  55 ms/step
step  8250  loss 2.1877  bpc 3.156  gn 0.84  55 ms/step
step  8300  loss 2.1211  bpc 3.060  gn 0.78  55 ms/step
step  8350  loss 2.2368  bpc 3.227  gn 0.66  55 ms/step
step  8400  loss 2.1940  bpc 3.165  gn 0.67  55 ms/step
step  8450  loss 2.3022  bpc 3.321  gn 0.72  55 ms/step
step  8500  loss 2.2632  bpc 3.265  gn 0.57  55 ms/step
step  8550  loss 2.2128  bpc 3.192  gn 0.85  55 ms/step
step  8600  loss 2.2166  bpc 3.198  gn 0.55  55 ms/step
step  8650  loss 2.2498  bpc 3.246  gn 0.55  55 ms/step
step  8700  loss 2.2441  bpc 3.238  gn 0.59  55 ms/step
step  8750  loss 2.2913  bpc 3.306  gn 0.59  55 ms/step
step  8800  loss 2.2340  bpc 3.223  gn 0.54  55 ms/step
step  8850  loss 2.2993  bpc 3.317  gn 0.73  55 ms/step
step  8900  loss 2.1684  bpc 3.128  gn 0.92  55 ms/step
step  8950  loss 2.2355  bpc 3.225  gn 0.68  55 ms/step
step  9000  loss 2.1664  bpc 3.125  gn 0.64  55 ms/step
step  9050  loss 2.2232  bpc 3.207  gn 0.68  55 ms/step
step  9100  loss 2.1018  bpc 3.032  gn 0.73  55 ms/step
step  9150  loss 2.2925  bpc 3.307  gn 0.66  55 ms/step
step  9200  loss 2.2425  bpc 3.235  gn 0.55  55 ms/step
step  9250  loss 2.1514  bpc 3.104  gn 0.56  55 ms/step
step  9300  loss 2.2312  bpc 3.219  gn 0.64  55 ms/step
step  9350  loss 2.2340  bpc 3.223  gn 0.64  55 ms/step
step  9400  loss 2.1448  bpc 3.094  gn 0.72  55 ms/step
step  9450  loss 2.1451  bpc 3.095  gn 0.62  55 ms/step
step  9500  loss 2.1692  bpc 3.130  gn 0.62  55 ms/step
step  9550  loss 2.2775  bpc 3.286  gn 0.67  55 ms/step
step  9600  loss 2.0752  bpc 2.994  gn 0.75  55 ms/step
step  9650  loss 2.1647  bpc 3.123  gn 0.81  55 ms/step
step  9700  loss 2.2572  bpc 3.256  gn 0.60  55 ms/step
step  9750  loss 2.2188  bpc 3.201  gn 0.76  55 ms/step
step  9800  loss 2.1332  bpc 3.078  gn 0.74  55 ms/step
step  9850  loss 2.2618  bpc 3.263  gn 0.83  55 ms/step
step  9900  loss 2.2118  bpc 3.191  gn 0.58  55 ms/step
step  9950  loss 2.1342  bpc 3.079  gn 0.65  55 ms/step
step 10000  loss 2.1853  bpc 3.153  gn 0.63  55 ms/step
== eval step 10000: val_bpc 3.1935  ppl 9.148  [0:512) 3.089  [512:4096) 3.176  [4096:8192) 3.222  peak 5646 MB
step 10050  loss 2.2287  bpc 3.215  gn 0.91  55 ms/step
step 10100  loss 2.2076  bpc 3.185  gn 0.64  55 ms/step
step 10150  loss 2.1143  bpc 3.050  gn 0.60  55 ms/step
step 10200  loss 2.1815  bpc 3.147  gn 0.61  55 ms/step
step 10250  loss 2.1559  bpc 3.110  gn 0.59  55 ms/step
step 10300  loss 2.1494  bpc 3.101  gn 0.70  55 ms/step
step 10350  loss 2.1681  bpc 3.128  gn 0.81  55 ms/step
step 10400  loss 2.2190  bpc 3.201  gn 0.75  55 ms/step
step 10450  loss 2.0469  bpc 2.953  gn 0.83  55 ms/step
step 10500  loss 2.1695  bpc 3.130  gn 0.63  55 ms/step
step 10550  loss 2.2149  bpc 3.195  gn 0.75  55 ms/step
step 10600  loss 2.1137  bpc 3.049  gn 0.58  55 ms/step
step 10650  loss 2.1741  bpc 3.137  gn 0.64  55 ms/step
step 10700  loss 2.0641  bpc 2.978  gn 0.88  55 ms/step
step 10750  loss 2.1473  bpc 3.098  gn 0.81  55 ms/step
step 10800  loss 2.1066  bpc 3.039  gn 0.59  55 ms/step
step 10850  loss 2.2205  bpc 3.203  gn 0.91  55 ms/step
step 10900  loss 2.1840  bpc 3.151  gn 0.68  55 ms/step
step 10950  loss 2.1714  bpc 3.133  gn 0.75  55 ms/step
step 11000  loss 2.1729  bpc 3.135  gn 0.76  55 ms/step
step 11050  loss 1.7398  bpc 2.510  gn 1.14  55 ms/step
step 11100  loss 2.1291  bpc 3.072  gn 0.77  55 ms/step
step 11150  loss 2.1591  bpc 3.115  gn 0.77  55 ms/step
step 11200  loss 2.0555  bpc 2.965  gn 1.02  55 ms/step
step 11250  loss 2.2083  bpc 3.186  gn 0.62  55 ms/step
step 11300  loss 2.2612  bpc 3.262  gn 0.76  55 ms/step
step 11350  loss 2.1237  bpc 3.064  gn 0.69  55 ms/step
step 11400  loss 2.0697  bpc 2.986  gn 0.78  55 ms/step
step 11450  loss 2.1131  bpc 3.049  gn 0.80  55 ms/step
step 11500  loss 1.8832  bpc 2.717  gn 0.82  55 ms/step
step 11550  loss 2.1995  bpc 3.173  gn 0.74  55 ms/step
step 11600  loss 2.1331  bpc 3.077  gn 0.95  55 ms/step
step 11650  loss 2.0215  bpc 2.916  gn 0.87  55 ms/step
step 11700  loss 2.1240  bpc 3.064  gn 0.66  55 ms/step
step 11750  loss 2.1225  bpc 3.062  gn 0.86  55 ms/step
step 11800  loss 2.1994  bpc 3.173  gn 0.72  55 ms/step
step 11850  loss 2.1750  bpc 3.138  gn 0.71  55 ms/step
step 11900  loss 2.0141  bpc 2.906  gn 0.92  55 ms/step
step 11950  loss 2.0708  bpc 2.988  gn 0.78  55 ms/step
step 12000  loss 2.1690  bpc 3.129  gn 0.67  55 ms/step
== eval step 12000: val_bpc 3.1158  ppl 8.669  [0:512) 2.994  [512:4096) 3.096  [4096:8192) 3.148  peak 5646 MB
step 12050  loss 2.1651  bpc 3.124  gn 0.80  55 ms/step
step 12100  loss 2.0028  bpc 2.889  gn 0.76  55 ms/step
step 12150  loss 2.0506  bpc 2.958  gn 0.74  55 ms/step
step 12200  loss 2.1257  bpc 3.067  gn 0.75  55 ms/step
step 12250  loss 2.0812  bpc 3.003  gn 0.85  55 ms/step
step 12300  loss 2.1623  bpc 3.120  gn 0.82  55 ms/step
step 12350  loss 2.1012  bpc 3.031  gn 0.86  55 ms/step
step 12400  loss 2.0613  bpc 2.974  gn 0.77  55 ms/step
step 12450  loss 2.1502  bpc 3.102  gn 0.79  55 ms/step
step 12500  loss 2.1323  bpc 3.076  gn 0.81  55 ms/step
step 12550  loss 2.1015  bpc 3.032  gn 0.86  55 ms/step
step 12600  loss 2.0278  bpc 2.926  gn 0.74  55 ms/step
step 12650  loss 2.1253  bpc 3.066  gn 0.81  55 ms/step
step 12700  loss 1.9878  bpc 2.868  gn 0.78  55 ms/step
step 12750  loss 2.0664  bpc 2.981  gn 0.97  55 ms/step
step 12800  loss 2.1737  bpc 3.136  gn 0.77  55 ms/step
step 12850  loss 2.2241  bpc 3.209  gn 0.83  55 ms/step
step 12900  loss 2.0902  bpc 3.015  gn 0.96  55 ms/step
step 12950  loss 2.0540  bpc 2.963  gn 0.79  55 ms/step
step 13000  loss 2.0866  bpc 3.010  gn 0.82  55 ms/step
step 13050  loss 2.0355  bpc 2.937  gn 1.59  55 ms/step
step 13100  loss 2.1121  bpc 3.047  gn 0.86  55 ms/step
step 13150  loss 2.1199  bpc 3.058  gn 1.09  55 ms/step
step 13200  loss 2.0633  bpc 2.977  gn 0.77  55 ms/step
step 13250  loss 1.9126  bpc 2.759  gn 1.08  55 ms/step
step 13300  loss 2.1697  bpc 3.130  gn 0.82  55 ms/step
step 13350  loss 2.1252  bpc 3.066  gn 0.86  55 ms/step
step 13400  loss 2.0811  bpc 3.002  gn 0.95  55 ms/step
step 13450  loss 2.0516  bpc 2.960  gn 0.92  55 ms/step
step 13500  loss 2.0350  bpc 2.936  gn 1.00  55 ms/step
step 13550  loss 2.1412  bpc 3.089  gn 0.89  55 ms/step
step 13600  loss 2.1845  bpc 3.152  gn 0.90  55 ms/step
step 13650  loss 2.0751  bpc 2.994  gn 0.92  55 ms/step
step 13700  loss 2.0843  bpc 3.007  gn 0.85  55 ms/step
step 13750  loss 2.0405  bpc 2.944  gn 1.03  55 ms/step
step 13800  loss 2.0997  bpc 3.029  gn 0.86  55 ms/step
step 13850  loss 1.9284  bpc 2.782  gn 1.05  55 ms/step
step 13900  loss 2.1201  bpc 3.059  gn 0.89  55 ms/step
step 13950  loss 1.9632  bpc 2.832  gn 1.11  55 ms/step
step 14000  loss 2.0551  bpc 2.965  gn 0.88  55 ms/step
== eval step 14000: val_bpc 3.0507  ppl 8.286  [0:512) 2.912  [512:4096) 3.028  [4096:8192) 3.088  peak 5646 MB
step 14050  loss 2.0416  bpc 2.945  gn 0.86  55 ms/step
step 14100  loss 2.0380  bpc 2.940  gn 0.83  55 ms/step
step 14150  loss 2.0794  bpc 3.000  gn 0.82  55 ms/step
step 14200  loss 2.0776  bpc 2.997  gn 0.90  55 ms/step
step 14250  loss 2.0517  bpc 2.960  gn 1.02  55 ms/step
step 14300  loss 2.0934  bpc 3.020  gn 0.89  55 ms/step
step 14350  loss 2.1460  bpc 3.096  gn 0.93  55 ms/step
step 14400  loss 2.0412  bpc 2.945  gn 1.04  55 ms/step
step 14450  loss 1.9666  bpc 2.837  gn 0.87  55 ms/step
step 14500  loss 1.9198  bpc 2.770  gn 0.74  55 ms/step
step 14550  loss 2.0264  bpc 2.924  gn 0.87  55 ms/step
step 14600  loss 2.1272  bpc 3.069  gn 0.88  55 ms/step
step 14650  loss 1.9993  bpc 2.884  gn 1.15  55 ms/step
step 14700  loss 2.0400  bpc 2.943  gn 0.95  55 ms/step
step 14750  loss 1.9872  bpc 2.867  gn 0.88  55 ms/step
step 14800  loss 2.0133  bpc 2.905  gn 0.99  55 ms/step
step 14850  loss 2.0769  bpc 2.996  gn 0.97  55 ms/step
step 14900  loss 2.1064  bpc 3.039  gn 0.90  55 ms/step
step 14950  loss 1.9220  bpc 2.773  gn 0.92  55 ms/step
step 15000  loss 2.0100  bpc 2.900  gn 0.94  55 ms/step
step 15050  loss 2.1268  bpc 3.068  gn 0.85  55 ms/step
step 15100  loss 2.1429  bpc 3.091  gn 1.12  55 ms/step
step 15150  loss 2.0272  bpc 2.925  gn 0.93  55 ms/step
step 15200  loss 2.1101  bpc 3.044  gn 0.97  55 ms/step
step 15250  loss 1.9746  bpc 2.849  gn 0.99  55 ms/step
step 15300  loss 1.9172  bpc 2.766  gn 0.95  55 ms/step
step 15350  loss 2.0064  bpc 2.895  gn 0.93  55 ms/step
step 15400  loss 2.1087  bpc 3.042  gn 0.92  55 ms/step
step 15450  loss 2.0883  bpc 3.013  gn 0.90  55 ms/step
step 15500  loss 2.0538  bpc 2.963  gn 1.06  55 ms/step
step 15550  loss 2.0167  bpc 2.909  gn 1.24  55 ms/step
step 15600  loss 2.0554  bpc 2.965  gn 0.90  55 ms/step
step 15650  loss 2.0115  bpc 2.902  gn 0.92  55 ms/step
step 15700  loss 2.0044  bpc 2.892  gn 0.94  55 ms/step
step 15750  loss 2.0104  bpc 2.900  gn 1.00  55 ms/step
step 15800  loss 2.0074  bpc 2.896  gn 0.94  55 ms/step
step 15850  loss 2.1097  bpc 3.044  gn 1.04  55 ms/step
step 15900  loss 2.0393  bpc 2.942  gn 0.93  55 ms/step
step 15950  loss 2.0784  bpc 2.998  gn 1.14  55 ms/step
step 16000  loss 2.0242  bpc 2.920  gn 0.99  55 ms/step
== eval step 16000: val_bpc 3.0048  ppl 8.027  [0:512) 2.868  [512:4096) 2.980  [4096:8192) 3.044  peak 5646 MB
step 16050  loss 2.0480  bpc 2.955  gn 0.93  55 ms/step
step 16100  loss 1.8597  bpc 2.683  gn 0.95  55 ms/step
step 16150  loss 1.9392  bpc 2.798  gn 0.91  55 ms/step
step 16200  loss 2.0586  bpc 2.970  gn 0.97  55 ms/step
step 16250  loss 2.0080  bpc 2.897  gn 0.89  55 ms/step
step 16300  loss 1.9727  bpc 2.846  gn 1.03  55 ms/step
step 16350  loss 1.9523  bpc 2.817  gn 0.91  55 ms/step
step 16400  loss 2.0911  bpc 3.017  gn 1.11  55 ms/step
step 16450  loss 2.0199  bpc 2.914  gn 0.99  55 ms/step
step 16500  loss 1.9999  bpc 2.885  gn 1.03  55 ms/step
step 16550  loss 2.1262  bpc 3.067  gn 1.04  55 ms/step
step 16600  loss 2.0740  bpc 2.992  gn 1.05  55 ms/step
step 16650  loss 1.9908  bpc 2.872  gn 0.92  55 ms/step
step 16700  loss 2.0771  bpc 2.997  gn 0.97  55 ms/step
step 16750  loss 2.1149  bpc 3.051  gn 0.96  55 ms/step
step 16800  loss 2.1041  bpc 3.036  gn 0.98  55 ms/step
step 16850  loss 2.0110  bpc 2.901  gn 0.89  55 ms/step
step 16900  loss 2.1585  bpc 3.114  gn 1.02  55 ms/step
step 16950  loss 2.0693  bpc 2.985  gn 1.07  55 ms/step
step 17000  loss 2.0923  bpc 3.018  gn 1.06  55 ms/step
step 17050  loss 2.1323  bpc 3.076  gn 0.93  55 ms/step
step 17100  loss 2.0172  bpc 2.910  gn 1.06  55 ms/step
step 17150  loss 2.0699  bpc 2.986  gn 1.18  55 ms/step
step 17200  loss 2.0131  bpc 2.904  gn 1.03  55 ms/step
step 17250  loss 1.9113  bpc 2.757  gn 1.24  55 ms/step
step 17300  loss 2.0070  bpc 2.896  gn 1.10  55 ms/step
step 17350  loss 2.0012  bpc 2.887  gn 1.08  55 ms/step
step 17400  loss 2.1371  bpc 3.083  gn 1.08  55 ms/step
step 17450  loss 2.0053  bpc 2.893  gn 1.03  55 ms/step
step 17500  loss 2.0898  bpc 3.015  gn 0.96  55 ms/step
step 17550  loss 1.9298  bpc 2.784  gn 1.09  55 ms/step
step 17600  loss 2.0618  bpc 2.975  gn 1.01  55 ms/step
step 17650  loss 2.0421  bpc 2.946  gn 1.11  55 ms/step
step 17700  loss 2.0982  bpc 3.027  gn 1.11  55 ms/step
step 17750  loss 2.1421  bpc 3.090  gn 0.96  55 ms/step
step 17800  loss 1.9841  bpc 2.862  gn 1.10  55 ms/step
step 17850  loss 2.0258  bpc 2.923  gn 1.15  55 ms/step
step 17900  loss 1.9690  bpc 2.841  gn 1.00  55 ms/step
step 17950  loss 2.0779  bpc 2.998  gn 1.00  55 ms/step
step 18000  loss 1.9959  bpc 2.879  gn 1.02  55 ms/step
== eval step 18000: val_bpc 2.9817  ppl 7.899  [0:512) 2.844  [512:4096) 2.956  [4096:8192) 3.021  peak 5646 MB
step 18050  loss 1.9159  bpc 2.764  gn 1.12  55 ms/step
step 18100  loss 1.9878  bpc 2.868  gn 1.15  55 ms/step
step 18150  loss 2.0037  bpc 2.891  gn 0.95  55 ms/step
step 18200  loss 1.9451  bpc 2.806  gn 0.98  55 ms/step
step 18250  loss 1.9752  bpc 2.850  gn 0.91  55 ms/step
step 18300  loss 2.0045  bpc 2.892  gn 1.07  55 ms/step
step 18350  loss 1.9380  bpc 2.796  gn 0.89  55 ms/step
step 18400  loss 2.0503  bpc 2.958  gn 0.88  55 ms/step
step 18450  loss 2.0062  bpc 2.894  gn 0.84  55 ms/step
step 18500  loss 2.0004  bpc 2.886  gn 1.15  55 ms/step
step 18550  loss 1.9531  bpc 2.818  gn 0.94  55 ms/step
step 18600  loss 1.9550  bpc 2.821  gn 0.98  55 ms/step
step 18650  loss 2.0718  bpc 2.989  gn 0.91  55 ms/step
step 18700  loss 1.9526  bpc 2.817  gn 1.08  55 ms/step
step 18750  loss 2.1462  bpc 3.096  gn 0.97  55 ms/step
step 18800  loss 1.9844  bpc 2.863  gn 0.88  55 ms/step
step 18850  loss 1.9658  bpc 2.836  gn 1.16  55 ms/step
step 18900  loss 2.1035  bpc 3.035  gn 0.95  55 ms/step
step 18950  loss 1.9627  bpc 2.832  gn 0.96  55 ms/step
step 19000  loss 2.0347  bpc 2.935  gn 0.97  55 ms/step
step 19050  loss 2.0403  bpc 2.943  gn 0.97  55 ms/step
step 19100  loss 2.0407  bpc 2.944  gn 1.02  55 ms/step
step 19150  loss 1.9837  bpc 2.862  gn 1.15  55 ms/step
step 19200  loss 2.0209  bpc 2.916  gn 0.96  55 ms/step
step 19250  loss 2.1024  bpc 3.033  gn 1.04  55 ms/step
step 19300  loss 1.9341  bpc 2.790  gn 1.04  55 ms/step
step 19350  loss 2.0891  bpc 3.014  gn 0.95  55 ms/step
step 19400  loss 2.0490  bpc 2.956  gn 1.05  55 ms/step
step 19450  loss 1.9560  bpc 2.822  gn 0.97  55 ms/step
step 19500  loss 1.9325  bpc 2.788  gn 0.96  55 ms/step
step 19550  loss 2.0800  bpc 3.001  gn 1.01  55 ms/step
step 19600  loss 2.0133  bpc 2.905  gn 0.89  55 ms/step
step 19650  loss 1.9626  bpc 2.831  gn 1.06  55 ms/step
step 19700  loss 2.0158  bpc 2.908  gn 1.13  55 ms/step
step 19750  loss 2.0687  bpc 2.985  gn 0.84  55 ms/step
step 19800  loss 2.0014  bpc 2.887  gn 1.04  55 ms/step
step 19850  loss 2.0736  bpc 2.992  gn 0.91  55 ms/step
step 19900  loss 2.0502  bpc 2.958  gn 0.91  55 ms/step
step 19950  loss 2.2003  bpc 3.174  gn 1.00  55 ms/step
step 20000  loss 2.0277  bpc 2.925  gn 0.91  55 ms/step
== eval step 20000: val_bpc 2.9765  ppl 7.871  [0:512) 2.838  [512:4096) 2.951  [4096:8192) 3.016  peak 5646 MB
done: {"run": "smat_d3_qkn_tri", "arm": "smat", "d": 3, "step": 20000, "train_loss": 2.027679443359375, "train_loss_med200": 2.020431160926819, "val_bpc": 2.976492799096354, "val_ppl": 7.870704626513534, "val_bpc_0_512": 2.8379912304477584, "val_bpc_512_4096": 2.9511927667032927, "val_bpc_4096_8192": 3.0159430235213573, "grad_norm": 0.9064697623252869, "nonfinite_steps": 0, "ms_per_step": 55.21175301074982, "peak_MB": 5646.4716796875, "params": 5384704, "elapsed_s": 1109.5713970661163, "mask_nnz": 17768207, "mask_density": 0.2647669166326523, "mask_n": 4096, "mask_q": 17, "mask_B": 306}
done: Thu Sep  3 05:19:35 PM CDT 2026
