position,nll
0.000000000000000000e+00,6.028637150271993761e+00
1.000000000000000000e+00,5.017328883461715350e+00
2.000000000000000000e+00,5.132648281154573944e+00
3.000000000000000000e+00,4.873383540744114839e+00
4.000000000000000000e+00,4.566492280251056357e+00
5.000000000000000000e+00,4.868819179468345304e+00
6.000000000000000000e+00,4.337624750744367930e+00
7.000000000000000000e+00,4.615006450291143203e+00
8.000000000000000000e+00,4.291720566153144567e+00
9.000000000000000000e+00,4.440097338352047451e+00
1.000000000000000000e+01,4.550622016667831282e+00
1.100000000000000000e+01,4.236331596153742218e+00
1.200000000000000000e+01,4.233018551095098836e+00
1.300000000000000000e+01,4.378482630380169383e+00
1.400000000000000000e+01,4.289350854266495539e+00
1.500000000000000000e+01,4.178860777514207925e+00
1.600000000000000000e+01,4.097130802060004129e+00
1.700000000000000000e+01,3.994512958684936166e+00
1.800000000000000000e+01,3.989880613656714647e+00
1.900000000000000000e+01,3.986110214641714666e+00
2.000000000000000000e+01,4.038191148924419771e+00
2.100000000000000000e+01,3.870166183214207134e+00
2.200000000000000000e+01,3.752601003044735428e+00
2.300000000000000000e+01,4.029512070876653418e+00
2.400000000000000000e+01,3.906218034348862833e+00
2.500000000000000000e+01,4.038315257653460222e+00
2.600000000000000000e+01,4.015542121245296414e+00
2.700000000000000000e+01,4.012415174039110966e+00
2.800000000000000000e+01,3.909708500732896663e+00
2.900000000000000000e+01,3.942131905958770055e+00
3.000000000000000000e+01,3.797336472654796236e+00
3.100000000000000000e+01,3.901614608841978526e+00
3.200000000000000000e+01,3.946030963390882551e+00
3.300000000000000000e+01,4.040602118523312747e+00
3.400000000000000000e+01,3.945721998009840359e+00
3.500000000000000000e+01,4.172968296748924999e+00
3.600000000000000000e+01,3.807945903083767458e+00
3.700000000000000000e+01,4.047123155456330501e+00
3.800000000000000000e+01,3.759056913596196203e+00
3.900000000000000000e+01,3.867010744467289651e+00
4.000000000000000000e+01,3.784491216361314692e+00
4.100000000000000000e+01,3.500492590897168910e+00
4.200000000000000000e+01,3.647119980683496632e+00
4.300000000000000000e+01,3.840717021763309535e+00
4.400000000000000000e+01,4.023738158203267190e+00
4.500000000000000000e+01,4.105513993580336418e+00
4.600000000000000000e+01,3.965458493646674132e+00
4.700000000000000000e+01,3.917451329705578189e+00
4.800000000000000000e+01,3.816380032254230503e+00
4.900000000000000000e+01,3.675634161073864092e+00
5.000000000000000000e+01,3.656493400058901777e+00
5.100000000000000000e+01,3.703788078925524641e+00
5.200000000000000000e+01,3.894580802606520287e+00
5.300000000000000000e+01,4.021680973654829572e+00
5.400000000000000000e+01,3.882208106497476496e+00
5.500000000000000000e+01,4.117103419430923061e+00
5.600000000000000000e+01,3.881139136100147269e+00
5.700000000000000000e+01,3.661190682827312859e+00
5.800000000000000000e+01,4.042848068007497631e+00
5.900000000000000000e+01,3.553549601209679221e+00
6.000000000000000000e+01,4.042732721399019624e+00
6.100000000000000000e+01,3.677407938352553085e+00
6.200000000000000000e+01,3.796384694941745686e+00
6.300000000000000000e+01,3.647476357511675538e+00
6.400000000000000000e+01,3.871838618337487326e+00
6.500000000000000000e+01,4.087933312603043490e+00
6.600000000000000000e+01,3.722414354339564468e+00
6.700000000000000000e+01,3.780302217345995697e+00
6.800000000000000000e+01,3.924823829078866400e+00
6.900000000000000000e+01,3.917306566437836146e+00
7.000000000000000000e+01,3.987801812241592359e+00
7.100000000000000000e+01,3.683358529181425034e+00
7.200000000000000000e+01,3.622369607091303845e+00
7.300000000000000000e+01,3.624346033657793953e+00
7.400000000000000000e+01,4.072085662254277594e+00
7.500000000000000000e+01,3.787267755489790666e+00
7.600000000000000000e+01,3.753921515229382333e+00
7.700000000000000000e+01,4.010743296014265269e+00
7.800000000000000000e+01,3.864980437837978400e+00
7.900000000000000000e+01,3.861872339145577371e+00
8.000000000000000000e+01,3.448093393320297739e+00
8.100000000000000000e+01,3.725603464040113444e+00
8.200000000000000000e+01,3.906795064346758828e+00
8.300000000000000000e+01,3.689718412271639547e+00
8.400000000000000000e+01,3.799548700368785781e+00
8.500000000000000000e+01,3.961562028311945038e+00
8.600000000000000000e+01,3.798749923449463939e+00
8.700000000000000000e+01,3.919188912390715984e+00
8.800000000000000000e+01,3.867991195003297911e+00
8.900000000000000000e+01,3.953871769319400986e+00
9.000000000000000000e+01,3.947648952357909025e+00
9.100000000000000000e+01,3.876196176372775692e+00
9.200000000000000000e+01,4.086296285680282914e+00
9.300000000000000000e+01,3.629125061329800506e+00
9.400000000000000000e+01,4.077444261254476565e+00
9.500000000000000000e+01,3.865966517084526544e+00
9.600000000000000000e+01,3.927124038106635684e+00
9.700000000000000000e+01,3.881462834835243569e+00
9.800000000000000000e+01,3.605476609805359889e+00
9.900000000000000000e+01,3.649680864122613944e+00
1.000000000000000000e+02,4.388727759250265592e+00
1.010000000000000000e+02,3.942527239378954551e+00
1.020000000000000000e+02,3.781541920248968847e+00
1.030000000000000000e+02,3.587371241093229468e+00
1.040000000000000000e+02,3.527755077028423614e+00
1.050000000000000000e+02,3.729103687783375420e+00
1.060000000000000000e+02,3.839955844675235319e+00
1.070000000000000000e+02,3.676962406059906652e+00
1.080000000000000000e+02,4.002697484691810637e+00
1.090000000000000000e+02,3.782080095180560431e+00
1.100000000000000000e+02,4.023075513424114291e+00
1.110000000000000000e+02,4.168022736921995985e+00
1.120000000000000000e+02,3.845299256225359397e+00
1.130000000000000000e+02,4.066841256695743922e+00
1.140000000000000000e+02,4.147219056143453209e+00
1.150000000000000000e+02,3.862196182209478579e+00
1.160000000000000000e+02,3.659093172677977623e+00
1.170000000000000000e+02,3.940657788887533375e+00
1.180000000000000000e+02,3.770006755177627067e+00
1.190000000000000000e+02,4.014197883012439405e+00
1.200000000000000000e+02,3.462010428371954163e+00
1.210000000000000000e+02,3.430842791278259529e+00
1.220000000000000000e+02,4.021852707953719630e+00
1.230000000000000000e+02,3.930489358956521073e+00
1.240000000000000000e+02,3.951687000939416272e+00
1.250000000000000000e+02,3.537108555647495045e+00
1.260000000000000000e+02,3.836274461204674857e+00
1.270000000000000000e+02,3.960241756450955553e+00
1.280000000000000000e+02,3.797428407289222818e+00
1.290000000000000000e+02,4.095729777841928154e+00
1.300000000000000000e+02,3.790474167237805947e+00
1.310000000000000000e+02,3.758436029426825975e+00
1.320000000000000000e+02,3.907385142669119737e+00
1.330000000000000000e+02,3.592705553308414679e+00
1.340000000000000000e+02,3.996986206534911101e+00
1.350000000000000000e+02,3.895689365524189540e+00
1.360000000000000000e+02,3.624138947425033841e+00
1.370000000000000000e+02,3.685730611035036297e+00
1.380000000000000000e+02,4.039141554335821560e+00
1.390000000000000000e+02,3.497153371766011265e+00
1.400000000000000000e+02,3.926462478653268029e+00
1.410000000000000000e+02,3.851868845249507789e+00
1.420000000000000000e+02,3.428895274146837480e+00
1.430000000000000000e+02,3.960368960298054741e+00
1.440000000000000000e+02,3.624285951197876443e+00
1.450000000000000000e+02,3.692600228764129966e+00
1.460000000000000000e+02,3.586879267910006330e+00
1.470000000000000000e+02,4.240058126081428291e+00
1.480000000000000000e+02,3.861586109754422402e+00
1.490000000000000000e+02,3.862771168257915999e+00
1.500000000000000000e+02,3.576921203140931205e+00
1.510000000000000000e+02,3.751251731109386700e+00
1.520000000000000000e+02,4.025329138669866857e+00
1.530000000000000000e+02,4.060550616893896958e+00
1.540000000000000000e+02,3.814413809293544677e+00
1.550000000000000000e+02,3.147697108050190096e+00
1.560000000000000000e+02,3.488698779879733980e+00
1.570000000000000000e+02,3.950275285642532719e+00
1.580000000000000000e+02,3.659426213850240472e+00
1.590000000000000000e+02,4.044488047004666242e+00
1.600000000000000000e+02,3.511756170245691866e+00
1.610000000000000000e+02,3.716457857419801059e+00
1.620000000000000000e+02,3.991383662506208907e+00
1.630000000000000000e+02,3.900440157560312038e+00
1.640000000000000000e+02,4.003582391205973146e+00
1.650000000000000000e+02,3.916274463118776694e+00
1.660000000000000000e+02,3.830034060782149918e+00
1.670000000000000000e+02,3.783077745610615494e+00
1.680000000000000000e+02,3.500940280015278461e+00
1.690000000000000000e+02,3.631660314454085547e+00
1.700000000000000000e+02,3.893332764694817261e+00
1.710000000000000000e+02,3.826593509893627676e+00
1.720000000000000000e+02,4.106454689921401169e+00
1.730000000000000000e+02,3.730935519147992707e+00
1.740000000000000000e+02,3.586843503316851756e+00
1.750000000000000000e+02,3.672900255186270169e+00
1.760000000000000000e+02,3.479873017217669506e+00
1.770000000000000000e+02,3.587378510606098914e+00
1.780000000000000000e+02,3.692550418834434911e+00
1.790000000000000000e+02,3.959533600517945562e+00
1.800000000000000000e+02,3.794146111732161319e+00
1.810000000000000000e+02,3.541975261069286063e+00
1.820000000000000000e+02,3.820659656185259934e+00
1.830000000000000000e+02,3.801006616343368005e+00
1.840000000000000000e+02,3.901990789181844388e+00
1.850000000000000000e+02,3.761709259250788140e+00
1.860000000000000000e+02,3.580430218711572632e+00
1.870000000000000000e+02,3.648716147956209355e+00
1.880000000000000000e+02,3.622807452742211609e+00
1.890000000000000000e+02,3.546767912821350066e+00
1.900000000000000000e+02,3.651817054125225503e+00
1.910000000000000000e+02,3.632894701510954061e+00
1.920000000000000000e+02,3.618462666170702668e+00
1.930000000000000000e+02,3.865104397554264715e+00
1.940000000000000000e+02,3.394474743188909294e+00
1.950000000000000000e+02,3.441801962886774202e+00
1.960000000000000000e+02,3.869581741894395854e+00
1.970000000000000000e+02,3.782619892725850974e+00
1.980000000000000000e+02,3.897761371600726221e+00
1.990000000000000000e+02,3.827248569481197737e+00
2.000000000000000000e+02,3.858609346823731467e+00
2.010000000000000000e+02,3.650377559066477318e+00
2.020000000000000000e+02,3.782292302089483638e+00
2.030000000000000000e+02,3.557698686123163867e+00
2.040000000000000000e+02,4.047263050226406200e+00
2.050000000000000000e+02,4.214504790396522260e+00
2.060000000000000000e+02,3.857504518125547399e+00
2.070000000000000000e+02,3.651923431258564445e+00
2.080000000000000000e+02,4.149249115554439982e+00
2.090000000000000000e+02,3.726504518284613710e+00
2.100000000000000000e+02,3.559490231250963976e+00
2.110000000000000000e+02,3.685655697974707490e+00
2.120000000000000000e+02,3.751236375916981114e+00
2.130000000000000000e+02,3.823403202280315050e+00
2.140000000000000000e+02,3.886360446011936531e+00
2.150000000000000000e+02,3.574209880259293204e+00
2.160000000000000000e+02,3.722052079395549384e+00
2.170000000000000000e+02,3.840268556370789010e+00
2.180000000000000000e+02,3.898726775628043040e+00
2.190000000000000000e+02,3.932830761038793366e+00
2.200000000000000000e+02,3.667605927539428823e+00
2.210000000000000000e+02,3.694987169982217434e+00
2.220000000000000000e+02,3.879643826336875545e+00
2.230000000000000000e+02,3.714382593765650498e+00
2.240000000000000000e+02,3.642018027462972096e+00
2.250000000000000000e+02,3.756257031791641943e+00
2.260000000000000000e+02,3.713633748808021551e+00
2.270000000000000000e+02,3.699655068502970323e+00
2.280000000000000000e+02,3.741077542587731397e+00
2.290000000000000000e+02,3.463040839413131344e+00
2.300000000000000000e+02,3.477097752874808378e+00
2.310000000000000000e+02,4.025517356176512074e+00
2.320000000000000000e+02,3.785084578306200598e+00
2.330000000000000000e+02,3.909885568439900538e+00
2.340000000000000000e+02,3.810294102351478696e+00
2.350000000000000000e+02,3.830782088440895183e+00
2.360000000000000000e+02,3.919864966913477744e+00
2.370000000000000000e+02,3.790267990902734141e+00
2.380000000000000000e+02,3.925031841622348860e+00
2.390000000000000000e+02,3.743445873412971192e+00
2.400000000000000000e+02,3.627375838701178079e+00
2.410000000000000000e+02,3.985578124598557093e+00
2.420000000000000000e+02,3.829526819564590845e+00
2.430000000000000000e+02,3.784417714408863986e+00
2.440000000000000000e+02,3.876853688616121563e+00
2.450000000000000000e+02,3.581514465626649546e+00
2.460000000000000000e+02,4.062666940931471515e+00
2.470000000000000000e+02,3.748325618262045911e+00
2.480000000000000000e+02,3.631610268404178665e+00
2.490000000000000000e+02,4.074578757302312226e+00
2.500000000000000000e+02,3.788946561757573050e+00
2.510000000000000000e+02,3.800231956057326776e+00
2.520000000000000000e+02,3.730299502711067472e+00
2.530000000000000000e+02,4.018277290235269028e+00
2.540000000000000000e+02,3.772991489861443171e+00
2.550000000000000000e+02,3.856534909370289199e+00
2.560000000000000000e+02,3.716335533380131118e+00
2.570000000000000000e+02,3.720398990249785598e+00
2.580000000000000000e+02,3.672012212520205487e+00
2.590000000000000000e+02,3.827734028636244012e+00
2.600000000000000000e+02,3.831092294906810469e+00
2.610000000000000000e+02,4.027423343581951976e+00
2.620000000000000000e+02,3.647969702530087233e+00
2.630000000000000000e+02,3.895314479334339275e+00
2.640000000000000000e+02,4.114646285885434907e+00
2.650000000000000000e+02,3.551537389933564715e+00
2.660000000000000000e+02,3.908722918945318092e+00
2.670000000000000000e+02,3.841547614915138187e+00
2.680000000000000000e+02,3.508672728381849737e+00
2.690000000000000000e+02,3.479451979695844077e+00
2.700000000000000000e+02,3.809013476941850662e+00
2.710000000000000000e+02,3.923557202870166627e+00
2.720000000000000000e+02,3.838594403057540294e+00
2.730000000000000000e+02,3.625582064346924760e+00
2.740000000000000000e+02,3.745271923060845776e+00
2.750000000000000000e+02,3.702403626588736785e+00
2.760000000000000000e+02,3.719253014538892455e+00
2.770000000000000000e+02,3.750793882601390461e+00
2.780000000000000000e+02,4.041921868104202176e+00
2.790000000000000000e+02,3.927775778796058326e+00
2.800000000000000000e+02,3.990766694405274428e+00
2.810000000000000000e+02,3.771949456695193437e+00
2.820000000000000000e+02,3.478614782093004010e+00
2.830000000000000000e+02,3.842662744682886267e+00
2.840000000000000000e+02,3.760688690175361337e+00
2.850000000000000000e+02,3.725373465895593483e+00
2.860000000000000000e+02,3.790404970494905879e+00
2.870000000000000000e+02,3.858322990502090821e+00
2.880000000000000000e+02,3.953942267176505432e+00
2.890000000000000000e+02,3.642802845030138403e+00
2.900000000000000000e+02,3.474030646221515806e+00
2.910000000000000000e+02,3.818561943892170518e+00
2.920000000000000000e+02,3.718582789375724396e+00
2.930000000000000000e+02,3.822018390104648500e+00
2.940000000000000000e+02,3.849145092868851314e+00
2.950000000000000000e+02,3.630293761264860031e+00
2.960000000000000000e+02,3.856914696963382738e+00
2.970000000000000000e+02,3.920028879582670989e+00
2.980000000000000000e+02,4.077226536719845917e+00
2.990000000000000000e+02,3.808332210675370533e+00
3.000000000000000000e+02,3.473376842649280594e+00
3.010000000000000000e+02,3.656020801876884274e+00
3.020000000000000000e+02,3.730931949201560016e+00
3.030000000000000000e+02,3.797635788160729664e+00
3.040000000000000000e+02,3.705061200579054415e+00
3.050000000000000000e+02,3.739146142139213147e+00
3.060000000000000000e+02,4.060759040206174397e+00
3.070000000000000000e+02,3.911460049413463924e+00
3.080000000000000000e+02,3.507547532162221149e+00
3.090000000000000000e+02,3.934172114037964629e+00
3.100000000000000000e+02,3.962095946631944088e+00
3.110000000000000000e+02,4.005200246473682668e+00
3.120000000000000000e+02,3.826625901535458674e+00
3.130000000000000000e+02,3.872104137093694831e+00
3.140000000000000000e+02,3.713585266624511050e+00
3.150000000000000000e+02,3.644683908861581223e+00
3.160000000000000000e+02,3.986775487944879348e+00
3.170000000000000000e+02,3.678986860198621311e+00
3.180000000000000000e+02,3.521880709376380647e+00
3.190000000000000000e+02,3.785835260431092308e+00
3.200000000000000000e+02,3.993713738565017213e+00
3.210000000000000000e+02,3.973159267865161937e+00
3.220000000000000000e+02,3.948001825087007255e+00
3.230000000000000000e+02,3.509095113726945048e+00
3.240000000000000000e+02,3.807405972729283494e+00
3.250000000000000000e+02,4.137665176681285750e+00
3.260000000000000000e+02,3.868198741066859458e+00
3.270000000000000000e+02,3.814610443692036501e+00
3.280000000000000000e+02,3.533465530046048908e+00
3.290000000000000000e+02,3.796072896346702752e+00
3.300000000000000000e+02,4.097433368804861864e+00
3.310000000000000000e+02,4.132646158973958705e+00
3.320000000000000000e+02,3.731296917601622187e+00
3.330000000000000000e+02,3.831754460001821627e+00
3.340000000000000000e+02,3.941093659382049363e+00
3.350000000000000000e+02,3.834551062307045566e+00
3.360000000000000000e+02,4.037818498225461461e+00
3.370000000000000000e+02,4.330146965668837389e+00
3.380000000000000000e+02,3.708100403131115108e+00
3.390000000000000000e+02,3.372693579955721610e+00
3.400000000000000000e+02,3.478784606806250679e+00
3.410000000000000000e+02,3.967366088751632436e+00
3.420000000000000000e+02,3.797726484033141503e+00
3.430000000000000000e+02,3.818843609009598516e+00
3.440000000000000000e+02,3.908558180174703356e+00
3.450000000000000000e+02,3.864382226691656541e+00
3.460000000000000000e+02,3.525846503709225921e+00
3.470000000000000000e+02,4.231188475275389216e+00
3.480000000000000000e+02,3.726497082189798249e+00
3.490000000000000000e+02,3.673890197433162363e+00
3.500000000000000000e+02,3.693808413972895277e+00
3.510000000000000000e+02,3.736282293023407863e+00
3.520000000000000000e+02,3.567292656323377997e+00
3.530000000000000000e+02,3.862450133326852608e+00
3.540000000000000000e+02,3.603466141825208524e+00
3.550000000000000000e+02,3.923586282938355208e+00
3.560000000000000000e+02,3.968346886592771128e+00
3.570000000000000000e+02,3.428410789955413485e+00
3.580000000000000000e+02,3.675428782964528907e+00
3.590000000000000000e+02,3.587052030578271378e+00
3.600000000000000000e+02,3.751630311771845694e+00
3.610000000000000000e+02,3.727323132374516845e+00
3.620000000000000000e+02,3.583129520937136103e+00
3.630000000000000000e+02,3.723131910764700958e+00
3.640000000000000000e+02,3.703100649199243755e+00
3.650000000000000000e+02,3.660139928791703134e+00
3.660000000000000000e+02,3.756043410120026849e+00
3.670000000000000000e+02,3.539397830412723156e+00
3.680000000000000000e+02,4.010432907468709729e+00
3.690000000000000000e+02,3.695936171557693051e+00
3.700000000000000000e+02,4.005648842252851338e+00
3.710000000000000000e+02,3.564001263527115437e+00
3.720000000000000000e+02,3.657793632396375116e+00
3.730000000000000000e+02,3.779821191126762958e+00
3.740000000000000000e+02,3.856235709270227741e+00
3.750000000000000000e+02,3.561242437381202386e+00
3.760000000000000000e+02,3.766352248465826946e+00
3.770000000000000000e+02,4.003027649347692396e+00
3.780000000000000000e+02,3.592092076238086573e+00
3.790000000000000000e+02,3.914691250725570892e+00
3.800000000000000000e+02,3.640507701703000976e+00
3.810000000000000000e+02,3.702949497269523160e+00
3.820000000000000000e+02,4.006137393192222618e+00
3.830000000000000000e+02,3.821528656640607036e+00
3.840000000000000000e+02,3.723840352232269613e+00
3.850000000000000000e+02,3.273662188438115184e+00
3.860000000000000000e+02,3.769516658329681746e+00
3.870000000000000000e+02,3.761504858254157480e+00
3.880000000000000000e+02,3.649927271129420614e+00
3.890000000000000000e+02,3.583796330425518928e+00
3.900000000000000000e+02,3.731822321207748594e+00
3.910000000000000000e+02,3.664548763262535314e+00
3.920000000000000000e+02,3.945597722468758839e+00
3.930000000000000000e+02,4.102908848706785960e+00
3.940000000000000000e+02,3.915917069441710474e+00
3.950000000000000000e+02,3.730648632725885872e+00
3.960000000000000000e+02,4.097844300488368674e+00
3.970000000000000000e+02,3.654917078048012691e+00
3.980000000000000000e+02,3.901735711972440956e+00
3.990000000000000000e+02,3.871973388758106260e+00
4.000000000000000000e+02,3.865936855499209734e+00
4.010000000000000000e+02,3.750153845978245304e+00
4.020000000000000000e+02,3.639061592145131918e+00
4.030000000000000000e+02,3.683445537513954537e+00
4.040000000000000000e+02,3.399172739058015758e+00
4.050000000000000000e+02,3.637881732924118872e+00
4.060000000000000000e+02,4.036915709969685295e+00
4.070000000000000000e+02,3.738035530010982654e+00
4.080000000000000000e+02,3.502805395937529820e+00
4.090000000000000000e+02,3.634263229421001107e+00
4.100000000000000000e+02,3.777075105680139266e+00
4.110000000000000000e+02,3.879647041789333173e+00
4.120000000000000000e+02,3.702911092221423672e+00
4.130000000000000000e+02,3.941357936233210069e+00
4.140000000000000000e+02,3.951087715081142093e+00
4.150000000000000000e+02,3.503188471996022901e+00
4.160000000000000000e+02,3.919492643164493639e+00
4.170000000000000000e+02,3.692744225300476302e+00
4.180000000000000000e+02,3.813222308711913922e+00
4.190000000000000000e+02,3.856191939324344453e+00
4.200000000000000000e+02,3.756647928374722500e+00
4.210000000000000000e+02,4.110221034521390315e+00
4.220000000000000000e+02,3.723151881174736832e+00
4.230000000000000000e+02,3.901659534669926988e+00
4.240000000000000000e+02,3.727727844395730017e+00
4.250000000000000000e+02,3.725384128241624015e+00
4.260000000000000000e+02,4.045847304018150403e+00
4.270000000000000000e+02,3.718731409406921262e+00
4.280000000000000000e+02,3.838733007351440740e+00
4.290000000000000000e+02,3.816289863830710782e+00
4.300000000000000000e+02,3.596848705921896538e+00
4.310000000000000000e+02,3.771159169874268358e+00
4.320000000000000000e+02,4.266865232567142563e+00
4.330000000000000000e+02,4.043518252860464735e+00
4.340000000000000000e+02,3.722228649490782360e+00
4.350000000000000000e+02,4.019144928539229333e+00
4.360000000000000000e+02,3.893590337948047875e+00
4.370000000000000000e+02,3.925928772516322773e+00
4.380000000000000000e+02,3.709793896760412490e+00
4.390000000000000000e+02,3.559088479751266743e+00
4.400000000000000000e+02,3.607637978513814847e+00
4.410000000000000000e+02,3.929640905401329931e+00
4.420000000000000000e+02,3.769861005198146930e+00
4.430000000000000000e+02,3.873126277331670586e+00
4.440000000000000000e+02,3.583317789993798463e+00
4.450000000000000000e+02,3.816399282345324107e+00
4.460000000000000000e+02,4.138753024128280167e+00
4.470000000000000000e+02,3.774661199094226927e+00
4.480000000000000000e+02,3.969470410201826116e+00
4.490000000000000000e+02,3.755983053704338825e+00
4.500000000000000000e+02,3.643078544825790299e+00
4.510000000000000000e+02,3.744538607209163317e+00
4.520000000000000000e+02,3.758234985344556467e+00
4.530000000000000000e+02,3.744234286961441338e+00
4.540000000000000000e+02,3.876851138345827064e+00
4.550000000000000000e+02,3.910447129936503341e+00
4.560000000000000000e+02,3.945359060844602528e+00
4.570000000000000000e+02,3.639495677591829015e+00
4.580000000000000000e+02,3.772003757086564324e+00
4.590000000000000000e+02,3.885008317611340356e+00
4.600000000000000000e+02,3.717624295221118924e+00
4.610000000000000000e+02,3.439313498718780338e+00
4.620000000000000000e+02,3.941650274856346670e+00
4.630000000000000000e+02,3.627213411796116560e+00
4.640000000000000000e+02,3.518389567321263289e+00
4.650000000000000000e+02,3.781463133146100386e+00
4.660000000000000000e+02,4.064191098430426585e+00
4.670000000000000000e+02,3.833112819976465246e+00
4.680000000000000000e+02,3.550047299378203292e+00
4.690000000000000000e+02,3.736821742922382228e+00
4.700000000000000000e+02,3.676718537423644850e+00
4.710000000000000000e+02,3.803566864744639897e+00
4.720000000000000000e+02,3.603986584731663889e+00
4.730000000000000000e+02,4.022697317984304632e+00
4.740000000000000000e+02,3.705078989005982759e+00
4.750000000000000000e+02,4.012410446134924591e+00
4.760000000000000000e+02,3.567519763600386362e+00
4.770000000000000000e+02,3.767459165388131304e+00
4.780000000000000000e+02,3.583820732131711928e+00
4.790000000000000000e+02,3.892694173593775009e+00
4.800000000000000000e+02,4.034816066465237938e+00
4.810000000000000000e+02,3.741495864847114383e+00
4.820000000000000000e+02,3.870744191493398212e+00
4.830000000000000000e+02,3.831672483050864830e+00
4.840000000000000000e+02,3.732294674836428516e+00
4.850000000000000000e+02,3.757220614533190339e+00
4.860000000000000000e+02,3.766036252226999004e+00
4.870000000000000000e+02,3.623571215407587864e+00
4.880000000000000000e+02,3.726274362136979601e+00
4.890000000000000000e+02,3.691676706175504030e+00
4.900000000000000000e+02,3.683535210877040722e+00
4.910000000000000000e+02,3.669641241950846844e+00
4.920000000000000000e+02,3.903635395571568356e+00
4.930000000000000000e+02,3.981827298926986725e+00
4.940000000000000000e+02,3.902988279484461476e+00
4.950000000000000000e+02,3.776324450621022510e+00
4.960000000000000000e+02,3.835389739778964024e+00
4.970000000000000000e+02,3.695031922727708196e+00
4.980000000000000000e+02,3.934939213189561968e+00
4.990000000000000000e+02,3.686392774727722976e+00
5.000000000000000000e+02,3.868343720965222943e+00
5.010000000000000000e+02,3.833861164236059604e+00
5.020000000000000000e+02,3.729930660195388992e+00
5.030000000000000000e+02,3.545542353112447476e+00
5.040000000000000000e+02,3.712991383995290384e+00
5.050000000000000000e+02,3.929605273655886410e+00
5.060000000000000000e+02,3.787391156216451282e+00
5.070000000000000000e+02,3.900156615553905581e+00
5.080000000000000000e+02,3.693939961454416832e+00
5.090000000000000000e+02,3.903548530773469416e+00
5.100000000000000000e+02,3.395918468278984026e+00
5.110000000000000000e+02,3.861362470339718467e+00
5.120000000000000000e+02,3.683053510947818410e+00
5.130000000000000000e+02,3.948823237064280178e+00
5.140000000000000000e+02,3.563151982800964568e+00
5.150000000000000000e+02,3.750249080495817289e+00
5.160000000000000000e+02,3.701993396741788622e+00
5.170000000000000000e+02,4.069015696092227685e+00
5.180000000000000000e+02,3.898355578905358776e+00
5.190000000000000000e+02,3.714975939910114988e+00
5.200000000000000000e+02,3.500505590345257101e+00
5.210000000000000000e+02,3.781767025255964754e+00
5.220000000000000000e+02,3.531678912355256994e+00
5.230000000000000000e+02,3.535455537756893030e+00
5.240000000000000000e+02,3.826368424380660827e+00
5.250000000000000000e+02,3.673097433355605013e+00
5.260000000000000000e+02,3.873828139037326146e+00
5.270000000000000000e+02,3.837275135273805038e+00
5.280000000000000000e+02,3.897365591960194831e+00
5.290000000000000000e+02,3.440967709249883821e+00
5.300000000000000000e+02,3.662783242759783064e+00
5.310000000000000000e+02,3.809224752492739619e+00
5.320000000000000000e+02,3.603638393760655756e+00
5.330000000000000000e+02,3.791574333565258303e+00
5.340000000000000000e+02,3.632523241073458475e+00
5.350000000000000000e+02,4.041362946031156866e+00
5.360000000000000000e+02,3.573150115629723178e+00
5.370000000000000000e+02,3.747168285023234180e+00
5.380000000000000000e+02,4.047786552147924155e+00
5.390000000000000000e+02,3.711768330595280663e+00
5.400000000000000000e+02,3.993727353773247835e+00
5.410000000000000000e+02,3.702176628685145854e+00
5.420000000000000000e+02,3.415659943788717179e+00
5.430000000000000000e+02,3.811254736210780703e+00
5.440000000000000000e+02,3.635472143601521822e+00
5.450000000000000000e+02,3.690689495971811063e+00
5.460000000000000000e+02,3.683072209940673414e+00
5.470000000000000000e+02,4.037256408397093210e+00
5.480000000000000000e+02,3.665966703948925876e+00
5.490000000000000000e+02,3.878161625080914998e+00
5.500000000000000000e+02,3.768411481191202839e+00
5.510000000000000000e+02,3.428719782320769571e+00
5.520000000000000000e+02,3.831913761735500579e+00
5.530000000000000000e+02,3.588323464331903523e+00
5.540000000000000000e+02,3.720544370898904774e+00
5.550000000000000000e+02,3.685427913274477607e+00
5.560000000000000000e+02,3.764744581702420767e+00
5.570000000000000000e+02,3.961806992352398638e+00
5.580000000000000000e+02,3.751488623890595786e+00
5.590000000000000000e+02,3.620320858425600363e+00
5.600000000000000000e+02,3.664522607249282249e+00
5.610000000000000000e+02,3.421748532467048243e+00
5.620000000000000000e+02,4.065438812632652166e+00
5.630000000000000000e+02,3.628077552368345504e+00
5.640000000000000000e+02,3.872107298024328959e+00
5.650000000000000000e+02,3.667353805264709443e+00
5.660000000000000000e+02,4.003754123224364747e+00
5.670000000000000000e+02,3.750198163557298070e+00
5.680000000000000000e+02,3.760259075339150936e+00
5.690000000000000000e+02,3.598144308362441368e+00
5.700000000000000000e+02,3.700167985488748812e+00
5.710000000000000000e+02,3.732061244825267021e+00
5.720000000000000000e+02,3.768337314557875573e+00
5.730000000000000000e+02,4.065449218147334953e+00
5.740000000000000000e+02,3.819495901635148627e+00
5.750000000000000000e+02,3.634593934300150320e+00
5.760000000000000000e+02,3.667565224865154683e+00
5.770000000000000000e+02,3.829941664080251940e+00
5.780000000000000000e+02,3.778005018046690644e+00
5.790000000000000000e+02,3.774591098267067402e+00
5.800000000000000000e+02,3.718826614468898395e+00
5.810000000000000000e+02,3.749935134725193464e+00
5.820000000000000000e+02,3.655654007863011312e+00
5.830000000000000000e+02,3.920303496173620950e+00
5.840000000000000000e+02,3.866369932106496599e+00
5.850000000000000000e+02,3.924248367776089985e+00
5.860000000000000000e+02,3.619177531463349862e+00
5.870000000000000000e+02,3.833761452655908730e+00
5.880000000000000000e+02,3.932421945804037478e+00
5.890000000000000000e+02,3.694421499056243618e+00
5.900000000000000000e+02,3.661724849869228304e+00
5.910000000000000000e+02,3.809473650181689042e+00
5.920000000000000000e+02,4.029778324822401281e+00
5.930000000000000000e+02,3.550879636400493311e+00
5.940000000000000000e+02,3.678695245412531012e+00
5.950000000000000000e+02,3.559311505154786115e+00
5.960000000000000000e+02,4.018786653189919456e+00
5.970000000000000000e+02,3.799479652791509121e+00
5.980000000000000000e+02,3.712162263088403691e+00
5.990000000000000000e+02,3.488803959743846939e+00
6.000000000000000000e+02,3.608200933600661742e+00
6.010000000000000000e+02,4.413291772828896065e+00
6.020000000000000000e+02,3.548935796353474004e+00
6.030000000000000000e+02,3.573381045181242222e+00
6.040000000000000000e+02,3.745013274742587495e+00
6.050000000000000000e+02,3.811627423452961683e+00
6.060000000000000000e+02,3.916297504679799868e+00
6.070000000000000000e+02,3.831903096051051172e+00
6.080000000000000000e+02,3.931783784852319386e+00
6.090000000000000000e+02,3.495865613095109126e+00
6.100000000000000000e+02,3.780142437500368935e+00
6.110000000000000000e+02,3.642248776575517599e+00
6.120000000000000000e+02,4.133528116379787676e+00
6.130000000000000000e+02,3.194074296784626732e+00
6.140000000000000000e+02,4.114011516374799449e+00
6.150000000000000000e+02,4.125242380668136200e+00
6.160000000000000000e+02,3.686998008734807541e+00
6.170000000000000000e+02,3.936319803712349685e+00
6.180000000000000000e+02,3.557335910982805771e+00
6.190000000000000000e+02,3.993201085407139139e+00
6.200000000000000000e+02,3.999003227436818797e+00
6.210000000000000000e+02,3.789906043046942230e+00
6.220000000000000000e+02,3.853666762535899348e+00
6.230000000000000000e+02,3.558581110806735115e+00
6.240000000000000000e+02,3.596567730109091254e+00
6.250000000000000000e+02,3.955707304460830631e+00
6.260000000000000000e+02,3.444551035086147017e+00
6.270000000000000000e+02,3.749022850288491249e+00
6.280000000000000000e+02,3.484921908932176127e+00
6.290000000000000000e+02,4.163983847491121715e+00
6.300000000000000000e+02,3.917086097518135634e+00
6.310000000000000000e+02,3.726103741576283657e+00
6.320000000000000000e+02,3.631698891056496681e+00
6.330000000000000000e+02,3.710408683786226902e+00
6.340000000000000000e+02,3.925932206415665426e+00
6.350000000000000000e+02,3.469767621992684958e+00
6.360000000000000000e+02,3.544412879214279499e+00
6.370000000000000000e+02,3.828481321731997511e+00
6.380000000000000000e+02,3.918009874063709930e+00
6.390000000000000000e+02,3.533455436338524880e+00
6.400000000000000000e+02,3.686977808098318210e+00
6.410000000000000000e+02,3.332696078565694719e+00
6.420000000000000000e+02,3.701576105333718392e+00
6.430000000000000000e+02,3.699372395192877860e+00
6.440000000000000000e+02,3.807625156409249367e+00
6.450000000000000000e+02,3.724334332144894955e+00
6.460000000000000000e+02,3.843329815827186025e+00
6.470000000000000000e+02,3.342191407369044409e+00
6.480000000000000000e+02,3.537082255691896826e+00
6.490000000000000000e+02,4.361565497630998323e+00
6.500000000000000000e+02,3.769789574474084581e+00
6.510000000000000000e+02,3.855240612518080923e+00
6.520000000000000000e+02,4.067216101458295263e+00
6.530000000000000000e+02,3.911514740535160684e+00
6.540000000000000000e+02,3.674283778505613718e+00
6.550000000000000000e+02,3.731605383799125875e+00
6.560000000000000000e+02,3.723127214897261172e+00
6.570000000000000000e+02,3.786509776771510349e+00
6.580000000000000000e+02,3.572800837226338455e+00
6.590000000000000000e+02,3.962084469257495467e+00
6.600000000000000000e+02,3.624053442818620407e+00
6.610000000000000000e+02,3.780455316468542826e+00
6.620000000000000000e+02,3.931395572757370616e+00
6.630000000000000000e+02,3.908767355561087342e+00
6.640000000000000000e+02,4.136514781242747851e+00
6.650000000000000000e+02,3.797965558679246456e+00
6.660000000000000000e+02,3.846521455390339739e+00
6.670000000000000000e+02,3.711170256970336645e+00
6.680000000000000000e+02,4.058947281683435548e+00
6.690000000000000000e+02,3.790150320690150565e+00
6.700000000000000000e+02,3.993734100257316566e+00
6.710000000000000000e+02,3.510563440279552250e+00
6.720000000000000000e+02,3.894622673840656191e+00
6.730000000000000000e+02,3.733452308538077968e+00
6.740000000000000000e+02,3.750070929576115208e+00
6.750000000000000000e+02,3.799504340855933471e+00
6.760000000000000000e+02,3.556363950050104528e+00
6.770000000000000000e+02,3.588110713934686835e+00
6.780000000000000000e+02,3.852489189824101157e+00
6.790000000000000000e+02,3.978929443675673028e+00
6.800000000000000000e+02,3.604297099623730460e+00
6.810000000000000000e+02,3.771991138775998564e+00
6.820000000000000000e+02,4.117412575098247096e+00
6.830000000000000000e+02,3.871708961796458404e+00
6.840000000000000000e+02,3.784739565665902195e+00
6.850000000000000000e+02,4.034764619642958294e+00
6.860000000000000000e+02,3.934567868858613870e+00
6.870000000000000000e+02,3.503913394846903451e+00
6.880000000000000000e+02,3.840531069387206564e+00
6.890000000000000000e+02,3.840740762882397075e+00
6.900000000000000000e+02,3.505290906382070304e+00
6.910000000000000000e+02,3.560720997761297912e+00
6.920000000000000000e+02,3.418635911540475192e+00
6.930000000000000000e+02,3.656512292911602291e+00
6.940000000000000000e+02,3.803700085448592283e+00
6.950000000000000000e+02,4.107859373986812557e+00
6.960000000000000000e+02,3.574409967191210846e+00
6.970000000000000000e+02,4.003927251617600547e+00
6.980000000000000000e+02,3.663727429477151798e+00
6.990000000000000000e+02,3.749162265401873473e+00
7.000000000000000000e+02,3.810906655432864110e+00
7.010000000000000000e+02,3.627545975360277009e+00
7.020000000000000000e+02,3.769853002737447056e+00
7.030000000000000000e+02,3.893883665249449955e+00
7.040000000000000000e+02,3.774393623126059971e+00
7.050000000000000000e+02,3.653840186098833875e+00
7.060000000000000000e+02,4.173494926295792773e+00
7.070000000000000000e+02,3.928750627407612050e+00
7.080000000000000000e+02,3.475528008171350436e+00
7.090000000000000000e+02,4.149221540096711180e+00
7.100000000000000000e+02,3.938796880137008127e+00
7.110000000000000000e+02,3.516774464829454772e+00
7.120000000000000000e+02,4.008968356984274450e+00
7.130000000000000000e+02,3.972577887481497427e+00
7.140000000000000000e+02,3.850007285421780168e+00
7.150000000000000000e+02,3.873726214071521845e+00
7.160000000000000000e+02,3.803574990840880687e+00
7.170000000000000000e+02,3.662058473164554240e+00
7.180000000000000000e+02,4.029849591765866990e+00
7.190000000000000000e+02,3.947123468711546401e+00
7.200000000000000000e+02,3.732370663706700231e+00
7.210000000000000000e+02,3.899636376815104555e+00
7.220000000000000000e+02,3.721393367942300134e+00
7.230000000000000000e+02,3.669189650308383399e+00
7.240000000000000000e+02,4.140097891500614580e+00
7.250000000000000000e+02,3.538251510412078638e+00
7.260000000000000000e+02,3.716945872263410333e+00
7.270000000000000000e+02,3.798206930408747795e+00
7.280000000000000000e+02,4.043014133240899532e+00
7.290000000000000000e+02,3.789845537045683166e+00
7.300000000000000000e+02,3.915608407090251930e+00
7.310000000000000000e+02,3.631123937116401468e+00
7.320000000000000000e+02,3.436084216732432139e+00
7.330000000000000000e+02,3.624420204983972216e+00
7.340000000000000000e+02,3.646225623744654420e+00
7.350000000000000000e+02,3.521086957700873654e+00
7.360000000000000000e+02,3.692099271507811586e+00
7.370000000000000000e+02,3.507585623092086546e+00
7.380000000000000000e+02,3.533455351344961137e+00
7.390000000000000000e+02,3.823649685682480204e+00
7.400000000000000000e+02,3.924627893024444258e+00
7.410000000000000000e+02,3.712147146922363916e+00
7.420000000000000000e+02,3.822847807815384247e+00
7.430000000000000000e+02,3.563379505560072769e+00
7.440000000000000000e+02,3.984402065288271899e+00
7.450000000000000000e+02,3.990450032962177040e+00
7.460000000000000000e+02,3.818587209424344042e+00
7.470000000000000000e+02,3.770583004015509943e+00
7.480000000000000000e+02,3.784684220192652049e+00
7.490000000000000000e+02,3.627193369834538661e+00
7.500000000000000000e+02,3.747552209060667661e+00
7.510000000000000000e+02,3.769099283808803769e+00
7.520000000000000000e+02,3.581683085962354962e+00
7.530000000000000000e+02,3.892024121600843323e+00
7.540000000000000000e+02,3.638047710342700469e+00
7.550000000000000000e+02,3.965285128854522778e+00
7.560000000000000000e+02,3.989344325330695717e+00
7.570000000000000000e+02,3.759469948446712895e+00
7.580000000000000000e+02,3.959968973370732837e+00
7.590000000000000000e+02,3.638857129238990407e+00
7.600000000000000000e+02,3.494821412987161757e+00
7.610000000000000000e+02,3.994434938090233089e+00
7.620000000000000000e+02,3.876634969331918423e+00
7.630000000000000000e+02,3.747094179567648009e+00
7.640000000000000000e+02,3.903304206723987591e+00
7.650000000000000000e+02,3.637651009208639152e+00
7.660000000000000000e+02,3.799040870129733793e+00
7.670000000000000000e+02,3.932231265040053270e+00
7.680000000000000000e+02,3.845175575637773679e+00
7.690000000000000000e+02,3.394518119360998565e+00
7.700000000000000000e+02,3.792366214305071814e+00
7.710000000000000000e+02,3.951729624159061594e+00
7.720000000000000000e+02,4.086006773426537286e+00
7.730000000000000000e+02,3.952309537512586513e+00
7.740000000000000000e+02,3.656751293956943538e+00
7.750000000000000000e+02,3.776350677373611742e+00
7.760000000000000000e+02,3.640201009550409150e+00
7.770000000000000000e+02,3.442411453370791907e+00
7.780000000000000000e+02,3.790398885709325150e+00
7.790000000000000000e+02,3.926183699416693429e+00
7.800000000000000000e+02,3.506693305950752571e+00
7.810000000000000000e+02,3.864749734084320654e+00
7.820000000000000000e+02,3.798866969272564731e+00
7.830000000000000000e+02,3.782232421911946751e+00
7.840000000000000000e+02,3.588893540510273983e+00
7.850000000000000000e+02,3.571632033553020946e+00
7.860000000000000000e+02,3.765908785819335414e+00
7.870000000000000000e+02,3.727210854276557850e+00
7.880000000000000000e+02,3.596906475261601344e+00
7.890000000000000000e+02,3.583901602944149722e+00
7.900000000000000000e+02,3.684315679656840814e+00
7.910000000000000000e+02,3.647759588049606982e+00
7.920000000000000000e+02,3.827915848836459745e+00
7.930000000000000000e+02,3.634574377134401235e+00
7.940000000000000000e+02,3.478655451864725912e+00
7.950000000000000000e+02,3.904448456104169463e+00
7.960000000000000000e+02,3.990416306922023093e+00
7.970000000000000000e+02,3.716944709560964011e+00
7.980000000000000000e+02,3.756166148739338073e+00
7.990000000000000000e+02,3.701062165523488545e+00
8.000000000000000000e+02,3.725110114713240161e+00
8.010000000000000000e+02,3.867508694484224741e+00
8.020000000000000000e+02,3.803371598046381585e+00
8.030000000000000000e+02,3.826300893011934878e+00
8.040000000000000000e+02,3.863906904573894963e+00
8.050000000000000000e+02,3.880448080423748891e+00
8.060000000000000000e+02,3.659539556672703586e+00
8.070000000000000000e+02,3.917740929458582766e+00
8.080000000000000000e+02,3.687386083532614656e+00
8.090000000000000000e+02,3.688934647383384835e+00
8.100000000000000000e+02,3.971713504985740162e+00
8.110000000000000000e+02,3.772386653762936692e+00
8.120000000000000000e+02,3.581545542170900376e+00
8.130000000000000000e+02,3.509160827086249768e+00
8.140000000000000000e+02,3.433302202007934234e+00
8.150000000000000000e+02,3.650646778935512593e+00
8.160000000000000000e+02,3.843357943855582715e+00
8.170000000000000000e+02,3.967295521108757939e+00
8.180000000000000000e+02,3.802132716071700003e+00
8.190000000000000000e+02,3.886743612222926636e+00
8.200000000000000000e+02,4.088752254633567951e+00
8.210000000000000000e+02,3.873829415118270170e+00
8.220000000000000000e+02,3.673630232432858023e+00
8.230000000000000000e+02,3.735693879439797360e+00
8.240000000000000000e+02,3.872573702486323821e+00
8.250000000000000000e+02,3.425095439325610336e+00
8.260000000000000000e+02,3.746249557998256652e+00
8.270000000000000000e+02,3.622908143037939510e+00
8.280000000000000000e+02,3.823495648686879633e+00
8.290000000000000000e+02,3.888871174682571930e+00
8.300000000000000000e+02,3.552933792236777855e+00
8.310000000000000000e+02,3.660403821741306629e+00
8.320000000000000000e+02,3.737061228002357183e+00
8.330000000000000000e+02,3.737888958366614389e+00
8.340000000000000000e+02,3.645720681108163053e+00
8.350000000000000000e+02,3.785522547198982846e+00
8.360000000000000000e+02,3.945446399372639412e+00
8.370000000000000000e+02,3.646041559321713255e+00
8.380000000000000000e+02,4.116268157214736156e+00
8.390000000000000000e+02,3.487843600630623708e+00
8.400000000000000000e+02,3.689792856496791895e+00
8.410000000000000000e+02,3.818086002602741669e+00
8.420000000000000000e+02,3.671761938874964049e+00
8.430000000000000000e+02,3.800856467572006459e+00
8.440000000000000000e+02,3.455542893860714226e+00
8.450000000000000000e+02,3.906238625119998531e+00
8.460000000000000000e+02,3.628469133777276756e+00
8.470000000000000000e+02,3.669553920360728139e+00
8.480000000000000000e+02,3.911873943400478559e+00
8.490000000000000000e+02,3.662070350927387974e+00
8.500000000000000000e+02,3.876559623808563781e+00
8.510000000000000000e+02,3.821859715653253886e+00
8.520000000000000000e+02,3.873695093422933500e+00
8.530000000000000000e+02,3.737013805203327266e+00
8.540000000000000000e+02,3.617687338101603256e+00
8.550000000000000000e+02,3.803104668171677805e+00
8.560000000000000000e+02,3.398777099472267249e+00
8.570000000000000000e+02,3.461670585120546040e+00
8.580000000000000000e+02,3.378239812356917060e+00
8.590000000000000000e+02,3.786383449285458891e+00
8.600000000000000000e+02,3.871391195497342341e+00
8.610000000000000000e+02,3.468367953743923149e+00
8.620000000000000000e+02,3.793141484881090708e+00
8.630000000000000000e+02,3.998770822859144314e+00
8.640000000000000000e+02,3.604785977576896006e+00
8.650000000000000000e+02,3.938877146002463636e+00
8.660000000000000000e+02,3.745308679907501492e+00
8.670000000000000000e+02,3.787474767231576944e+00
8.680000000000000000e+02,3.622756835225509064e+00
8.690000000000000000e+02,3.370796676852124918e+00
8.700000000000000000e+02,3.819019691229735614e+00
8.710000000000000000e+02,3.923694882473150347e+00
8.720000000000000000e+02,3.732157110160233771e+00
8.730000000000000000e+02,3.727669313224157843e+00
8.740000000000000000e+02,3.985218027041855127e+00
8.750000000000000000e+02,3.969757371642111732e+00
8.760000000000000000e+02,3.350508623203674485e+00
8.770000000000000000e+02,3.750825951129225011e+00
8.780000000000000000e+02,3.468157402575344772e+00
8.790000000000000000e+02,3.893514273823601712e+00
8.800000000000000000e+02,3.827306769623576521e+00
8.810000000000000000e+02,3.610511832638165775e+00
8.820000000000000000e+02,3.466511906926830200e+00
8.830000000000000000e+02,3.593951298820210027e+00
8.840000000000000000e+02,3.902275208655661576e+00
8.850000000000000000e+02,3.820448814536283599e+00
8.860000000000000000e+02,3.711224437392318887e+00
8.870000000000000000e+02,3.862403641741726901e+00
8.880000000000000000e+02,3.983790495815540122e+00
8.890000000000000000e+02,3.598529189904001946e+00
8.900000000000000000e+02,3.819708183887650765e+00
8.910000000000000000e+02,3.845123777661417996e+00
8.920000000000000000e+02,3.791103720338549810e+00
8.930000000000000000e+02,3.567824994859698062e+00
8.940000000000000000e+02,3.999017734983019157e+00
8.950000000000000000e+02,3.872349148952883624e+00
8.960000000000000000e+02,3.755167792011140815e+00
8.970000000000000000e+02,3.770768751018548581e+00
8.980000000000000000e+02,3.546906874483474859e+00
8.990000000000000000e+02,3.541432333645067487e+00
9.000000000000000000e+02,3.778657672670304724e+00
9.010000000000000000e+02,3.677433240760224820e+00
9.020000000000000000e+02,3.978884700986695666e+00
9.030000000000000000e+02,3.902006406280413398e+00
9.040000000000000000e+02,4.027163989388508725e+00
9.050000000000000000e+02,3.628754038203783505e+00
9.060000000000000000e+02,3.885038029019892925e+00
9.070000000000000000e+02,3.575489603532607141e+00
9.080000000000000000e+02,4.066834289651363399e+00
9.090000000000000000e+02,3.720283335363947952e+00
9.100000000000000000e+02,3.953991572928522213e+00
9.110000000000000000e+02,3.981131493722659176e+00
9.120000000000000000e+02,4.025970672459152411e+00
9.130000000000000000e+02,3.401158758107042601e+00
9.140000000000000000e+02,3.612762588003568087e+00
9.150000000000000000e+02,3.904693881970035640e+00
9.160000000000000000e+02,3.603963396294939781e+00
9.170000000000000000e+02,4.043236840280850508e+00
9.180000000000000000e+02,3.713619028051287518e+00
9.190000000000000000e+02,3.728785706616944307e+00
9.200000000000000000e+02,3.785069757576585481e+00
9.210000000000000000e+02,3.695356191044564032e+00
9.220000000000000000e+02,3.640736631619682750e+00
9.230000000000000000e+02,3.694683608074929460e+00
9.240000000000000000e+02,3.704510575242709880e+00
9.250000000000000000e+02,3.801798899737409698e+00
9.260000000000000000e+02,3.649867858282589861e+00
9.270000000000000000e+02,3.610761892418357988e+00
9.280000000000000000e+02,3.750758510593303896e+00
9.290000000000000000e+02,3.769283994370292934e+00
9.300000000000000000e+02,3.670339169666002377e+00
9.310000000000000000e+02,3.707465175028389126e+00
9.320000000000000000e+02,3.701518095369507044e+00
9.330000000000000000e+02,3.974533748982562731e+00
9.340000000000000000e+02,3.643648436620692266e+00
9.350000000000000000e+02,3.784559430417422821e+00
9.360000000000000000e+02,3.689625000759196194e+00
9.370000000000000000e+02,3.795267092969351719e+00
9.380000000000000000e+02,3.621599695579047928e+00
9.390000000000000000e+02,3.598225848847451669e+00
9.400000000000000000e+02,3.792012312048302469e+00
9.410000000000000000e+02,3.851795767478282784e+00
9.420000000000000000e+02,3.964358357834606217e+00
9.430000000000000000e+02,3.722957116356832685e+00
9.440000000000000000e+02,3.785100417745010937e+00
9.450000000000000000e+02,3.667370365048501224e+00
9.460000000000000000e+02,3.847258221740856854e+00
9.470000000000000000e+02,3.628458175593496815e+00
9.480000000000000000e+02,3.602208146098218489e+00
9.490000000000000000e+02,3.990663579224529300e+00
9.500000000000000000e+02,3.723690388070391322e+00
9.510000000000000000e+02,3.597825887563474101e+00
9.520000000000000000e+02,3.480229752254791808e+00
9.530000000000000000e+02,3.756414385225920860e+00
9.540000000000000000e+02,3.680063352281548461e+00
9.550000000000000000e+02,3.918674515740152575e+00
9.560000000000000000e+02,3.643124020342832114e+00
9.570000000000000000e+02,3.521358658344444947e+00
9.580000000000000000e+02,3.538746434849452172e+00
9.590000000000000000e+02,3.949300425429747907e+00
9.600000000000000000e+02,3.752013153473809037e+00
9.610000000000000000e+02,3.713966606481281740e+00
9.620000000000000000e+02,3.758158431261287458e+00
9.630000000000000000e+02,3.922661256281729791e+00
9.640000000000000000e+02,3.858478552930211691e+00
9.650000000000000000e+02,3.839720797509605710e+00
9.660000000000000000e+02,3.468511542895645228e+00
9.670000000000000000e+02,3.665830627013928478e+00
9.680000000000000000e+02,3.748217786546604646e+00
9.690000000000000000e+02,3.755079148093058983e+00
9.700000000000000000e+02,3.678474027559119008e+00
9.710000000000000000e+02,3.702349422446974625e+00
9.720000000000000000e+02,3.677763881626402664e+00
9.730000000000000000e+02,3.592410229684424916e+00
9.740000000000000000e+02,3.913600301790645997e+00
9.750000000000000000e+02,3.794446723100578733e+00
9.760000000000000000e+02,3.749340966090831451e+00
9.770000000000000000e+02,3.698097547794761741e+00
9.780000000000000000e+02,3.678128085817252924e+00
9.790000000000000000e+02,3.686230041908886701e+00
9.800000000000000000e+02,3.719283816089973271e+00
9.810000000000000000e+02,3.753528882926643551e+00
9.820000000000000000e+02,3.582664633282620859e+00
9.830000000000000000e+02,3.601865327836878627e+00
9.840000000000000000e+02,3.799362300583212892e+00
9.850000000000000000e+02,3.666017223082480125e+00
9.860000000000000000e+02,3.749982366270526946e+00
9.870000000000000000e+02,3.838119867675506391e+00
9.880000000000000000e+02,3.691342688815550943e+00
9.890000000000000000e+02,3.729849872901172869e+00
9.900000000000000000e+02,3.748158472138239716e+00
9.910000000000000000e+02,3.505015306606021230e+00
9.920000000000000000e+02,3.867954844545798743e+00
9.930000000000000000e+02,3.633136801317813802e+00
9.940000000000000000e+02,3.790446492951790258e+00
9.950000000000000000e+02,3.585248740299719739e+00
9.960000000000000000e+02,3.872686678970754137e+00
9.970000000000000000e+02,3.506589331567565804e+00
9.980000000000000000e+02,3.792315192261462187e+00
9.990000000000000000e+02,3.742320990882062048e+00
1.000000000000000000e+03,3.534587955699127537e+00
1.001000000000000000e+03,3.980597617337903404e+00
1.002000000000000000e+03,3.653083443790163809e+00
1.003000000000000000e+03,3.794689848320516923e+00
1.004000000000000000e+03,3.726106580411042035e+00
1.005000000000000000e+03,3.950126749129496240e+00
1.006000000000000000e+03,3.657953438368546362e+00
1.007000000000000000e+03,3.732596194087553165e+00
1.008000000000000000e+03,3.708523695298029832e+00
1.009000000000000000e+03,3.919326323653441690e+00
1.010000000000000000e+03,3.561513453359526071e+00
1.011000000000000000e+03,3.959287730930083793e+00
1.012000000000000000e+03,3.378581661388080359e+00
1.013000000000000000e+03,3.723297589835992127e+00
1.014000000000000000e+03,3.490291830256880168e+00
1.015000000000000000e+03,3.847255038891391088e+00
1.016000000000000000e+03,3.560784668158039068e+00
1.017000000000000000e+03,3.733156736172603463e+00
1.018000000000000000e+03,3.786064385925842934e+00
1.019000000000000000e+03,3.536593277998302920e+00
1.020000000000000000e+03,3.752472276123694606e+00
1.021000000000000000e+03,3.799269222452035244e+00
1.022000000000000000e+03,3.901210649491777538e+00
1.023000000000000000e+03,3.632284352995988730e+00
1.024000000000000000e+03,3.627571656937074174e+00
1.025000000000000000e+03,3.610113725421751241e+00
1.026000000000000000e+03,3.554942590164051897e+00
1.027000000000000000e+03,3.636320536415629245e+00
1.028000000000000000e+03,4.027746948010128669e+00
1.029000000000000000e+03,3.683788583079517398e+00
1.030000000000000000e+03,3.727078007555200578e+00
1.031000000000000000e+03,4.088593669550653509e+00
1.032000000000000000e+03,3.626674777609484757e+00
1.033000000000000000e+03,4.060559711053886467e+00
1.034000000000000000e+03,3.532144385105471240e+00
1.035000000000000000e+03,4.039694321742994809e+00
1.036000000000000000e+03,4.050338918741907435e+00
1.037000000000000000e+03,3.471708728035740599e+00
1.038000000000000000e+03,3.770300159214797109e+00
1.039000000000000000e+03,3.526933343486156947e+00
1.040000000000000000e+03,3.745581744835404514e+00
1.041000000000000000e+03,3.961476729903334437e+00
1.042000000000000000e+03,3.602164149140567151e+00
1.043000000000000000e+03,3.606798032904234841e+00
1.044000000000000000e+03,3.871731318442077630e+00
1.045000000000000000e+03,3.545943935706087569e+00
1.046000000000000000e+03,3.813866047766756306e+00
1.047000000000000000e+03,3.426689569727073614e+00
1.048000000000000000e+03,3.953527268959960317e+00
1.049000000000000000e+03,3.815160758001130414e+00
1.050000000000000000e+03,3.780238704658365645e+00
1.051000000000000000e+03,3.739782980903841203e+00
1.052000000000000000e+03,3.592035162953289618e+00
1.053000000000000000e+03,3.774525325926568975e+00
1.054000000000000000e+03,3.571544064573855870e+00
1.055000000000000000e+03,3.581651079559300843e+00
1.056000000000000000e+03,4.123751838949128334e+00
1.057000000000000000e+03,3.819358081346537315e+00
1.058000000000000000e+03,3.899403362621249869e+00
1.059000000000000000e+03,3.858545272017560368e+00
1.060000000000000000e+03,3.495817783619779462e+00
1.061000000000000000e+03,3.733814232417985490e+00
1.062000000000000000e+03,3.409492309724531545e+00
1.063000000000000000e+03,3.550293891162890070e+00
1.064000000000000000e+03,3.711166244199378905e+00
1.065000000000000000e+03,3.754070021093248499e+00
1.066000000000000000e+03,3.819235377076636961e+00
1.067000000000000000e+03,3.692485185348916676e+00
1.068000000000000000e+03,3.599205185612385449e+00
1.069000000000000000e+03,3.699934194909491936e+00
1.070000000000000000e+03,3.349971471075171348e+00
1.071000000000000000e+03,3.680686865840149036e+00
1.072000000000000000e+03,3.686811250161667441e+00
1.073000000000000000e+03,3.589208382602373515e+00
1.074000000000000000e+03,3.720716825349494439e+00
1.075000000000000000e+03,3.654651549124990684e+00
1.076000000000000000e+03,3.693109946283673839e+00
1.077000000000000000e+03,3.758390516889877020e+00
1.078000000000000000e+03,3.480519553536721489e+00
1.079000000000000000e+03,3.513362651034054540e+00
1.080000000000000000e+03,3.812112903953075893e+00
1.081000000000000000e+03,3.355725843772263683e+00
1.082000000000000000e+03,3.624032396679588430e+00
1.083000000000000000e+03,3.812893578362007929e+00
1.084000000000000000e+03,3.409728063575386603e+00
1.085000000000000000e+03,3.783872638209895278e+00
1.086000000000000000e+03,3.764260940414716483e+00
1.087000000000000000e+03,3.612043835458372598e+00
1.088000000000000000e+03,3.731645434881856627e+00
1.089000000000000000e+03,3.570705404324391541e+00
1.090000000000000000e+03,3.757508031668650439e+00
1.091000000000000000e+03,3.635074050018571423e+00
1.092000000000000000e+03,3.518926747065594718e+00
1.093000000000000000e+03,3.510620352685142720e+00
1.094000000000000000e+03,3.745093234598619425e+00
1.095000000000000000e+03,3.556388363837069022e+00
1.096000000000000000e+03,3.830750771729550586e+00
1.097000000000000000e+03,3.663095883539968511e+00
1.098000000000000000e+03,3.737802752423563302e+00
1.099000000000000000e+03,4.034196729269384996e+00
1.100000000000000000e+03,4.225476751109340512e+00
1.101000000000000000e+03,3.229436522449771640e+00
1.102000000000000000e+03,4.051103231014319128e+00
1.103000000000000000e+03,3.729455809434851776e+00
1.104000000000000000e+03,3.974910049310636406e+00
1.105000000000000000e+03,3.571875659868206210e+00
1.106000000000000000e+03,3.634441620983029697e+00
1.107000000000000000e+03,3.641012258359461295e+00
1.108000000000000000e+03,3.823296809380713590e+00
1.109000000000000000e+03,3.650752736613789740e+00
1.110000000000000000e+03,3.758983875552022180e+00
1.111000000000000000e+03,3.888256826913884190e+00
1.112000000000000000e+03,3.956960408169151400e+00
1.113000000000000000e+03,3.840502605011644199e+00
1.114000000000000000e+03,3.720642637611612624e+00
1.115000000000000000e+03,3.792192592102272997e+00
1.116000000000000000e+03,3.854238258900987368e+00
1.117000000000000000e+03,4.065808964128262204e+00
1.118000000000000000e+03,3.925227781026085161e+00
1.119000000000000000e+03,3.719858798491494589e+00
1.120000000000000000e+03,3.526885501977479187e+00
1.121000000000000000e+03,3.810793853496806438e+00
1.122000000000000000e+03,3.736664901515643233e+00
1.123000000000000000e+03,3.897981867718870674e+00
1.124000000000000000e+03,3.947358224234696067e+00
1.125000000000000000e+03,3.905764274397781843e+00
1.126000000000000000e+03,3.645944892104731050e+00
1.127000000000000000e+03,3.622836940038547837e+00
1.128000000000000000e+03,3.690600578545492283e+00
1.129000000000000000e+03,3.983026339001924931e+00
1.130000000000000000e+03,3.997744668628094189e+00
1.131000000000000000e+03,3.624226919229828869e+00
1.132000000000000000e+03,3.723147412143447799e+00
1.133000000000000000e+03,3.617428155271297463e+00
1.134000000000000000e+03,3.819686598671774291e+00
1.135000000000000000e+03,3.613416547836858950e+00
1.136000000000000000e+03,3.726486880236544508e+00
1.137000000000000000e+03,3.657466122239530382e+00
1.138000000000000000e+03,3.735223352494388305e+00
1.139000000000000000e+03,3.940080839546153069e+00
1.140000000000000000e+03,3.746132435525011850e+00
1.141000000000000000e+03,3.666190395351724529e+00
1.142000000000000000e+03,3.612458772931883111e+00
1.143000000000000000e+03,3.648762350769767071e+00
1.144000000000000000e+03,3.830166433596533526e+00
1.145000000000000000e+03,3.884968777062008716e+00
1.146000000000000000e+03,3.883966064149981356e+00
1.147000000000000000e+03,3.904028491556581493e+00
1.148000000000000000e+03,3.989171609589293066e+00
1.149000000000000000e+03,3.479322933204132440e+00
1.150000000000000000e+03,4.064795502914373415e+00
1.151000000000000000e+03,3.406886617440631593e+00
1.152000000000000000e+03,3.369408237237481174e+00
1.153000000000000000e+03,3.787652246766322062e+00
1.154000000000000000e+03,3.780552358581397154e+00
1.155000000000000000e+03,3.685396056666828901e+00
1.156000000000000000e+03,3.684280436876420595e+00
1.157000000000000000e+03,3.718600495622693014e+00
1.158000000000000000e+03,3.601561167740563896e+00
1.159000000000000000e+03,3.936147507735264117e+00
1.160000000000000000e+03,3.764646758854282460e+00
1.161000000000000000e+03,3.919759448033786065e+00
1.162000000000000000e+03,3.995339450648651258e+00
1.163000000000000000e+03,3.820995605266210404e+00
1.164000000000000000e+03,3.802627196824031497e+00
1.165000000000000000e+03,3.689456820001715265e+00
1.166000000000000000e+03,3.709700526515367969e+00
1.167000000000000000e+03,3.893235142729752685e+00
1.168000000000000000e+03,3.630355302531808714e+00
1.169000000000000000e+03,3.858684555271385985e+00
1.170000000000000000e+03,3.776434519772895904e+00
1.171000000000000000e+03,3.647217385323629824e+00
1.172000000000000000e+03,3.640060387224567595e+00
1.173000000000000000e+03,3.744841659669034151e+00
1.174000000000000000e+03,3.819355361133057070e+00
1.175000000000000000e+03,4.366737388304240852e+00
1.176000000000000000e+03,4.020034917678682262e+00
1.177000000000000000e+03,3.940582806092741031e+00
1.178000000000000000e+03,3.902006623994688450e+00
1.179000000000000000e+03,3.377118739546746351e+00
1.180000000000000000e+03,3.732536182827264515e+00
1.181000000000000000e+03,4.019457183112590926e+00
1.182000000000000000e+03,3.529692421232952348e+00
1.183000000000000000e+03,3.841371347088699650e+00
1.184000000000000000e+03,3.560706470096498322e+00
1.185000000000000000e+03,3.988106815436132102e+00
1.186000000000000000e+03,3.963677169549709500e+00
1.187000000000000000e+03,3.823718403511628505e+00
1.188000000000000000e+03,4.079236922068793625e+00
1.189000000000000000e+03,3.805026971497440513e+00
1.190000000000000000e+03,3.809973042180342162e+00
1.191000000000000000e+03,3.603638498957130842e+00
1.192000000000000000e+03,3.630444306993946491e+00
1.193000000000000000e+03,3.639685043804214981e+00
1.194000000000000000e+03,3.729767265044139357e+00
1.195000000000000000e+03,3.888155127171218250e+00
1.196000000000000000e+03,3.537604119203561215e+00
1.197000000000000000e+03,3.881293969891214335e+00
1.198000000000000000e+03,3.892353249433767370e+00
1.199000000000000000e+03,3.796379072175435354e+00
1.200000000000000000e+03,3.865413862670073808e+00
1.201000000000000000e+03,3.695434774126899136e+00
1.202000000000000000e+03,3.749614107007414265e+00
1.203000000000000000e+03,3.756232979912756065e+00
1.204000000000000000e+03,3.884513535453563815e+00
1.205000000000000000e+03,3.825095003096788293e+00
1.206000000000000000e+03,3.501450454336789697e+00
1.207000000000000000e+03,3.716649033198187624e+00
1.208000000000000000e+03,3.894841941839200405e+00
1.209000000000000000e+03,3.535605454870994091e+00
1.210000000000000000e+03,3.652961890585881388e+00
1.211000000000000000e+03,3.632273540069660189e+00
1.212000000000000000e+03,3.915148630750433512e+00
1.213000000000000000e+03,4.065626544239195006e+00
1.214000000000000000e+03,3.747985461691573761e+00
1.215000000000000000e+03,3.797807264739422539e+00
1.216000000000000000e+03,3.700243872447694482e+00
1.217000000000000000e+03,3.727952970949659939e+00
1.218000000000000000e+03,3.934320832613259711e+00
1.219000000000000000e+03,3.770030204517567540e+00
1.220000000000000000e+03,3.835805472136112559e+00
1.221000000000000000e+03,3.938649693299576704e+00
1.222000000000000000e+03,3.897165008453014501e+00
1.223000000000000000e+03,3.629345394224750443e+00
1.224000000000000000e+03,3.917384748288692986e+00
1.225000000000000000e+03,3.661770998274136435e+00
1.226000000000000000e+03,3.600392036192825884e+00
1.227000000000000000e+03,3.659886487769690167e+00
1.228000000000000000e+03,3.372209472213576475e+00
1.229000000000000000e+03,3.528666722146916790e+00
1.230000000000000000e+03,3.505641832698759064e+00
1.231000000000000000e+03,3.575003045111633693e+00
1.232000000000000000e+03,3.746405401919090661e+00
1.233000000000000000e+03,3.672378373850802014e+00
1.234000000000000000e+03,3.667692384040927678e+00
1.235000000000000000e+03,3.539629135196828091e+00
1.236000000000000000e+03,3.544251370351018782e+00
1.237000000000000000e+03,3.637778982141944617e+00
1.238000000000000000e+03,3.572218626240045047e+00
1.239000000000000000e+03,3.761927620409847961e+00
1.240000000000000000e+03,3.644729117153557851e+00
1.241000000000000000e+03,3.753603120147421368e+00
1.242000000000000000e+03,3.519241207665561699e+00
1.243000000000000000e+03,3.787984855109017168e+00
1.244000000000000000e+03,3.565857101549015251e+00
1.245000000000000000e+03,3.701071635244380875e+00
1.246000000000000000e+03,3.777825828720818624e+00
1.247000000000000000e+03,3.688450898356632646e+00
1.248000000000000000e+03,3.568864074100517758e+00
1.249000000000000000e+03,3.542358760595725631e+00
1.250000000000000000e+03,3.782620047283907105e+00
1.251000000000000000e+03,3.873278047399333790e+00
1.252000000000000000e+03,3.566461354953880836e+00
1.253000000000000000e+03,3.656675273317514741e+00
1.254000000000000000e+03,3.857865595688899418e+00
1.255000000000000000e+03,4.166365290093017038e+00
1.256000000000000000e+03,3.719042550761094024e+00
1.257000000000000000e+03,3.794690317977739813e+00
1.258000000000000000e+03,3.716921910634011450e+00
1.259000000000000000e+03,3.558850625332384610e+00
1.260000000000000000e+03,3.883179218417687650e+00
1.261000000000000000e+03,3.826889009868032598e+00
1.262000000000000000e+03,3.739987102968771904e+00
1.263000000000000000e+03,3.661142139686896169e+00
1.264000000000000000e+03,3.820147016162749765e+00
1.265000000000000000e+03,3.718179162011273409e+00
1.266000000000000000e+03,3.558106622169410205e+00
1.267000000000000000e+03,3.954363675593138616e+00
1.268000000000000000e+03,3.477986952695159228e+00
1.269000000000000000e+03,4.045102965469194345e+00
1.270000000000000000e+03,3.667765216305678422e+00
1.271000000000000000e+03,3.529516598523031234e+00
1.272000000000000000e+03,3.720469428926257205e+00
1.273000000000000000e+03,3.396353853286389057e+00
1.274000000000000000e+03,3.522470266537214734e+00
1.275000000000000000e+03,3.928725669458990488e+00
1.276000000000000000e+03,3.944948038751389330e+00
1.277000000000000000e+03,3.597467623042635232e+00
1.278000000000000000e+03,3.666942883151659949e+00
1.279000000000000000e+03,3.399318415593978848e+00
1.280000000000000000e+03,3.809792745831509730e+00
1.281000000000000000e+03,3.897650733952158664e+00
1.282000000000000000e+03,3.711757526990281608e+00
1.283000000000000000e+03,3.716349474477450343e+00
1.284000000000000000e+03,3.871503560622794993e+00
1.285000000000000000e+03,3.898626397906043373e+00
1.286000000000000000e+03,3.741484114038471809e+00
1.287000000000000000e+03,3.685202336616548724e+00
1.288000000000000000e+03,3.656272505324409838e+00
1.289000000000000000e+03,3.503494194060017719e+00
1.290000000000000000e+03,3.563811358784243932e+00
1.291000000000000000e+03,3.493893403957864408e+00
1.292000000000000000e+03,3.769232246926489616e+00
1.293000000000000000e+03,3.519909095182334191e+00
1.294000000000000000e+03,3.740954009659843926e+00
1.295000000000000000e+03,3.616639361866280211e+00
1.296000000000000000e+03,3.681910616815418980e+00
1.297000000000000000e+03,3.385560286995494828e+00
1.298000000000000000e+03,4.053426524450571833e+00
1.299000000000000000e+03,3.698974159247047311e+00
1.300000000000000000e+03,3.835196729762692769e+00
1.301000000000000000e+03,3.800013572963262920e+00
1.302000000000000000e+03,3.739449167343174452e+00
1.303000000000000000e+03,3.859374892225366782e+00
1.304000000000000000e+03,3.705019449901415740e+00
1.305000000000000000e+03,3.677705601405608427e+00
1.306000000000000000e+03,3.771717827923584565e+00
1.307000000000000000e+03,3.790124192185409857e+00
1.308000000000000000e+03,3.851790376952784367e+00
1.309000000000000000e+03,3.752451171042674449e+00
1.310000000000000000e+03,3.743179906682182700e+00
1.311000000000000000e+03,3.685063296467295135e+00
1.312000000000000000e+03,3.404272088963887999e+00
1.313000000000000000e+03,3.452160164711786994e+00
1.314000000000000000e+03,4.021634617672869894e+00
1.315000000000000000e+03,3.982643959784525123e+00
1.316000000000000000e+03,3.798116192980070860e+00
1.317000000000000000e+03,3.866770156672219461e+00
1.318000000000000000e+03,3.634964534495463973e+00
1.319000000000000000e+03,3.788280684527443043e+00
1.320000000000000000e+03,3.568546867500032693e+00
1.321000000000000000e+03,3.938270882779320026e+00
1.322000000000000000e+03,3.690031895916596305e+00
1.323000000000000000e+03,4.056565638432513055e+00
1.324000000000000000e+03,3.644940665951624581e+00
1.325000000000000000e+03,3.621730457156778549e+00
1.326000000000000000e+03,3.900540353741122956e+00
1.327000000000000000e+03,3.610948644549043074e+00
1.328000000000000000e+03,3.776210024813756672e+00
1.329000000000000000e+03,3.610554820615871741e+00
1.330000000000000000e+03,3.730307318607834155e+00
1.331000000000000000e+03,3.566012536605847494e+00
1.332000000000000000e+03,3.844938811428699754e+00
1.333000000000000000e+03,3.641303651620749537e+00
1.334000000000000000e+03,3.855161689001898484e+00
1.335000000000000000e+03,3.661364117780821825e+00
1.336000000000000000e+03,3.662086076578068283e+00
1.337000000000000000e+03,3.987066501920332406e+00
1.338000000000000000e+03,4.007823453115341827e+00
1.339000000000000000e+03,3.625894788803055935e+00
1.340000000000000000e+03,3.698994582140187504e+00
1.341000000000000000e+03,3.789289141036152220e+00
1.342000000000000000e+03,3.827584853050272073e+00
1.343000000000000000e+03,3.780781816990843147e+00
1.344000000000000000e+03,3.963618386768406499e+00
1.345000000000000000e+03,3.537298875437357104e+00
1.346000000000000000e+03,3.452957254583734592e+00
1.347000000000000000e+03,3.989444020850327011e+00
1.348000000000000000e+03,3.607050146373226518e+00
1.349000000000000000e+03,3.819417845175604231e+00
1.350000000000000000e+03,3.608343031640714571e+00
1.351000000000000000e+03,3.670379791087108323e+00
1.352000000000000000e+03,4.063227842137748347e+00
1.353000000000000000e+03,3.546276374317593127e+00
1.354000000000000000e+03,3.476586227960236641e+00
1.355000000000000000e+03,3.879556176344077567e+00
1.356000000000000000e+03,3.822611393642373567e+00
1.357000000000000000e+03,3.823060429093305679e+00
1.358000000000000000e+03,3.804646568801572482e+00
1.359000000000000000e+03,3.534965323699384321e+00
1.360000000000000000e+03,3.574886667300138487e+00
1.361000000000000000e+03,3.562674423289540648e+00
1.362000000000000000e+03,3.996214167432266429e+00
1.363000000000000000e+03,3.796410577209206938e+00
1.364000000000000000e+03,3.780601410196576140e+00
1.365000000000000000e+03,3.824998962095071064e+00
1.366000000000000000e+03,3.795121436118554126e+00
1.367000000000000000e+03,3.798662301361657168e+00
1.368000000000000000e+03,3.549718910671835648e+00
1.369000000000000000e+03,3.923103787025749689e+00
1.370000000000000000e+03,3.955195454544517375e+00
1.371000000000000000e+03,3.695260271274119823e+00
1.372000000000000000e+03,3.686626905798528142e+00
1.373000000000000000e+03,3.794097597472196437e+00
1.374000000000000000e+03,3.644212912498414170e+00
1.375000000000000000e+03,4.048493061354956346e+00
1.376000000000000000e+03,3.574268390924729921e+00
1.377000000000000000e+03,3.714045636949864004e+00
1.378000000000000000e+03,3.634712654890297934e+00
1.379000000000000000e+03,3.749302788079971638e+00
1.380000000000000000e+03,3.590941095007422312e+00
1.381000000000000000e+03,3.732350778347643061e+00
1.382000000000000000e+03,3.775526332395920726e+00
1.383000000000000000e+03,3.717897634338946045e+00
1.384000000000000000e+03,3.458600872718122332e+00
1.385000000000000000e+03,3.697046158987424835e+00
1.386000000000000000e+03,3.490908414446252550e+00
1.387000000000000000e+03,3.943082774771214716e+00
1.388000000000000000e+03,3.761535246816445355e+00
1.389000000000000000e+03,3.905093967437621494e+00
1.390000000000000000e+03,3.724042580483168052e+00
1.391000000000000000e+03,3.851814061217594620e+00
1.392000000000000000e+03,3.809259412858919447e+00
1.393000000000000000e+03,3.830641310624058882e+00
1.394000000000000000e+03,3.918038917984506320e+00
1.395000000000000000e+03,4.071381085436163616e+00
1.396000000000000000e+03,3.884014566815858327e+00
1.397000000000000000e+03,3.664804546903219773e+00
1.398000000000000000e+03,3.547109273706797961e+00
1.399000000000000000e+03,3.508115930935500781e+00
1.400000000000000000e+03,3.469328318772881392e+00
1.401000000000000000e+03,3.822592547874836821e+00
1.402000000000000000e+03,3.627956461839708879e+00
1.403000000000000000e+03,3.830957766039464918e+00
1.404000000000000000e+03,4.087246595997584997e+00
1.405000000000000000e+03,3.564437492759161330e+00
1.406000000000000000e+03,4.123939194066650771e+00
1.407000000000000000e+03,3.777727118502459458e+00
1.408000000000000000e+03,3.735716386927891985e+00
1.409000000000000000e+03,3.820504311760429150e+00
1.410000000000000000e+03,3.665555536088319855e+00
1.411000000000000000e+03,3.651123364316442910e+00
1.412000000000000000e+03,3.643437065605476199e+00
1.413000000000000000e+03,3.662441364433223434e+00
1.414000000000000000e+03,3.544342352239369109e+00
1.415000000000000000e+03,3.886588323473659567e+00
1.416000000000000000e+03,3.637152857938182215e+00
1.417000000000000000e+03,3.626781854267266958e+00
1.418000000000000000e+03,3.970356645590801925e+00
1.419000000000000000e+03,3.576811500339430072e+00
1.420000000000000000e+03,3.678248281127090458e+00
1.421000000000000000e+03,3.407774111842719833e+00
1.422000000000000000e+03,4.128131373943896953e+00
1.423000000000000000e+03,3.704065969000765346e+00
1.424000000000000000e+03,3.919980289631324499e+00
1.425000000000000000e+03,4.031526722303951260e+00
1.426000000000000000e+03,3.748663561078352302e+00
1.427000000000000000e+03,3.436039639748941887e+00
1.428000000000000000e+03,4.212442076520158452e+00
1.429000000000000000e+03,3.479300911974056554e+00
1.430000000000000000e+03,3.807268077249347460e+00
1.431000000000000000e+03,3.727104764365050560e+00
1.432000000000000000e+03,3.605484929628008040e+00
1.433000000000000000e+03,3.922970730668366990e+00
1.434000000000000000e+03,3.614894471078872407e+00
1.435000000000000000e+03,3.688670458565302734e+00
1.436000000000000000e+03,3.551777872614404696e+00
1.437000000000000000e+03,3.827961714455133890e+00
1.438000000000000000e+03,3.937483340165861101e+00
1.439000000000000000e+03,3.656574312391585924e+00
1.440000000000000000e+03,3.964854000478375440e+00
1.441000000000000000e+03,3.467480331028956808e+00
1.442000000000000000e+03,3.844708725884033118e+00
1.443000000000000000e+03,3.855540195463099451e+00
1.444000000000000000e+03,3.971846781815439265e+00
1.445000000000000000e+03,3.911197654058549578e+00
1.446000000000000000e+03,4.228906202083793531e+00
1.447000000000000000e+03,3.928473001853057589e+00
1.448000000000000000e+03,3.788164522419549929e+00
1.449000000000000000e+03,3.664391737750556377e+00
1.450000000000000000e+03,3.980935636420446233e+00
1.451000000000000000e+03,3.693223669976196444e+00
1.452000000000000000e+03,3.634446637330319252e+00
1.453000000000000000e+03,3.866785573411435362e+00
1.454000000000000000e+03,3.923571048756807844e+00
1.455000000000000000e+03,3.813498458242957412e+00
1.456000000000000000e+03,3.756904615653166246e+00
1.457000000000000000e+03,3.571013246846863609e+00
1.458000000000000000e+03,3.812458464937852121e+00
1.459000000000000000e+03,3.849095431866363271e+00
1.460000000000000000e+03,3.444163823672474312e+00
1.461000000000000000e+03,3.569243495233394903e+00
1.462000000000000000e+03,3.946059452227558051e+00
1.463000000000000000e+03,3.959250674146400861e+00
1.464000000000000000e+03,3.988409379376085973e+00
1.465000000000000000e+03,3.523042231013274961e+00
1.466000000000000000e+03,3.755554253147002974e+00
1.467000000000000000e+03,3.730514575868008276e+00
1.468000000000000000e+03,4.058774004545449898e+00
1.469000000000000000e+03,3.731089325216990105e+00
1.470000000000000000e+03,3.820960561504690656e+00
1.471000000000000000e+03,3.798010140897319697e+00
1.472000000000000000e+03,3.673279936958464997e+00
1.473000000000000000e+03,3.647174273289813584e+00
1.474000000000000000e+03,4.013522681147199123e+00
1.475000000000000000e+03,3.558642946294675813e+00
1.476000000000000000e+03,4.086735339293205094e+00
1.477000000000000000e+03,4.044026062369045604e+00
1.478000000000000000e+03,3.495657172828050108e+00
1.479000000000000000e+03,4.054750401338999666e+00
1.480000000000000000e+03,4.095630253194645576e+00
1.481000000000000000e+03,3.710613075123810667e+00
1.482000000000000000e+03,3.628497339290846835e+00
1.483000000000000000e+03,3.876851869891977387e+00
1.484000000000000000e+03,3.665102242513573749e+00
1.485000000000000000e+03,3.927847461484360370e+00
1.486000000000000000e+03,3.598066409864766335e+00
1.487000000000000000e+03,3.649176888112799499e+00
1.488000000000000000e+03,3.710137427275793875e+00
1.489000000000000000e+03,3.641388074942946584e+00
1.490000000000000000e+03,3.809742934414513282e+00
1.491000000000000000e+03,3.868804982651099511e+00
1.492000000000000000e+03,3.525709277964492738e+00
1.493000000000000000e+03,3.846441766598402978e+00
1.494000000000000000e+03,3.971911253922371543e+00
1.495000000000000000e+03,3.742104762887568548e+00
1.496000000000000000e+03,3.295411761238001169e+00
1.497000000000000000e+03,3.945593285294345165e+00
1.498000000000000000e+03,3.487832330475156173e+00
1.499000000000000000e+03,3.564474284671411919e+00
1.500000000000000000e+03,3.790147002651363284e+00
1.501000000000000000e+03,3.828396521887401427e+00
1.502000000000000000e+03,3.529692934903629897e+00
1.503000000000000000e+03,3.736273605049952540e+00
1.504000000000000000e+03,3.748080281538705982e+00
1.505000000000000000e+03,3.811996104141394781e+00
1.506000000000000000e+03,3.999558759915554429e+00
1.507000000000000000e+03,3.602573367639680058e+00
1.508000000000000000e+03,3.566795285301591178e+00
1.509000000000000000e+03,3.803701680837417332e+00
1.510000000000000000e+03,3.520916930361516872e+00
1.511000000000000000e+03,3.672535826541773574e+00
1.512000000000000000e+03,3.594421565924023287e+00
1.513000000000000000e+03,3.791950001355215871e+00
1.514000000000000000e+03,3.700087173909329508e+00
1.515000000000000000e+03,4.042105727888845479e+00
1.516000000000000000e+03,3.596821342307868541e+00
1.517000000000000000e+03,3.326897686994244374e+00
1.518000000000000000e+03,4.046758446595681846e+00
1.519000000000000000e+03,3.520206926451336482e+00
1.520000000000000000e+03,3.815292684433325920e+00
1.521000000000000000e+03,3.436545422363519897e+00
1.522000000000000000e+03,3.621117907663288005e+00
1.523000000000000000e+03,3.648143149449994294e+00
1.524000000000000000e+03,3.757334263274672015e+00
1.525000000000000000e+03,3.937208063008653003e+00
1.526000000000000000e+03,3.576862799738079080e+00
1.527000000000000000e+03,3.468686609780736951e+00
1.528000000000000000e+03,3.382028081915024131e+00
1.529000000000000000e+03,3.685534932621664872e+00
1.530000000000000000e+03,3.762466280656479256e+00
1.531000000000000000e+03,3.918649115269148719e+00
1.532000000000000000e+03,3.780234358268126815e+00
1.533000000000000000e+03,3.700220805077840236e+00
1.534000000000000000e+03,3.970429102081846295e+00
1.535000000000000000e+03,3.782263164140952316e+00
1.536000000000000000e+03,4.023965951595775969e+00
1.537000000000000000e+03,3.709962915073865553e+00
1.538000000000000000e+03,3.756261484044108645e+00
1.539000000000000000e+03,3.864827232891655751e+00
1.540000000000000000e+03,3.791735081791164141e+00
1.541000000000000000e+03,3.738691168918805818e+00
1.542000000000000000e+03,3.923451996883964288e+00
1.543000000000000000e+03,3.525714303130035976e+00
1.544000000000000000e+03,3.919700501929054948e+00
1.545000000000000000e+03,3.597982565282851652e+00
1.546000000000000000e+03,3.533872917628432919e+00
1.547000000000000000e+03,3.968494809212774310e+00
1.548000000000000000e+03,4.040396116704672025e+00
1.549000000000000000e+03,3.804073065547291854e+00
1.550000000000000000e+03,3.891169046778477636e+00
1.551000000000000000e+03,3.854651228558395815e+00
1.552000000000000000e+03,3.644006080340977061e+00
1.553000000000000000e+03,3.701237196866081547e+00
1.554000000000000000e+03,3.619562024327981131e+00
1.555000000000000000e+03,3.866809983726356315e+00
1.556000000000000000e+03,3.761964719609404373e+00
1.557000000000000000e+03,3.614976097651688924e+00
1.558000000000000000e+03,3.987645107461506466e+00
1.559000000000000000e+03,3.774532296060014502e+00
1.560000000000000000e+03,3.722296298110288948e+00
1.561000000000000000e+03,4.225385427750373957e+00
1.562000000000000000e+03,3.888719509712818212e+00
1.563000000000000000e+03,4.095025739591527270e+00
1.564000000000000000e+03,3.713554220420134833e+00
1.565000000000000000e+03,3.998174202212582795e+00
1.566000000000000000e+03,4.085150250570407593e+00
1.567000000000000000e+03,3.498119249153447186e+00
1.568000000000000000e+03,3.309136210683388146e+00
1.569000000000000000e+03,3.787346875424602910e+00
1.570000000000000000e+03,3.683635879744885600e+00
1.571000000000000000e+03,3.970092001135296922e+00
1.572000000000000000e+03,3.726093972048180269e+00
1.573000000000000000e+03,3.837109443423511124e+00
1.574000000000000000e+03,3.686747888368696824e+00
1.575000000000000000e+03,3.964542508855920300e+00
1.576000000000000000e+03,3.678028573097174458e+00
1.577000000000000000e+03,3.569901144143579064e+00
1.578000000000000000e+03,3.882311097612665574e+00
1.579000000000000000e+03,4.016425347161578507e+00
1.580000000000000000e+03,3.677568528128507097e+00
1.581000000000000000e+03,3.972044842406514675e+00
1.582000000000000000e+03,3.940601396070692708e+00
1.583000000000000000e+03,3.701642902954580538e+00
1.584000000000000000e+03,4.128008225640224182e+00
1.585000000000000000e+03,3.654981051831001526e+00
1.586000000000000000e+03,4.045133051210365593e+00
1.587000000000000000e+03,3.805088993973293476e+00
1.588000000000000000e+03,3.711397524190600095e+00
1.589000000000000000e+03,3.491681230022678495e+00
1.590000000000000000e+03,3.667707584877978100e+00
1.591000000000000000e+03,4.120693084435083087e+00
1.592000000000000000e+03,3.491298598329996672e+00
1.593000000000000000e+03,3.813531166838352693e+00
1.594000000000000000e+03,3.877649942913204750e+00
1.595000000000000000e+03,3.850126798512294446e+00
1.596000000000000000e+03,3.710786910201890443e+00
1.597000000000000000e+03,3.930993263321806097e+00
1.598000000000000000e+03,3.693600103537430623e+00
1.599000000000000000e+03,3.547007653014843775e+00
1.600000000000000000e+03,3.975152116699264049e+00
1.601000000000000000e+03,3.689964822640598996e+00
1.602000000000000000e+03,4.007601509310463328e+00
1.603000000000000000e+03,4.029135096574070651e+00
1.604000000000000000e+03,3.817520043881921232e+00
1.605000000000000000e+03,3.582132331832711181e+00
1.606000000000000000e+03,3.740035927610557920e+00
1.607000000000000000e+03,3.748781976923401427e+00
1.608000000000000000e+03,3.513154569010442874e+00
1.609000000000000000e+03,3.768052983659930799e+00
1.610000000000000000e+03,3.650112697398512296e+00
1.611000000000000000e+03,3.712865744886717945e+00
1.612000000000000000e+03,3.841354179006039260e+00
1.613000000000000000e+03,3.802477840073590354e+00
1.614000000000000000e+03,3.944943390385897697e+00
1.615000000000000000e+03,3.934172372809004337e+00
1.616000000000000000e+03,3.915968759763474250e+00
1.617000000000000000e+03,3.828268190487380984e+00
1.618000000000000000e+03,4.057775871794204292e+00
1.619000000000000000e+03,3.783861469235894948e+00
1.620000000000000000e+03,3.807727885890291653e+00
1.621000000000000000e+03,3.870459074066039840e+00
1.622000000000000000e+03,3.697186661908694383e+00
1.623000000000000000e+03,3.778873479498343180e+00
1.624000000000000000e+03,3.981329965852506536e+00
1.625000000000000000e+03,3.704425275838050258e+00
1.626000000000000000e+03,3.863922136763648929e+00
1.627000000000000000e+03,3.890387579437095233e+00
1.628000000000000000e+03,3.519688371889269085e+00
1.629000000000000000e+03,3.724694587811852475e+00
1.630000000000000000e+03,3.557067356047158846e+00
1.631000000000000000e+03,3.843222322795107448e+00
1.632000000000000000e+03,3.698162369688087203e+00
1.633000000000000000e+03,3.844217055080435763e+00
1.634000000000000000e+03,3.400727590994231608e+00
1.635000000000000000e+03,3.929399933205315332e+00
1.636000000000000000e+03,3.404751606343588755e+00
1.637000000000000000e+03,3.758977881739999916e+00
1.638000000000000000e+03,3.767955650181388449e+00
1.639000000000000000e+03,3.954215880094065660e+00
1.640000000000000000e+03,3.630682669294765130e+00
1.641000000000000000e+03,3.858620943655400648e+00
1.642000000000000000e+03,3.966095815916989675e+00
1.643000000000000000e+03,3.701238106886036050e+00
1.644000000000000000e+03,3.297209863786081829e+00
1.645000000000000000e+03,3.677839516123258878e+00
1.646000000000000000e+03,3.826362343953656264e+00
1.647000000000000000e+03,3.518157119993548410e+00
1.648000000000000000e+03,3.987430268616144247e+00
1.649000000000000000e+03,3.598230190040119236e+00
1.650000000000000000e+03,3.779272418208305950e+00
1.651000000000000000e+03,3.834642074561008140e+00
1.652000000000000000e+03,3.971004286863291100e+00
1.653000000000000000e+03,3.544702562930365008e+00
1.654000000000000000e+03,3.661647050857322672e+00
1.655000000000000000e+03,3.705419700378789649e+00
1.656000000000000000e+03,3.510492298598516747e+00
1.657000000000000000e+03,4.087156260751633852e+00
1.658000000000000000e+03,3.627904865675384727e+00
1.659000000000000000e+03,3.853263371795097036e+00
1.660000000000000000e+03,3.915136865086880302e+00
1.661000000000000000e+03,3.567974393493079432e+00
1.662000000000000000e+03,3.932374931410500096e+00
1.663000000000000000e+03,3.848109101141139465e+00
1.664000000000000000e+03,3.851822824018864555e+00
1.665000000000000000e+03,3.718312904548292774e+00
1.666000000000000000e+03,3.601307894746782257e+00
1.667000000000000000e+03,3.525900026995661740e+00
1.668000000000000000e+03,3.856757228615361743e+00
1.669000000000000000e+03,3.712698640787034599e+00
1.670000000000000000e+03,3.553469228662204937e+00
1.671000000000000000e+03,3.901279423262951518e+00
1.672000000000000000e+03,3.922618718685383588e+00
1.673000000000000000e+03,3.595165131009910642e+00
1.674000000000000000e+03,3.702886316594267146e+00
1.675000000000000000e+03,3.582597425781294476e+00
1.676000000000000000e+03,3.682872113506277412e+00
1.677000000000000000e+03,3.877871473847705364e+00
1.678000000000000000e+03,3.895915530233063695e+00
1.679000000000000000e+03,3.820995343139991007e+00
1.680000000000000000e+03,4.069149176936528001e+00
1.681000000000000000e+03,3.734866988328163551e+00
1.682000000000000000e+03,3.766118622057165854e+00
1.683000000000000000e+03,3.878913465803754068e+00
1.684000000000000000e+03,3.758863677701485884e+00
1.685000000000000000e+03,3.782152294484027344e+00
1.686000000000000000e+03,3.731574340123351874e+00
1.687000000000000000e+03,3.641817332377617067e+00
1.688000000000000000e+03,3.624814360458632923e+00
1.689000000000000000e+03,3.335303150354509860e+00
1.690000000000000000e+03,3.823081407042705049e+00
1.691000000000000000e+03,3.584688132463956123e+00
1.692000000000000000e+03,3.971410561357727964e+00
1.693000000000000000e+03,3.905982156722267451e+00
1.694000000000000000e+03,3.773080876912565884e+00
1.695000000000000000e+03,4.068371583804573532e+00
1.696000000000000000e+03,3.827815871775535950e+00
1.697000000000000000e+03,3.522399153630830781e+00
1.698000000000000000e+03,3.794736101478004109e+00
1.699000000000000000e+03,3.721692002135864374e+00
1.700000000000000000e+03,3.876412537647563106e+00
1.701000000000000000e+03,3.650483606869095343e+00
1.702000000000000000e+03,3.523743155480650646e+00
1.703000000000000000e+03,3.727774295604247001e+00
1.704000000000000000e+03,3.873222861437793707e+00
1.705000000000000000e+03,3.743874440137863857e+00
1.706000000000000000e+03,3.754746659191643410e+00
1.707000000000000000e+03,3.761364149437123938e+00
1.708000000000000000e+03,3.946215022303909414e+00
1.709000000000000000e+03,3.808524076804296943e+00
1.710000000000000000e+03,3.652310599022888127e+00
1.711000000000000000e+03,3.415800835400412350e+00
1.712000000000000000e+03,4.105593676828785732e+00
1.713000000000000000e+03,3.885815661213996908e+00
1.714000000000000000e+03,3.542875733756482237e+00
1.715000000000000000e+03,4.036727907541246552e+00
1.716000000000000000e+03,3.745224699848947125e+00
1.717000000000000000e+03,4.071237790984938876e+00
1.718000000000000000e+03,3.428139629485894346e+00
1.719000000000000000e+03,3.542453111930331300e+00
1.720000000000000000e+03,3.796910049603165582e+00
1.721000000000000000e+03,4.053868977343413782e+00
1.722000000000000000e+03,3.682461828024825579e+00
1.723000000000000000e+03,3.695246707985714973e+00
1.724000000000000000e+03,3.623053324513796802e+00
1.725000000000000000e+03,3.996660502793517811e+00
1.726000000000000000e+03,3.667350682899875203e+00
1.727000000000000000e+03,3.775625596266614536e+00
1.728000000000000000e+03,3.557114228768000874e+00
1.729000000000000000e+03,3.880490654147749741e+00
1.730000000000000000e+03,3.686134163547610587e+00
1.731000000000000000e+03,3.324112433155603341e+00
1.732000000000000000e+03,3.846367492456258308e+00
1.733000000000000000e+03,3.788737051623972008e+00
1.734000000000000000e+03,3.950493560829385853e+00
1.735000000000000000e+03,3.688662030174219009e+00
1.736000000000000000e+03,3.748358162122985782e+00
1.737000000000000000e+03,3.775384829555851418e+00
1.738000000000000000e+03,3.572295451278275191e+00
1.739000000000000000e+03,4.012540945048267638e+00
1.740000000000000000e+03,3.723799866294017935e+00
1.741000000000000000e+03,4.005094500651326328e+00
1.742000000000000000e+03,3.912814461683652212e+00
1.743000000000000000e+03,3.540036327427622531e+00
1.744000000000000000e+03,3.482145415328156357e+00
1.745000000000000000e+03,3.889386639213701979e+00
1.746000000000000000e+03,3.566108606054743557e+00
1.747000000000000000e+03,3.827430002420078470e+00
1.748000000000000000e+03,3.717509532234776870e+00
1.749000000000000000e+03,3.898098046317354015e+00
1.750000000000000000e+03,3.324301422277482487e+00
1.751000000000000000e+03,3.802513404965456534e+00
1.752000000000000000e+03,3.877850958400956394e+00
1.753000000000000000e+03,3.553002878157700994e+00
1.754000000000000000e+03,3.706845245390587795e+00
1.755000000000000000e+03,3.428643368444841411e+00
1.756000000000000000e+03,3.923980758018508652e+00
1.757000000000000000e+03,3.796291815627964805e+00
1.758000000000000000e+03,3.658350642180102863e+00
1.759000000000000000e+03,3.906751382786501026e+00
1.760000000000000000e+03,3.674682051871852373e+00
1.761000000000000000e+03,4.025065409547043060e+00
1.762000000000000000e+03,3.648074952007616556e+00
1.763000000000000000e+03,3.635433556395928800e+00
1.764000000000000000e+03,3.454922510408396708e+00
1.765000000000000000e+03,3.833532752371320296e+00
1.766000000000000000e+03,3.791512603561091321e+00
1.767000000000000000e+03,3.708603585440845229e+00
1.768000000000000000e+03,3.575044630823029923e+00
1.769000000000000000e+03,3.690661127945361830e+00
1.770000000000000000e+03,3.645568802751349313e+00
1.771000000000000000e+03,3.364777527986054562e+00
1.772000000000000000e+03,3.761220854212207865e+00
1.773000000000000000e+03,3.534093773788302695e+00
1.774000000000000000e+03,3.892093696033097405e+00
1.775000000000000000e+03,3.549413222750624097e+00
1.776000000000000000e+03,3.689779933442535409e+00
1.777000000000000000e+03,3.971440604532311180e+00
1.778000000000000000e+03,3.828521453042740941e+00
1.779000000000000000e+03,3.672312036144982805e+00
1.780000000000000000e+03,3.752108488883393100e+00
1.781000000000000000e+03,3.591169673497091264e+00
1.782000000000000000e+03,3.685188472261706760e+00
1.783000000000000000e+03,3.848030656575846642e+00
1.784000000000000000e+03,3.794733433857254479e+00
1.785000000000000000e+03,3.647660841061647563e+00
1.786000000000000000e+03,3.568540533287469785e+00
1.787000000000000000e+03,3.304060470393796578e+00
1.788000000000000000e+03,3.747638988942858074e+00
1.789000000000000000e+03,3.446208428133796353e+00
1.790000000000000000e+03,4.010064828524043890e+00
1.791000000000000000e+03,3.980017159989957420e+00
1.792000000000000000e+03,3.855416345292870250e+00
1.793000000000000000e+03,3.761792114259926656e+00
1.794000000000000000e+03,3.408805600156340709e+00
1.795000000000000000e+03,3.509678010708596751e+00
1.796000000000000000e+03,3.533012882369991114e+00
1.797000000000000000e+03,4.082982579035870252e+00
1.798000000000000000e+03,3.856573317011581459e+00
1.799000000000000000e+03,3.910640316036841035e+00
1.800000000000000000e+03,3.616872750127427594e+00
1.801000000000000000e+03,3.669973834928705436e+00
1.802000000000000000e+03,3.753383587257145493e+00
1.803000000000000000e+03,3.750468755694040368e+00
1.804000000000000000e+03,3.660835073066929901e+00
1.805000000000000000e+03,3.382651059455288323e+00
1.806000000000000000e+03,3.869968200920934187e+00
1.807000000000000000e+03,3.760199288887112079e+00
1.808000000000000000e+03,4.046290061617800582e+00
1.809000000000000000e+03,3.376616562743238070e+00
1.810000000000000000e+03,3.838103794576424921e+00
1.811000000000000000e+03,3.722460868760518515e+00
1.812000000000000000e+03,3.847578442636466978e+00
1.813000000000000000e+03,3.969738541470416937e+00
1.814000000000000000e+03,3.507179084895321264e+00
1.815000000000000000e+03,3.930337681932483118e+00
1.816000000000000000e+03,3.894133894994270761e+00
1.817000000000000000e+03,3.768298317250219576e+00
1.818000000000000000e+03,3.821595403901402843e+00
1.819000000000000000e+03,3.739285423962157129e+00
1.820000000000000000e+03,3.750586085387786817e+00
1.821000000000000000e+03,3.867361200637612129e+00
1.822000000000000000e+03,3.577610952706783642e+00
1.823000000000000000e+03,3.927783864466271702e+00
1.824000000000000000e+03,3.562449593926717117e+00
1.825000000000000000e+03,3.677621983909503900e+00
1.826000000000000000e+03,3.433991323711955701e+00
1.827000000000000000e+03,3.704740800860957695e+00
1.828000000000000000e+03,3.536724857595212601e+00
1.829000000000000000e+03,3.842069948918943822e+00
1.830000000000000000e+03,3.888783027804537884e+00
1.831000000000000000e+03,3.515315365042887219e+00
1.832000000000000000e+03,3.578011195723801663e+00
1.833000000000000000e+03,3.823816143029386438e+00
1.834000000000000000e+03,3.634831599241329592e+00
1.835000000000000000e+03,3.534294354051563225e+00
1.836000000000000000e+03,3.806814616339603496e+00
1.837000000000000000e+03,4.176455872252158308e+00
1.838000000000000000e+03,3.455345223246981678e+00
1.839000000000000000e+03,3.631355154441338495e+00
1.840000000000000000e+03,3.396600437795284311e+00
1.841000000000000000e+03,3.452581388543897400e+00
1.842000000000000000e+03,3.659350320048262439e+00
1.843000000000000000e+03,3.632416453625821884e+00
1.844000000000000000e+03,3.775551564907872137e+00
1.845000000000000000e+03,4.039735944351127372e+00
1.846000000000000000e+03,3.470631785485005949e+00
1.847000000000000000e+03,3.705223917655458887e+00
1.848000000000000000e+03,3.700454199727380100e+00
1.849000000000000000e+03,3.803494450646370595e+00
1.850000000000000000e+03,3.531117132012567605e+00
1.851000000000000000e+03,3.671299267209065409e+00
1.852000000000000000e+03,3.679255453479518323e+00
1.853000000000000000e+03,3.707858904738257966e+00
1.854000000000000000e+03,3.851249075239809638e+00
1.855000000000000000e+03,3.437320115547553900e+00
1.856000000000000000e+03,3.794584429707785755e+00
1.857000000000000000e+03,4.017523423630017909e+00
1.858000000000000000e+03,4.041022627172435655e+00
1.859000000000000000e+03,3.775161057480918014e+00
1.860000000000000000e+03,3.820592243466385707e+00
1.861000000000000000e+03,3.680400152720235685e+00
1.862000000000000000e+03,3.586755956611439977e+00
1.863000000000000000e+03,3.701706898638164489e+00
1.864000000000000000e+03,3.527108419405399875e+00
1.865000000000000000e+03,3.604065758333976355e+00
1.866000000000000000e+03,3.639420994903537210e+00
1.867000000000000000e+03,3.744979829564723861e+00
1.868000000000000000e+03,3.838184552669828609e+00
1.869000000000000000e+03,3.836978453026939295e+00
1.870000000000000000e+03,3.721038046726819370e+00
1.871000000000000000e+03,3.636400674348457152e+00
1.872000000000000000e+03,3.700715391788362840e+00
1.873000000000000000e+03,3.735981239981998936e+00
1.874000000000000000e+03,3.880515478112790628e+00
1.875000000000000000e+03,3.807393408217658148e+00
1.876000000000000000e+03,3.920825092765481301e+00
1.877000000000000000e+03,4.099359178283184413e+00
1.878000000000000000e+03,3.505276983786663081e+00
1.879000000000000000e+03,3.663233228012518605e+00
1.880000000000000000e+03,3.477927506977649852e+00
1.881000000000000000e+03,4.104365229325120268e+00
1.882000000000000000e+03,3.965607884136589600e+00
1.883000000000000000e+03,3.723353007414137661e+00
1.884000000000000000e+03,3.717464709592521288e+00
1.885000000000000000e+03,3.995205285413236940e+00
1.886000000000000000e+03,3.941012996319901873e+00
1.887000000000000000e+03,3.760799854515733287e+00
1.888000000000000000e+03,3.746025856974402490e+00
1.889000000000000000e+03,3.769770921038314793e+00
1.890000000000000000e+03,3.793703224772580818e+00
1.891000000000000000e+03,4.028167941925192785e+00
1.892000000000000000e+03,3.743021783692511484e+00
1.893000000000000000e+03,3.798475048820331601e+00
1.894000000000000000e+03,3.679491793916493059e+00
1.895000000000000000e+03,3.430633520617088816e+00
1.896000000000000000e+03,4.074910765303583204e+00
1.897000000000000000e+03,3.703410171481449797e+00
1.898000000000000000e+03,4.037515657453302431e+00
1.899000000000000000e+03,3.823171930350353520e+00
1.900000000000000000e+03,3.511527106179537228e+00
1.901000000000000000e+03,4.013028076988753412e+00
1.902000000000000000e+03,3.646656324811371253e+00
1.903000000000000000e+03,3.773661480747894537e+00
1.904000000000000000e+03,4.095121609610524516e+00
1.905000000000000000e+03,3.705860150155118049e+00
1.906000000000000000e+03,3.839389331958871665e+00
1.907000000000000000e+03,3.391046979262393624e+00
1.908000000000000000e+03,3.735510977698212276e+00
1.909000000000000000e+03,3.733040119714544414e+00
1.910000000000000000e+03,3.700584872890873900e+00
1.911000000000000000e+03,3.764811613325743433e+00
1.912000000000000000e+03,3.920701329501177668e+00
1.913000000000000000e+03,3.637921487737817205e+00
1.914000000000000000e+03,3.945343860862362995e+00
1.915000000000000000e+03,3.658919419532051798e+00
1.916000000000000000e+03,3.845484251930718411e+00
1.917000000000000000e+03,3.886868931870758548e+00
1.918000000000000000e+03,3.532683971179871207e+00
1.919000000000000000e+03,3.463266312724375684e+00
1.920000000000000000e+03,3.749482192789940438e+00
1.921000000000000000e+03,3.888380854734696523e+00
1.922000000000000000e+03,3.940936851463892054e+00
1.923000000000000000e+03,3.541794242114344016e+00
1.924000000000000000e+03,3.575086536440140517e+00
1.925000000000000000e+03,3.622984689059404406e+00
1.926000000000000000e+03,3.559980640261024565e+00
1.927000000000000000e+03,3.600056222733617250e+00
1.928000000000000000e+03,3.847181558986489502e+00
1.929000000000000000e+03,3.511791213374343634e+00
1.930000000000000000e+03,3.891804792741524910e+00
1.931000000000000000e+03,3.691567684423627593e+00
1.932000000000000000e+03,3.644005196691074477e+00
1.933000000000000000e+03,3.583230071496905644e+00
1.934000000000000000e+03,3.540266771682098579e+00
1.935000000000000000e+03,3.706828692403491221e+00
1.936000000000000000e+03,3.453739996574353821e+00
1.937000000000000000e+03,3.854500960165378576e+00
1.938000000000000000e+03,3.816102078303667877e+00
1.939000000000000000e+03,3.879960097952217080e+00
1.940000000000000000e+03,3.972246435676872078e+00
1.941000000000000000e+03,3.556112511495935102e+00
1.942000000000000000e+03,3.812254066804598551e+00
1.943000000000000000e+03,3.715295208501050883e+00
1.944000000000000000e+03,3.651067886673926566e+00
1.945000000000000000e+03,3.957236919904936645e+00
1.946000000000000000e+03,3.696882882259051595e+00
1.947000000000000000e+03,3.491230882384974699e+00
1.948000000000000000e+03,3.655051483021589664e+00
1.949000000000000000e+03,3.855761616933910840e+00
1.950000000000000000e+03,3.853850944857925231e+00
1.951000000000000000e+03,3.576072313560212379e+00
1.952000000000000000e+03,3.716427650590168330e+00
1.953000000000000000e+03,3.931193922428175114e+00
1.954000000000000000e+03,3.382101937786908596e+00
1.955000000000000000e+03,3.674897416796178540e+00
1.956000000000000000e+03,3.876424293479467043e+00
1.957000000000000000e+03,3.454293483129782238e+00
1.958000000000000000e+03,4.016842761228076597e+00
1.959000000000000000e+03,3.665706005830037917e+00
1.960000000000000000e+03,3.420263552754854164e+00
1.961000000000000000e+03,3.911052330006845601e+00
1.962000000000000000e+03,3.785952150506946889e+00
1.963000000000000000e+03,4.013698899720570701e+00
1.964000000000000000e+03,3.753377850449819864e+00
1.965000000000000000e+03,4.059986525379037481e+00
1.966000000000000000e+03,3.403878785647438843e+00
1.967000000000000000e+03,3.630699556758870461e+00
1.968000000000000000e+03,3.629289080251578703e+00
1.969000000000000000e+03,3.601341299613084690e+00
1.970000000000000000e+03,3.808902513498404030e+00
1.971000000000000000e+03,4.035951830900334159e+00
1.972000000000000000e+03,3.712035603072259438e+00
1.973000000000000000e+03,3.954606876061802279e+00
1.974000000000000000e+03,3.590013837776688366e+00
1.975000000000000000e+03,4.043289340540577648e+00
1.976000000000000000e+03,3.927513042569304780e+00
1.977000000000000000e+03,3.693794397899994308e+00
1.978000000000000000e+03,3.928757453897131047e+00
1.979000000000000000e+03,3.860833929871570813e+00
1.980000000000000000e+03,3.740070683646798511e+00
1.981000000000000000e+03,3.764234457737574591e+00
1.982000000000000000e+03,3.190484439542193407e+00
1.983000000000000000e+03,3.662040123735081032e+00
1.984000000000000000e+03,3.820122254025638764e+00
1.985000000000000000e+03,3.752770057507774926e+00
1.986000000000000000e+03,3.886133887862227798e+00
1.987000000000000000e+03,3.678327294666090097e+00
1.988000000000000000e+03,3.516335946150985325e+00
1.989000000000000000e+03,3.773362461691645908e+00
1.990000000000000000e+03,3.786463969182537248e+00
1.991000000000000000e+03,3.651593867474479893e+00
1.992000000000000000e+03,3.582480240925629111e+00
1.993000000000000000e+03,3.782603853434414631e+00
1.994000000000000000e+03,3.594052876404038699e+00
1.995000000000000000e+03,3.988912494051517044e+00
1.996000000000000000e+03,3.685736307595718575e+00
1.997000000000000000e+03,3.713267778212475889e+00
1.998000000000000000e+03,3.963580625530994439e+00
1.999000000000000000e+03,3.723883077657744511e+00
2.000000000000000000e+03,3.487469707903294580e+00
2.001000000000000000e+03,3.656812779175616424e+00
2.002000000000000000e+03,3.383029602359136856e+00
2.003000000000000000e+03,3.714001815671270190e+00
2.004000000000000000e+03,3.755648981255309771e+00
2.005000000000000000e+03,3.468416961541228805e+00
2.006000000000000000e+03,3.568460246500841038e+00
2.007000000000000000e+03,3.645073528074374014e+00
2.008000000000000000e+03,3.566944496546456733e+00
2.009000000000000000e+03,3.910517157457922721e+00
2.010000000000000000e+03,3.447283818068185290e+00
2.011000000000000000e+03,3.602166330978589404e+00
2.012000000000000000e+03,3.827988382589319283e+00
2.013000000000000000e+03,3.239358691300022741e+00
2.014000000000000000e+03,3.434551112598685396e+00
2.015000000000000000e+03,3.661921609438799408e+00
2.016000000000000000e+03,3.770251777222020984e+00
2.017000000000000000e+03,4.041232767411494287e+00
2.018000000000000000e+03,3.899411886976398289e+00
2.019000000000000000e+03,3.640875036985052660e+00
2.020000000000000000e+03,3.748609818415153505e+00
2.021000000000000000e+03,3.555417015676214376e+00
2.022000000000000000e+03,3.694829692986652425e+00
2.023000000000000000e+03,3.508682154743291814e+00
2.024000000000000000e+03,3.537204650037180098e+00
2.025000000000000000e+03,3.796009319422493533e+00
2.026000000000000000e+03,3.738513812042099094e+00
2.027000000000000000e+03,3.717107706234702214e+00
2.028000000000000000e+03,3.680611933648595180e+00
2.029000000000000000e+03,3.800259995790194800e+00
2.030000000000000000e+03,3.692983409057079669e+00
2.031000000000000000e+03,3.674760351796490188e+00
2.032000000000000000e+03,3.643946567138566017e+00
2.033000000000000000e+03,4.015314298201314358e+00
2.034000000000000000e+03,3.797440209640447595e+00
2.035000000000000000e+03,3.137933693071385033e+00
2.036000000000000000e+03,3.793215881335467721e+00
2.037000000000000000e+03,3.788651195113728498e+00
2.038000000000000000e+03,3.602922916993876790e+00
2.039000000000000000e+03,3.557072445836930719e+00
2.040000000000000000e+03,3.670516136956313513e+00
2.041000000000000000e+03,3.907387766153060937e+00
2.042000000000000000e+03,3.578100390208549086e+00
2.043000000000000000e+03,3.447843662392599651e+00
2.044000000000000000e+03,3.528124322481702713e+00
2.045000000000000000e+03,3.752031896028094948e+00
2.046000000000000000e+03,3.785535598965172444e+00
2.047000000000000000e+03,3.702089800725195445e+00
2.048000000000000000e+03,4.013144800232978149e+00
2.049000000000000000e+03,3.594653982588805086e+00
2.050000000000000000e+03,3.663624544320948750e+00
2.051000000000000000e+03,3.421457807794885397e+00
2.052000000000000000e+03,3.847232883604764897e+00
2.053000000000000000e+03,3.468754655721138835e+00
2.054000000000000000e+03,3.891972448737023971e+00
2.055000000000000000e+03,3.621245871327214427e+00
2.056000000000000000e+03,3.682698596338144892e+00
2.057000000000000000e+03,3.642459093056453323e+00
2.058000000000000000e+03,3.569406272881385345e+00
2.059000000000000000e+03,3.902257527660881298e+00
2.060000000000000000e+03,3.737312548199108519e+00
2.061000000000000000e+03,3.549359990127312514e+00
2.062000000000000000e+03,4.144990398046812352e+00
2.063000000000000000e+03,3.737441468628464936e+00
2.064000000000000000e+03,3.219799695982790144e+00
2.065000000000000000e+03,3.699127577727003846e+00
2.066000000000000000e+03,3.838197732021414232e+00
2.067000000000000000e+03,3.645332996106226187e+00
2.068000000000000000e+03,3.811650498472880066e+00
2.069000000000000000e+03,3.913895448109613984e+00
2.070000000000000000e+03,3.473181954360832879e+00
2.071000000000000000e+03,4.088029211243557448e+00
2.072000000000000000e+03,3.682684245236907739e+00
2.073000000000000000e+03,3.746715596455307384e+00
2.074000000000000000e+03,3.795102256814489650e+00
2.075000000000000000e+03,3.783660605182112668e+00
2.076000000000000000e+03,3.935454949323481610e+00
2.077000000000000000e+03,3.700814583629548959e+00
2.078000000000000000e+03,3.819425582698302790e+00
2.079000000000000000e+03,3.805997871238162134e+00
2.080000000000000000e+03,3.757539291997615827e+00
2.081000000000000000e+03,4.012476878646993761e+00
2.082000000000000000e+03,4.102232618296264732e+00
2.083000000000000000e+03,3.809305137881367820e+00
2.084000000000000000e+03,3.791939840803221440e+00
2.085000000000000000e+03,3.768952106537686753e+00
2.086000000000000000e+03,3.667923206235647271e+00
2.087000000000000000e+03,3.959369534942974500e+00
2.088000000000000000e+03,4.055719579618635606e+00
2.089000000000000000e+03,3.741896382347268180e+00
2.090000000000000000e+03,3.560818914915944156e+00
2.091000000000000000e+03,3.628161023952902742e+00
2.092000000000000000e+03,3.807831917077459494e+00
2.093000000000000000e+03,3.616996327773088993e+00
2.094000000000000000e+03,3.935780030594761669e+00
2.095000000000000000e+03,3.539991828184190670e+00
2.096000000000000000e+03,3.416305093359837564e+00
2.097000000000000000e+03,4.013370928459812248e+00
2.098000000000000000e+03,3.824238997638346405e+00
2.099000000000000000e+03,3.952882600817557268e+00
2.100000000000000000e+03,3.584379921837414607e+00
2.101000000000000000e+03,3.892863789932543561e+00
2.102000000000000000e+03,3.853510698545893565e+00
2.103000000000000000e+03,3.604106529679693693e+00
2.104000000000000000e+03,3.738727630466959884e+00
2.105000000000000000e+03,3.678314132502292999e+00
2.106000000000000000e+03,3.455151659048341095e+00
2.107000000000000000e+03,3.857800120632487229e+00
2.108000000000000000e+03,3.873968806024420175e+00
2.109000000000000000e+03,3.563922554579301849e+00
2.110000000000000000e+03,3.788272190162271791e+00
2.111000000000000000e+03,4.040154738972353776e+00
2.112000000000000000e+03,3.513485372089971914e+00
2.113000000000000000e+03,3.618785328323906203e+00
2.114000000000000000e+03,3.866457155563628234e+00
2.115000000000000000e+03,4.057665120655256530e+00
2.116000000000000000e+03,3.751824780969668538e+00
2.117000000000000000e+03,3.894687436288173377e+00
2.118000000000000000e+03,3.839279277537404056e+00
2.119000000000000000e+03,3.436210612033427925e+00
2.120000000000000000e+03,3.860757280231504218e+00
2.121000000000000000e+03,3.728407220292484059e+00
2.122000000000000000e+03,3.857349326350309138e+00
2.123000000000000000e+03,3.643973993419640678e+00
2.124000000000000000e+03,3.787879694541948616e+00
2.125000000000000000e+03,3.646609864430536252e+00
2.126000000000000000e+03,3.687575029956609018e+00
2.127000000000000000e+03,3.724100273257780813e+00
2.128000000000000000e+03,3.930160244388651858e+00
2.129000000000000000e+03,3.889843261902044880e+00
2.130000000000000000e+03,3.747269693160562021e+00
2.131000000000000000e+03,3.586717613131995552e+00
2.132000000000000000e+03,3.466935737499228676e+00
2.133000000000000000e+03,3.768791608882020139e+00
2.134000000000000000e+03,3.873798419747663591e+00
2.135000000000000000e+03,3.505951915443926481e+00
2.136000000000000000e+03,3.544691371126964974e+00
2.137000000000000000e+03,3.655057500756694999e+00
2.138000000000000000e+03,3.625589078241259422e+00
2.139000000000000000e+03,3.507590697637312793e+00
2.140000000000000000e+03,3.947261246502689502e+00
2.141000000000000000e+03,4.065786660052451040e+00
2.142000000000000000e+03,3.832693811304751286e+00
2.143000000000000000e+03,3.911024896029374087e+00
2.144000000000000000e+03,3.408313219109246894e+00
2.145000000000000000e+03,3.729820331704845504e+00
2.146000000000000000e+03,3.814048976316583239e+00
2.147000000000000000e+03,3.749881982827152793e+00
2.148000000000000000e+03,3.887105878840157125e+00
2.149000000000000000e+03,3.469459183442980876e+00
2.150000000000000000e+03,3.756597924439244451e+00
2.151000000000000000e+03,3.839801994625695158e+00
2.152000000000000000e+03,3.780640733604508696e+00
2.153000000000000000e+03,3.678748857232154723e+00
2.154000000000000000e+03,3.873039434133092929e+00
2.155000000000000000e+03,3.660347564477059112e+00
2.156000000000000000e+03,3.676214952623964471e+00
2.157000000000000000e+03,3.831413668087559010e+00
2.158000000000000000e+03,3.680284201171149849e+00
2.159000000000000000e+03,3.829181718006978041e+00
2.160000000000000000e+03,3.472680841491041281e+00
2.161000000000000000e+03,3.641706524759819708e+00
2.162000000000000000e+03,4.102230549093246914e+00
2.163000000000000000e+03,4.046206432339302772e+00
2.164000000000000000e+03,3.859825548434348441e+00
2.165000000000000000e+03,3.621933479124786803e+00
2.166000000000000000e+03,3.759957937781974291e+00
2.167000000000000000e+03,3.839115783164768647e+00
2.168000000000000000e+03,3.659985301519841361e+00
2.169000000000000000e+03,3.976781315261231686e+00
2.170000000000000000e+03,3.815121392404458245e+00
2.171000000000000000e+03,3.710147048063490605e+00
2.172000000000000000e+03,3.845904455413410972e+00
2.173000000000000000e+03,3.670162108373122400e+00
2.174000000000000000e+03,3.772414036219358557e+00
2.175000000000000000e+03,4.241725511915984903e+00
2.176000000000000000e+03,3.644011461899852478e+00
2.177000000000000000e+03,3.791788185346640638e+00
2.178000000000000000e+03,3.950714105888510463e+00
2.179000000000000000e+03,3.555657072013482356e+00
2.180000000000000000e+03,3.711489443965988677e+00
2.181000000000000000e+03,4.032189837198884241e+00
2.182000000000000000e+03,3.606171367402663641e+00
2.183000000000000000e+03,4.141543434650860611e+00
2.184000000000000000e+03,3.944190868573781206e+00
2.185000000000000000e+03,3.915823376402295164e+00
2.186000000000000000e+03,3.528646297392610709e+00
2.187000000000000000e+03,3.844917488447078924e+00
2.188000000000000000e+03,3.660527084721031610e+00
2.189000000000000000e+03,4.097204987966109435e+00
2.190000000000000000e+03,3.628417726072934002e+00
2.191000000000000000e+03,3.713731793183203678e+00
2.192000000000000000e+03,3.745912656019542819e+00
2.193000000000000000e+03,3.245594175464181941e+00
2.194000000000000000e+03,3.777272334808975618e+00
2.195000000000000000e+03,3.800507918176573963e+00
2.196000000000000000e+03,3.750316576466669716e+00
2.197000000000000000e+03,3.766830829497898048e+00
2.198000000000000000e+03,3.854512627937995095e+00
2.199000000000000000e+03,3.555789784040908508e+00
2.200000000000000000e+03,3.818032042399219783e+00
2.201000000000000000e+03,3.590612044702732319e+00
2.202000000000000000e+03,3.691885951539030764e+00
2.203000000000000000e+03,3.686748477322615791e+00
2.204000000000000000e+03,3.482670359672349392e+00
2.205000000000000000e+03,3.604363176608973429e+00
2.206000000000000000e+03,3.538942199189084370e+00
2.207000000000000000e+03,3.942582515753723538e+00
2.208000000000000000e+03,4.001267897170244225e+00
2.209000000000000000e+03,3.987552555772350793e+00
2.210000000000000000e+03,3.703639603277776082e+00
2.211000000000000000e+03,3.840630096930496951e+00
2.212000000000000000e+03,3.619476253778905583e+00
2.213000000000000000e+03,3.759008324573792859e+00
2.214000000000000000e+03,3.770816403347694745e+00
2.215000000000000000e+03,3.500136183881194185e+00
2.216000000000000000e+03,3.754176458600622990e+00
2.217000000000000000e+03,3.838267826526421178e+00
2.218000000000000000e+03,3.868122073761941504e+00
2.219000000000000000e+03,3.781359880644055593e+00
2.220000000000000000e+03,3.881918316822294823e+00
2.221000000000000000e+03,3.717105385236347814e+00
2.222000000000000000e+03,3.847473789975426328e+00
2.223000000000000000e+03,3.903537452516207207e+00
2.224000000000000000e+03,3.305731764178296395e+00
2.225000000000000000e+03,3.793070017656370307e+00
2.226000000000000000e+03,3.712798582212858634e+00
2.227000000000000000e+03,3.883171135305282018e+00
2.228000000000000000e+03,3.568046250827677124e+00
2.229000000000000000e+03,3.811236413582407501e+00
2.230000000000000000e+03,3.742781293666807230e+00
2.231000000000000000e+03,3.730329057100404633e+00
2.232000000000000000e+03,3.695709999260537781e+00
2.233000000000000000e+03,3.531545703421866023e+00
2.234000000000000000e+03,3.732686089280796704e+00
2.235000000000000000e+03,3.437999578597802586e+00
2.236000000000000000e+03,3.728198706133760698e+00
2.237000000000000000e+03,3.686081632322867563e+00
2.238000000000000000e+03,3.892967003101666990e+00
2.239000000000000000e+03,3.917294460629426656e+00
2.240000000000000000e+03,4.035435916832442516e+00
2.241000000000000000e+03,3.484800066358713533e+00
2.242000000000000000e+03,3.901076547259924698e+00
2.243000000000000000e+03,4.012751978821145649e+00
2.244000000000000000e+03,3.733066938591743433e+00
2.245000000000000000e+03,3.674038727489941536e+00
2.246000000000000000e+03,3.487502568862865804e+00
2.247000000000000000e+03,3.680261396989539247e+00
2.248000000000000000e+03,3.760259688641375941e+00
2.249000000000000000e+03,3.864566032084067793e+00
2.250000000000000000e+03,3.660088020521664376e+00
2.251000000000000000e+03,3.909706526587156006e+00
2.252000000000000000e+03,3.744735375201743821e+00
2.253000000000000000e+03,3.631883947787993616e+00
2.254000000000000000e+03,3.942589264922893744e+00
2.255000000000000000e+03,3.597198684833663229e+00
2.256000000000000000e+03,3.720324627461134348e+00
2.257000000000000000e+03,3.695741623895828276e+00
2.258000000000000000e+03,3.891672440856707382e+00
2.259000000000000000e+03,3.842549854170468571e+00
2.260000000000000000e+03,3.343897455272381691e+00
2.261000000000000000e+03,3.655868497896350711e+00
2.262000000000000000e+03,3.672656016936142631e+00
2.263000000000000000e+03,3.681129615997199789e+00
2.264000000000000000e+03,3.580821309618879678e+00
2.265000000000000000e+03,4.020403283424529128e+00
2.266000000000000000e+03,3.921831804753334261e+00
2.267000000000000000e+03,4.114823381937041447e+00
2.268000000000000000e+03,4.054122703272286188e+00
2.269000000000000000e+03,4.106968090104103020e+00
2.270000000000000000e+03,3.898878235515302659e+00
2.271000000000000000e+03,3.985482475454260598e+00
2.272000000000000000e+03,3.862099941089411903e+00
2.273000000000000000e+03,3.813525026699700504e+00
2.274000000000000000e+03,3.653284712028059822e+00
2.275000000000000000e+03,3.773741238182488633e+00
2.276000000000000000e+03,3.692181323610661536e+00
2.277000000000000000e+03,3.732447640287840596e+00
2.278000000000000000e+03,3.654160215991438143e+00
2.279000000000000000e+03,3.925466826988682989e+00
2.280000000000000000e+03,3.845147974321280859e+00
2.281000000000000000e+03,3.641238408492945666e+00
2.282000000000000000e+03,3.879344684534017151e+00
2.283000000000000000e+03,4.043420829302736941e+00
2.284000000000000000e+03,3.854157849813549586e+00
2.285000000000000000e+03,3.752948499927819537e+00
2.286000000000000000e+03,3.628763940293295409e+00
2.287000000000000000e+03,3.501602445303636291e+00
2.288000000000000000e+03,3.741491238793238860e+00
2.289000000000000000e+03,3.925987775043021877e+00
2.290000000000000000e+03,3.924092458308396036e+00
2.291000000000000000e+03,3.775456889030820218e+00
2.292000000000000000e+03,3.791042237563568396e+00
2.293000000000000000e+03,3.502127920510273995e+00
2.294000000000000000e+03,3.568097495077178660e+00
2.295000000000000000e+03,3.744737980752366635e+00
2.296000000000000000e+03,3.578554188494272648e+00
2.297000000000000000e+03,3.661632350544349546e+00
2.298000000000000000e+03,3.639844760245769528e+00
2.299000000000000000e+03,3.618394465264330062e+00
2.300000000000000000e+03,3.219684105446999123e+00
2.301000000000000000e+03,3.809204611642963645e+00
2.302000000000000000e+03,3.642813508101305331e+00
2.303000000000000000e+03,3.753155152320520216e+00
2.304000000000000000e+03,3.874756955951509596e+00
2.305000000000000000e+03,3.822292461315406342e+00
2.306000000000000000e+03,4.042876884322524234e+00
2.307000000000000000e+03,3.393575200388591284e+00
2.308000000000000000e+03,3.782723786665355359e+00
2.309000000000000000e+03,3.879478223594315711e+00
2.310000000000000000e+03,4.125719229067812854e+00
2.311000000000000000e+03,3.945225630358785374e+00
2.312000000000000000e+03,3.704801771927388465e+00
2.313000000000000000e+03,4.032126111823932213e+00
2.314000000000000000e+03,3.900732964869375152e+00
2.315000000000000000e+03,3.678364100215543164e+00
2.316000000000000000e+03,3.626684004518458071e+00
2.317000000000000000e+03,3.738445925510784917e+00
2.318000000000000000e+03,3.575398404081423731e+00
2.319000000000000000e+03,3.993579808949890619e+00
2.320000000000000000e+03,3.895457387891198664e+00
2.321000000000000000e+03,3.435226793303695736e+00
2.322000000000000000e+03,3.363902114900153340e+00
2.323000000000000000e+03,3.878537308962100916e+00
2.324000000000000000e+03,3.602690724229981711e+00
2.325000000000000000e+03,3.601477454533060119e+00
2.326000000000000000e+03,3.800896528095281557e+00
2.327000000000000000e+03,3.867764287091840281e+00
2.328000000000000000e+03,3.530365993867737195e+00
2.329000000000000000e+03,3.813088204338765053e+00
2.330000000000000000e+03,3.607920487594739267e+00
2.331000000000000000e+03,3.595154727382995574e+00
2.332000000000000000e+03,3.743388409270590245e+00
2.333000000000000000e+03,3.604485858433705836e+00
2.334000000000000000e+03,3.969273513950763110e+00
2.335000000000000000e+03,3.769288122710194866e+00
2.336000000000000000e+03,3.744555895909267296e+00
2.337000000000000000e+03,3.616159282747258619e+00
2.338000000000000000e+03,3.871928955838710884e+00
2.339000000000000000e+03,4.164707210377870616e+00
2.340000000000000000e+03,3.984560743271624794e+00
2.341000000000000000e+03,3.605235876864491207e+00
2.342000000000000000e+03,3.554752705304083715e+00
2.343000000000000000e+03,3.869504741896192090e+00
2.344000000000000000e+03,3.636402554462900394e+00
2.345000000000000000e+03,3.917765913809877265e+00
2.346000000000000000e+03,4.184152020393265836e+00
2.347000000000000000e+03,3.724336843958813148e+00
2.348000000000000000e+03,3.578751712902851434e+00
2.349000000000000000e+03,3.730301988845709182e+00
2.350000000000000000e+03,3.622979654371255354e+00
2.351000000000000000e+03,3.604731616812497208e+00
2.352000000000000000e+03,3.704936532169246899e+00
2.353000000000000000e+03,3.592042617039922003e+00
2.354000000000000000e+03,4.058070769254935151e+00
2.355000000000000000e+03,3.599036894125543729e+00
2.356000000000000000e+03,3.444756465392296185e+00
2.357000000000000000e+03,3.970245506590388107e+00
2.358000000000000000e+03,3.898708786183493924e+00
2.359000000000000000e+03,3.664199514974616712e+00
2.360000000000000000e+03,3.754470672298124700e+00
2.361000000000000000e+03,3.814641945145272217e+00
2.362000000000000000e+03,3.751755095422461217e+00
2.363000000000000000e+03,3.698721390216015870e+00
2.364000000000000000e+03,3.787234540397852900e+00
2.365000000000000000e+03,3.628842446448589776e+00
2.366000000000000000e+03,3.520507134748651179e+00
2.367000000000000000e+03,3.729167274090594120e+00
2.368000000000000000e+03,3.588493928156476276e+00
2.369000000000000000e+03,3.854810591707395151e+00
2.370000000000000000e+03,4.016731409642783746e+00
2.371000000000000000e+03,3.786231057487604357e+00
2.372000000000000000e+03,3.526131903500214992e+00
2.373000000000000000e+03,3.964830311649573336e+00
2.374000000000000000e+03,3.605727238670991319e+00
2.375000000000000000e+03,3.880079291813724574e+00
2.376000000000000000e+03,3.858733288841178055e+00
2.377000000000000000e+03,3.641787546426026978e+00
2.378000000000000000e+03,3.904648799155235661e+00
2.379000000000000000e+03,3.618934758178087741e+00
2.380000000000000000e+03,3.359572250851437403e+00
2.381000000000000000e+03,3.820645757865415604e+00
2.382000000000000000e+03,3.867527782295954175e+00
2.383000000000000000e+03,3.717778452875409645e+00
2.384000000000000000e+03,3.810703099747497102e+00
2.385000000000000000e+03,3.785267134680391443e+00
2.386000000000000000e+03,3.662569076441432703e+00
2.387000000000000000e+03,3.614024734743495060e+00
2.388000000000000000e+03,3.753658146678410912e+00
2.389000000000000000e+03,3.690177549649274358e+00
2.390000000000000000e+03,3.992397837117447779e+00
2.391000000000000000e+03,3.736797385706831509e+00
2.392000000000000000e+03,3.566339590050471742e+00
2.393000000000000000e+03,3.747725268695422329e+00
2.394000000000000000e+03,3.759607478377688938e+00
2.395000000000000000e+03,3.730372074966135987e+00
2.396000000000000000e+03,3.784974713050536010e+00
2.397000000000000000e+03,3.992539246941985365e+00
2.398000000000000000e+03,3.701656621818602222e+00
2.399000000000000000e+03,3.521383904252290975e+00
2.400000000000000000e+03,3.734762911880140646e+00
2.401000000000000000e+03,3.759524302591582323e+00
2.402000000000000000e+03,4.239325254953130617e+00
2.403000000000000000e+03,3.767700465970100332e+00
2.404000000000000000e+03,3.441948289121609772e+00
2.405000000000000000e+03,3.674971768200629985e+00
2.406000000000000000e+03,3.687079118609311035e+00
2.407000000000000000e+03,4.017606274386582577e+00
2.408000000000000000e+03,3.959052053892619494e+00
2.409000000000000000e+03,3.951856592279924918e+00
2.410000000000000000e+03,3.520327134815712355e+00
2.411000000000000000e+03,3.949315703325126048e+00
2.412000000000000000e+03,3.901790935954519757e+00
2.413000000000000000e+03,3.763080052169853307e+00
2.414000000000000000e+03,3.836708400477311542e+00
2.415000000000000000e+03,4.143479233865838829e+00
2.416000000000000000e+03,3.725612435149145529e+00
2.417000000000000000e+03,3.894812545433190110e+00
2.418000000000000000e+03,4.115370190852669197e+00
2.419000000000000000e+03,3.697399948113221146e+00
2.420000000000000000e+03,3.807105722773178158e+00
2.421000000000000000e+03,3.224070029513296021e+00
2.422000000000000000e+03,3.559560857740531770e+00
2.423000000000000000e+03,3.746065838513076951e+00
2.424000000000000000e+03,3.794450930042321701e+00
2.425000000000000000e+03,3.914740749937409170e+00
2.426000000000000000e+03,3.753983764875523654e+00
2.427000000000000000e+03,3.871027735347435605e+00
2.428000000000000000e+03,3.680413088782167552e+00
2.429000000000000000e+03,3.867616301107129395e+00
2.430000000000000000e+03,3.810702690727351349e+00
2.431000000000000000e+03,3.794899253012481655e+00
2.432000000000000000e+03,3.705592477366186799e+00
2.433000000000000000e+03,3.695683942503312558e+00
2.434000000000000000e+03,3.689512864826008709e+00
2.435000000000000000e+03,3.447376258563581874e+00
2.436000000000000000e+03,3.631453206121979971e+00
2.437000000000000000e+03,3.939337548456078864e+00
2.438000000000000000e+03,3.514286633068783416e+00
2.439000000000000000e+03,3.823702031553850578e+00
2.440000000000000000e+03,3.766287486954835728e+00
2.441000000000000000e+03,3.844337192519415858e+00
2.442000000000000000e+03,3.459022638687578866e+00
2.443000000000000000e+03,3.624323863023294123e+00
2.444000000000000000e+03,3.899329769006595559e+00
2.445000000000000000e+03,3.488177543688509630e+00
2.446000000000000000e+03,3.718853958801759507e+00
2.447000000000000000e+03,3.816673591718152458e+00
2.448000000000000000e+03,3.876011217143348286e+00
2.449000000000000000e+03,3.769938224603681665e+00
2.450000000000000000e+03,3.955810829705547427e+00
2.451000000000000000e+03,3.728991830422764497e+00
2.452000000000000000e+03,3.634512070369583459e+00
2.453000000000000000e+03,3.897657378111273108e+00
2.454000000000000000e+03,3.707681187332485528e+00
2.455000000000000000e+03,3.499158160001158979e+00
2.456000000000000000e+03,3.778065190620160330e+00
2.457000000000000000e+03,3.685165513128845660e+00
2.458000000000000000e+03,3.747505845289901050e+00
2.459000000000000000e+03,3.872563256141295263e+00
2.460000000000000000e+03,3.676561987754830785e+00
2.461000000000000000e+03,3.808468955600917916e+00
2.462000000000000000e+03,3.631571132096002241e+00
2.463000000000000000e+03,3.629897830123463454e+00
2.464000000000000000e+03,3.722180425879021648e+00
2.465000000000000000e+03,3.511666969629687607e+00
2.466000000000000000e+03,3.566452783717052988e+00
2.467000000000000000e+03,3.901468763830517883e+00
2.468000000000000000e+03,3.701760435326125975e+00
2.469000000000000000e+03,3.598472053645440649e+00
2.470000000000000000e+03,3.751620909216282662e+00
2.471000000000000000e+03,3.767343111800800948e+00
2.472000000000000000e+03,3.841471546131842718e+00
2.473000000000000000e+03,3.660379552896543487e+00
2.474000000000000000e+03,3.992938931349313769e+00
2.475000000000000000e+03,3.781832450361694242e+00
2.476000000000000000e+03,4.019754840453175326e+00
2.477000000000000000e+03,3.699387495960944072e+00
2.478000000000000000e+03,4.072461305785256336e+00
2.479000000000000000e+03,4.065747532823094978e+00
2.480000000000000000e+03,3.619468616371505298e+00
2.481000000000000000e+03,3.542266863347823147e+00
2.482000000000000000e+03,3.548677509111672013e+00
2.483000000000000000e+03,3.675665136669417965e+00
2.484000000000000000e+03,3.568146766866099107e+00
2.485000000000000000e+03,3.829551065471618720e+00
2.486000000000000000e+03,3.626168352488752689e+00
2.487000000000000000e+03,3.700273685783377342e+00
2.488000000000000000e+03,3.549854368211443401e+00
2.489000000000000000e+03,3.717435021606332768e+00
2.490000000000000000e+03,3.488756407496708345e+00
2.491000000000000000e+03,4.095653930343953419e+00
2.492000000000000000e+03,3.734008836662513264e+00
2.493000000000000000e+03,3.775610507682650940e+00
2.494000000000000000e+03,3.973869502007496113e+00
2.495000000000000000e+03,3.416590257856616741e+00
2.496000000000000000e+03,3.767173710817996124e+00
2.497000000000000000e+03,3.916699068733781264e+00
2.498000000000000000e+03,3.350238965400571090e+00
2.499000000000000000e+03,3.795505545903256284e+00
2.500000000000000000e+03,3.461052450947704084e+00
2.501000000000000000e+03,3.893808755723214166e+00
2.502000000000000000e+03,3.443408050675498266e+00
2.503000000000000000e+03,3.817828069229111332e+00
2.504000000000000000e+03,3.666350220067552623e+00
2.505000000000000000e+03,3.767609121739686096e+00
2.506000000000000000e+03,3.630056897852928621e+00
2.507000000000000000e+03,3.890249898702707210e+00
2.508000000000000000e+03,3.591818274526530352e+00
2.509000000000000000e+03,4.009392995457988107e+00
2.510000000000000000e+03,3.686313707948391194e+00
2.511000000000000000e+03,3.830287636165453868e+00
2.512000000000000000e+03,3.621431304750339919e+00
2.513000000000000000e+03,3.716037037222894579e+00
2.514000000000000000e+03,3.876588498758213763e+00
2.515000000000000000e+03,3.868899802141344324e+00
2.516000000000000000e+03,3.409409789118571954e+00
2.517000000000000000e+03,3.569341464435757505e+00
2.518000000000000000e+03,3.639612429943956506e+00
2.519000000000000000e+03,3.809192691008406850e+00
2.520000000000000000e+03,3.516736181984826182e+00
2.521000000000000000e+03,3.992743473906755991e+00
2.522000000000000000e+03,3.356275566190110915e+00
2.523000000000000000e+03,3.652504168047544741e+00
2.524000000000000000e+03,3.656241781872014318e+00
2.525000000000000000e+03,3.628404531697682955e+00
2.526000000000000000e+03,3.769810823530813426e+00
2.527000000000000000e+03,3.761552642278428671e+00
2.528000000000000000e+03,3.694565393090162964e+00
2.529000000000000000e+03,3.848166487891147902e+00
2.530000000000000000e+03,3.536669257459448268e+00
2.531000000000000000e+03,3.464852747959835444e+00
2.532000000000000000e+03,3.673741551420742102e+00
2.533000000000000000e+03,3.483426565497525829e+00
2.534000000000000000e+03,3.755749410355887719e+00
2.535000000000000000e+03,3.700698807834535309e+00
2.536000000000000000e+03,3.698160773152600278e+00
2.537000000000000000e+03,3.328862040473330897e+00
2.538000000000000000e+03,3.880447552902681174e+00
2.539000000000000000e+03,3.696525586069490998e+00
2.540000000000000000e+03,3.695085549062131491e+00
2.541000000000000000e+03,3.698090700273517495e+00
2.542000000000000000e+03,4.165438686438681870e+00
2.543000000000000000e+03,3.387725129876515417e+00
2.544000000000000000e+03,3.789611564773160080e+00
2.545000000000000000e+03,3.932117566244331286e+00
2.546000000000000000e+03,3.369064340211993080e+00
2.547000000000000000e+03,3.844249795581494045e+00
2.548000000000000000e+03,3.814759248278838832e+00
2.549000000000000000e+03,4.029322852217163131e+00
2.550000000000000000e+03,3.818955123027302889e+00
2.551000000000000000e+03,3.597571355606505428e+00
2.552000000000000000e+03,3.884443647086532891e+00
2.553000000000000000e+03,3.875574224038893068e+00
2.554000000000000000e+03,3.615592078118755825e+00
2.555000000000000000e+03,3.424798959677370469e+00
2.556000000000000000e+03,3.777894146853871593e+00
2.557000000000000000e+03,3.710207921771364159e+00
2.558000000000000000e+03,3.468571267214093812e+00
2.559000000000000000e+03,3.992159050823734123e+00
2.560000000000000000e+03,3.782425804296925875e+00
2.561000000000000000e+03,3.647666556801437920e+00
2.562000000000000000e+03,3.788389672148851250e+00
2.563000000000000000e+03,3.705169678818111212e+00
2.564000000000000000e+03,3.509152081121401867e+00
2.565000000000000000e+03,3.609865478227381796e+00
2.566000000000000000e+03,3.559604663975181715e+00
2.567000000000000000e+03,3.659715083023762361e+00
2.568000000000000000e+03,3.704191772783281600e+00
2.569000000000000000e+03,3.781131253375664247e+00
2.570000000000000000e+03,3.907305860289870481e+00
2.571000000000000000e+03,4.043294160137592463e+00
2.572000000000000000e+03,3.765801745004685674e+00
2.573000000000000000e+03,3.814319298628980004e+00
2.574000000000000000e+03,3.628397526791632632e+00
2.575000000000000000e+03,3.646837871851451585e+00
2.576000000000000000e+03,4.009692060380031009e+00
2.577000000000000000e+03,3.500297886679581083e+00
2.578000000000000000e+03,3.668056203386773628e+00
2.579000000000000000e+03,3.636362264111419051e+00
2.580000000000000000e+03,3.846924072015170726e+00
2.581000000000000000e+03,3.691335595210491149e+00
2.582000000000000000e+03,3.778868849719106304e+00
2.583000000000000000e+03,3.851890503003258193e+00
2.584000000000000000e+03,3.707966991065267504e+00
2.585000000000000000e+03,3.901171045425898765e+00
2.586000000000000000e+03,3.725216914857980566e+00
2.587000000000000000e+03,3.710081715499115251e+00
2.588000000000000000e+03,3.573210018092086937e+00
2.589000000000000000e+03,3.592724060414584031e+00
2.590000000000000000e+03,3.889331370345450622e+00
2.591000000000000000e+03,3.604506209632700742e+00
2.592000000000000000e+03,3.862015667163800625e+00
2.593000000000000000e+03,3.767668818836667377e+00
2.594000000000000000e+03,3.804757980181396881e+00
2.595000000000000000e+03,3.576866026295423495e+00
2.596000000000000000e+03,3.522522840248377918e+00
2.597000000000000000e+03,3.818338369265578791e+00
2.598000000000000000e+03,3.773774700992696296e+00
2.599000000000000000e+03,3.517042508514833798e+00
2.600000000000000000e+03,3.800309440183621934e+00
2.601000000000000000e+03,3.523840866279612793e+00
2.602000000000000000e+03,3.983441310780615474e+00
2.603000000000000000e+03,3.722668108862793979e+00
2.604000000000000000e+03,3.587350241567234033e+00
2.605000000000000000e+03,4.046188087040169634e+00
2.606000000000000000e+03,3.771111740511097210e+00
2.607000000000000000e+03,3.615384465539396075e+00
2.608000000000000000e+03,3.630069670746149058e+00
2.609000000000000000e+03,3.742422917144722305e+00
2.610000000000000000e+03,3.861406291443465033e+00
2.611000000000000000e+03,3.275020502115716603e+00
2.612000000000000000e+03,3.678849760745712238e+00
2.613000000000000000e+03,3.745653490421534837e+00
2.614000000000000000e+03,3.591541653431931103e+00
2.615000000000000000e+03,3.337039650040418248e+00
2.616000000000000000e+03,4.094432145153059643e+00
2.617000000000000000e+03,3.803617659941259443e+00
2.618000000000000000e+03,3.768851196131274950e+00
2.619000000000000000e+03,3.597388823123329971e+00
2.620000000000000000e+03,3.956922070312370643e+00
2.621000000000000000e+03,3.865691849706788918e+00
2.622000000000000000e+03,3.618890742588620313e+00
2.623000000000000000e+03,3.824657472556604265e+00
2.624000000000000000e+03,3.829334451526061667e+00
2.625000000000000000e+03,3.976300226534670301e+00
2.626000000000000000e+03,3.824489735236682897e+00
2.627000000000000000e+03,3.864559426502849337e+00
2.628000000000000000e+03,3.878378178755185868e+00
2.629000000000000000e+03,3.626393524990366934e+00
2.630000000000000000e+03,3.451354005630954180e+00
2.631000000000000000e+03,3.853940798380507182e+00
2.632000000000000000e+03,3.815065406612407006e+00
2.633000000000000000e+03,3.804722674526087367e+00
2.634000000000000000e+03,3.512784857876413813e+00
2.635000000000000000e+03,3.482822051728891921e+00
2.636000000000000000e+03,3.673483346330839616e+00
2.637000000000000000e+03,3.672562171800650699e+00
2.638000000000000000e+03,4.068663033567776921e+00
2.639000000000000000e+03,3.698556014841060335e+00
2.640000000000000000e+03,3.708800483537459947e+00
2.641000000000000000e+03,4.000430595666712108e+00
2.642000000000000000e+03,3.979463296043796117e+00
2.643000000000000000e+03,3.558831960177259113e+00
2.644000000000000000e+03,3.597108857214605937e+00
2.645000000000000000e+03,3.945749433775175508e+00
2.646000000000000000e+03,3.734805341612434049e+00
2.647000000000000000e+03,4.181238666155522310e+00
2.648000000000000000e+03,3.680511599923881771e+00
2.649000000000000000e+03,3.786191176704256645e+00
2.650000000000000000e+03,3.647825664092747555e+00
2.651000000000000000e+03,3.536096625191113674e+00
2.652000000000000000e+03,3.722124176883588653e+00
2.653000000000000000e+03,3.659430423399871568e+00
2.654000000000000000e+03,3.613898734024083570e+00
2.655000000000000000e+03,3.766461710669635199e+00
2.656000000000000000e+03,3.919101460649559776e+00
2.657000000000000000e+03,3.625734647927006726e+00
2.658000000000000000e+03,3.904903535050631813e+00
2.659000000000000000e+03,3.834337362487510337e+00
2.660000000000000000e+03,3.900966368381532323e+00
2.661000000000000000e+03,3.760772255350946391e+00
2.662000000000000000e+03,3.825979858979863923e+00
2.663000000000000000e+03,3.709059692220482152e+00
2.664000000000000000e+03,3.855621156984855968e+00
2.665000000000000000e+03,3.627538058015596256e+00
2.666000000000000000e+03,3.933882019119405271e+00
2.667000000000000000e+03,3.693371837913403510e+00
2.668000000000000000e+03,3.836445018897782333e+00
2.669000000000000000e+03,3.540224350787428254e+00
2.670000000000000000e+03,3.845009675481289246e+00
2.671000000000000000e+03,3.785137592683370578e+00
2.672000000000000000e+03,3.695493886617966517e+00
2.673000000000000000e+03,3.662492260966121904e+00
2.674000000000000000e+03,3.762652448302821639e+00
2.675000000000000000e+03,3.657673067463802496e+00
2.676000000000000000e+03,3.911539979888575491e+00
2.677000000000000000e+03,3.586216527718447455e+00
2.678000000000000000e+03,3.734364689388751213e+00
2.679000000000000000e+03,3.680328257534067227e+00
2.680000000000000000e+03,3.481920415916948564e+00
2.681000000000000000e+03,3.689872528809118091e+00
2.682000000000000000e+03,3.811305203945120734e+00
2.683000000000000000e+03,3.518013798762647415e+00
2.684000000000000000e+03,3.947694848047917926e+00
2.685000000000000000e+03,4.031800011732900479e+00
2.686000000000000000e+03,3.639319825765904071e+00
2.687000000000000000e+03,3.716531728973853532e+00
2.688000000000000000e+03,3.809092811098967246e+00
2.689000000000000000e+03,3.669613264159977462e+00
2.690000000000000000e+03,3.757585503538336980e+00
2.691000000000000000e+03,3.835017081835648600e+00
2.692000000000000000e+03,3.696563067185382856e+00
2.693000000000000000e+03,3.806765756776028464e+00
2.694000000000000000e+03,3.944284545251532936e+00
2.695000000000000000e+03,3.581039728586248749e+00
2.696000000000000000e+03,3.368231515475426985e+00
2.697000000000000000e+03,4.026344791462752148e+00
2.698000000000000000e+03,3.741130790186303567e+00
2.699000000000000000e+03,3.923278457044571343e+00
2.700000000000000000e+03,3.611855427094651017e+00
2.701000000000000000e+03,3.773667328620852413e+00
2.702000000000000000e+03,3.780814666983389305e+00
2.703000000000000000e+03,3.845476211237659925e+00
2.704000000000000000e+03,3.849350226296269106e+00
2.705000000000000000e+03,4.094905453938178397e+00
2.706000000000000000e+03,4.062533867197275939e+00
2.707000000000000000e+03,3.888281080214305074e+00
2.708000000000000000e+03,3.692024884268781282e+00
2.709000000000000000e+03,3.652857973177432438e+00
2.710000000000000000e+03,3.479462513149823799e+00
2.711000000000000000e+03,3.649653271623443995e+00
2.712000000000000000e+03,3.934781581036923992e+00
2.713000000000000000e+03,3.830418128229507335e+00
2.714000000000000000e+03,3.667864181025750625e+00
2.715000000000000000e+03,3.795425724570549164e+00
2.716000000000000000e+03,3.605345712992034546e+00
2.717000000000000000e+03,4.085995908181689451e+00
2.718000000000000000e+03,3.744873918670054813e+00
2.719000000000000000e+03,3.703871738444632022e+00
2.720000000000000000e+03,3.813039307809302780e+00
2.721000000000000000e+03,3.741899005978019499e+00
2.722000000000000000e+03,3.914818194282449149e+00
2.723000000000000000e+03,3.628416739658860024e+00
2.724000000000000000e+03,3.718647283195811060e+00
2.725000000000000000e+03,3.866272378545688504e+00
2.726000000000000000e+03,3.961256621695584457e+00
2.727000000000000000e+03,3.428210575614416555e+00
2.728000000000000000e+03,3.568708835709361260e+00
2.729000000000000000e+03,3.952166950795909628e+00
2.730000000000000000e+03,3.979679560688797579e+00
2.731000000000000000e+03,4.070082902375216527e+00
2.732000000000000000e+03,3.638162239711945301e+00
2.733000000000000000e+03,4.044406778338870190e+00
2.734000000000000000e+03,3.497015409413131160e+00
2.735000000000000000e+03,3.988043887865574177e+00
2.736000000000000000e+03,3.585137986820253975e+00
2.737000000000000000e+03,3.639879754528899003e+00
2.738000000000000000e+03,3.673994483426762159e+00
2.739000000000000000e+03,3.591352574705989564e+00
2.740000000000000000e+03,3.838270939172834240e+00
2.741000000000000000e+03,3.756378444436053510e+00
2.742000000000000000e+03,3.474444861480103786e+00
2.743000000000000000e+03,3.805515462204672517e+00
2.744000000000000000e+03,3.935850822376930402e+00
2.745000000000000000e+03,3.927526286541481060e+00
2.746000000000000000e+03,3.660213580096814301e+00
2.747000000000000000e+03,3.904275773617784218e+00
2.748000000000000000e+03,3.632854438411482256e+00
2.749000000000000000e+03,3.768421833705682733e+00
2.750000000000000000e+03,3.586853612648579048e+00
2.751000000000000000e+03,3.662657051957780130e+00
2.752000000000000000e+03,3.701253181793841662e+00
2.753000000000000000e+03,3.900106236739798060e+00
2.754000000000000000e+03,3.735952644560070368e+00
2.755000000000000000e+03,3.853441481358554466e+00
2.756000000000000000e+03,3.732109094644967318e+00
2.757000000000000000e+03,3.761225979999433200e+00
2.758000000000000000e+03,3.534397847463070619e+00
2.759000000000000000e+03,4.351287853170837217e+00
2.760000000000000000e+03,3.639748189872258788e+00
2.761000000000000000e+03,3.675481965469613144e+00
2.762000000000000000e+03,3.687855423435313806e+00
2.763000000000000000e+03,3.826486419760834590e+00
2.764000000000000000e+03,3.822298730506199504e+00
2.765000000000000000e+03,3.777810103087928084e+00
2.766000000000000000e+03,3.573455012676980846e+00
2.767000000000000000e+03,3.963756737105556205e+00
2.768000000000000000e+03,3.647980113533339619e+00
2.769000000000000000e+03,4.066605080912160552e+00
2.770000000000000000e+03,3.503106940319841822e+00
2.771000000000000000e+03,3.572308602977023462e+00
2.772000000000000000e+03,3.946316557239141876e+00
2.773000000000000000e+03,3.551397632915914038e+00
2.774000000000000000e+03,3.591542788610825099e+00
2.775000000000000000e+03,3.550640787340260118e+00
2.776000000000000000e+03,3.799517487176311548e+00
2.777000000000000000e+03,4.066517186689935670e+00
2.778000000000000000e+03,3.761902289643187736e+00
2.779000000000000000e+03,3.856097112064234000e+00
2.780000000000000000e+03,3.941468272748898105e+00
2.781000000000000000e+03,3.891106477460502422e+00
2.782000000000000000e+03,3.677826208577381184e+00
2.783000000000000000e+03,3.918061422653802417e+00
2.784000000000000000e+03,3.551259381235953860e+00
2.785000000000000000e+03,4.261873690731450282e+00
2.786000000000000000e+03,3.715441996656552170e+00
2.787000000000000000e+03,3.747283833840247436e+00
2.788000000000000000e+03,3.786277556010851253e+00
2.789000000000000000e+03,4.082967259681587358e+00
2.790000000000000000e+03,3.948258019835115373e+00
2.791000000000000000e+03,3.599362822225428804e+00
2.792000000000000000e+03,3.957520917380903391e+00
2.793000000000000000e+03,3.881217538197150319e+00
2.794000000000000000e+03,3.655491621428643700e+00
2.795000000000000000e+03,3.789695480122249105e+00
2.796000000000000000e+03,3.745336682710473930e+00
2.797000000000000000e+03,3.834475388517156080e+00
2.798000000000000000e+03,3.376033930016536289e+00
2.799000000000000000e+03,3.808487876074257095e+00
2.800000000000000000e+03,3.847526985012733380e+00
2.801000000000000000e+03,3.559786212646648629e+00
2.802000000000000000e+03,3.818955253606106659e+00
2.803000000000000000e+03,3.792118902197231911e+00
2.804000000000000000e+03,3.958377491075726340e+00
2.805000000000000000e+03,3.641699784510108895e+00
2.806000000000000000e+03,3.927204685848325383e+00
2.807000000000000000e+03,3.426577712327480985e+00
2.808000000000000000e+03,3.607386779041826141e+00
2.809000000000000000e+03,3.746965950703630810e+00
2.810000000000000000e+03,3.688851983015894120e+00
2.811000000000000000e+03,3.715228074839624028e+00
2.812000000000000000e+03,3.927309789716293409e+00
2.813000000000000000e+03,3.837286863049917507e+00
2.814000000000000000e+03,3.840590308051322843e+00
2.815000000000000000e+03,3.642630315539243657e+00
2.816000000000000000e+03,3.670610771791874338e+00
2.817000000000000000e+03,3.699586981151455234e+00
2.818000000000000000e+03,3.626190293066121839e+00
2.819000000000000000e+03,3.641980881377574253e+00
2.820000000000000000e+03,3.295123773953995805e+00
2.821000000000000000e+03,3.841949672454220366e+00
2.822000000000000000e+03,3.344330904673082472e+00
2.823000000000000000e+03,4.049389353941077019e+00
2.824000000000000000e+03,3.771016579527501911e+00
2.825000000000000000e+03,3.375834458882154276e+00
2.826000000000000000e+03,3.898393505297102379e+00
2.827000000000000000e+03,3.749508670140190070e+00
2.828000000000000000e+03,3.830626067207703933e+00
2.829000000000000000e+03,3.609245365831287966e+00
2.830000000000000000e+03,3.436376902290508184e+00
2.831000000000000000e+03,3.840435736837556568e+00
2.832000000000000000e+03,3.629608085416791585e+00
2.833000000000000000e+03,3.872258271841094057e+00
2.834000000000000000e+03,3.616121592518914518e+00
2.835000000000000000e+03,3.612848821144382327e+00
2.836000000000000000e+03,4.003883987137374589e+00
2.837000000000000000e+03,3.371162244489463333e+00
2.838000000000000000e+03,3.848395573927474000e+00
2.839000000000000000e+03,3.709975468872909854e+00
2.840000000000000000e+03,3.758040423178174549e+00
2.841000000000000000e+03,3.860704003847879484e+00
2.842000000000000000e+03,3.393750061990577382e+00
2.843000000000000000e+03,3.977460463346303321e+00
2.844000000000000000e+03,3.499368671732109526e+00
2.845000000000000000e+03,4.021757628471251067e+00
2.846000000000000000e+03,3.542932581338713138e+00
2.847000000000000000e+03,3.768909031934359888e+00
2.848000000000000000e+03,3.625542968510786945e+00
2.849000000000000000e+03,3.581551274614882097e+00
2.850000000000000000e+03,3.922981653191149665e+00
2.851000000000000000e+03,3.623618096123497168e+00
2.852000000000000000e+03,3.572083243512590212e+00
2.853000000000000000e+03,3.825345036706456980e+00
2.854000000000000000e+03,3.716103612697175596e+00
2.855000000000000000e+03,3.687577240160931247e+00
2.856000000000000000e+03,3.818732141842129391e+00
2.857000000000000000e+03,3.580063204572284441e+00
2.858000000000000000e+03,3.787888658847193390e+00
2.859000000000000000e+03,3.883521254315767557e+00
2.860000000000000000e+03,3.582803838700676202e+00
2.861000000000000000e+03,3.591367974861612744e+00
2.862000000000000000e+03,3.846545882786403414e+00
2.863000000000000000e+03,3.427009983136691584e+00
2.864000000000000000e+03,3.947800146434830459e+00
2.865000000000000000e+03,3.678547471063584151e+00
2.866000000000000000e+03,3.813972758667278473e+00
2.867000000000000000e+03,3.974203668162226588e+00
2.868000000000000000e+03,3.924300253706350716e+00
2.869000000000000000e+03,3.734777184719311194e+00
2.870000000000000000e+03,3.723165074412624787e+00
2.871000000000000000e+03,3.471606055733522656e+00
2.872000000000000000e+03,3.743604230749468798e+00
2.873000000000000000e+03,3.668597947157999251e+00
2.874000000000000000e+03,3.572937020407725317e+00
2.875000000000000000e+03,3.860624038584106188e+00
2.876000000000000000e+03,3.630777959773102026e+00
2.877000000000000000e+03,3.619421451825127978e+00
2.878000000000000000e+03,3.638672894157539695e+00
2.879000000000000000e+03,3.533017092145910532e+00
2.880000000000000000e+03,3.781640770649210115e+00
2.881000000000000000e+03,3.957941766155633090e+00
2.882000000000000000e+03,3.714806157619100713e+00
2.883000000000000000e+03,3.834981447160072054e+00
2.884000000000000000e+03,3.777248621283129548e+00
2.885000000000000000e+03,3.628904655609483942e+00
2.886000000000000000e+03,3.889147548368973695e+00
2.887000000000000000e+03,3.931819065724684314e+00
2.888000000000000000e+03,3.862049581294869416e+00
2.889000000000000000e+03,3.815151956129897215e+00
2.890000000000000000e+03,3.716947837709228430e+00
2.891000000000000000e+03,3.730099025829975545e+00
2.892000000000000000e+03,3.992501714175157979e+00
2.893000000000000000e+03,3.418025915070523002e+00
2.894000000000000000e+03,3.464165304824887937e+00
2.895000000000000000e+03,3.736341747439625660e+00
2.896000000000000000e+03,3.709459944155149458e+00
2.897000000000000000e+03,3.581283909679260358e+00
2.898000000000000000e+03,3.868177039300370268e+00
2.899000000000000000e+03,3.651149059957174092e+00
2.900000000000000000e+03,3.873400813137595655e+00
2.901000000000000000e+03,3.943023075958590695e+00
2.902000000000000000e+03,4.034489774340014989e+00
2.903000000000000000e+03,3.896486955421552434e+00
2.904000000000000000e+03,3.741581634977126924e+00
2.905000000000000000e+03,4.028324538512720210e+00
2.906000000000000000e+03,4.036445540637608076e+00
2.907000000000000000e+03,3.902614950972076446e+00
2.908000000000000000e+03,3.496966476413840841e+00
2.909000000000000000e+03,3.596184698775441113e+00
2.910000000000000000e+03,3.824009669832825864e+00
2.911000000000000000e+03,3.659908122640199046e+00
2.912000000000000000e+03,3.733934532573066623e+00
2.913000000000000000e+03,3.706514765167612246e+00
2.914000000000000000e+03,3.704933959361912166e+00
2.915000000000000000e+03,3.415454099927543119e+00
2.916000000000000000e+03,3.858449737304664229e+00
2.917000000000000000e+03,3.822608054265856481e+00
2.918000000000000000e+03,3.529073928647595171e+00
2.919000000000000000e+03,3.675423746783912371e+00
2.920000000000000000e+03,3.781222090499044342e+00
2.921000000000000000e+03,3.607251298432496256e+00
2.922000000000000000e+03,3.776976413671766952e+00
2.923000000000000000e+03,3.676803282736543110e+00
2.924000000000000000e+03,3.649074588642098771e+00
2.925000000000000000e+03,3.651011828986946650e+00
2.926000000000000000e+03,3.758394519100776598e+00
2.927000000000000000e+03,3.717677532267830376e+00
2.928000000000000000e+03,3.502005890174677116e+00
2.929000000000000000e+03,3.674502011332504203e+00
2.930000000000000000e+03,3.472901469107434469e+00
2.931000000000000000e+03,3.847816010905190875e+00
2.932000000000000000e+03,3.545753421156132568e+00
2.933000000000000000e+03,3.736883234657471853e+00
2.934000000000000000e+03,3.772650308704679656e+00
2.935000000000000000e+03,3.717642024397641354e+00
2.936000000000000000e+03,3.896459441228825149e+00
2.937000000000000000e+03,3.615817301168266606e+00
2.938000000000000000e+03,3.563380211696112632e+00
2.939000000000000000e+03,3.648510245989245337e+00
2.940000000000000000e+03,3.930054947683041533e+00
2.941000000000000000e+03,3.873456342963987886e+00
2.942000000000000000e+03,3.653436118054402382e+00
2.943000000000000000e+03,3.765386844098683294e+00
2.944000000000000000e+03,4.158502819260871952e+00
2.945000000000000000e+03,3.622405327654603102e+00
2.946000000000000000e+03,3.810216921676570223e+00
2.947000000000000000e+03,4.012297161112667432e+00
2.948000000000000000e+03,3.583159906204663070e+00
2.949000000000000000e+03,3.885773205754998738e+00
2.950000000000000000e+03,3.842011202094992584e+00
2.951000000000000000e+03,3.903259639199927911e+00
2.952000000000000000e+03,3.970704262680937457e+00
2.953000000000000000e+03,3.644857559653157164e+00
2.954000000000000000e+03,3.561214266791584482e+00
2.955000000000000000e+03,3.642558268820828893e+00
2.956000000000000000e+03,3.938460799479011509e+00
2.957000000000000000e+03,3.714408383259815150e+00
2.958000000000000000e+03,3.825466577016133574e+00
2.959000000000000000e+03,3.976957846086540904e+00
2.960000000000000000e+03,4.040997862188782541e+00
2.961000000000000000e+03,3.692975699777770071e+00
2.962000000000000000e+03,3.523824789254429213e+00
2.963000000000000000e+03,3.922514269096063710e+00
2.964000000000000000e+03,3.456711470785149398e+00
2.965000000000000000e+03,3.742651373373662160e+00
2.966000000000000000e+03,3.850702090664959165e+00
2.967000000000000000e+03,4.209704594911333864e+00
2.968000000000000000e+03,3.601285477623044962e+00
2.969000000000000000e+03,3.940474039692211772e+00
2.970000000000000000e+03,4.095060416744028764e+00
2.971000000000000000e+03,3.756715493757782909e+00
2.972000000000000000e+03,3.925337272828951285e+00
2.973000000000000000e+03,3.911927715731295940e+00
2.974000000000000000e+03,3.876484476846214555e+00
2.975000000000000000e+03,3.697606982206942838e+00
2.976000000000000000e+03,3.647465925153340116e+00
2.977000000000000000e+03,3.760560231482596549e+00
2.978000000000000000e+03,3.737509475861195085e+00
2.979000000000000000e+03,3.766999680116918547e+00
2.980000000000000000e+03,3.859612720252394436e+00
2.981000000000000000e+03,3.666656994518335821e+00
2.982000000000000000e+03,3.853410811139417635e+00
2.983000000000000000e+03,3.721263941426491861e+00
2.984000000000000000e+03,3.641131909791487153e+00
2.985000000000000000e+03,3.816041490048847518e+00
2.986000000000000000e+03,3.887206745543887010e+00
2.987000000000000000e+03,3.728149245275419688e+00
2.988000000000000000e+03,4.096533229835851664e+00
2.989000000000000000e+03,3.534553102777881151e+00
2.990000000000000000e+03,3.831490093966478216e+00
2.991000000000000000e+03,3.560218822493251611e+00
2.992000000000000000e+03,3.971362063595262892e+00
2.993000000000000000e+03,3.830245902743257158e+00
2.994000000000000000e+03,3.782414020902393315e+00
2.995000000000000000e+03,3.536732432099460421e+00
2.996000000000000000e+03,3.725030024139503571e+00
2.997000000000000000e+03,3.796524633544096083e+00
2.998000000000000000e+03,3.536891427383080266e+00
2.999000000000000000e+03,3.691718233041415331e+00
3.000000000000000000e+03,3.778578692736553890e+00
3.001000000000000000e+03,3.864276774253240010e+00
3.002000000000000000e+03,3.927710993004629891e+00
3.003000000000000000e+03,3.850130690491331720e+00
3.004000000000000000e+03,3.483247050163547076e+00
3.005000000000000000e+03,3.924026594345255692e+00
3.006000000000000000e+03,3.543813692152521178e+00
3.007000000000000000e+03,3.894024879617752344e+00
3.008000000000000000e+03,3.815844321505382997e+00
3.009000000000000000e+03,3.554351119860325259e+00
3.010000000000000000e+03,3.642065892125210258e+00
3.011000000000000000e+03,3.865110507992523647e+00
3.012000000000000000e+03,4.088415598494750114e+00
3.013000000000000000e+03,3.779069481270192821e+00
3.014000000000000000e+03,3.996517293383926805e+00
3.015000000000000000e+03,3.699759248083644092e+00
3.016000000000000000e+03,3.629631586873563354e+00
3.017000000000000000e+03,3.681587295792996706e+00
3.018000000000000000e+03,4.039146905570037305e+00
3.019000000000000000e+03,3.985489844302940288e+00
3.020000000000000000e+03,3.970646717656372893e+00
3.021000000000000000e+03,3.595264559857609843e+00
3.022000000000000000e+03,3.626298691802718910e+00
3.023000000000000000e+03,3.969890024926685967e+00
3.024000000000000000e+03,3.575075086297564653e+00
3.025000000000000000e+03,3.660051285917894415e+00
3.026000000000000000e+03,3.777235428339351664e+00
3.027000000000000000e+03,3.525789218737163999e+00
3.028000000000000000e+03,3.792172115535280774e+00
3.029000000000000000e+03,3.501994065687863422e+00
3.030000000000000000e+03,3.696894384373653697e+00
3.031000000000000000e+03,3.671578697572438266e+00
3.032000000000000000e+03,3.756312765583269986e+00
3.033000000000000000e+03,4.037046384633927509e+00
3.034000000000000000e+03,3.476710736671437374e+00
3.035000000000000000e+03,3.690910937912145862e+00
3.036000000000000000e+03,3.627912653126736053e+00
3.037000000000000000e+03,3.577290446611243624e+00
3.038000000000000000e+03,3.660869657478441397e+00
3.039000000000000000e+03,3.532314529438544959e+00
3.040000000000000000e+03,3.749255634380687319e+00
3.041000000000000000e+03,3.708889436900378644e+00
3.042000000000000000e+03,3.849664208692781031e+00
3.043000000000000000e+03,3.758367449229298884e+00
3.044000000000000000e+03,3.725960881856043905e+00
3.045000000000000000e+03,3.529626585691823859e+00
3.046000000000000000e+03,3.890139449184538911e+00
3.047000000000000000e+03,3.630309630949913657e+00
3.048000000000000000e+03,3.637687696118125480e+00
3.049000000000000000e+03,3.863504906731719313e+00
3.050000000000000000e+03,4.004340050705954113e+00
3.051000000000000000e+03,3.805594551664267744e+00
3.052000000000000000e+03,3.919807232719725310e+00
3.053000000000000000e+03,3.754872934106101123e+00
3.054000000000000000e+03,3.705756238776870770e+00
3.055000000000000000e+03,3.846786439210294617e+00
3.056000000000000000e+03,3.838618778951271793e+00
3.057000000000000000e+03,3.587864533632532993e+00
3.058000000000000000e+03,3.264459006918409845e+00
3.059000000000000000e+03,3.558638943095424612e+00
3.060000000000000000e+03,4.103541579558805275e+00
3.061000000000000000e+03,3.447270268771618795e+00
3.062000000000000000e+03,3.495189159817754465e+00
3.063000000000000000e+03,3.769922647799592408e+00
3.064000000000000000e+03,3.798461681641928323e+00
3.065000000000000000e+03,3.661193501588625665e+00
3.066000000000000000e+03,3.852639299812677720e+00
3.067000000000000000e+03,3.952402986762911574e+00
3.068000000000000000e+03,3.534062476680389864e+00
3.069000000000000000e+03,3.782689314532345470e+00
3.070000000000000000e+03,3.665742483444320410e+00
3.071000000000000000e+03,3.436346676742767503e+00
3.072000000000000000e+03,3.578326103733456609e+00
3.073000000000000000e+03,3.911522433809051069e+00
3.074000000000000000e+03,3.638550162886042383e+00
3.075000000000000000e+03,3.937489875658442884e+00
3.076000000000000000e+03,3.841874823753710366e+00
3.077000000000000000e+03,3.851683103412267606e+00
3.078000000000000000e+03,3.575083406107141482e+00
3.079000000000000000e+03,3.788879164308295966e+00
3.080000000000000000e+03,3.601131926517435300e+00
3.081000000000000000e+03,3.507945561839541870e+00
3.082000000000000000e+03,3.718019253762663734e+00
3.083000000000000000e+03,3.744107425793016475e+00
3.084000000000000000e+03,3.788092197198229982e+00
3.085000000000000000e+03,4.007783188280977349e+00
3.086000000000000000e+03,3.794703448134055357e+00
3.087000000000000000e+03,3.548328053293367645e+00
3.088000000000000000e+03,3.650257226943680600e+00
3.089000000000000000e+03,4.072379217716637356e+00
3.090000000000000000e+03,3.846524654593572734e+00
3.091000000000000000e+03,3.850408570945203834e+00
3.092000000000000000e+03,3.584725763072945881e+00
3.093000000000000000e+03,3.856461415639121704e+00
3.094000000000000000e+03,3.912415668515376588e+00
3.095000000000000000e+03,3.848593246560762182e+00
3.096000000000000000e+03,3.890799033678443930e+00
3.097000000000000000e+03,3.833346944064417450e+00
3.098000000000000000e+03,3.892538253022415073e+00
3.099000000000000000e+03,3.896174090549723967e+00
3.100000000000000000e+03,3.750931303955651774e+00
3.101000000000000000e+03,3.834595789670819599e+00
3.102000000000000000e+03,3.828291083969947106e+00
3.103000000000000000e+03,3.674843782507385193e+00
3.104000000000000000e+03,4.016097700291887840e+00
3.105000000000000000e+03,3.831184415677733934e+00
3.106000000000000000e+03,3.720372919227788788e+00
3.107000000000000000e+03,3.751037286771542689e+00
3.108000000000000000e+03,3.836386832030400207e+00
3.109000000000000000e+03,3.905112684823340174e+00
3.110000000000000000e+03,3.819313310736744516e+00
3.111000000000000000e+03,3.744410945243067168e+00
3.112000000000000000e+03,3.547197588236053356e+00
3.113000000000000000e+03,4.128729997259613427e+00
3.114000000000000000e+03,3.619832712606339431e+00
3.115000000000000000e+03,3.648236346833305888e+00
3.116000000000000000e+03,3.721882465268198104e+00
3.117000000000000000e+03,3.648415366168538565e+00
3.118000000000000000e+03,3.682806558032795774e+00
3.119000000000000000e+03,3.760316268803903128e+00
3.120000000000000000e+03,3.207034914812216808e+00
3.121000000000000000e+03,3.792266492916225307e+00
3.122000000000000000e+03,3.576338266178450187e+00
3.123000000000000000e+03,3.526630419516207482e+00
3.124000000000000000e+03,3.842634308461104986e+00
3.125000000000000000e+03,3.669250841791046103e+00
3.126000000000000000e+03,3.828017062293722184e+00
3.127000000000000000e+03,3.842030242163843479e+00
3.128000000000000000e+03,3.651953987716678451e+00
3.129000000000000000e+03,3.722849529911060440e+00
3.130000000000000000e+03,3.598460936931521914e+00
3.131000000000000000e+03,3.906015385247638250e+00
3.132000000000000000e+03,3.585535677606505711e+00
3.133000000000000000e+03,3.717626879369443582e+00
3.134000000000000000e+03,3.701128672503724903e+00
3.135000000000000000e+03,3.879237797148916922e+00
3.136000000000000000e+03,3.863801644894591991e+00
3.137000000000000000e+03,4.040941856679178379e+00
3.138000000000000000e+03,3.512187648515201932e+00
3.139000000000000000e+03,3.824830493396516484e+00
3.140000000000000000e+03,3.868150740545890809e+00
3.141000000000000000e+03,3.576001286933739642e+00
3.142000000000000000e+03,3.955357794566804142e+00
3.143000000000000000e+03,4.067490432425280744e+00
3.144000000000000000e+03,3.679719119674796257e+00
3.145000000000000000e+03,3.436122365461826700e+00
3.146000000000000000e+03,3.778360640339190724e+00
3.147000000000000000e+03,3.988174303113436459e+00
3.148000000000000000e+03,3.945866544608403359e+00
3.149000000000000000e+03,3.697949142569199932e+00
3.150000000000000000e+03,3.542579800400866841e+00
3.151000000000000000e+03,3.727446565862254868e+00
3.152000000000000000e+03,3.583188623628457581e+00
3.153000000000000000e+03,3.570771471886360349e+00
3.154000000000000000e+03,3.875260955710345012e+00
3.155000000000000000e+03,3.957974148324710395e+00
3.156000000000000000e+03,3.617986767662564773e+00
3.157000000000000000e+03,3.638547425197432350e+00
3.158000000000000000e+03,3.930175406346133382e+00
3.159000000000000000e+03,3.608713189551363776e+00
3.160000000000000000e+03,3.490471102635065659e+00
3.161000000000000000e+03,3.757907450250968395e+00
3.162000000000000000e+03,3.980849272580675002e+00
3.163000000000000000e+03,3.838361790931278161e+00
3.164000000000000000e+03,3.895637224912862795e+00
3.165000000000000000e+03,3.715829729179390917e+00
3.166000000000000000e+03,3.832105219092294401e+00
3.167000000000000000e+03,3.760176444024605491e+00
3.168000000000000000e+03,3.536086441223438737e+00
3.169000000000000000e+03,3.537060042910978641e+00
3.170000000000000000e+03,3.938254430231334702e+00
3.171000000000000000e+03,3.637943894777330378e+00
3.172000000000000000e+03,3.829779925159313425e+00
3.173000000000000000e+03,3.736924484793930024e+00
3.174000000000000000e+03,4.040436385943817932e+00
3.175000000000000000e+03,3.913721889658706043e+00
3.176000000000000000e+03,3.901510860620077903e+00
3.177000000000000000e+03,3.931915012526349340e+00
3.178000000000000000e+03,4.114015589081368773e+00
3.179000000000000000e+03,3.596949963951055373e+00
3.180000000000000000e+03,3.658347025561145660e+00
3.181000000000000000e+03,3.642534521607913245e+00
3.182000000000000000e+03,3.822521907811613939e+00
3.183000000000000000e+03,3.532608355325371541e+00
3.184000000000000000e+03,3.667647218155210886e+00
3.185000000000000000e+03,3.697416148060733043e+00
3.186000000000000000e+03,3.678346749443940578e+00
3.187000000000000000e+03,3.904562774901187527e+00
3.188000000000000000e+03,3.908055080821834171e+00
3.189000000000000000e+03,3.911067484939783512e+00
3.190000000000000000e+03,3.604438432166662931e+00
3.191000000000000000e+03,4.041591645576909642e+00
3.192000000000000000e+03,3.772467033127818947e+00
3.193000000000000000e+03,3.659319882707591010e+00
3.194000000000000000e+03,3.620690668203297324e+00
3.195000000000000000e+03,3.709722709675042918e+00
3.196000000000000000e+03,3.794873933073027672e+00
3.197000000000000000e+03,3.580973439484072429e+00
3.198000000000000000e+03,3.891923443622160583e+00
3.199000000000000000e+03,3.711599024623698284e+00
3.200000000000000000e+03,3.989469033242756701e+00
3.201000000000000000e+03,3.524235953692258505e+00
3.202000000000000000e+03,3.661709916890599548e+00
3.203000000000000000e+03,3.407978344407969207e+00
3.204000000000000000e+03,3.585650346906227970e+00
3.205000000000000000e+03,3.953763405879774151e+00
3.206000000000000000e+03,3.387647776777622521e+00
3.207000000000000000e+03,3.958325556440336790e+00
3.208000000000000000e+03,4.163354044607396887e+00
3.209000000000000000e+03,3.729522388016129675e+00
3.210000000000000000e+03,3.976152194913340043e+00
3.211000000000000000e+03,3.904700469642211402e+00
3.212000000000000000e+03,3.784084789040899288e+00
3.213000000000000000e+03,3.649047196084145295e+00
3.214000000000000000e+03,3.997813912518934920e+00
3.215000000000000000e+03,3.606548002222743854e+00
3.216000000000000000e+03,3.778923881942533480e+00
3.217000000000000000e+03,3.886404778039298513e+00
3.218000000000000000e+03,3.797650266905379990e+00
3.219000000000000000e+03,3.772922840034000469e+00
3.220000000000000000e+03,3.605958658182951915e+00
3.221000000000000000e+03,3.647310306484282449e+00
3.222000000000000000e+03,3.523321694087960587e+00
3.223000000000000000e+03,3.818516511792392265e+00
3.224000000000000000e+03,3.877593683599032559e+00
3.225000000000000000e+03,3.493927496537023725e+00
3.226000000000000000e+03,3.529686424500105613e+00
3.227000000000000000e+03,3.952814510148653149e+00
3.228000000000000000e+03,3.581461341954753408e+00
3.229000000000000000e+03,3.803208788056470002e+00
3.230000000000000000e+03,3.943232581810739656e+00
3.231000000000000000e+03,3.976835066448137557e+00
3.232000000000000000e+03,4.029793746586503467e+00
3.233000000000000000e+03,3.811102673376338679e+00
3.234000000000000000e+03,3.696054575737798498e+00
3.235000000000000000e+03,3.513772309766070912e+00
3.236000000000000000e+03,3.732838994131261856e+00
3.237000000000000000e+03,3.899651275565404251e+00
3.238000000000000000e+03,3.894925873141858119e+00
3.239000000000000000e+03,3.713614469752923863e+00
3.240000000000000000e+03,3.461812678249923003e+00
3.241000000000000000e+03,3.572516940382643558e+00
3.242000000000000000e+03,3.643122549040028968e+00
3.243000000000000000e+03,3.971219319079694277e+00
3.244000000000000000e+03,3.796318297575199896e+00
3.245000000000000000e+03,3.609924967573721499e+00
3.246000000000000000e+03,3.769570113772652942e+00
3.247000000000000000e+03,3.656729360775176740e+00
3.248000000000000000e+03,4.045941398169446757e+00
3.249000000000000000e+03,3.817136806721342257e+00
3.250000000000000000e+03,3.672945958947200662e+00
3.251000000000000000e+03,3.797734248419922132e+00
3.252000000000000000e+03,3.467583348404830179e+00
3.253000000000000000e+03,3.453740352352593579e+00
3.254000000000000000e+03,4.012452555020515454e+00
3.255000000000000000e+03,3.659662282082169149e+00
3.256000000000000000e+03,3.637907275661799833e+00
3.257000000000000000e+03,3.849963979804297498e+00
3.258000000000000000e+03,4.010741692248037005e+00
3.259000000000000000e+03,3.562627569349176238e+00
3.260000000000000000e+03,3.599194276859087438e+00
3.261000000000000000e+03,3.651222883931172003e+00
3.262000000000000000e+03,3.613822278791235298e+00
3.263000000000000000e+03,3.692877559773442453e+00
3.264000000000000000e+03,3.628029801096414264e+00
3.265000000000000000e+03,3.898800250282636437e+00
3.266000000000000000e+03,3.699686593394945877e+00
3.267000000000000000e+03,3.780859256486339692e+00
3.268000000000000000e+03,3.419269502541812500e+00
3.269000000000000000e+03,3.602206769415345455e+00
3.270000000000000000e+03,3.681175791527732333e+00
3.271000000000000000e+03,3.816913273890376601e+00
3.272000000000000000e+03,3.789817622675740072e+00
3.273000000000000000e+03,3.861826822724905295e+00
3.274000000000000000e+03,3.653402233925852283e+00
3.275000000000000000e+03,3.792670748357224841e+00
3.276000000000000000e+03,3.725822240029930121e+00
3.277000000000000000e+03,3.415650598459448073e+00
3.278000000000000000e+03,3.755105482230724601e+00
3.279000000000000000e+03,3.674439027360709709e+00
3.280000000000000000e+03,3.623720521869949529e+00
3.281000000000000000e+03,3.793034422400917371e+00
3.282000000000000000e+03,3.638193443955731521e+00
3.283000000000000000e+03,3.504411507384026958e+00
3.284000000000000000e+03,3.658919646556846317e+00
3.285000000000000000e+03,3.574090479346144544e+00
3.286000000000000000e+03,3.361102916013456898e+00
3.287000000000000000e+03,3.717942630030361517e+00
3.288000000000000000e+03,3.990246670993942590e+00
3.289000000000000000e+03,3.642171210666689696e+00
3.290000000000000000e+03,3.813267230977138933e+00
3.291000000000000000e+03,3.888509436195620506e+00
3.292000000000000000e+03,3.530161648094177540e+00
3.293000000000000000e+03,3.868669404079920326e+00
3.294000000000000000e+03,3.949129312722724272e+00
3.295000000000000000e+03,3.719302150988381239e+00
3.296000000000000000e+03,3.666922522827055442e+00
3.297000000000000000e+03,3.632894103564828114e+00
3.298000000000000000e+03,3.716641744124756563e+00
3.299000000000000000e+03,3.916249194400555300e+00
3.300000000000000000e+03,3.981301932935326082e+00
3.301000000000000000e+03,3.412879634726139866e+00
3.302000000000000000e+03,4.029131800173466615e+00
3.303000000000000000e+03,3.736166625535382924e+00
3.304000000000000000e+03,3.567012720660556635e+00
3.305000000000000000e+03,3.428354944169857976e+00
3.306000000000000000e+03,3.744659505965408641e+00
3.307000000000000000e+03,3.993650412352061085e+00
3.308000000000000000e+03,3.857724193380773325e+00
3.309000000000000000e+03,3.844274898058664292e+00
3.310000000000000000e+03,3.748632264703746220e+00
3.311000000000000000e+03,3.660515298613983060e+00
3.312000000000000000e+03,3.530921676673430820e+00
3.313000000000000000e+03,3.451480935174603637e+00
3.314000000000000000e+03,3.554604716026196876e+00
3.315000000000000000e+03,3.832581848149487325e+00
3.316000000000000000e+03,3.410026709845391579e+00
3.317000000000000000e+03,3.808176695370561582e+00
3.318000000000000000e+03,3.561041374823062267e+00
3.319000000000000000e+03,3.475168249117889019e+00
3.320000000000000000e+03,3.755279726902839954e+00
3.321000000000000000e+03,3.909707196236159366e+00
3.322000000000000000e+03,3.919555556191090862e+00
3.323000000000000000e+03,3.649460374235917737e+00
3.324000000000000000e+03,3.501231237500470606e+00
3.325000000000000000e+03,4.018109969636200596e+00
3.326000000000000000e+03,4.022529504879257978e+00
3.327000000000000000e+03,3.466967622798983850e+00
3.328000000000000000e+03,3.621386702785790224e+00
3.329000000000000000e+03,3.771013573235611371e+00
3.330000000000000000e+03,3.641967527574923036e+00
3.331000000000000000e+03,3.648170890946691003e+00
3.332000000000000000e+03,3.680493474455814873e+00
3.333000000000000000e+03,3.771303079837633021e+00
3.334000000000000000e+03,4.014461185256052111e+00
3.335000000000000000e+03,3.655296565734653225e+00
3.336000000000000000e+03,3.820289613487789282e+00
3.337000000000000000e+03,3.642409045758570496e+00
3.338000000000000000e+03,3.780407656754078971e+00
3.339000000000000000e+03,3.668768395581969877e+00
3.340000000000000000e+03,3.717543385711548076e+00
3.341000000000000000e+03,3.654542990046988571e+00
3.342000000000000000e+03,3.496596190371743962e+00
3.343000000000000000e+03,3.847355936654031527e+00
3.344000000000000000e+03,4.119151247882255618e+00
3.345000000000000000e+03,3.691565689507234627e+00
3.346000000000000000e+03,3.858367219140903970e+00
3.347000000000000000e+03,3.702107599482107769e+00
3.348000000000000000e+03,4.147426903691976641e+00
3.349000000000000000e+03,3.638312276188746086e+00
3.350000000000000000e+03,3.616177084902140404e+00
3.351000000000000000e+03,4.306361236701409467e+00
3.352000000000000000e+03,3.627184195396816246e+00
3.353000000000000000e+03,3.666219940998805882e+00
3.354000000000000000e+03,3.565647172488089822e+00
3.355000000000000000e+03,3.996863615706659711e+00
3.356000000000000000e+03,3.772889032695307954e+00
3.357000000000000000e+03,3.614600487846053145e+00
3.358000000000000000e+03,3.417458735313696039e+00
3.359000000000000000e+03,3.776855075221268176e+00
3.360000000000000000e+03,3.989542751743832216e+00
3.361000000000000000e+03,3.863103608642411313e+00
3.362000000000000000e+03,3.713596841115183622e+00
3.363000000000000000e+03,3.956312095116228278e+00
3.364000000000000000e+03,3.674673198525836959e+00
3.365000000000000000e+03,3.409369202887211792e+00
3.366000000000000000e+03,3.798477047888839220e+00
3.367000000000000000e+03,3.895826858002525483e+00
3.368000000000000000e+03,3.382432354915315464e+00
3.369000000000000000e+03,3.619698050831282821e+00
3.370000000000000000e+03,4.059512428090893188e+00
3.371000000000000000e+03,3.347751636987132073e+00
3.372000000000000000e+03,3.909913138405356925e+00
3.373000000000000000e+03,3.550236285815293158e+00
3.374000000000000000e+03,3.750649094180943166e+00
3.375000000000000000e+03,3.654208059961379096e+00
3.376000000000000000e+03,3.789561602106073401e+00
3.377000000000000000e+03,3.981731642398887328e+00
3.378000000000000000e+03,3.595017267995270327e+00
3.379000000000000000e+03,4.126768930182973527e+00
3.380000000000000000e+03,3.772719013404448596e+00
3.381000000000000000e+03,3.879797240422667937e+00
3.382000000000000000e+03,3.740163427216182779e+00
3.383000000000000000e+03,3.807638530914911890e+00
3.384000000000000000e+03,3.505763684874629416e+00
3.385000000000000000e+03,4.098972546401315142e+00
3.386000000000000000e+03,4.050755183004461912e+00
3.387000000000000000e+03,3.926980428405530965e+00
3.388000000000000000e+03,3.434925158567943004e+00
3.389000000000000000e+03,3.621348429068395713e+00
3.390000000000000000e+03,3.694458464283936650e+00
3.391000000000000000e+03,3.725983638450926616e+00
3.392000000000000000e+03,3.751619614312042827e+00
3.393000000000000000e+03,3.861332498554910231e+00
3.394000000000000000e+03,3.550468348182194589e+00
3.395000000000000000e+03,3.487713372876136475e+00
3.396000000000000000e+03,3.624706697026191193e+00
3.397000000000000000e+03,3.753379766213050139e+00
3.398000000000000000e+03,3.990994966640752484e+00
3.399000000000000000e+03,3.719825931368278660e+00
3.400000000000000000e+03,3.629723377386862460e+00
3.401000000000000000e+03,3.417352290080238220e+00
3.402000000000000000e+03,3.944467671084191274e+00
3.403000000000000000e+03,3.735961101312276433e+00
3.404000000000000000e+03,3.599929190632795706e+00
3.405000000000000000e+03,3.595013826299978010e+00
3.406000000000000000e+03,3.830748316089363392e+00
3.407000000000000000e+03,3.542620273173338497e+00
3.408000000000000000e+03,3.873567801519735010e+00
3.409000000000000000e+03,3.964116788902135813e+00
3.410000000000000000e+03,3.740597542866715752e+00
3.411000000000000000e+03,3.854343003563613479e+00
3.412000000000000000e+03,3.547684233760256767e+00
3.413000000000000000e+03,3.703639439971856628e+00
3.414000000000000000e+03,3.710948439234655449e+00
3.415000000000000000e+03,3.592830565657247455e+00
3.416000000000000000e+03,3.543900386005502501e+00
3.417000000000000000e+03,3.550010925843054554e+00
3.418000000000000000e+03,3.551871712561770700e+00
3.419000000000000000e+03,3.746151052527014969e+00
3.420000000000000000e+03,3.707987543262195373e+00
3.421000000000000000e+03,3.547278441399311255e+00
3.422000000000000000e+03,3.825389477718200482e+00
3.423000000000000000e+03,3.652572933182556270e+00
3.424000000000000000e+03,3.935652055281889883e+00
3.425000000000000000e+03,3.646102020994148152e+00
3.426000000000000000e+03,3.791833618592517663e+00
3.427000000000000000e+03,3.796968493429715874e+00
3.428000000000000000e+03,3.691859407910222490e+00
3.429000000000000000e+03,3.984132814375477505e+00
3.430000000000000000e+03,3.307963466478633929e+00
3.431000000000000000e+03,3.607657716803350123e+00
3.432000000000000000e+03,3.544405952938468385e+00
3.433000000000000000e+03,3.900455611615318396e+00
3.434000000000000000e+03,3.791210327941024527e+00
3.435000000000000000e+03,3.781625092468323679e+00
3.436000000000000000e+03,3.408723980399918307e+00
3.437000000000000000e+03,3.539157471326777049e+00
3.438000000000000000e+03,3.896648604082284084e+00
3.439000000000000000e+03,3.620562155230603540e+00
3.440000000000000000e+03,3.575346692562970219e+00
3.441000000000000000e+03,3.822044638014678863e+00
3.442000000000000000e+03,3.880533012873244925e+00
3.443000000000000000e+03,3.660917393642536766e+00
3.444000000000000000e+03,3.753061217728248966e+00
3.445000000000000000e+03,3.826175267447511352e+00
3.446000000000000000e+03,3.630336663632069083e+00
3.447000000000000000e+03,3.810327872039625419e+00
3.448000000000000000e+03,3.735017952388801188e+00
3.449000000000000000e+03,3.764152044088476590e+00
3.450000000000000000e+03,3.494372634807324740e+00
3.451000000000000000e+03,3.576136372519989060e+00
3.452000000000000000e+03,3.825983013255103593e+00
3.453000000000000000e+03,3.992662511869099706e+00
3.454000000000000000e+03,3.396686823536298139e+00
3.455000000000000000e+03,3.635779321286457755e+00
3.456000000000000000e+03,3.815905046752082974e+00
3.457000000000000000e+03,3.540386123766408932e+00
3.458000000000000000e+03,3.490016210349882630e+00
3.459000000000000000e+03,3.560231684942893882e+00
3.460000000000000000e+03,3.834146320354555826e+00
3.461000000000000000e+03,3.533845084750688148e+00
3.462000000000000000e+03,3.476860858937754095e+00
3.463000000000000000e+03,3.657386677373136497e+00
3.464000000000000000e+03,4.034400987684761297e+00
3.465000000000000000e+03,3.586838164073095303e+00
3.466000000000000000e+03,3.559562205345112140e+00
3.467000000000000000e+03,3.811231173255820170e+00
3.468000000000000000e+03,3.485178170206464365e+00
3.469000000000000000e+03,3.646535151894630733e+00
3.470000000000000000e+03,3.539610035629649598e+00
3.471000000000000000e+03,3.702533511912734721e+00
3.472000000000000000e+03,3.940589137153688526e+00
3.473000000000000000e+03,3.469344855578555098e+00
3.474000000000000000e+03,3.919579765911487712e+00
3.475000000000000000e+03,3.492742451011837002e+00
3.476000000000000000e+03,4.026976996605686310e+00
3.477000000000000000e+03,3.636393818963211899e+00
3.478000000000000000e+03,3.637246109738738742e+00
3.479000000000000000e+03,3.734118633462019776e+00
3.480000000000000000e+03,3.785333367412002659e+00
3.481000000000000000e+03,3.814439822836874328e+00
3.482000000000000000e+03,3.576763934498261577e+00
3.483000000000000000e+03,3.763087262038943948e+00
3.484000000000000000e+03,3.686420235240504883e+00
3.485000000000000000e+03,3.500608497879523551e+00
3.486000000000000000e+03,3.764111704577276729e+00
3.487000000000000000e+03,3.779173585079561359e+00
3.488000000000000000e+03,3.855264795721033089e+00
3.489000000000000000e+03,3.655432614668407965e+00
3.490000000000000000e+03,3.651043580924273613e+00
3.491000000000000000e+03,3.684230601225946700e+00
3.492000000000000000e+03,3.956187489292895876e+00
3.493000000000000000e+03,3.881168823174514060e+00
3.494000000000000000e+03,3.874170203600066920e+00
3.495000000000000000e+03,3.758204214462865345e+00
3.496000000000000000e+03,3.701805384283156197e+00
3.497000000000000000e+03,3.912500386090842497e+00
3.498000000000000000e+03,3.837321963240430733e+00
3.499000000000000000e+03,3.574933134442334737e+00
3.500000000000000000e+03,3.905140544674058578e+00
3.501000000000000000e+03,3.520034535670725440e+00
3.502000000000000000e+03,3.623722123850476429e+00
3.503000000000000000e+03,3.653538776501397578e+00
3.504000000000000000e+03,3.749947393844588639e+00
3.505000000000000000e+03,3.525742052409040372e+00
3.506000000000000000e+03,3.769874677923402917e+00
3.507000000000000000e+03,3.942794367960810842e+00
3.508000000000000000e+03,4.104962438479312858e+00
3.509000000000000000e+03,3.675646920331027800e+00
3.510000000000000000e+03,3.826682149345832062e+00
3.511000000000000000e+03,3.938239220567567145e+00
3.512000000000000000e+03,3.908874192683261306e+00
3.513000000000000000e+03,3.625854884771335218e+00
3.514000000000000000e+03,3.684409774465431830e+00
3.515000000000000000e+03,3.511919444040454419e+00
3.516000000000000000e+03,3.584460503827103572e+00
3.517000000000000000e+03,3.875341983174403815e+00
3.518000000000000000e+03,3.681841876111532574e+00
3.519000000000000000e+03,3.687589496173933945e+00
3.520000000000000000e+03,3.526645234725691136e+00
3.521000000000000000e+03,3.782918591208714876e+00
3.522000000000000000e+03,3.312701438839564361e+00
3.523000000000000000e+03,3.968231812568559835e+00
3.524000000000000000e+03,3.807371626180307000e+00
3.525000000000000000e+03,3.576499235714191816e+00
3.526000000000000000e+03,3.876426290101773642e+00
3.527000000000000000e+03,3.813541381861265567e+00
3.528000000000000000e+03,3.729893408084838935e+00
3.529000000000000000e+03,3.352331655732638360e+00
3.530000000000000000e+03,4.065170176127605117e+00
3.531000000000000000e+03,3.927084758964719757e+00
3.532000000000000000e+03,3.829095489640948369e+00
3.533000000000000000e+03,3.921841204343790022e+00
3.534000000000000000e+03,3.413731572558061700e+00
3.535000000000000000e+03,3.503662124656270471e+00
3.536000000000000000e+03,3.795250210743336794e+00
3.537000000000000000e+03,3.734153586162777039e+00
3.538000000000000000e+03,3.566731653721539441e+00
3.539000000000000000e+03,4.010549667996496481e+00
3.540000000000000000e+03,3.872710034038737259e+00
3.541000000000000000e+03,4.200067600414618241e+00
3.542000000000000000e+03,3.767963426236490943e+00
3.543000000000000000e+03,3.768180333590898545e+00
3.544000000000000000e+03,4.025729664554186904e+00
3.545000000000000000e+03,3.932056601874751589e+00
3.546000000000000000e+03,4.027978837550352686e+00
3.547000000000000000e+03,3.723277891525653249e+00
3.548000000000000000e+03,3.700793981861609350e+00
3.549000000000000000e+03,3.696626235783905479e+00
3.550000000000000000e+03,3.938608618211641321e+00
3.551000000000000000e+03,3.606016498816664306e+00
3.552000000000000000e+03,3.625106265465800615e+00
3.553000000000000000e+03,3.692052035974317192e+00
3.554000000000000000e+03,3.534193573706895908e+00
3.555000000000000000e+03,3.847188499599402345e+00
3.556000000000000000e+03,3.545918736716533459e+00
3.557000000000000000e+03,4.082919662866023813e+00
3.558000000000000000e+03,3.997868935914293154e+00
3.559000000000000000e+03,3.452393450322677637e+00
3.560000000000000000e+03,3.761534531785818203e+00
3.561000000000000000e+03,3.532807117611285186e+00
3.562000000000000000e+03,3.792319886836194698e+00
3.563000000000000000e+03,3.612170954255431887e+00
3.564000000000000000e+03,3.752956342086201769e+00
3.565000000000000000e+03,3.915230440301975534e+00
3.566000000000000000e+03,3.846838094568660882e+00
3.567000000000000000e+03,3.727297519145571059e+00
3.568000000000000000e+03,3.548538632527862280e+00
3.569000000000000000e+03,3.776572419426722949e+00
3.570000000000000000e+03,3.688230738747551918e+00
3.571000000000000000e+03,3.770781094886705542e+00
3.572000000000000000e+03,3.757221067912655421e+00
3.573000000000000000e+03,3.593899235185793462e+00
3.574000000000000000e+03,3.628400830748724992e+00
3.575000000000000000e+03,3.574429355495754468e+00
3.576000000000000000e+03,3.456703616971327442e+00
3.577000000000000000e+03,3.594401946604897535e+00
3.578000000000000000e+03,3.519030742398187250e+00
3.579000000000000000e+03,3.469365147984926345e+00
3.580000000000000000e+03,3.795229128787987349e+00
3.581000000000000000e+03,3.330393777722512105e+00
3.582000000000000000e+03,3.533556357904403811e+00
3.583000000000000000e+03,3.832370224156639971e+00
3.584000000000000000e+03,3.858278780346285242e+00
3.585000000000000000e+03,3.576828706811456815e+00
3.586000000000000000e+03,3.697941382350502515e+00
3.587000000000000000e+03,3.968130097036310922e+00
3.588000000000000000e+03,3.712537418486386187e+00
3.589000000000000000e+03,3.721208998748086749e+00
3.590000000000000000e+03,3.886345608645404237e+00
3.591000000000000000e+03,3.758642301032916855e+00
3.592000000000000000e+03,3.480280581855460298e+00
3.593000000000000000e+03,3.825920307878717175e+00
3.594000000000000000e+03,4.059614968485462327e+00
3.595000000000000000e+03,3.876541885834138057e+00
3.596000000000000000e+03,3.734714726891744441e+00
3.597000000000000000e+03,4.050818029449990476e+00
3.598000000000000000e+03,3.723317779843851927e+00
3.599000000000000000e+03,3.757427737575467219e+00
3.600000000000000000e+03,3.790015099554713718e+00
3.601000000000000000e+03,3.585216046119761746e+00
3.602000000000000000e+03,3.905226053370499883e+00
3.603000000000000000e+03,3.624593361382936418e+00
3.604000000000000000e+03,3.869939759714102312e+00
3.605000000000000000e+03,3.628595727360087064e+00
3.606000000000000000e+03,4.041731501524367332e+00
3.607000000000000000e+03,3.658497723005568858e+00
3.608000000000000000e+03,3.674123111745480230e+00
3.609000000000000000e+03,3.833544426674135863e+00
3.610000000000000000e+03,3.804135997881393561e+00
3.611000000000000000e+03,3.909795502242637166e+00
3.612000000000000000e+03,3.731313421199861313e+00
3.613000000000000000e+03,3.467917711143315262e+00
3.614000000000000000e+03,3.597172532866477646e+00
3.615000000000000000e+03,3.896221569503874882e+00
3.616000000000000000e+03,3.717877533102262877e+00
3.617000000000000000e+03,3.721373383782544231e+00
3.618000000000000000e+03,3.699655329427738337e+00
3.619000000000000000e+03,3.630403037093437923e+00
3.620000000000000000e+03,3.913459028135739537e+00
3.621000000000000000e+03,3.551272804802012129e+00
3.622000000000000000e+03,3.695413178348385230e+00
3.623000000000000000e+03,3.664247783111926449e+00
3.624000000000000000e+03,3.697002069612064457e+00
3.625000000000000000e+03,3.550743404257595159e+00
3.626000000000000000e+03,3.900238810763248409e+00
3.627000000000000000e+03,3.529432423862346457e+00
3.628000000000000000e+03,3.622908376975894740e+00
3.629000000000000000e+03,3.631538354447512162e+00
3.630000000000000000e+03,3.972496883425015834e+00
3.631000000000000000e+03,3.995091950794949831e+00
3.632000000000000000e+03,3.871693022943718088e+00
3.633000000000000000e+03,3.883508460474200508e+00
3.634000000000000000e+03,3.939227582552574436e+00
3.635000000000000000e+03,3.591774930077467509e+00
3.636000000000000000e+03,3.732870850780991567e+00
3.637000000000000000e+03,3.953129194741271224e+00
3.638000000000000000e+03,3.988585466144252578e+00
3.639000000000000000e+03,3.667482454694773519e+00
3.640000000000000000e+03,3.950266747854545901e+00
3.641000000000000000e+03,3.780131425578507454e+00
3.642000000000000000e+03,3.473702974576724056e+00
3.643000000000000000e+03,3.614432149162691399e+00
3.644000000000000000e+03,3.621887512090611327e+00
3.645000000000000000e+03,3.753838516273598991e+00
3.646000000000000000e+03,3.536295615820151728e+00
3.647000000000000000e+03,3.837372902334146740e+00
3.648000000000000000e+03,3.785208718831074570e+00
3.649000000000000000e+03,3.703582736435556022e+00
3.650000000000000000e+03,3.684852070026529702e+00
3.651000000000000000e+03,3.856105606095096672e+00
3.652000000000000000e+03,3.503200720279701308e+00
3.653000000000000000e+03,3.607655957313092188e+00
3.654000000000000000e+03,3.896086985284470394e+00
3.655000000000000000e+03,3.505609559432341982e+00
3.656000000000000000e+03,3.829801330592883524e+00
3.657000000000000000e+03,3.189778429673427507e+00
3.658000000000000000e+03,3.541422104586934960e+00
3.659000000000000000e+03,3.425319370943167296e+00
3.660000000000000000e+03,3.990135464537930332e+00
3.661000000000000000e+03,3.471771805473255146e+00
3.662000000000000000e+03,3.725502091321293285e+00
3.663000000000000000e+03,3.857103527607268489e+00
3.664000000000000000e+03,3.977833125204886411e+00
3.665000000000000000e+03,3.733358375926918882e+00
3.666000000000000000e+03,3.507715804957678873e+00
3.667000000000000000e+03,3.286740984335820404e+00
3.668000000000000000e+03,3.654412032151946654e+00
3.669000000000000000e+03,3.513610752347646304e+00
3.670000000000000000e+03,3.951924883599438942e+00
3.671000000000000000e+03,3.896049107349567109e+00
3.672000000000000000e+03,3.670622409163628586e+00
3.673000000000000000e+03,3.590410874870373803e+00
3.674000000000000000e+03,3.743243133847661053e+00
3.675000000000000000e+03,3.412523925129014479e+00
3.676000000000000000e+03,3.719031968886475248e+00
3.677000000000000000e+03,3.683951254271924380e+00
3.678000000000000000e+03,3.725870390966330881e+00
3.679000000000000000e+03,3.710018471873654189e+00
3.680000000000000000e+03,3.640179725479132600e+00
3.681000000000000000e+03,3.715681483190278467e+00
3.682000000000000000e+03,3.354685489330097248e+00
3.683000000000000000e+03,3.776126727672698191e+00
3.684000000000000000e+03,3.789065112199178298e+00
3.685000000000000000e+03,3.730341847812815192e+00
3.686000000000000000e+03,3.605188594925094137e+00
3.687000000000000000e+03,3.440947914862343193e+00
3.688000000000000000e+03,3.499794422798362170e+00
3.689000000000000000e+03,3.803746457204476350e+00
3.690000000000000000e+03,3.820953486646580188e+00
3.691000000000000000e+03,3.560934771133954513e+00
3.692000000000000000e+03,3.511335486452209498e+00
3.693000000000000000e+03,3.823836403576438503e+00
3.694000000000000000e+03,3.708557324121397603e+00
3.695000000000000000e+03,3.745343712418655269e+00
3.696000000000000000e+03,3.620556137901715488e+00
3.697000000000000000e+03,3.860913374423827982e+00
3.698000000000000000e+03,3.639988882034848494e+00
3.699000000000000000e+03,3.837611880495125138e+00
3.700000000000000000e+03,3.703704973385335553e+00
3.701000000000000000e+03,3.901464516859210807e+00
3.702000000000000000e+03,3.883968403223199584e+00
3.703000000000000000e+03,3.807854553360060734e+00
3.704000000000000000e+03,3.960463185349819337e+00
3.705000000000000000e+03,3.555636300610243161e+00
3.706000000000000000e+03,3.440557268618780196e+00
3.707000000000000000e+03,3.797696253296448887e+00
3.708000000000000000e+03,3.574882872383416732e+00
3.709000000000000000e+03,3.637450558270545198e+00
3.710000000000000000e+03,3.509207542092715126e+00
3.711000000000000000e+03,3.959773660840115284e+00
3.712000000000000000e+03,3.488458542051196876e+00
3.713000000000000000e+03,4.008732217245999152e+00
3.714000000000000000e+03,3.617616470556846320e+00
3.715000000000000000e+03,3.827444301375062974e+00
3.716000000000000000e+03,3.672354792283280212e+00
3.717000000000000000e+03,3.807568863805619319e+00
3.718000000000000000e+03,4.107589189018758802e+00
3.719000000000000000e+03,3.676851139125383305e+00
3.720000000000000000e+03,3.608708007994376743e+00
3.721000000000000000e+03,3.624859142471177798e+00
3.722000000000000000e+03,3.790319309540219006e+00
3.723000000000000000e+03,3.834172077447564497e+00
3.724000000000000000e+03,3.690498456739788047e+00
3.725000000000000000e+03,3.669810535480637181e+00
3.726000000000000000e+03,3.624656285716091553e+00
3.727000000000000000e+03,3.663816333886270815e+00
3.728000000000000000e+03,3.467221522009491519e+00
3.729000000000000000e+03,3.733837031630476311e+00
3.730000000000000000e+03,3.805961138335916427e+00
3.731000000000000000e+03,3.901450266154231628e+00
3.732000000000000000e+03,3.877044794300273267e+00
3.733000000000000000e+03,3.641019099642617718e+00
3.734000000000000000e+03,3.530932365417418506e+00
3.735000000000000000e+03,3.755822016839297728e+00
3.736000000000000000e+03,3.964284252044012913e+00
3.737000000000000000e+03,3.597200556655536730e+00
3.738000000000000000e+03,3.716146625825559546e+00
3.739000000000000000e+03,3.825266315336593337e+00
3.740000000000000000e+03,3.773269242643243260e+00
3.741000000000000000e+03,3.756476774155501186e+00
3.742000000000000000e+03,3.499928044244135172e+00
3.743000000000000000e+03,3.533010650642388395e+00
3.744000000000000000e+03,3.804188656669955204e+00
3.745000000000000000e+03,3.420389727917743095e+00
3.746000000000000000e+03,3.365202097102157008e+00
3.747000000000000000e+03,3.422582225703862502e+00
3.748000000000000000e+03,3.435694371128109381e+00
3.749000000000000000e+03,3.756062199303984439e+00
3.750000000000000000e+03,3.922310558771164857e+00
3.751000000000000000e+03,3.672964527773729060e+00
3.752000000000000000e+03,3.652031272053035238e+00
3.753000000000000000e+03,4.008151438794948618e+00
3.754000000000000000e+03,3.576156930546556367e+00
3.755000000000000000e+03,3.694685619402179100e+00
3.756000000000000000e+03,3.899094440550757490e+00
3.757000000000000000e+03,3.546616891666813931e+00
3.758000000000000000e+03,3.563538176734666774e+00
3.759000000000000000e+03,3.831684674877545937e+00
3.760000000000000000e+03,3.931596447592094368e+00
3.761000000000000000e+03,3.646949720594844013e+00
3.762000000000000000e+03,3.473501712387475848e+00
3.763000000000000000e+03,3.885197983225300078e+00
3.764000000000000000e+03,3.505792595653629551e+00
3.765000000000000000e+03,3.893804770851217789e+00
3.766000000000000000e+03,3.657757414956776199e+00
3.767000000000000000e+03,3.571744676443317168e+00
3.768000000000000000e+03,3.739610984588878306e+00
3.769000000000000000e+03,3.974416442189135701e+00
3.770000000000000000e+03,3.500262957745698955e+00
3.771000000000000000e+03,3.836310874459478715e+00
3.772000000000000000e+03,3.855948818047945093e+00
3.773000000000000000e+03,3.706657629230235784e+00
3.774000000000000000e+03,3.849619738127774582e+00
3.775000000000000000e+03,3.815257188339300498e+00
3.776000000000000000e+03,3.480637489378346494e+00
3.777000000000000000e+03,3.579137516683172482e+00
3.778000000000000000e+03,3.855018388693515430e+00
3.779000000000000000e+03,3.879086943182694647e+00
3.780000000000000000e+03,3.842805972601990305e+00
3.781000000000000000e+03,3.875301613896268371e+00
3.782000000000000000e+03,3.675409734638483084e+00
3.783000000000000000e+03,3.687504919906421375e+00
3.784000000000000000e+03,3.840426813529734584e+00
3.785000000000000000e+03,3.603921707286655174e+00
3.786000000000000000e+03,3.960126045698327157e+00
3.787000000000000000e+03,3.792455586983779714e+00
3.788000000000000000e+03,3.863236459329429273e+00
3.789000000000000000e+03,3.397965552935682698e+00
3.790000000000000000e+03,4.038441249407846101e+00
3.791000000000000000e+03,3.563226900172099310e+00
3.792000000000000000e+03,4.038659414138010995e+00
3.793000000000000000e+03,3.617548428218723355e+00
3.794000000000000000e+03,3.840519043896645446e+00
3.795000000000000000e+03,3.638056115722900330e+00
3.796000000000000000e+03,3.448469640846535178e+00
3.797000000000000000e+03,3.615987508354069568e+00
3.798000000000000000e+03,3.634048238290868760e+00
3.799000000000000000e+03,3.700623427471289251e+00
3.800000000000000000e+03,3.708587015657682340e+00
3.801000000000000000e+03,3.420793450614673770e+00
3.802000000000000000e+03,3.601436486147353122e+00
3.803000000000000000e+03,3.620090957429022094e+00
3.804000000000000000e+03,3.681388902156585097e+00
3.805000000000000000e+03,3.826383641880733322e+00
3.806000000000000000e+03,3.773824415362481144e+00
3.807000000000000000e+03,3.603085275630482975e+00
3.808000000000000000e+03,3.488689543531696469e+00
3.809000000000000000e+03,3.779441328667533462e+00
3.810000000000000000e+03,3.449464972536225194e+00
3.811000000000000000e+03,3.794967889415220785e+00
3.812000000000000000e+03,3.761010759986241236e+00
3.813000000000000000e+03,3.573501841281159219e+00
3.814000000000000000e+03,3.609786103222666132e+00
3.815000000000000000e+03,3.554403513913270807e+00
3.816000000000000000e+03,3.676657000289119015e+00
3.817000000000000000e+03,3.614807366674990696e+00
3.818000000000000000e+03,3.597004011036974980e+00
3.819000000000000000e+03,3.723348885179277978e+00
3.820000000000000000e+03,3.522161410506099433e+00
3.821000000000000000e+03,3.575716864609044254e+00
3.822000000000000000e+03,3.552768118702973599e+00
3.823000000000000000e+03,3.873538184195464140e+00
3.824000000000000000e+03,3.759334688203134434e+00
3.825000000000000000e+03,3.859178488244174865e+00
3.826000000000000000e+03,3.803898225612194040e+00
3.827000000000000000e+03,3.675627972569972979e+00
3.828000000000000000e+03,3.650563147925989682e+00
3.829000000000000000e+03,3.795735496734199632e+00
3.830000000000000000e+03,3.902257139292415911e+00
3.831000000000000000e+03,3.838882343051477797e+00
3.832000000000000000e+03,3.856152915188157060e+00
3.833000000000000000e+03,3.913317393653471754e+00
3.834000000000000000e+03,3.585160426571025294e+00
3.835000000000000000e+03,3.738490214217432328e+00
3.836000000000000000e+03,3.446902055954926603e+00
3.837000000000000000e+03,3.568308194268391631e+00
3.838000000000000000e+03,3.685571099099514303e+00
3.839000000000000000e+03,3.602177349894924774e+00
3.840000000000000000e+03,3.819162993095322367e+00
3.841000000000000000e+03,3.754046678444248109e+00
3.842000000000000000e+03,3.932495705558784582e+00
3.843000000000000000e+03,3.707377564147589233e+00
3.844000000000000000e+03,3.789719713193907769e+00
3.845000000000000000e+03,3.644478122830833833e+00
3.846000000000000000e+03,3.974096003859663995e+00
3.847000000000000000e+03,3.614312624469070645e+00
3.848000000000000000e+03,3.673967145492288644e+00
3.849000000000000000e+03,3.944650276373312447e+00
3.850000000000000000e+03,3.446478945218035328e+00
3.851000000000000000e+03,3.992724083637651411e+00
3.852000000000000000e+03,3.465542550131603949e+00
3.853000000000000000e+03,3.626801090071825495e+00
3.854000000000000000e+03,3.806346969504533106e+00
3.855000000000000000e+03,3.552253271921181454e+00
3.856000000000000000e+03,3.587297407376246472e+00
3.857000000000000000e+03,3.688367197749025994e+00
3.858000000000000000e+03,3.474085897122159761e+00
3.859000000000000000e+03,3.968580008630431255e+00
3.860000000000000000e+03,3.980845320256752196e+00
3.861000000000000000e+03,3.819361711964683881e+00
3.862000000000000000e+03,3.900418592705098053e+00
3.863000000000000000e+03,3.777685480676238328e+00
3.864000000000000000e+03,3.372372563852218619e+00
3.865000000000000000e+03,3.634326612044112448e+00
3.866000000000000000e+03,3.964070657556067800e+00
3.867000000000000000e+03,3.599783588210824004e+00
3.868000000000000000e+03,3.539723595380737553e+00
3.869000000000000000e+03,3.818543530748216064e+00
3.870000000000000000e+03,3.550384804040320308e+00
3.871000000000000000e+03,3.660744533422698677e+00
3.872000000000000000e+03,4.034201944053395827e+00
3.873000000000000000e+03,3.839547456300998807e+00
3.874000000000000000e+03,3.572979626833693967e+00
3.875000000000000000e+03,3.607182314585069882e+00
3.876000000000000000e+03,3.746860919512127186e+00
3.877000000000000000e+03,3.557500256978564313e+00
3.878000000000000000e+03,3.551777576965676086e+00
3.879000000000000000e+03,3.347056917983883828e+00
3.880000000000000000e+03,3.931727512882776221e+00
3.881000000000000000e+03,3.626025233524634572e+00
3.882000000000000000e+03,3.621513886457409015e+00
3.883000000000000000e+03,3.680003748631503591e+00
3.884000000000000000e+03,3.949198898397215274e+00
3.885000000000000000e+03,3.893631437794518924e+00
3.886000000000000000e+03,3.494060668222306543e+00
3.887000000000000000e+03,3.786447925315307383e+00
3.888000000000000000e+03,3.663340261864445502e+00
3.889000000000000000e+03,3.562126242411977728e+00
3.890000000000000000e+03,4.133790065222954446e+00
3.891000000000000000e+03,3.668953964548140156e+00
3.892000000000000000e+03,3.515542010460802835e+00
3.893000000000000000e+03,3.725991427118806154e+00
3.894000000000000000e+03,3.523581246857638405e+00
3.895000000000000000e+03,3.839466876451025801e+00
3.896000000000000000e+03,3.173847641983712720e+00
3.897000000000000000e+03,3.424153469295394103e+00
3.898000000000000000e+03,3.677692082042534505e+00
3.899000000000000000e+03,3.477379368730353359e+00
3.900000000000000000e+03,3.701187854839730118e+00
3.901000000000000000e+03,3.736105763175110450e+00
3.902000000000000000e+03,3.778439552523004785e+00
3.903000000000000000e+03,3.648888879923577466e+00
3.904000000000000000e+03,3.716997362424230289e+00
3.905000000000000000e+03,3.612293412059699893e+00
3.906000000000000000e+03,3.951980150139445147e+00
3.907000000000000000e+03,3.992810713319006943e+00
3.908000000000000000e+03,3.590416683316008495e+00
3.909000000000000000e+03,3.536636926783662371e+00
3.910000000000000000e+03,3.709830852406230228e+00
3.911000000000000000e+03,3.633461803522774147e+00
3.912000000000000000e+03,3.592680706425732673e+00
3.913000000000000000e+03,3.632114971554095018e+00
3.914000000000000000e+03,3.250184162721153847e+00
3.915000000000000000e+03,3.561267095954659734e+00
3.916000000000000000e+03,3.655436184059464022e+00
3.917000000000000000e+03,3.565802213644407193e+00
3.918000000000000000e+03,3.718563932766286051e+00
3.919000000000000000e+03,3.407819289360288106e+00
3.920000000000000000e+03,3.361015358814047893e+00
3.921000000000000000e+03,4.070814185389880713e+00
3.922000000000000000e+03,3.458002985015222297e+00
3.923000000000000000e+03,3.848439048895742065e+00
3.924000000000000000e+03,3.863293091928825973e+00
3.925000000000000000e+03,3.873092810693143484e+00
3.926000000000000000e+03,3.828743691318983178e+00
3.927000000000000000e+03,3.646904459889056316e+00
3.928000000000000000e+03,3.750017849790179714e+00
3.929000000000000000e+03,3.313417802547647728e+00
3.930000000000000000e+03,3.427570535702701982e+00
3.931000000000000000e+03,3.218983093755616309e+00
3.932000000000000000e+03,3.827624350484039262e+00
3.933000000000000000e+03,3.594253933286494895e+00
3.934000000000000000e+03,3.653388879038914627e+00
3.935000000000000000e+03,3.514015719097286272e+00
3.936000000000000000e+03,3.611064098571308278e+00
3.937000000000000000e+03,3.554693972431879345e+00
3.938000000000000000e+03,3.628298244832399710e+00
3.939000000000000000e+03,3.671269445953717625e+00
3.940000000000000000e+03,3.978025422666971345e+00
3.941000000000000000e+03,3.754378770809716492e+00
3.942000000000000000e+03,3.808318765594821631e+00
3.943000000000000000e+03,3.631570835000993647e+00
3.944000000000000000e+03,3.795010376831123633e+00
3.945000000000000000e+03,3.549040229753434694e+00
3.946000000000000000e+03,3.323660308694214915e+00
3.947000000000000000e+03,3.754949636098082522e+00
3.948000000000000000e+03,3.688212768124468077e+00
3.949000000000000000e+03,3.415619711513604440e+00
3.950000000000000000e+03,3.773438158695511024e+00
3.951000000000000000e+03,3.505695834749313455e+00
3.952000000000000000e+03,3.730551636391571613e+00
3.953000000000000000e+03,3.747639642738814114e+00
3.954000000000000000e+03,3.612242018658911924e+00
3.955000000000000000e+03,3.935817473532257527e+00
3.956000000000000000e+03,3.429087693720334951e+00
3.957000000000000000e+03,3.686278546496760011e+00
3.958000000000000000e+03,3.630331735952498473e+00
3.959000000000000000e+03,3.837644491877413966e+00
3.960000000000000000e+03,3.809920741517706766e+00
3.961000000000000000e+03,3.940420927818040209e+00
3.962000000000000000e+03,3.731935983935509960e+00
3.963000000000000000e+03,3.462882704612275209e+00
3.964000000000000000e+03,3.437705297564556339e+00
3.965000000000000000e+03,3.571359994316340547e+00
3.966000000000000000e+03,3.597298608622518490e+00
3.967000000000000000e+03,3.568378870126303504e+00
3.968000000000000000e+03,3.738840260405011051e+00
3.969000000000000000e+03,3.660872286988464452e+00
3.970000000000000000e+03,3.487134550681377121e+00
3.971000000000000000e+03,3.566702170677213068e+00
3.972000000000000000e+03,3.400056314510679911e+00
3.973000000000000000e+03,3.643978535761266624e+00
3.974000000000000000e+03,3.923143255680645147e+00
3.975000000000000000e+03,3.517498327503184363e+00
3.976000000000000000e+03,3.811956599465162743e+00
3.977000000000000000e+03,3.378951988079375024e+00
3.978000000000000000e+03,3.572266954198726641e+00
3.979000000000000000e+03,3.725491327061055902e+00
3.980000000000000000e+03,3.292335179175330140e+00
3.981000000000000000e+03,3.506460027583462313e+00
3.982000000000000000e+03,3.613179156242404044e+00
3.983000000000000000e+03,3.559430320305943418e+00
3.984000000000000000e+03,3.591146046328706820e+00
3.985000000000000000e+03,3.937871261636836984e+00
3.986000000000000000e+03,3.821954201504743853e+00
3.987000000000000000e+03,3.221613420780176540e+00
3.988000000000000000e+03,3.718099949861228826e+00
3.989000000000000000e+03,3.873663089867470877e+00
3.990000000000000000e+03,3.823782830982103587e+00
3.991000000000000000e+03,3.542182960556243820e+00
3.992000000000000000e+03,3.621960873443971440e+00
3.993000000000000000e+03,3.824324926976753414e+00
3.994000000000000000e+03,3.595505885254342449e+00
3.995000000000000000e+03,3.817071948169607154e+00
3.996000000000000000e+03,3.438179800826991706e+00
3.997000000000000000e+03,3.776550828194448428e+00
3.998000000000000000e+03,3.356185882487995098e+00
3.999000000000000000e+03,3.651852749968300671e+00
4.000000000000000000e+03,3.447605181521674833e+00
4.001000000000000000e+03,3.934412751525874885e+00
4.002000000000000000e+03,3.391000558974385459e+00
4.003000000000000000e+03,3.747589285053612329e+00
4.004000000000000000e+03,3.865424461834338743e+00
4.005000000000000000e+03,3.549924764044357417e+00
4.006000000000000000e+03,4.346347943327391938e+00
4.007000000000000000e+03,3.174640054150661861e+00
4.008000000000000000e+03,3.714678850972936264e+00
4.009000000000000000e+03,3.815700748749393245e+00
4.010000000000000000e+03,3.910526990907280176e+00
4.011000000000000000e+03,3.709174624394272701e+00
4.012000000000000000e+03,3.638984410256249191e+00
4.013000000000000000e+03,3.518027896814446276e+00
4.014000000000000000e+03,4.123977499733966212e+00
4.015000000000000000e+03,3.882760801461611067e+00
4.016000000000000000e+03,3.775075722713935544e+00
4.017000000000000000e+03,3.647580703882700615e+00
4.018000000000000000e+03,3.471694351182203153e+00
4.019000000000000000e+03,3.912511065987284375e+00
4.020000000000000000e+03,3.865689511456885441e+00
4.021000000000000000e+03,3.620922213179807336e+00
4.022000000000000000e+03,3.622211749197344677e+00
4.023000000000000000e+03,3.817908973277037710e+00
4.024000000000000000e+03,3.605164806793403898e+00
4.025000000000000000e+03,3.721556769241277873e+00
4.026000000000000000e+03,3.540122417111119191e+00
4.027000000000000000e+03,3.839063229814958511e+00
4.028000000000000000e+03,3.512611198915436272e+00
4.029000000000000000e+03,3.713803410059340226e+00
4.030000000000000000e+03,3.631044037593404994e+00
4.031000000000000000e+03,3.718673253666190170e+00
4.032000000000000000e+03,3.781075527285560511e+00
4.033000000000000000e+03,3.580944461724822059e+00
4.034000000000000000e+03,3.546254153022033062e+00
4.035000000000000000e+03,3.762000063818695672e+00
4.036000000000000000e+03,3.795755756341579801e+00
4.037000000000000000e+03,3.865857301355005937e+00
4.038000000000000000e+03,3.709118570065271125e+00
4.039000000000000000e+03,3.938550316943459251e+00
4.040000000000000000e+03,3.749582056731539659e+00
4.041000000000000000e+03,3.684441826121067187e+00
4.042000000000000000e+03,3.887362968378183847e+00
4.043000000000000000e+03,3.462954816195174423e+00
4.044000000000000000e+03,3.773748608866811960e+00
4.045000000000000000e+03,3.666084899085051862e+00
4.046000000000000000e+03,3.285335478736979731e+00
4.047000000000000000e+03,3.749251260417909126e+00
4.048000000000000000e+03,3.349475566573825169e+00
4.049000000000000000e+03,3.649897214939184842e+00
4.050000000000000000e+03,3.590533707270807451e+00
4.051000000000000000e+03,3.895195663016903342e+00
4.052000000000000000e+03,3.783609313097052951e+00
4.053000000000000000e+03,3.497531629826100996e+00
4.054000000000000000e+03,3.747972998625473284e+00
4.055000000000000000e+03,3.395012271179397523e+00
4.056000000000000000e+03,3.568972502493721333e+00
4.057000000000000000e+03,3.457859071998664824e+00
4.058000000000000000e+03,3.835386299846570424e+00
4.059000000000000000e+03,3.770248292001598056e+00
4.060000000000000000e+03,3.797081436575035607e+00
4.061000000000000000e+03,3.626431611683730072e+00
4.062000000000000000e+03,3.497625565315743756e+00
4.063000000000000000e+03,3.442309377723961283e+00
4.064000000000000000e+03,3.583081036072141234e+00
4.065000000000000000e+03,3.893685218537438431e+00
4.066000000000000000e+03,3.965105306545491981e+00
4.067000000000000000e+03,3.978465685868095569e+00
4.068000000000000000e+03,3.886131137738993768e+00
4.069000000000000000e+03,3.687834875134498702e+00
4.070000000000000000e+03,3.538864754866562379e+00
4.071000000000000000e+03,3.924065869170775045e+00
4.072000000000000000e+03,3.569482952037484669e+00
4.073000000000000000e+03,3.612723444926706939e+00
4.074000000000000000e+03,3.498124494051481737e+00
4.075000000000000000e+03,3.874761937515997179e+00
4.076000000000000000e+03,3.484300746979866137e+00
4.077000000000000000e+03,3.610646970113971399e+00
4.078000000000000000e+03,3.311329999428789250e+00
4.079000000000000000e+03,3.588845967899790601e+00
4.080000000000000000e+03,3.937230915769188933e+00
4.081000000000000000e+03,3.751056634614878593e+00
4.082000000000000000e+03,3.497301473897668433e+00
4.083000000000000000e+03,3.618073135999007039e+00
4.084000000000000000e+03,3.424060041423550693e+00
4.085000000000000000e+03,3.780156327427688812e+00
4.086000000000000000e+03,3.663012291467739434e+00
4.087000000000000000e+03,3.760666510266071683e+00
4.088000000000000000e+03,3.782224857637379145e+00
4.089000000000000000e+03,3.905709225798004613e+00
4.090000000000000000e+03,4.019504394204561848e+00
4.091000000000000000e+03,3.767408535018139659e+00
4.092000000000000000e+03,3.448012655623437173e+00
4.093000000000000000e+03,3.503369300963691479e+00
4.094000000000000000e+03,3.566860713185418863e+00
4.095000000000000000e+03,3.448918137429209718e+00
4.096000000000000000e+03,3.654173059609501450e+00
4.097000000000000000e+03,3.775172846557414363e+00
4.098000000000000000e+03,3.637990805417796292e+00
4.099000000000000000e+03,3.622934342911307226e+00
4.100000000000000000e+03,3.689224588987811249e+00
4.101000000000000000e+03,3.676275742499774957e+00
4.102000000000000000e+03,3.736317210427386293e+00
4.103000000000000000e+03,3.698126170855402073e+00
4.104000000000000000e+03,3.889456225114397814e+00
4.105000000000000000e+03,3.775620606312763083e+00
4.106000000000000000e+03,3.330844714711953536e+00
4.107000000000000000e+03,3.999139008935508333e+00
4.108000000000000000e+03,3.579108680605051607e+00
4.109000000000000000e+03,3.240280445155088174e+00
4.110000000000000000e+03,3.954309735299024187e+00
4.111000000000000000e+03,3.549189649620734244e+00
4.112000000000000000e+03,3.596581515728352496e+00
4.113000000000000000e+03,3.407136319236499400e+00
4.114000000000000000e+03,3.700664322830526043e+00
4.115000000000000000e+03,3.730412105950201784e+00
4.116000000000000000e+03,3.805151555048097656e+00
4.117000000000000000e+03,3.521517773653470407e+00
4.118000000000000000e+03,3.550735388635203993e+00
4.119000000000000000e+03,3.789907855552635763e+00
4.120000000000000000e+03,3.660140034577952672e+00
4.121000000000000000e+03,3.780604295512591140e+00
4.122000000000000000e+03,3.329361015314343142e+00
4.123000000000000000e+03,3.660325979942676167e+00
4.124000000000000000e+03,3.726989393668238559e+00
4.125000000000000000e+03,3.874699383280803211e+00
4.126000000000000000e+03,3.645343410349158209e+00
4.127000000000000000e+03,3.769570391873911408e+00
4.128000000000000000e+03,3.530430262030525235e+00
4.129000000000000000e+03,3.995580198662187055e+00
4.130000000000000000e+03,3.920110206546397524e+00
4.131000000000000000e+03,4.064929624515469797e+00
4.132000000000000000e+03,3.666454412985926226e+00
4.133000000000000000e+03,3.382846147493239641e+00
4.134000000000000000e+03,4.010084747381131187e+00
4.135000000000000000e+03,3.785333454839512335e+00
4.136000000000000000e+03,3.474605355912054883e+00
4.137000000000000000e+03,3.677326940612382078e+00
4.138000000000000000e+03,3.539322944000586446e+00
4.139000000000000000e+03,3.788890711216626350e+00
4.140000000000000000e+03,3.256013156460131341e+00
4.141000000000000000e+03,3.768108384673685141e+00
4.142000000000000000e+03,4.086188618659279292e+00
4.143000000000000000e+03,3.533216079816234423e+00
4.144000000000000000e+03,3.580151710477557536e+00
4.145000000000000000e+03,3.851794924245816709e+00
4.146000000000000000e+03,3.459250931308434307e+00
4.147000000000000000e+03,3.971929557754670714e+00
4.148000000000000000e+03,3.720075961297241829e+00
4.149000000000000000e+03,3.740577241546673370e+00
4.150000000000000000e+03,3.869051816067476057e+00
4.151000000000000000e+03,3.707481899015466098e+00
4.152000000000000000e+03,4.286808736183830071e+00
4.153000000000000000e+03,3.863131677280887466e+00
4.154000000000000000e+03,3.731541785445875448e+00
4.155000000000000000e+03,3.751043209917953813e+00
4.156000000000000000e+03,3.371750483212981209e+00
4.157000000000000000e+03,3.806205383660167474e+00
4.158000000000000000e+03,3.615932161302744419e+00
4.159000000000000000e+03,3.804641254548103646e+00
4.160000000000000000e+03,4.086244435467119906e+00
4.161000000000000000e+03,3.449317160046845743e+00
4.162000000000000000e+03,3.473007778441703941e+00
4.163000000000000000e+03,3.348605567641496972e+00
4.164000000000000000e+03,3.698490642345096280e+00
4.165000000000000000e+03,3.826529460627394741e+00
4.166000000000000000e+03,3.682079026229096552e+00
4.167000000000000000e+03,3.990518461165736941e+00
4.168000000000000000e+03,3.675558997655607119e+00
4.169000000000000000e+03,3.765168517178472563e+00
4.170000000000000000e+03,3.840074306797448322e+00
4.171000000000000000e+03,3.333168314503963447e+00
4.172000000000000000e+03,3.751217074201743884e+00
4.173000000000000000e+03,3.740032245136240885e+00
4.174000000000000000e+03,3.592949805437597011e+00
4.175000000000000000e+03,3.796474459333512463e+00
4.176000000000000000e+03,3.700948980777738040e+00
4.177000000000000000e+03,3.991544415067097784e+00
4.178000000000000000e+03,3.505458076502843134e+00
4.179000000000000000e+03,3.777816101168253837e+00
4.180000000000000000e+03,3.580373610525089401e+00
4.181000000000000000e+03,3.681302615383723165e+00
4.182000000000000000e+03,4.011760353864543660e+00
4.183000000000000000e+03,3.677738630684707299e+00
4.184000000000000000e+03,3.584836813549392431e+00
4.185000000000000000e+03,3.621546588211443485e+00
4.186000000000000000e+03,3.643356839375951672e+00
4.187000000000000000e+03,3.600839953250492442e+00
4.188000000000000000e+03,3.825213252347521742e+00
4.189000000000000000e+03,3.845140491854217135e+00
4.190000000000000000e+03,3.716099164065893135e+00
4.191000000000000000e+03,3.591970793593137312e+00
4.192000000000000000e+03,3.532880999381897702e+00
4.193000000000000000e+03,3.889129059015082213e+00
4.194000000000000000e+03,3.605769482770310841e+00
4.195000000000000000e+03,3.986030824733783451e+00
4.196000000000000000e+03,3.768785465806966162e+00
4.197000000000000000e+03,3.752329077421030057e+00
4.198000000000000000e+03,3.725463999587319552e+00
4.199000000000000000e+03,3.245637483411462743e+00
4.200000000000000000e+03,3.681956380131591544e+00
4.201000000000000000e+03,3.714640741193554252e+00
4.202000000000000000e+03,3.901759977472388119e+00
4.203000000000000000e+03,3.695306376558455508e+00
4.204000000000000000e+03,3.542269706668081053e+00
4.205000000000000000e+03,3.507956464006213526e+00
4.206000000000000000e+03,3.733356801147902804e+00
4.207000000000000000e+03,3.555423601965112201e+00
4.208000000000000000e+03,3.623040878072022686e+00
4.209000000000000000e+03,3.649153223240755750e+00
4.210000000000000000e+03,3.607467459559997369e+00
4.211000000000000000e+03,3.614086708192702613e+00
4.212000000000000000e+03,3.865906450981761111e+00
4.213000000000000000e+03,3.525239807124274982e+00
4.214000000000000000e+03,3.799347943736527178e+00
4.215000000000000000e+03,3.406391071689681027e+00
4.216000000000000000e+03,3.715582229738457976e+00
4.217000000000000000e+03,3.854452899823952450e+00
4.218000000000000000e+03,3.284416298293465264e+00
4.219000000000000000e+03,3.697668644004908245e+00
4.220000000000000000e+03,3.597344839254303039e+00
4.221000000000000000e+03,3.770657142557609642e+00
4.222000000000000000e+03,3.763615180659788173e+00
4.223000000000000000e+03,3.626618734411731992e+00
4.224000000000000000e+03,3.586988446924013196e+00
4.225000000000000000e+03,3.867723102770952437e+00
4.226000000000000000e+03,3.947093783446625537e+00
4.227000000000000000e+03,3.594799929229046676e+00
4.228000000000000000e+03,3.738009724026647440e+00
4.229000000000000000e+03,3.766835517382203236e+00
4.230000000000000000e+03,3.660781413808682938e+00
4.231000000000000000e+03,3.637482520056814383e+00
4.232000000000000000e+03,3.493155467562723437e+00
4.233000000000000000e+03,3.486932557402397936e+00
4.234000000000000000e+03,3.989732358009569158e+00
4.235000000000000000e+03,3.873306027548335084e+00
4.236000000000000000e+03,3.461023824055026843e+00
4.237000000000000000e+03,3.905438733828871634e+00
4.238000000000000000e+03,3.625599226290728172e+00
4.239000000000000000e+03,3.830945635168430563e+00
4.240000000000000000e+03,3.648814707035618277e+00
4.241000000000000000e+03,3.336808371876346158e+00
4.242000000000000000e+03,3.968044190724769216e+00
4.243000000000000000e+03,3.969158664067966580e+00
4.244000000000000000e+03,3.493895100293939571e+00
4.245000000000000000e+03,3.828290530639764100e+00
4.246000000000000000e+03,3.364892474859134897e+00
4.247000000000000000e+03,3.799954097459405933e+00
4.248000000000000000e+03,3.296498412098573194e+00
4.249000000000000000e+03,3.788947782551759680e+00
4.250000000000000000e+03,3.560577563808937196e+00
4.251000000000000000e+03,3.652168608744232436e+00
4.252000000000000000e+03,3.807802640942600902e+00
4.253000000000000000e+03,3.740634545413958456e+00
4.254000000000000000e+03,3.630926472590786602e+00
4.255000000000000000e+03,3.866483568164358786e+00
4.256000000000000000e+03,3.529648552386633664e+00
4.257000000000000000e+03,4.020015938509312825e+00
4.258000000000000000e+03,3.965671504036519579e+00
4.259000000000000000e+03,4.016193654159658344e+00
4.260000000000000000e+03,3.680037940180701739e+00
4.261000000000000000e+03,3.530492653038558526e+00
4.262000000000000000e+03,3.961643378977258489e+00
4.263000000000000000e+03,3.724067237531729635e+00
4.264000000000000000e+03,3.575262744364258172e+00
4.265000000000000000e+03,3.749949901703684141e+00
4.266000000000000000e+03,3.585791595824757927e+00
4.267000000000000000e+03,3.371019128452295455e+00
4.268000000000000000e+03,3.269303925963604307e+00
4.269000000000000000e+03,3.969523951447957888e+00
4.270000000000000000e+03,3.430157366566243482e+00
4.271000000000000000e+03,3.940690129623625193e+00
4.272000000000000000e+03,3.756611847444149888e+00
4.273000000000000000e+03,3.730037670609139155e+00
4.274000000000000000e+03,3.950026356761265678e+00
4.275000000000000000e+03,3.936764617088121199e+00
4.276000000000000000e+03,3.318659926816648564e+00
4.277000000000000000e+03,3.614160651193369933e+00
4.278000000000000000e+03,3.533865626518839953e+00
4.279000000000000000e+03,3.619093298029257166e+00
4.280000000000000000e+03,3.684871875966987620e+00
4.281000000000000000e+03,3.662817871804595615e+00
4.282000000000000000e+03,3.375972291719607110e+00
4.283000000000000000e+03,3.439413761624611432e+00
4.284000000000000000e+03,3.523837801911624990e+00
4.285000000000000000e+03,3.715421044572372544e+00
4.286000000000000000e+03,3.666025786117180996e+00
4.287000000000000000e+03,3.607184099650929454e+00
4.288000000000000000e+03,4.086832790297798113e+00
4.289000000000000000e+03,3.429071480174932240e+00
4.290000000000000000e+03,3.811920410599719311e+00
4.291000000000000000e+03,3.604585930525652682e+00
4.292000000000000000e+03,3.375652904844018476e+00
4.293000000000000000e+03,4.079140634549298206e+00
4.294000000000000000e+03,3.812576178738956489e+00
4.295000000000000000e+03,3.750811933311769319e+00
4.296000000000000000e+03,3.439145932426790786e+00
4.297000000000000000e+03,3.962163024993546223e+00
4.298000000000000000e+03,3.699661209812161289e+00
4.299000000000000000e+03,3.482006231017391151e+00
4.300000000000000000e+03,3.796368002937211994e+00
4.301000000000000000e+03,3.745670923369593286e+00
4.302000000000000000e+03,3.797611226625745129e+00
4.303000000000000000e+03,3.484452292850810373e+00
4.304000000000000000e+03,3.787069055882900770e+00
4.305000000000000000e+03,3.686695716592194305e+00
4.306000000000000000e+03,3.687222900048955587e+00
4.307000000000000000e+03,3.702649202219391533e+00
4.308000000000000000e+03,3.907708971171385048e+00
4.309000000000000000e+03,3.715516089773279962e+00
4.310000000000000000e+03,3.579115463417790632e+00
4.311000000000000000e+03,4.144360980095001423e+00
4.312000000000000000e+03,3.934917317020768301e+00
4.313000000000000000e+03,3.934559522238862961e+00
4.314000000000000000e+03,3.791425614459650095e+00
4.315000000000000000e+03,3.929267806847201339e+00
4.316000000000000000e+03,3.747301557602157551e+00
4.317000000000000000e+03,3.449490473914377908e+00
4.318000000000000000e+03,3.986635061741420571e+00
4.319000000000000000e+03,3.712503763600582207e+00
4.320000000000000000e+03,3.408592412618697054e+00
4.321000000000000000e+03,3.976081630037467729e+00
4.322000000000000000e+03,3.538777965792603286e+00
4.323000000000000000e+03,3.775015021540863547e+00
4.324000000000000000e+03,3.695683673213911558e+00
4.325000000000000000e+03,3.276664095453048375e+00
4.326000000000000000e+03,3.735511847911083372e+00
4.327000000000000000e+03,4.057067467785486770e+00
4.328000000000000000e+03,3.564296815743023039e+00
4.329000000000000000e+03,3.743199950339410886e+00
4.330000000000000000e+03,4.027135673865304355e+00
4.331000000000000000e+03,3.893365612902061290e+00
4.332000000000000000e+03,3.777139745149182382e+00
4.333000000000000000e+03,3.779925406723519732e+00
4.334000000000000000e+03,3.918610700207196373e+00
4.335000000000000000e+03,3.649594588809581985e+00
4.336000000000000000e+03,3.464606890541681583e+00
4.337000000000000000e+03,3.841963484330985779e+00
4.338000000000000000e+03,3.830997673234783907e+00
4.339000000000000000e+03,3.566898972214486818e+00
4.340000000000000000e+03,3.811462254688233298e+00
4.341000000000000000e+03,3.795348396238734434e+00
4.342000000000000000e+03,3.601673215914542148e+00
4.343000000000000000e+03,3.500645537077953673e+00
4.344000000000000000e+03,3.616508181677457578e+00
4.345000000000000000e+03,3.542745351358273176e+00
4.346000000000000000e+03,3.644146802704579358e+00
4.347000000000000000e+03,3.801759130108692819e+00
4.348000000000000000e+03,4.283076660242291389e+00
4.349000000000000000e+03,3.715503431575404747e+00
4.350000000000000000e+03,3.757232551721638281e+00
4.351000000000000000e+03,3.788772317765521258e+00
4.352000000000000000e+03,3.857111990401614676e+00
4.353000000000000000e+03,3.848518062273375229e+00
4.354000000000000000e+03,3.829545209169752606e+00
4.355000000000000000e+03,3.901187868787914681e+00
4.356000000000000000e+03,3.542312057669214198e+00
4.357000000000000000e+03,3.988401584986410064e+00
4.358000000000000000e+03,3.615591908971775403e+00
4.359000000000000000e+03,3.627379447732031803e+00
4.360000000000000000e+03,4.280508788886531413e+00
4.361000000000000000e+03,3.684605179529591990e+00
4.362000000000000000e+03,3.935108528408568063e+00
4.363000000000000000e+03,3.927473473705882956e+00
4.364000000000000000e+03,3.744023488818634782e+00
4.365000000000000000e+03,3.746874336937748406e+00
4.366000000000000000e+03,3.778517433953949567e+00
4.367000000000000000e+03,3.565511007268912014e+00
4.368000000000000000e+03,3.932127520947753752e+00
4.369000000000000000e+03,4.095556521362905933e+00
4.370000000000000000e+03,3.355684501857312707e+00
4.371000000000000000e+03,3.670559451547362961e+00
4.372000000000000000e+03,3.400789783501454888e+00
4.373000000000000000e+03,3.873054041959725691e+00
4.374000000000000000e+03,3.693479529520669935e+00
4.375000000000000000e+03,3.624512893927593460e+00
4.376000000000000000e+03,3.830006222649654735e+00
4.377000000000000000e+03,4.071306124706747909e+00
4.378000000000000000e+03,3.703241067407624154e+00
4.379000000000000000e+03,3.828095580745583426e+00
4.380000000000000000e+03,4.257764761056559877e+00
4.381000000000000000e+03,3.596502312219086672e+00
4.382000000000000000e+03,3.841388642719136826e+00
4.383000000000000000e+03,4.020593813057359966e+00
4.384000000000000000e+03,3.896057432302421297e+00
4.385000000000000000e+03,3.876648699231908246e+00
4.386000000000000000e+03,3.697104921948367373e+00
4.387000000000000000e+03,3.751456229201850068e+00
4.388000000000000000e+03,3.861073643871534955e+00
4.389000000000000000e+03,3.913996232733415237e+00
4.390000000000000000e+03,3.718027813145871718e+00
4.391000000000000000e+03,3.555453330069707985e+00
4.392000000000000000e+03,3.692233777681316997e+00
4.393000000000000000e+03,3.401024306716220469e+00
4.394000000000000000e+03,3.598979180589624516e+00
4.395000000000000000e+03,3.918121162150816517e+00
4.396000000000000000e+03,3.708430448024997439e+00
4.397000000000000000e+03,3.913694475984191623e+00
4.398000000000000000e+03,3.714200768765807847e+00
4.399000000000000000e+03,3.556531311233306347e+00
4.400000000000000000e+03,3.549094744154464909e+00
4.401000000000000000e+03,3.796528865101150618e+00
4.402000000000000000e+03,3.459242861275052761e+00
4.403000000000000000e+03,3.775836741159206866e+00
4.404000000000000000e+03,3.627597005366158811e+00
4.405000000000000000e+03,3.714219616906240695e+00
4.406000000000000000e+03,3.781796236948880452e+00
4.407000000000000000e+03,3.474095347747925722e+00
4.408000000000000000e+03,3.548269461549101056e+00
4.409000000000000000e+03,3.514410265297226665e+00
4.410000000000000000e+03,3.623582014033231324e+00
4.411000000000000000e+03,3.786542658424223440e+00
4.412000000000000000e+03,3.732063089030730030e+00
4.413000000000000000e+03,4.066285226291256549e+00
4.414000000000000000e+03,3.904836771822320696e+00
4.415000000000000000e+03,3.691109911189700998e+00
4.416000000000000000e+03,3.856905167169578430e+00
4.417000000000000000e+03,3.825305962899211210e+00
4.418000000000000000e+03,3.876561534762612560e+00
4.419000000000000000e+03,3.722268321043979977e+00
4.420000000000000000e+03,3.479953685041961897e+00
4.421000000000000000e+03,3.821112956425680718e+00
4.422000000000000000e+03,3.687719144787489522e+00
4.423000000000000000e+03,3.688493665389847465e+00
4.424000000000000000e+03,3.627743081468256747e+00
4.425000000000000000e+03,3.408584254411270109e+00
4.426000000000000000e+03,3.652783032030341381e+00
4.427000000000000000e+03,3.612459590183957570e+00
4.428000000000000000e+03,3.743823996959303013e+00
4.429000000000000000e+03,3.725448290841068655e+00
4.430000000000000000e+03,3.457646082348162508e+00
4.431000000000000000e+03,4.085044506203171721e+00
4.432000000000000000e+03,3.668371285916295133e+00
4.433000000000000000e+03,3.814310736415815306e+00
4.434000000000000000e+03,3.616308311518629193e+00
4.435000000000000000e+03,4.106322839392094082e+00
4.436000000000000000e+03,3.719678522198727855e+00
4.437000000000000000e+03,3.656385407777489327e+00
4.438000000000000000e+03,3.532431505616090206e+00
4.439000000000000000e+03,3.950960146448552202e+00
4.440000000000000000e+03,3.634610979500340289e+00
4.441000000000000000e+03,3.624052782969350961e+00
4.442000000000000000e+03,3.505383168968370544e+00
4.443000000000000000e+03,3.758448591071061440e+00
4.444000000000000000e+03,3.818352108182903049e+00
4.445000000000000000e+03,3.657456782605362999e+00
4.446000000000000000e+03,3.535168211960556750e+00
4.447000000000000000e+03,3.333090432558107885e+00
4.448000000000000000e+03,3.800046211321492340e+00
4.449000000000000000e+03,3.997292137326253325e+00
4.450000000000000000e+03,3.924289400675061934e+00
4.451000000000000000e+03,3.812617929499454661e+00
4.452000000000000000e+03,3.788104438336783453e+00
4.453000000000000000e+03,3.731650339633505009e+00
4.454000000000000000e+03,3.603396053617874184e+00
4.455000000000000000e+03,3.661059614853622524e+00
4.456000000000000000e+03,3.683145934940691202e+00
4.457000000000000000e+03,3.687927161127644293e+00
4.458000000000000000e+03,3.695660150025311008e+00
4.459000000000000000e+03,3.796931074563526298e+00
4.460000000000000000e+03,3.226640360117022599e+00
4.461000000000000000e+03,3.807625219582539522e+00
4.462000000000000000e+03,3.453481250249477164e+00
4.463000000000000000e+03,3.750422644401522732e+00
4.464000000000000000e+03,3.659603339467926819e+00
4.465000000000000000e+03,3.941868000022481500e+00
4.466000000000000000e+03,3.815902181453171949e+00
4.467000000000000000e+03,3.748551184953266446e+00
4.468000000000000000e+03,3.954248268592560844e+00
4.469000000000000000e+03,3.741317924858089228e+00
4.470000000000000000e+03,3.880269432441682209e+00
4.471000000000000000e+03,3.537401519448102327e+00
4.472000000000000000e+03,4.084385053052558945e+00
4.473000000000000000e+03,3.620173641674900189e+00
4.474000000000000000e+03,3.569751671556245398e+00
4.475000000000000000e+03,3.540317046986961813e+00
4.476000000000000000e+03,3.487648081745454487e+00
4.477000000000000000e+03,3.481352790210569204e+00
4.478000000000000000e+03,3.836968691518400920e+00
4.479000000000000000e+03,3.991486294859750483e+00
4.480000000000000000e+03,3.690474616705835320e+00
4.481000000000000000e+03,3.851648799763303987e+00
4.482000000000000000e+03,3.389349794824437545e+00
4.483000000000000000e+03,3.590229555421036167e+00
4.484000000000000000e+03,3.784218362352980147e+00
4.485000000000000000e+03,3.728827489784356075e+00
4.486000000000000000e+03,3.398952887770577913e+00
4.487000000000000000e+03,3.650415435386630936e+00
4.488000000000000000e+03,3.547988227623017021e+00
4.489000000000000000e+03,3.951340759121793944e+00
4.490000000000000000e+03,3.777013147270375626e+00
4.491000000000000000e+03,3.638816902469118375e+00
4.492000000000000000e+03,3.524405459910306959e+00
4.493000000000000000e+03,3.983499989425179244e+00
4.494000000000000000e+03,3.743973395462018683e+00
4.495000000000000000e+03,3.578314776944345077e+00
4.496000000000000000e+03,3.864381426439991163e+00
4.497000000000000000e+03,3.620803194387474999e+00
4.498000000000000000e+03,3.623567550973787910e+00
4.499000000000000000e+03,3.623824351485996242e+00
4.500000000000000000e+03,3.526516740921728399e+00
4.501000000000000000e+03,3.537225492965784479e+00
4.502000000000000000e+03,3.661258773067451511e+00
4.503000000000000000e+03,3.507172232029712955e+00
4.504000000000000000e+03,3.799849376182113048e+00
4.505000000000000000e+03,3.751153927647280284e+00
4.506000000000000000e+03,3.779266180218169513e+00
4.507000000000000000e+03,3.392151409450117061e+00
4.508000000000000000e+03,3.830080357036368621e+00
4.509000000000000000e+03,3.511614375153783385e+00
4.510000000000000000e+03,3.562084286861499915e+00
4.511000000000000000e+03,3.614358504289255869e+00
4.512000000000000000e+03,3.877326068114142377e+00
4.513000000000000000e+03,3.621890641557153678e+00
4.514000000000000000e+03,3.540123409941453136e+00
4.515000000000000000e+03,3.273103318788702865e+00
4.516000000000000000e+03,3.600437958647221492e+00
4.517000000000000000e+03,3.869500028058130869e+00
4.518000000000000000e+03,3.818696652376763812e+00
4.519000000000000000e+03,3.299483872557568809e+00
4.520000000000000000e+03,3.527450069843132585e+00
4.521000000000000000e+03,3.606956641089744675e+00
4.522000000000000000e+03,3.695393774451574576e+00
4.523000000000000000e+03,3.656985850404846694e+00
4.524000000000000000e+03,3.633289511772189506e+00
4.525000000000000000e+03,3.629942903507960228e+00
4.526000000000000000e+03,3.585544213515572398e+00
4.527000000000000000e+03,3.828633304326255704e+00
4.528000000000000000e+03,3.403547892459075630e+00
4.529000000000000000e+03,3.547141545692471976e+00
4.530000000000000000e+03,3.440900229005193545e+00
4.531000000000000000e+03,3.742095650640428595e+00
4.532000000000000000e+03,3.675731601627760803e+00
4.533000000000000000e+03,3.884771648156796431e+00
4.534000000000000000e+03,3.597188362321069643e+00
4.535000000000000000e+03,3.690660219911939155e+00
4.536000000000000000e+03,3.681646957580489321e+00
4.537000000000000000e+03,3.758642668177905044e+00
4.538000000000000000e+03,3.694689067441265795e+00
4.539000000000000000e+03,3.904607466901112822e+00
4.540000000000000000e+03,3.526250793459558164e+00
4.541000000000000000e+03,3.598225094966142290e+00
4.542000000000000000e+03,4.003308378413823476e+00
4.543000000000000000e+03,3.727521943258970794e+00
4.544000000000000000e+03,4.001508180398357872e+00
4.545000000000000000e+03,3.484077094391524465e+00
4.546000000000000000e+03,3.801134420902855471e+00
4.547000000000000000e+03,3.792472924074329121e+00
4.548000000000000000e+03,3.742606889140250193e+00
4.549000000000000000e+03,3.584285382123333363e+00
4.550000000000000000e+03,3.684581615360179363e+00
4.551000000000000000e+03,3.717113240764121418e+00
4.552000000000000000e+03,3.640101169630134414e+00
4.553000000000000000e+03,3.935491227201585840e+00
4.554000000000000000e+03,3.928899578142948990e+00
4.555000000000000000e+03,3.657997514485903157e+00
4.556000000000000000e+03,3.887205547949557971e+00
4.557000000000000000e+03,3.686676173750213614e+00
4.558000000000000000e+03,3.541490944554365861e+00
4.559000000000000000e+03,3.906911366103888561e+00
4.560000000000000000e+03,3.922611500823762309e+00
4.561000000000000000e+03,3.486169129147042245e+00
4.562000000000000000e+03,3.715004155582087630e+00
4.563000000000000000e+03,3.714818149121935420e+00
4.564000000000000000e+03,3.928326236912039082e+00
4.565000000000000000e+03,3.714469577654262000e+00
4.566000000000000000e+03,3.921835523045059002e+00
4.567000000000000000e+03,3.445274657015203967e+00
4.568000000000000000e+03,3.583631459144253739e+00
4.569000000000000000e+03,3.549688534831586306e+00
4.570000000000000000e+03,3.629817535809645612e+00
4.571000000000000000e+03,3.934110236243957726e+00
4.572000000000000000e+03,3.920190776518484910e+00
4.573000000000000000e+03,3.608011004768402863e+00
4.574000000000000000e+03,4.066730315388854322e+00
4.575000000000000000e+03,3.548539161042017387e+00
4.576000000000000000e+03,3.514666651322524871e+00
4.577000000000000000e+03,3.999663205257057097e+00
4.578000000000000000e+03,3.791192118820760903e+00
4.579000000000000000e+03,3.821297935081371833e+00
4.580000000000000000e+03,3.687758299962070829e+00
4.581000000000000000e+03,3.728918803998522602e+00
4.582000000000000000e+03,3.953311238581631581e+00
4.583000000000000000e+03,3.663925539513544827e+00
4.584000000000000000e+03,3.506337161151875215e+00
4.585000000000000000e+03,3.455557720208239925e+00
4.586000000000000000e+03,3.915038252472460734e+00
4.587000000000000000e+03,3.459077530295135983e+00
4.588000000000000000e+03,3.582017209677918590e+00
4.589000000000000000e+03,3.620163038044185821e+00
4.590000000000000000e+03,3.763767079103848445e+00
4.591000000000000000e+03,3.720504284837935494e+00
4.592000000000000000e+03,3.639168082893994516e+00
4.593000000000000000e+03,3.790906571822405091e+00
4.594000000000000000e+03,3.793840849724485764e+00
4.595000000000000000e+03,3.692699668067352281e+00
4.596000000000000000e+03,3.845544753563408857e+00
4.597000000000000000e+03,3.818889691820571031e+00
4.598000000000000000e+03,3.585578386245353855e+00
4.599000000000000000e+03,3.952913945191356415e+00
4.600000000000000000e+03,4.101881412468176613e+00
4.601000000000000000e+03,3.784298187414528503e+00
4.602000000000000000e+03,3.679238128137059416e+00
4.603000000000000000e+03,3.747255760082085274e+00
4.604000000000000000e+03,3.875704821873382500e+00
4.605000000000000000e+03,3.411570322488226115e+00
4.606000000000000000e+03,3.640668253547299393e+00
4.607000000000000000e+03,3.510725394188297876e+00
4.608000000000000000e+03,3.744746634725456769e+00
4.609000000000000000e+03,3.566776712605021160e+00
4.610000000000000000e+03,3.784822834047745221e+00
4.611000000000000000e+03,3.657769202198950076e+00
4.612000000000000000e+03,3.625490398547974724e+00
4.613000000000000000e+03,3.640236933174575640e+00
4.614000000000000000e+03,3.519070898475381792e+00
4.615000000000000000e+03,3.777745373674014306e+00
4.616000000000000000e+03,3.571279750087568594e+00
4.617000000000000000e+03,3.625255857423868910e+00
4.618000000000000000e+03,3.740911715913475266e+00
4.619000000000000000e+03,3.855602192179778065e+00
4.620000000000000000e+03,3.837904624575100065e+00
4.621000000000000000e+03,3.705956884392375805e+00
4.622000000000000000e+03,3.753357850844249999e+00
4.623000000000000000e+03,3.860539322690643260e+00
4.624000000000000000e+03,3.411468296910665998e+00
4.625000000000000000e+03,3.411028412745203742e+00
4.626000000000000000e+03,3.434713637849515777e+00
4.627000000000000000e+03,3.629452018816639924e+00
4.628000000000000000e+03,3.379160153261262511e+00
4.629000000000000000e+03,3.925221639123753992e+00
4.630000000000000000e+03,3.676062860677991484e+00
4.631000000000000000e+03,3.791234557029136365e+00
4.632000000000000000e+03,3.426253216291983428e+00
4.633000000000000000e+03,3.728426624247019650e+00
4.634000000000000000e+03,3.746079895869220966e+00
4.635000000000000000e+03,3.808721732544627869e+00
4.636000000000000000e+03,3.517695464370602654e+00
4.637000000000000000e+03,3.874769757603095499e+00
4.638000000000000000e+03,3.712618821370129218e+00
4.639000000000000000e+03,3.840858507215474393e+00
4.640000000000000000e+03,3.492313131830785178e+00
4.641000000000000000e+03,3.852326154036273209e+00
4.642000000000000000e+03,3.723130833323378575e+00
4.643000000000000000e+03,3.804874464056291483e+00
4.644000000000000000e+03,3.864851154503198050e+00
4.645000000000000000e+03,3.625037089322901807e+00
4.646000000000000000e+03,3.818204093617923345e+00
4.647000000000000000e+03,3.526343514320465999e+00
4.648000000000000000e+03,3.548513395907717527e+00
4.649000000000000000e+03,3.825700293524681328e+00
4.650000000000000000e+03,3.800961844244714616e+00
4.651000000000000000e+03,3.926873465183929657e+00
4.652000000000000000e+03,3.416749034151143949e+00
4.653000000000000000e+03,3.371759651136965186e+00
4.654000000000000000e+03,3.624180926932937918e+00
4.655000000000000000e+03,3.618487811536605925e+00
4.656000000000000000e+03,3.854736636333837119e+00
4.657000000000000000e+03,3.816017220788358699e+00
4.658000000000000000e+03,3.753991837556842182e+00
4.659000000000000000e+03,3.950292690842431398e+00
4.660000000000000000e+03,3.935882362915686272e+00
4.661000000000000000e+03,4.128019996433037520e+00
4.662000000000000000e+03,3.675728698799107352e+00
4.663000000000000000e+03,3.540668706128828891e+00
4.664000000000000000e+03,3.719971208247540240e+00
4.665000000000000000e+03,3.934810367140503473e+00
4.666000000000000000e+03,4.117054668495361724e+00
4.667000000000000000e+03,3.983252142449293487e+00
4.668000000000000000e+03,3.912415929693868311e+00
4.669000000000000000e+03,3.773030393079401801e+00
4.670000000000000000e+03,3.651001081914937885e+00
4.671000000000000000e+03,3.837482206720036260e+00
4.672000000000000000e+03,3.648752059141964210e+00
4.673000000000000000e+03,3.601408104889436856e+00
4.674000000000000000e+03,3.764002785443869570e+00
4.675000000000000000e+03,3.760771622007915926e+00
4.676000000000000000e+03,3.319544291159231442e+00
4.677000000000000000e+03,3.640821374556002965e+00
4.678000000000000000e+03,4.043048401712265871e+00
4.679000000000000000e+03,3.657001092875679316e+00
4.680000000000000000e+03,3.849386091650594199e+00
4.681000000000000000e+03,3.683016604272586036e+00
4.682000000000000000e+03,3.924498963273766794e+00
4.683000000000000000e+03,3.569973525248664181e+00
4.684000000000000000e+03,3.810528875141414584e+00
4.685000000000000000e+03,3.909707860326407047e+00
4.686000000000000000e+03,3.576806650995739911e+00
4.687000000000000000e+03,3.727267074873264807e+00
4.688000000000000000e+03,4.103245065145475934e+00
4.689000000000000000e+03,4.000976068331155489e+00
4.690000000000000000e+03,3.778594287343074676e+00
4.691000000000000000e+03,4.234773405499924870e+00
4.692000000000000000e+03,3.551935784242584049e+00
4.693000000000000000e+03,3.685635054605771899e+00
4.694000000000000000e+03,3.875174383200230110e+00
4.695000000000000000e+03,3.992872697161790718e+00
4.696000000000000000e+03,3.843385957841347178e+00
4.697000000000000000e+03,3.599281780658464935e+00
4.698000000000000000e+03,3.463044285101335884e+00
4.699000000000000000e+03,3.781159638108346766e+00
4.700000000000000000e+03,3.537038602743104665e+00
4.701000000000000000e+03,3.637937234615346238e+00
4.702000000000000000e+03,3.797607781142702699e+00
4.703000000000000000e+03,3.822372840948950579e+00
4.704000000000000000e+03,3.763908202554923754e+00
4.705000000000000000e+03,4.031802528164973864e+00
4.706000000000000000e+03,3.730138542697523540e+00
4.707000000000000000e+03,4.017170074959245163e+00
4.708000000000000000e+03,3.429429703911102578e+00
4.709000000000000000e+03,3.781788373750150978e+00
4.710000000000000000e+03,3.777919264787762188e+00
4.711000000000000000e+03,3.938508694713032998e+00
4.712000000000000000e+03,3.760688544055396765e+00
4.713000000000000000e+03,3.622734495200901517e+00
4.714000000000000000e+03,3.844470168643980834e+00
4.715000000000000000e+03,3.925280627601253070e+00
4.716000000000000000e+03,3.731070649900798397e+00
4.717000000000000000e+03,3.712145087448450731e+00
4.718000000000000000e+03,3.867392543918256376e+00
4.719000000000000000e+03,3.638371982299398510e+00
4.720000000000000000e+03,4.007644794095206464e+00
4.721000000000000000e+03,3.884963776745799180e+00
4.722000000000000000e+03,3.609852928074614109e+00
4.723000000000000000e+03,3.354790427954661869e+00
4.724000000000000000e+03,3.888289577479961956e+00
4.725000000000000000e+03,3.512440490877526855e+00
4.726000000000000000e+03,3.732783941315150678e+00
4.727000000000000000e+03,3.749014876970292676e+00
4.728000000000000000e+03,3.724316132683643144e+00
4.729000000000000000e+03,3.918810137091051971e+00
4.730000000000000000e+03,3.936329276542385180e+00
4.731000000000000000e+03,4.073760028616487006e+00
4.732000000000000000e+03,3.629913989227843807e+00
4.733000000000000000e+03,3.695229067666848444e+00
4.734000000000000000e+03,4.220552059304949921e+00
4.735000000000000000e+03,3.366904645671987772e+00
4.736000000000000000e+03,3.558757937681950700e+00
4.737000000000000000e+03,3.380320302069338201e+00
4.738000000000000000e+03,3.501715702520769025e+00
4.739000000000000000e+03,3.945583330577126624e+00
4.740000000000000000e+03,3.583139714793600827e+00
4.741000000000000000e+03,3.587794386810998937e+00
4.742000000000000000e+03,3.576534339687958752e+00
4.743000000000000000e+03,3.689182994398747084e+00
4.744000000000000000e+03,3.495752179793743863e+00
4.745000000000000000e+03,3.598727976373653714e+00
4.746000000000000000e+03,3.819061875977571408e+00
4.747000000000000000e+03,3.698735096567525193e+00
4.748000000000000000e+03,3.474431569169949885e+00
4.749000000000000000e+03,3.921621449172141727e+00
4.750000000000000000e+03,3.937608267531334860e+00
4.751000000000000000e+03,3.666815938043921363e+00
4.752000000000000000e+03,3.935721233493713278e+00
4.753000000000000000e+03,3.512328702038966632e+00
4.754000000000000000e+03,3.490006751992953848e+00
4.755000000000000000e+03,3.658934881004341833e+00
4.756000000000000000e+03,3.572737151561457658e+00
4.757000000000000000e+03,3.604702227671328085e+00
4.758000000000000000e+03,3.874316616996752671e+00
4.759000000000000000e+03,3.732636139940819664e+00
4.760000000000000000e+03,3.892309846319740529e+00
4.761000000000000000e+03,3.611177587197434313e+00
4.762000000000000000e+03,3.703745343819923264e+00
4.763000000000000000e+03,3.793134724298352634e+00
4.764000000000000000e+03,3.837670415972794125e+00
4.765000000000000000e+03,3.595999229037004863e+00
4.766000000000000000e+03,3.920237125756964591e+00
4.767000000000000000e+03,3.677067164916768771e+00
4.768000000000000000e+03,3.620597609796906813e+00
4.769000000000000000e+03,3.438414756332886402e+00
4.770000000000000000e+03,3.851512188677004289e+00
4.771000000000000000e+03,3.887551624689704166e+00
4.772000000000000000e+03,3.577893979726709084e+00
4.773000000000000000e+03,3.745842599835041309e+00
4.774000000000000000e+03,3.843338625622339855e+00
4.775000000000000000e+03,3.718137258058574979e+00
4.776000000000000000e+03,3.643015071356281442e+00
4.777000000000000000e+03,3.681099775393221307e+00
4.778000000000000000e+03,3.486172246966631860e+00
4.779000000000000000e+03,3.331797764479262902e+00
4.780000000000000000e+03,3.767026560288803783e+00
4.781000000000000000e+03,4.014666192892093477e+00
4.782000000000000000e+03,3.658905555137980325e+00
4.783000000000000000e+03,3.800087890801195023e+00
4.784000000000000000e+03,3.913408561141650477e+00
4.785000000000000000e+03,3.500067374424566946e+00
4.786000000000000000e+03,3.981759515770941338e+00
4.787000000000000000e+03,3.817628141170280376e+00
4.788000000000000000e+03,4.137793835839931766e+00
4.789000000000000000e+03,3.595675200351454937e+00
4.790000000000000000e+03,4.025111666345228656e+00
4.791000000000000000e+03,3.861280773786759379e+00
4.792000000000000000e+03,3.626718143456005627e+00
4.793000000000000000e+03,3.975975215747178382e+00
4.794000000000000000e+03,3.835917994616740323e+00
4.795000000000000000e+03,3.688512984075070555e+00
4.796000000000000000e+03,3.606166868775370293e+00
4.797000000000000000e+03,3.990854179326943640e+00
4.798000000000000000e+03,4.064772849772014141e+00
4.799000000000000000e+03,3.567582558892373967e+00
4.800000000000000000e+03,3.141872735633505442e+00
4.801000000000000000e+03,3.687284458269734166e+00
4.802000000000000000e+03,3.805825200042654455e+00
4.803000000000000000e+03,3.504190360722057918e+00
4.804000000000000000e+03,3.585990114278594376e+00
4.805000000000000000e+03,3.528039701797654359e+00
4.806000000000000000e+03,3.961896981938337614e+00
4.807000000000000000e+03,3.683075658286925069e+00
4.808000000000000000e+03,3.774406880756602245e+00
4.809000000000000000e+03,3.706743981162351709e+00
4.810000000000000000e+03,3.669920958126236865e+00
4.811000000000000000e+03,3.690345151515793898e+00
4.812000000000000000e+03,4.108853510996584468e+00
4.813000000000000000e+03,3.663210642876005174e+00
4.814000000000000000e+03,3.692911304349136170e+00
4.815000000000000000e+03,3.901103101252923810e+00
4.816000000000000000e+03,3.527881554912547735e+00
4.817000000000000000e+03,3.686606783716557256e+00
4.818000000000000000e+03,4.094469089632733372e+00
4.819000000000000000e+03,3.516846185688181858e+00
4.820000000000000000e+03,3.618709788076190925e+00
4.821000000000000000e+03,3.618332154625744312e+00
4.822000000000000000e+03,3.868545587689169896e+00
4.823000000000000000e+03,3.934772922771199610e+00
4.824000000000000000e+03,4.070623494752121374e+00
4.825000000000000000e+03,3.311592344782929853e+00
4.826000000000000000e+03,3.477339357573456358e+00
4.827000000000000000e+03,4.199033290838448451e+00
4.828000000000000000e+03,3.601516141151815287e+00
4.829000000000000000e+03,3.746693115637643956e+00
4.830000000000000000e+03,3.873784223006870864e+00
4.831000000000000000e+03,3.808715045492004680e+00
4.832000000000000000e+03,3.866229470343381269e+00
4.833000000000000000e+03,3.880363872329385622e+00
4.834000000000000000e+03,3.480995622606294138e+00
4.835000000000000000e+03,3.862738145218870489e+00
4.836000000000000000e+03,3.355763156578658979e+00
4.837000000000000000e+03,3.678969088466931048e+00
4.838000000000000000e+03,3.596412860853447135e+00
4.839000000000000000e+03,3.952877812567854754e+00
4.840000000000000000e+03,3.520546083543198534e+00
4.841000000000000000e+03,3.665667618043415565e+00
4.842000000000000000e+03,4.028119480392807539e+00
4.843000000000000000e+03,4.235651314334078599e+00
4.844000000000000000e+03,3.763310316109316211e+00
4.845000000000000000e+03,3.717437962482427416e+00
4.846000000000000000e+03,3.377339440796133907e+00
4.847000000000000000e+03,3.772113150915223923e+00
4.848000000000000000e+03,3.750293910951112419e+00
4.849000000000000000e+03,3.828255034446991445e+00
4.850000000000000000e+03,3.620985074069104748e+00
4.851000000000000000e+03,3.602108008691923491e+00
4.852000000000000000e+03,3.697781371349706525e+00
4.853000000000000000e+03,3.846982775223722228e+00
4.854000000000000000e+03,3.561708242778957700e+00
4.855000000000000000e+03,4.178422374622224211e+00
4.856000000000000000e+03,3.438200118072652689e+00
4.857000000000000000e+03,3.898240804796015979e+00
4.858000000000000000e+03,3.868599785903321209e+00
4.859000000000000000e+03,4.038784819146993499e+00
4.860000000000000000e+03,3.760872673891664686e+00
4.861000000000000000e+03,3.684160461523434904e+00
4.862000000000000000e+03,4.021183060324738712e+00
4.863000000000000000e+03,3.587566075528748399e+00
4.864000000000000000e+03,3.652324539736808706e+00
4.865000000000000000e+03,3.775026073352910405e+00
4.866000000000000000e+03,3.968692995172844462e+00
4.867000000000000000e+03,3.982292640331839717e+00
4.868000000000000000e+03,3.662327826358621863e+00
4.869000000000000000e+03,3.658939935676126520e+00
4.870000000000000000e+03,3.598292806338305727e+00
4.871000000000000000e+03,3.600574862514660524e+00
4.872000000000000000e+03,3.912888238972073829e+00
4.873000000000000000e+03,3.775742035969167798e+00
4.874000000000000000e+03,3.842517430947012258e+00
4.875000000000000000e+03,3.910919152774582130e+00
4.876000000000000000e+03,3.566063697135844368e+00
4.877000000000000000e+03,3.696913177296413000e+00
4.878000000000000000e+03,3.860701367895111424e+00
4.879000000000000000e+03,3.832966888612788559e+00
4.880000000000000000e+03,3.656296702589337588e+00
4.881000000000000000e+03,3.539073083684468379e+00
4.882000000000000000e+03,3.971429054917468005e+00
4.883000000000000000e+03,3.768552733066319327e+00
4.884000000000000000e+03,3.947621181912979615e+00
4.885000000000000000e+03,3.668096366556591104e+00
4.886000000000000000e+03,3.759928211275281207e+00
4.887000000000000000e+03,3.931936038682066314e+00
4.888000000000000000e+03,3.974147705346841253e+00
4.889000000000000000e+03,3.596142829228567095e+00
4.890000000000000000e+03,3.693979051335644304e+00
4.891000000000000000e+03,3.452711971201917418e+00
4.892000000000000000e+03,3.505280253181203509e+00
4.893000000000000000e+03,3.463495000367199150e+00
4.894000000000000000e+03,3.750066027448754724e+00
4.895000000000000000e+03,3.657671403133408106e+00
4.896000000000000000e+03,3.545909445157868767e+00
4.897000000000000000e+03,3.801274292787573117e+00
4.898000000000000000e+03,3.742498363618500079e+00
4.899000000000000000e+03,3.801250057605102484e+00
4.900000000000000000e+03,3.987148720827492721e+00
4.901000000000000000e+03,3.685562968786081139e+00
4.902000000000000000e+03,3.826502710594709811e+00
4.903000000000000000e+03,3.815399295138564906e+00
4.904000000000000000e+03,3.529116923463921918e+00
4.905000000000000000e+03,3.845621894688141307e+00
4.906000000000000000e+03,3.657254790047561155e+00
4.907000000000000000e+03,3.635325818171139645e+00
4.908000000000000000e+03,3.944862389139144998e+00
4.909000000000000000e+03,3.879703528066311691e+00
4.910000000000000000e+03,3.760783840541643830e+00
4.911000000000000000e+03,3.806935086299766180e+00
4.912000000000000000e+03,3.726198664523922677e+00
4.913000000000000000e+03,3.955788314754892010e+00
4.914000000000000000e+03,3.558998863204232865e+00
4.915000000000000000e+03,3.636994504671461126e+00
4.916000000000000000e+03,4.111609205608513840e+00
4.917000000000000000e+03,3.656526353009340813e+00
4.918000000000000000e+03,3.781251656145623752e+00
4.919000000000000000e+03,3.667392937336193981e+00
4.920000000000000000e+03,3.491371862589737418e+00
4.921000000000000000e+03,3.628502385831270161e+00
4.922000000000000000e+03,3.530526521385000560e+00
4.923000000000000000e+03,3.896940048613678265e+00
4.924000000000000000e+03,3.754165398347969695e+00
4.925000000000000000e+03,3.438372923528220326e+00
4.926000000000000000e+03,3.719538424817771638e+00
4.927000000000000000e+03,3.901104535731548140e+00
4.928000000000000000e+03,3.492969184791880011e+00
4.929000000000000000e+03,4.201103635201335784e+00
4.930000000000000000e+03,3.875709066925661528e+00
4.931000000000000000e+03,3.952399455206253354e+00
4.932000000000000000e+03,3.792097537378319227e+00
4.933000000000000000e+03,3.747176487831744396e+00
4.934000000000000000e+03,3.867839400418466411e+00
4.935000000000000000e+03,3.900040185869207310e+00
4.936000000000000000e+03,3.916231291805304160e+00
4.937000000000000000e+03,3.837539775585889323e+00
4.938000000000000000e+03,3.849968123736453141e+00
4.939000000000000000e+03,3.879580818824496458e+00
4.940000000000000000e+03,4.100609882653527549e+00
4.941000000000000000e+03,3.894994595103105528e+00
4.942000000000000000e+03,3.949481793815810438e+00
4.943000000000000000e+03,3.657744563034078134e+00
4.944000000000000000e+03,3.635296205336731035e+00
4.945000000000000000e+03,3.921754894009904735e+00
4.946000000000000000e+03,4.153655760639862748e+00
4.947000000000000000e+03,3.933821406899892459e+00
4.948000000000000000e+03,3.493304081171377362e+00
4.949000000000000000e+03,3.967219337139918256e+00
4.950000000000000000e+03,3.897524324131810491e+00
4.951000000000000000e+03,3.626236800744950362e+00
4.952000000000000000e+03,3.918211873146928426e+00
4.953000000000000000e+03,3.752606186530436982e+00
4.954000000000000000e+03,3.581326901893006731e+00
4.955000000000000000e+03,3.460309231064135016e+00
4.956000000000000000e+03,3.698342932397156169e+00
4.957000000000000000e+03,3.940863251324802974e+00
4.958000000000000000e+03,3.866789533333946149e+00
4.959000000000000000e+03,3.932787919871425064e+00
4.960000000000000000e+03,3.944375001073034515e+00
4.961000000000000000e+03,3.666083630293384132e+00
4.962000000000000000e+03,4.042254343127916094e+00
4.963000000000000000e+03,3.894837653883217676e+00
4.964000000000000000e+03,3.321943024700170000e+00
4.965000000000000000e+03,3.711756196516031281e+00
4.966000000000000000e+03,3.579170833830813248e+00
4.967000000000000000e+03,3.773753126813608194e+00
4.968000000000000000e+03,3.518306084111123777e+00
4.969000000000000000e+03,3.680043951466776875e+00
4.970000000000000000e+03,3.830015699453567901e+00
4.971000000000000000e+03,3.615113219890329077e+00
4.972000000000000000e+03,3.504734702951902481e+00
4.973000000000000000e+03,3.531489595011715110e+00
4.974000000000000000e+03,3.529582753315039234e+00
4.975000000000000000e+03,3.789327608355818278e+00
4.976000000000000000e+03,3.952696925486852031e+00
4.977000000000000000e+03,3.765904697868245332e+00
4.978000000000000000e+03,3.517291363649189151e+00
4.979000000000000000e+03,4.154396992040400249e+00
4.980000000000000000e+03,3.515595579578707941e+00
4.981000000000000000e+03,3.786171523342559020e+00
4.982000000000000000e+03,3.645265984853387042e+00
4.983000000000000000e+03,3.590166487717250998e+00
4.984000000000000000e+03,3.881361065154774082e+00
4.985000000000000000e+03,3.828808873408706681e+00
4.986000000000000000e+03,3.489283706497150472e+00
4.987000000000000000e+03,3.874778624636780577e+00
4.988000000000000000e+03,3.746203195059770064e+00
4.989000000000000000e+03,4.155567034397388504e+00
4.990000000000000000e+03,4.027663681541472585e+00
4.991000000000000000e+03,3.664206539392356632e+00
4.992000000000000000e+03,4.052576295372189996e+00
4.993000000000000000e+03,3.573930323369978623e+00
4.994000000000000000e+03,3.404847964957894657e+00
4.995000000000000000e+03,3.747389657753538827e+00
4.996000000000000000e+03,3.688475005523616623e+00
4.997000000000000000e+03,3.395739438404189681e+00
4.998000000000000000e+03,4.407767193910906656e+00
4.999000000000000000e+03,3.513219493071372934e+00
5.000000000000000000e+03,3.747774006458936213e+00
5.001000000000000000e+03,3.732554647244367363e+00
5.002000000000000000e+03,3.603571838177341391e+00
5.003000000000000000e+03,3.792975132110767866e+00
5.004000000000000000e+03,3.793177839303925047e+00
5.005000000000000000e+03,3.713929273540066855e+00
5.006000000000000000e+03,3.719232393000527548e+00
5.007000000000000000e+03,3.532700951536978717e+00
5.008000000000000000e+03,3.717248628382826325e+00
5.009000000000000000e+03,3.675897073878507726e+00
5.010000000000000000e+03,3.586007190179213211e+00
5.011000000000000000e+03,3.767944685554873274e+00
5.012000000000000000e+03,3.623785315013770436e+00
5.013000000000000000e+03,3.591984720718099933e+00
5.014000000000000000e+03,3.774542379576129036e+00
5.015000000000000000e+03,3.559281684334085760e+00
5.016000000000000000e+03,3.889231542451303980e+00
5.017000000000000000e+03,3.810590311405803732e+00
5.018000000000000000e+03,3.636996706764086262e+00
5.019000000000000000e+03,4.024692820667906901e+00
5.020000000000000000e+03,3.950595140599260979e+00
5.021000000000000000e+03,3.558223051899250144e+00
5.022000000000000000e+03,3.970133483901487459e+00
5.023000000000000000e+03,3.874237163612732182e+00
5.024000000000000000e+03,3.667815495382986679e+00
5.025000000000000000e+03,4.120974148222966704e+00
5.026000000000000000e+03,4.035862945577894934e+00
5.027000000000000000e+03,3.592706767261477641e+00
5.028000000000000000e+03,4.046005489759016527e+00
5.029000000000000000e+03,3.798372446606318675e+00
5.030000000000000000e+03,3.717878651442712457e+00
5.031000000000000000e+03,3.548556966487749431e+00
5.032000000000000000e+03,3.866090637177169942e+00
5.033000000000000000e+03,3.574431000537986680e+00
5.034000000000000000e+03,3.663646195243221548e+00
5.035000000000000000e+03,3.597777227351974361e+00
5.036000000000000000e+03,3.815200738808750103e+00
5.037000000000000000e+03,3.841724134568643922e+00
5.038000000000000000e+03,3.805355653130957805e+00
5.039000000000000000e+03,3.851335803106861189e+00
5.040000000000000000e+03,3.739675214914630175e+00
5.041000000000000000e+03,3.642217018806093165e+00
5.042000000000000000e+03,3.733842634495507351e+00
5.043000000000000000e+03,3.557647911942498187e+00
5.044000000000000000e+03,3.986920452747692689e+00
5.045000000000000000e+03,3.522649106978115174e+00
5.046000000000000000e+03,3.934039627930107752e+00
5.047000000000000000e+03,3.533664015599824904e+00
5.048000000000000000e+03,3.487717523286721466e+00
5.049000000000000000e+03,3.542977156752213030e+00
5.050000000000000000e+03,3.385155173390698380e+00
5.051000000000000000e+03,3.719184877244637644e+00
5.052000000000000000e+03,3.912129434588440979e+00
5.053000000000000000e+03,3.618495304812080704e+00
5.054000000000000000e+03,3.748513680544228954e+00
5.055000000000000000e+03,3.639144491771062917e+00
5.056000000000000000e+03,4.106498983007263348e+00
5.057000000000000000e+03,3.748054002770797588e+00
5.058000000000000000e+03,4.095547834180108815e+00
5.059000000000000000e+03,3.679863890810258109e+00
5.060000000000000000e+03,3.554617313948852608e+00
5.061000000000000000e+03,3.674041211586589917e+00
5.062000000000000000e+03,3.994228467464282950e+00
5.063000000000000000e+03,3.960357168555874274e+00
5.064000000000000000e+03,3.678852329591037584e+00
5.065000000000000000e+03,3.821162723257486071e+00
5.066000000000000000e+03,3.928808372097332580e+00
5.067000000000000000e+03,3.821453503661278450e+00
5.068000000000000000e+03,3.872540473584328957e+00
5.069000000000000000e+03,3.521188384353910461e+00
5.070000000000000000e+03,3.543280106159816256e+00
5.071000000000000000e+03,3.871959724168115624e+00
5.072000000000000000e+03,3.906432815697833849e+00
5.073000000000000000e+03,3.696940339063567116e+00
5.074000000000000000e+03,3.704068027887031711e+00
5.075000000000000000e+03,3.482418026070773109e+00
5.076000000000000000e+03,3.577714374056467417e+00
5.077000000000000000e+03,3.768750441382203942e+00
5.078000000000000000e+03,3.767517150216339150e+00
5.079000000000000000e+03,3.746506835819714887e+00
5.080000000000000000e+03,3.736381175873355609e+00
5.081000000000000000e+03,3.503495393523177626e+00
5.082000000000000000e+03,3.702025565282284880e+00
5.083000000000000000e+03,4.206407086649851301e+00
5.084000000000000000e+03,4.037359328149428883e+00
5.085000000000000000e+03,4.111491763308690928e+00
5.086000000000000000e+03,3.840194986458458359e+00
5.087000000000000000e+03,3.509848682676625753e+00
5.088000000000000000e+03,4.101294862221778637e+00
5.089000000000000000e+03,3.572015952132063799e+00
5.090000000000000000e+03,3.960862582476081695e+00
5.091000000000000000e+03,3.583437894613953123e+00
5.092000000000000000e+03,3.755904452125164994e+00
5.093000000000000000e+03,4.061050039549345847e+00
5.094000000000000000e+03,3.552273496169641831e+00
5.095000000000000000e+03,3.714475361914205020e+00
5.096000000000000000e+03,3.596315294368749527e+00
5.097000000000000000e+03,3.800143129455021640e+00
5.098000000000000000e+03,3.611468760241554055e+00
5.099000000000000000e+03,3.839021519624263412e+00
5.100000000000000000e+03,3.643737794875427927e+00
5.101000000000000000e+03,3.781750048755667670e+00
5.102000000000000000e+03,3.832440695890283244e+00
5.103000000000000000e+03,3.618347421062124702e+00
5.104000000000000000e+03,3.679762121707990108e+00
5.105000000000000000e+03,3.607291073771742518e+00
5.106000000000000000e+03,3.747697974089794215e+00
5.107000000000000000e+03,4.075797638395342481e+00
5.108000000000000000e+03,3.751920269812422770e+00
5.109000000000000000e+03,3.792168285009439366e+00
5.110000000000000000e+03,3.838876441674868190e+00
5.111000000000000000e+03,3.502619386890084563e+00
5.112000000000000000e+03,3.895475728867194398e+00
5.113000000000000000e+03,3.710402092304019739e+00
5.114000000000000000e+03,3.927311762126507677e+00
5.115000000000000000e+03,3.501683538193877787e+00
5.116000000000000000e+03,3.619362405374422664e+00
5.117000000000000000e+03,3.560271545426772377e+00
5.118000000000000000e+03,3.826154181583589331e+00
5.119000000000000000e+03,3.757704071866226236e+00
5.120000000000000000e+03,3.589756877257748169e+00
5.121000000000000000e+03,3.670296088633910880e+00
5.122000000000000000e+03,3.625807256802876299e+00
5.123000000000000000e+03,4.201540321376500131e+00
5.124000000000000000e+03,3.702942373053151659e+00
5.125000000000000000e+03,3.572862009328864552e+00
5.126000000000000000e+03,3.620463477466914881e+00
5.127000000000000000e+03,3.365395696693186611e+00
5.128000000000000000e+03,3.922695588339482953e+00
5.129000000000000000e+03,3.778410299309933773e+00
5.130000000000000000e+03,3.882952249805838196e+00
5.131000000000000000e+03,3.658005628852506685e+00
5.132000000000000000e+03,3.469348809238824050e+00
5.133000000000000000e+03,3.654284735610811907e+00
5.134000000000000000e+03,3.933727844762181736e+00
5.135000000000000000e+03,3.660392079990226755e+00
5.136000000000000000e+03,4.142476799415180544e+00
5.137000000000000000e+03,3.581581768631452167e+00
5.138000000000000000e+03,4.202621099651675962e+00
5.139000000000000000e+03,3.951788389078698227e+00
5.140000000000000000e+03,3.596651992813379106e+00
5.141000000000000000e+03,3.952168522917936855e+00
5.142000000000000000e+03,3.753773282450743487e+00
5.143000000000000000e+03,3.652732674908534705e+00
5.144000000000000000e+03,3.474696695639443611e+00
5.145000000000000000e+03,3.620978217163756785e+00
5.146000000000000000e+03,3.732686076925863183e+00
5.147000000000000000e+03,3.438491789870463666e+00
5.148000000000000000e+03,3.414995991094915695e+00
5.149000000000000000e+03,3.534224127785732694e+00
5.150000000000000000e+03,3.603706204515195743e+00
5.151000000000000000e+03,3.660232187449119934e+00
5.152000000000000000e+03,3.476826615086763272e+00
5.153000000000000000e+03,3.723181052276300029e+00
5.154000000000000000e+03,3.806182653903461333e+00
5.155000000000000000e+03,3.958152356321076315e+00
5.156000000000000000e+03,3.902093821955686881e+00
5.157000000000000000e+03,3.595876550501224678e+00
5.158000000000000000e+03,4.047423076801947239e+00
5.159000000000000000e+03,4.018148639189369042e+00
5.160000000000000000e+03,3.881987856044910146e+00
5.161000000000000000e+03,3.901556026772327712e+00
5.162000000000000000e+03,3.401067203612445411e+00
5.163000000000000000e+03,3.648534501847071176e+00
5.164000000000000000e+03,3.450575195662779926e+00
5.165000000000000000e+03,3.598674282781695322e+00
5.166000000000000000e+03,3.436712566032346317e+00
5.167000000000000000e+03,3.985181921884171974e+00
5.168000000000000000e+03,3.863212411174375749e+00
5.169000000000000000e+03,3.336615663951240762e+00
5.170000000000000000e+03,3.377790781286964084e+00
5.171000000000000000e+03,3.434956332071273266e+00
5.172000000000000000e+03,3.602378575598067734e+00
5.173000000000000000e+03,3.876009736065018085e+00
5.174000000000000000e+03,3.572269109028448852e+00
5.175000000000000000e+03,4.013646323374930880e+00
5.176000000000000000e+03,3.624110692052683991e+00
5.177000000000000000e+03,3.817374115173837623e+00
5.178000000000000000e+03,3.900453833597226971e+00
5.179000000000000000e+03,3.547530219533983509e+00
5.180000000000000000e+03,3.871668957880689543e+00
5.181000000000000000e+03,3.800781962331589714e+00
5.182000000000000000e+03,3.917466989736770433e+00
5.183000000000000000e+03,4.117173869515287521e+00
5.184000000000000000e+03,3.879290669345616838e+00
5.185000000000000000e+03,3.651582008990954087e+00
5.186000000000000000e+03,4.048880930346911100e+00
5.187000000000000000e+03,3.620548935944190916e+00
5.188000000000000000e+03,3.756468520694424384e+00
5.189000000000000000e+03,4.002097868325463992e+00
5.190000000000000000e+03,3.968039190273440209e+00
5.191000000000000000e+03,3.590252225211302495e+00
5.192000000000000000e+03,3.632126217078358810e+00
5.193000000000000000e+03,3.373960157427763118e+00
5.194000000000000000e+03,3.915733157350530291e+00
5.195000000000000000e+03,4.094864395046491801e+00
5.196000000000000000e+03,3.792096819440979871e+00
5.197000000000000000e+03,3.833446309070524194e+00
5.198000000000000000e+03,3.924471299154467463e+00
5.199000000000000000e+03,3.930230721372572678e+00
5.200000000000000000e+03,3.909859212400720097e+00
5.201000000000000000e+03,3.354737112063868931e+00
5.202000000000000000e+03,3.712866977509043931e+00
5.203000000000000000e+03,3.628059120024882844e+00
5.204000000000000000e+03,3.480667060561436266e+00
5.205000000000000000e+03,3.453646032974256208e+00
5.206000000000000000e+03,3.624388697690456240e+00
5.207000000000000000e+03,3.681204232457851333e+00
5.208000000000000000e+03,3.907108414862696222e+00
5.209000000000000000e+03,3.743356851693259379e+00
5.210000000000000000e+03,3.776854836498912071e+00
5.211000000000000000e+03,3.816031750847111326e+00
5.212000000000000000e+03,3.560883587860210309e+00
5.213000000000000000e+03,4.130590202583102055e+00
5.214000000000000000e+03,3.781217795838899054e+00
5.215000000000000000e+03,4.033443429176390538e+00
5.216000000000000000e+03,3.559768702882454505e+00
5.217000000000000000e+03,3.756562947792041030e+00
5.218000000000000000e+03,3.677789532580841403e+00
5.219000000000000000e+03,3.377773544924657312e+00
5.220000000000000000e+03,3.765449155534478010e+00
5.221000000000000000e+03,3.831637817091921416e+00
5.222000000000000000e+03,3.782198255655218500e+00
5.223000000000000000e+03,3.736620583239322446e+00
5.224000000000000000e+03,3.916213196867799784e+00
5.225000000000000000e+03,3.881205355042083305e+00
5.226000000000000000e+03,3.837566578374195014e+00
5.227000000000000000e+03,3.471130451823362328e+00
5.228000000000000000e+03,3.559139592294795040e+00
5.229000000000000000e+03,3.945468884256905451e+00
5.230000000000000000e+03,3.618265312214150153e+00
5.231000000000000000e+03,3.651104972269830995e+00
5.232000000000000000e+03,3.557086317654388541e+00
5.233000000000000000e+03,3.819812293934204295e+00
5.234000000000000000e+03,3.619818804674895585e+00
5.235000000000000000e+03,3.613553226328702905e+00
5.236000000000000000e+03,3.517435872546763598e+00
5.237000000000000000e+03,3.987764540372076283e+00
5.238000000000000000e+03,4.012678252120306155e+00
5.239000000000000000e+03,3.572624015452388502e+00
5.240000000000000000e+03,3.742901684987922195e+00
5.241000000000000000e+03,3.670275329582951329e+00
5.242000000000000000e+03,3.547285201980877378e+00
5.243000000000000000e+03,3.996346746843411069e+00
5.244000000000000000e+03,3.664099750620671614e+00
5.245000000000000000e+03,3.747513979764979020e+00
5.246000000000000000e+03,4.049632291210358837e+00
5.247000000000000000e+03,3.468240450113986295e+00
5.248000000000000000e+03,3.638216672611547242e+00
5.249000000000000000e+03,3.855001630636431198e+00
5.250000000000000000e+03,4.097158732958321892e+00
5.251000000000000000e+03,3.915690490816389424e+00
5.252000000000000000e+03,4.077255552721001486e+00
5.253000000000000000e+03,3.611400740839074253e+00
5.254000000000000000e+03,4.032223864862472418e+00
5.255000000000000000e+03,3.763626865362916352e+00
5.256000000000000000e+03,4.272632137895858051e+00
5.257000000000000000e+03,3.928512323008562568e+00
5.258000000000000000e+03,4.083676854367143783e+00
5.259000000000000000e+03,3.654627511830743636e+00
5.260000000000000000e+03,3.701725744479681612e+00
5.261000000000000000e+03,3.742817332779257100e+00
5.262000000000000000e+03,3.963453283879172062e+00
5.263000000000000000e+03,3.886543808459172133e+00
5.264000000000000000e+03,3.513902499551536884e+00
5.265000000000000000e+03,3.920210761863635263e+00
5.266000000000000000e+03,3.816141161209067878e+00
5.267000000000000000e+03,3.775776633706359853e+00
5.268000000000000000e+03,3.341397131073561066e+00
5.269000000000000000e+03,3.681531743383949618e+00
5.270000000000000000e+03,3.965479943874248292e+00
5.271000000000000000e+03,3.996838263855849949e+00
5.272000000000000000e+03,3.656072696345046058e+00
5.273000000000000000e+03,3.903429900462696445e+00
5.274000000000000000e+03,3.484851580044681540e+00
5.275000000000000000e+03,3.616860647886015911e+00
5.276000000000000000e+03,3.578062120386538592e+00
5.277000000000000000e+03,3.896966854688619808e+00
5.278000000000000000e+03,3.586682950918248736e+00
5.279000000000000000e+03,3.911222729312445523e+00
5.280000000000000000e+03,4.007243956412437136e+00
5.281000000000000000e+03,3.668963787785838981e+00
5.282000000000000000e+03,3.732487815020893329e+00
5.283000000000000000e+03,3.275166113301235082e+00
5.284000000000000000e+03,3.660989602578351931e+00
5.285000000000000000e+03,3.592108266596792721e+00
5.286000000000000000e+03,3.498571803496278942e+00
5.287000000000000000e+03,3.534243837063316906e+00
5.288000000000000000e+03,3.267205002645164669e+00
5.289000000000000000e+03,3.803948616268820526e+00
5.290000000000000000e+03,3.864715277702695850e+00
5.291000000000000000e+03,3.481107299754953921e+00
5.292000000000000000e+03,3.981508866556395354e+00
5.293000000000000000e+03,3.657747702699618575e+00
5.294000000000000000e+03,3.676739066799368238e+00
5.295000000000000000e+03,3.853574677889509026e+00
5.296000000000000000e+03,3.629854611936132791e+00
5.297000000000000000e+03,3.481338074331303822e+00
5.298000000000000000e+03,4.095251715145466598e+00
5.299000000000000000e+03,3.739333744661601955e+00
5.300000000000000000e+03,3.731012688684638867e+00
5.301000000000000000e+03,4.020748669850585877e+00
5.302000000000000000e+03,3.547305393227067949e+00
5.303000000000000000e+03,3.828215770941651552e+00
5.304000000000000000e+03,3.507044547245387722e+00
5.305000000000000000e+03,3.801906048624154266e+00
5.306000000000000000e+03,3.653415337230506488e+00
5.307000000000000000e+03,3.984387921132567012e+00
5.308000000000000000e+03,3.961083109868517749e+00
5.309000000000000000e+03,3.769704308545457572e+00
5.310000000000000000e+03,3.362899612004617289e+00
5.311000000000000000e+03,3.829689790040195607e+00
5.312000000000000000e+03,3.674116710810011011e+00
5.313000000000000000e+03,3.424717758402221257e+00
5.314000000000000000e+03,3.658456372408099622e+00
5.315000000000000000e+03,3.708971670802482024e+00
5.316000000000000000e+03,3.600095375552597954e+00
5.317000000000000000e+03,3.701927444539963918e+00
5.318000000000000000e+03,3.811437235731892859e+00
5.319000000000000000e+03,3.850182253567894897e+00
5.320000000000000000e+03,3.700204598076368256e+00
5.321000000000000000e+03,3.817742335696773903e+00
5.322000000000000000e+03,3.629065322945777883e+00
5.323000000000000000e+03,3.850813254288499632e+00
5.324000000000000000e+03,3.694109794408789060e+00
5.325000000000000000e+03,3.549752283466650837e+00
5.326000000000000000e+03,3.736876038825959867e+00
5.327000000000000000e+03,3.684224528985787117e+00
5.328000000000000000e+03,3.582813324828701074e+00
5.329000000000000000e+03,3.627788864007323255e+00
5.330000000000000000e+03,3.904246063277753365e+00
5.331000000000000000e+03,3.807237867551777288e+00
5.332000000000000000e+03,3.616433350821874892e+00
5.333000000000000000e+03,3.666549830702599877e+00
5.334000000000000000e+03,3.656077699251134128e+00
5.335000000000000000e+03,3.901254621797892508e+00
5.336000000000000000e+03,3.956276395793963285e+00
5.337000000000000000e+03,3.749913785034088232e+00
5.338000000000000000e+03,3.566912336065308775e+00
5.339000000000000000e+03,3.603065958211802755e+00
5.340000000000000000e+03,3.655324286576971282e+00
5.341000000000000000e+03,3.365394725962302935e+00
5.342000000000000000e+03,3.576606662501390144e+00
5.343000000000000000e+03,3.375958123979950543e+00
5.344000000000000000e+03,3.529196003359682088e+00
5.345000000000000000e+03,3.827678205260298228e+00
5.346000000000000000e+03,3.771124807731238704e+00
5.347000000000000000e+03,3.842901917218697783e+00
5.348000000000000000e+03,3.750487912818217140e+00
5.349000000000000000e+03,4.233632522713879354e+00
5.350000000000000000e+03,3.788319466243877276e+00
5.351000000000000000e+03,3.649814051584537644e+00
5.352000000000000000e+03,3.821628068170845882e+00
5.353000000000000000e+03,3.584693326438718852e+00
5.354000000000000000e+03,3.935131956008570242e+00
5.355000000000000000e+03,3.704344486321316854e+00
5.356000000000000000e+03,3.965485216228605392e+00
5.357000000000000000e+03,3.535304177872198306e+00
5.358000000000000000e+03,3.694144725981680200e+00
5.359000000000000000e+03,3.440948034569033975e+00
5.360000000000000000e+03,3.587057352756194639e+00
5.361000000000000000e+03,3.703698875372964494e+00
5.362000000000000000e+03,3.477949134665412334e+00
5.363000000000000000e+03,4.039914790848682991e+00
5.364000000000000000e+03,3.641746204563313327e+00
5.365000000000000000e+03,3.918180007317689562e+00
5.366000000000000000e+03,3.651431269737897001e+00
5.367000000000000000e+03,3.973686680292765505e+00
5.368000000000000000e+03,3.960610907710420570e+00
5.369000000000000000e+03,3.885447719322133953e+00
5.370000000000000000e+03,4.304469961556406155e+00
5.371000000000000000e+03,3.934455125695189182e+00
5.372000000000000000e+03,3.714280045338830938e+00
5.373000000000000000e+03,3.873247379825147885e+00
5.374000000000000000e+03,3.778627197785311420e+00
5.375000000000000000e+03,3.886802504866083030e+00
5.376000000000000000e+03,3.917164011245432675e+00
5.377000000000000000e+03,3.629700145576543413e+00
5.378000000000000000e+03,3.699688335765964897e+00
5.379000000000000000e+03,3.715883323494783674e+00
5.380000000000000000e+03,3.772102444059908244e+00
5.381000000000000000e+03,3.879814792438538884e+00
5.382000000000000000e+03,3.663326429296287934e+00
5.383000000000000000e+03,3.861484347367656778e+00
5.384000000000000000e+03,3.582953474863783683e+00
5.385000000000000000e+03,4.268002843057768558e+00
5.386000000000000000e+03,3.862991815896603676e+00
5.387000000000000000e+03,3.505674076491658298e+00
5.388000000000000000e+03,3.745153633296011808e+00
5.389000000000000000e+03,4.070150408330020397e+00
5.390000000000000000e+03,3.718535042925774636e+00
5.391000000000000000e+03,3.695019659327307249e+00
5.392000000000000000e+03,3.722770664484952974e+00
5.393000000000000000e+03,4.043937582167775879e+00
5.394000000000000000e+03,3.800506170001849870e+00
5.395000000000000000e+03,3.643979345229735323e+00
5.396000000000000000e+03,3.905774312507474200e+00
5.397000000000000000e+03,4.005954827340405089e+00
5.398000000000000000e+03,3.534789611884594063e+00
5.399000000000000000e+03,3.770742994273505122e+00
5.400000000000000000e+03,3.666166243266236080e+00
5.401000000000000000e+03,3.976224267557759706e+00
5.402000000000000000e+03,3.891769953850252595e+00
5.403000000000000000e+03,3.999780609832925382e+00
5.404000000000000000e+03,4.248841269969131140e+00
5.405000000000000000e+03,3.553221527162609306e+00
5.406000000000000000e+03,3.804265541282504604e+00
5.407000000000000000e+03,3.554587777993893916e+00
5.408000000000000000e+03,3.463075227849173654e+00
5.409000000000000000e+03,3.578994402045298617e+00
5.410000000000000000e+03,3.489744847920239312e+00
5.411000000000000000e+03,3.647690365032446813e+00
5.412000000000000000e+03,3.607048230325992311e+00
5.413000000000000000e+03,4.175591763755771346e+00
5.414000000000000000e+03,3.902025173948515224e+00
5.415000000000000000e+03,3.566616696126566399e+00
5.416000000000000000e+03,3.768588725248526838e+00
5.417000000000000000e+03,3.450900341444464559e+00
5.418000000000000000e+03,3.605754199222523937e+00
5.419000000000000000e+03,3.649126266823989884e+00
5.420000000000000000e+03,3.554493420512057966e+00
5.421000000000000000e+03,3.841788963254705092e+00
5.422000000000000000e+03,3.508292360254202435e+00
5.423000000000000000e+03,3.526221469923084495e+00
5.424000000000000000e+03,3.721058355304419418e+00
5.425000000000000000e+03,3.535654478440966475e+00
5.426000000000000000e+03,4.205714337604518960e+00
5.427000000000000000e+03,3.649287594559249115e+00
5.428000000000000000e+03,3.534777412920107498e+00
5.429000000000000000e+03,3.699087778827233830e+00
5.430000000000000000e+03,3.470141834903289535e+00
5.431000000000000000e+03,3.972554339828686665e+00
5.432000000000000000e+03,3.729106986135053869e+00
5.433000000000000000e+03,3.541796873567817361e+00
5.434000000000000000e+03,3.870450944366229162e+00
5.435000000000000000e+03,3.806254103322439075e+00
5.436000000000000000e+03,3.763234022988279914e+00
5.437000000000000000e+03,3.375712105554416809e+00
5.438000000000000000e+03,3.702707921414006176e+00
5.439000000000000000e+03,3.669235279459408972e+00
5.440000000000000000e+03,3.726177024712864050e+00
5.441000000000000000e+03,3.756898086848150964e+00
5.442000000000000000e+03,3.910239220290746776e+00
5.443000000000000000e+03,3.751211239807801689e+00
5.444000000000000000e+03,4.164758421396672183e+00
5.445000000000000000e+03,3.472291011971203822e+00
5.446000000000000000e+03,3.658460334485897025e+00
5.447000000000000000e+03,3.596751469477689422e+00
5.448000000000000000e+03,3.805895634300374919e+00
5.449000000000000000e+03,3.623915536629062739e+00
5.450000000000000000e+03,3.850129925158184196e+00
5.451000000000000000e+03,3.339487789970228437e+00
5.452000000000000000e+03,3.654484847865709707e+00
5.453000000000000000e+03,3.600770970728048415e+00
5.454000000000000000e+03,3.729793046142480861e+00
5.455000000000000000e+03,3.921459095429301822e+00
5.456000000000000000e+03,3.768874748469760672e+00
5.457000000000000000e+03,3.637507636927365784e+00
5.458000000000000000e+03,3.693758940360474696e+00
5.459000000000000000e+03,3.612935919175885413e+00
5.460000000000000000e+03,4.229735809513205602e+00
5.461000000000000000e+03,3.809812704648394277e+00
5.462000000000000000e+03,3.359362499203272012e+00
5.463000000000000000e+03,3.703707625436024831e+00
5.464000000000000000e+03,3.967988286978718193e+00
5.465000000000000000e+03,3.820865085205693124e+00
5.466000000000000000e+03,3.596674277458089097e+00
5.467000000000000000e+03,3.717871272206306976e+00
5.468000000000000000e+03,3.979681374215680467e+00
5.469000000000000000e+03,3.670910968879830705e+00
5.470000000000000000e+03,3.731018680575826085e+00
5.471000000000000000e+03,3.638492045597637947e+00
5.472000000000000000e+03,3.600542776781209042e+00
5.473000000000000000e+03,3.504205195966910935e+00
5.474000000000000000e+03,3.761769051142285214e+00
5.475000000000000000e+03,3.435191182916337294e+00
5.476000000000000000e+03,3.830188267664901947e+00
5.477000000000000000e+03,3.808056467658525346e+00
5.478000000000000000e+03,3.597647585292219841e+00
5.479000000000000000e+03,3.815638480022323087e+00
5.480000000000000000e+03,3.463938534488874676e+00
5.481000000000000000e+03,3.670776880953965815e+00
5.482000000000000000e+03,4.126918081024769869e+00
5.483000000000000000e+03,3.612039334205020769e+00
5.484000000000000000e+03,4.199232187196821897e+00
5.485000000000000000e+03,3.769729809763556982e+00
5.486000000000000000e+03,3.713887492824947234e+00
5.487000000000000000e+03,3.644897665099463335e+00
5.488000000000000000e+03,3.505775385824950963e+00
5.489000000000000000e+03,3.428155335569305961e+00
5.490000000000000000e+03,3.910314719587408838e+00
5.491000000000000000e+03,3.980656161837829998e+00
5.492000000000000000e+03,3.980465494757447598e+00
5.493000000000000000e+03,3.710482217459786014e+00
5.494000000000000000e+03,3.707357514993531833e+00
5.495000000000000000e+03,3.950914021997868897e+00
5.496000000000000000e+03,3.259281805777761942e+00
5.497000000000000000e+03,3.995538285355944463e+00
5.498000000000000000e+03,3.941604221827772925e+00
5.499000000000000000e+03,3.730149627475690011e+00
5.500000000000000000e+03,3.564968818714617793e+00
5.501000000000000000e+03,3.644232524046125743e+00
5.502000000000000000e+03,3.730497265823035757e+00
5.503000000000000000e+03,3.729566989934356425e+00
5.504000000000000000e+03,3.347489185098144304e+00
5.505000000000000000e+03,4.119166388534296175e+00
5.506000000000000000e+03,3.612722542057706931e+00
5.507000000000000000e+03,4.233803172132868831e+00
5.508000000000000000e+03,3.792114181881511392e+00
5.509000000000000000e+03,3.607459717396036769e+00
5.510000000000000000e+03,4.152730394101750377e+00
5.511000000000000000e+03,3.876204867427214484e+00
5.512000000000000000e+03,3.800558682244815412e+00
5.513000000000000000e+03,3.869840334827486128e+00
5.514000000000000000e+03,3.882574320308438409e+00
5.515000000000000000e+03,3.712980801609772730e+00
5.516000000000000000e+03,4.016279240348376689e+00
5.517000000000000000e+03,3.966301707848052693e+00
5.518000000000000000e+03,3.783764302239993604e+00
5.519000000000000000e+03,3.978973407265930629e+00
5.520000000000000000e+03,3.700486345248798159e+00
5.521000000000000000e+03,3.824930385693822377e+00
5.522000000000000000e+03,3.620813695916841102e+00
5.523000000000000000e+03,3.831032187304341363e+00
5.524000000000000000e+03,3.901902202917997720e+00
5.525000000000000000e+03,3.746736623925458698e+00
5.526000000000000000e+03,3.540819106539439431e+00
5.527000000000000000e+03,3.760936422184570471e+00
5.528000000000000000e+03,3.541123964481305286e+00
5.529000000000000000e+03,3.812536400134271197e+00
5.530000000000000000e+03,3.713167603842550069e+00
5.531000000000000000e+03,3.944782736118805477e+00
5.532000000000000000e+03,4.204904963394914930e+00
5.533000000000000000e+03,3.881332695152276191e+00
5.534000000000000000e+03,3.844991894641134333e+00
5.535000000000000000e+03,3.630394494457236831e+00
5.536000000000000000e+03,3.901853398900666736e+00
5.537000000000000000e+03,3.829800806815779612e+00
5.538000000000000000e+03,3.799114884348651966e+00
5.539000000000000000e+03,3.691284024579100542e+00
5.540000000000000000e+03,3.716733009549304967e+00
5.541000000000000000e+03,3.901866011576907045e+00
5.542000000000000000e+03,3.608239361089863984e+00
5.543000000000000000e+03,3.896446502178308791e+00
5.544000000000000000e+03,4.031231907767636180e+00
5.545000000000000000e+03,3.535983446470388536e+00
5.546000000000000000e+03,3.540827747642725232e+00
5.547000000000000000e+03,3.853473597308182619e+00
5.548000000000000000e+03,3.896067892470892247e+00
5.549000000000000000e+03,3.677325482673742929e+00
5.550000000000000000e+03,3.876231000867834897e+00
5.551000000000000000e+03,3.886793100257805555e+00
5.552000000000000000e+03,3.693253991247541723e+00
5.553000000000000000e+03,3.909122988927479891e+00
5.554000000000000000e+03,3.452554195292330430e+00
5.555000000000000000e+03,3.606272876536950722e+00
5.556000000000000000e+03,3.771998832134919155e+00
5.557000000000000000e+03,3.822900274137723819e+00
5.558000000000000000e+03,3.498781306346588238e+00
5.559000000000000000e+03,3.887567949084064889e+00
5.560000000000000000e+03,3.788611250668373565e+00
5.561000000000000000e+03,3.836765632925716041e+00
5.562000000000000000e+03,3.592479510223815620e+00
5.563000000000000000e+03,3.966473010205719074e+00
5.564000000000000000e+03,3.899082296703889838e+00
5.565000000000000000e+03,3.517744047759127746e+00
5.566000000000000000e+03,4.227948886106262627e+00
5.567000000000000000e+03,3.649667090093891453e+00
5.568000000000000000e+03,3.680352577617760801e+00
5.569000000000000000e+03,3.932092195579249161e+00
5.570000000000000000e+03,3.778560065224233266e+00
5.571000000000000000e+03,3.768340646151153273e+00
5.572000000000000000e+03,3.530202815913927150e+00
5.573000000000000000e+03,3.711002656620881801e+00
5.574000000000000000e+03,3.599710320511276596e+00
5.575000000000000000e+03,3.731421186163365267e+00
5.576000000000000000e+03,3.526862157621496241e+00
5.577000000000000000e+03,3.791379667344554782e+00
5.578000000000000000e+03,3.573713533940594100e+00
5.579000000000000000e+03,3.919281727318241870e+00
5.580000000000000000e+03,3.952597148046787190e+00
5.581000000000000000e+03,3.924678860351678900e+00
5.582000000000000000e+03,4.127368754220345437e+00
5.583000000000000000e+03,3.553037974584091430e+00
5.584000000000000000e+03,3.861763911891626044e+00
5.585000000000000000e+03,3.875411411759859259e+00
5.586000000000000000e+03,3.894651368459685070e+00
5.587000000000000000e+03,3.681327325903939407e+00
5.588000000000000000e+03,3.403047534043435185e+00
5.589000000000000000e+03,3.975289498690406376e+00
5.590000000000000000e+03,3.522572415462524198e+00
5.591000000000000000e+03,3.517453362881950429e+00
5.592000000000000000e+03,3.547549461767271151e+00
5.593000000000000000e+03,3.766521266839985671e+00
5.594000000000000000e+03,3.437811079022706551e+00
5.595000000000000000e+03,3.936593452827142237e+00
5.596000000000000000e+03,3.911515395738704104e+00
5.597000000000000000e+03,3.709096924191574551e+00
5.598000000000000000e+03,3.909501281197120370e+00
5.599000000000000000e+03,3.779591120213774413e+00
5.600000000000000000e+03,3.587386820311347257e+00
5.601000000000000000e+03,3.869593570255875026e+00
5.602000000000000000e+03,4.017091607131370701e+00
5.603000000000000000e+03,3.817338155215540763e+00
5.604000000000000000e+03,3.814228118126099076e+00
5.605000000000000000e+03,3.842034878833421097e+00
5.606000000000000000e+03,3.895131389769463937e+00
5.607000000000000000e+03,3.492802792927691691e+00
5.608000000000000000e+03,3.580384680104907513e+00
5.609000000000000000e+03,3.648386880932522391e+00
5.610000000000000000e+03,3.619586282368540964e+00
5.611000000000000000e+03,3.724512970159737257e+00
5.612000000000000000e+03,3.639344553168601060e+00
5.613000000000000000e+03,3.407497622084174171e+00
5.614000000000000000e+03,3.735452851941388097e+00
5.615000000000000000e+03,3.874698498866257168e+00
5.616000000000000000e+03,3.717630195632111612e+00
5.617000000000000000e+03,3.573812257570324391e+00
5.618000000000000000e+03,3.786602919495641206e+00
5.619000000000000000e+03,3.652381688468562704e+00
5.620000000000000000e+03,3.679354232152494131e+00
5.621000000000000000e+03,3.523229520342408883e+00
5.622000000000000000e+03,3.687366611642126646e+00
5.623000000000000000e+03,3.822746573895019040e+00
5.624000000000000000e+03,3.705306170183844117e+00
5.625000000000000000e+03,3.787389986658517671e+00
5.626000000000000000e+03,3.924117172547570753e+00
5.627000000000000000e+03,3.911053317605487134e+00
5.628000000000000000e+03,3.607513570080159937e+00
5.629000000000000000e+03,3.847953069605697607e+00
5.630000000000000000e+03,3.931138365068567175e+00
5.631000000000000000e+03,3.938645988848052948e+00
5.632000000000000000e+03,3.669151282996077956e+00
5.633000000000000000e+03,4.006795433062372958e+00
5.634000000000000000e+03,4.023960278262660673e+00
5.635000000000000000e+03,3.610248497652212230e+00
5.636000000000000000e+03,4.065529051900328206e+00
5.637000000000000000e+03,3.888240989070541165e+00
5.638000000000000000e+03,3.898087029562483430e+00
5.639000000000000000e+03,3.956507315450230156e+00
5.640000000000000000e+03,3.548398210417091025e+00
5.641000000000000000e+03,3.476726313892152476e+00
5.642000000000000000e+03,3.857477916645641880e+00
5.643000000000000000e+03,3.754190741312851909e+00
5.644000000000000000e+03,3.663849219109629018e+00
5.645000000000000000e+03,3.558117006737324672e+00
5.646000000000000000e+03,3.564418461851393882e+00
5.647000000000000000e+03,3.972785239347226049e+00
5.648000000000000000e+03,3.711790571085612722e+00
5.649000000000000000e+03,3.877526176327526386e+00
5.650000000000000000e+03,3.785910892622549095e+00
5.651000000000000000e+03,3.814514210964509378e+00
5.652000000000000000e+03,4.012569364048220066e+00
5.653000000000000000e+03,3.863734122956997918e+00
5.654000000000000000e+03,3.785137159042761823e+00
5.655000000000000000e+03,3.523552151952491496e+00
5.656000000000000000e+03,3.750892083100409558e+00
5.657000000000000000e+03,3.945978105707044659e+00
5.658000000000000000e+03,3.891464100066660325e+00
5.659000000000000000e+03,3.649038612894814015e+00
5.660000000000000000e+03,3.657846973147482750e+00
5.661000000000000000e+03,3.748933832767024743e+00
5.662000000000000000e+03,3.795732379604293882e+00
5.663000000000000000e+03,4.062509873344350098e+00
5.664000000000000000e+03,4.030620358032236616e+00
5.665000000000000000e+03,3.855729905305985916e+00
5.666000000000000000e+03,3.930955387763516828e+00
5.667000000000000000e+03,3.359838822529389812e+00
5.668000000000000000e+03,3.689116295579771609e+00
5.669000000000000000e+03,3.760085413341573091e+00
5.670000000000000000e+03,3.581828543290302758e+00
5.671000000000000000e+03,3.761941621215934450e+00
5.672000000000000000e+03,4.097794720474353447e+00
5.673000000000000000e+03,3.743610573742924164e+00
5.674000000000000000e+03,3.631803851472700462e+00
5.675000000000000000e+03,3.523878511532350988e+00
5.676000000000000000e+03,3.763727399607695201e+00
5.677000000000000000e+03,3.615002041393053478e+00
5.678000000000000000e+03,3.713431430570097724e+00
5.679000000000000000e+03,3.748391707348885493e+00
5.680000000000000000e+03,3.737374634459780687e+00
5.681000000000000000e+03,3.473471122838498903e+00
5.682000000000000000e+03,3.896055627419853895e+00
5.683000000000000000e+03,3.775116524978810784e+00
5.684000000000000000e+03,4.109913045736472981e+00
5.685000000000000000e+03,3.443661669427974914e+00
5.686000000000000000e+03,3.671256271174397678e+00
5.687000000000000000e+03,3.783257524950967454e+00
5.688000000000000000e+03,3.942307989333607487e+00
5.689000000000000000e+03,4.035073545192338962e+00
5.690000000000000000e+03,3.507556474204192032e+00
5.691000000000000000e+03,3.581385755122472148e+00
5.692000000000000000e+03,3.727359897512971809e+00
5.693000000000000000e+03,3.811066654834236456e+00
5.694000000000000000e+03,3.534764355595748864e+00
5.695000000000000000e+03,3.885670172294489078e+00
5.696000000000000000e+03,3.685536214204080174e+00
5.697000000000000000e+03,3.631339523141769998e+00
5.698000000000000000e+03,3.809618582370025042e+00
5.699000000000000000e+03,3.625351579465758256e+00
5.700000000000000000e+03,3.663724639099716462e+00
5.701000000000000000e+03,3.712840184494380136e+00
5.702000000000000000e+03,3.900952525277797900e+00
5.703000000000000000e+03,3.964633584618136641e+00
5.704000000000000000e+03,3.734315517465735201e+00
5.705000000000000000e+03,3.841336113699104438e+00
5.706000000000000000e+03,3.678329026756105069e+00
5.707000000000000000e+03,3.937761849472797060e+00
5.708000000000000000e+03,3.813184574722194409e+00
5.709000000000000000e+03,3.828846615358535654e+00
5.710000000000000000e+03,3.940216364169810248e+00
5.711000000000000000e+03,3.490753833708314158e+00
5.712000000000000000e+03,3.800223531605498639e+00
5.713000000000000000e+03,3.808498856024952417e+00
5.714000000000000000e+03,3.973006450391311173e+00
5.715000000000000000e+03,3.661105508103653872e+00
5.716000000000000000e+03,3.802643249748349330e+00
5.717000000000000000e+03,3.690419053297168350e+00
5.718000000000000000e+03,3.573384455010305771e+00
5.719000000000000000e+03,3.724505565883220015e+00
5.720000000000000000e+03,3.708259713332935359e+00
5.721000000000000000e+03,3.720220983862891018e+00
5.722000000000000000e+03,3.909505455935631701e+00
5.723000000000000000e+03,3.824053676886573161e+00
5.724000000000000000e+03,3.901545195935602450e+00
5.725000000000000000e+03,3.944664373870629515e+00
5.726000000000000000e+03,3.788625592830084710e+00
5.727000000000000000e+03,3.705994887089653744e+00
5.728000000000000000e+03,3.765973373029597226e+00
5.729000000000000000e+03,3.763669339199044561e+00
5.730000000000000000e+03,3.462625634176935918e+00
5.731000000000000000e+03,3.522917990479540684e+00
5.732000000000000000e+03,3.651609504079733171e+00
5.733000000000000000e+03,3.605389032096101065e+00
5.734000000000000000e+03,3.915710199165938654e+00
5.735000000000000000e+03,3.695274385033541886e+00
5.736000000000000000e+03,3.862137718813385856e+00
5.737000000000000000e+03,3.780149286457377578e+00
5.738000000000000000e+03,3.725573897510441324e+00
5.739000000000000000e+03,3.480745354580253803e+00
5.740000000000000000e+03,3.734760296729211060e+00
5.741000000000000000e+03,3.737329384820300859e+00
5.742000000000000000e+03,3.653340442637970309e+00
5.743000000000000000e+03,3.645191534310574522e+00
5.744000000000000000e+03,3.511137941624450587e+00
5.745000000000000000e+03,3.647233126605888387e+00
5.746000000000000000e+03,3.495445355634517082e+00
5.747000000000000000e+03,3.817199764373777171e+00
5.748000000000000000e+03,3.748787349446478068e+00
5.749000000000000000e+03,3.684734206985299299e+00
5.750000000000000000e+03,3.662422784309095292e+00
5.751000000000000000e+03,3.724507681911141788e+00
5.752000000000000000e+03,3.677984037954691310e+00
5.753000000000000000e+03,3.653387079532735005e+00
5.754000000000000000e+03,3.436024747227786502e+00
5.755000000000000000e+03,3.576926581867239108e+00
5.756000000000000000e+03,3.759307565509030002e+00
5.757000000000000000e+03,3.955370113894688622e+00
5.758000000000000000e+03,3.695905337932726464e+00
5.759000000000000000e+03,3.654177064071956860e+00
5.760000000000000000e+03,3.412134877908844288e+00
5.761000000000000000e+03,3.901233927602485885e+00
5.762000000000000000e+03,3.871505513889508698e+00
5.763000000000000000e+03,3.460872511080832048e+00
5.764000000000000000e+03,4.010400891993597838e+00
5.765000000000000000e+03,3.933264094335554795e+00
5.766000000000000000e+03,3.648922593328935537e+00
5.767000000000000000e+03,3.891565346177338292e+00
5.768000000000000000e+03,3.634182752074226030e+00
5.769000000000000000e+03,3.702955740523798944e+00
5.770000000000000000e+03,3.663810102866349894e+00
5.771000000000000000e+03,3.682691516379990926e+00
5.772000000000000000e+03,3.897738382713035410e+00
5.773000000000000000e+03,3.486893715281406791e+00
5.774000000000000000e+03,3.847762094982824621e+00
5.775000000000000000e+03,3.458170763663143799e+00
5.776000000000000000e+03,3.934341366043563326e+00
5.777000000000000000e+03,3.681670564899963249e+00
5.778000000000000000e+03,3.500847543020838781e+00
5.779000000000000000e+03,3.752717899898806220e+00
5.780000000000000000e+03,3.663138473754545377e+00
5.781000000000000000e+03,3.629064370493285008e+00
5.782000000000000000e+03,3.736735699950178624e+00
5.783000000000000000e+03,3.615589801449859308e+00
5.784000000000000000e+03,3.887153965522955890e+00
5.785000000000000000e+03,3.844117133387625618e+00
5.786000000000000000e+03,3.829292162596288573e+00
5.787000000000000000e+03,3.987111553705281253e+00
5.788000000000000000e+03,3.653076767117907853e+00
5.789000000000000000e+03,3.871086639239067484e+00
5.790000000000000000e+03,3.794224451790895181e+00
5.791000000000000000e+03,3.635892367436165173e+00
5.792000000000000000e+03,3.750447888884264280e+00
5.793000000000000000e+03,3.666999545765715851e+00
5.794000000000000000e+03,3.466478312860039601e+00
5.795000000000000000e+03,3.653798638137208066e+00
5.796000000000000000e+03,3.538579821969348060e+00
5.797000000000000000e+03,3.591406819089537628e+00
5.798000000000000000e+03,3.461514648459528054e+00
5.799000000000000000e+03,3.747600032771537304e+00
5.800000000000000000e+03,3.685252758310057608e+00
5.801000000000000000e+03,3.524565809317525833e+00
5.802000000000000000e+03,3.879169512752894011e+00
5.803000000000000000e+03,3.817838094561142537e+00
5.804000000000000000e+03,3.879066330133176255e+00
5.805000000000000000e+03,3.483076279453282353e+00
5.806000000000000000e+03,3.478890902880600322e+00
5.807000000000000000e+03,3.570968985595349476e+00
5.808000000000000000e+03,3.590999147766956945e+00
5.809000000000000000e+03,3.745036034091205224e+00
5.810000000000000000e+03,3.734670051731470597e+00
5.811000000000000000e+03,3.675374326460450369e+00
5.812000000000000000e+03,3.848637094410296999e+00
5.813000000000000000e+03,3.791360209819107485e+00
5.814000000000000000e+03,3.860535198645024479e+00
5.815000000000000000e+03,3.566454977858743547e+00
5.816000000000000000e+03,3.796965821994041423e+00
5.817000000000000000e+03,3.971260375795566677e+00
5.818000000000000000e+03,3.800083870674313857e+00
5.819000000000000000e+03,3.626541770458875380e+00
5.820000000000000000e+03,4.077173402764765697e+00
5.821000000000000000e+03,3.827285240707286817e+00
5.822000000000000000e+03,3.696483464924456008e+00
5.823000000000000000e+03,3.679186147933283912e+00
5.824000000000000000e+03,3.801198722847259681e+00
5.825000000000000000e+03,3.910350878817577147e+00
5.826000000000000000e+03,3.759486761784668118e+00
5.827000000000000000e+03,3.650394240341967134e+00
5.828000000000000000e+03,3.920406398103829737e+00
5.829000000000000000e+03,3.543184835482843908e+00
5.830000000000000000e+03,3.522922163945059193e+00
5.831000000000000000e+03,4.042546443576259918e+00
5.832000000000000000e+03,3.474358720250600996e+00
5.833000000000000000e+03,3.634801148630718792e+00
5.834000000000000000e+03,3.496493648994301484e+00
5.835000000000000000e+03,4.086613570141881091e+00
5.836000000000000000e+03,3.629832004104334597e+00
5.837000000000000000e+03,3.605783647932043312e+00
5.838000000000000000e+03,3.911196976281393844e+00
5.839000000000000000e+03,3.410287806701451263e+00
5.840000000000000000e+03,3.756936783154587456e+00
5.841000000000000000e+03,4.154769488834730851e+00
5.842000000000000000e+03,3.483904541208727057e+00
5.843000000000000000e+03,3.796807307312854540e+00
5.844000000000000000e+03,3.655152989569072197e+00
5.845000000000000000e+03,3.944369032407538889e+00
5.846000000000000000e+03,3.946871456281143331e+00
5.847000000000000000e+03,3.607408561602458263e+00
5.848000000000000000e+03,3.931919879852868505e+00
5.849000000000000000e+03,3.873169396729797320e+00
5.850000000000000000e+03,3.677702992250016845e+00
5.851000000000000000e+03,3.690305165202361959e+00
5.852000000000000000e+03,3.837699755724828687e+00
5.853000000000000000e+03,3.379449605152527791e+00
5.854000000000000000e+03,3.467469871047230257e+00
5.855000000000000000e+03,3.774173890411430587e+00
5.856000000000000000e+03,3.704554145638239149e+00
5.857000000000000000e+03,3.712361011825493495e+00
5.858000000000000000e+03,3.913126049818534735e+00
5.859000000000000000e+03,3.983726325034560922e+00
5.860000000000000000e+03,3.694224072333409215e+00
5.861000000000000000e+03,3.616297550792144655e+00
5.862000000000000000e+03,3.677771365577774620e+00
5.863000000000000000e+03,4.129446649322431107e+00
5.864000000000000000e+03,3.695771186866507296e+00
5.865000000000000000e+03,4.018069041022198640e+00
5.866000000000000000e+03,3.755452316084328057e+00
5.867000000000000000e+03,3.772813218429774906e+00
5.868000000000000000e+03,3.667883702294584936e+00
5.869000000000000000e+03,3.770853864439270620e+00
5.870000000000000000e+03,3.589716253566844983e+00
5.871000000000000000e+03,3.892912711877669185e+00
5.872000000000000000e+03,3.782153829119977217e+00
5.873000000000000000e+03,4.215533013928864925e+00
5.874000000000000000e+03,3.902891736803896894e+00
5.875000000000000000e+03,3.783831051472463791e+00
5.876000000000000000e+03,3.705247451906611644e+00
5.877000000000000000e+03,3.816349033887726172e+00
5.878000000000000000e+03,3.529484426235702799e+00
5.879000000000000000e+03,3.822915078986480530e+00
5.880000000000000000e+03,3.849713679821080259e+00
5.881000000000000000e+03,3.900391113620237604e+00
5.882000000000000000e+03,4.268173881587618013e+00
5.883000000000000000e+03,4.023350031906511859e+00
5.884000000000000000e+03,3.705151246060834680e+00
5.885000000000000000e+03,3.707857233789564333e+00
5.886000000000000000e+03,3.796992021694747699e+00
5.887000000000000000e+03,3.694296319469271506e+00
5.888000000000000000e+03,3.873719540170057929e+00
5.889000000000000000e+03,3.741765146615836812e+00
5.890000000000000000e+03,3.635305927325149788e+00
5.891000000000000000e+03,3.970406931679540730e+00
5.892000000000000000e+03,3.999405659086903153e+00
5.893000000000000000e+03,3.860265880109951198e+00
5.894000000000000000e+03,3.707050650618463727e+00
5.895000000000000000e+03,4.004575200705880356e+00
5.896000000000000000e+03,3.530582074016578531e+00
5.897000000000000000e+03,3.976468732227098180e+00
5.898000000000000000e+03,3.339597532165725191e+00
5.899000000000000000e+03,3.915873210059690468e+00
5.900000000000000000e+03,3.821039096725288964e+00
5.901000000000000000e+03,3.914919750023909906e+00
5.902000000000000000e+03,3.579852102251002588e+00
5.903000000000000000e+03,3.698975919580567151e+00
5.904000000000000000e+03,3.662094710670417808e+00
5.905000000000000000e+03,3.771869408456337780e+00
5.906000000000000000e+03,3.800704475917794589e+00
5.907000000000000000e+03,3.707633371709082137e+00
5.908000000000000000e+03,3.614726086673121674e+00
5.909000000000000000e+03,3.521975329404193111e+00
5.910000000000000000e+03,3.930826660797341443e+00
5.911000000000000000e+03,3.681678879721429709e+00
5.912000000000000000e+03,3.778065735128429914e+00
5.913000000000000000e+03,4.060907132417768572e+00
5.914000000000000000e+03,3.680521682102722902e+00
5.915000000000000000e+03,3.793341724826067907e+00
5.916000000000000000e+03,3.448423731154199423e+00
5.917000000000000000e+03,3.680005623807602433e+00
5.918000000000000000e+03,3.607276702432500315e+00
5.919000000000000000e+03,4.044990788182610153e+00
5.920000000000000000e+03,3.562831581124663138e+00
5.921000000000000000e+03,3.404873739064810056e+00
5.922000000000000000e+03,3.935258504232800991e+00
5.923000000000000000e+03,3.595450187753050919e+00
5.924000000000000000e+03,3.621377967726149283e+00
5.925000000000000000e+03,3.794200285811058393e+00
5.926000000000000000e+03,3.650882935100095317e+00
5.927000000000000000e+03,3.938253151111303474e+00
5.928000000000000000e+03,3.763008776562492219e+00
5.929000000000000000e+03,3.781204230897665219e+00
5.930000000000000000e+03,4.060986143156341655e+00
5.931000000000000000e+03,3.639595894394041853e+00
5.932000000000000000e+03,3.825714591256873298e+00
5.933000000000000000e+03,3.993409924189580185e+00
5.934000000000000000e+03,3.672926405152689089e+00
5.935000000000000000e+03,3.734367941102567201e+00
5.936000000000000000e+03,3.750514532530348166e+00
5.937000000000000000e+03,4.113221236687389926e+00
5.938000000000000000e+03,3.919245632426416215e+00
5.939000000000000000e+03,3.599765764416916536e+00
5.940000000000000000e+03,3.585577519011511782e+00
5.941000000000000000e+03,3.864427161843970282e+00
5.942000000000000000e+03,3.599053527548197629e+00
5.943000000000000000e+03,3.846676944755834882e+00
5.944000000000000000e+03,3.609787925690379318e+00
5.945000000000000000e+03,3.410295405319294648e+00
5.946000000000000000e+03,3.644491075451321116e+00
5.947000000000000000e+03,3.801666049251607671e+00
5.948000000000000000e+03,3.709498081761134269e+00
5.949000000000000000e+03,3.953784114395710425e+00
5.950000000000000000e+03,4.176004331094426369e+00
5.951000000000000000e+03,3.359478077568421650e+00
5.952000000000000000e+03,4.037719193566423392e+00
5.953000000000000000e+03,3.514646556047526182e+00
5.954000000000000000e+03,3.791622611675048660e+00
5.955000000000000000e+03,3.632961298289653307e+00
5.956000000000000000e+03,3.722172374477143553e+00
5.957000000000000000e+03,3.857996436428315690e+00
5.958000000000000000e+03,3.469236814599750307e+00
5.959000000000000000e+03,3.725803841589701904e+00
5.960000000000000000e+03,3.401869270297408931e+00
5.961000000000000000e+03,3.806000681688695764e+00
5.962000000000000000e+03,3.763590371248841215e+00
5.963000000000000000e+03,3.698886486990400346e+00
5.964000000000000000e+03,3.702694153007531241e+00
5.965000000000000000e+03,3.995295760580555466e+00
5.966000000000000000e+03,3.987312725501480415e+00
5.967000000000000000e+03,3.916026388801210789e+00
5.968000000000000000e+03,3.723109311578135738e+00
5.969000000000000000e+03,3.925511521729786679e+00
5.970000000000000000e+03,3.986331806184099324e+00
5.971000000000000000e+03,3.839212905747251270e+00
5.972000000000000000e+03,3.398583759683313943e+00
5.973000000000000000e+03,3.455556176142641878e+00
5.974000000000000000e+03,3.724110341182271355e+00
5.975000000000000000e+03,3.663079135008318499e+00
5.976000000000000000e+03,3.682965294542403178e+00
5.977000000000000000e+03,4.396640776553733865e+00
5.978000000000000000e+03,3.519392204554871562e+00
5.979000000000000000e+03,3.644833651514576722e+00
5.980000000000000000e+03,3.564243028824939596e+00
5.981000000000000000e+03,3.636954057806597529e+00
5.982000000000000000e+03,3.736268332314040208e+00
5.983000000000000000e+03,4.017623557340664675e+00
5.984000000000000000e+03,4.061870942950799090e+00
5.985000000000000000e+03,3.968260340285829635e+00
5.986000000000000000e+03,3.838384458239354480e+00
5.987000000000000000e+03,3.976609891479821357e+00
5.988000000000000000e+03,4.042268540141493283e+00
5.989000000000000000e+03,3.765264275990126475e+00
5.990000000000000000e+03,3.715298831229647991e+00
5.991000000000000000e+03,3.431575041269503412e+00
5.992000000000000000e+03,3.564659287517891073e+00
5.993000000000000000e+03,3.989274387787413723e+00
5.994000000000000000e+03,3.607949473207896052e+00
5.995000000000000000e+03,3.647256243523573804e+00
5.996000000000000000e+03,4.006260911142358161e+00
5.997000000000000000e+03,3.892422009995069043e+00
5.998000000000000000e+03,4.001082973304977308e+00
5.999000000000000000e+03,3.847079589540549627e+00
6.000000000000000000e+03,3.502207003979638689e+00
6.001000000000000000e+03,3.717528368892149437e+00
6.002000000000000000e+03,3.735219264443050857e+00
6.003000000000000000e+03,4.122749880556043856e+00
6.004000000000000000e+03,3.713338036435999800e+00
6.005000000000000000e+03,3.676917133788942138e+00
6.006000000000000000e+03,3.590540109686295889e+00
6.007000000000000000e+03,3.783347825002712383e+00
6.008000000000000000e+03,4.197676361380092480e+00
6.009000000000000000e+03,3.970095993882843288e+00
6.010000000000000000e+03,3.991342206865934994e+00
6.011000000000000000e+03,3.878088330427637231e+00
6.012000000000000000e+03,3.575903234295404687e+00
6.013000000000000000e+03,3.765319124461732780e+00
6.014000000000000000e+03,3.836173925803569862e+00
6.015000000000000000e+03,3.530615722904932419e+00
6.016000000000000000e+03,4.093355306452810538e+00
6.017000000000000000e+03,3.633690212479623316e+00
6.018000000000000000e+03,3.787004558527816922e+00
6.019000000000000000e+03,3.844016369034537917e+00
6.020000000000000000e+03,3.951824644048145707e+00
6.021000000000000000e+03,3.799982196537393442e+00
6.022000000000000000e+03,3.972602501806867359e+00
6.023000000000000000e+03,3.725645026730665776e+00
6.024000000000000000e+03,3.750271362694594046e+00
6.025000000000000000e+03,3.744876069506113403e+00
6.026000000000000000e+03,3.589978182282142161e+00
6.027000000000000000e+03,3.708061592104476389e+00
6.028000000000000000e+03,3.924180788017814780e+00
6.029000000000000000e+03,3.914560671847226114e+00
6.030000000000000000e+03,3.713951182152979591e+00
6.031000000000000000e+03,3.648443393447664107e+00
6.032000000000000000e+03,3.546813270304214782e+00
6.033000000000000000e+03,3.766726834846461980e+00
6.034000000000000000e+03,3.884256834167858052e+00
6.035000000000000000e+03,4.047209837003839183e+00
6.036000000000000000e+03,3.858560966422723393e+00
6.037000000000000000e+03,3.754535683331316154e+00
6.038000000000000000e+03,4.041542521857681258e+00
6.039000000000000000e+03,3.707613379307344914e+00
6.040000000000000000e+03,3.865448675517777044e+00
6.041000000000000000e+03,3.893468280537004222e+00
6.042000000000000000e+03,3.703235793389347830e+00
6.043000000000000000e+03,3.833806702355877061e+00
6.044000000000000000e+03,3.625332154529793183e+00
6.045000000000000000e+03,3.655025119181917859e+00
6.046000000000000000e+03,3.898480355028553390e+00
6.047000000000000000e+03,3.873264308055076821e+00
6.048000000000000000e+03,3.845010737071823836e+00
6.049000000000000000e+03,4.013101753119745041e+00
6.050000000000000000e+03,4.163158798047751574e+00
6.051000000000000000e+03,3.672294187089705009e+00
6.052000000000000000e+03,3.693396361533613170e+00
6.053000000000000000e+03,3.776256561030489678e+00
6.054000000000000000e+03,3.954782113610679772e+00
6.055000000000000000e+03,3.834809549243296534e+00
6.056000000000000000e+03,3.871857591028179613e+00
6.057000000000000000e+03,3.688572859507794455e+00
6.058000000000000000e+03,4.110083818618253559e+00
6.059000000000000000e+03,3.833184708142465258e+00
6.060000000000000000e+03,3.770080530871017022e+00
6.061000000000000000e+03,3.777542469107899592e+00
6.062000000000000000e+03,3.503734056978008216e+00
6.063000000000000000e+03,3.566983247272880408e+00
6.064000000000000000e+03,3.799647302060793486e+00
6.065000000000000000e+03,3.870158240805188221e+00
6.066000000000000000e+03,3.972530115539645745e+00
6.067000000000000000e+03,4.055200454449249037e+00
6.068000000000000000e+03,3.570706772202450807e+00
6.069000000000000000e+03,3.726466871616600063e+00
6.070000000000000000e+03,3.755839258579124262e+00
6.071000000000000000e+03,3.290102813144916372e+00
6.072000000000000000e+03,4.213452667888701875e+00
6.073000000000000000e+03,3.817431313470583287e+00
6.074000000000000000e+03,3.509626433391924927e+00
6.075000000000000000e+03,3.595863251159733043e+00
6.076000000000000000e+03,3.555711043358016799e+00
6.077000000000000000e+03,4.150588145811060059e+00
6.078000000000000000e+03,3.960034745242042131e+00
6.079000000000000000e+03,3.719501119932352218e+00
6.080000000000000000e+03,3.617457065517827086e+00
6.081000000000000000e+03,3.715370030519174804e+00
6.082000000000000000e+03,3.704365133619319295e+00
6.083000000000000000e+03,3.954801447784383139e+00
6.084000000000000000e+03,4.210947810747654785e+00
6.085000000000000000e+03,4.008132148296138730e+00
6.086000000000000000e+03,3.847084294218743317e+00
6.087000000000000000e+03,3.631159686889584570e+00
6.088000000000000000e+03,3.977118321323562800e+00
6.089000000000000000e+03,3.808852864317352704e+00
6.090000000000000000e+03,3.878263123300458748e+00
6.091000000000000000e+03,4.046076095353103419e+00
6.092000000000000000e+03,3.804831898332283302e+00
6.093000000000000000e+03,3.809477345217836763e+00
6.094000000000000000e+03,3.685489819539594425e+00
6.095000000000000000e+03,3.908445952091737396e+00
6.096000000000000000e+03,3.829426699835310810e+00
6.097000000000000000e+03,3.790393751305333847e+00
6.098000000000000000e+03,3.380122861795548772e+00
6.099000000000000000e+03,3.577250241489789762e+00
6.100000000000000000e+03,3.784186746549038194e+00
6.101000000000000000e+03,3.973132907697543459e+00
6.102000000000000000e+03,3.643362511447539198e+00
6.103000000000000000e+03,3.933209326753362323e+00
6.104000000000000000e+03,4.027689127378131673e+00
6.105000000000000000e+03,3.967888080947147511e+00
6.106000000000000000e+03,3.891153951086768092e+00
6.107000000000000000e+03,3.835329301314552630e+00
6.108000000000000000e+03,3.524920099718077626e+00
6.109000000000000000e+03,3.722675905594641232e+00
6.110000000000000000e+03,3.704868793131778304e+00
6.111000000000000000e+03,3.736397148568196602e+00
6.112000000000000000e+03,3.750738920706069290e+00
6.113000000000000000e+03,3.778227059825339129e+00
6.114000000000000000e+03,3.633869766604784335e+00
6.115000000000000000e+03,3.863468350906331228e+00
6.116000000000000000e+03,3.736629077949346289e+00
6.117000000000000000e+03,3.724413826897443158e+00
6.118000000000000000e+03,3.760556373129342322e+00
6.119000000000000000e+03,3.787310614697712463e+00
6.120000000000000000e+03,3.980468729290589369e+00
6.121000000000000000e+03,3.776685457115419364e+00
6.122000000000000000e+03,3.935916563752184683e+00
6.123000000000000000e+03,3.607868356827008682e+00
6.124000000000000000e+03,3.712318974504303259e+00
6.125000000000000000e+03,3.560744279288099001e+00
6.126000000000000000e+03,3.404988251181632286e+00
6.127000000000000000e+03,4.054302729703972652e+00
6.128000000000000000e+03,3.413795263692879889e+00
6.129000000000000000e+03,3.408084994365165876e+00
6.130000000000000000e+03,3.589127674581895633e+00
6.131000000000000000e+03,3.625227132779961003e+00
6.132000000000000000e+03,3.415192487566120594e+00
6.133000000000000000e+03,3.704824972605195388e+00
6.134000000000000000e+03,3.727634163744813378e+00
6.135000000000000000e+03,3.839929434168634081e+00
6.136000000000000000e+03,3.831914588541329714e+00
6.137000000000000000e+03,3.636140548443564935e+00
6.138000000000000000e+03,3.794236997807814316e+00
6.139000000000000000e+03,3.569395920750589646e+00
6.140000000000000000e+03,3.760237353288262252e+00
6.141000000000000000e+03,3.694745138527844475e+00
6.142000000000000000e+03,3.950490022811167456e+00
6.143000000000000000e+03,3.960815370159592508e+00
6.144000000000000000e+03,3.858223322405901268e+00
6.145000000000000000e+03,3.770677167177105105e+00
6.146000000000000000e+03,3.987582552183376983e+00
6.147000000000000000e+03,3.567832094798271569e+00
6.148000000000000000e+03,3.698095557342672812e+00
6.149000000000000000e+03,3.811198716385520768e+00
6.150000000000000000e+03,3.682072948286363445e+00
6.151000000000000000e+03,3.671615160415465429e+00
6.152000000000000000e+03,3.931428373160356315e+00
6.153000000000000000e+03,3.634507233444226770e+00
6.154000000000000000e+03,3.451958916723140369e+00
6.155000000000000000e+03,3.927508127628572154e+00
6.156000000000000000e+03,3.659224770149025918e+00
6.157000000000000000e+03,3.742892859911278958e+00
6.158000000000000000e+03,3.730935072468891445e+00
6.159000000000000000e+03,3.498531486407627344e+00
6.160000000000000000e+03,3.593987113679091294e+00
6.161000000000000000e+03,3.960748563764256325e+00
6.162000000000000000e+03,3.761927444135602983e+00
6.163000000000000000e+03,3.582316132687773269e+00
6.164000000000000000e+03,3.776670567672814283e+00
6.165000000000000000e+03,4.039547739343762878e+00
6.166000000000000000e+03,4.016026136829766280e+00
6.167000000000000000e+03,3.980061126356948087e+00
6.168000000000000000e+03,3.387397020390163327e+00
6.169000000000000000e+03,3.992324872435722760e+00
6.170000000000000000e+03,3.628050405983363813e+00
6.171000000000000000e+03,3.640258724177031002e+00
6.172000000000000000e+03,3.708930589879411155e+00
6.173000000000000000e+03,3.872567231403755805e+00
6.174000000000000000e+03,3.636212779371255088e+00
6.175000000000000000e+03,3.780183642598284877e+00
6.176000000000000000e+03,3.830733415821657051e+00
6.177000000000000000e+03,3.709006777601283389e+00
6.178000000000000000e+03,4.380088188651219738e+00
6.179000000000000000e+03,3.812159198074034805e+00
6.180000000000000000e+03,3.774611266592512226e+00
6.181000000000000000e+03,3.585344104547164346e+00
6.182000000000000000e+03,3.867134854008184242e+00
6.183000000000000000e+03,3.670413627454372829e+00
6.184000000000000000e+03,3.455623492859513757e+00
6.185000000000000000e+03,3.887942838628169362e+00
6.186000000000000000e+03,4.134803613027191460e+00
6.187000000000000000e+03,3.857602496054328700e+00
6.188000000000000000e+03,3.785531604290098162e+00
6.189000000000000000e+03,3.579130059916002082e+00
6.190000000000000000e+03,3.813740624908616983e+00
6.191000000000000000e+03,3.746603658265543313e+00
6.192000000000000000e+03,3.736674158089319242e+00
6.193000000000000000e+03,4.011872826212802501e+00
6.194000000000000000e+03,3.781514049943999645e+00
6.195000000000000000e+03,3.873836501960291390e+00
6.196000000000000000e+03,4.080713236833823920e+00
6.197000000000000000e+03,3.525555374955377630e+00
6.198000000000000000e+03,3.722158869407063531e+00
6.199000000000000000e+03,4.020283806092379564e+00
6.200000000000000000e+03,3.748520079948678863e+00
6.201000000000000000e+03,3.538495093211925457e+00
6.202000000000000000e+03,3.621884993538482256e+00
6.203000000000000000e+03,3.809037091605890879e+00
6.204000000000000000e+03,3.713072242797399891e+00
6.205000000000000000e+03,3.751348734293543430e+00
6.206000000000000000e+03,3.870424899407512331e+00
6.207000000000000000e+03,3.732079442796149227e+00
6.208000000000000000e+03,3.937146888081620943e+00
6.209000000000000000e+03,3.609295533866757388e+00
6.210000000000000000e+03,4.015435888167621314e+00
6.211000000000000000e+03,3.832116675525385929e+00
6.212000000000000000e+03,3.292073988291249531e+00
6.213000000000000000e+03,3.731117917126354655e+00
6.214000000000000000e+03,3.995342856499987327e+00
6.215000000000000000e+03,3.772151690793603240e+00
6.216000000000000000e+03,3.567163699014632705e+00
6.217000000000000000e+03,3.666697756466779978e+00
6.218000000000000000e+03,3.983238832090089776e+00
6.219000000000000000e+03,3.976369066177352085e+00
6.220000000000000000e+03,3.920305940786927401e+00
6.221000000000000000e+03,3.362000457046159241e+00
6.222000000000000000e+03,3.636525211175344996e+00
6.223000000000000000e+03,4.248663981439307236e+00
6.224000000000000000e+03,3.983993565142712967e+00
6.225000000000000000e+03,3.800573069619854305e+00
6.226000000000000000e+03,3.435518853697724140e+00
6.227000000000000000e+03,4.009748658299451485e+00
6.228000000000000000e+03,3.951619517562865447e+00
6.229000000000000000e+03,3.731497511436523862e+00
6.230000000000000000e+03,3.580172377685466589e+00
6.231000000000000000e+03,3.545895743449859250e+00
6.232000000000000000e+03,3.842281540352924907e+00
6.233000000000000000e+03,3.704201552756540838e+00
6.234000000000000000e+03,3.705106659925777368e+00
6.235000000000000000e+03,3.792390167809798207e+00
6.236000000000000000e+03,3.851470395973747518e+00
6.237000000000000000e+03,4.170069604393342289e+00
6.238000000000000000e+03,3.674072400169759778e+00
6.239000000000000000e+03,3.761242898570217985e+00
6.240000000000000000e+03,3.957430932030167270e+00
6.241000000000000000e+03,3.742135694946214564e+00
6.242000000000000000e+03,3.767967644571566410e+00
6.243000000000000000e+03,3.831043065664012204e+00
6.244000000000000000e+03,3.897475534761858817e+00
6.245000000000000000e+03,3.882438824599852900e+00
6.246000000000000000e+03,3.782660515093263509e+00
6.247000000000000000e+03,3.617027492903038155e+00
6.248000000000000000e+03,3.908422676502673720e+00
6.249000000000000000e+03,3.791094684909044332e+00
6.250000000000000000e+03,3.688711151244524977e+00
6.251000000000000000e+03,3.884890837151951715e+00
6.252000000000000000e+03,3.665792434668162514e+00
6.253000000000000000e+03,3.653951765392355444e+00
6.254000000000000000e+03,3.964376523966670174e+00
6.255000000000000000e+03,4.091593338447576222e+00
6.256000000000000000e+03,3.784927125503012579e+00
6.257000000000000000e+03,3.627080720320581708e+00
6.258000000000000000e+03,3.729037518580596622e+00
6.259000000000000000e+03,3.804321932660694294e+00
6.260000000000000000e+03,3.763921910383957403e+00
6.261000000000000000e+03,4.063630273857256725e+00
6.262000000000000000e+03,3.855225461153136468e+00
6.263000000000000000e+03,3.693953185056372934e+00
6.264000000000000000e+03,3.879473827696699129e+00
6.265000000000000000e+03,3.412526365900333314e+00
6.266000000000000000e+03,4.197953480603669796e+00
6.267000000000000000e+03,3.418474287531764855e+00
6.268000000000000000e+03,3.663464289115833328e+00
6.269000000000000000e+03,3.863623801397720658e+00
6.270000000000000000e+03,3.592215054840771415e+00
6.271000000000000000e+03,3.750899949045393811e+00
6.272000000000000000e+03,3.583308702027119708e+00
6.273000000000000000e+03,3.442625078243049863e+00
6.274000000000000000e+03,3.971006443396516872e+00
6.275000000000000000e+03,3.874628020156166475e+00
6.276000000000000000e+03,3.665363183826757965e+00
6.277000000000000000e+03,3.620927383402468891e+00
6.278000000000000000e+03,3.462809548632485690e+00
6.279000000000000000e+03,4.077065898320011428e+00
6.280000000000000000e+03,4.055771292382033266e+00
6.281000000000000000e+03,3.722011245359974740e+00
6.282000000000000000e+03,3.529451963941196091e+00
6.283000000000000000e+03,3.641827586230713010e+00
6.284000000000000000e+03,3.711420921852087940e+00
6.285000000000000000e+03,3.679997733061293630e+00
6.286000000000000000e+03,3.351041424619062514e+00
6.287000000000000000e+03,4.088900499016977719e+00
6.288000000000000000e+03,3.551689989270201409e+00
6.289000000000000000e+03,4.165758945944419978e+00
6.290000000000000000e+03,3.550865878296832978e+00
6.291000000000000000e+03,3.646901396500739079e+00
6.292000000000000000e+03,3.909276996445346430e+00
6.293000000000000000e+03,3.772694413241792777e+00
6.294000000000000000e+03,3.813377335059298545e+00
6.295000000000000000e+03,3.710766336120782327e+00
6.296000000000000000e+03,4.050025227808906614e+00
6.297000000000000000e+03,3.630067317775738545e+00
6.298000000000000000e+03,3.858874145098238895e+00
6.299000000000000000e+03,3.578863074792395071e+00
6.300000000000000000e+03,3.795051011714841493e+00
6.301000000000000000e+03,3.582191193202015622e+00
6.302000000000000000e+03,3.754694022911960527e+00
6.303000000000000000e+03,3.425572202824290979e+00
6.304000000000000000e+03,3.822838844184071494e+00
6.305000000000000000e+03,3.463823652519699259e+00
6.306000000000000000e+03,3.832747770358893025e+00
6.307000000000000000e+03,3.896338575926979519e+00
6.308000000000000000e+03,3.859680069279837866e+00
6.309000000000000000e+03,3.973774875572178455e+00
6.310000000000000000e+03,3.539565495089696867e+00
6.311000000000000000e+03,3.797572883523713916e+00
6.312000000000000000e+03,3.829022017417761159e+00
6.313000000000000000e+03,3.798638452830250589e+00
6.314000000000000000e+03,3.619350548141762047e+00
6.315000000000000000e+03,3.672800165983196585e+00
6.316000000000000000e+03,3.736238946134871508e+00
6.317000000000000000e+03,3.830994155940687484e+00
6.318000000000000000e+03,3.424638421259453835e+00
6.319000000000000000e+03,3.516878886389942949e+00
6.320000000000000000e+03,4.124099553982010669e+00
6.321000000000000000e+03,3.564467993888206898e+00
6.322000000000000000e+03,3.752181762369343865e+00
6.323000000000000000e+03,3.665908755729052171e+00
6.324000000000000000e+03,3.641358372247081476e+00
6.325000000000000000e+03,4.016786339344813328e+00
6.326000000000000000e+03,3.324152045864912086e+00
6.327000000000000000e+03,3.827269275946596050e+00
6.328000000000000000e+03,3.714632693989223799e+00
6.329000000000000000e+03,4.017081043014111508e+00
6.330000000000000000e+03,3.428707795219225751e+00
6.331000000000000000e+03,3.842746306284517743e+00
6.332000000000000000e+03,3.870433592567991798e+00
6.333000000000000000e+03,3.886470207460813064e+00
6.334000000000000000e+03,3.803155363867146477e+00
6.335000000000000000e+03,3.845420522404263242e+00
6.336000000000000000e+03,3.854149202239598448e+00
6.337000000000000000e+03,3.770288154935698355e+00
6.338000000000000000e+03,3.902839839747392681e+00
6.339000000000000000e+03,3.839943992992606248e+00
6.340000000000000000e+03,3.803037289413322419e+00
6.341000000000000000e+03,3.531599094057727761e+00
6.342000000000000000e+03,3.815212550641620126e+00
6.343000000000000000e+03,3.736578316491899976e+00
6.344000000000000000e+03,3.679884595812494386e+00
6.345000000000000000e+03,3.900294402436159658e+00
6.346000000000000000e+03,3.836029119310651492e+00
6.347000000000000000e+03,3.732635992005279846e+00
6.348000000000000000e+03,3.534069763617257109e+00
6.349000000000000000e+03,3.845664854925213927e+00
6.350000000000000000e+03,3.949408723358181827e+00
6.351000000000000000e+03,3.477007138543226183e+00
6.352000000000000000e+03,3.601191741739112828e+00
6.353000000000000000e+03,3.659283940685054581e+00
6.354000000000000000e+03,3.739876200687226149e+00
6.355000000000000000e+03,3.514821614824582774e+00
6.356000000000000000e+03,3.734104033120045241e+00
6.357000000000000000e+03,3.957809414971754425e+00
6.358000000000000000e+03,3.695571259983632117e+00
6.359000000000000000e+03,3.806137281146017681e+00
6.360000000000000000e+03,3.918592448801763606e+00
6.361000000000000000e+03,3.709537164425571909e+00
6.362000000000000000e+03,3.686704516059261749e+00
6.363000000000000000e+03,3.773031314630557631e+00
6.364000000000000000e+03,3.574949616752529202e+00
6.365000000000000000e+03,3.933899462875920960e+00
6.366000000000000000e+03,3.645400364643006430e+00
6.367000000000000000e+03,3.925115383384650602e+00
6.368000000000000000e+03,3.803560081334485421e+00
6.369000000000000000e+03,3.696113925462459981e+00
6.370000000000000000e+03,3.571594827757758495e+00
6.371000000000000000e+03,3.704974996137383236e+00
6.372000000000000000e+03,3.605404674703375445e+00
6.373000000000000000e+03,3.817725967671745213e+00
6.374000000000000000e+03,3.932098290612914493e+00
6.375000000000000000e+03,3.822055070463579618e+00
6.376000000000000000e+03,3.819060463097084135e+00
6.377000000000000000e+03,4.169753441472670019e+00
6.378000000000000000e+03,3.467380053004117446e+00
6.379000000000000000e+03,3.602736563174383733e+00
6.380000000000000000e+03,3.781414661213039263e+00
6.381000000000000000e+03,3.765504689379265635e+00
6.382000000000000000e+03,3.635335719708799651e+00
6.383000000000000000e+03,4.025199849063389124e+00
6.384000000000000000e+03,3.680079616955478361e+00
6.385000000000000000e+03,3.735539778365786212e+00
6.386000000000000000e+03,3.969026012028120665e+00
6.387000000000000000e+03,3.667997088445423159e+00
6.388000000000000000e+03,3.614790507031013345e+00
6.389000000000000000e+03,3.805972781230012369e+00
6.390000000000000000e+03,3.566921486473940472e+00
6.391000000000000000e+03,3.759611646202869917e+00
6.392000000000000000e+03,3.731896191497703796e+00
6.393000000000000000e+03,3.679598015269690769e+00
6.394000000000000000e+03,3.840224393266299607e+00
6.395000000000000000e+03,3.452929311551016678e+00
6.396000000000000000e+03,3.820194334937469627e+00
6.397000000000000000e+03,3.552683550497913956e+00
6.398000000000000000e+03,3.663423083584091966e+00
6.399000000000000000e+03,3.596860796868916577e+00
6.400000000000000000e+03,3.592020797690786527e+00
6.401000000000000000e+03,3.368530158731205315e+00
6.402000000000000000e+03,3.879322680150930847e+00
6.403000000000000000e+03,3.913972019452212070e+00
6.404000000000000000e+03,3.670263173051400596e+00
6.405000000000000000e+03,3.763533546838717658e+00
6.406000000000000000e+03,3.593131083000853376e+00
6.407000000000000000e+03,4.078179497931073705e+00
6.408000000000000000e+03,4.026097687075298026e+00
6.409000000000000000e+03,3.718383559355863177e+00
6.410000000000000000e+03,4.138523801754520726e+00
6.411000000000000000e+03,3.524979578760179866e+00
6.412000000000000000e+03,3.809923591105301544e+00
6.413000000000000000e+03,3.799667992544322193e+00
6.414000000000000000e+03,3.730069675661839668e+00
6.415000000000000000e+03,3.651065945126731993e+00
6.416000000000000000e+03,3.834798780798778672e+00
6.417000000000000000e+03,3.573954541476251023e+00
6.418000000000000000e+03,3.519390240572913164e+00
6.419000000000000000e+03,3.687110366045852405e+00
6.420000000000000000e+03,3.590508757310465704e+00
6.421000000000000000e+03,3.829879708660202997e+00
6.422000000000000000e+03,3.634064094070822204e+00
6.423000000000000000e+03,3.729619755206282861e+00
6.424000000000000000e+03,3.937327774038507755e+00
6.425000000000000000e+03,3.628810131468684474e+00
6.426000000000000000e+03,3.631036942796268985e+00
6.427000000000000000e+03,3.645679496072986581e+00
6.428000000000000000e+03,3.868532950365826117e+00
6.429000000000000000e+03,3.609180866426758172e+00
6.430000000000000000e+03,3.683956689175853505e+00
6.431000000000000000e+03,4.043586910832811299e+00
6.432000000000000000e+03,3.832364936768803521e+00
6.433000000000000000e+03,3.623003782435071152e+00
6.434000000000000000e+03,3.740133488427915598e+00
6.435000000000000000e+03,3.373781305383320106e+00
6.436000000000000000e+03,3.443070706895686506e+00
6.437000000000000000e+03,3.479236900886236050e+00
6.438000000000000000e+03,3.947948374901808943e+00
6.439000000000000000e+03,3.468601451249831769e+00
6.440000000000000000e+03,4.045004632711872716e+00
6.441000000000000000e+03,3.666781853342709674e+00
6.442000000000000000e+03,3.676949413584908122e+00
6.443000000000000000e+03,3.736328304527378297e+00
6.444000000000000000e+03,3.801678724917029850e+00
6.445000000000000000e+03,3.912986916969766416e+00
6.446000000000000000e+03,3.490195557012953476e+00
6.447000000000000000e+03,3.621012699957121050e+00
6.448000000000000000e+03,3.515953058195051106e+00
6.449000000000000000e+03,3.557483695241809851e+00
6.450000000000000000e+03,3.320235526486007505e+00
6.451000000000000000e+03,4.060338914018329248e+00
6.452000000000000000e+03,3.461144082040769288e+00
6.453000000000000000e+03,3.695483742839765107e+00
6.454000000000000000e+03,3.673993404317780431e+00
6.455000000000000000e+03,3.549402094881958458e+00
6.456000000000000000e+03,3.585213028164804694e+00
6.457000000000000000e+03,3.555611192096825413e+00
6.458000000000000000e+03,4.118373612161130737e+00
6.459000000000000000e+03,3.712716598015405545e+00
6.460000000000000000e+03,3.684452097465274356e+00
6.461000000000000000e+03,4.079727025068740964e+00
6.462000000000000000e+03,3.752934816111078042e+00
6.463000000000000000e+03,3.810267707010321914e+00
6.464000000000000000e+03,3.787030714552932498e+00
6.465000000000000000e+03,4.021073185906008263e+00
6.466000000000000000e+03,3.718385919563542252e+00
6.467000000000000000e+03,3.711444799042709075e+00
6.468000000000000000e+03,3.364714994753740029e+00
6.469000000000000000e+03,3.601000931378743442e+00
6.470000000000000000e+03,3.317259775902632324e+00
6.471000000000000000e+03,3.619287064856111069e+00
6.472000000000000000e+03,3.247476222080495578e+00
6.473000000000000000e+03,3.603963888406020555e+00
6.474000000000000000e+03,3.835339801350887701e+00
6.475000000000000000e+03,3.729557831682630553e+00
6.476000000000000000e+03,3.600577502221142812e+00
6.477000000000000000e+03,3.959904296466713269e+00
6.478000000000000000e+03,3.382980215092771470e+00
6.479000000000000000e+03,3.668153419010458105e+00
6.480000000000000000e+03,4.184095224287441184e+00
6.481000000000000000e+03,3.775336921048306760e+00
6.482000000000000000e+03,3.697880828910030004e+00
6.483000000000000000e+03,3.272001994270839820e+00
6.484000000000000000e+03,3.855009497382217987e+00
6.485000000000000000e+03,3.608184764782288667e+00
6.486000000000000000e+03,3.756253239029123225e+00
6.487000000000000000e+03,3.532106514410848330e+00
6.488000000000000000e+03,3.940055928502940841e+00
6.489000000000000000e+03,3.672645292163408737e+00
6.490000000000000000e+03,3.535860671643210829e+00
6.491000000000000000e+03,3.804182671478326228e+00
6.492000000000000000e+03,3.478116028894287393e+00
6.493000000000000000e+03,3.817371577692100448e+00
6.494000000000000000e+03,3.948685801311813570e+00
6.495000000000000000e+03,3.706084006151944443e+00
6.496000000000000000e+03,3.728345538903477863e+00
6.497000000000000000e+03,3.665078166738958032e+00
6.498000000000000000e+03,3.619168353504889968e+00
6.499000000000000000e+03,3.835657931186094771e+00
6.500000000000000000e+03,3.760621664156586608e+00
6.501000000000000000e+03,4.073703892278091487e+00
6.502000000000000000e+03,3.731108636119512045e+00
6.503000000000000000e+03,3.791923529693554507e+00
6.504000000000000000e+03,3.918275031879793424e+00
6.505000000000000000e+03,4.084005908125504902e+00
6.506000000000000000e+03,3.696237744874947051e+00
6.507000000000000000e+03,3.874449674305353586e+00
6.508000000000000000e+03,3.411624692628407285e+00
6.509000000000000000e+03,3.439921609597417884e+00
6.510000000000000000e+03,3.832872724538042952e+00
6.511000000000000000e+03,4.082347007829850938e+00
6.512000000000000000e+03,3.626959554762209326e+00
6.513000000000000000e+03,3.765622652292866412e+00
6.514000000000000000e+03,3.769347980192427894e+00
6.515000000000000000e+03,3.844982320622309047e+00
6.516000000000000000e+03,3.683401665174341311e+00
6.517000000000000000e+03,3.668883305953105189e+00
6.518000000000000000e+03,3.677338513587713464e+00
6.519000000000000000e+03,3.785363996231938088e+00
6.520000000000000000e+03,3.920821367687974845e+00
6.521000000000000000e+03,3.760048062964290061e+00
6.522000000000000000e+03,3.384500580243470669e+00
6.523000000000000000e+03,3.437734045519576398e+00
6.524000000000000000e+03,4.106968177820114363e+00
6.525000000000000000e+03,3.800537312051785133e+00
6.526000000000000000e+03,3.607247040908808433e+00
6.527000000000000000e+03,3.664142713163593967e+00
6.528000000000000000e+03,3.551341397739303130e+00
6.529000000000000000e+03,3.821998889525955345e+00
6.530000000000000000e+03,3.950964690325716067e+00
6.531000000000000000e+03,3.991621494528548197e+00
6.532000000000000000e+03,3.507068362702509656e+00
6.533000000000000000e+03,3.765373131687589137e+00
6.534000000000000000e+03,3.826492610125301397e+00
6.535000000000000000e+03,3.559597752041509633e+00
6.536000000000000000e+03,3.730849008688104984e+00
6.537000000000000000e+03,3.609991120649539642e+00
6.538000000000000000e+03,3.948926993382194883e+00
6.539000000000000000e+03,3.599880264837153732e+00
6.540000000000000000e+03,3.836075258186861348e+00
6.541000000000000000e+03,3.508768017562850616e+00
6.542000000000000000e+03,3.557308745914478543e+00
6.543000000000000000e+03,3.859942257056703685e+00
6.544000000000000000e+03,3.792806422102871888e+00
6.545000000000000000e+03,3.882971827870585813e+00
6.546000000000000000e+03,3.943683107859563997e+00
6.547000000000000000e+03,3.862645645371912018e+00
6.548000000000000000e+03,3.805346734273403975e+00
6.549000000000000000e+03,3.684476180312788784e+00
6.550000000000000000e+03,3.801949060370160893e+00
6.551000000000000000e+03,3.680015029791052328e+00
6.552000000000000000e+03,3.891045448109727189e+00
6.553000000000000000e+03,3.758744262142982961e+00
6.554000000000000000e+03,3.578663742571322803e+00
6.555000000000000000e+03,3.627871945694367550e+00
6.556000000000000000e+03,4.084573353718879751e+00
6.557000000000000000e+03,3.661679945153296867e+00
6.558000000000000000e+03,3.755420555603512955e+00
6.559000000000000000e+03,3.680862440454969686e+00
6.560000000000000000e+03,3.756791297495680748e+00
6.561000000000000000e+03,3.749366457749295556e+00
6.562000000000000000e+03,4.122559529083702934e+00
6.563000000000000000e+03,4.139454198314419742e+00
6.564000000000000000e+03,3.936044513579188386e+00
6.565000000000000000e+03,3.834601645917416146e+00
6.566000000000000000e+03,3.594210551980895563e+00
6.567000000000000000e+03,3.640296574795931495e+00
6.568000000000000000e+03,3.637078237775560385e+00
6.569000000000000000e+03,3.755074405725746356e+00
6.570000000000000000e+03,3.759910564021050838e+00
6.571000000000000000e+03,3.853781971775594783e+00
6.572000000000000000e+03,3.899724026536825594e+00
6.573000000000000000e+03,3.672705758205012661e+00
6.574000000000000000e+03,3.734782342162981994e+00
6.575000000000000000e+03,3.754560082865262771e+00
6.576000000000000000e+03,3.560141049357984144e+00
6.577000000000000000e+03,4.114470291663246293e+00
6.578000000000000000e+03,3.873204474333456826e+00
6.579000000000000000e+03,3.619628272210266839e+00
6.580000000000000000e+03,3.690801269763252179e+00
6.581000000000000000e+03,3.776665643338939837e+00
6.582000000000000000e+03,3.699826184705325094e+00
6.583000000000000000e+03,3.664398833731967287e+00
6.584000000000000000e+03,3.652433954577245956e+00
6.585000000000000000e+03,3.584615949782164357e+00
6.586000000000000000e+03,4.051894664726068740e+00
6.587000000000000000e+03,3.491109976558227856e+00
6.588000000000000000e+03,3.963994950003563833e+00
6.589000000000000000e+03,3.986960091377626636e+00
6.590000000000000000e+03,3.942170152629317137e+00
6.591000000000000000e+03,3.466256848560036907e+00
6.592000000000000000e+03,3.744628690977589880e+00
6.593000000000000000e+03,3.629137602687135811e+00
6.594000000000000000e+03,3.835734972240523621e+00
6.595000000000000000e+03,4.008498260863357032e+00
6.596000000000000000e+03,3.900022733646526962e+00
6.597000000000000000e+03,3.715757498247976187e+00
6.598000000000000000e+03,3.949405510285330489e+00
6.599000000000000000e+03,3.628060452008974757e+00
6.600000000000000000e+03,3.852286476143120364e+00
6.601000000000000000e+03,3.614261130471799088e+00
6.602000000000000000e+03,3.721726387071415676e+00
6.603000000000000000e+03,3.735517816498544530e+00
6.604000000000000000e+03,3.807717751131224126e+00
6.605000000000000000e+03,3.788718453353556281e+00
6.606000000000000000e+03,4.222543920598615053e+00
6.607000000000000000e+03,3.484445445061008506e+00
6.608000000000000000e+03,3.743803123434516600e+00
6.609000000000000000e+03,3.676712001095824078e+00
6.610000000000000000e+03,4.027383763456910515e+00
6.611000000000000000e+03,3.707970444696619516e+00
6.612000000000000000e+03,4.166357401314249920e+00
6.613000000000000000e+03,3.840282756055967361e+00
6.614000000000000000e+03,3.462949673641715354e+00
6.615000000000000000e+03,3.560304681843273311e+00
6.616000000000000000e+03,3.993691388804994524e+00
6.617000000000000000e+03,3.840551900675241992e+00
6.618000000000000000e+03,3.901185518465471791e+00
6.619000000000000000e+03,3.443468093474170821e+00
6.620000000000000000e+03,3.797012670766482412e+00
6.621000000000000000e+03,3.993549328480074934e+00
6.622000000000000000e+03,3.489395401005410680e+00
6.623000000000000000e+03,3.922760580840300548e+00
6.624000000000000000e+03,3.649371605696188681e+00
6.625000000000000000e+03,3.865721391721177458e+00
6.626000000000000000e+03,3.925175464902689537e+00
6.627000000000000000e+03,3.775891027768736308e+00
6.628000000000000000e+03,3.857573033434116727e+00
6.629000000000000000e+03,3.664007914079387529e+00
6.630000000000000000e+03,3.570965055206105632e+00
6.631000000000000000e+03,3.870241516494923761e+00
6.632000000000000000e+03,3.780401766113555162e+00
6.633000000000000000e+03,3.590581760681731627e+00
6.634000000000000000e+03,3.763990728309148714e+00
6.635000000000000000e+03,3.956925229791850906e+00
6.636000000000000000e+03,3.606781221015590511e+00
6.637000000000000000e+03,3.812688527932301508e+00
6.638000000000000000e+03,3.648885508495010477e+00
6.639000000000000000e+03,3.736314619010647320e+00
6.640000000000000000e+03,3.842996383766312807e+00
6.641000000000000000e+03,3.671343653094651938e+00
6.642000000000000000e+03,3.800982972175659835e+00
6.643000000000000000e+03,3.850361613840445507e+00
6.644000000000000000e+03,3.753282925607190457e+00
6.645000000000000000e+03,4.063972924123031127e+00
6.646000000000000000e+03,3.648003026248517688e+00
6.647000000000000000e+03,3.727355360330419476e+00
6.648000000000000000e+03,4.063399579569880515e+00
6.649000000000000000e+03,3.417522957356891045e+00
6.650000000000000000e+03,3.828153522743186876e+00
6.651000000000000000e+03,3.988865307138645289e+00
6.652000000000000000e+03,4.095972354483886413e+00
6.653000000000000000e+03,3.769501174148494282e+00
6.654000000000000000e+03,3.811003479775572078e+00
6.655000000000000000e+03,3.805834256566309026e+00
6.656000000000000000e+03,3.603464556303138444e+00
6.657000000000000000e+03,3.508070071295521064e+00
6.658000000000000000e+03,3.536292281560552198e+00
6.659000000000000000e+03,3.797998117280848795e+00
6.660000000000000000e+03,3.824962811081082936e+00
6.661000000000000000e+03,3.799391601208898628e+00
6.662000000000000000e+03,3.630217787840205101e+00
6.663000000000000000e+03,3.869936577427096402e+00
6.664000000000000000e+03,3.686548534176716796e+00
6.665000000000000000e+03,4.072817376870270678e+00
6.666000000000000000e+03,4.065532095194245521e+00
6.667000000000000000e+03,3.765821418130663290e+00
6.668000000000000000e+03,4.145826062531192235e+00
6.669000000000000000e+03,3.570909506149816615e+00
6.670000000000000000e+03,4.004762142122395119e+00
6.671000000000000000e+03,3.568386205878682826e+00
6.672000000000000000e+03,4.151904948792682681e+00
6.673000000000000000e+03,3.588631539016419847e+00
6.674000000000000000e+03,3.593952044233458931e+00
6.675000000000000000e+03,3.793434060038527456e+00
6.676000000000000000e+03,3.682109371631739680e+00
6.677000000000000000e+03,3.554651400799334393e+00
6.678000000000000000e+03,3.571759877869020716e+00
6.679000000000000000e+03,4.030164772675436602e+00
6.680000000000000000e+03,3.721591835808854221e+00
6.681000000000000000e+03,4.027933335832931228e+00
6.682000000000000000e+03,3.609063971472477927e+00
6.683000000000000000e+03,3.788806926278510900e+00
6.684000000000000000e+03,3.749304437211840479e+00
6.685000000000000000e+03,3.595674821138205246e+00
6.686000000000000000e+03,3.504189548098770146e+00
6.687000000000000000e+03,4.056179436340500821e+00
6.688000000000000000e+03,3.641383626151856845e+00
6.689000000000000000e+03,3.589991858633536648e+00
6.690000000000000000e+03,3.527928757939559290e+00
6.691000000000000000e+03,4.142215574393955713e+00
6.692000000000000000e+03,3.869078434334309868e+00
6.693000000000000000e+03,3.606023768120689699e+00
6.694000000000000000e+03,3.912899907697253266e+00
6.695000000000000000e+03,3.884004486469283979e+00
6.696000000000000000e+03,3.925352233837634763e+00
6.697000000000000000e+03,3.994572106933222955e+00
6.698000000000000000e+03,3.691663163131270853e+00
6.699000000000000000e+03,3.766436127420379254e+00
6.700000000000000000e+03,3.778619423626299767e+00
6.701000000000000000e+03,3.590980681885740378e+00
6.702000000000000000e+03,3.573909487880849944e+00
6.703000000000000000e+03,3.707201021299934673e+00
6.704000000000000000e+03,3.763516333371936362e+00
6.705000000000000000e+03,3.524911753444435636e+00
6.706000000000000000e+03,3.598886516915726919e+00
6.707000000000000000e+03,3.925330827737245176e+00
6.708000000000000000e+03,3.538022995011159910e+00
6.709000000000000000e+03,3.875178252425698133e+00
6.710000000000000000e+03,3.840993715019383359e+00
6.711000000000000000e+03,3.636125271786367019e+00
6.712000000000000000e+03,3.495141395960425168e+00
6.713000000000000000e+03,3.843475122243989350e+00
6.714000000000000000e+03,3.606344518691173118e+00
6.715000000000000000e+03,3.813728589603452512e+00
6.716000000000000000e+03,4.246882829438038520e+00
6.717000000000000000e+03,3.866861530037139616e+00
6.718000000000000000e+03,3.985159819341418608e+00
6.719000000000000000e+03,3.474203768074126231e+00
6.720000000000000000e+03,3.544323803528887318e+00
6.721000000000000000e+03,3.975190679200886201e+00
6.722000000000000000e+03,3.757219479359836800e+00
6.723000000000000000e+03,3.733543970785867305e+00
6.724000000000000000e+03,3.471641714165263348e+00
6.725000000000000000e+03,3.642160395636093284e+00
6.726000000000000000e+03,4.070392417995825518e+00
6.727000000000000000e+03,3.728143498832436453e+00
6.728000000000000000e+03,3.503682628079206829e+00
6.729000000000000000e+03,3.715601838817842673e+00
6.730000000000000000e+03,3.837571516694791462e+00
6.731000000000000000e+03,3.808673629912190162e+00
6.732000000000000000e+03,3.909811185457296112e+00
6.733000000000000000e+03,4.093856851862945234e+00
6.734000000000000000e+03,3.535552261388654749e+00
6.735000000000000000e+03,3.891891590801212608e+00
6.736000000000000000e+03,3.919993099592221419e+00
6.737000000000000000e+03,3.407443750292904028e+00
6.738000000000000000e+03,3.882746383119616063e+00
6.739000000000000000e+03,3.500878540008232509e+00
6.740000000000000000e+03,3.804045601009432342e+00
6.741000000000000000e+03,3.499218094526302281e+00
6.742000000000000000e+03,3.949886075122327256e+00
6.743000000000000000e+03,3.734820802400782291e+00
6.744000000000000000e+03,3.766268677523500141e+00
6.745000000000000000e+03,3.917173773573986217e+00
6.746000000000000000e+03,3.837709502211739565e+00
6.747000000000000000e+03,3.812576053109648200e+00
6.748000000000000000e+03,3.793113493154335547e+00
6.749000000000000000e+03,3.700326659228270199e+00
6.750000000000000000e+03,3.754536839460736353e+00
6.751000000000000000e+03,3.928046929381203700e+00
6.752000000000000000e+03,3.690125895252461596e+00
6.753000000000000000e+03,3.912149973014072746e+00
6.754000000000000000e+03,3.777129110426653558e+00
6.755000000000000000e+03,3.544752673545354060e+00
6.756000000000000000e+03,3.685897444501329723e+00
6.757000000000000000e+03,3.777770452946126234e+00
6.758000000000000000e+03,3.913212752033723429e+00
6.759000000000000000e+03,3.494457730057756173e+00
6.760000000000000000e+03,3.642473757265936918e+00
6.761000000000000000e+03,3.855078363584971690e+00
6.762000000000000000e+03,3.747423022322899033e+00
6.763000000000000000e+03,3.799141706032817645e+00
6.764000000000000000e+03,3.929195074363561968e+00
6.765000000000000000e+03,3.435614646240087389e+00
6.766000000000000000e+03,3.615872096491377530e+00
6.767000000000000000e+03,3.676807166383440073e+00
6.768000000000000000e+03,3.974986013910469573e+00
6.769000000000000000e+03,3.780821862588643612e+00
6.770000000000000000e+03,3.747125350143890365e+00
6.771000000000000000e+03,3.773715884600663095e+00
6.772000000000000000e+03,3.632262510577372261e+00
6.773000000000000000e+03,3.461574957627477911e+00
6.774000000000000000e+03,4.068239184586675883e+00
6.775000000000000000e+03,3.801126514799266776e+00
6.776000000000000000e+03,3.666341264915035314e+00
6.777000000000000000e+03,3.825187382100288858e+00
6.778000000000000000e+03,4.112756948090556364e+00
6.779000000000000000e+03,3.921236477928049080e+00
6.780000000000000000e+03,3.746933598218746386e+00
6.781000000000000000e+03,3.979472985411908414e+00
6.782000000000000000e+03,3.757861007361331218e+00
6.783000000000000000e+03,3.746902500488186849e+00
6.784000000000000000e+03,3.522257522245490602e+00
6.785000000000000000e+03,3.581097721350884999e+00
6.786000000000000000e+03,3.657609596057573409e+00
6.787000000000000000e+03,3.688626729077660649e+00
6.788000000000000000e+03,3.582406796237404212e+00
6.789000000000000000e+03,3.569956289179104125e+00
6.790000000000000000e+03,4.271346450578052512e+00
6.791000000000000000e+03,3.827640400608354199e+00
6.792000000000000000e+03,3.761557783096923568e+00
6.793000000000000000e+03,3.880716426168534294e+00
6.794000000000000000e+03,3.890920080599106878e+00
6.795000000000000000e+03,3.674478537118628818e+00
6.796000000000000000e+03,4.039877096046197380e+00
6.797000000000000000e+03,3.589138453141175411e+00
6.798000000000000000e+03,3.667418592457257542e+00
6.799000000000000000e+03,3.999021499865766049e+00
6.800000000000000000e+03,3.651023059411323324e+00
6.801000000000000000e+03,3.662351343467788567e+00
6.802000000000000000e+03,3.394742755617514263e+00
6.803000000000000000e+03,3.722772959402775861e+00
6.804000000000000000e+03,3.812449289895472493e+00
6.805000000000000000e+03,3.731535250063151565e+00
6.806000000000000000e+03,3.663340349691077691e+00
6.807000000000000000e+03,3.686394937386893389e+00
6.808000000000000000e+03,3.697087980210532976e+00
6.809000000000000000e+03,4.282202955186257043e+00
6.810000000000000000e+03,3.910772012021793476e+00
6.811000000000000000e+03,3.856621756487715214e+00
6.812000000000000000e+03,3.817626310860906091e+00
6.813000000000000000e+03,3.526595289230472829e+00
6.814000000000000000e+03,3.852741645292792061e+00
6.815000000000000000e+03,3.813791845599952879e+00
6.816000000000000000e+03,3.524703604428951920e+00
6.817000000000000000e+03,3.723685123624174587e+00
6.818000000000000000e+03,3.652787065473549699e+00
6.819000000000000000e+03,3.551657857647571692e+00
6.820000000000000000e+03,3.663729914579016533e+00
6.821000000000000000e+03,3.690666709792300271e+00
6.822000000000000000e+03,3.718685004823829132e+00
6.823000000000000000e+03,3.886452490287128470e+00
6.824000000000000000e+03,3.650790850566194568e+00
6.825000000000000000e+03,3.834428137485971888e+00
6.826000000000000000e+03,3.759709007327337815e+00
6.827000000000000000e+03,3.823052236566796491e+00
6.828000000000000000e+03,3.712022007494216957e+00
6.829000000000000000e+03,3.784033785836430575e+00
6.830000000000000000e+03,3.463013573611169793e+00
6.831000000000000000e+03,3.711354389874693904e+00
6.832000000000000000e+03,3.647889219629425472e+00
6.833000000000000000e+03,3.926192375121190459e+00
6.834000000000000000e+03,3.736184017703981564e+00
6.835000000000000000e+03,3.486888370452393193e+00
6.836000000000000000e+03,3.638639754004584503e+00
6.837000000000000000e+03,3.625832898949911343e+00
6.838000000000000000e+03,3.746787752512563241e+00
6.839000000000000000e+03,3.716290587181392269e+00
6.840000000000000000e+03,3.760899996544273982e+00
6.841000000000000000e+03,3.511347899915265192e+00
6.842000000000000000e+03,3.939584844343934300e+00
6.843000000000000000e+03,3.504590839999904617e+00
6.844000000000000000e+03,3.971898930423392038e+00
6.845000000000000000e+03,3.760801596785522172e+00
6.846000000000000000e+03,3.888520186553402702e+00
6.847000000000000000e+03,3.543782723324991668e+00
6.848000000000000000e+03,3.702082571031508618e+00
6.849000000000000000e+03,3.797275058836170558e+00
6.850000000000000000e+03,3.885029414049653074e+00
6.851000000000000000e+03,3.556822222134604861e+00
6.852000000000000000e+03,3.672141483695217090e+00
6.853000000000000000e+03,3.991651997224441750e+00
6.854000000000000000e+03,3.481337242108479391e+00
6.855000000000000000e+03,3.614537522327366581e+00
6.856000000000000000e+03,3.942426136638552236e+00
6.857000000000000000e+03,3.531757024469984518e+00
6.858000000000000000e+03,3.847870853212762121e+00
6.859000000000000000e+03,3.491366848637687426e+00
6.860000000000000000e+03,3.505448687889078485e+00
6.861000000000000000e+03,3.795735362748764441e+00
6.862000000000000000e+03,3.578052139470137227e+00
6.863000000000000000e+03,3.582855268643595714e+00
6.864000000000000000e+03,3.709890869888343712e+00
6.865000000000000000e+03,3.824485030108249362e+00
6.866000000000000000e+03,3.604290272677039386e+00
6.867000000000000000e+03,3.620475689028070043e+00
6.868000000000000000e+03,3.830716575677964641e+00
6.869000000000000000e+03,3.393566294633235447e+00
6.870000000000000000e+03,3.825737674026852719e+00
6.871000000000000000e+03,3.865907814453094282e+00
6.872000000000000000e+03,3.571225924880127245e+00
6.873000000000000000e+03,3.634573750229160627e+00
6.874000000000000000e+03,3.771200536248481505e+00
6.875000000000000000e+03,3.846353896546736095e+00
6.876000000000000000e+03,3.939412998429185464e+00
6.877000000000000000e+03,3.459413806821650006e+00
6.878000000000000000e+03,3.538426409105445369e+00
6.879000000000000000e+03,3.773202960610952061e+00
6.880000000000000000e+03,3.784748155401220782e+00
6.881000000000000000e+03,3.592102725680184516e+00
6.882000000000000000e+03,3.716085403421231170e+00
6.883000000000000000e+03,3.682851366264892068e+00
6.884000000000000000e+03,3.761199750158898514e+00
6.885000000000000000e+03,4.048003208642449557e+00
6.886000000000000000e+03,3.678063668150432619e+00
6.887000000000000000e+03,3.542787188144739474e+00
6.888000000000000000e+03,3.448502499270976962e+00
6.889000000000000000e+03,3.681827321838959222e+00
6.890000000000000000e+03,3.849079688569187141e+00
6.891000000000000000e+03,3.802540510611888802e+00
6.892000000000000000e+03,3.750813716112357810e+00
6.893000000000000000e+03,3.475590101654328024e+00
6.894000000000000000e+03,3.597641471819093439e+00
6.895000000000000000e+03,3.839005000651592336e+00
6.896000000000000000e+03,3.728361769583472096e+00
6.897000000000000000e+03,3.470794710705997321e+00
6.898000000000000000e+03,3.854000040875761091e+00
6.899000000000000000e+03,3.382149523974401717e+00
6.900000000000000000e+03,3.512823061983917583e+00
6.901000000000000000e+03,4.014358919259542802e+00
6.902000000000000000e+03,3.868436991433387817e+00
6.903000000000000000e+03,3.850284829756033034e+00
6.904000000000000000e+03,4.026766045284018603e+00
6.905000000000000000e+03,3.608660774973441843e+00
6.906000000000000000e+03,3.592129169351246265e+00
6.907000000000000000e+03,3.933589210328218844e+00
6.908000000000000000e+03,3.571426656849700176e+00
6.909000000000000000e+03,3.563616453488361646e+00
6.910000000000000000e+03,3.911204271182941561e+00
6.911000000000000000e+03,3.549125068112269243e+00
6.912000000000000000e+03,3.953750233611542431e+00
6.913000000000000000e+03,3.714806267400204032e+00
6.914000000000000000e+03,3.938340340706489417e+00
6.915000000000000000e+03,3.602934101528814104e+00
6.916000000000000000e+03,3.452898767579573036e+00
6.917000000000000000e+03,3.703168069348993896e+00
6.918000000000000000e+03,3.488225885287602690e+00
6.919000000000000000e+03,3.751890125566486045e+00
6.920000000000000000e+03,3.626983554964526402e+00
6.921000000000000000e+03,3.439725674770139907e+00
6.922000000000000000e+03,3.675230623749222492e+00
6.923000000000000000e+03,3.955886998644420949e+00
6.924000000000000000e+03,3.742024848556404049e+00
6.925000000000000000e+03,3.766077175550562206e+00
6.926000000000000000e+03,3.746762414263646424e+00
6.927000000000000000e+03,3.647595298279022735e+00
6.928000000000000000e+03,3.707889758140994640e+00
6.929000000000000000e+03,3.704571139185033779e+00
6.930000000000000000e+03,4.022138685250969736e+00
6.931000000000000000e+03,3.539989832751093690e+00
6.932000000000000000e+03,3.655596389133759505e+00
6.933000000000000000e+03,3.979134740292218364e+00
6.934000000000000000e+03,3.625746522326215970e+00
6.935000000000000000e+03,3.708192554916401651e+00
6.936000000000000000e+03,3.642276184456866517e+00
6.937000000000000000e+03,4.293058919197532575e+00
6.938000000000000000e+03,4.001468735216281658e+00
6.939000000000000000e+03,3.953190163602040119e+00
6.940000000000000000e+03,3.951813928137353660e+00
6.941000000000000000e+03,3.661732349585526958e+00
6.942000000000000000e+03,3.668878709353234679e+00
6.943000000000000000e+03,3.584915823324281270e+00
6.944000000000000000e+03,4.098339370300921658e+00
6.945000000000000000e+03,3.777763825620583660e+00
6.946000000000000000e+03,3.769130336704644257e+00
6.947000000000000000e+03,3.528360390961502890e+00
6.948000000000000000e+03,3.680383578119511778e+00
6.949000000000000000e+03,3.614962524448865011e+00
6.950000000000000000e+03,3.909763411366242725e+00
6.951000000000000000e+03,4.084521677656903549e+00
6.952000000000000000e+03,3.803247377507746663e+00
6.953000000000000000e+03,3.614386931420480842e+00
6.954000000000000000e+03,3.649092134668016740e+00
6.955000000000000000e+03,3.713650796061847448e+00
6.956000000000000000e+03,3.781945102028057004e+00
6.957000000000000000e+03,3.563022099477088478e+00
6.958000000000000000e+03,3.625482944070459901e+00
6.959000000000000000e+03,3.766977607933890138e+00
6.960000000000000000e+03,3.920833255559385666e+00
6.961000000000000000e+03,3.823664577529780395e+00
6.962000000000000000e+03,3.642822547493457019e+00
6.963000000000000000e+03,3.605059842924400293e+00
6.964000000000000000e+03,3.650880953537590567e+00
6.965000000000000000e+03,3.880729284211344332e+00
6.966000000000000000e+03,3.640201647093967097e+00
6.967000000000000000e+03,3.783870075505324948e+00
6.968000000000000000e+03,3.417591703805987535e+00
6.969000000000000000e+03,3.742665048290311436e+00
6.970000000000000000e+03,4.231913309607789664e+00
6.971000000000000000e+03,3.710314190721262229e+00
6.972000000000000000e+03,3.644121461382426208e+00
6.973000000000000000e+03,3.525085043919975902e+00
6.974000000000000000e+03,3.743235026431730450e+00
6.975000000000000000e+03,3.514565870362758915e+00
6.976000000000000000e+03,3.522017327822245303e+00
6.977000000000000000e+03,3.709748308625659963e+00
6.978000000000000000e+03,3.677990722229234954e+00
6.979000000000000000e+03,3.566724133970405219e+00
6.980000000000000000e+03,3.361171772267567359e+00
6.981000000000000000e+03,3.494764265086483856e+00
6.982000000000000000e+03,3.531243151427913674e+00
6.983000000000000000e+03,4.133934295455353514e+00
6.984000000000000000e+03,3.648738927623898842e+00
6.985000000000000000e+03,3.507304524523109812e+00
6.986000000000000000e+03,3.614469191511040069e+00
6.987000000000000000e+03,3.768453715665433634e+00
6.988000000000000000e+03,3.741327320978151239e+00
6.989000000000000000e+03,3.703169337778824399e+00
6.990000000000000000e+03,3.633987752148268857e+00
6.991000000000000000e+03,3.961302331010653432e+00
6.992000000000000000e+03,3.676593959085810770e+00
6.993000000000000000e+03,3.822022480014455326e+00
6.994000000000000000e+03,3.709959610459077517e+00
6.995000000000000000e+03,3.772112772509084166e+00
6.996000000000000000e+03,3.587779678418692164e+00
6.997000000000000000e+03,3.716433462053410963e+00
6.998000000000000000e+03,3.607289097846350323e+00
6.999000000000000000e+03,3.743689193830350259e+00
7.000000000000000000e+03,3.655051549989956960e+00
7.001000000000000000e+03,3.883108984467629199e+00
7.002000000000000000e+03,3.474464004975928333e+00
7.003000000000000000e+03,3.653801338323101611e+00
7.004000000000000000e+03,3.480420922187715593e+00
7.005000000000000000e+03,3.622143393207136075e+00
7.006000000000000000e+03,3.641958420956206144e+00
7.007000000000000000e+03,3.738350043999083994e+00
7.008000000000000000e+03,3.590240933039466675e+00
7.009000000000000000e+03,3.334734122384173549e+00
7.010000000000000000e+03,3.617582648405761603e+00
7.011000000000000000e+03,3.489211877906249537e+00
7.012000000000000000e+03,3.795562514794240450e+00
7.013000000000000000e+03,3.754331589574242400e+00
7.014000000000000000e+03,3.833345582892881520e+00
7.015000000000000000e+03,3.508693524775537753e+00
7.016000000000000000e+03,3.573237468674015371e+00
7.017000000000000000e+03,3.577420522640058387e+00
7.018000000000000000e+03,4.011491984195700411e+00
7.019000000000000000e+03,3.796216621944994873e+00
7.020000000000000000e+03,3.706855363894587363e+00
7.021000000000000000e+03,3.600916960800186306e+00
7.022000000000000000e+03,3.618956135221575554e+00
7.023000000000000000e+03,3.652175165654218514e+00
7.024000000000000000e+03,3.759038298363209130e+00
7.025000000000000000e+03,3.633728999616006039e+00
7.026000000000000000e+03,3.636917236614071403e+00
7.027000000000000000e+03,3.700884769923008299e+00
7.028000000000000000e+03,3.924111951563066913e+00
7.029000000000000000e+03,3.673936506771759536e+00
7.030000000000000000e+03,3.498568960168029207e+00
7.031000000000000000e+03,3.862696371868011624e+00
7.032000000000000000e+03,3.721027635866577032e+00
7.033000000000000000e+03,3.570454874708009374e+00
7.034000000000000000e+03,3.826206660459913422e+00
7.035000000000000000e+03,3.690924980701829838e+00
7.036000000000000000e+03,4.043230538092244863e+00
7.037000000000000000e+03,3.620912478188281991e+00
7.038000000000000000e+03,4.026522747120549361e+00
7.039000000000000000e+03,3.335847820176476297e+00
7.040000000000000000e+03,3.633935334711630549e+00
7.041000000000000000e+03,3.719500245463352783e+00
7.042000000000000000e+03,4.006650228766178046e+00
7.043000000000000000e+03,3.504104395561186358e+00
7.044000000000000000e+03,3.590416953678627010e+00
7.045000000000000000e+03,3.377441613536936060e+00
7.046000000000000000e+03,3.488498827364666433e+00
7.047000000000000000e+03,3.513201546351082616e+00
7.048000000000000000e+03,3.592631629583530550e+00
7.049000000000000000e+03,3.701804142999175262e+00
7.050000000000000000e+03,3.588646806841829573e+00
7.051000000000000000e+03,3.492108393305941139e+00
7.052000000000000000e+03,3.772554015964541652e+00
7.053000000000000000e+03,3.876828021906076671e+00
7.054000000000000000e+03,3.683082336501469545e+00
7.055000000000000000e+03,3.868623556936448882e+00
7.056000000000000000e+03,4.010740713269985491e+00
7.057000000000000000e+03,4.009302032883697464e+00
7.058000000000000000e+03,3.566879579420015212e+00
7.059000000000000000e+03,3.871464254055218213e+00
7.060000000000000000e+03,3.743214188719559576e+00
7.061000000000000000e+03,3.890044167295962474e+00
7.062000000000000000e+03,3.488818135976916590e+00
7.063000000000000000e+03,4.123903597829770007e+00
7.064000000000000000e+03,3.847004122648208568e+00
7.065000000000000000e+03,3.595231643333252514e+00
7.066000000000000000e+03,3.875177536650737942e+00
7.067000000000000000e+03,3.560261636414444819e+00
7.068000000000000000e+03,3.469194942067752141e+00
7.069000000000000000e+03,3.910475509104679670e+00
7.070000000000000000e+03,4.065469652686322100e+00
7.071000000000000000e+03,3.954155798503511399e+00
7.072000000000000000e+03,3.729262112761458692e+00
7.073000000000000000e+03,3.866487262823739890e+00
7.074000000000000000e+03,3.733918520470869140e+00
7.075000000000000000e+03,3.875344691321980228e+00
7.076000000000000000e+03,3.489658800099647795e+00
7.077000000000000000e+03,3.799881074302462913e+00
7.078000000000000000e+03,3.778261808594053139e+00
7.079000000000000000e+03,3.542020849877749011e+00
7.080000000000000000e+03,3.746126551293652351e+00
7.081000000000000000e+03,3.818368477706391317e+00
7.082000000000000000e+03,3.436161996486537973e+00
7.083000000000000000e+03,3.930911553376157386e+00
7.084000000000000000e+03,3.596987520089786727e+00
7.085000000000000000e+03,3.700029018253697011e+00
7.086000000000000000e+03,3.722203851157985799e+00
7.087000000000000000e+03,3.515113196015959840e+00
7.088000000000000000e+03,3.932605247392431558e+00
7.089000000000000000e+03,3.748850044551766292e+00
7.090000000000000000e+03,4.165718301576485594e+00
7.091000000000000000e+03,3.692114704485446541e+00
7.092000000000000000e+03,3.775782615202288195e+00
7.093000000000000000e+03,3.885299561542562952e+00
7.094000000000000000e+03,3.886874749181110200e+00
7.095000000000000000e+03,3.647723086443758866e+00
7.096000000000000000e+03,3.813419595766591730e+00
7.097000000000000000e+03,3.703176003770913827e+00
7.098000000000000000e+03,3.974719608913217073e+00
7.099000000000000000e+03,3.816749030624320138e+00
7.100000000000000000e+03,3.726632299218205269e+00
7.101000000000000000e+03,3.744936244533760838e+00
7.102000000000000000e+03,3.852231932517974577e+00
7.103000000000000000e+03,3.674415556392725879e+00
7.104000000000000000e+03,3.577048070755842968e+00
7.105000000000000000e+03,3.959129645535841568e+00
7.106000000000000000e+03,4.156978270285841326e+00
7.107000000000000000e+03,3.599805368469791045e+00
7.108000000000000000e+03,3.591513161823425726e+00
7.109000000000000000e+03,3.575579902350871198e+00
7.110000000000000000e+03,3.791989393317596768e+00
7.111000000000000000e+03,4.044795508681609419e+00
7.112000000000000000e+03,3.854984972805874932e+00
7.113000000000000000e+03,3.578346358678128336e+00
7.114000000000000000e+03,3.703173399503940200e+00
7.115000000000000000e+03,3.866718693377952487e+00
7.116000000000000000e+03,3.774718281482701610e+00
7.117000000000000000e+03,4.152565836562817303e+00
7.118000000000000000e+03,3.827547647767524985e+00
7.119000000000000000e+03,3.618742664712271129e+00
7.120000000000000000e+03,4.009352696372793012e+00
7.121000000000000000e+03,3.853852713693758147e+00
7.122000000000000000e+03,3.755547596294819268e+00
7.123000000000000000e+03,3.611557587726368812e+00
7.124000000000000000e+03,3.759499513364464640e+00
7.125000000000000000e+03,3.596634598490130674e+00
7.126000000000000000e+03,3.658182069734312591e+00
7.127000000000000000e+03,3.856474785500212832e+00
7.128000000000000000e+03,3.782985002587740730e+00
7.129000000000000000e+03,3.565382559437419552e+00
7.130000000000000000e+03,3.774495733449530821e+00
7.131000000000000000e+03,3.522374952025013606e+00
7.132000000000000000e+03,3.659516090082891804e+00
7.133000000000000000e+03,3.818337174245899579e+00
7.134000000000000000e+03,3.867948906389186536e+00
7.135000000000000000e+03,3.888299316544390649e+00
7.136000000000000000e+03,3.888254163044740697e+00
7.137000000000000000e+03,3.681024692481770888e+00
7.138000000000000000e+03,3.800486402447714518e+00
7.139000000000000000e+03,3.686306324321904970e+00
7.140000000000000000e+03,3.529510368353216965e+00
7.141000000000000000e+03,3.853910608980272823e+00
7.142000000000000000e+03,3.682387549481707545e+00
7.143000000000000000e+03,3.670143031712228332e+00
7.144000000000000000e+03,3.529339402406439063e+00
7.145000000000000000e+03,3.538322810188445633e+00
7.146000000000000000e+03,3.771583175589883652e+00
7.147000000000000000e+03,3.647122138257004043e+00
7.148000000000000000e+03,3.958271189907504262e+00
7.149000000000000000e+03,3.625816454896171326e+00
7.150000000000000000e+03,3.455243607603569966e+00
7.151000000000000000e+03,3.436069754189090997e+00
7.152000000000000000e+03,3.760317239912686293e+00
7.153000000000000000e+03,3.782071059844052119e+00
7.154000000000000000e+03,3.781052002431009029e+00
7.155000000000000000e+03,3.770326357979418397e+00
7.156000000000000000e+03,3.721496717323438563e+00
7.157000000000000000e+03,3.577147688624534805e+00
7.158000000000000000e+03,4.022994765700339315e+00
7.159000000000000000e+03,3.714680578796481392e+00
7.160000000000000000e+03,3.894761000839279230e+00
7.161000000000000000e+03,3.737197755872276428e+00
7.162000000000000000e+03,3.634889273612047944e+00
7.163000000000000000e+03,3.336309178321816393e+00
7.164000000000000000e+03,3.986206843371978614e+00
7.165000000000000000e+03,3.671849233718493366e+00
7.166000000000000000e+03,3.627239844357624143e+00
7.167000000000000000e+03,4.016013889791762992e+00
7.168000000000000000e+03,3.692401623012695033e+00
7.169000000000000000e+03,3.604392112236233459e+00
7.170000000000000000e+03,4.020668751657625606e+00
7.171000000000000000e+03,3.798924813223139907e+00
7.172000000000000000e+03,3.660020497546712548e+00
7.173000000000000000e+03,3.763565315521763655e+00
7.174000000000000000e+03,3.830130883307120815e+00
7.175000000000000000e+03,3.844628237888072064e+00
7.176000000000000000e+03,3.746957043506497165e+00
7.177000000000000000e+03,3.592187055759417991e+00
7.178000000000000000e+03,3.833937280372020862e+00
7.179000000000000000e+03,3.735011272217084066e+00
7.180000000000000000e+03,3.770629713690791363e+00
7.181000000000000000e+03,3.831021575199427875e+00
7.182000000000000000e+03,3.556072348439720532e+00
7.183000000000000000e+03,3.578902393278907024e+00
7.184000000000000000e+03,3.584874402628644763e+00
7.185000000000000000e+03,3.689926348057889438e+00
7.186000000000000000e+03,3.765736123186445461e+00
7.187000000000000000e+03,3.437989810808796509e+00
7.188000000000000000e+03,3.477295556474324201e+00
7.189000000000000000e+03,3.800236374567230513e+00
7.190000000000000000e+03,3.634957470241495070e+00
7.191000000000000000e+03,3.548844452516778603e+00
7.192000000000000000e+03,4.079132078477056389e+00
7.193000000000000000e+03,3.784359436398021082e+00
7.194000000000000000e+03,3.592291543822278665e+00
7.195000000000000000e+03,3.625213884323692071e+00
7.196000000000000000e+03,3.904745289746022419e+00
7.197000000000000000e+03,3.926589799476188691e+00
7.198000000000000000e+03,3.302142817226976224e+00
7.199000000000000000e+03,3.889736268410115994e+00
7.200000000000000000e+03,3.788968585081819995e+00
7.201000000000000000e+03,3.667248403967275028e+00
7.202000000000000000e+03,3.434739381543943537e+00
7.203000000000000000e+03,3.741982947863921272e+00
7.204000000000000000e+03,3.959942868241461245e+00
7.205000000000000000e+03,3.638326191144894306e+00
7.206000000000000000e+03,3.839607035403244772e+00
7.207000000000000000e+03,3.715684163781111771e+00
7.208000000000000000e+03,3.650332997379644340e+00
7.209000000000000000e+03,3.695378613037311855e+00
7.210000000000000000e+03,3.792754912590030614e+00
7.211000000000000000e+03,4.022973556711871623e+00
7.212000000000000000e+03,3.616340165705508536e+00
7.213000000000000000e+03,3.648991861290894700e+00
7.214000000000000000e+03,3.587908939818905907e+00
7.215000000000000000e+03,3.968712204610701733e+00
7.216000000000000000e+03,3.768901065425934949e+00
7.217000000000000000e+03,3.858400099140793404e+00
7.218000000000000000e+03,3.790916163355423585e+00
7.219000000000000000e+03,3.917173953061966696e+00
7.220000000000000000e+03,3.665715021195036005e+00
7.221000000000000000e+03,3.553332491451671515e+00
7.222000000000000000e+03,3.588303454808955628e+00
7.223000000000000000e+03,3.861345501967507143e+00
7.224000000000000000e+03,3.611613089952289357e+00
7.225000000000000000e+03,3.644023521137172761e+00
7.226000000000000000e+03,3.481582698639057671e+00
7.227000000000000000e+03,3.368638444690816858e+00
7.228000000000000000e+03,3.671364021883478657e+00
7.229000000000000000e+03,3.865276951136520811e+00
7.230000000000000000e+03,3.682074080603569222e+00
7.231000000000000000e+03,3.820583674606087499e+00
7.232000000000000000e+03,3.647638013822548597e+00
7.233000000000000000e+03,3.873058701062968012e+00
7.234000000000000000e+03,3.711947418622396633e+00
7.235000000000000000e+03,3.473352214075745792e+00
7.236000000000000000e+03,3.665685684610166195e+00
7.237000000000000000e+03,3.939522304359996507e+00
7.238000000000000000e+03,3.882492770250055347e+00
7.239000000000000000e+03,3.597499150705531612e+00
7.240000000000000000e+03,3.419411106199355288e+00
7.241000000000000000e+03,3.775548142205280122e+00
7.242000000000000000e+03,3.841301096767782752e+00
7.243000000000000000e+03,3.840254573521839188e+00
7.244000000000000000e+03,3.678891866765838348e+00
7.245000000000000000e+03,3.708957558651467146e+00
7.246000000000000000e+03,3.594163647245391058e+00
7.247000000000000000e+03,4.020362623923804613e+00
7.248000000000000000e+03,3.608452948568266816e+00
7.249000000000000000e+03,4.086542912259385929e+00
7.250000000000000000e+03,3.819699553021021821e+00
7.251000000000000000e+03,3.478915032823196807e+00
7.252000000000000000e+03,3.713591533747752749e+00
7.253000000000000000e+03,3.931314675040093576e+00
7.254000000000000000e+03,3.897564955947483423e+00
7.255000000000000000e+03,3.735573329383990782e+00
7.256000000000000000e+03,3.954992825330179596e+00
7.257000000000000000e+03,3.518292107334191066e+00
7.258000000000000000e+03,3.717994558282446071e+00
7.259000000000000000e+03,3.966025048858401458e+00
7.260000000000000000e+03,3.565261525963389744e+00
7.261000000000000000e+03,3.452362980606613174e+00
7.262000000000000000e+03,3.734555953394541383e+00
7.263000000000000000e+03,3.720390034757865116e+00
7.264000000000000000e+03,3.684454723332265758e+00
7.265000000000000000e+03,3.735559677716814519e+00
7.266000000000000000e+03,3.747821902530005467e+00
7.267000000000000000e+03,3.724645765544694509e+00
7.268000000000000000e+03,3.908865936326861412e+00
7.269000000000000000e+03,3.725388066457138603e+00
7.270000000000000000e+03,3.932349591551073775e+00
7.271000000000000000e+03,3.910848942745456025e+00
7.272000000000000000e+03,3.950405242418867591e+00
7.273000000000000000e+03,3.923396851719935352e+00
7.274000000000000000e+03,3.878810566172502305e+00
7.275000000000000000e+03,3.368777574319361090e+00
7.276000000000000000e+03,3.671952176232544218e+00
7.277000000000000000e+03,3.657753553418338743e+00
7.278000000000000000e+03,3.973948966129140281e+00
7.279000000000000000e+03,3.908840275341291637e+00
7.280000000000000000e+03,3.929692141205161970e+00
7.281000000000000000e+03,3.346110923615814414e+00
7.282000000000000000e+03,3.638410788151897890e+00
7.283000000000000000e+03,3.555102547464155549e+00
7.284000000000000000e+03,3.858231523941190844e+00
7.285000000000000000e+03,3.532889599796338764e+00
7.286000000000000000e+03,3.835497150295403390e+00
7.287000000000000000e+03,3.731187792013552773e+00
7.288000000000000000e+03,3.696517895155866373e+00
7.289000000000000000e+03,3.703531086972039699e+00
7.290000000000000000e+03,3.935617136214635714e+00
7.291000000000000000e+03,3.549635902160842793e+00
7.292000000000000000e+03,3.564481792739925492e+00
7.293000000000000000e+03,3.826971867390962068e+00
7.294000000000000000e+03,4.047177273718251200e+00
7.295000000000000000e+03,3.814141856356003668e+00
7.296000000000000000e+03,3.784531382438366620e+00
7.297000000000000000e+03,3.586577774847271360e+00
7.298000000000000000e+03,3.870875199259350197e+00
7.299000000000000000e+03,4.014432368999443668e+00
7.300000000000000000e+03,3.328722327719986662e+00
7.301000000000000000e+03,4.079981255479052216e+00
7.302000000000000000e+03,3.794665069494503218e+00
7.303000000000000000e+03,3.785580674420348402e+00
7.304000000000000000e+03,3.551311006443813589e+00
7.305000000000000000e+03,3.768296207905867057e+00
7.306000000000000000e+03,3.678246643731967414e+00
7.307000000000000000e+03,3.848440968902203441e+00
7.308000000000000000e+03,3.770092760203558324e+00
7.309000000000000000e+03,3.697120434868332861e+00
7.310000000000000000e+03,3.781678488459661480e+00
7.311000000000000000e+03,3.639346322983227910e+00
7.312000000000000000e+03,3.719209127852293850e+00
7.313000000000000000e+03,3.682191619319467257e+00
7.314000000000000000e+03,3.415273350818638587e+00
7.315000000000000000e+03,4.069881748096253915e+00
7.316000000000000000e+03,3.320815821784499633e+00
7.317000000000000000e+03,3.778351986547836550e+00
7.318000000000000000e+03,3.803775239267007446e+00
7.319000000000000000e+03,3.897566438989797710e+00
7.320000000000000000e+03,3.600088887677392435e+00
7.321000000000000000e+03,4.034761953668513534e+00
7.322000000000000000e+03,3.617037379387508356e+00
7.323000000000000000e+03,3.765559434865955346e+00
7.324000000000000000e+03,4.104876103729606207e+00
7.325000000000000000e+03,3.479939168058340471e+00
7.326000000000000000e+03,3.795382023411173922e+00
7.327000000000000000e+03,3.784724116407840455e+00
7.328000000000000000e+03,3.751923075687815690e+00
7.329000000000000000e+03,3.660875154829094758e+00
7.330000000000000000e+03,3.886246908540613276e+00
7.331000000000000000e+03,3.985277879771633724e+00
7.332000000000000000e+03,3.726783226265287574e+00
7.333000000000000000e+03,3.833433454239000948e+00
7.334000000000000000e+03,3.503033187393550740e+00
7.335000000000000000e+03,3.718046650846801970e+00
7.336000000000000000e+03,3.630059539070331631e+00
7.337000000000000000e+03,3.498807716193586437e+00
7.338000000000000000e+03,3.695166902789668750e+00
7.339000000000000000e+03,3.609875480282515259e+00
7.340000000000000000e+03,3.623689141900986677e+00
7.341000000000000000e+03,3.703865880570798907e+00
7.342000000000000000e+03,3.728275574455843344e+00
7.343000000000000000e+03,3.650652679444034376e+00
7.344000000000000000e+03,3.543923867065928324e+00
7.345000000000000000e+03,3.953661704580848646e+00
7.346000000000000000e+03,3.839326267023954742e+00
7.347000000000000000e+03,3.874507254416474922e+00
7.348000000000000000e+03,3.800701760329368462e+00
7.349000000000000000e+03,3.835779945278296132e+00
7.350000000000000000e+03,3.822193346174969975e+00
7.351000000000000000e+03,3.955195158965296720e+00
7.352000000000000000e+03,3.881588023724446668e+00
7.353000000000000000e+03,3.717013121832323908e+00
7.354000000000000000e+03,3.868847201323559748e+00
7.355000000000000000e+03,3.747482759060991153e+00
7.356000000000000000e+03,4.006119413371316718e+00
7.357000000000000000e+03,3.821451759260323211e+00
7.358000000000000000e+03,3.251359133406814816e+00
7.359000000000000000e+03,3.483727891555535194e+00
7.360000000000000000e+03,3.732033143987179002e+00
7.361000000000000000e+03,3.574086545166188067e+00
7.362000000000000000e+03,3.667843260493601321e+00
7.363000000000000000e+03,3.661895571107949277e+00
7.364000000000000000e+03,3.576976784426321831e+00
7.365000000000000000e+03,3.773612329627355599e+00
7.366000000000000000e+03,3.947318785903180416e+00
7.367000000000000000e+03,3.647163785013718851e+00
7.368000000000000000e+03,3.752153564381666584e+00
7.369000000000000000e+03,3.635651985614247739e+00
7.370000000000000000e+03,3.876157656731206824e+00
7.371000000000000000e+03,3.658836602548782402e+00
7.372000000000000000e+03,3.828925475170816828e+00
7.373000000000000000e+03,3.904587171186656658e+00
7.374000000000000000e+03,3.797310574482241297e+00
7.375000000000000000e+03,3.680947861737251081e+00
7.376000000000000000e+03,3.570978594408795281e+00
7.377000000000000000e+03,3.976826370796369137e+00
7.378000000000000000e+03,3.674844414972743500e+00
7.379000000000000000e+03,3.965562002520656382e+00
7.380000000000000000e+03,3.872855768348130834e+00
7.381000000000000000e+03,3.932461946383444040e+00
7.382000000000000000e+03,3.834681286387821686e+00
7.383000000000000000e+03,3.956973306322368877e+00
7.384000000000000000e+03,3.853638241474707904e+00
7.385000000000000000e+03,3.928221636413370188e+00
7.386000000000000000e+03,3.918709902927654642e+00
7.387000000000000000e+03,3.664575176097468301e+00
7.388000000000000000e+03,3.722024809269541823e+00
7.389000000000000000e+03,3.741988344824074275e+00
7.390000000000000000e+03,3.806687468728186641e+00
7.391000000000000000e+03,3.837993332502162680e+00
7.392000000000000000e+03,3.783778867915693400e+00
7.393000000000000000e+03,3.724563919200555073e+00
7.394000000000000000e+03,3.592619495047340017e+00
7.395000000000000000e+03,3.879403495598761076e+00
7.396000000000000000e+03,4.017447362385144771e+00
7.397000000000000000e+03,4.071123159601492958e+00
7.398000000000000000e+03,4.025675005398293926e+00
7.399000000000000000e+03,3.767665035130391971e+00
7.400000000000000000e+03,3.949121382279095371e+00
7.401000000000000000e+03,3.915918746825204355e+00
7.402000000000000000e+03,3.966894124306027614e+00
7.403000000000000000e+03,3.543049379892306838e+00
7.404000000000000000e+03,3.651136412026678713e+00
7.405000000000000000e+03,3.916795931212960102e+00
7.406000000000000000e+03,3.717309033489669456e+00
7.407000000000000000e+03,3.940078401695057853e+00
7.408000000000000000e+03,4.086545855807236727e+00
7.409000000000000000e+03,3.738848495973051911e+00
7.410000000000000000e+03,3.751043082153617370e+00
7.411000000000000000e+03,3.673576581340153080e+00
7.412000000000000000e+03,3.899860597489887670e+00
7.413000000000000000e+03,3.848289781885407379e+00
7.414000000000000000e+03,3.901881956556084052e+00
7.415000000000000000e+03,3.843002535043217094e+00
7.416000000000000000e+03,3.726248010176712810e+00
7.417000000000000000e+03,3.688657006598082155e+00
7.418000000000000000e+03,3.953710126984067763e+00
7.419000000000000000e+03,3.596184241019032779e+00
7.420000000000000000e+03,3.615587265705267228e+00
7.421000000000000000e+03,3.822467316364996925e+00
7.422000000000000000e+03,3.483404242242309490e+00
7.423000000000000000e+03,3.719400247884790733e+00
7.424000000000000000e+03,3.730577958704129671e+00
7.425000000000000000e+03,4.140274305725289317e+00
7.426000000000000000e+03,3.842521185242951720e+00
7.427000000000000000e+03,3.795639266876710050e+00
7.428000000000000000e+03,3.683642148114987247e+00
7.429000000000000000e+03,3.458686360454689357e+00
7.430000000000000000e+03,3.772941035301551338e+00
7.431000000000000000e+03,3.802331660110099154e+00
7.432000000000000000e+03,3.740929188042934506e+00
7.433000000000000000e+03,3.686559991456355601e+00
7.434000000000000000e+03,3.771036345415811120e+00
7.435000000000000000e+03,3.839628758228032623e+00
7.436000000000000000e+03,3.980859672243491687e+00
7.437000000000000000e+03,3.974915539409350274e+00
7.438000000000000000e+03,3.866598159651235989e+00
7.439000000000000000e+03,3.833506466777463650e+00
7.440000000000000000e+03,3.916804391024940379e+00
7.441000000000000000e+03,3.760233142120979810e+00
7.442000000000000000e+03,3.674691338428676346e+00
7.443000000000000000e+03,3.551817811910360057e+00
7.444000000000000000e+03,3.457728489661839877e+00
7.445000000000000000e+03,3.507467719366085923e+00
7.446000000000000000e+03,3.692706742681327814e+00
7.447000000000000000e+03,3.568608265547067671e+00
7.448000000000000000e+03,3.487174868160614949e+00
7.449000000000000000e+03,3.655551146698357456e+00
7.450000000000000000e+03,3.904325674826282455e+00
7.451000000000000000e+03,3.651154590978574532e+00
7.452000000000000000e+03,3.832291351811647040e+00
7.453000000000000000e+03,3.354704784070412060e+00
7.454000000000000000e+03,3.725886028222251678e+00
7.455000000000000000e+03,3.799537035344128899e+00
7.456000000000000000e+03,3.553202358527385751e+00
7.457000000000000000e+03,3.530151409270112062e+00
7.458000000000000000e+03,3.908387715282628516e+00
7.459000000000000000e+03,3.501860524590250989e+00
7.460000000000000000e+03,3.606180336053190327e+00
7.461000000000000000e+03,3.729446874883281193e+00
7.462000000000000000e+03,3.696850489585881583e+00
7.463000000000000000e+03,3.559017398809874777e+00
7.464000000000000000e+03,3.796096330132831209e+00
7.465000000000000000e+03,3.896375635538341431e+00
7.466000000000000000e+03,3.926984042593384849e+00
7.467000000000000000e+03,3.994953412105344714e+00
7.468000000000000000e+03,3.523415210681103638e+00
7.469000000000000000e+03,3.889225326697636653e+00
7.470000000000000000e+03,3.664828943568279485e+00
7.471000000000000000e+03,3.525786816221682329e+00
7.472000000000000000e+03,3.639746756483640766e+00
7.473000000000000000e+03,4.000761731387569853e+00
7.474000000000000000e+03,3.955737322272078416e+00
7.475000000000000000e+03,3.655133464855625292e+00
7.476000000000000000e+03,3.855281857372428345e+00
7.477000000000000000e+03,3.489726038641731254e+00
7.478000000000000000e+03,3.834600654045035029e+00
7.479000000000000000e+03,3.795493165298127192e+00
7.480000000000000000e+03,3.757253799739165068e+00
7.481000000000000000e+03,3.634119299790700808e+00
7.482000000000000000e+03,3.545820631210487850e+00
7.483000000000000000e+03,3.848862494875953111e+00
7.484000000000000000e+03,3.770167925414459997e+00
7.485000000000000000e+03,3.853178519921201417e+00
7.486000000000000000e+03,3.775888711318420299e+00
7.487000000000000000e+03,3.680079578136568941e+00
7.488000000000000000e+03,3.689942472309652111e+00
7.489000000000000000e+03,3.925572310547849053e+00
7.490000000000000000e+03,3.825251594730929572e+00
7.491000000000000000e+03,3.804465686473348818e+00
7.492000000000000000e+03,3.612149186614099339e+00
7.493000000000000000e+03,3.926433975383543551e+00
7.494000000000000000e+03,3.963419561831198923e+00
7.495000000000000000e+03,3.724680389564971605e+00
7.496000000000000000e+03,3.897605825544579794e+00
7.497000000000000000e+03,3.587502105144885878e+00
7.498000000000000000e+03,3.743507402320814581e+00
7.499000000000000000e+03,4.140069088343025783e+00
7.500000000000000000e+03,3.738949922304700468e+00
7.501000000000000000e+03,3.737979420212689252e+00
7.502000000000000000e+03,3.283177401130503270e+00
7.503000000000000000e+03,3.857343874291349284e+00
7.504000000000000000e+03,3.738807602273283237e+00
7.505000000000000000e+03,3.685613906455033284e+00
7.506000000000000000e+03,3.799719045757717684e+00
7.507000000000000000e+03,3.774210894490080737e+00
7.508000000000000000e+03,3.500846042673601666e+00
7.509000000000000000e+03,3.713374882274908195e+00
7.510000000000000000e+03,3.914698250759388376e+00
7.511000000000000000e+03,3.795134195836249447e+00
7.512000000000000000e+03,3.801108821041103702e+00
7.513000000000000000e+03,3.792855521512814576e+00
7.514000000000000000e+03,3.647545855299552553e+00
7.515000000000000000e+03,3.770334871780165908e+00
7.516000000000000000e+03,3.756570629906124559e+00
7.517000000000000000e+03,4.077606867635541477e+00
7.518000000000000000e+03,3.585349799187440567e+00
7.519000000000000000e+03,3.901209168040904895e+00
7.520000000000000000e+03,3.408958191785160796e+00
7.521000000000000000e+03,3.894422985676985416e+00
7.522000000000000000e+03,3.767399747853122705e+00
7.523000000000000000e+03,3.418039651341869156e+00
7.524000000000000000e+03,3.982528034683157525e+00
7.525000000000000000e+03,3.798705128516023155e+00
7.526000000000000000e+03,3.800760524777397897e+00
7.527000000000000000e+03,3.732840870687219148e+00
7.528000000000000000e+03,3.871008667732966035e+00
7.529000000000000000e+03,3.944632278812798987e+00
7.530000000000000000e+03,3.705926701435117820e+00
7.531000000000000000e+03,3.996443867934276195e+00
7.532000000000000000e+03,3.511026079577730830e+00
7.533000000000000000e+03,3.772295502482051699e+00
7.534000000000000000e+03,3.900798617270772706e+00
7.535000000000000000e+03,3.767677922887664455e+00
7.536000000000000000e+03,3.586045998727219963e+00
7.537000000000000000e+03,3.718604367137966715e+00
7.538000000000000000e+03,3.821469730659587949e+00
7.539000000000000000e+03,3.416290247556649007e+00
7.540000000000000000e+03,3.831585363520416010e+00
7.541000000000000000e+03,4.074839852011768571e+00
7.542000000000000000e+03,3.524715454611320631e+00
7.543000000000000000e+03,3.712651546852621109e+00
7.544000000000000000e+03,3.920014089213997188e+00
7.545000000000000000e+03,3.909303514720266381e+00
7.546000000000000000e+03,3.502204579631912562e+00
7.547000000000000000e+03,3.960455391422313731e+00
7.548000000000000000e+03,3.867022240653394061e+00
7.549000000000000000e+03,3.613316270423557963e+00
7.550000000000000000e+03,3.715564155086197751e+00
7.551000000000000000e+03,4.012794779197593975e+00
7.552000000000000000e+03,3.954087251723747976e+00
7.553000000000000000e+03,3.800525023386473578e+00
7.554000000000000000e+03,3.489329478053421862e+00
7.555000000000000000e+03,3.829508594583949321e+00
7.556000000000000000e+03,3.720914888068865167e+00
7.557000000000000000e+03,3.645279147792509722e+00
7.558000000000000000e+03,3.627100168965637916e+00
7.559000000000000000e+03,4.058642127926935572e+00
7.560000000000000000e+03,4.075043298356008314e+00
7.561000000000000000e+03,3.798547909803063227e+00
7.562000000000000000e+03,3.810841713162485878e+00
7.563000000000000000e+03,3.830962034010834127e+00
7.564000000000000000e+03,3.892927973874767744e+00
7.565000000000000000e+03,3.434532140191075555e+00
7.566000000000000000e+03,3.693342352819779073e+00
7.567000000000000000e+03,3.857071079549829307e+00
7.568000000000000000e+03,3.577446435298696326e+00
7.569000000000000000e+03,3.506309330281724979e+00
7.570000000000000000e+03,3.774224843075150826e+00
7.571000000000000000e+03,3.711999608120989613e+00
7.572000000000000000e+03,3.790080049785987448e+00
7.573000000000000000e+03,3.608032016272749054e+00
7.574000000000000000e+03,3.792789521010577314e+00
7.575000000000000000e+03,3.445997386928430828e+00
7.576000000000000000e+03,3.862907785251469495e+00
7.577000000000000000e+03,4.103536201418247487e+00
7.578000000000000000e+03,3.420755112673174114e+00
7.579000000000000000e+03,3.880127410870426896e+00
7.580000000000000000e+03,3.824497846343645868e+00
7.581000000000000000e+03,3.697956543617937353e+00
7.582000000000000000e+03,3.581167955130346137e+00
7.583000000000000000e+03,3.598928990160973562e+00
7.584000000000000000e+03,3.621227322231654888e+00
7.585000000000000000e+03,3.678326011199676504e+00
7.586000000000000000e+03,3.637208648052203674e+00
7.587000000000000000e+03,3.875326835201687636e+00
7.588000000000000000e+03,3.885133720869182294e+00
7.589000000000000000e+03,3.539624830887921902e+00
7.590000000000000000e+03,3.769942918286747435e+00
7.591000000000000000e+03,3.811210702143440265e+00
7.592000000000000000e+03,3.564002794919590489e+00
7.593000000000000000e+03,3.670333515061058094e+00
7.594000000000000000e+03,3.851934639689585271e+00
7.595000000000000000e+03,3.914185611778613350e+00
7.596000000000000000e+03,3.808195063813668568e+00
7.597000000000000000e+03,3.741093040771929612e+00
7.598000000000000000e+03,3.720262430423916467e+00
7.599000000000000000e+03,3.577641558628804841e+00
7.600000000000000000e+03,3.855390737240460997e+00
7.601000000000000000e+03,3.817166425651993933e+00
7.602000000000000000e+03,3.546687783355577661e+00
7.603000000000000000e+03,3.624071226667783030e+00
7.604000000000000000e+03,3.546007920576013106e+00
7.605000000000000000e+03,3.917975298853826782e+00
7.606000000000000000e+03,3.882138443760849267e+00
7.607000000000000000e+03,3.647807168135215328e+00
7.608000000000000000e+03,3.896579538926207231e+00
7.609000000000000000e+03,3.481462139373869391e+00
7.610000000000000000e+03,3.780442689625300279e+00
7.611000000000000000e+03,3.955617547370054332e+00
7.612000000000000000e+03,3.901771180308084119e+00
7.613000000000000000e+03,4.011462735658719581e+00
7.614000000000000000e+03,3.755278390620634177e+00
7.615000000000000000e+03,3.804750034247728063e+00
7.616000000000000000e+03,3.887880181321317963e+00
7.617000000000000000e+03,3.648391588745199865e+00
7.618000000000000000e+03,3.754608644032868536e+00
7.619000000000000000e+03,3.653628091523592580e+00
7.620000000000000000e+03,3.639806524954247724e+00
7.621000000000000000e+03,3.434505202218479436e+00
7.622000000000000000e+03,3.818644961697377660e+00
7.623000000000000000e+03,3.837884949215832897e+00
7.624000000000000000e+03,3.786288453640318963e+00
7.625000000000000000e+03,3.703942585404526699e+00
7.626000000000000000e+03,3.997550834831733901e+00
7.627000000000000000e+03,3.659779575245166061e+00
7.628000000000000000e+03,3.626202611536678333e+00
7.629000000000000000e+03,3.977701810931252080e+00
7.630000000000000000e+03,3.680226768439513574e+00
7.631000000000000000e+03,3.908368558150676630e+00
7.632000000000000000e+03,3.795274471554313855e+00
7.633000000000000000e+03,3.649349384993803902e+00
7.634000000000000000e+03,3.968896812169536936e+00
7.635000000000000000e+03,3.363384485048571459e+00
7.636000000000000000e+03,3.526276326515426884e+00
7.637000000000000000e+03,3.718866145227521347e+00
7.638000000000000000e+03,4.032261400562582310e+00
7.639000000000000000e+03,3.570973387308257418e+00
7.640000000000000000e+03,3.644375872348423417e+00
7.641000000000000000e+03,3.469199481331576074e+00
7.642000000000000000e+03,3.791784977765279230e+00
7.643000000000000000e+03,3.799574807194024739e+00
7.644000000000000000e+03,3.699364155102119245e+00
7.645000000000000000e+03,4.022343952532846600e+00
7.646000000000000000e+03,3.773271291772077429e+00
7.647000000000000000e+03,3.523851965053866220e+00
7.648000000000000000e+03,3.845141132226755687e+00
7.649000000000000000e+03,3.875143640874399775e+00
7.650000000000000000e+03,3.756078268238468354e+00
7.651000000000000000e+03,4.034357210914613745e+00
7.652000000000000000e+03,3.897237917359049675e+00
7.653000000000000000e+03,3.659557587760867925e+00
7.654000000000000000e+03,3.470532858051185610e+00
7.655000000000000000e+03,3.599446432608548019e+00
7.656000000000000000e+03,3.596003837710698203e+00
7.657000000000000000e+03,3.634653526221437669e+00
7.658000000000000000e+03,3.782161329760116875e+00
7.659000000000000000e+03,3.915276687194173988e+00
7.660000000000000000e+03,3.494084764063047022e+00
7.661000000000000000e+03,3.660350091799272398e+00
7.662000000000000000e+03,3.774415873363327734e+00
7.663000000000000000e+03,3.640879993376426427e+00
7.664000000000000000e+03,3.796115095309875453e+00
7.665000000000000000e+03,3.957637294021425500e+00
7.666000000000000000e+03,4.055592613257237744e+00
7.667000000000000000e+03,3.534317594200380164e+00
7.668000000000000000e+03,3.482132535885269498e+00
7.669000000000000000e+03,3.541089870063456324e+00
7.670000000000000000e+03,3.770666282387364898e+00
7.671000000000000000e+03,3.709804963757277640e+00
7.672000000000000000e+03,3.470825819940218437e+00
7.673000000000000000e+03,3.842428058804183699e+00
7.674000000000000000e+03,3.667201087281994454e+00
7.675000000000000000e+03,3.463334302353171967e+00
7.676000000000000000e+03,3.866355634931527341e+00
7.677000000000000000e+03,3.660678753827463883e+00
7.678000000000000000e+03,3.808971001243361520e+00
7.679000000000000000e+03,4.063543449355079495e+00
7.680000000000000000e+03,3.778413365962913772e+00
7.681000000000000000e+03,3.978831532722580722e+00
7.682000000000000000e+03,3.662530787576781410e+00
7.683000000000000000e+03,3.859883045915162736e+00
7.684000000000000000e+03,3.978376240869227587e+00
7.685000000000000000e+03,3.425405337611655554e+00
7.686000000000000000e+03,3.631566940710298397e+00
7.687000000000000000e+03,3.796868210743321370e+00
7.688000000000000000e+03,3.435615864837581857e+00
7.689000000000000000e+03,3.763020707344083782e+00
7.690000000000000000e+03,4.049035109847986647e+00
7.691000000000000000e+03,3.493433216145261255e+00
7.692000000000000000e+03,3.664706820160099188e+00
7.693000000000000000e+03,3.665090524104595016e+00
7.694000000000000000e+03,3.859639233236721090e+00
7.695000000000000000e+03,3.619551659218936290e+00
7.696000000000000000e+03,3.404934875722599674e+00
7.697000000000000000e+03,3.617346082398975593e+00
7.698000000000000000e+03,3.907303838753313219e+00
7.699000000000000000e+03,3.556308289981187531e+00
7.700000000000000000e+03,3.941646051941392948e+00
7.701000000000000000e+03,3.575457271739245879e+00
7.702000000000000000e+03,3.689605304039663025e+00
7.703000000000000000e+03,3.532123873065097897e+00
7.704000000000000000e+03,3.574243837393895173e+00
7.705000000000000000e+03,3.725213816930283528e+00
7.706000000000000000e+03,3.847723093977747588e+00
7.707000000000000000e+03,3.812364798164300961e+00
7.708000000000000000e+03,3.695542819928244072e+00
7.709000000000000000e+03,3.911873658814895016e+00
7.710000000000000000e+03,3.581730293954929145e+00
7.711000000000000000e+03,3.856072139382060726e+00
7.712000000000000000e+03,3.769552198956497513e+00
7.713000000000000000e+03,4.157928851103443790e+00
7.714000000000000000e+03,3.617151855578663699e+00
7.715000000000000000e+03,3.815656672089977608e+00
7.716000000000000000e+03,3.650869657875889907e+00
7.717000000000000000e+03,3.693607401187880335e+00
7.718000000000000000e+03,3.627452706647544378e+00
7.719000000000000000e+03,3.625470835190136576e+00
7.720000000000000000e+03,4.147072216541219269e+00
7.721000000000000000e+03,3.989077954063299458e+00
7.722000000000000000e+03,3.840065005862373759e+00
7.723000000000000000e+03,3.519170215313581540e+00
7.724000000000000000e+03,3.860181201398138029e+00
7.725000000000000000e+03,3.741215972112541976e+00
7.726000000000000000e+03,3.610377742761761155e+00
7.727000000000000000e+03,3.661347898119266198e+00
7.728000000000000000e+03,3.806898772343319859e+00
7.729000000000000000e+03,3.612976243984717950e+00
7.730000000000000000e+03,3.801564056364348687e+00
7.731000000000000000e+03,3.526373272307067097e+00
7.732000000000000000e+03,3.839594741567094793e+00
7.733000000000000000e+03,3.594645478788498050e+00
7.734000000000000000e+03,3.691559076751463220e+00
7.735000000000000000e+03,3.707554805148049581e+00
7.736000000000000000e+03,3.884118359747221749e+00
7.737000000000000000e+03,3.765480548233540059e+00
7.738000000000000000e+03,3.798910792188144203e+00
7.739000000000000000e+03,3.553290093559311913e+00
7.740000000000000000e+03,3.670087032838407648e+00
7.741000000000000000e+03,4.117029575888149218e+00
7.742000000000000000e+03,3.918667545301455224e+00
7.743000000000000000e+03,3.745378010598136242e+00
7.744000000000000000e+03,3.844270137206076132e+00
7.745000000000000000e+03,3.626730154365242154e+00
7.746000000000000000e+03,3.900583705274855095e+00
7.747000000000000000e+03,3.842905905843948311e+00
7.748000000000000000e+03,4.027699888719681987e+00
7.749000000000000000e+03,3.599476352854623418e+00
7.750000000000000000e+03,3.608088273340853025e+00
7.751000000000000000e+03,3.431717133625066030e+00
7.752000000000000000e+03,4.004501246073131071e+00
7.753000000000000000e+03,3.873341523640067230e+00
7.754000000000000000e+03,3.519145466118562382e+00
7.755000000000000000e+03,4.065088176212777071e+00
7.756000000000000000e+03,3.465261339525511630e+00
7.757000000000000000e+03,3.762234821753497993e+00
7.758000000000000000e+03,3.924335283765440607e+00
7.759000000000000000e+03,3.688170830528204380e+00
7.760000000000000000e+03,3.642634871334868851e+00
7.761000000000000000e+03,3.572368147646895586e+00
7.762000000000000000e+03,3.794809299898196375e+00
7.763000000000000000e+03,4.002937182171564245e+00
7.764000000000000000e+03,3.673108942024221335e+00
7.765000000000000000e+03,3.879016836364295617e+00
7.766000000000000000e+03,3.498427647070553981e+00
7.767000000000000000e+03,3.874902040116331214e+00
7.768000000000000000e+03,3.970427544659898889e+00
7.769000000000000000e+03,3.616982015219949442e+00
7.770000000000000000e+03,3.516192101410420268e+00
7.771000000000000000e+03,3.715309765851133594e+00
7.772000000000000000e+03,3.687834595315483632e+00
7.773000000000000000e+03,3.822317305074677929e+00
7.774000000000000000e+03,4.111183016746299934e+00
7.775000000000000000e+03,3.702413827056431739e+00
7.776000000000000000e+03,3.942839470604357466e+00
7.777000000000000000e+03,3.857308377039462943e+00
7.778000000000000000e+03,3.743541907303447491e+00
7.779000000000000000e+03,3.898436878473330758e+00
7.780000000000000000e+03,3.603134103549272105e+00
7.781000000000000000e+03,3.621751791376807361e+00
7.782000000000000000e+03,3.805490272187534551e+00
7.783000000000000000e+03,3.644213438710556030e+00
7.784000000000000000e+03,3.830792640568770668e+00
7.785000000000000000e+03,3.569167110393160147e+00
7.786000000000000000e+03,3.875240444234817172e+00
7.787000000000000000e+03,3.617486784018386192e+00
7.788000000000000000e+03,4.012000534370690374e+00
7.789000000000000000e+03,3.737448510267560753e+00
7.790000000000000000e+03,3.798493660266743177e+00
7.791000000000000000e+03,3.703159719956869100e+00
7.792000000000000000e+03,3.771564149471114735e+00
7.793000000000000000e+03,3.842884210867463235e+00
7.794000000000000000e+03,3.641161864772757273e+00
7.795000000000000000e+03,3.643914603446987144e+00
7.796000000000000000e+03,3.430244267723490115e+00
7.797000000000000000e+03,3.611678726857726396e+00
7.798000000000000000e+03,3.881999847342866961e+00
7.799000000000000000e+03,3.804346356264816542e+00
7.800000000000000000e+03,3.718385446609413503e+00
7.801000000000000000e+03,3.511804410026045264e+00
7.802000000000000000e+03,3.674190106991600313e+00
7.803000000000000000e+03,3.698782339227402627e+00
7.804000000000000000e+03,3.844182758060148863e+00
7.805000000000000000e+03,4.019551074825852943e+00
7.806000000000000000e+03,3.704336321556556566e+00
7.807000000000000000e+03,3.465007061454636883e+00
7.808000000000000000e+03,3.685523848889512788e+00
7.809000000000000000e+03,3.928136115109928106e+00
7.810000000000000000e+03,3.688359440832907232e+00
7.811000000000000000e+03,3.737777982188827952e+00
7.812000000000000000e+03,3.772385567442342769e+00
7.813000000000000000e+03,3.744656029354292315e+00
7.814000000000000000e+03,3.507065303065461048e+00
7.815000000000000000e+03,3.630506032451065401e+00
7.816000000000000000e+03,3.862759228269894152e+00
7.817000000000000000e+03,3.762313745379282093e+00
7.818000000000000000e+03,3.758919893688463354e+00
7.819000000000000000e+03,3.738369701091234454e+00
7.820000000000000000e+03,3.831245799798653984e+00
7.821000000000000000e+03,4.098547800922979434e+00
7.822000000000000000e+03,3.716441365720238199e+00
7.823000000000000000e+03,3.409662923440286875e+00
7.824000000000000000e+03,3.731505415618096677e+00
7.825000000000000000e+03,3.697874044776683800e+00
7.826000000000000000e+03,3.897517526057674431e+00
7.827000000000000000e+03,3.393466036224868088e+00
7.828000000000000000e+03,3.722922339764337618e+00
7.829000000000000000e+03,3.537846631772928685e+00
7.830000000000000000e+03,3.953635211572452679e+00
7.831000000000000000e+03,3.883559998126215440e+00
7.832000000000000000e+03,3.665845386571309650e+00
7.833000000000000000e+03,3.763801887552537639e+00
7.834000000000000000e+03,3.872434181320577373e+00
7.835000000000000000e+03,3.753353219374554683e+00
7.836000000000000000e+03,3.587806715568635063e+00
7.837000000000000000e+03,3.769272938177092414e+00
7.838000000000000000e+03,3.855852585581809766e+00
7.839000000000000000e+03,3.761320748748528509e+00
7.840000000000000000e+03,3.783759431499743364e+00
7.841000000000000000e+03,3.879312899525642511e+00
7.842000000000000000e+03,3.536638684553987666e+00
7.843000000000000000e+03,4.009300230839790480e+00
7.844000000000000000e+03,3.502475677127699250e+00
7.845000000000000000e+03,3.634098325998794010e+00
7.846000000000000000e+03,3.676304372184969971e+00
7.847000000000000000e+03,3.413423182623954055e+00
7.848000000000000000e+03,3.851497991465347770e+00
7.849000000000000000e+03,3.888238858880826321e+00
7.850000000000000000e+03,3.661003109761411078e+00
7.851000000000000000e+03,3.585963783083965239e+00
7.852000000000000000e+03,3.935438782051582596e+00
7.853000000000000000e+03,3.510999971810087938e+00
7.854000000000000000e+03,3.999152548929207018e+00
7.855000000000000000e+03,3.796759872793670443e+00
7.856000000000000000e+03,3.618813303794687464e+00
7.857000000000000000e+03,3.605915927320219261e+00
7.858000000000000000e+03,3.727240040878685434e+00
7.859000000000000000e+03,3.836894846742781251e+00
7.860000000000000000e+03,4.009518950357680467e+00
7.861000000000000000e+03,3.555199526613760597e+00
7.862000000000000000e+03,3.757017778086533255e+00
7.863000000000000000e+03,3.637473130433801050e+00
7.864000000000000000e+03,3.744753719273532955e+00
7.865000000000000000e+03,3.625144778275819490e+00
7.866000000000000000e+03,3.942326845859390083e+00
7.867000000000000000e+03,3.379285426814367721e+00
7.868000000000000000e+03,3.591978021774556495e+00
7.869000000000000000e+03,3.777993402514566945e+00
7.870000000000000000e+03,3.776088520064250886e+00
7.871000000000000000e+03,3.679805690750054481e+00
7.872000000000000000e+03,3.770677092523155860e+00
7.873000000000000000e+03,3.851693066832519996e+00
7.874000000000000000e+03,3.587307016127533110e+00
7.875000000000000000e+03,3.573222956793038474e+00
7.876000000000000000e+03,3.342630553066770371e+00
7.877000000000000000e+03,3.909402687957815203e+00
7.878000000000000000e+03,3.754423062015741497e+00
7.879000000000000000e+03,3.898316499848910599e+00
7.880000000000000000e+03,4.004852511539400695e+00
7.881000000000000000e+03,4.003791508503150354e+00
7.882000000000000000e+03,3.986553058199030275e+00
7.883000000000000000e+03,3.629953764858590670e+00
7.884000000000000000e+03,3.753466134223731210e+00
7.885000000000000000e+03,3.966081463655432238e+00
7.886000000000000000e+03,3.877107910491405462e+00
7.887000000000000000e+03,3.552914382049547459e+00
7.888000000000000000e+03,3.833376093747377755e+00
7.889000000000000000e+03,3.786786886941898356e+00
7.890000000000000000e+03,3.871528948645763801e+00
7.891000000000000000e+03,3.990191514594251476e+00
7.892000000000000000e+03,3.574022908803096144e+00
7.893000000000000000e+03,3.856354873972364317e+00
7.894000000000000000e+03,3.546792822747995011e+00
7.895000000000000000e+03,3.825777808820787662e+00
7.896000000000000000e+03,3.951362813588615186e+00
7.897000000000000000e+03,3.840978969662179221e+00
7.898000000000000000e+03,3.455664881528969445e+00
7.899000000000000000e+03,3.897702291964067811e+00
7.900000000000000000e+03,3.516733894244883363e+00
7.901000000000000000e+03,3.793894166039028626e+00
7.902000000000000000e+03,3.639815900563332818e+00
7.903000000000000000e+03,3.475011965404343428e+00
7.904000000000000000e+03,3.670108195766919934e+00
7.905000000000000000e+03,3.872020089314209379e+00
7.906000000000000000e+03,3.476416387937945718e+00
7.907000000000000000e+03,3.795590487807574576e+00
7.908000000000000000e+03,3.700748096408232435e+00
7.909000000000000000e+03,3.709988025237830556e+00
7.910000000000000000e+03,3.782292515092307905e+00
7.911000000000000000e+03,3.992005799481772588e+00
7.912000000000000000e+03,3.422581363241946839e+00
7.913000000000000000e+03,3.786194824579670826e+00
7.914000000000000000e+03,3.848301940292349510e+00
7.915000000000000000e+03,3.784456933643956411e+00
7.916000000000000000e+03,3.722863911323650132e+00
7.917000000000000000e+03,3.672203505829255921e+00
7.918000000000000000e+03,3.720950973043873677e+00
7.919000000000000000e+03,3.862630122071426531e+00
7.920000000000000000e+03,3.604691764360773654e+00
7.921000000000000000e+03,3.546347038786868744e+00
7.922000000000000000e+03,3.859249410528292401e+00
7.923000000000000000e+03,3.751771285554686308e+00
7.924000000000000000e+03,3.943712712064235237e+00
7.925000000000000000e+03,3.904981529943244212e+00
7.926000000000000000e+03,3.577764625341254945e+00
7.927000000000000000e+03,4.007575485909820046e+00
7.928000000000000000e+03,3.355889248023932403e+00
7.929000000000000000e+03,3.441859553648109582e+00
7.930000000000000000e+03,3.600359539216867244e+00
7.931000000000000000e+03,3.515377560867425366e+00
7.932000000000000000e+03,3.729932888345528497e+00
7.933000000000000000e+03,3.693878402532270400e+00
7.934000000000000000e+03,3.510921540441545474e+00
7.935000000000000000e+03,3.540798372790470605e+00
7.936000000000000000e+03,3.624754635310203366e+00
7.937000000000000000e+03,3.674632204211978337e+00
7.938000000000000000e+03,3.695534705804860209e+00
7.939000000000000000e+03,3.680258894203921827e+00
7.940000000000000000e+03,3.724481478364497278e+00
7.941000000000000000e+03,3.783876444452612287e+00
7.942000000000000000e+03,3.877067469547423428e+00
7.943000000000000000e+03,3.862214963850139515e+00
7.944000000000000000e+03,3.740183153286667839e+00
7.945000000000000000e+03,3.723686865299747240e+00
7.946000000000000000e+03,3.625516976197391106e+00
7.947000000000000000e+03,3.720557925330719495e+00
7.948000000000000000e+03,3.715281062516999633e+00
7.949000000000000000e+03,3.996361050551446414e+00
7.950000000000000000e+03,3.526270213522819663e+00
7.951000000000000000e+03,4.042096040024923731e+00
7.952000000000000000e+03,4.065100593120700267e+00
7.953000000000000000e+03,3.551698569834351282e+00
7.954000000000000000e+03,4.072302676223837459e+00
7.955000000000000000e+03,3.824075240142570387e+00
7.956000000000000000e+03,3.741275350560246071e+00
7.957000000000000000e+03,3.764202655943589715e+00
7.958000000000000000e+03,3.926671078803421366e+00
7.959000000000000000e+03,3.601735161976082011e+00
7.960000000000000000e+03,3.733841326421691420e+00
7.961000000000000000e+03,3.903681937151498360e+00
7.962000000000000000e+03,4.000946347333282915e+00
7.963000000000000000e+03,3.656861321228279671e+00
7.964000000000000000e+03,3.864493139935945898e+00
7.965000000000000000e+03,3.642131981946909569e+00
7.966000000000000000e+03,3.868306641726828143e+00
7.967000000000000000e+03,3.745752394915757844e+00
7.968000000000000000e+03,3.840482143061520137e+00
7.969000000000000000e+03,3.585489384569995774e+00
7.970000000000000000e+03,4.141961341108038930e+00
7.971000000000000000e+03,3.727805865401119245e+00
7.972000000000000000e+03,3.729324912111841250e+00
7.973000000000000000e+03,3.816163848535200742e+00
7.974000000000000000e+03,3.638614985793830137e+00
7.975000000000000000e+03,3.770455912738507998e+00
7.976000000000000000e+03,3.856418240343066017e+00
7.977000000000000000e+03,3.461972395820129389e+00
7.978000000000000000e+03,3.441248395019420148e+00
7.979000000000000000e+03,3.552484263246401319e+00
7.980000000000000000e+03,3.561714428834210633e+00
7.981000000000000000e+03,3.676878221630738963e+00
7.982000000000000000e+03,3.857103998385654986e+00
7.983000000000000000e+03,3.826169923410558393e+00
7.984000000000000000e+03,3.594702046743318835e+00
7.985000000000000000e+03,3.799584030190131578e+00
7.986000000000000000e+03,3.810038853766728462e+00
7.987000000000000000e+03,4.038254868364287375e+00
7.988000000000000000e+03,3.886383994056162638e+00
7.989000000000000000e+03,3.528543748222002119e+00
7.990000000000000000e+03,3.843381292445694264e+00
7.991000000000000000e+03,3.732378318772715975e+00
7.992000000000000000e+03,3.672767153635695614e+00
7.993000000000000000e+03,3.734710090153074979e+00
7.994000000000000000e+03,3.382415560461243587e+00
7.995000000000000000e+03,3.305459542555560848e+00
7.996000000000000000e+03,3.783875579755959784e+00
7.997000000000000000e+03,3.303002059450901307e+00
7.998000000000000000e+03,3.581713691944915734e+00
7.999000000000000000e+03,3.944518907730585333e+00
8.000000000000000000e+03,3.735539751095396710e+00
8.001000000000000000e+03,3.998913143961187799e+00
8.002000000000000000e+03,3.743061628050467604e+00
8.003000000000000000e+03,3.528616807173596825e+00
8.004000000000000000e+03,3.818359282218577899e+00
8.005000000000000000e+03,3.642758050244184087e+00
8.006000000000000000e+03,3.743315648515428862e+00
8.007000000000000000e+03,3.595393444220801094e+00
8.008000000000000000e+03,3.878272674398064446e+00
8.009000000000000000e+03,3.320057782321153450e+00
8.010000000000000000e+03,3.930718982868228295e+00
8.011000000000000000e+03,3.235205373382053828e+00
8.012000000000000000e+03,3.538275178174557833e+00
8.013000000000000000e+03,3.934162156384716891e+00
8.014000000000000000e+03,3.655504478799793677e+00
8.015000000000000000e+03,3.638681028609509482e+00
8.016000000000000000e+03,3.951165611771626729e+00
8.017000000000000000e+03,3.868970312480552121e+00
8.018000000000000000e+03,3.769331486009731336e+00
8.019000000000000000e+03,3.932537183490153243e+00
8.020000000000000000e+03,3.496560849705386609e+00
8.021000000000000000e+03,3.973849140893065179e+00
8.022000000000000000e+03,3.607491948506743817e+00
8.023000000000000000e+03,3.819182203715730139e+00
8.024000000000000000e+03,3.982526296516851971e+00
8.025000000000000000e+03,3.616695015621894882e+00
8.026000000000000000e+03,3.684358652938457546e+00
8.027000000000000000e+03,3.749711405815540743e+00
8.028000000000000000e+03,3.965014199596938571e+00
8.029000000000000000e+03,3.745820377435004289e+00
8.030000000000000000e+03,3.795439402668334239e+00
8.031000000000000000e+03,3.960531615638450909e+00
8.032000000000000000e+03,3.645427856163873770e+00
8.033000000000000000e+03,3.987430544425377477e+00
8.034000000000000000e+03,3.735590414691179362e+00
8.035000000000000000e+03,3.826985651556952028e+00
8.036000000000000000e+03,4.051376936445299393e+00
8.037000000000000000e+03,3.534295700899787729e+00
8.038000000000000000e+03,3.883672934772146590e+00
8.039000000000000000e+03,4.137167245898296208e+00
8.040000000000000000e+03,3.728204557494646743e+00
8.041000000000000000e+03,3.768847746121492204e+00
8.042000000000000000e+03,3.770640601321551433e+00
8.043000000000000000e+03,3.738878077432678637e+00
8.044000000000000000e+03,3.407765291340827396e+00
8.045000000000000000e+03,4.046700073967163469e+00
8.046000000000000000e+03,3.621496460228754710e+00
8.047000000000000000e+03,3.832936003825772264e+00
8.048000000000000000e+03,3.747109476911064885e+00
8.049000000000000000e+03,3.679099195464732297e+00
8.050000000000000000e+03,4.064468941163602800e+00
8.051000000000000000e+03,4.036077861857770621e+00
8.052000000000000000e+03,3.735747691289829753e+00
8.053000000000000000e+03,3.594798457475517850e+00
8.054000000000000000e+03,3.525841860818048179e+00
8.055000000000000000e+03,3.768562554215046045e+00
8.056000000000000000e+03,3.635948668310936771e+00
8.057000000000000000e+03,4.015804696129089635e+00
8.058000000000000000e+03,3.849594857487501631e+00
8.059000000000000000e+03,3.713616340462380538e+00
8.060000000000000000e+03,3.769878249001174630e+00
8.061000000000000000e+03,3.825641711534328415e+00
8.062000000000000000e+03,3.825973231003619635e+00
8.063000000000000000e+03,3.355386873350780341e+00
8.064000000000000000e+03,3.682565168007150724e+00
8.065000000000000000e+03,3.871373757105855073e+00
8.066000000000000000e+03,3.758880649936011231e+00
8.067000000000000000e+03,3.878015996636604790e+00
8.068000000000000000e+03,3.762470045725881285e+00
8.069000000000000000e+03,3.760504342579039871e+00
8.070000000000000000e+03,3.816745270943513457e+00
8.071000000000000000e+03,3.834430329121731429e+00
8.072000000000000000e+03,3.804380567263208945e+00
8.073000000000000000e+03,3.734967149642304030e+00
8.074000000000000000e+03,3.638620460644519827e+00
8.075000000000000000e+03,3.802178125817101684e+00
8.076000000000000000e+03,3.646373506201112225e+00
8.077000000000000000e+03,3.749504804910772648e+00
8.078000000000000000e+03,3.940618532486455994e+00
8.079000000000000000e+03,3.706760181042510816e+00
8.080000000000000000e+03,3.747336681999589469e+00
8.081000000000000000e+03,3.456023004832915024e+00
8.082000000000000000e+03,3.542468094044807891e+00
8.083000000000000000e+03,4.082312056366047770e+00
8.084000000000000000e+03,3.967675342123116344e+00
8.085000000000000000e+03,3.522176691831281570e+00
8.086000000000000000e+03,3.983558247492115179e+00
8.087000000000000000e+03,3.792953305387292140e+00
8.088000000000000000e+03,3.897183054607871178e+00
8.089000000000000000e+03,4.005303689634444275e+00
8.090000000000000000e+03,3.514330463773763125e+00
8.091000000000000000e+03,3.961562460313358347e+00
8.092000000000000000e+03,3.714053719496682504e+00
8.093000000000000000e+03,3.649144825901021072e+00
8.094000000000000000e+03,4.000533642086145036e+00
8.095000000000000000e+03,3.512567337727578565e+00
8.096000000000000000e+03,3.832612992380292294e+00
8.097000000000000000e+03,3.753860308672671842e+00
8.098000000000000000e+03,3.427320253161961539e+00
8.099000000000000000e+03,3.602385689859248785e+00
8.100000000000000000e+03,3.688324839865749105e+00
8.101000000000000000e+03,3.681145987950753540e+00
8.102000000000000000e+03,3.902480917580647191e+00
8.103000000000000000e+03,3.932115731559350458e+00
8.104000000000000000e+03,3.447416171084059400e+00
8.105000000000000000e+03,3.771822782854084011e+00
8.106000000000000000e+03,3.675837017308895671e+00
8.107000000000000000e+03,4.029298615739192790e+00
8.108000000000000000e+03,3.787657023042366955e+00
8.109000000000000000e+03,3.601210782017056466e+00
8.110000000000000000e+03,3.833697936936604656e+00
8.111000000000000000e+03,3.878662899907666439e+00
8.112000000000000000e+03,3.836396730487777962e+00
8.113000000000000000e+03,3.510331155358021427e+00
8.114000000000000000e+03,3.679732590643172596e+00
8.115000000000000000e+03,3.656288235017707500e+00
8.116000000000000000e+03,3.506466834597145255e+00
8.117000000000000000e+03,3.808517277167640103e+00
8.118000000000000000e+03,3.919103219099369984e+00
8.119000000000000000e+03,3.497672369744443621e+00
8.120000000000000000e+03,3.772958003700471963e+00
8.121000000000000000e+03,3.487466853471032913e+00
8.122000000000000000e+03,3.524233402721781427e+00
8.123000000000000000e+03,3.408366576645142310e+00
8.124000000000000000e+03,3.689620121611849601e+00
8.125000000000000000e+03,3.642907322090096933e+00
8.126000000000000000e+03,3.559433416385495264e+00
8.127000000000000000e+03,3.603572590875966153e+00
8.128000000000000000e+03,3.894708140887081171e+00
8.129000000000000000e+03,3.771351395561470810e+00
8.130000000000000000e+03,3.483921064259215328e+00
8.131000000000000000e+03,3.887376186196996208e+00
8.132000000000000000e+03,3.839955351452179144e+00
8.133000000000000000e+03,3.927856211114501228e+00
8.134000000000000000e+03,3.816959581426128345e+00
8.135000000000000000e+03,3.879466461958157364e+00
8.136000000000000000e+03,3.826167392474354667e+00
8.137000000000000000e+03,3.812438470108785893e+00
8.138000000000000000e+03,4.159025343777931205e+00
8.139000000000000000e+03,3.519967529803284645e+00
8.140000000000000000e+03,3.419008871084892487e+00
8.141000000000000000e+03,3.432640753791364574e+00
8.142000000000000000e+03,3.826114344713164694e+00
8.143000000000000000e+03,3.624820111301100045e+00
8.144000000000000000e+03,3.638172217174220346e+00
8.145000000000000000e+03,3.626785558640487572e+00
8.146000000000000000e+03,3.912854791812256927e+00
8.147000000000000000e+03,3.832504409399272838e+00
8.148000000000000000e+03,3.642776360660594737e+00
8.149000000000000000e+03,3.894823743322752385e+00
8.150000000000000000e+03,3.942161323487582969e+00
8.151000000000000000e+03,3.515022534808315946e+00
8.152000000000000000e+03,3.910416595541444718e+00
8.153000000000000000e+03,3.967278929748748073e+00
8.154000000000000000e+03,3.816871962037635235e+00
8.155000000000000000e+03,3.706979875512249833e+00
8.156000000000000000e+03,3.782520735551389013e+00
8.157000000000000000e+03,3.826690550438159644e+00
8.158000000000000000e+03,3.747770049579941087e+00
8.159000000000000000e+03,3.986668615264176374e+00
8.160000000000000000e+03,3.878290589658097698e+00
8.161000000000000000e+03,3.904449870144520496e+00
8.162000000000000000e+03,3.647377707221885146e+00
8.163000000000000000e+03,3.524297965238048391e+00
8.164000000000000000e+03,3.872906766113773713e+00
8.165000000000000000e+03,3.608429039379985159e+00
8.166000000000000000e+03,3.732745921026851210e+00
8.167000000000000000e+03,3.664669622968731222e+00
8.168000000000000000e+03,3.665088157637508282e+00
8.169000000000000000e+03,3.881812255286425373e+00
8.170000000000000000e+03,3.944982779724308664e+00
8.171000000000000000e+03,3.671144674916371198e+00
8.172000000000000000e+03,3.864986029043878002e+00
8.173000000000000000e+03,3.939862948266289244e+00
8.174000000000000000e+03,3.693108718423921299e+00
8.175000000000000000e+03,4.132411410888183312e+00
8.176000000000000000e+03,3.471129475490777772e+00
8.177000000000000000e+03,3.492417512406376989e+00
8.178000000000000000e+03,3.444169103817143807e+00
8.179000000000000000e+03,3.728377066837070597e+00
8.180000000000000000e+03,3.861475897080753672e+00
8.181000000000000000e+03,3.665048310224617634e+00
8.182000000000000000e+03,3.863820819874535850e+00
8.183000000000000000e+03,3.573910989331261057e+00
8.184000000000000000e+03,3.721569041798284072e+00
8.185000000000000000e+03,3.671169919290016459e+00
8.186000000000000000e+03,4.105107186749251902e+00
8.187000000000000000e+03,4.080467284206259926e+00
8.188000000000000000e+03,3.774231107815595454e+00
8.189000000000000000e+03,3.779162659815280545e+00
8.190000000000000000e+03,3.548254721113937471e+00
8.191000000000000000e+03,3.843303690748728130e+00
8.192000000000000000e+03,5.330531465915627543e+00
8.193000000000000000e+03,5.226613294656892172e+00
8.194000000000000000e+03,4.235627166499368101e+00
8.195000000000000000e+03,4.435123200299309509e+00
8.196000000000000000e+03,4.104153771316785715e+00
8.197000000000000000e+03,4.436668564600213749e+00
8.198000000000000000e+03,4.013244807359868993e+00
8.199000000000000000e+03,4.061976491269029488e+00
8.200000000000000000e+03,4.388758434249339757e+00
8.201000000000000000e+03,4.114817699602782319e+00
8.202000000000000000e+03,4.241487036175170644e+00
8.203000000000000000e+03,4.373317300427903120e+00
8.204000000000000000e+03,4.343833069575064876e+00
8.205000000000000000e+03,4.123544727668135401e+00
8.206000000000000000e+03,4.121457343697967346e+00
8.207000000000000000e+03,4.019857818850117503e+00
8.208000000000000000e+03,4.048527726353352563e+00
8.209000000000000000e+03,4.159331151892499356e+00
8.210000000000000000e+03,3.946180971351368250e+00
8.211000000000000000e+03,3.823083231472980348e+00
8.212000000000000000e+03,3.963336799826213230e+00
8.213000000000000000e+03,3.945141858589209516e+00
8.214000000000000000e+03,3.706542787993456489e+00
8.215000000000000000e+03,3.997871173476918560e+00
8.216000000000000000e+03,4.004428960785236136e+00
8.217000000000000000e+03,3.895287316058977822e+00
8.218000000000000000e+03,4.071456255598497442e+00
8.219000000000000000e+03,3.985789951384707042e+00
8.220000000000000000e+03,3.910604949735137836e+00
8.221000000000000000e+03,4.007034331713096975e+00
8.222000000000000000e+03,3.992609373102924408e+00
8.223000000000000000e+03,3.768226163100750092e+00
8.224000000000000000e+03,3.978465413110694460e+00
8.225000000000000000e+03,3.867197181483478907e+00
8.226000000000000000e+03,3.979698566351272948e+00
8.227000000000000000e+03,4.123926248556178287e+00
8.228000000000000000e+03,3.793484348017024832e+00
8.229000000000000000e+03,3.946482529960139374e+00
8.230000000000000000e+03,3.999207751356265828e+00
8.231000000000000000e+03,4.018678122735296121e+00
8.232000000000000000e+03,3.979468061576991289e+00
8.233000000000000000e+03,3.567574823044334043e+00
8.234000000000000000e+03,4.031061789591140254e+00
8.235000000000000000e+03,3.912105660288418996e+00
8.236000000000000000e+03,4.027408297520494784e+00
8.237000000000000000e+03,3.860792540966795805e+00
8.238000000000000000e+03,4.193901202900624625e+00
8.239000000000000000e+03,4.100085965134002919e+00
8.240000000000000000e+03,4.115939369086714095e+00
8.241000000000000000e+03,3.891038525434111772e+00
8.242000000000000000e+03,4.179779971770114955e+00
8.243000000000000000e+03,3.670003109571422062e+00
8.244000000000000000e+03,3.975843334576813159e+00
8.245000000000000000e+03,3.728939582305104139e+00
8.246000000000000000e+03,3.794359599205474165e+00
8.247000000000000000e+03,3.859022497858605849e+00
8.248000000000000000e+03,3.785256467511510792e+00
8.249000000000000000e+03,3.576677274548250018e+00
8.250000000000000000e+03,3.771046317422373395e+00
8.251000000000000000e+03,4.167349511539548246e+00
8.252000000000000000e+03,3.718229935396668573e+00
8.253000000000000000e+03,4.017383321390664896e+00
8.254000000000000000e+03,3.898284330399569342e+00
8.255000000000000000e+03,3.806358225095528347e+00
8.256000000000000000e+03,3.842454299332238143e+00
8.257000000000000000e+03,3.828905716294052297e+00
8.258000000000000000e+03,3.944541706227230993e+00
8.259000000000000000e+03,3.717661715326754379e+00
8.260000000000000000e+03,3.886117874710514286e+00
8.261000000000000000e+03,3.885515836461926220e+00
8.262000000000000000e+03,3.562636247385659871e+00
8.263000000000000000e+03,3.644078857270852012e+00
8.264000000000000000e+03,3.871400457369623904e+00
8.265000000000000000e+03,3.994818267527801670e+00
8.266000000000000000e+03,3.706983186799047925e+00
8.267000000000000000e+03,4.019270218048839993e+00
8.268000000000000000e+03,3.968947431551995031e+00
8.269000000000000000e+03,3.883683170394883089e+00
8.270000000000000000e+03,4.061472410145530176e+00
8.271000000000000000e+03,3.938563977082107037e+00
8.272000000000000000e+03,3.892589755946937569e+00
8.273000000000000000e+03,3.667940247573135526e+00
8.274000000000000000e+03,4.131710964191692703e+00
8.275000000000000000e+03,4.039981851178091610e+00
8.276000000000000000e+03,3.789403356829756930e+00
8.277000000000000000e+03,3.664666939876805696e+00
8.278000000000000000e+03,4.294249431764445291e+00
8.279000000000000000e+03,3.515693215133871341e+00
8.280000000000000000e+03,3.979322389311662267e+00
8.281000000000000000e+03,3.580846382032499609e+00
8.282000000000000000e+03,3.335488588559430756e+00
8.283000000000000000e+03,3.871313413692347272e+00
8.284000000000000000e+03,3.833431394655543389e+00
8.285000000000000000e+03,3.815084901402558071e+00
8.286000000000000000e+03,3.823826538801973651e+00
8.287000000000000000e+03,3.940730676983348779e+00
8.288000000000000000e+03,3.625513245451985167e+00
8.289000000000000000e+03,3.351077513368470928e+00
8.290000000000000000e+03,3.662856670270901116e+00
8.291000000000000000e+03,3.733595659916240539e+00
8.292000000000000000e+03,4.005651319695250123e+00
8.293000000000000000e+03,3.761155460589659771e+00
8.294000000000000000e+03,3.719837326688324008e+00
8.295000000000000000e+03,3.930226228362033947e+00
8.296000000000000000e+03,3.726678512701344648e+00
8.297000000000000000e+03,4.074575417413424105e+00
8.298000000000000000e+03,3.506736046520381844e+00
8.299000000000000000e+03,4.028695217018840147e+00
8.300000000000000000e+03,3.910538313694085666e+00
8.301000000000000000e+03,3.710593090763222079e+00
8.302000000000000000e+03,3.820699830013198461e+00
8.303000000000000000e+03,3.773491984953824652e+00
8.304000000000000000e+03,3.853314079638257006e+00
8.305000000000000000e+03,3.880163546386482754e+00
8.306000000000000000e+03,3.620568471715893466e+00
8.307000000000000000e+03,3.950561106979253001e+00
8.308000000000000000e+03,3.794106884341874597e+00
8.309000000000000000e+03,3.721143063058766298e+00
8.310000000000000000e+03,4.000399230764475789e+00
8.311000000000000000e+03,3.828224559294200358e+00
8.312000000000000000e+03,3.821756200247385049e+00
8.313000000000000000e+03,3.637584124940980157e+00
8.314000000000000000e+03,3.903071028421397859e+00
8.315000000000000000e+03,3.675448577813269946e+00
8.316000000000000000e+03,3.722846777913624283e+00
8.317000000000000000e+03,3.909012022078682147e+00
8.318000000000000000e+03,3.834019925255236938e+00
8.319000000000000000e+03,3.975760113079812808e+00
8.320000000000000000e+03,3.563688672212781405e+00
8.321000000000000000e+03,4.022802737747448454e+00
8.322000000000000000e+03,4.015524463249812825e+00
8.323000000000000000e+03,3.887565023660875418e+00
8.324000000000000000e+03,3.585181527342036656e+00
8.325000000000000000e+03,3.894496679766347835e+00
8.326000000000000000e+03,3.662822039446008038e+00
8.327000000000000000e+03,3.990454744713234803e+00
8.328000000000000000e+03,4.030770696195330238e+00
8.329000000000000000e+03,3.605360096803686965e+00
8.330000000000000000e+03,3.854742770880073444e+00
8.331000000000000000e+03,3.855966804939542580e+00
8.332000000000000000e+03,4.075196304182798102e+00
8.333000000000000000e+03,3.840299114744969877e+00
8.334000000000000000e+03,3.456596172706309922e+00
8.335000000000000000e+03,3.485995658065260017e+00
8.336000000000000000e+03,3.904275923553466754e+00
8.337000000000000000e+03,3.822773143227161441e+00
8.338000000000000000e+03,3.978264242326377875e+00
8.339000000000000000e+03,3.649284015996209884e+00
8.340000000000000000e+03,3.743067020276483969e+00
8.341000000000000000e+03,3.719411548689011582e+00
8.342000000000000000e+03,3.817963090861318243e+00
8.343000000000000000e+03,3.631401592342969664e+00
8.344000000000000000e+03,3.757739480488089701e+00
8.345000000000000000e+03,3.597012148556952393e+00
8.346000000000000000e+03,3.943963225831042863e+00
8.347000000000000000e+03,3.607594966618519639e+00
8.348000000000000000e+03,3.634314174997901326e+00
8.349000000000000000e+03,4.016142704646046724e+00
8.350000000000000000e+03,3.687326723191690192e+00
8.351000000000000000e+03,3.690556134588864445e+00
8.352000000000000000e+03,3.942443823798369884e+00
8.353000000000000000e+03,3.669464887138610187e+00
8.354000000000000000e+03,3.907022089964984790e+00
8.355000000000000000e+03,3.657552055444147410e+00
8.356000000000000000e+03,3.880603077356564068e+00
8.357000000000000000e+03,3.757919717395333148e+00
8.358000000000000000e+03,3.981120786565588876e+00
8.359000000000000000e+03,3.800561092650986961e+00
8.360000000000000000e+03,4.308778116917051371e+00
8.361000000000000000e+03,3.785618155037785648e+00
8.362000000000000000e+03,3.984786383195912052e+00
8.363000000000000000e+03,3.769768116384225376e+00
8.364000000000000000e+03,3.825296154449103092e+00
8.365000000000000000e+03,3.666850856676975301e+00
8.366000000000000000e+03,3.883615937383562144e+00
8.367000000000000000e+03,3.622797450244055195e+00
8.368000000000000000e+03,3.823308739372207832e+00
8.369000000000000000e+03,3.834258035187966041e+00
8.370000000000000000e+03,3.804955902340551699e+00
8.371000000000000000e+03,3.849111031498927638e+00
8.372000000000000000e+03,3.903212404744999198e+00
8.373000000000000000e+03,3.820198682313417304e+00
8.374000000000000000e+03,3.670779476676290898e+00
8.375000000000000000e+03,4.128120888477216255e+00
8.376000000000000000e+03,3.745218215665626627e+00
8.377000000000000000e+03,3.580367070399063767e+00
8.378000000000000000e+03,4.111219217846113771e+00
8.379000000000000000e+03,3.747352411383314319e+00
8.380000000000000000e+03,3.984083746287176986e+00
8.381000000000000000e+03,3.935932309183933331e+00
8.382000000000000000e+03,3.748139950004883314e+00
8.383000000000000000e+03,3.884359928045195698e+00
8.384000000000000000e+03,3.889635705242513453e+00
8.385000000000000000e+03,3.636590451262725399e+00
8.386000000000000000e+03,3.737285609386371554e+00
8.387000000000000000e+03,3.619676289241116951e+00
8.388000000000000000e+03,4.089655283759190851e+00
8.389000000000000000e+03,3.690667934773603776e+00
8.390000000000000000e+03,3.615993461893356464e+00
8.391000000000000000e+03,4.153282631709211969e+00
8.392000000000000000e+03,3.978456920479216841e+00
8.393000000000000000e+03,3.611108603512941606e+00
8.394000000000000000e+03,3.540523359919980351e+00
8.395000000000000000e+03,3.874428488751615607e+00
8.396000000000000000e+03,3.963308485952327764e+00
8.397000000000000000e+03,3.597866459566451791e+00
8.398000000000000000e+03,3.753946448627754062e+00
8.399000000000000000e+03,3.368905313413844915e+00
8.400000000000000000e+03,3.944663433168504874e+00
8.401000000000000000e+03,3.935102277684969341e+00
8.402000000000000000e+03,3.805242911939600958e+00
8.403000000000000000e+03,4.125778323002615267e+00
8.404000000000000000e+03,3.702581304872836210e+00
8.405000000000000000e+03,3.724706298908906810e+00
8.406000000000000000e+03,3.644658202350529397e+00
8.407000000000000000e+03,3.955335628725736186e+00
8.408000000000000000e+03,3.507018941767145570e+00
8.409000000000000000e+03,3.842081665566759341e+00
8.410000000000000000e+03,3.790445873150640299e+00
8.411000000000000000e+03,3.954511323312554616e+00
8.412000000000000000e+03,3.485592645079388596e+00
8.413000000000000000e+03,3.482740504564731499e+00
8.414000000000000000e+03,4.202304706817944435e+00
8.415000000000000000e+03,3.672648812684744080e+00
8.416000000000000000e+03,3.656244592772698532e+00
8.417000000000000000e+03,3.823806430034713433e+00
8.418000000000000000e+03,3.885074345798372963e+00
8.419000000000000000e+03,3.733515940638536534e+00
8.420000000000000000e+03,3.618426069719117066e+00
8.421000000000000000e+03,3.828536831263361417e+00
8.422000000000000000e+03,3.876825602928386072e+00
8.423000000000000000e+03,3.727106350010148894e+00
8.424000000000000000e+03,3.711684041048068927e+00
8.425000000000000000e+03,3.789784970543632170e+00
8.426000000000000000e+03,3.820850763880343948e+00
8.427000000000000000e+03,3.837842712389639921e+00
8.428000000000000000e+03,3.767142280914353769e+00
8.429000000000000000e+03,3.663222493083353015e+00
8.430000000000000000e+03,3.423408490407571225e+00
8.431000000000000000e+03,3.706727834893264628e+00
8.432000000000000000e+03,3.833777330415329754e+00
8.433000000000000000e+03,3.977227616085945439e+00
8.434000000000000000e+03,3.526024668770307624e+00
8.435000000000000000e+03,3.819119218438143282e+00
8.436000000000000000e+03,3.586182228414643181e+00
8.437000000000000000e+03,3.900602926273978532e+00
8.438000000000000000e+03,3.799318040996993329e+00
8.439000000000000000e+03,3.799537898637560751e+00
8.440000000000000000e+03,3.475472981781261073e+00
8.441000000000000000e+03,3.533911538842137823e+00
8.442000000000000000e+03,3.679252019935320028e+00
8.443000000000000000e+03,3.980587203396278362e+00
8.444000000000000000e+03,3.992190737025079983e+00
8.445000000000000000e+03,3.838319460866281396e+00
8.446000000000000000e+03,3.808216935788165891e+00
8.447000000000000000e+03,3.849189574856955343e+00
8.448000000000000000e+03,3.638147247088006520e+00
8.449000000000000000e+03,3.876255272685960040e+00
8.450000000000000000e+03,3.554080348928708499e+00
8.451000000000000000e+03,3.794652037749500550e+00
8.452000000000000000e+03,3.967474497979302406e+00
8.453000000000000000e+03,3.646276959365360337e+00
8.454000000000000000e+03,3.788400133841518969e+00
8.455000000000000000e+03,3.892970856399319057e+00
8.456000000000000000e+03,3.863293491532659996e+00
8.457000000000000000e+03,3.930314867272625357e+00
8.458000000000000000e+03,3.943034951736376303e+00
8.459000000000000000e+03,3.686780363794247339e+00
8.460000000000000000e+03,3.973792695417720289e+00
8.461000000000000000e+03,3.792529791041284071e+00
8.462000000000000000e+03,3.847065977334568565e+00
8.463000000000000000e+03,3.717314078839024205e+00
8.464000000000000000e+03,3.534044647371405112e+00
8.465000000000000000e+03,3.846325060610834790e+00
8.466000000000000000e+03,3.923496443502416220e+00
8.467000000000000000e+03,3.417860325727612558e+00
8.468000000000000000e+03,3.840842404129089616e+00
8.469000000000000000e+03,3.977382812607741513e+00
8.470000000000000000e+03,3.863051774953985884e+00
8.471000000000000000e+03,3.392528193353970600e+00
8.472000000000000000e+03,3.795940684183187752e+00
8.473000000000000000e+03,3.851641289701681181e+00
8.474000000000000000e+03,3.839794786280253724e+00
8.475000000000000000e+03,3.956872177582051009e+00
8.476000000000000000e+03,3.911211145975849846e+00
8.477000000000000000e+03,3.564246886692934435e+00
8.478000000000000000e+03,3.698838710890294035e+00
8.479000000000000000e+03,3.919985855755368842e+00
8.480000000000000000e+03,3.627222722679210865e+00
8.481000000000000000e+03,3.894258644782983669e+00
8.482000000000000000e+03,3.671856686498006894e+00
8.483000000000000000e+03,3.718866670564721311e+00
8.484000000000000000e+03,3.770315435287080241e+00
8.485000000000000000e+03,3.669816154114960316e+00
8.486000000000000000e+03,3.907860188241111032e+00
8.487000000000000000e+03,3.790018518061774699e+00
8.488000000000000000e+03,3.672639426661360229e+00
8.489000000000000000e+03,3.759212929631960964e+00
8.490000000000000000e+03,3.638006429805145547e+00
8.491000000000000000e+03,3.879017599797297322e+00
8.492000000000000000e+03,3.794851768296975347e+00
8.493000000000000000e+03,3.831777538549628215e+00
8.494000000000000000e+03,3.534781621134392537e+00
8.495000000000000000e+03,3.651561087366336000e+00
8.496000000000000000e+03,3.787282013416600090e+00
8.497000000000000000e+03,3.377741622361839280e+00
8.498000000000000000e+03,3.689839828145244915e+00
8.499000000000000000e+03,3.795385562491814913e+00
8.500000000000000000e+03,3.591897225405385807e+00
8.501000000000000000e+03,3.858148286828580797e+00
8.502000000000000000e+03,3.891331855213669311e+00
8.503000000000000000e+03,3.955872702974917665e+00
8.504000000000000000e+03,3.675538486069813260e+00
8.505000000000000000e+03,3.475904250508389470e+00
8.506000000000000000e+03,3.491563754520989882e+00
8.507000000000000000e+03,3.641441100755717031e+00
8.508000000000000000e+03,3.567439722639320632e+00
8.509000000000000000e+03,3.827859781366285130e+00
8.510000000000000000e+03,3.625055756942847651e+00
8.511000000000000000e+03,3.886143509247333316e+00
8.512000000000000000e+03,3.689614066141919224e+00
8.513000000000000000e+03,3.857966293498635846e+00
8.514000000000000000e+03,3.887224122553302408e+00
8.515000000000000000e+03,3.618668611460535978e+00
8.516000000000000000e+03,3.923657372551822231e+00
8.517000000000000000e+03,3.690089504806552956e+00
8.518000000000000000e+03,3.932962584928325178e+00
8.519000000000000000e+03,3.512161611336618972e+00
8.520000000000000000e+03,3.630033846967304800e+00
8.521000000000000000e+03,3.653733038068970984e+00
8.522000000000000000e+03,3.891219792134517963e+00
8.523000000000000000e+03,3.587515664142996830e+00
8.524000000000000000e+03,3.688805931927217951e+00
8.525000000000000000e+03,3.637408994033215048e+00
8.526000000000000000e+03,3.516910151203977097e+00
8.527000000000000000e+03,3.689551280736522276e+00
8.528000000000000000e+03,3.824955090356286558e+00
8.529000000000000000e+03,3.913844038811019832e+00
8.530000000000000000e+03,3.377049449062023534e+00
8.531000000000000000e+03,3.578255856454636508e+00
8.532000000000000000e+03,3.685325848482439159e+00
8.533000000000000000e+03,3.806882393230423212e+00
8.534000000000000000e+03,3.209309119293807466e+00
8.535000000000000000e+03,3.664789377072720011e+00
8.536000000000000000e+03,3.711078662377923276e+00
8.537000000000000000e+03,3.635966340210936565e+00
8.538000000000000000e+03,3.638824058117413607e+00
8.539000000000000000e+03,3.562772759872874673e+00
8.540000000000000000e+03,3.628486839431955602e+00
8.541000000000000000e+03,4.001369051736745952e+00
8.542000000000000000e+03,3.975927505869087941e+00
8.543000000000000000e+03,3.574930535519361463e+00
8.544000000000000000e+03,3.674933640267174173e+00
8.545000000000000000e+03,4.030654863232356888e+00
8.546000000000000000e+03,3.756514430475798250e+00
8.547000000000000000e+03,3.833476986115551099e+00
8.548000000000000000e+03,4.146582422745423990e+00
8.549000000000000000e+03,3.516330146500027176e+00
8.550000000000000000e+03,3.772443250015990568e+00
8.551000000000000000e+03,4.055074136964091913e+00
8.552000000000000000e+03,3.668986289318628025e+00
8.553000000000000000e+03,3.872039176531311799e+00
8.554000000000000000e+03,3.550094046680455584e+00
8.555000000000000000e+03,3.789315042063712280e+00
8.556000000000000000e+03,3.676834495225336674e+00
8.557000000000000000e+03,3.769405318438765029e+00
8.558000000000000000e+03,3.664849364376713048e+00
8.559000000000000000e+03,3.780383855996641174e+00
8.560000000000000000e+03,3.679039937887168321e+00
8.561000000000000000e+03,3.652207965186464733e+00
8.562000000000000000e+03,3.815227701141699068e+00
8.563000000000000000e+03,3.629219258489747357e+00
8.564000000000000000e+03,3.954360692624015794e+00
8.565000000000000000e+03,3.797025019271045299e+00
8.566000000000000000e+03,3.781297118714046945e+00
8.567000000000000000e+03,3.720321866314854287e+00
8.568000000000000000e+03,3.631425848707831694e+00
8.569000000000000000e+03,3.378258475885329570e+00
8.570000000000000000e+03,3.549481859732348532e+00
8.571000000000000000e+03,3.560289149481868254e+00
8.572000000000000000e+03,3.571791866559441697e+00
8.573000000000000000e+03,3.882962451864427234e+00
8.574000000000000000e+03,3.636514751320640837e+00
8.575000000000000000e+03,3.879485856129484489e+00
8.576000000000000000e+03,3.691379639600085749e+00
8.577000000000000000e+03,3.875354861721561850e+00
8.578000000000000000e+03,3.524055364253751321e+00
8.579000000000000000e+03,3.622910437761100777e+00
8.580000000000000000e+03,3.977576580941757811e+00
8.581000000000000000e+03,3.927249818539551462e+00
8.582000000000000000e+03,3.639364950396009490e+00
8.583000000000000000e+03,3.483266483634740673e+00
8.584000000000000000e+03,3.705580706604051144e+00
8.585000000000000000e+03,4.282949611824172997e+00
8.586000000000000000e+03,3.615605098825519725e+00
8.587000000000000000e+03,3.315971918556301024e+00
8.588000000000000000e+03,3.899929609233848016e+00
8.589000000000000000e+03,3.784020184537856935e+00
8.590000000000000000e+03,4.023263134546248843e+00
8.591000000000000000e+03,3.787990046604002181e+00
8.592000000000000000e+03,3.818065848557057329e+00
8.593000000000000000e+03,3.658272849328481957e+00
8.594000000000000000e+03,3.955638882184504102e+00
8.595000000000000000e+03,3.632008730954672693e+00
8.596000000000000000e+03,3.984213909947601717e+00
8.597000000000000000e+03,3.670812492444904596e+00
8.598000000000000000e+03,3.950032669108497707e+00
8.599000000000000000e+03,3.636314921744908002e+00
8.600000000000000000e+03,3.786789017863207540e+00
8.601000000000000000e+03,3.557817782843976762e+00
8.602000000000000000e+03,3.819886886236441903e+00
8.603000000000000000e+03,3.909516572029130277e+00
8.604000000000000000e+03,3.948177057392439959e+00
8.605000000000000000e+03,3.747908450259357593e+00
8.606000000000000000e+03,3.611043475036963990e+00
8.607000000000000000e+03,3.705361366599957407e+00
8.608000000000000000e+03,3.715450807998518012e+00
8.609000000000000000e+03,4.090643160943751688e+00
8.610000000000000000e+03,4.242076433456174023e+00
8.611000000000000000e+03,3.474760728901668205e+00
8.612000000000000000e+03,3.762709455989331264e+00
8.613000000000000000e+03,3.495087810067856626e+00
8.614000000000000000e+03,3.575381440450889681e+00
8.615000000000000000e+03,3.950944166012038128e+00
8.616000000000000000e+03,3.704665069601063898e+00
8.617000000000000000e+03,3.710513847681381261e+00
8.618000000000000000e+03,3.848770793957746683e+00
8.619000000000000000e+03,3.966946816759791883e+00
8.620000000000000000e+03,3.887935422254894746e+00
8.621000000000000000e+03,3.529451766241361810e+00
8.622000000000000000e+03,3.419515328319384651e+00
8.623000000000000000e+03,3.606464629628633123e+00
8.624000000000000000e+03,3.796187342461230685e+00
8.625000000000000000e+03,3.874430395965749785e+00
8.626000000000000000e+03,3.875912084388934087e+00
8.627000000000000000e+03,4.133421217398608682e+00
8.628000000000000000e+03,3.317523181534440813e+00
8.629000000000000000e+03,4.088802122236057990e+00
8.630000000000000000e+03,3.995597878384504753e+00
8.631000000000000000e+03,3.546224313872731848e+00
8.632000000000000000e+03,3.790194823306926253e+00
8.633000000000000000e+03,3.749841590439842332e+00
8.634000000000000000e+03,3.690125309338655679e+00
8.635000000000000000e+03,3.337364396074094852e+00
8.636000000000000000e+03,3.675384286191599514e+00
8.637000000000000000e+03,3.714327573701147855e+00
8.638000000000000000e+03,3.800616978558417625e+00
8.639000000000000000e+03,3.702616778538766695e+00
8.640000000000000000e+03,3.563478391833250658e+00
8.641000000000000000e+03,3.791356920588906387e+00
8.642000000000000000e+03,3.716509081459097530e+00
8.643000000000000000e+03,3.549523067420129685e+00
8.644000000000000000e+03,3.748890350076830913e+00
8.645000000000000000e+03,3.724194778194033884e+00
8.646000000000000000e+03,3.544476737034126579e+00
8.647000000000000000e+03,4.045700386893467559e+00
8.648000000000000000e+03,3.776078838552092698e+00
8.649000000000000000e+03,3.782253092283156093e+00
8.650000000000000000e+03,3.695684070587606840e+00
8.651000000000000000e+03,3.765176144669661440e+00
8.652000000000000000e+03,3.754932140730995904e+00
8.653000000000000000e+03,3.802983814112709027e+00
8.654000000000000000e+03,3.775625563652128758e+00
8.655000000000000000e+03,4.016906795130409158e+00
8.656000000000000000e+03,3.715275875183936982e+00
8.657000000000000000e+03,3.689264349799916243e+00
8.658000000000000000e+03,3.459670022669053768e+00
8.659000000000000000e+03,3.662662247114440994e+00
8.660000000000000000e+03,3.630446518903326147e+00
8.661000000000000000e+03,3.915727421160573041e+00
8.662000000000000000e+03,3.926574495106889717e+00
8.663000000000000000e+03,3.761097871454515573e+00
8.664000000000000000e+03,4.010670291215047811e+00
8.665000000000000000e+03,3.929650766537350570e+00
8.666000000000000000e+03,3.999207394034592689e+00
8.667000000000000000e+03,3.506731717544112836e+00
8.668000000000000000e+03,3.588167675702633730e+00
8.669000000000000000e+03,3.825876676440414403e+00
8.670000000000000000e+03,3.275187853802147941e+00
8.671000000000000000e+03,3.871243109536315785e+00
8.672000000000000000e+03,3.734696930738549359e+00
8.673000000000000000e+03,3.686686964795045096e+00
8.674000000000000000e+03,3.511069028489977928e+00
8.675000000000000000e+03,3.730878514591825734e+00
8.676000000000000000e+03,3.617627154305385950e+00
8.677000000000000000e+03,3.432726765587740037e+00
8.678000000000000000e+03,3.693374893764975742e+00
8.679000000000000000e+03,3.899797996087055019e+00
8.680000000000000000e+03,3.698226486515872047e+00
8.681000000000000000e+03,3.624369085446411898e+00
8.682000000000000000e+03,3.695182558302156917e+00
8.683000000000000000e+03,3.963366292572611638e+00
8.684000000000000000e+03,3.723345740230802114e+00
8.685000000000000000e+03,3.719693835649029889e+00
8.686000000000000000e+03,3.710373920674918224e+00
8.687000000000000000e+03,3.546010364902997480e+00
8.688000000000000000e+03,3.780836337161599836e+00
8.689000000000000000e+03,3.634207384688065368e+00
8.690000000000000000e+03,3.949606138760859864e+00
8.691000000000000000e+03,3.698455924760253311e+00
8.692000000000000000e+03,3.930134373742258269e+00
8.693000000000000000e+03,4.060124344422396447e+00
8.694000000000000000e+03,3.615679698556247157e+00
8.695000000000000000e+03,3.768582458818497294e+00
8.696000000000000000e+03,3.273166246926788148e+00
8.697000000000000000e+03,3.926486748659237858e+00
8.698000000000000000e+03,3.545818916289213529e+00
8.699000000000000000e+03,3.503109974143420846e+00
8.700000000000000000e+03,3.889398484829107883e+00
8.701000000000000000e+03,3.755875781029919480e+00
8.702000000000000000e+03,3.629113388405330376e+00
8.703000000000000000e+03,3.746752870421610648e+00
8.704000000000000000e+03,3.663287143160204096e+00
8.705000000000000000e+03,3.579814172829570484e+00
8.706000000000000000e+03,3.693506928563254466e+00
8.707000000000000000e+03,3.637902216348856577e+00
8.708000000000000000e+03,3.740208988646477106e+00
8.709000000000000000e+03,3.687940956356389854e+00
8.710000000000000000e+03,3.958499472279230602e+00
8.711000000000000000e+03,3.631457037733639037e+00
8.712000000000000000e+03,3.888056819658278762e+00
8.713000000000000000e+03,3.946899391733713180e+00
8.714000000000000000e+03,3.438222721505568735e+00
8.715000000000000000e+03,3.925697169177945867e+00
8.716000000000000000e+03,3.648343179488986898e+00
8.717000000000000000e+03,3.660001986744583657e+00
8.718000000000000000e+03,3.695486521125927570e+00
8.719000000000000000e+03,3.707099446902465623e+00
8.720000000000000000e+03,3.382698294200665590e+00
8.721000000000000000e+03,4.116663649342486409e+00
8.722000000000000000e+03,3.375081342824393982e+00
8.723000000000000000e+03,3.759130488028853190e+00
8.724000000000000000e+03,4.043115964823017272e+00
8.725000000000000000e+03,3.547450276235104116e+00
8.726000000000000000e+03,3.807408155535837224e+00
8.727000000000000000e+03,3.481722190499042746e+00
8.728000000000000000e+03,4.070344301128638875e+00
8.729000000000000000e+03,3.625189807251355756e+00
8.730000000000000000e+03,3.652535431093446139e+00
8.731000000000000000e+03,3.718911646503168189e+00
8.732000000000000000e+03,3.515398117684719548e+00
8.733000000000000000e+03,3.612767732441478419e+00
8.734000000000000000e+03,3.701820855417731870e+00
8.735000000000000000e+03,3.521829017595416111e+00
8.736000000000000000e+03,3.857225997741756451e+00
8.737000000000000000e+03,4.082609202254746883e+00
8.738000000000000000e+03,3.624666347267267330e+00
8.739000000000000000e+03,3.499535234437287201e+00
8.740000000000000000e+03,3.815870312118432306e+00
8.741000000000000000e+03,4.099205191263166626e+00
8.742000000000000000e+03,3.650311347278079488e+00
8.743000000000000000e+03,3.850803891995424166e+00
8.744000000000000000e+03,3.690086797118718120e+00
8.745000000000000000e+03,3.549467807304203415e+00
8.746000000000000000e+03,3.839104880275870713e+00
8.747000000000000000e+03,3.644818272679913207e+00
8.748000000000000000e+03,3.720726838992664209e+00
8.749000000000000000e+03,3.846183143806840565e+00
8.750000000000000000e+03,3.729822066804537428e+00
8.751000000000000000e+03,3.575931328619472271e+00
8.752000000000000000e+03,3.977518774915638655e+00
8.753000000000000000e+03,3.888274387876407001e+00
8.754000000000000000e+03,3.758881019825949910e+00
8.755000000000000000e+03,3.741868506290925378e+00
8.756000000000000000e+03,3.680587252111229724e+00
8.757000000000000000e+03,3.550107951999772915e+00
8.758000000000000000e+03,3.613344401765434366e+00
8.759000000000000000e+03,3.547777555630255097e+00
8.760000000000000000e+03,3.852925566084675513e+00
8.761000000000000000e+03,3.648781029315613544e+00
8.762000000000000000e+03,3.662148164035638587e+00
8.763000000000000000e+03,3.629039947128242183e+00
8.764000000000000000e+03,3.858746713170110088e+00
8.765000000000000000e+03,3.547905557148698819e+00
8.766000000000000000e+03,3.649542190857132162e+00
8.767000000000000000e+03,3.470711686299957854e+00
8.768000000000000000e+03,3.982614443127778348e+00
8.769000000000000000e+03,3.736274683358693061e+00
8.770000000000000000e+03,3.661932350737900244e+00
8.771000000000000000e+03,3.650631739330072012e+00
8.772000000000000000e+03,3.934651690060953388e+00
8.773000000000000000e+03,3.780025529981742238e+00
8.774000000000000000e+03,3.760688637518042388e+00
8.775000000000000000e+03,3.678748455377783166e+00
8.776000000000000000e+03,3.714843004142109884e+00
8.777000000000000000e+03,3.920421884135883772e+00
8.778000000000000000e+03,4.049652941764561476e+00
8.779000000000000000e+03,3.774374175226920869e+00
8.780000000000000000e+03,3.517511769870692806e+00
8.781000000000000000e+03,4.026243080202712932e+00
8.782000000000000000e+03,3.953162154756566515e+00
8.783000000000000000e+03,3.529466010909998896e+00
8.784000000000000000e+03,3.591102834559575463e+00
8.785000000000000000e+03,3.654337609373492057e+00
8.786000000000000000e+03,3.738861564726468245e+00
8.787000000000000000e+03,4.002870442817744845e+00
8.788000000000000000e+03,3.646344967860253306e+00
8.789000000000000000e+03,3.708102421241221691e+00
8.790000000000000000e+03,3.627488591852626065e+00
8.791000000000000000e+03,3.581897302666048333e+00
8.792000000000000000e+03,3.713559646967274475e+00
8.793000000000000000e+03,3.530740052205063151e+00
8.794000000000000000e+03,3.491510317555286402e+00
8.795000000000000000e+03,3.606248832390112735e+00
8.796000000000000000e+03,3.606244292348735225e+00
8.797000000000000000e+03,3.750822867230299007e+00
8.798000000000000000e+03,3.609704322391237508e+00
8.799000000000000000e+03,3.464347567169766773e+00
8.800000000000000000e+03,3.795610445100607855e+00
8.801000000000000000e+03,3.592562146229176356e+00
8.802000000000000000e+03,3.604940300922877761e+00
8.803000000000000000e+03,3.627055542008094324e+00
8.804000000000000000e+03,3.589633044653189664e+00
8.805000000000000000e+03,3.545917213935929624e+00
8.806000000000000000e+03,4.072315561438359488e+00
8.807000000000000000e+03,3.721797421670720141e+00
8.808000000000000000e+03,3.944129722863690901e+00
8.809000000000000000e+03,3.734262645814113490e+00
8.810000000000000000e+03,3.830668231619931863e+00
8.811000000000000000e+03,3.640427939247841138e+00
8.812000000000000000e+03,3.833188384875260368e+00
8.813000000000000000e+03,4.000365563973228511e+00
8.814000000000000000e+03,3.599478125186668098e+00
8.815000000000000000e+03,3.581156786023859340e+00
8.816000000000000000e+03,3.758449542047857417e+00
8.817000000000000000e+03,3.731374680652281839e+00
8.818000000000000000e+03,3.798906187961728076e+00
8.819000000000000000e+03,3.833013207356791963e+00
8.820000000000000000e+03,3.913760238634032884e+00
8.821000000000000000e+03,3.544270256052609813e+00
8.822000000000000000e+03,3.935741094013458508e+00
8.823000000000000000e+03,3.770849455268249439e+00
8.824000000000000000e+03,3.676510058526567981e+00
8.825000000000000000e+03,3.985626635034409837e+00
8.826000000000000000e+03,4.091895109243297135e+00
8.827000000000000000e+03,3.740236624851932756e+00
8.828000000000000000e+03,3.868254027925251304e+00
8.829000000000000000e+03,3.467646934716163809e+00
8.830000000000000000e+03,3.801274798385573472e+00
8.831000000000000000e+03,3.471254175448912349e+00
8.832000000000000000e+03,3.562795383907386704e+00
8.833000000000000000e+03,3.701993165369884764e+00
8.834000000000000000e+03,3.707253016148766900e+00
8.835000000000000000e+03,3.910261458957697389e+00
8.836000000000000000e+03,3.738566733535221509e+00
8.837000000000000000e+03,3.999974547715111406e+00
8.838000000000000000e+03,3.641635536138084106e+00
8.839000000000000000e+03,3.794338233043509145e+00
8.840000000000000000e+03,3.818533747007659684e+00
8.841000000000000000e+03,4.007292405713251959e+00
8.842000000000000000e+03,3.844877517619551988e+00
8.843000000000000000e+03,3.775180698975035387e+00
8.844000000000000000e+03,3.984997247676801635e+00
8.845000000000000000e+03,3.748432735191849385e+00
8.846000000000000000e+03,3.760968145157547848e+00
8.847000000000000000e+03,3.708610041496947840e+00
8.848000000000000000e+03,3.428906901135370777e+00
8.849000000000000000e+03,3.732572270025972472e+00
8.850000000000000000e+03,3.622709247450960568e+00
8.851000000000000000e+03,3.494718857715628069e+00
8.852000000000000000e+03,3.777095401484555470e+00
8.853000000000000000e+03,3.709328555514142423e+00
8.854000000000000000e+03,3.861097873930916080e+00
8.855000000000000000e+03,3.769638533860254714e+00
8.856000000000000000e+03,3.591243816295703883e+00
8.857000000000000000e+03,4.028957913318168771e+00
8.858000000000000000e+03,3.777353298048192087e+00
8.859000000000000000e+03,3.539537586968047211e+00
8.860000000000000000e+03,3.643549681789925110e+00
8.861000000000000000e+03,3.948468517845701964e+00
8.862000000000000000e+03,3.504914678709011078e+00
8.863000000000000000e+03,3.867933414290960936e+00
8.864000000000000000e+03,3.665119179620819345e+00
8.865000000000000000e+03,3.467933556749523749e+00
8.866000000000000000e+03,3.989898786901453498e+00
8.867000000000000000e+03,3.329436141971763963e+00
8.868000000000000000e+03,3.668606565192193969e+00
8.869000000000000000e+03,3.739103683654521948e+00
8.870000000000000000e+03,3.896278920313637872e+00
8.871000000000000000e+03,3.386247209102699163e+00
8.872000000000000000e+03,3.572965742679115486e+00
8.873000000000000000e+03,3.853225410001597684e+00
8.874000000000000000e+03,3.870949864877050839e+00
8.875000000000000000e+03,3.615173780380905200e+00
8.876000000000000000e+03,3.653677047745868212e+00
8.877000000000000000e+03,3.748395510664704666e+00
8.878000000000000000e+03,3.823062224934437925e+00
8.879000000000000000e+03,3.684309924774705092e+00
8.880000000000000000e+03,3.987425360593875201e+00
8.881000000000000000e+03,3.712307753373277563e+00
8.882000000000000000e+03,3.857268929956265691e+00
8.883000000000000000e+03,3.914396688091873244e+00
8.884000000000000000e+03,3.728039206292019347e+00
8.885000000000000000e+03,3.837625682766436785e+00
8.886000000000000000e+03,4.026878658236115349e+00
8.887000000000000000e+03,3.757319276738017688e+00
8.888000000000000000e+03,3.836687140061707524e+00
8.889000000000000000e+03,3.733982389754856968e+00
8.890000000000000000e+03,3.923061101363049197e+00
8.891000000000000000e+03,4.026830524867785144e+00
8.892000000000000000e+03,3.661129834092505586e+00
8.893000000000000000e+03,3.937448462914483471e+00
8.894000000000000000e+03,3.919337627306902050e+00
8.895000000000000000e+03,3.792524880805905330e+00
8.896000000000000000e+03,3.820152488818035597e+00
8.897000000000000000e+03,3.601144745697987481e+00
8.898000000000000000e+03,3.582213798864763987e+00
8.899000000000000000e+03,4.148844675691474748e+00
8.900000000000000000e+03,3.861392752192011280e+00
8.901000000000000000e+03,3.799203182844117066e+00
8.902000000000000000e+03,3.638436375445933013e+00
8.903000000000000000e+03,3.839082853389677918e+00
8.904000000000000000e+03,3.517870360406654129e+00
8.905000000000000000e+03,4.115977069643508734e+00
8.906000000000000000e+03,3.644961063255347078e+00
8.907000000000000000e+03,3.823189245035173212e+00
8.908000000000000000e+03,3.725074941952442042e+00
8.909000000000000000e+03,3.872346702183047551e+00
8.910000000000000000e+03,3.867733214048241219e+00
8.911000000000000000e+03,3.910733149667033892e+00
8.912000000000000000e+03,3.916062245165204292e+00
8.913000000000000000e+03,3.750829875077212439e+00
8.914000000000000000e+03,3.501632613882641465e+00
8.915000000000000000e+03,3.952728517040454026e+00
8.916000000000000000e+03,3.833748410413543972e+00
8.917000000000000000e+03,3.600718184965670865e+00
8.918000000000000000e+03,3.778043963264491989e+00
8.919000000000000000e+03,3.420657542127749196e+00
8.920000000000000000e+03,3.666532325929414249e+00
8.921000000000000000e+03,3.419000546836302057e+00
8.922000000000000000e+03,3.536395197869647067e+00
8.923000000000000000e+03,3.531923242906815030e+00
8.924000000000000000e+03,3.626135017692452944e+00
8.925000000000000000e+03,4.095739995219735974e+00
8.926000000000000000e+03,3.681725513386914450e+00
8.927000000000000000e+03,3.505493314390109028e+00
8.928000000000000000e+03,3.804896718816495937e+00
8.929000000000000000e+03,3.929760794727142237e+00
8.930000000000000000e+03,3.448475516702289134e+00
8.931000000000000000e+03,3.794422287498873114e+00
8.932000000000000000e+03,3.570550820771283718e+00
8.933000000000000000e+03,3.704675914765038325e+00
8.934000000000000000e+03,3.882325733899713693e+00
8.935000000000000000e+03,3.388942296987276226e+00
8.936000000000000000e+03,3.731826317983007346e+00
8.937000000000000000e+03,3.807196588208708210e+00
8.938000000000000000e+03,4.097960320256887279e+00
8.939000000000000000e+03,3.986323004905135026e+00
8.940000000000000000e+03,3.570545781769288052e+00
8.941000000000000000e+03,3.860651986828386395e+00
8.942000000000000000e+03,3.830502488452600662e+00
8.943000000000000000e+03,3.845939787954396838e+00
8.944000000000000000e+03,3.583744648156867108e+00
8.945000000000000000e+03,3.518995155502411709e+00
8.946000000000000000e+03,3.499461632287039325e+00
8.947000000000000000e+03,3.555113394074784328e+00
8.948000000000000000e+03,3.861299874678776334e+00
8.949000000000000000e+03,3.521023698810292313e+00
8.950000000000000000e+03,3.593332138953420518e+00
8.951000000000000000e+03,3.576843997230997996e+00
8.952000000000000000e+03,3.666592398264908681e+00
8.953000000000000000e+03,3.636663687100014197e+00
8.954000000000000000e+03,4.003730988415548531e+00
8.955000000000000000e+03,4.152056428235330721e+00
8.956000000000000000e+03,3.700574563482879498e+00
8.957000000000000000e+03,3.570377504787339618e+00
8.958000000000000000e+03,3.485460571656882500e+00
8.959000000000000000e+03,3.781969547853328173e+00
8.960000000000000000e+03,3.727881674912392640e+00
8.961000000000000000e+03,4.014960678873658040e+00
8.962000000000000000e+03,3.699510091866274220e+00
8.963000000000000000e+03,3.598490027111032941e+00
8.964000000000000000e+03,3.544583545887430631e+00
8.965000000000000000e+03,3.496832042491611059e+00
8.966000000000000000e+03,3.453726637155690504e+00
8.967000000000000000e+03,3.613047754839670667e+00
8.968000000000000000e+03,3.654702452976938076e+00
8.969000000000000000e+03,3.889320875701819613e+00
8.970000000000000000e+03,3.616923827979868999e+00
8.971000000000000000e+03,3.703695291203797257e+00
8.972000000000000000e+03,3.563093544365933951e+00
8.973000000000000000e+03,3.643006429585010864e+00
8.974000000000000000e+03,4.128521241585782597e+00
8.975000000000000000e+03,3.687439326215415036e+00
8.976000000000000000e+03,3.658440616957332470e+00
8.977000000000000000e+03,3.584924055722420455e+00
8.978000000000000000e+03,3.831732241557190388e+00
8.979000000000000000e+03,3.590971191402339446e+00
8.980000000000000000e+03,3.667598972721149320e+00
8.981000000000000000e+03,3.918255439657263750e+00
8.982000000000000000e+03,3.510734185463551427e+00
8.983000000000000000e+03,3.784481818107004791e+00
8.984000000000000000e+03,3.677610374609646460e+00
8.985000000000000000e+03,3.548942671453410913e+00
8.986000000000000000e+03,3.444904879215642257e+00
8.987000000000000000e+03,3.403020115497574771e+00
8.988000000000000000e+03,3.558985372519096302e+00
8.989000000000000000e+03,3.405485578487423393e+00
8.990000000000000000e+03,3.657348851968866832e+00
8.991000000000000000e+03,3.808414656419360167e+00
8.992000000000000000e+03,3.748131538607508251e+00
8.993000000000000000e+03,3.977169389766235241e+00
8.994000000000000000e+03,3.750902886232667655e+00
8.995000000000000000e+03,3.740824662993962324e+00
8.996000000000000000e+03,4.209667424204473818e+00
8.997000000000000000e+03,3.564077023625673135e+00
8.998000000000000000e+03,3.563253231080569350e+00
8.999000000000000000e+03,3.874709998757424056e+00
9.000000000000000000e+03,3.469876646202375792e+00
9.001000000000000000e+03,3.767333115477541572e+00
9.002000000000000000e+03,3.730112221253631066e+00
9.003000000000000000e+03,3.671101623884718279e+00
9.004000000000000000e+03,3.388947012201277698e+00
9.005000000000000000e+03,3.697012923928444383e+00
9.006000000000000000e+03,3.699895896900161407e+00
9.007000000000000000e+03,3.893699340508891549e+00
9.008000000000000000e+03,4.036006347883267509e+00
9.009000000000000000e+03,3.699092308699123866e+00
9.010000000000000000e+03,3.764042789604658878e+00
9.011000000000000000e+03,3.662652015531880245e+00
9.012000000000000000e+03,3.585160366182050140e+00
9.013000000000000000e+03,3.663306775682063865e+00
9.014000000000000000e+03,3.334003524627960235e+00
9.015000000000000000e+03,3.188861574085532169e+00
9.016000000000000000e+03,3.483519832631007507e+00
9.017000000000000000e+03,3.819388695166887171e+00
9.018000000000000000e+03,3.868376894317371306e+00
9.019000000000000000e+03,3.534926134378594043e+00
9.020000000000000000e+03,3.889797428508167787e+00
9.021000000000000000e+03,3.764181702582966693e+00
9.022000000000000000e+03,4.010020680437112794e+00
9.023000000000000000e+03,3.725811351121448567e+00
9.024000000000000000e+03,3.699794944767868632e+00
9.025000000000000000e+03,3.515693183061553206e+00
9.026000000000000000e+03,3.903415057014589351e+00
9.027000000000000000e+03,3.721664611699869951e+00
9.028000000000000000e+03,3.601019179766073997e+00
9.029000000000000000e+03,3.876979048978133946e+00
9.030000000000000000e+03,3.667873974153845751e+00
9.031000000000000000e+03,3.634539210205157911e+00
9.032000000000000000e+03,3.642607104996890666e+00
9.033000000000000000e+03,3.692084709826733313e+00
9.034000000000000000e+03,3.951895376565576434e+00
9.035000000000000000e+03,4.073148030720171064e+00
9.036000000000000000e+03,3.507893309096346002e+00
9.037000000000000000e+03,3.647479914755681563e+00
9.038000000000000000e+03,3.464942014445143936e+00
9.039000000000000000e+03,3.632336120155721826e+00
9.040000000000000000e+03,3.598186109572723002e+00
9.041000000000000000e+03,3.865836990856387434e+00
9.042000000000000000e+03,3.476782468865533993e+00
9.043000000000000000e+03,3.527149134120800777e+00
9.044000000000000000e+03,3.636778644649762970e+00
9.045000000000000000e+03,3.563467548749078784e+00
9.046000000000000000e+03,3.672319368076067292e+00
9.047000000000000000e+03,3.652945666356688825e+00
9.048000000000000000e+03,3.911137668753335461e+00
9.049000000000000000e+03,3.527108918259186598e+00
9.050000000000000000e+03,3.721457451732042454e+00
9.051000000000000000e+03,3.833455485476803037e+00
9.052000000000000000e+03,3.910325200119929789e+00
9.053000000000000000e+03,3.842866721291278154e+00
9.054000000000000000e+03,3.521312785150154667e+00
9.055000000000000000e+03,3.796202504129166044e+00
9.056000000000000000e+03,3.400093797351363634e+00
9.057000000000000000e+03,3.607537016865034474e+00
9.058000000000000000e+03,3.821926847762662227e+00
9.059000000000000000e+03,3.755014416278930511e+00
9.060000000000000000e+03,3.845824622680871219e+00
9.061000000000000000e+03,3.852433338574909882e+00
9.062000000000000000e+03,3.823912856409646732e+00
9.063000000000000000e+03,3.754815789771387635e+00
9.064000000000000000e+03,3.606734339319668692e+00
9.065000000000000000e+03,3.553639955361752811e+00
9.066000000000000000e+03,3.694816793002708710e+00
9.067000000000000000e+03,3.740001630320192838e+00
9.068000000000000000e+03,3.564541357962545565e+00
9.069000000000000000e+03,3.722457542760067017e+00
9.070000000000000000e+03,3.596327263562646870e+00
9.071000000000000000e+03,3.434525298674342420e+00
9.072000000000000000e+03,3.807065207377001936e+00
9.073000000000000000e+03,3.563451388721957880e+00
9.074000000000000000e+03,3.502508914300456855e+00
9.075000000000000000e+03,3.829661450930763600e+00
9.076000000000000000e+03,3.733109028048763545e+00
9.077000000000000000e+03,3.700342228648944243e+00
9.078000000000000000e+03,3.904843143163798658e+00
9.079000000000000000e+03,3.765647722202671410e+00
9.080000000000000000e+03,3.679455227517832494e+00
9.081000000000000000e+03,3.709875757439440758e+00
9.082000000000000000e+03,3.861620824328255264e+00
9.083000000000000000e+03,3.691164928472324913e+00
9.084000000000000000e+03,3.466243167069746889e+00
9.085000000000000000e+03,3.769790438719792469e+00
9.086000000000000000e+03,3.624290641414765535e+00
9.087000000000000000e+03,3.862106769869056766e+00
9.088000000000000000e+03,3.657300104976962452e+00
9.089000000000000000e+03,3.859927893426659207e+00
9.090000000000000000e+03,3.707766019451143702e+00
9.091000000000000000e+03,3.989342336455601767e+00
9.092000000000000000e+03,3.892989976262216434e+00
9.093000000000000000e+03,3.906792682756838886e+00
9.094000000000000000e+03,4.068818742358273788e+00
9.095000000000000000e+03,3.872315102816057397e+00
9.096000000000000000e+03,3.752677634565424913e+00
9.097000000000000000e+03,3.636665141551637781e+00
9.098000000000000000e+03,3.796842838548781796e+00
9.099000000000000000e+03,3.824164616764564872e+00
9.100000000000000000e+03,3.807086386133584632e+00
9.101000000000000000e+03,3.796082295028380127e+00
9.102000000000000000e+03,3.591014100175436763e+00
9.103000000000000000e+03,4.081775034981839134e+00
9.104000000000000000e+03,3.935533284034379076e+00
9.105000000000000000e+03,3.711526375078845863e+00
9.106000000000000000e+03,3.600701520296570202e+00
9.107000000000000000e+03,3.847024324714667820e+00
9.108000000000000000e+03,3.557037752609475856e+00
9.109000000000000000e+03,3.918372948912701048e+00
9.110000000000000000e+03,3.679922226054885392e+00
9.111000000000000000e+03,3.647361169584187657e+00
9.112000000000000000e+03,3.647655925077966543e+00
9.113000000000000000e+03,3.902685522118351624e+00
9.114000000000000000e+03,3.991623191768060686e+00
9.115000000000000000e+03,3.665676177727997587e+00
9.116000000000000000e+03,3.816861838277227470e+00
9.117000000000000000e+03,3.882177982236823865e+00
9.118000000000000000e+03,3.846308604719477220e+00
9.119000000000000000e+03,3.829663103482147779e+00
9.120000000000000000e+03,4.024201638854421503e+00
9.121000000000000000e+03,3.882925917454509879e+00
9.122000000000000000e+03,3.969127446978656604e+00
9.123000000000000000e+03,3.689910174206953553e+00
9.124000000000000000e+03,3.839767453081158521e+00
9.125000000000000000e+03,3.475398758532191490e+00
9.126000000000000000e+03,3.927582534871225217e+00
9.127000000000000000e+03,3.585398488234037728e+00
9.128000000000000000e+03,3.782125770850116808e+00
9.129000000000000000e+03,3.518980938387846980e+00
9.130000000000000000e+03,4.271995163075952284e+00
9.131000000000000000e+03,3.809770685945417679e+00
9.132000000000000000e+03,3.315511708964632209e+00
9.133000000000000000e+03,3.754311701560776537e+00
9.134000000000000000e+03,3.672291117880958300e+00
9.135000000000000000e+03,3.456583711432410055e+00
9.136000000000000000e+03,3.723724935495926314e+00
9.137000000000000000e+03,3.639165105498626041e+00
9.138000000000000000e+03,3.844904092445526889e+00
9.139000000000000000e+03,3.721572914071347604e+00
9.140000000000000000e+03,3.536124436182712216e+00
9.141000000000000000e+03,4.163575321832575504e+00
9.142000000000000000e+03,3.768263548350755610e+00
9.143000000000000000e+03,3.557251831860170910e+00
9.144000000000000000e+03,3.759336948110795884e+00
9.145000000000000000e+03,3.541374782205069849e+00
9.146000000000000000e+03,3.534842309962550555e+00
9.147000000000000000e+03,3.822579095169298835e+00
9.148000000000000000e+03,3.906930876481270243e+00
9.149000000000000000e+03,3.865526235602284810e+00
9.150000000000000000e+03,3.840940407656766808e+00
9.151000000000000000e+03,3.275883675466368494e+00
9.152000000000000000e+03,3.949315619069114991e+00
9.153000000000000000e+03,3.561107271840541433e+00
9.154000000000000000e+03,3.896433984729243960e+00
9.155000000000000000e+03,3.871558953739856701e+00
9.156000000000000000e+03,3.522019268698502792e+00
9.157000000000000000e+03,3.927882555388604313e+00
9.158000000000000000e+03,3.853083743612207179e+00
9.159000000000000000e+03,3.613964178473781708e+00
9.160000000000000000e+03,3.922354222949857583e+00
9.161000000000000000e+03,3.751620526465498706e+00
9.162000000000000000e+03,4.026560024174690611e+00
9.163000000000000000e+03,3.808585160332884634e+00
9.164000000000000000e+03,3.831287430100594804e+00
9.165000000000000000e+03,3.737662092908460743e+00
9.166000000000000000e+03,3.638906460363951378e+00
9.167000000000000000e+03,4.032286409683496942e+00
9.168000000000000000e+03,3.853939641063016897e+00
9.169000000000000000e+03,3.761223817346457388e+00
9.170000000000000000e+03,4.095101887403901131e+00
9.171000000000000000e+03,3.738560688838488577e+00
9.172000000000000000e+03,3.718094404799589192e+00
9.173000000000000000e+03,3.582990019781740365e+00
9.174000000000000000e+03,4.020682976211853443e+00
9.175000000000000000e+03,3.790593097476072870e+00
9.176000000000000000e+03,3.654148940997962391e+00
9.177000000000000000e+03,3.692872010909435510e+00
9.178000000000000000e+03,3.753397770132768763e+00
9.179000000000000000e+03,3.727164817507409467e+00
9.180000000000000000e+03,3.882876269921009538e+00
9.181000000000000000e+03,3.473070470121164099e+00
9.182000000000000000e+03,3.808218614662229218e+00
9.183000000000000000e+03,3.800730928513754936e+00
9.184000000000000000e+03,3.792323894669832551e+00
9.185000000000000000e+03,3.958828469265117000e+00
9.186000000000000000e+03,3.639824330452404944e+00
9.187000000000000000e+03,3.629715483243284080e+00
9.188000000000000000e+03,3.917963414867783101e+00
9.189000000000000000e+03,3.624665714997285626e+00
9.190000000000000000e+03,4.353609230896783089e+00
9.191000000000000000e+03,3.901170297627161609e+00
9.192000000000000000e+03,3.655285635106221953e+00
9.193000000000000000e+03,3.823215621643810902e+00
9.194000000000000000e+03,3.673801950255616955e+00
9.195000000000000000e+03,3.979767790924691795e+00
9.196000000000000000e+03,3.943984065144829021e+00
9.197000000000000000e+03,3.610014936326849000e+00
9.198000000000000000e+03,3.644358338868926683e+00
9.199000000000000000e+03,3.711908512741880717e+00
9.200000000000000000e+03,3.907794017452003832e+00
9.201000000000000000e+03,3.777177131962275336e+00
9.202000000000000000e+03,3.917391357337483448e+00
9.203000000000000000e+03,3.920535144695323382e+00
9.204000000000000000e+03,3.610382909427816589e+00
9.205000000000000000e+03,3.508845626476403634e+00
9.206000000000000000e+03,3.625569166911259522e+00
9.207000000000000000e+03,3.760400836145524117e+00
9.208000000000000000e+03,3.672639305734956672e+00
9.209000000000000000e+03,3.752378479180900062e+00
9.210000000000000000e+03,3.619159489258521045e+00
9.211000000000000000e+03,3.664214730295683786e+00
9.212000000000000000e+03,3.840009667530244641e+00
9.213000000000000000e+03,3.860707963166863710e+00
9.214000000000000000e+03,3.689471023603815958e+00
9.215000000000000000e+03,3.814587239259767948e+00
9.216000000000000000e+03,3.674758822608815478e+00
9.217000000000000000e+03,3.973049044233206928e+00
9.218000000000000000e+03,3.833175995686334048e+00
9.219000000000000000e+03,3.965402715578911330e+00
9.220000000000000000e+03,3.681165320119323958e+00
9.221000000000000000e+03,3.565063698675115411e+00
9.222000000000000000e+03,3.729455142620555996e+00
9.223000000000000000e+03,3.492188992074394704e+00
9.224000000000000000e+03,3.845725427544747443e+00
9.225000000000000000e+03,3.828238346072135201e+00
9.226000000000000000e+03,3.229530821367806226e+00
9.227000000000000000e+03,3.724148781860532775e+00
9.228000000000000000e+03,4.033968538961270056e+00
9.229000000000000000e+03,3.752346762854860795e+00
9.230000000000000000e+03,3.762738881129845225e+00
9.231000000000000000e+03,3.800889910663962201e+00
9.232000000000000000e+03,3.674802841354146032e+00
9.233000000000000000e+03,3.629539367132554872e+00
9.234000000000000000e+03,3.802856823859416036e+00
9.235000000000000000e+03,3.612922606196578457e+00
9.236000000000000000e+03,3.794756789835905586e+00
9.237000000000000000e+03,3.807286965424192982e+00
9.238000000000000000e+03,3.910259031300779231e+00
9.239000000000000000e+03,3.755771152560293036e+00
9.240000000000000000e+03,3.710780280356317018e+00
9.241000000000000000e+03,3.726656230384992607e+00
9.242000000000000000e+03,3.676208750393515690e+00
9.243000000000000000e+03,3.988689034838104330e+00
9.244000000000000000e+03,3.714859863823644748e+00
9.245000000000000000e+03,3.611017444016635825e+00
9.246000000000000000e+03,3.834435091592836908e+00
9.247000000000000000e+03,3.643502556133374259e+00
9.248000000000000000e+03,3.628438576839405627e+00
9.249000000000000000e+03,3.759342330687065914e+00
9.250000000000000000e+03,3.671712617269530021e+00
9.251000000000000000e+03,3.819435167339578996e+00
9.252000000000000000e+03,3.667850641770582509e+00
9.253000000000000000e+03,3.981857512416971723e+00
9.254000000000000000e+03,3.473939690074717035e+00
9.255000000000000000e+03,4.034641791257702614e+00
9.256000000000000000e+03,3.492848116122516444e+00
9.257000000000000000e+03,3.922751980671865368e+00
9.258000000000000000e+03,3.820763743814388214e+00
9.259000000000000000e+03,3.518681930412145054e+00
9.260000000000000000e+03,3.763538693513222455e+00
9.261000000000000000e+03,3.834322298571813725e+00
9.262000000000000000e+03,3.818875236077361013e+00
9.263000000000000000e+03,3.830029617641492745e+00
9.264000000000000000e+03,3.793345600490921843e+00
9.265000000000000000e+03,3.580477012655331137e+00
9.266000000000000000e+03,3.717149439296023594e+00
9.267000000000000000e+03,3.804528723912457444e+00
9.268000000000000000e+03,3.673814077700200187e+00
9.269000000000000000e+03,3.688198761049942931e+00
9.270000000000000000e+03,3.872950746627087160e+00
9.271000000000000000e+03,3.563747709945629616e+00
9.272000000000000000e+03,3.764453109789240859e+00
9.273000000000000000e+03,3.527044744386095054e+00
9.274000000000000000e+03,3.721629316289640776e+00
9.275000000000000000e+03,3.894969553994589884e+00
9.276000000000000000e+03,3.664893055183005899e+00
9.277000000000000000e+03,3.990218023904392286e+00
9.278000000000000000e+03,4.135206743424422626e+00
9.279000000000000000e+03,3.558570204770202583e+00
9.280000000000000000e+03,4.012817190741675866e+00
9.281000000000000000e+03,3.436893792323420627e+00
9.282000000000000000e+03,3.521459133313376011e+00
9.283000000000000000e+03,3.614587411517766302e+00
9.284000000000000000e+03,3.597726592752757746e+00
9.285000000000000000e+03,3.517356380364859092e+00
9.286000000000000000e+03,3.625379819316087104e+00
9.287000000000000000e+03,3.281733943679569609e+00
9.288000000000000000e+03,3.617050563514907058e+00
9.289000000000000000e+03,3.855376286087881077e+00
9.290000000000000000e+03,4.011583214609514059e+00
9.291000000000000000e+03,4.151001842841383294e+00
9.292000000000000000e+03,3.495297687620242399e+00
9.293000000000000000e+03,3.359144892885141065e+00
9.294000000000000000e+03,3.819801501577336555e+00
9.295000000000000000e+03,4.067163521082701294e+00
9.296000000000000000e+03,3.944513095272886183e+00
9.297000000000000000e+03,3.889030886931319930e+00
9.298000000000000000e+03,3.704459369489202736e+00
9.299000000000000000e+03,3.696714357036255727e+00
9.300000000000000000e+03,3.603553414786456077e+00
9.301000000000000000e+03,3.611113121453655594e+00
9.302000000000000000e+03,3.935478494867171051e+00
9.303000000000000000e+03,3.632545965907604479e+00
9.304000000000000000e+03,4.106924433152315146e+00
9.305000000000000000e+03,3.703073209393425991e+00
9.306000000000000000e+03,3.983709700442231050e+00
9.307000000000000000e+03,4.146831681000371361e+00
9.308000000000000000e+03,3.712806134485395759e+00
9.309000000000000000e+03,3.661345397860612749e+00
9.310000000000000000e+03,3.939572368057624896e+00
9.311000000000000000e+03,3.618116624657114588e+00
9.312000000000000000e+03,3.470209270207893493e+00
9.313000000000000000e+03,3.604456804442643048e+00
9.314000000000000000e+03,3.420372170066639406e+00
9.315000000000000000e+03,4.082808119683170922e+00
9.316000000000000000e+03,3.847131770938077899e+00
9.317000000000000000e+03,3.806276708573082423e+00
9.318000000000000000e+03,3.684620724682141191e+00
9.319000000000000000e+03,3.935897145785598905e+00
9.320000000000000000e+03,3.486399943116226030e+00
9.321000000000000000e+03,3.877570582790195175e+00
9.322000000000000000e+03,3.567325720133986966e+00
9.323000000000000000e+03,3.689724733969923509e+00
9.324000000000000000e+03,3.874076841975406804e+00
9.325000000000000000e+03,3.895086990981669217e+00
9.326000000000000000e+03,3.603907219395055428e+00
9.327000000000000000e+03,3.823377640157951785e+00
9.328000000000000000e+03,3.596190259742434225e+00
9.329000000000000000e+03,3.786630227978958541e+00
9.330000000000000000e+03,3.909241577861012562e+00
9.331000000000000000e+03,3.528409031612711910e+00
9.332000000000000000e+03,3.838297653326262715e+00
9.333000000000000000e+03,4.076747408165432240e+00
9.334000000000000000e+03,3.849199899035992800e+00
9.335000000000000000e+03,3.851998115707906845e+00
9.336000000000000000e+03,3.354075894553961046e+00
9.337000000000000000e+03,3.704200749101211443e+00
9.338000000000000000e+03,3.776575808303427095e+00
9.339000000000000000e+03,3.492898875546730508e+00
9.340000000000000000e+03,4.022922403730167851e+00
9.341000000000000000e+03,3.522240778531161798e+00
9.342000000000000000e+03,3.835642065175828730e+00
9.343000000000000000e+03,3.646323249770830444e+00
9.344000000000000000e+03,3.742254038997324450e+00
9.345000000000000000e+03,3.861314678239969211e+00
9.346000000000000000e+03,3.764514168952481477e+00
9.347000000000000000e+03,3.579666530856683071e+00
9.348000000000000000e+03,3.599385908778237830e+00
9.349000000000000000e+03,3.738531310317330991e+00
9.350000000000000000e+03,3.702540019690554907e+00
9.351000000000000000e+03,3.767500276270994597e+00
9.352000000000000000e+03,3.896728811715875818e+00
9.353000000000000000e+03,3.486955356200827083e+00
9.354000000000000000e+03,4.012556813034986014e+00
9.355000000000000000e+03,3.961773029333453877e+00
9.356000000000000000e+03,3.616791155916275091e+00
9.357000000000000000e+03,3.602174272435030300e+00
9.358000000000000000e+03,3.748724631408943075e+00
9.359000000000000000e+03,3.704559602660733475e+00
9.360000000000000000e+03,3.688377911691111510e+00
9.361000000000000000e+03,3.404415680178788595e+00
9.362000000000000000e+03,3.587539849803609293e+00
9.363000000000000000e+03,3.669831205094572724e+00
9.364000000000000000e+03,3.760513286263854837e+00
9.365000000000000000e+03,3.717063578050886719e+00
9.366000000000000000e+03,3.375670447862720636e+00
9.367000000000000000e+03,3.670505926683215847e+00
9.368000000000000000e+03,3.680026448833226826e+00
9.369000000000000000e+03,4.068445716479776486e+00
9.370000000000000000e+03,3.625462093665222874e+00
9.371000000000000000e+03,3.902406338841180933e+00
9.372000000000000000e+03,3.828141895972712927e+00
9.373000000000000000e+03,3.702761375815364353e+00
9.374000000000000000e+03,4.195502857085089410e+00
9.375000000000000000e+03,3.810060052874165937e+00
9.376000000000000000e+03,3.565391089053875806e+00
9.377000000000000000e+03,3.539063325387904246e+00
9.378000000000000000e+03,4.048143866675058433e+00
9.379000000000000000e+03,3.573204373732888239e+00
9.380000000000000000e+03,3.781847853128770254e+00
9.381000000000000000e+03,3.763678548846882244e+00
9.382000000000000000e+03,3.480179212073795103e+00
9.383000000000000000e+03,3.790943432291902671e+00
9.384000000000000000e+03,3.777713927078098166e+00
9.385000000000000000e+03,3.921189290518102055e+00
9.386000000000000000e+03,3.595726708091107504e+00
9.387000000000000000e+03,4.002210247627040474e+00
9.388000000000000000e+03,3.765260566134255971e+00
9.389000000000000000e+03,3.852604368713361982e+00
9.390000000000000000e+03,3.975103061574966290e+00
9.391000000000000000e+03,3.662641443315164835e+00
9.392000000000000000e+03,3.867330843518530070e+00
9.393000000000000000e+03,3.571735355515279764e+00
9.394000000000000000e+03,3.819892349786095931e+00
9.395000000000000000e+03,3.876527425514727732e+00
9.396000000000000000e+03,3.540454553628481715e+00
9.397000000000000000e+03,3.703986764262388931e+00
9.398000000000000000e+03,3.645953127732449062e+00
9.399000000000000000e+03,3.902342673119009842e+00
9.400000000000000000e+03,3.845343002212614714e+00
9.401000000000000000e+03,3.928647825138190885e+00
9.402000000000000000e+03,3.772626228467466092e+00
9.403000000000000000e+03,3.919524753565630792e+00
9.404000000000000000e+03,3.979067282535064809e+00
9.405000000000000000e+03,3.593430870996962678e+00
9.406000000000000000e+03,3.440773630535264083e+00
9.407000000000000000e+03,3.649317133069797769e+00
9.408000000000000000e+03,3.367633668340741071e+00
9.409000000000000000e+03,4.141945401908630586e+00
9.410000000000000000e+03,3.427069585805317953e+00
9.411000000000000000e+03,3.771188790097000698e+00
9.412000000000000000e+03,3.590461654503615652e+00
9.413000000000000000e+03,3.876359872013427577e+00
9.414000000000000000e+03,4.061744834146475469e+00
9.415000000000000000e+03,3.784275436696680206e+00
9.416000000000000000e+03,4.092734378820023444e+00
9.417000000000000000e+03,3.650534353705811696e+00
9.418000000000000000e+03,3.767393711833067371e+00
9.419000000000000000e+03,3.570807685913962803e+00
9.420000000000000000e+03,3.587085722143790179e+00
9.421000000000000000e+03,3.851539087322381594e+00
9.422000000000000000e+03,3.849328659546318310e+00
9.423000000000000000e+03,3.517201819045368882e+00
9.424000000000000000e+03,3.910129858870915687e+00
9.425000000000000000e+03,3.568110973237600625e+00
9.426000000000000000e+03,3.728258561432926221e+00
9.427000000000000000e+03,4.155457799704401545e+00
9.428000000000000000e+03,3.917258075639500792e+00
9.429000000000000000e+03,3.833199323456553564e+00
9.430000000000000000e+03,3.586641653352862669e+00
9.431000000000000000e+03,3.610268985228155092e+00
9.432000000000000000e+03,3.684497916857429445e+00
9.433000000000000000e+03,3.385040698270365578e+00
9.434000000000000000e+03,3.952646609240320963e+00
9.435000000000000000e+03,3.521987534867524694e+00
9.436000000000000000e+03,4.151853463145260825e+00
9.437000000000000000e+03,3.621003268700957456e+00
9.438000000000000000e+03,3.723356099659108853e+00
9.439000000000000000e+03,3.923462732529613639e+00
9.440000000000000000e+03,3.882315604435112810e+00
9.441000000000000000e+03,3.791300060006926653e+00
9.442000000000000000e+03,3.716962498485960165e+00
9.443000000000000000e+03,3.511589557513959292e+00
9.444000000000000000e+03,3.540882354108901620e+00
9.445000000000000000e+03,3.565974905051069843e+00
9.446000000000000000e+03,3.814745364082821055e+00
9.447000000000000000e+03,3.482636213613885978e+00
9.448000000000000000e+03,3.664769393161029676e+00
9.449000000000000000e+03,3.496067261888621047e+00
9.450000000000000000e+03,3.872315313411673010e+00
9.451000000000000000e+03,3.489987368973920034e+00
9.452000000000000000e+03,3.517769709171187920e+00
9.453000000000000000e+03,3.890662452340137634e+00
9.454000000000000000e+03,3.409089130235768206e+00
9.455000000000000000e+03,3.565324707958178241e+00
9.456000000000000000e+03,3.850414838860882316e+00
9.457000000000000000e+03,3.729957598157482845e+00
9.458000000000000000e+03,3.735256205486075398e+00
9.459000000000000000e+03,3.709840432730203919e+00
9.460000000000000000e+03,3.654243535936340770e+00
9.461000000000000000e+03,3.525451011672072532e+00
9.462000000000000000e+03,3.806037152932823631e+00
9.463000000000000000e+03,3.647463586284382497e+00
9.464000000000000000e+03,3.455521225006880748e+00
9.465000000000000000e+03,3.505045116635146396e+00
9.466000000000000000e+03,3.775229267584785831e+00
9.467000000000000000e+03,3.568594833887272610e+00
9.468000000000000000e+03,3.676954650207755915e+00
9.469000000000000000e+03,3.929849048026481384e+00
9.470000000000000000e+03,3.593611331319935598e+00
9.471000000000000000e+03,3.944669497300822059e+00
9.472000000000000000e+03,3.758862003561080023e+00
9.473000000000000000e+03,3.575500624308522113e+00
9.474000000000000000e+03,3.736743336653443492e+00
9.475000000000000000e+03,3.482729498862592532e+00
9.476000000000000000e+03,3.867899563068669000e+00
9.477000000000000000e+03,3.671387673579756150e+00
9.478000000000000000e+03,3.545825634504041535e+00
9.479000000000000000e+03,3.905633806247530426e+00
9.480000000000000000e+03,4.037666399828737873e+00
9.481000000000000000e+03,3.651713240313196884e+00
9.482000000000000000e+03,3.896552418593500988e+00
9.483000000000000000e+03,3.612984918753953334e+00
9.484000000000000000e+03,4.000111047097206551e+00
9.485000000000000000e+03,3.644239399934357415e+00
9.486000000000000000e+03,3.776109375796206091e+00
9.487000000000000000e+03,3.601753695608391759e+00
9.488000000000000000e+03,3.770944408295167527e+00
9.489000000000000000e+03,3.735688602806612302e+00
9.490000000000000000e+03,3.473625832416102455e+00
9.491000000000000000e+03,3.761487526665491909e+00
9.492000000000000000e+03,3.913180686070143910e+00
9.493000000000000000e+03,3.896690133775468023e+00
9.494000000000000000e+03,3.754157980581455334e+00
9.495000000000000000e+03,3.941092747557120024e+00
9.496000000000000000e+03,3.861157411743126655e+00
9.497000000000000000e+03,3.811296478285604472e+00
9.498000000000000000e+03,3.754492010339401720e+00
9.499000000000000000e+03,3.570869561050065144e+00
9.500000000000000000e+03,3.830632208502219527e+00
9.501000000000000000e+03,3.961223737005245660e+00
9.502000000000000000e+03,3.685584480628292248e+00
9.503000000000000000e+03,3.755015159328514152e+00
9.504000000000000000e+03,3.484093628140310539e+00
9.505000000000000000e+03,3.508418232557053873e+00
9.506000000000000000e+03,3.863796026793760774e+00
9.507000000000000000e+03,4.023529741690507144e+00
9.508000000000000000e+03,3.472194063058194669e+00
9.509000000000000000e+03,3.517212388220975594e+00
9.510000000000000000e+03,3.560204980937224928e+00
9.511000000000000000e+03,4.028684409676867695e+00
9.512000000000000000e+03,3.563064598938968874e+00
9.513000000000000000e+03,3.713440960200867114e+00
9.514000000000000000e+03,3.524616018231106374e+00
9.515000000000000000e+03,4.087136613113290906e+00
9.516000000000000000e+03,3.912342474521968150e+00
9.517000000000000000e+03,3.913453320032833194e+00
9.518000000000000000e+03,3.683255359224703707e+00
9.519000000000000000e+03,3.608170716584917059e+00
9.520000000000000000e+03,3.443745852414937580e+00
9.521000000000000000e+03,3.367063145085403164e+00
9.522000000000000000e+03,3.905373019418803882e+00
9.523000000000000000e+03,3.583627794135330280e+00
9.524000000000000000e+03,3.523467321342059755e+00
9.525000000000000000e+03,3.826143404756003452e+00
9.526000000000000000e+03,3.708248874583364607e+00
9.527000000000000000e+03,3.555314145464178566e+00
9.528000000000000000e+03,3.677495747456063668e+00
9.529000000000000000e+03,3.746448417659523855e+00
9.530000000000000000e+03,3.304650470619878266e+00
9.531000000000000000e+03,4.108168245877507729e+00
9.532000000000000000e+03,3.734566029214859917e+00
9.533000000000000000e+03,3.990539741909754579e+00
9.534000000000000000e+03,3.616285981983205833e+00
9.535000000000000000e+03,3.702607668813110209e+00
9.536000000000000000e+03,3.724415437361968895e+00
9.537000000000000000e+03,3.742838670084708497e+00
9.538000000000000000e+03,3.654378311936861579e+00
9.539000000000000000e+03,3.886310144734720584e+00
9.540000000000000000e+03,3.917882493753999551e+00
9.541000000000000000e+03,3.486006594308804996e+00
9.542000000000000000e+03,3.760662565732010965e+00
9.543000000000000000e+03,3.429480867902927166e+00
9.544000000000000000e+03,3.451184272750154047e+00
9.545000000000000000e+03,3.668592704148888384e+00
9.546000000000000000e+03,3.840561012809228458e+00
9.547000000000000000e+03,3.618834205038961027e+00
9.548000000000000000e+03,3.620638417028665845e+00
9.549000000000000000e+03,3.809182241852488104e+00
9.550000000000000000e+03,3.562376785262527878e+00
9.551000000000000000e+03,3.655305181239314471e+00
9.552000000000000000e+03,3.437621411716815345e+00
9.553000000000000000e+03,3.691103256388728937e+00
9.554000000000000000e+03,3.526091153302039594e+00
9.555000000000000000e+03,3.675557351418052843e+00
9.556000000000000000e+03,3.722415695776189803e+00
9.557000000000000000e+03,3.710579836833017175e+00
9.558000000000000000e+03,3.754823715838544906e+00
9.559000000000000000e+03,3.775594339823277856e+00
9.560000000000000000e+03,3.588539865239237958e+00
9.561000000000000000e+03,3.565505218768320272e+00
9.562000000000000000e+03,3.531231291238382752e+00
9.563000000000000000e+03,3.512465546213740630e+00
9.564000000000000000e+03,3.844408931562447673e+00
9.565000000000000000e+03,3.738077478894223038e+00
9.566000000000000000e+03,3.676726026473848830e+00
9.567000000000000000e+03,3.947705733666559524e+00
9.568000000000000000e+03,3.466034160473771220e+00
9.569000000000000000e+03,3.968002936780762102e+00
9.570000000000000000e+03,3.631691125282528354e+00
9.571000000000000000e+03,4.150855335046930605e+00
9.572000000000000000e+03,3.650578169440113374e+00
9.573000000000000000e+03,3.680572928214007611e+00
9.574000000000000000e+03,4.274771299047617212e+00
9.575000000000000000e+03,3.577355157741953562e+00
9.576000000000000000e+03,3.830555897233606455e+00
9.577000000000000000e+03,3.860457178413833290e+00
9.578000000000000000e+03,3.586625865266191315e+00
9.579000000000000000e+03,3.837644076464040932e+00
9.580000000000000000e+03,3.520643135162876636e+00
9.581000000000000000e+03,3.648631509440484866e+00
9.582000000000000000e+03,3.987231189394885078e+00
9.583000000000000000e+03,3.672395565103061976e+00
9.584000000000000000e+03,3.477570928673177075e+00
9.585000000000000000e+03,3.754408001298802589e+00
9.586000000000000000e+03,3.600621120864752278e+00
9.587000000000000000e+03,4.065028846476665514e+00
9.588000000000000000e+03,3.945082460596229801e+00
9.589000000000000000e+03,3.492985062852604905e+00
9.590000000000000000e+03,3.873753941542182666e+00
9.591000000000000000e+03,3.808396398125466487e+00
9.592000000000000000e+03,3.940772969737114551e+00
9.593000000000000000e+03,3.639821239633020511e+00
9.594000000000000000e+03,3.657090113572869061e+00
9.595000000000000000e+03,4.031098991434152623e+00
9.596000000000000000e+03,3.865373339485100868e+00
9.597000000000000000e+03,3.825866001445707543e+00
9.598000000000000000e+03,4.003751584740354197e+00
9.599000000000000000e+03,3.678976739972634746e+00
9.600000000000000000e+03,3.778725424558263768e+00
9.601000000000000000e+03,4.006959343864808787e+00
9.602000000000000000e+03,3.671859522890598804e+00
9.603000000000000000e+03,3.839763551979686884e+00
9.604000000000000000e+03,3.979866564300647891e+00
9.605000000000000000e+03,3.546117588636706675e+00
9.606000000000000000e+03,3.992288248580603938e+00
9.607000000000000000e+03,3.759319039924617911e+00
9.608000000000000000e+03,3.767803124647703061e+00
9.609000000000000000e+03,3.691472661011417244e+00
9.610000000000000000e+03,3.555734810500058796e+00
9.611000000000000000e+03,3.656061391192413357e+00
9.612000000000000000e+03,3.915931819797252800e+00
9.613000000000000000e+03,3.885150209644010921e+00
9.614000000000000000e+03,3.597406065515547979e+00
9.615000000000000000e+03,3.848426509919681049e+00
9.616000000000000000e+03,3.718289445531302917e+00
9.617000000000000000e+03,4.129378392814685661e+00
9.618000000000000000e+03,3.887203515524022990e+00
9.619000000000000000e+03,3.803950526134287191e+00
9.620000000000000000e+03,3.915272371440828181e+00
9.621000000000000000e+03,3.906724201161369869e+00
9.622000000000000000e+03,3.831636145396910109e+00
9.623000000000000000e+03,3.829551523909393573e+00
9.624000000000000000e+03,3.726260220593788031e+00
9.625000000000000000e+03,3.578687685165009569e+00
9.626000000000000000e+03,3.863488107855982179e+00
9.627000000000000000e+03,3.467257172782810315e+00
9.628000000000000000e+03,3.624106141903933764e+00
9.629000000000000000e+03,3.892883175789804806e+00
9.630000000000000000e+03,3.748014125318674949e+00
9.631000000000000000e+03,3.633644809550665489e+00
9.632000000000000000e+03,3.696234046828830611e+00
9.633000000000000000e+03,3.611723608720447398e+00
9.634000000000000000e+03,4.156981176049915128e+00
9.635000000000000000e+03,3.636424979677585601e+00
9.636000000000000000e+03,3.533608668208929604e+00
9.637000000000000000e+03,3.753165854904870979e+00
9.638000000000000000e+03,3.836500232662064303e+00
9.639000000000000000e+03,3.747857641430847764e+00
9.640000000000000000e+03,3.705104447992317862e+00
9.641000000000000000e+03,3.935270229178139179e+00
9.642000000000000000e+03,3.316061850355212393e+00
9.643000000000000000e+03,3.621187259795308311e+00
9.644000000000000000e+03,3.780089424275693055e+00
9.645000000000000000e+03,3.805146427413130805e+00
9.646000000000000000e+03,3.941671707705928007e+00
9.647000000000000000e+03,3.582959025627446170e+00
9.648000000000000000e+03,3.930732353310435467e+00
9.649000000000000000e+03,3.588204657823240051e+00
9.650000000000000000e+03,3.603574436537126502e+00
9.651000000000000000e+03,3.983657838965670717e+00
9.652000000000000000e+03,4.119186759226585615e+00
9.653000000000000000e+03,3.811168491842293893e+00
9.654000000000000000e+03,3.896716218609381777e+00
9.655000000000000000e+03,3.601586238716070643e+00
9.656000000000000000e+03,4.111714783879935275e+00
9.657000000000000000e+03,3.584645295651144536e+00
9.658000000000000000e+03,3.795847253219656992e+00
9.659000000000000000e+03,3.947900434100615641e+00
9.660000000000000000e+03,3.655718572364020869e+00
9.661000000000000000e+03,3.693506497941547728e+00
9.662000000000000000e+03,3.928263417290671633e+00
9.663000000000000000e+03,3.786836686256915385e+00
9.664000000000000000e+03,3.503498270020211525e+00
9.665000000000000000e+03,3.906009041147112448e+00
9.666000000000000000e+03,3.793605525146845903e+00
9.667000000000000000e+03,3.679655958262196158e+00
9.668000000000000000e+03,3.636069703672612619e+00
9.669000000000000000e+03,4.052996898281815419e+00
9.670000000000000000e+03,3.853818918807186744e+00
9.671000000000000000e+03,3.896416946364644751e+00
9.672000000000000000e+03,3.739995843206149750e+00
9.673000000000000000e+03,3.637466629029654008e+00
9.674000000000000000e+03,3.739638591142874446e+00
9.675000000000000000e+03,3.665713241825261370e+00
9.676000000000000000e+03,3.754913493513060807e+00
9.677000000000000000e+03,3.868171586313071675e+00
9.678000000000000000e+03,3.728001069151051450e+00
9.679000000000000000e+03,3.772426965158059087e+00
9.680000000000000000e+03,3.607471752675570187e+00
9.681000000000000000e+03,3.818303359019111998e+00
9.682000000000000000e+03,3.850745930757535795e+00
9.683000000000000000e+03,3.746334589940181203e+00
9.684000000000000000e+03,3.558278416939761879e+00
9.685000000000000000e+03,3.770390237570567571e+00
9.686000000000000000e+03,3.886134030611052115e+00
9.687000000000000000e+03,4.078775286032807479e+00
9.688000000000000000e+03,3.415522995944989759e+00
9.689000000000000000e+03,4.000933909076266559e+00
9.690000000000000000e+03,3.905645414516063951e+00
9.691000000000000000e+03,3.568897979951761279e+00
9.692000000000000000e+03,4.105939163604217512e+00
9.693000000000000000e+03,3.771387776065522779e+00
9.694000000000000000e+03,3.730363297847940629e+00
9.695000000000000000e+03,3.835771408689813811e+00
9.696000000000000000e+03,3.791641007468900870e+00
9.697000000000000000e+03,3.614244088109226816e+00
9.698000000000000000e+03,3.746814319912008528e+00
9.699000000000000000e+03,3.770119097320752566e+00
9.700000000000000000e+03,3.717762998922161000e+00
9.701000000000000000e+03,3.700716710920615160e+00
9.702000000000000000e+03,3.718957884994442242e+00
9.703000000000000000e+03,4.052775003488765293e+00
9.704000000000000000e+03,3.743983872273252800e+00
9.705000000000000000e+03,3.451845165946927363e+00
9.706000000000000000e+03,3.696198048679390613e+00
9.707000000000000000e+03,3.747925902365946360e+00
9.708000000000000000e+03,3.713793387744710905e+00
9.709000000000000000e+03,3.664461035989193149e+00
9.710000000000000000e+03,3.847379461652193022e+00
9.711000000000000000e+03,3.380923793537572219e+00
9.712000000000000000e+03,3.744729846021606967e+00
9.713000000000000000e+03,3.636503961916653260e+00
9.714000000000000000e+03,4.066786973637076308e+00
9.715000000000000000e+03,3.960430156899573451e+00
9.716000000000000000e+03,3.982989476014294539e+00
9.717000000000000000e+03,3.750411089163604661e+00
9.718000000000000000e+03,3.817840206064176289e+00
9.719000000000000000e+03,3.659882731827244662e+00
9.720000000000000000e+03,3.716849454913232709e+00
9.721000000000000000e+03,3.858143501575739265e+00
9.722000000000000000e+03,3.668294012983526198e+00
9.723000000000000000e+03,3.526966349984116178e+00
9.724000000000000000e+03,3.593273888760011747e+00
9.725000000000000000e+03,3.825413170001707996e+00
9.726000000000000000e+03,3.553916315471208343e+00
9.727000000000000000e+03,3.782187611509366665e+00
9.728000000000000000e+03,3.907843318405150868e+00
9.729000000000000000e+03,3.425844449768995936e+00
9.730000000000000000e+03,3.601339546650109913e+00
9.731000000000000000e+03,3.625731501632119436e+00
9.732000000000000000e+03,3.843543213887448573e+00
9.733000000000000000e+03,3.752847166820833635e+00
9.734000000000000000e+03,3.899518626851156800e+00
9.735000000000000000e+03,3.627949438675455163e+00
9.736000000000000000e+03,4.059370673784808758e+00
9.737000000000000000e+03,3.266517502812562590e+00
9.738000000000000000e+03,3.863774253899487476e+00
9.739000000000000000e+03,3.530882088380429717e+00
9.740000000000000000e+03,3.487548134125880495e+00
9.741000000000000000e+03,3.838120742042006928e+00
9.742000000000000000e+03,3.503645017045116550e+00
9.743000000000000000e+03,3.736896505895552334e+00
9.744000000000000000e+03,3.744176824212841925e+00
9.745000000000000000e+03,3.790160785130409327e+00
9.746000000000000000e+03,4.065254622892400249e+00
9.747000000000000000e+03,3.690358827425874733e+00
9.748000000000000000e+03,3.922523147364044060e+00
9.749000000000000000e+03,3.719198340228984989e+00
9.750000000000000000e+03,3.428229337657676012e+00
9.751000000000000000e+03,3.860691051922179540e+00
9.752000000000000000e+03,3.973223689795140512e+00
9.753000000000000000e+03,3.779918729913982922e+00
9.754000000000000000e+03,3.776305767678042713e+00
9.755000000000000000e+03,3.555159979822284821e+00
9.756000000000000000e+03,3.956926758419159196e+00
9.757000000000000000e+03,3.643434135061371038e+00
9.758000000000000000e+03,3.686164316811291641e+00
9.759000000000000000e+03,3.771370315516189287e+00
9.760000000000000000e+03,3.579136225046583242e+00
9.761000000000000000e+03,3.494271536699553149e+00
9.762000000000000000e+03,4.299689302254350309e+00
9.763000000000000000e+03,3.740956356802641380e+00
9.764000000000000000e+03,3.562660480088163606e+00
9.765000000000000000e+03,3.681361028555110160e+00
9.766000000000000000e+03,3.908939784329505507e+00
9.767000000000000000e+03,4.063325837511759353e+00
9.768000000000000000e+03,3.947488380447517375e+00
9.769000000000000000e+03,4.029040878944829096e+00
9.770000000000000000e+03,3.440264972599482718e+00
9.771000000000000000e+03,3.769078125254540446e+00
9.772000000000000000e+03,4.002479716063350068e+00
9.773000000000000000e+03,3.812884238370353174e+00
9.774000000000000000e+03,3.571914733621034621e+00
9.775000000000000000e+03,3.838917718116159783e+00
9.776000000000000000e+03,3.534736107236378544e+00
9.777000000000000000e+03,3.542942175109768499e+00
9.778000000000000000e+03,3.663963043359086402e+00
9.779000000000000000e+03,3.900073124373724109e+00
9.780000000000000000e+03,3.855036257262630439e+00
9.781000000000000000e+03,3.368889247000363518e+00
9.782000000000000000e+03,3.801772714631657557e+00
9.783000000000000000e+03,3.712264119260405781e+00
9.784000000000000000e+03,3.828726938423069992e+00
9.785000000000000000e+03,4.068232402441223527e+00
9.786000000000000000e+03,3.654330324088331583e+00
9.787000000000000000e+03,3.830487550455446311e+00
9.788000000000000000e+03,3.709697245703781121e+00
9.789000000000000000e+03,3.603848295653280243e+00
9.790000000000000000e+03,3.758387111307119444e+00
9.791000000000000000e+03,3.509955120594445255e+00
9.792000000000000000e+03,3.606811982267515759e+00
9.793000000000000000e+03,3.346635260886005270e+00
9.794000000000000000e+03,3.553886103426044052e+00
9.795000000000000000e+03,3.597096689967355765e+00
9.796000000000000000e+03,3.584916104158782701e+00
9.797000000000000000e+03,3.364229399544858445e+00
9.798000000000000000e+03,3.982121304319823363e+00
9.799000000000000000e+03,3.616772366808518324e+00
9.800000000000000000e+03,3.881832150722009267e+00
9.801000000000000000e+03,3.676033533279144727e+00
9.802000000000000000e+03,3.751798266602227372e+00
9.803000000000000000e+03,3.792105317328623215e+00
9.804000000000000000e+03,3.635603498576195136e+00
9.805000000000000000e+03,4.041012114895363716e+00
9.806000000000000000e+03,3.504132395816786261e+00
9.807000000000000000e+03,3.584166529296206161e+00
9.808000000000000000e+03,3.863585571329760882e+00
9.809000000000000000e+03,3.629382764302907294e+00
9.810000000000000000e+03,3.822383212720287915e+00
9.811000000000000000e+03,3.648312637409423687e+00
9.812000000000000000e+03,3.947705095945859721e+00
9.813000000000000000e+03,3.873017430201317168e+00
9.814000000000000000e+03,3.662407319741288969e+00
9.815000000000000000e+03,4.042913392219029234e+00
9.816000000000000000e+03,3.945315183722136965e+00
9.817000000000000000e+03,3.844609993414489946e+00
9.818000000000000000e+03,3.694213093308477802e+00
9.819000000000000000e+03,3.753177120038772685e+00
9.820000000000000000e+03,3.717885298210544143e+00
9.821000000000000000e+03,3.839704652347239566e+00
9.822000000000000000e+03,3.874013312707571988e+00
9.823000000000000000e+03,3.829490612851217612e+00
9.824000000000000000e+03,3.921758017162824572e+00
9.825000000000000000e+03,3.657897687151304922e+00
9.826000000000000000e+03,3.729713367554646108e+00
9.827000000000000000e+03,3.704003846206841644e+00
9.828000000000000000e+03,3.440235111146672686e+00
9.829000000000000000e+03,3.725705925979783562e+00
9.830000000000000000e+03,3.722041467663910197e+00
9.831000000000000000e+03,3.595670262231119629e+00
9.832000000000000000e+03,3.789200531963581309e+00
9.833000000000000000e+03,3.648775574070359351e+00
9.834000000000000000e+03,3.640256591280006671e+00
9.835000000000000000e+03,3.840008161386632146e+00
9.836000000000000000e+03,3.829399270694557433e+00
9.837000000000000000e+03,3.730506777226323400e+00
9.838000000000000000e+03,3.866656556899187080e+00
9.839000000000000000e+03,3.924502422068040008e+00
9.840000000000000000e+03,3.646783389898480277e+00
9.841000000000000000e+03,3.712528468663606418e+00
9.842000000000000000e+03,3.660983752846842521e+00
9.843000000000000000e+03,4.078346346525836275e+00
9.844000000000000000e+03,3.593418033152375735e+00
9.845000000000000000e+03,3.844899108996776338e+00
9.846000000000000000e+03,4.022426021260034013e+00
9.847000000000000000e+03,3.748087218041354252e+00
9.848000000000000000e+03,3.866192495709926291e+00
9.849000000000000000e+03,3.746054733322361052e+00
9.850000000000000000e+03,3.581788750473517080e+00
9.851000000000000000e+03,3.692522324054713145e+00
9.852000000000000000e+03,3.905167184499277688e+00
9.853000000000000000e+03,3.651846218791398702e+00
9.854000000000000000e+03,3.828480116202461314e+00
9.855000000000000000e+03,3.665482773821600482e+00
9.856000000000000000e+03,3.567992805947750590e+00
9.857000000000000000e+03,3.737146250941876691e+00
9.858000000000000000e+03,3.723824786654341690e+00
9.859000000000000000e+03,3.787212507814678553e+00
9.860000000000000000e+03,3.688203503868750843e+00
9.861000000000000000e+03,3.572007590776172581e+00
9.862000000000000000e+03,3.959977845063699764e+00
9.863000000000000000e+03,3.790798160746304379e+00
9.864000000000000000e+03,3.506126530525204288e+00
9.865000000000000000e+03,3.648073424106381690e+00
9.866000000000000000e+03,3.371158654905396901e+00
9.867000000000000000e+03,3.659826419788918983e+00
9.868000000000000000e+03,3.816757064363040630e+00
9.869000000000000000e+03,3.908112048426420237e+00
9.870000000000000000e+03,3.678789484613417926e+00
9.871000000000000000e+03,3.748485155493123333e+00
9.872000000000000000e+03,3.741533158525750302e+00
9.873000000000000000e+03,3.699958185987703096e+00
9.874000000000000000e+03,3.958704932979687285e+00
9.875000000000000000e+03,4.049161274696222890e+00
9.876000000000000000e+03,3.507811663235878008e+00
9.877000000000000000e+03,3.652623667887036962e+00
9.878000000000000000e+03,4.057818128396284862e+00
9.879000000000000000e+03,3.824756089486725852e+00
9.880000000000000000e+03,3.760019768361986703e+00
9.881000000000000000e+03,3.631055971550204209e+00
9.882000000000000000e+03,3.715355009861132540e+00
9.883000000000000000e+03,3.644314554932668315e+00
9.884000000000000000e+03,3.599947060333287041e+00
9.885000000000000000e+03,3.745131341596950048e+00
9.886000000000000000e+03,3.563734836857355592e+00
9.887000000000000000e+03,3.740719340692339578e+00
9.888000000000000000e+03,4.041205024376812283e+00
9.889000000000000000e+03,3.575152233144649028e+00
9.890000000000000000e+03,3.842592899865042710e+00
9.891000000000000000e+03,4.068698054069789904e+00
9.892000000000000000e+03,3.667164493954358839e+00
9.893000000000000000e+03,3.650900998087952765e+00
9.894000000000000000e+03,3.585498238064628307e+00
9.895000000000000000e+03,3.418481836904061488e+00
9.896000000000000000e+03,3.688950064539734619e+00
9.897000000000000000e+03,3.775291433541473118e+00
9.898000000000000000e+03,3.729486414350709378e+00
9.899000000000000000e+03,3.676844245413262158e+00
9.900000000000000000e+03,3.496370553799155179e+00
9.901000000000000000e+03,3.615023555399818900e+00
9.902000000000000000e+03,3.860947116573831828e+00
9.903000000000000000e+03,3.971307443035402507e+00
9.904000000000000000e+03,3.728012284819010702e+00
9.905000000000000000e+03,3.974845895304196297e+00
9.906000000000000000e+03,3.576383860922000224e+00
9.907000000000000000e+03,3.722849563501103187e+00
9.908000000000000000e+03,3.685806749731057153e+00
9.909000000000000000e+03,3.792804323437193315e+00
9.910000000000000000e+03,3.978943804900858527e+00
9.911000000000000000e+03,3.740086500270540348e+00
9.912000000000000000e+03,3.828902309795447323e+00
9.913000000000000000e+03,3.756657553783453007e+00
9.914000000000000000e+03,3.403805016252227311e+00
9.915000000000000000e+03,3.803438741249945299e+00
9.916000000000000000e+03,3.567226280582559195e+00
9.917000000000000000e+03,3.686430625737973532e+00
9.918000000000000000e+03,3.703436255441562519e+00
9.919000000000000000e+03,4.154010079256044818e+00
9.920000000000000000e+03,3.752790664371034701e+00
9.921000000000000000e+03,4.067079011236305774e+00
9.922000000000000000e+03,3.900141121079716111e+00
9.923000000000000000e+03,3.677987606771463192e+00
9.924000000000000000e+03,3.918786197773788782e+00
9.925000000000000000e+03,3.929045004514928774e+00
9.926000000000000000e+03,3.685262063220890116e+00
9.927000000000000000e+03,3.727501406227631708e+00
9.928000000000000000e+03,3.705293922092160130e+00
9.929000000000000000e+03,3.994065773334367631e+00
9.930000000000000000e+03,3.732340921079045692e+00
9.931000000000000000e+03,4.010133040969374285e+00
9.932000000000000000e+03,3.552494197940195164e+00
9.933000000000000000e+03,3.817043095208741743e+00
9.934000000000000000e+03,3.743050059624338122e+00
9.935000000000000000e+03,3.938520572830388033e+00
9.936000000000000000e+03,3.801057913532559951e+00
9.937000000000000000e+03,3.684712984368280875e+00
9.938000000000000000e+03,3.690300731235600207e+00
9.939000000000000000e+03,4.128300661867970511e+00
9.940000000000000000e+03,3.978186106070034977e+00
9.941000000000000000e+03,3.714637064901398666e+00
9.942000000000000000e+03,3.822234001691554806e+00
9.943000000000000000e+03,4.139317901457177484e+00
9.944000000000000000e+03,3.732751443340017961e+00
9.945000000000000000e+03,3.776285721429834208e+00
9.946000000000000000e+03,3.851280719331848790e+00
9.947000000000000000e+03,3.617599618083727542e+00
9.948000000000000000e+03,3.787826903279382762e+00
9.949000000000000000e+03,3.931754345354897318e+00
9.950000000000000000e+03,3.590897067975179713e+00
9.951000000000000000e+03,3.816455850718370346e+00
9.952000000000000000e+03,3.725879552186834864e+00
9.953000000000000000e+03,3.697488337870831199e+00
9.954000000000000000e+03,3.606369186684557970e+00
9.955000000000000000e+03,3.734602183258059149e+00
9.956000000000000000e+03,3.810714721075219469e+00
9.957000000000000000e+03,3.347504335329226421e+00
9.958000000000000000e+03,3.530441722053397680e+00
9.959000000000000000e+03,3.619084105831317011e+00
9.960000000000000000e+03,4.097446539418481137e+00
9.961000000000000000e+03,3.515412764928887768e+00
9.962000000000000000e+03,4.085293961964053366e+00
9.963000000000000000e+03,3.548458787845042206e+00
9.964000000000000000e+03,3.770862326148485266e+00
9.965000000000000000e+03,3.714555079990913722e+00
9.966000000000000000e+03,4.246007126533326570e+00
9.967000000000000000e+03,3.959305915671116782e+00
9.968000000000000000e+03,3.827792574903545297e+00
9.969000000000000000e+03,3.926407769708504691e+00
9.970000000000000000e+03,3.794917977307000978e+00
9.971000000000000000e+03,3.942591922865409160e+00
9.972000000000000000e+03,3.753229322702612780e+00
9.973000000000000000e+03,3.681799458466972652e+00
9.974000000000000000e+03,3.919009274974965873e+00
9.975000000000000000e+03,3.704773644271762034e+00
9.976000000000000000e+03,4.224570061353979611e+00
9.977000000000000000e+03,3.659646919130824738e+00
9.978000000000000000e+03,3.412156376155940585e+00
9.979000000000000000e+03,3.886969372771529319e+00
9.980000000000000000e+03,3.744802669485154833e+00
9.981000000000000000e+03,3.769558663399954934e+00
9.982000000000000000e+03,3.839286224633041478e+00
9.983000000000000000e+03,3.619362878112412307e+00
9.984000000000000000e+03,3.790146896327222237e+00
9.985000000000000000e+03,3.964406876212112962e+00
9.986000000000000000e+03,4.060583358442311663e+00
9.987000000000000000e+03,3.462554374788418876e+00
9.988000000000000000e+03,3.924871482094034025e+00
9.989000000000000000e+03,3.699344562496570177e+00
9.990000000000000000e+03,3.719412758587623102e+00
9.991000000000000000e+03,3.945650914250845798e+00
9.992000000000000000e+03,3.545806859059589033e+00
9.993000000000000000e+03,4.081052365669938453e+00
9.994000000000000000e+03,3.649181893250578845e+00
9.995000000000000000e+03,3.803138078991397553e+00
9.996000000000000000e+03,3.468899617877933661e+00
9.997000000000000000e+03,3.758421019463920043e+00
9.998000000000000000e+03,3.943363672994519842e+00
9.999000000000000000e+03,3.707030047491714164e+00
1.000000000000000000e+04,4.199030037667935034e+00
1.000100000000000000e+04,4.124126680054065019e+00
1.000200000000000000e+04,3.484400112108951397e+00
1.000300000000000000e+04,3.803156244744032577e+00
1.000400000000000000e+04,3.915138622664846135e+00
1.000500000000000000e+04,3.729746956147409698e+00
1.000600000000000000e+04,3.630984194807769683e+00
1.000700000000000000e+04,4.050304355037647852e+00
1.000800000000000000e+04,3.907626047208148989e+00
1.000900000000000000e+04,3.842227935641855385e+00
1.001000000000000000e+04,3.609353844320780880e+00
1.001100000000000000e+04,3.672937827345346129e+00
1.001200000000000000e+04,4.106711934858196855e+00
1.001300000000000000e+04,3.841535615119666236e+00
1.001400000000000000e+04,3.596251186166581348e+00
1.001500000000000000e+04,3.763171071439787685e+00
1.001600000000000000e+04,3.680386697684753017e+00
1.001700000000000000e+04,3.853199707167735966e+00
1.001800000000000000e+04,4.165171841392854013e+00
1.001900000000000000e+04,4.072746247708602496e+00
1.002000000000000000e+04,3.768860960478339184e+00
1.002100000000000000e+04,3.876345482709761203e+00
1.002200000000000000e+04,4.013100645002573685e+00
1.002300000000000000e+04,3.782509477599882430e+00
1.002400000000000000e+04,3.903237941620240736e+00
1.002500000000000000e+04,3.742157705964355596e+00
1.002600000000000000e+04,3.489625435438962420e+00
1.002700000000000000e+04,4.017830835212565788e+00
1.002800000000000000e+04,4.023780731672523814e+00
1.002900000000000000e+04,3.532387031694076640e+00
1.003000000000000000e+04,4.037649029298955305e+00
1.003100000000000000e+04,3.909849631195282171e+00
1.003200000000000000e+04,3.946653747500469489e+00
1.003300000000000000e+04,3.579111691184987620e+00
1.003400000000000000e+04,3.955152916737064483e+00
1.003500000000000000e+04,3.888426959428892715e+00
1.003600000000000000e+04,3.639173977285982353e+00
1.003700000000000000e+04,3.492005766295676494e+00
1.003800000000000000e+04,3.803975188465495982e+00
1.003900000000000000e+04,3.839810636141871125e+00
1.004000000000000000e+04,3.657471605072506016e+00
1.004100000000000000e+04,3.619650795526581089e+00
1.004200000000000000e+04,3.745483770141117219e+00
1.004300000000000000e+04,3.372266167330114861e+00
1.004400000000000000e+04,3.831658104740694792e+00
1.004500000000000000e+04,3.531626331909686556e+00
1.004600000000000000e+04,3.806881732396141249e+00
1.004700000000000000e+04,3.856223776067301490e+00
1.004800000000000000e+04,3.992172314911855757e+00
1.004900000000000000e+04,3.585630976424130534e+00
1.005000000000000000e+04,3.340675213724396908e+00
1.005100000000000000e+04,4.038939655131161821e+00
1.005200000000000000e+04,3.443581832550969057e+00
1.005300000000000000e+04,3.578447274731368921e+00
1.005400000000000000e+04,3.943056308254423215e+00
1.005500000000000000e+04,3.908813735208740869e+00
1.005600000000000000e+04,3.729868057382352386e+00
1.005700000000000000e+04,3.715647437329172575e+00
1.005800000000000000e+04,3.717823028880599345e+00
1.005900000000000000e+04,3.518430772504525184e+00
1.006000000000000000e+04,3.828503864827012659e+00
1.006100000000000000e+04,3.863700788744370396e+00
1.006200000000000000e+04,3.615037886974385550e+00
1.006300000000000000e+04,3.764720846691334000e+00
1.006400000000000000e+04,3.712661498518539993e+00
1.006500000000000000e+04,3.339061125622812654e+00
1.006600000000000000e+04,3.466088919264791013e+00
1.006700000000000000e+04,3.556079632013045444e+00
1.006800000000000000e+04,3.909075722939191699e+00
1.006900000000000000e+04,3.735978719688384686e+00
1.007000000000000000e+04,3.991998714230728940e+00
1.007100000000000000e+04,3.587970710818102038e+00
1.007200000000000000e+04,3.753495169472178539e+00
1.007300000000000000e+04,3.956218860875801990e+00
1.007400000000000000e+04,3.578555550175187783e+00
1.007500000000000000e+04,3.892709470680173478e+00
1.007600000000000000e+04,4.049213694190751944e+00
1.007700000000000000e+04,3.667376314938787907e+00
1.007800000000000000e+04,3.699993332057092132e+00
1.007900000000000000e+04,3.857907690014177327e+00
1.008000000000000000e+04,4.158154995447628899e+00
1.008100000000000000e+04,3.685190154823219100e+00
1.008200000000000000e+04,3.792415008805687826e+00
1.008300000000000000e+04,3.805961535467249135e+00
1.008400000000000000e+04,3.851387770598948546e+00
1.008500000000000000e+04,3.980810313164769632e+00
1.008600000000000000e+04,3.739991526943483358e+00
1.008700000000000000e+04,4.013585160765928528e+00
1.008800000000000000e+04,3.700761871027507421e+00
1.008900000000000000e+04,3.419060612308990610e+00
1.009000000000000000e+04,3.905603975284162921e+00
1.009100000000000000e+04,3.940910433778045618e+00
1.009200000000000000e+04,3.856344790781554011e+00
1.009300000000000000e+04,3.691447647059323600e+00
1.009400000000000000e+04,3.543097590986490353e+00
1.009500000000000000e+04,3.669150658477621008e+00
1.009600000000000000e+04,3.997258644326742605e+00
1.009700000000000000e+04,3.926939699362264946e+00
1.009800000000000000e+04,3.713240833903146854e+00
1.009900000000000000e+04,3.717149133449876075e+00
1.010000000000000000e+04,3.543526523460938993e+00
1.010100000000000000e+04,3.898271999280993771e+00
1.010200000000000000e+04,3.332388956156535187e+00
1.010300000000000000e+04,3.921666600067954533e+00
1.010400000000000000e+04,3.509892121474880167e+00
1.010500000000000000e+04,3.922598553045899106e+00
1.010600000000000000e+04,3.983820081103774946e+00
1.010700000000000000e+04,3.686869484795164187e+00
1.010800000000000000e+04,3.669275774411164370e+00
1.010900000000000000e+04,3.633303361432817624e+00
1.011000000000000000e+04,3.818772235910919299e+00
1.011100000000000000e+04,3.445743120931562320e+00
1.011200000000000000e+04,3.856142723001009021e+00
1.011300000000000000e+04,3.906623207535675935e+00
1.011400000000000000e+04,3.557158347923533803e+00
1.011500000000000000e+04,3.776824388482074468e+00
1.011600000000000000e+04,3.724480007255148717e+00
1.011700000000000000e+04,4.029358655275624201e+00
1.011800000000000000e+04,3.938480414425782339e+00
1.011900000000000000e+04,3.920476475136528194e+00
1.012000000000000000e+04,3.701859721642091650e+00
1.012100000000000000e+04,3.748547782468801159e+00
1.012200000000000000e+04,3.731587792469162945e+00
1.012300000000000000e+04,4.022929115059818095e+00
1.012400000000000000e+04,3.744634101239208590e+00
1.012500000000000000e+04,3.792986398515888702e+00
1.012600000000000000e+04,3.683159256893731026e+00
1.012700000000000000e+04,3.805459651543716237e+00
1.012800000000000000e+04,3.866669599606548768e+00
1.012900000000000000e+04,4.085853543339466931e+00
1.013000000000000000e+04,4.022743497357276432e+00
1.013100000000000000e+04,3.441888518862516122e+00
1.013200000000000000e+04,4.073608320070700728e+00
1.013300000000000000e+04,3.967792938313824180e+00
1.013400000000000000e+04,3.718337592961693083e+00
1.013500000000000000e+04,3.566691975491869115e+00
1.013600000000000000e+04,3.762657012029048342e+00
1.013700000000000000e+04,3.791127874080212568e+00
1.013800000000000000e+04,3.876127463050637711e+00
1.013900000000000000e+04,3.657448620753193325e+00
1.014000000000000000e+04,3.783244159900086778e+00
1.014100000000000000e+04,3.656655531769907430e+00
1.014200000000000000e+04,3.925147057577731857e+00
1.014300000000000000e+04,3.876437151449283469e+00
1.014400000000000000e+04,3.576769410940753069e+00
1.014500000000000000e+04,3.850933925032669958e+00
1.014600000000000000e+04,3.916882548752309123e+00
1.014700000000000000e+04,3.825450813320198762e+00
1.014800000000000000e+04,3.827743093084886805e+00
1.014900000000000000e+04,3.799081252941020725e+00
1.015000000000000000e+04,3.896263212498755735e+00
1.015100000000000000e+04,4.041788770673047537e+00
1.015200000000000000e+04,4.064996171732139452e+00
1.015300000000000000e+04,3.584217787904180774e+00
1.015400000000000000e+04,3.727795309941426272e+00
1.015500000000000000e+04,3.703016590109276418e+00
1.015600000000000000e+04,3.752808401791662529e+00
1.015700000000000000e+04,3.567581688919490901e+00
1.015800000000000000e+04,3.739137352589571694e+00
1.015900000000000000e+04,3.777722198253229635e+00
1.016000000000000000e+04,3.681496499683735824e+00
1.016100000000000000e+04,3.477626104108781480e+00
1.016200000000000000e+04,3.978130094363813818e+00
1.016300000000000000e+04,3.841231155309117629e+00
1.016400000000000000e+04,3.849350069268543617e+00
1.016500000000000000e+04,4.038003797073191237e+00
1.016600000000000000e+04,3.456908011997289698e+00
1.016700000000000000e+04,3.669428167731885182e+00
1.016800000000000000e+04,4.001784561200522283e+00
1.016900000000000000e+04,3.671067054475117164e+00
1.017000000000000000e+04,3.771179562894228177e+00
1.017100000000000000e+04,3.965247242986256193e+00
1.017200000000000000e+04,4.030774940715366128e+00
1.017300000000000000e+04,4.068106265927853293e+00
1.017400000000000000e+04,3.638773832010475218e+00
1.017500000000000000e+04,3.536327887729690644e+00
1.017600000000000000e+04,3.624255139345697430e+00
1.017700000000000000e+04,3.797742163526852455e+00
1.017800000000000000e+04,3.842615091340491507e+00
1.017900000000000000e+04,3.639874026687736297e+00
1.018000000000000000e+04,4.314389756520859542e+00
1.018100000000000000e+04,3.597829200585700438e+00
1.018200000000000000e+04,3.561760077245869294e+00
1.018300000000000000e+04,3.705317064213777822e+00
1.018400000000000000e+04,3.787186209424689753e+00
1.018500000000000000e+04,3.544896582954569553e+00
1.018600000000000000e+04,3.973354409675019294e+00
1.018700000000000000e+04,3.703805399890343963e+00
1.018800000000000000e+04,3.565888976582333392e+00
1.018900000000000000e+04,3.851964192513823271e+00
1.019000000000000000e+04,3.337855695551200874e+00
1.019100000000000000e+04,3.533595870955937190e+00
1.019200000000000000e+04,3.690016119460146626e+00
1.019300000000000000e+04,3.790161342854695192e+00
1.019400000000000000e+04,3.320019418183431714e+00
1.019500000000000000e+04,4.007228858763023815e+00
1.019600000000000000e+04,3.810727151980632943e+00
1.019700000000000000e+04,4.018323433476653328e+00
1.019800000000000000e+04,3.864288520768551116e+00
1.019900000000000000e+04,3.745232484375554005e+00
1.020000000000000000e+04,4.107161181228491387e+00
1.020100000000000000e+04,3.633173821058272690e+00
1.020200000000000000e+04,3.713359509087494015e+00
1.020300000000000000e+04,3.609505570564948140e+00
1.020400000000000000e+04,3.601616390843729754e+00
1.020500000000000000e+04,4.011038691337456719e+00
1.020600000000000000e+04,3.550528194886235500e+00
1.020700000000000000e+04,3.536566457462433366e+00
1.020800000000000000e+04,3.917674119584843684e+00
1.020900000000000000e+04,3.587653006822558943e+00
1.021000000000000000e+04,3.817605059791370437e+00
1.021100000000000000e+04,3.770352143929478927e+00
1.021200000000000000e+04,3.804351847261953523e+00
1.021300000000000000e+04,3.712454818096107445e+00
1.021400000000000000e+04,3.737681743873046525e+00
1.021500000000000000e+04,3.564250131331567317e+00
1.021600000000000000e+04,3.806965907282523709e+00
1.021700000000000000e+04,3.568631218733133270e+00
1.021800000000000000e+04,3.704068795648361778e+00
1.021900000000000000e+04,3.406459573106627836e+00
1.022000000000000000e+04,3.784121100609421529e+00
1.022100000000000000e+04,4.011296681594854974e+00
1.022200000000000000e+04,3.818001967460861401e+00
1.022300000000000000e+04,3.852831864583482702e+00
1.022400000000000000e+04,4.214851100396913353e+00
1.022500000000000000e+04,3.757657048597083715e+00
1.022600000000000000e+04,3.439280088089259113e+00
1.022700000000000000e+04,4.047930035773331880e+00
1.022800000000000000e+04,3.707496988096467216e+00
1.022900000000000000e+04,3.926441318083129239e+00
1.023000000000000000e+04,3.696545467875252733e+00
1.023100000000000000e+04,3.700660917819472928e+00
1.023200000000000000e+04,4.007824230360425233e+00
1.023300000000000000e+04,3.801059850274938867e+00
1.023400000000000000e+04,3.582262265713065830e+00
1.023500000000000000e+04,4.096891071937756479e+00
1.023600000000000000e+04,3.614597785461228341e+00
1.023700000000000000e+04,3.674698531932064416e+00
1.023800000000000000e+04,3.821721453786286027e+00
1.023900000000000000e+04,3.775143613911803087e+00
1.024000000000000000e+04,3.648376426237418979e+00
1.024100000000000000e+04,3.654225078484386380e+00
1.024200000000000000e+04,3.886787966169335640e+00
1.024300000000000000e+04,3.588817968357145283e+00
1.024400000000000000e+04,3.818044914030668036e+00
1.024500000000000000e+04,3.566935030915061144e+00
1.024600000000000000e+04,3.699008621671102670e+00
1.024700000000000000e+04,3.841642564161286355e+00
1.024800000000000000e+04,3.585512220665507233e+00
1.024900000000000000e+04,3.573291172243674652e+00
1.025000000000000000e+04,3.767488744325386385e+00
1.025100000000000000e+04,3.816482579500937167e+00
1.025200000000000000e+04,3.703815024733170258e+00
1.025300000000000000e+04,4.015224637753602721e+00
1.025400000000000000e+04,3.840180398246912485e+00
1.025500000000000000e+04,3.993510680309078076e+00
1.025600000000000000e+04,3.704564835985640237e+00
1.025700000000000000e+04,3.675897091373518055e+00
1.025800000000000000e+04,3.526370031638280000e+00
1.025900000000000000e+04,3.888975803001950116e+00
1.026000000000000000e+04,3.830402992517297989e+00
1.026100000000000000e+04,3.646903979905628201e+00
1.026200000000000000e+04,3.821097915161348446e+00
1.026300000000000000e+04,3.620613711748031704e+00
1.026400000000000000e+04,3.753664275360416358e+00
1.026500000000000000e+04,3.622174992798163018e+00
1.026600000000000000e+04,3.805813705544839110e+00
1.026700000000000000e+04,3.656080446708646736e+00
1.026800000000000000e+04,3.726942092940452422e+00
1.026900000000000000e+04,3.688907003115321714e+00
1.027000000000000000e+04,4.248245000879477651e+00
1.027100000000000000e+04,3.880290833106840420e+00
1.027200000000000000e+04,3.800315562499134714e+00
1.027300000000000000e+04,3.607713097714094541e+00
1.027400000000000000e+04,3.780032411660521063e+00
1.027500000000000000e+04,3.636143698965628612e+00
1.027600000000000000e+04,3.901490987734207661e+00
1.027700000000000000e+04,4.060810011383196638e+00
1.027800000000000000e+04,3.473371208278717592e+00
1.027900000000000000e+04,3.550340027699195211e+00
1.028000000000000000e+04,3.852392960188912863e+00
1.028100000000000000e+04,3.664523483932438985e+00
1.028200000000000000e+04,3.932299246625239775e+00
1.028300000000000000e+04,3.644393619039650645e+00
1.028400000000000000e+04,3.613351909904854331e+00
1.028500000000000000e+04,4.295218784829575753e+00
1.028600000000000000e+04,3.642508644029321285e+00
1.028700000000000000e+04,3.731082954727726886e+00
1.028800000000000000e+04,3.836151055553571165e+00
1.028900000000000000e+04,3.653054283676766545e+00
1.029000000000000000e+04,3.621060591586388266e+00
1.029100000000000000e+04,3.615646069005044261e+00
1.029200000000000000e+04,3.793327742728356267e+00
1.029300000000000000e+04,3.731006099523634933e+00
1.029400000000000000e+04,3.646627241827940846e+00
1.029500000000000000e+04,3.863145784400895622e+00
1.029600000000000000e+04,3.961917097483025785e+00
1.029700000000000000e+04,3.963749636805923515e+00
1.029800000000000000e+04,3.526734055695842418e+00
1.029900000000000000e+04,3.644017820758983728e+00
1.030000000000000000e+04,3.824990169687361607e+00
1.030100000000000000e+04,3.856728493404225855e+00
1.030200000000000000e+04,3.834155690638213709e+00
1.030300000000000000e+04,3.548342493326273495e+00
1.030400000000000000e+04,3.729209580288828096e+00
1.030500000000000000e+04,3.621543714096348232e+00
1.030600000000000000e+04,3.888118290425670587e+00
1.030700000000000000e+04,3.526580350238688766e+00
1.030800000000000000e+04,3.810849512175040310e+00
1.030900000000000000e+04,3.739365271714675032e+00
1.031000000000000000e+04,3.763397532769787723e+00
1.031100000000000000e+04,3.688630435683727615e+00
1.031200000000000000e+04,3.918804207800856254e+00
1.031300000000000000e+04,3.949552379585573370e+00
1.031400000000000000e+04,4.182776177299682985e+00
1.031500000000000000e+04,3.520987593312556729e+00
1.031600000000000000e+04,3.998672786683378888e+00
1.031700000000000000e+04,3.700933328279574663e+00
1.031800000000000000e+04,3.591953518849436922e+00
1.031900000000000000e+04,3.831394731926596631e+00
1.032000000000000000e+04,3.542387052171308337e+00
1.032100000000000000e+04,3.973637868017320773e+00
1.032200000000000000e+04,3.666404048240028413e+00
1.032300000000000000e+04,3.503787948975895628e+00
1.032400000000000000e+04,3.816552964824425409e+00
1.032500000000000000e+04,3.753984479472718405e+00
1.032600000000000000e+04,3.543381546376502822e+00
1.032700000000000000e+04,3.622250329229940835e+00
1.032800000000000000e+04,3.956183073572054898e+00
1.032900000000000000e+04,3.940002903372758158e+00
1.033000000000000000e+04,4.009377414404042383e+00
1.033100000000000000e+04,3.685282427492086121e+00
1.033200000000000000e+04,3.928429154069263074e+00
1.033300000000000000e+04,3.813346276605771745e+00
1.033400000000000000e+04,3.528091447244806833e+00
1.033500000000000000e+04,3.903183185770622288e+00
1.033600000000000000e+04,3.637356504358014497e+00
1.033700000000000000e+04,3.669337064406717364e+00
1.033800000000000000e+04,3.485937877891494008e+00
1.033900000000000000e+04,3.648573007987879091e+00
1.034000000000000000e+04,3.679777945047955523e+00
1.034100000000000000e+04,3.678549090739379857e+00
1.034200000000000000e+04,3.751008201332810099e+00
1.034300000000000000e+04,3.585075880219569910e+00
1.034400000000000000e+04,3.348241692878123121e+00
1.034500000000000000e+04,3.713527946871466145e+00
1.034600000000000000e+04,3.924346534820029042e+00
1.034700000000000000e+04,3.673225754658312248e+00
1.034800000000000000e+04,3.821469308205045490e+00
1.034900000000000000e+04,3.763743630463084688e+00
1.035000000000000000e+04,3.566921493857506675e+00
1.035100000000000000e+04,3.873379177793673911e+00
1.035200000000000000e+04,3.737286245439880972e+00
1.035300000000000000e+04,3.816104552920356330e+00
1.035400000000000000e+04,3.646403522147085852e+00
1.035500000000000000e+04,3.366834660820838376e+00
1.035600000000000000e+04,3.667712324064942742e+00
1.035700000000000000e+04,3.650225087782743572e+00
1.035800000000000000e+04,3.753983856886049075e+00
1.035900000000000000e+04,3.474993394459388707e+00
1.036000000000000000e+04,3.832119653789332059e+00
1.036100000000000000e+04,3.670808044971600292e+00
1.036200000000000000e+04,3.600647153981439530e+00
1.036300000000000000e+04,3.976810478369114943e+00
1.036400000000000000e+04,4.061747057254292415e+00
1.036500000000000000e+04,3.863769883738795485e+00
1.036600000000000000e+04,3.691086518128586125e+00
1.036700000000000000e+04,3.813072481835795280e+00
1.036800000000000000e+04,3.931144651440281024e+00
1.036900000000000000e+04,3.622284924228471592e+00
1.037000000000000000e+04,3.785376719810706891e+00
1.037100000000000000e+04,3.981019611247818890e+00
1.037200000000000000e+04,3.698367841898215769e+00
1.037300000000000000e+04,3.671640912158304015e+00
1.037400000000000000e+04,4.062661659547007531e+00
1.037500000000000000e+04,3.755957457078348494e+00
1.037600000000000000e+04,3.936392181672075274e+00
1.037700000000000000e+04,3.883639407512480268e+00
1.037800000000000000e+04,3.882995820970669421e+00
1.037900000000000000e+04,3.566492950318516542e+00
1.038000000000000000e+04,3.545842157404665240e+00
1.038100000000000000e+04,3.723915841092654055e+00
1.038200000000000000e+04,3.847516006669839506e+00
1.038300000000000000e+04,3.944409185379693206e+00
1.038400000000000000e+04,3.951312292219010924e+00
1.038500000000000000e+04,3.875227571781004965e+00
1.038600000000000000e+04,3.506503124501260782e+00
1.038700000000000000e+04,3.790598061971235833e+00
1.038800000000000000e+04,3.703511933447455107e+00
1.038900000000000000e+04,3.551162975690338008e+00
1.039000000000000000e+04,3.653261963321748240e+00
1.039100000000000000e+04,3.783968798591561988e+00
1.039200000000000000e+04,3.816722100261292994e+00
1.039300000000000000e+04,3.622478317523260216e+00
1.039400000000000000e+04,3.518066823221867256e+00
1.039500000000000000e+04,3.836124081900191829e+00
1.039600000000000000e+04,4.080941562248896481e+00
1.039700000000000000e+04,3.683838930655510158e+00
1.039800000000000000e+04,3.701657198201589338e+00
1.039900000000000000e+04,3.773450727576996400e+00
1.040000000000000000e+04,3.607897301261726142e+00
1.040100000000000000e+04,3.633603457789783331e+00
1.040200000000000000e+04,3.640903762953948686e+00
1.040300000000000000e+04,3.688971748542280604e+00
1.040400000000000000e+04,3.697641886674008838e+00
1.040500000000000000e+04,3.805068645932059290e+00
1.040600000000000000e+04,3.646723408795793819e+00
1.040700000000000000e+04,3.714248059587235584e+00
1.040800000000000000e+04,3.887770935022663465e+00
1.040900000000000000e+04,3.746640920872470915e+00
1.041000000000000000e+04,3.736772362885508070e+00
1.041100000000000000e+04,3.805212445893994211e+00
1.041200000000000000e+04,3.805492911458105532e+00
1.041300000000000000e+04,3.862304525305933378e+00
1.041400000000000000e+04,3.532736033291552946e+00
1.041500000000000000e+04,3.936478507325972043e+00
1.041600000000000000e+04,4.191160014896299302e+00
1.041700000000000000e+04,3.785512759103978997e+00
1.041800000000000000e+04,3.421743894343841852e+00
1.041900000000000000e+04,3.707895329799291595e+00
1.042000000000000000e+04,3.781492731258712325e+00
1.042100000000000000e+04,3.842373017696008475e+00
1.042200000000000000e+04,3.744713045039643973e+00
1.042300000000000000e+04,3.708328721075309975e+00
1.042400000000000000e+04,3.867625434205737900e+00
1.042500000000000000e+04,3.667261661373998116e+00
1.042600000000000000e+04,3.880729426491887235e+00
1.042700000000000000e+04,3.840966620634452600e+00
1.042800000000000000e+04,3.659162737627975392e+00
1.042900000000000000e+04,3.998484101570429328e+00
1.043000000000000000e+04,3.844897207238166637e+00
1.043100000000000000e+04,3.619786341732786017e+00
1.043200000000000000e+04,4.028121260351273492e+00
1.043300000000000000e+04,4.012102018959557981e+00
1.043400000000000000e+04,4.021995516135032922e+00
1.043500000000000000e+04,3.584584210496068568e+00
1.043600000000000000e+04,3.593247447608536760e+00
1.043700000000000000e+04,3.548603191566913395e+00
1.043800000000000000e+04,3.625310914412419372e+00
1.043900000000000000e+04,4.092417477831808093e+00
1.044000000000000000e+04,3.575660047263388375e+00
1.044100000000000000e+04,3.795988413460341881e+00
1.044200000000000000e+04,3.630431091696225909e+00
1.044300000000000000e+04,3.396135408565300384e+00
1.044400000000000000e+04,3.588393123365722026e+00
1.044500000000000000e+04,3.638960676063996758e+00
1.044600000000000000e+04,3.771993598433908357e+00
1.044700000000000000e+04,3.643735730477848822e+00
1.044800000000000000e+04,3.834318342221746612e+00
1.044900000000000000e+04,3.901107331320325500e+00
1.045000000000000000e+04,3.774580470144845989e+00
1.045100000000000000e+04,3.819639521694530249e+00
1.045200000000000000e+04,3.725425764867057232e+00
1.045300000000000000e+04,3.858403131863770597e+00
1.045400000000000000e+04,3.638130482325820925e+00
1.045500000000000000e+04,4.116968091570694988e+00
1.045600000000000000e+04,3.674702036084314116e+00
1.045700000000000000e+04,3.912257934793151648e+00
1.045800000000000000e+04,3.376508784583264422e+00
1.045900000000000000e+04,3.712753006295775648e+00
1.046000000000000000e+04,3.826019080217069046e+00
1.046100000000000000e+04,3.831600348947759915e+00
1.046200000000000000e+04,4.026017439795285924e+00
1.046300000000000000e+04,3.912247727140385933e+00
1.046400000000000000e+04,3.779032419768226791e+00
1.046500000000000000e+04,3.685710917142569265e+00
1.046600000000000000e+04,3.902333580607073138e+00
1.046700000000000000e+04,3.868512254040290532e+00
1.046800000000000000e+04,3.563531527964288514e+00
1.046900000000000000e+04,3.699279626456303927e+00
1.047000000000000000e+04,3.987395162074095278e+00
1.047100000000000000e+04,3.740625413228380935e+00
1.047200000000000000e+04,3.372712816672576608e+00
1.047300000000000000e+04,3.456622467363973161e+00
1.047400000000000000e+04,4.074022145168255449e+00
1.047500000000000000e+04,3.784812135415476231e+00
1.047600000000000000e+04,3.543426771287841781e+00
1.047700000000000000e+04,3.690064876067010058e+00
1.047800000000000000e+04,4.024497828459335125e+00
1.047900000000000000e+04,3.880123912621543436e+00
1.048000000000000000e+04,3.628931480527076037e+00
1.048100000000000000e+04,3.814067698341518042e+00
1.048200000000000000e+04,3.784720496015244517e+00
1.048300000000000000e+04,3.577270267268553905e+00
1.048400000000000000e+04,3.818495660945968595e+00
1.048500000000000000e+04,3.988904646766533446e+00
1.048600000000000000e+04,3.716168381156710776e+00
1.048700000000000000e+04,3.681854478653508789e+00
1.048800000000000000e+04,3.904259718607649088e+00
1.048900000000000000e+04,3.701439232146284120e+00
1.049000000000000000e+04,3.872682572381008992e+00
1.049100000000000000e+04,3.510382300708520642e+00
1.049200000000000000e+04,3.184473623350366545e+00
1.049300000000000000e+04,3.723181885675614033e+00
1.049400000000000000e+04,3.762301511528005182e+00
1.049500000000000000e+04,4.049126709879873331e+00
1.049600000000000000e+04,3.608953016694094629e+00
1.049700000000000000e+04,3.861952110892365120e+00
1.049800000000000000e+04,3.567836524270143972e+00
1.049900000000000000e+04,3.729074357038727250e+00
1.050000000000000000e+04,3.713799995862701930e+00
1.050100000000000000e+04,4.049420859081444668e+00
1.050200000000000000e+04,3.612834404942486088e+00
1.050300000000000000e+04,3.945519717525286296e+00
1.050400000000000000e+04,3.664121436177453450e+00
1.050500000000000000e+04,3.643708247342289930e+00
1.050600000000000000e+04,3.756008011421196446e+00
1.050700000000000000e+04,3.817151116623507257e+00
1.050800000000000000e+04,3.918451561448452303e+00
1.050900000000000000e+04,3.691023254756029992e+00
1.051000000000000000e+04,3.963427673490084846e+00
1.051100000000000000e+04,3.839132868912406238e+00
1.051200000000000000e+04,3.818588850313671124e+00
1.051300000000000000e+04,4.046621659540758920e+00
1.051400000000000000e+04,3.800899271150830927e+00
1.051500000000000000e+04,4.193317962691548217e+00
1.051600000000000000e+04,3.645646474029085038e+00
1.051700000000000000e+04,3.791866612851669149e+00
1.051800000000000000e+04,3.802436512976266947e+00
1.051900000000000000e+04,3.554584798310403748e+00
1.052000000000000000e+04,3.806623740672616663e+00
1.052100000000000000e+04,3.763378694168407534e+00
1.052200000000000000e+04,3.898315443601671593e+00
1.052300000000000000e+04,3.754158390837798454e+00
1.052400000000000000e+04,3.424402278100671104e+00
1.052500000000000000e+04,3.423594078105976379e+00
1.052600000000000000e+04,3.419755667939076815e+00
1.052700000000000000e+04,3.960974449511433182e+00
1.052800000000000000e+04,3.644980796141385593e+00
1.052900000000000000e+04,3.745765561589312398e+00
1.053000000000000000e+04,3.488252449215587525e+00
1.053100000000000000e+04,3.856732426394317681e+00
1.053200000000000000e+04,3.685506253403463273e+00
1.053300000000000000e+04,3.868332757926034038e+00
1.053400000000000000e+04,3.895741058714273564e+00
1.053500000000000000e+04,4.091192289309759644e+00
1.053600000000000000e+04,4.072673585365198079e+00
1.053700000000000000e+04,3.577830967747954283e+00
1.053800000000000000e+04,3.728708341910699886e+00
1.053900000000000000e+04,3.775129138488183322e+00
1.054000000000000000e+04,3.748800206385647815e+00
1.054100000000000000e+04,3.706289957439361071e+00
1.054200000000000000e+04,3.437777813001114069e+00
1.054300000000000000e+04,3.888896403934852586e+00
1.054400000000000000e+04,3.483091346250601905e+00
1.054500000000000000e+04,3.728448323082324656e+00
1.054600000000000000e+04,4.044941863090493861e+00
1.054700000000000000e+04,3.976836464861850384e+00
1.054800000000000000e+04,3.748628493271349171e+00
1.054900000000000000e+04,3.863035220342624143e+00
1.055000000000000000e+04,3.658478286914593092e+00
1.055100000000000000e+04,4.039509703684729836e+00
1.055200000000000000e+04,3.324282068213780583e+00
1.055300000000000000e+04,3.566071578940391618e+00
1.055400000000000000e+04,3.656303780269357429e+00
1.055500000000000000e+04,4.171893231969961313e+00
1.055600000000000000e+04,3.731623037559787637e+00
1.055700000000000000e+04,3.878725632920028588e+00
1.055800000000000000e+04,3.884033312333873500e+00
1.055900000000000000e+04,3.740703858952593830e+00
1.056000000000000000e+04,3.490648971183714977e+00
1.056100000000000000e+04,3.609762395645443434e+00
1.056200000000000000e+04,3.769878528226280334e+00
1.056300000000000000e+04,3.661019954567638734e+00
1.056400000000000000e+04,3.807230500618586255e+00
1.056500000000000000e+04,3.874598927442189034e+00
1.056600000000000000e+04,4.068101738554720015e+00
1.056700000000000000e+04,3.773662728141437661e+00
1.056800000000000000e+04,3.761506882566794996e+00
1.056900000000000000e+04,4.135048753521591181e+00
1.057000000000000000e+04,3.824749538535140214e+00
1.057100000000000000e+04,3.895943071845667127e+00
1.057200000000000000e+04,3.740473509568434274e+00
1.057300000000000000e+04,3.766800171462698188e+00
1.057400000000000000e+04,3.692532929118426122e+00
1.057500000000000000e+04,4.069131349300112888e+00
1.057600000000000000e+04,3.986783724588274680e+00
1.057700000000000000e+04,3.713550735830716487e+00
1.057800000000000000e+04,3.949254856751546860e+00
1.057900000000000000e+04,3.796794866507302579e+00
1.058000000000000000e+04,3.796718868438861527e+00
1.058100000000000000e+04,3.751251261948131077e+00
1.058200000000000000e+04,3.867306351210405779e+00
1.058300000000000000e+04,3.633318780957403682e+00
1.058400000000000000e+04,3.901013037793465532e+00
1.058500000000000000e+04,3.932943886360124708e+00
1.058600000000000000e+04,3.684019875551160617e+00
1.058700000000000000e+04,3.625973888582302518e+00
1.058800000000000000e+04,3.691122072817901945e+00
1.058900000000000000e+04,3.947259232722920341e+00
1.059000000000000000e+04,3.865749362628996710e+00
1.059100000000000000e+04,3.673297811967218163e+00
1.059200000000000000e+04,3.898208290030170886e+00
1.059300000000000000e+04,3.494307411578318590e+00
1.059400000000000000e+04,3.720077706527987971e+00
1.059500000000000000e+04,3.786934817033836165e+00
1.059600000000000000e+04,3.884478127851407780e+00
1.059700000000000000e+04,3.756257737634873362e+00
1.059800000000000000e+04,3.573321671474791295e+00
1.059900000000000000e+04,3.905737619327114718e+00
1.060000000000000000e+04,3.975244296710608083e+00
1.060100000000000000e+04,3.409632570958041509e+00
1.060200000000000000e+04,3.734710567699006667e+00
1.060300000000000000e+04,3.602783732464359012e+00
1.060400000000000000e+04,3.688462448286336848e+00
1.060500000000000000e+04,3.747113875923766546e+00
1.060600000000000000e+04,3.464560761112824849e+00
1.060700000000000000e+04,3.923534672888943753e+00
1.060800000000000000e+04,3.938779419920984903e+00
1.060900000000000000e+04,3.736280631106136951e+00
1.061000000000000000e+04,3.582717087205709916e+00
1.061100000000000000e+04,3.847336485022707642e+00
1.061200000000000000e+04,4.029941624926931532e+00
1.061300000000000000e+04,3.496795927542049487e+00
1.061400000000000000e+04,3.799880114345116855e+00
1.061500000000000000e+04,3.518452075345154917e+00
1.061600000000000000e+04,3.858855198419196775e+00
1.061700000000000000e+04,4.012891245856920364e+00
1.061800000000000000e+04,3.604686913496173428e+00
1.061900000000000000e+04,3.476186043665301817e+00
1.062000000000000000e+04,3.929034772517240981e+00
1.062100000000000000e+04,3.846345497052124252e+00
1.062200000000000000e+04,3.518896403627931324e+00
1.062300000000000000e+04,3.452884658065809020e+00
1.062400000000000000e+04,3.633710694918021122e+00
1.062500000000000000e+04,3.789378610182196461e+00
1.062600000000000000e+04,3.455085214804767269e+00
1.062700000000000000e+04,3.664034943136214473e+00
1.062800000000000000e+04,3.790435522013372971e+00
1.062900000000000000e+04,3.863466524801658419e+00
1.063000000000000000e+04,3.825411785608650916e+00
1.063100000000000000e+04,3.725194154060925023e+00
1.063200000000000000e+04,4.001421612869513922e+00
1.063300000000000000e+04,3.573067550851818375e+00
1.063400000000000000e+04,3.781846702662023496e+00
1.063500000000000000e+04,3.420484448285330270e+00
1.063600000000000000e+04,3.692158964787405129e+00
1.063700000000000000e+04,3.665100050418642841e+00
1.063800000000000000e+04,3.716848939151314646e+00
1.063900000000000000e+04,3.646199048591537206e+00
1.064000000000000000e+04,3.386663436125768367e+00
1.064100000000000000e+04,3.863658584516803884e+00
1.064200000000000000e+04,3.630865927988342179e+00
1.064300000000000000e+04,3.467495889861289093e+00
1.064400000000000000e+04,4.102554049599565822e+00
1.064500000000000000e+04,3.304742757234065298e+00
1.064600000000000000e+04,3.643407784295905838e+00
1.064700000000000000e+04,3.716347316803303880e+00
1.064800000000000000e+04,3.499843542303879840e+00
1.064900000000000000e+04,3.940801693292236507e+00
1.065000000000000000e+04,3.806145859042995738e+00
1.065100000000000000e+04,3.545335173902126602e+00
1.065200000000000000e+04,3.750108390206901010e+00
1.065300000000000000e+04,3.628498825505567904e+00
1.065400000000000000e+04,3.951831089658868645e+00
1.065500000000000000e+04,3.815579606833825022e+00
1.065600000000000000e+04,3.889686536989398924e+00
1.065700000000000000e+04,3.942336597507993812e+00
1.065800000000000000e+04,3.411845992540141204e+00
1.065900000000000000e+04,3.584458504935078782e+00
1.066000000000000000e+04,3.841898826908024311e+00
1.066100000000000000e+04,3.529545030207203116e+00
1.066200000000000000e+04,3.388454693395713146e+00
1.066300000000000000e+04,3.718063701870820026e+00
1.066400000000000000e+04,3.803209662338199681e+00
1.066500000000000000e+04,3.713009272503070779e+00
1.066600000000000000e+04,3.819875220328333931e+00
1.066700000000000000e+04,3.906418999258759683e+00
1.066800000000000000e+04,3.564420340434245382e+00
1.066900000000000000e+04,3.663279806928639193e+00
1.067000000000000000e+04,3.433623143327981797e+00
1.067100000000000000e+04,3.798707812493018032e+00
1.067200000000000000e+04,3.814431646808046139e+00
1.067300000000000000e+04,3.872711722993411598e+00
1.067400000000000000e+04,3.511547720727624444e+00
1.067500000000000000e+04,3.553668115159482443e+00
1.067600000000000000e+04,3.534518616537067004e+00
1.067700000000000000e+04,3.587104288473025093e+00
1.067800000000000000e+04,3.643686936712270619e+00
1.067900000000000000e+04,3.597312839734844392e+00
1.068000000000000000e+04,3.924245419744395225e+00
1.068100000000000000e+04,3.737661541703340529e+00
1.068200000000000000e+04,3.744095018574730371e+00
1.068300000000000000e+04,3.688512728666256457e+00
1.068400000000000000e+04,4.084113200258828513e+00
1.068500000000000000e+04,3.860392383751729994e+00
1.068600000000000000e+04,3.702555172500707759e+00
1.068700000000000000e+04,3.823330445755530604e+00
1.068800000000000000e+04,3.865382183415745132e+00
1.068900000000000000e+04,3.737688619573932947e+00
1.069000000000000000e+04,3.687692623765608246e+00
1.069100000000000000e+04,3.861176351068540846e+00
1.069200000000000000e+04,3.771687107758057156e+00
1.069300000000000000e+04,3.689718450868635813e+00
1.069400000000000000e+04,3.698269307192041389e+00
1.069500000000000000e+04,3.801050186929748165e+00
1.069600000000000000e+04,3.829126968350298199e+00
1.069700000000000000e+04,3.878922617132674944e+00
1.069800000000000000e+04,3.868529910410202888e+00
1.069900000000000000e+04,3.653470130474270938e+00
1.070000000000000000e+04,3.455751169965455283e+00
1.070100000000000000e+04,3.782470597349613772e+00
1.070200000000000000e+04,3.792424697071349105e+00
1.070300000000000000e+04,3.847287245155750934e+00
1.070400000000000000e+04,3.592146770304966541e+00
1.070500000000000000e+04,3.828444915264791248e+00
1.070600000000000000e+04,3.530784310454644359e+00
1.070700000000000000e+04,3.910905891204020435e+00
1.070800000000000000e+04,3.817418974838625800e+00
1.070900000000000000e+04,4.061345553954311072e+00
1.071000000000000000e+04,4.271236581719942471e+00
1.071100000000000000e+04,3.617687828095437208e+00
1.071200000000000000e+04,3.850198762739694303e+00
1.071300000000000000e+04,3.654804435811812802e+00
1.071400000000000000e+04,3.892097925804277381e+00
1.071500000000000000e+04,3.736144795757846637e+00
1.071600000000000000e+04,3.851807861533502741e+00
1.071700000000000000e+04,3.272806630455229016e+00
1.071800000000000000e+04,3.764911656605870682e+00
1.071900000000000000e+04,3.684772522273326967e+00
1.072000000000000000e+04,3.918586896207430836e+00
1.072100000000000000e+04,3.911649982345887455e+00
1.072200000000000000e+04,3.933847758470175204e+00
1.072300000000000000e+04,3.621843626009697115e+00
1.072400000000000000e+04,4.063058293166357693e+00
1.072500000000000000e+04,3.855217434451094771e+00
1.072600000000000000e+04,3.611871177711569292e+00
1.072700000000000000e+04,3.672969381453388582e+00
1.072800000000000000e+04,3.657155351392590958e+00
1.072900000000000000e+04,3.489778088126743061e+00
1.073000000000000000e+04,3.635348998671249277e+00
1.073100000000000000e+04,3.912345645784743642e+00
1.073200000000000000e+04,3.586795362127383591e+00
1.073300000000000000e+04,3.623135289459883168e+00
1.073400000000000000e+04,3.668416071837518722e+00
1.073500000000000000e+04,3.827789816663861089e+00
1.073600000000000000e+04,3.548769889145609646e+00
1.073700000000000000e+04,3.767934636063403175e+00
1.073800000000000000e+04,3.951078901521634545e+00
1.073900000000000000e+04,4.191773484716843079e+00
1.074000000000000000e+04,3.528124453083990808e+00
1.074100000000000000e+04,3.660242645656100802e+00
1.074200000000000000e+04,3.995753017101873805e+00
1.074300000000000000e+04,3.920490674172946832e+00
1.074400000000000000e+04,4.101866023680128315e+00
1.074500000000000000e+04,3.626592486719832031e+00
1.074600000000000000e+04,3.494437461446443294e+00
1.074700000000000000e+04,3.879107542375729967e+00
1.074800000000000000e+04,3.732312043411519564e+00
1.074900000000000000e+04,3.900480275047460310e+00
1.075000000000000000e+04,4.006542903458598204e+00
1.075100000000000000e+04,3.981246402554467156e+00
1.075200000000000000e+04,3.539083471175682671e+00
1.075300000000000000e+04,3.912342956974386610e+00
1.075400000000000000e+04,3.693781740531840274e+00
1.075500000000000000e+04,3.880556936571663229e+00
1.075600000000000000e+04,3.685745042062736676e+00
1.075700000000000000e+04,3.896576895712472677e+00
1.075800000000000000e+04,3.727354256476073768e+00
1.075900000000000000e+04,3.582542216634864829e+00
1.076000000000000000e+04,3.776788643821514579e+00
1.076100000000000000e+04,3.495884079630425134e+00
1.076200000000000000e+04,3.842162362124874164e+00
1.076300000000000000e+04,3.564331362066710973e+00
1.076400000000000000e+04,3.730363656388923310e+00
1.076500000000000000e+04,3.935888784464909751e+00
1.076600000000000000e+04,3.934729526936438404e+00
1.076700000000000000e+04,3.879448140636492681e+00
1.076800000000000000e+04,3.676926434114053066e+00
1.076900000000000000e+04,3.399077279870136969e+00
1.077000000000000000e+04,4.067156783755442540e+00
1.077100000000000000e+04,3.598756926939426837e+00
1.077200000000000000e+04,3.944204430421850205e+00
1.077300000000000000e+04,3.779076837261783783e+00
1.077400000000000000e+04,3.599845459728385322e+00
1.077500000000000000e+04,3.741593683708137608e+00
1.077600000000000000e+04,3.622630979398110629e+00
1.077700000000000000e+04,3.774015363325506023e+00
1.077800000000000000e+04,3.812130750375530841e+00
1.077900000000000000e+04,3.940893530913773812e+00
1.078000000000000000e+04,4.330198375017468848e+00
1.078100000000000000e+04,4.027207940657753227e+00
1.078200000000000000e+04,3.963495853322132056e+00
1.078300000000000000e+04,3.674000294095089991e+00
1.078400000000000000e+04,3.810914908164507953e+00
1.078500000000000000e+04,3.913888821349758018e+00
1.078600000000000000e+04,3.415057507249488200e+00
1.078700000000000000e+04,3.675200553256414704e+00
1.078800000000000000e+04,3.650215917482106498e+00
1.078900000000000000e+04,3.702997988431364185e+00
1.079000000000000000e+04,3.534010015039250607e+00
1.079100000000000000e+04,3.552286328990652997e+00
1.079200000000000000e+04,3.924113110720848230e+00
1.079300000000000000e+04,3.582067968173989758e+00
1.079400000000000000e+04,4.141213625183111091e+00
1.079500000000000000e+04,3.414269034113695866e+00
1.079600000000000000e+04,3.624463412293949194e+00
1.079700000000000000e+04,3.788843961435057306e+00
1.079800000000000000e+04,4.096040927540722798e+00
1.079900000000000000e+04,3.748247601305932708e+00
1.080000000000000000e+04,3.588659996685920284e+00
1.080100000000000000e+04,4.030802541803042871e+00
1.080200000000000000e+04,3.476752191295614747e+00
1.080300000000000000e+04,3.622860589095883377e+00
1.080400000000000000e+04,3.479320627928705001e+00
1.080500000000000000e+04,3.417065419698677609e+00
1.080600000000000000e+04,3.663966501225066175e+00
1.080700000000000000e+04,3.647638254433808846e+00
1.080800000000000000e+04,3.733128233137194663e+00
1.080900000000000000e+04,3.992610298427295312e+00
1.081000000000000000e+04,3.715407172307853223e+00
1.081100000000000000e+04,3.651585398376661740e+00
1.081200000000000000e+04,3.789993535979693462e+00
1.081300000000000000e+04,3.692045012155943162e+00
1.081400000000000000e+04,3.680372736168292302e+00
1.081500000000000000e+04,3.925405197607020114e+00
1.081600000000000000e+04,3.578640921225999971e+00
1.081700000000000000e+04,3.838107609776377327e+00
1.081800000000000000e+04,3.819072947443031385e+00
1.081900000000000000e+04,3.483830903005236568e+00
1.082000000000000000e+04,3.896462626108894156e+00
1.082100000000000000e+04,3.539290442282084115e+00
1.082200000000000000e+04,3.811291625741575650e+00
1.082300000000000000e+04,3.558327985031625396e+00
1.082400000000000000e+04,3.736590974081074101e+00
1.082500000000000000e+04,3.579705567575383274e+00
1.082600000000000000e+04,3.976722030950452957e+00
1.082700000000000000e+04,3.996604453137341917e+00
1.082800000000000000e+04,3.920444157711095556e+00
1.082900000000000000e+04,4.072323952582483919e+00
1.083000000000000000e+04,3.515823875529501485e+00
1.083100000000000000e+04,3.923297673330562674e+00
1.083200000000000000e+04,3.686626593989222211e+00
1.083300000000000000e+04,3.609462263254673342e+00
1.083400000000000000e+04,3.747717693194242194e+00
1.083500000000000000e+04,3.628724930301219231e+00
1.083600000000000000e+04,3.785710631079877597e+00
1.083700000000000000e+04,3.839750573616360185e+00
1.083800000000000000e+04,3.199076499910566973e+00
1.083900000000000000e+04,3.686120402591404943e+00
1.084000000000000000e+04,3.609020026508190426e+00
1.084100000000000000e+04,3.580866120754357507e+00
1.084200000000000000e+04,3.549122634637051021e+00
1.084300000000000000e+04,3.878451015169525284e+00
1.084400000000000000e+04,3.874203998634077273e+00
1.084500000000000000e+04,3.429828510401111252e+00
1.084600000000000000e+04,4.054615579707553152e+00
1.084700000000000000e+04,3.891212038984679822e+00
1.084800000000000000e+04,3.354186345330997909e+00
1.084900000000000000e+04,3.571864652876099555e+00
1.085000000000000000e+04,3.905783577809937679e+00
1.085100000000000000e+04,3.941341845817945888e+00
1.085200000000000000e+04,3.523747404359835578e+00
1.085300000000000000e+04,3.907542253780936559e+00
1.085400000000000000e+04,3.874560530745800424e+00
1.085500000000000000e+04,3.557425277764870053e+00
1.085600000000000000e+04,3.919410487763370199e+00
1.085700000000000000e+04,4.102566467748436807e+00
1.085800000000000000e+04,3.768198124540969030e+00
1.085900000000000000e+04,3.654227355428270485e+00
1.086000000000000000e+04,3.492315953662626704e+00
1.086100000000000000e+04,3.554589252505469421e+00
1.086200000000000000e+04,3.770711405203790001e+00
1.086300000000000000e+04,3.518826020964407775e+00
1.086400000000000000e+04,3.664147751727238500e+00
1.086500000000000000e+04,3.831472413691289436e+00
1.086600000000000000e+04,3.746085456825396953e+00
1.086700000000000000e+04,3.540523806303671694e+00
1.086800000000000000e+04,3.613664197475534134e+00
1.086900000000000000e+04,4.007597956162404884e+00
1.087000000000000000e+04,3.571461089671821743e+00
1.087100000000000000e+04,3.800435495145664699e+00
1.087200000000000000e+04,3.731365498840464312e+00
1.087300000000000000e+04,3.758310846933341498e+00
1.087400000000000000e+04,4.051894063552527570e+00
1.087500000000000000e+04,3.583693529054543081e+00
1.087600000000000000e+04,3.565412178401043075e+00
1.087700000000000000e+04,3.707716150284094958e+00
1.087800000000000000e+04,3.774718044400043215e+00
1.087900000000000000e+04,3.594456281993546831e+00
1.088000000000000000e+04,4.041796222153061890e+00
1.088100000000000000e+04,3.452639792357183879e+00
1.088200000000000000e+04,3.617562841997264744e+00
1.088300000000000000e+04,3.569056366382237222e+00
1.088400000000000000e+04,3.486137090836301855e+00
1.088500000000000000e+04,3.939446576780899267e+00
1.088600000000000000e+04,3.690274306241667190e+00
1.088700000000000000e+04,3.744171159440061292e+00
1.088800000000000000e+04,3.740833387209377303e+00
1.088900000000000000e+04,3.723059512141537297e+00
1.089000000000000000e+04,3.507891567172018554e+00
1.089100000000000000e+04,3.869733342982145441e+00
1.089200000000000000e+04,3.542591632065887008e+00
1.089300000000000000e+04,4.310261944165564074e+00
1.089400000000000000e+04,3.772580274942566536e+00
1.089500000000000000e+04,3.999587831002497929e+00
1.089600000000000000e+04,3.782794313733044422e+00
1.089700000000000000e+04,3.532170191589675046e+00
1.089800000000000000e+04,3.510898923823852158e+00
1.089900000000000000e+04,3.827794439551589711e+00
1.090000000000000000e+04,3.622768726098788417e+00
1.090100000000000000e+04,3.867446594988383612e+00
1.090200000000000000e+04,3.573489071518429760e+00
1.090300000000000000e+04,3.526343402350336387e+00
1.090400000000000000e+04,4.018912393081399692e+00
1.090500000000000000e+04,3.762153196409781408e+00
1.090600000000000000e+04,3.915886307004185607e+00
1.090700000000000000e+04,3.717060391211712389e+00
1.090800000000000000e+04,3.654950118779069168e+00
1.090900000000000000e+04,3.674647333623484169e+00
1.091000000000000000e+04,3.870092279708194027e+00
1.091100000000000000e+04,3.606856111819535027e+00
1.091200000000000000e+04,3.740303033000088817e+00
1.091300000000000000e+04,4.087938354803043239e+00
1.091400000000000000e+04,3.663065960517004171e+00
1.091500000000000000e+04,3.561789145572485715e+00
1.091600000000000000e+04,3.468944372210445604e+00
1.091700000000000000e+04,3.778671213402388762e+00
1.091800000000000000e+04,3.510080001117767523e+00
1.091900000000000000e+04,3.884556650468014016e+00
1.092000000000000000e+04,3.723421850375312037e+00
1.092100000000000000e+04,3.960913327482862289e+00
1.092200000000000000e+04,3.723132308374693444e+00
1.092300000000000000e+04,3.777382301052508939e+00
1.092400000000000000e+04,3.659023992115360890e+00
1.092500000000000000e+04,3.993289735025848497e+00
1.092600000000000000e+04,3.639624217856276100e+00
1.092700000000000000e+04,3.721943627008408306e+00
1.092800000000000000e+04,4.106272174859546098e+00
1.092900000000000000e+04,3.577617720761286257e+00
1.093000000000000000e+04,3.916474418061213658e+00
1.093100000000000000e+04,3.649512019414694830e+00
1.093200000000000000e+04,3.810757818396337093e+00
1.093300000000000000e+04,3.532311309635245422e+00
1.093400000000000000e+04,3.813393710473228726e+00
1.093500000000000000e+04,3.715451369136829385e+00
1.093600000000000000e+04,3.594531153803968149e+00
1.093700000000000000e+04,3.825864776824051017e+00
1.093800000000000000e+04,3.506663266827473979e+00
1.093900000000000000e+04,3.694982844166265767e+00
1.094000000000000000e+04,3.797291747292863562e+00
1.094100000000000000e+04,4.018167002309022351e+00
1.094200000000000000e+04,3.884954216614297628e+00
1.094300000000000000e+04,3.923515999276944388e+00
1.094400000000000000e+04,3.658016631572321931e+00
1.094500000000000000e+04,3.407051310543276479e+00
1.094600000000000000e+04,4.168283802080157585e+00
1.094700000000000000e+04,3.577839679400077522e+00
1.094800000000000000e+04,3.876779095310159740e+00
1.094900000000000000e+04,3.782430492155913093e+00
1.095000000000000000e+04,3.709304159592627048e+00
1.095100000000000000e+04,3.736629965297624700e+00
1.095200000000000000e+04,3.669710699669160636e+00
1.095300000000000000e+04,3.900242671905304270e+00
1.095400000000000000e+04,3.781196079618983408e+00
1.095500000000000000e+04,3.562048450038002745e+00
1.095600000000000000e+04,3.730253996843004405e+00
1.095700000000000000e+04,3.864978312475150446e+00
1.095800000000000000e+04,3.760679166999595147e+00
1.095900000000000000e+04,3.561968497289716762e+00
1.096000000000000000e+04,3.687740163431101337e+00
1.096100000000000000e+04,3.834220435547539552e+00
1.096200000000000000e+04,3.809670670521202229e+00
1.096300000000000000e+04,3.685883727885692629e+00
1.096400000000000000e+04,3.665064105323230681e+00
1.096500000000000000e+04,3.968095903539719416e+00
1.096600000000000000e+04,3.871785688858436103e+00
1.096700000000000000e+04,4.003051874170520996e+00
1.096800000000000000e+04,3.975738926023514530e+00
1.096900000000000000e+04,3.868993438139247232e+00
1.097000000000000000e+04,3.874656171532621762e+00
1.097100000000000000e+04,3.838237582399859349e+00
1.097200000000000000e+04,3.515888708164904841e+00
1.097300000000000000e+04,3.797829018502763443e+00
1.097400000000000000e+04,3.758677583992564131e+00
1.097500000000000000e+04,3.763740727120766127e+00
1.097600000000000000e+04,3.793835709527810796e+00
1.097700000000000000e+04,3.721282744345456361e+00
1.097800000000000000e+04,3.674615572858757062e+00
1.097900000000000000e+04,3.724106744821727322e+00
1.098000000000000000e+04,3.775697384169468318e+00
1.098100000000000000e+04,3.745046853606940118e+00
1.098200000000000000e+04,3.676966918186550970e+00
1.098300000000000000e+04,3.946266353642545521e+00
1.098400000000000000e+04,3.786125078758495910e+00
1.098500000000000000e+04,3.991027393262103207e+00
1.098600000000000000e+04,3.972233595758971614e+00
1.098700000000000000e+04,3.974864085385271473e+00
1.098800000000000000e+04,3.812865431263308569e+00
1.098900000000000000e+04,3.784235292125520456e+00
1.099000000000000000e+04,3.729918785517846391e+00
1.099100000000000000e+04,3.541959066026469927e+00
1.099200000000000000e+04,3.842377343254952837e+00
1.099300000000000000e+04,3.812766829759098641e+00
1.099400000000000000e+04,3.695995956182746234e+00
1.099500000000000000e+04,3.571692781315666476e+00
1.099600000000000000e+04,3.750536948275672522e+00
1.099700000000000000e+04,3.739444529613647816e+00
1.099800000000000000e+04,3.812711134865082396e+00
1.099900000000000000e+04,3.824932695674514882e+00
1.100000000000000000e+04,3.515814354494184890e+00
1.100100000000000000e+04,3.603689916016346029e+00
1.100200000000000000e+04,3.870988161375922054e+00
1.100300000000000000e+04,3.673572937754836065e+00
1.100400000000000000e+04,3.996882735802381514e+00
1.100500000000000000e+04,3.892972129544715720e+00
1.100600000000000000e+04,3.902030660000583850e+00
1.100700000000000000e+04,3.667197278841381358e+00
1.100800000000000000e+04,3.723817387228724574e+00
1.100900000000000000e+04,3.517488446780681954e+00
1.101000000000000000e+04,3.887933961640218872e+00
1.101100000000000000e+04,3.772455974849072469e+00
1.101200000000000000e+04,3.808070821715039855e+00
1.101300000000000000e+04,3.628501003514022383e+00
1.101400000000000000e+04,3.668412173292843637e+00
1.101500000000000000e+04,3.611223933549960741e+00
1.101600000000000000e+04,3.708203521877864173e+00
1.101700000000000000e+04,3.827651209560162027e+00
1.101800000000000000e+04,3.740735697448177355e+00
1.101900000000000000e+04,3.974024053087008568e+00
1.102000000000000000e+04,3.659691284621719554e+00
1.102100000000000000e+04,3.699072668876605796e+00
1.102200000000000000e+04,3.655955739006935268e+00
1.102300000000000000e+04,3.465365027178757273e+00
1.102400000000000000e+04,3.684415061579104478e+00
1.102500000000000000e+04,3.710325361242599929e+00
1.102600000000000000e+04,3.552241440594265498e+00
1.102700000000000000e+04,3.551370323352829761e+00
1.102800000000000000e+04,3.664351422997964125e+00
1.102900000000000000e+04,3.618551775795913361e+00
1.103000000000000000e+04,3.496119327858746129e+00
1.103100000000000000e+04,3.865931059827195426e+00
1.103200000000000000e+04,4.026678589445742418e+00
1.103300000000000000e+04,3.587377072319207993e+00
1.103400000000000000e+04,3.705132631296122359e+00
1.103500000000000000e+04,3.787217625817309141e+00
1.103600000000000000e+04,3.645183568559099641e+00
1.103700000000000000e+04,3.715767744805837491e+00
1.103800000000000000e+04,3.721013141948418035e+00
1.103900000000000000e+04,3.411014631980108902e+00
1.104000000000000000e+04,3.746364432926184485e+00
1.104100000000000000e+04,3.924128683866144662e+00
1.104200000000000000e+04,3.679983789039625641e+00
1.104300000000000000e+04,3.744670494968856733e+00
1.104400000000000000e+04,3.906106667727117010e+00
1.104500000000000000e+04,3.842119423172841941e+00
1.104600000000000000e+04,3.737121195951405017e+00
1.104700000000000000e+04,3.802424839950242053e+00
1.104800000000000000e+04,3.953478183778898813e+00
1.104900000000000000e+04,4.137277178787958754e+00
1.105000000000000000e+04,4.020319833094667672e+00
1.105100000000000000e+04,3.938939973146977636e+00
1.105200000000000000e+04,3.664073114779227591e+00
1.105300000000000000e+04,3.855652737039762190e+00
1.105400000000000000e+04,3.821460803826511210e+00
1.105500000000000000e+04,3.887576603282917542e+00
1.105600000000000000e+04,4.028640261168885850e+00
1.105700000000000000e+04,3.389541558513597064e+00
1.105800000000000000e+04,3.848961904235747244e+00
1.105900000000000000e+04,3.674118075690928187e+00
1.106000000000000000e+04,3.703429767672226980e+00
1.106100000000000000e+04,3.597378002612255710e+00
1.106200000000000000e+04,3.609376986049335656e+00
1.106300000000000000e+04,3.809081769981383481e+00
1.106400000000000000e+04,4.062610191659241643e+00
1.106500000000000000e+04,3.873202231637137949e+00
1.106600000000000000e+04,3.867517164765244431e+00
1.106700000000000000e+04,3.753819809251873529e+00
1.106800000000000000e+04,3.590004807151627286e+00
1.106900000000000000e+04,4.107440761831582243e+00
1.107000000000000000e+04,3.796426323562153371e+00
1.107100000000000000e+04,3.843311209363307501e+00
1.107200000000000000e+04,3.956712005256509901e+00
1.107300000000000000e+04,3.549347206504494423e+00
1.107400000000000000e+04,3.852363721177184175e+00
1.107500000000000000e+04,3.889907840986690513e+00
1.107600000000000000e+04,3.574715574128926932e+00
1.107700000000000000e+04,4.058201647002023904e+00
1.107800000000000000e+04,3.450652812333882213e+00
1.107900000000000000e+04,3.628743256569619824e+00
1.108000000000000000e+04,4.063813938904828227e+00
1.108100000000000000e+04,3.792826643736797898e+00
1.108200000000000000e+04,3.817615471767916269e+00
1.108300000000000000e+04,4.164608928656511999e+00
1.108400000000000000e+04,3.539386425296505490e+00
1.108500000000000000e+04,3.848254229580804431e+00
1.108600000000000000e+04,3.544947305729193143e+00
1.108700000000000000e+04,3.754486499534239741e+00
1.108800000000000000e+04,3.743180978877850063e+00
1.108900000000000000e+04,3.656328298721137848e+00
1.109000000000000000e+04,3.873997479141458644e+00
1.109100000000000000e+04,3.836456966148172665e+00
1.109200000000000000e+04,3.761955361014300614e+00
1.109300000000000000e+04,3.505966679508331296e+00
1.109400000000000000e+04,3.828702519170581464e+00
1.109500000000000000e+04,3.729819745833858669e+00
1.109600000000000000e+04,3.835415189433699634e+00
1.109700000000000000e+04,3.617679776168119865e+00
1.109800000000000000e+04,3.710698435798222672e+00
1.109900000000000000e+04,3.433985538156045347e+00
1.110000000000000000e+04,3.853259099965753443e+00
1.110100000000000000e+04,3.668389950562715107e+00
1.110200000000000000e+04,3.761196303620385706e+00
1.110300000000000000e+04,3.949032399618420897e+00
1.110400000000000000e+04,3.643838072844998610e+00
1.110500000000000000e+04,3.699031174558226720e+00
1.110600000000000000e+04,3.896100222633191112e+00
1.110700000000000000e+04,3.959288302442780072e+00
1.110800000000000000e+04,3.712926993067714676e+00
1.110900000000000000e+04,3.590342857102548191e+00
1.111000000000000000e+04,3.689791947272357486e+00
1.111100000000000000e+04,3.862743273911840802e+00
1.111200000000000000e+04,3.786270896505333106e+00
1.111300000000000000e+04,3.952633800958359700e+00
1.111400000000000000e+04,3.771410753371740032e+00
1.111500000000000000e+04,3.766483838992233046e+00
1.111600000000000000e+04,3.879358210720691424e+00
1.111700000000000000e+04,3.725590166879042986e+00
1.111800000000000000e+04,3.967306630716138649e+00
1.111900000000000000e+04,3.475215995237653566e+00
1.112000000000000000e+04,3.812141376626716038e+00
1.112100000000000000e+04,3.686748224725807432e+00
1.112200000000000000e+04,3.567283489926066142e+00
1.112300000000000000e+04,3.606978467967684399e+00
1.112400000000000000e+04,3.745562132969740166e+00
1.112500000000000000e+04,3.576713168973617130e+00
1.112600000000000000e+04,3.725162602962940550e+00
1.112700000000000000e+04,3.686999398955100204e+00
1.112800000000000000e+04,3.522850431303219843e+00
1.112900000000000000e+04,3.670914108125707731e+00
1.113000000000000000e+04,3.777140121801148442e+00
1.113100000000000000e+04,3.978974360021329204e+00
1.113200000000000000e+04,3.630243160200659958e+00
1.113300000000000000e+04,3.826547259870381357e+00
1.113400000000000000e+04,4.074701052436965121e+00
1.113500000000000000e+04,3.486401441171300686e+00
1.113600000000000000e+04,3.995917017913383606e+00
1.113700000000000000e+04,3.603990804670785586e+00
1.113800000000000000e+04,3.893303404102723686e+00
1.113900000000000000e+04,3.494334154698132355e+00
1.114000000000000000e+04,3.401740455604135960e+00
1.114100000000000000e+04,3.677677401442311478e+00
1.114200000000000000e+04,3.787960923810887781e+00
1.114300000000000000e+04,3.952182736315079215e+00
1.114400000000000000e+04,3.970372752349720091e+00
1.114500000000000000e+04,3.367230733794495556e+00
1.114600000000000000e+04,3.792318181838133739e+00
1.114700000000000000e+04,3.702926939685321273e+00
1.114800000000000000e+04,3.949667775929408542e+00
1.114900000000000000e+04,3.375480914986550118e+00
1.115000000000000000e+04,3.741658770021872638e+00
1.115100000000000000e+04,3.545028901504114316e+00
1.115200000000000000e+04,3.703701371006757448e+00
1.115300000000000000e+04,3.612249875453757308e+00
1.115400000000000000e+04,3.719366922168120926e+00
1.115500000000000000e+04,3.673801194072367604e+00
1.115600000000000000e+04,4.035892037827651713e+00
1.115700000000000000e+04,3.827452178171229846e+00
1.115800000000000000e+04,3.616185156271550127e+00
1.115900000000000000e+04,3.944280293564228046e+00
1.116000000000000000e+04,3.629556400813752859e+00
1.116100000000000000e+04,3.857581195168406918e+00
1.116200000000000000e+04,3.616453992887897595e+00
1.116300000000000000e+04,3.896971394600333483e+00
1.116400000000000000e+04,3.702428044173563748e+00
1.116500000000000000e+04,3.843888582075016380e+00
1.116600000000000000e+04,4.038538761773960317e+00
1.116700000000000000e+04,3.847410393469604450e+00
1.116800000000000000e+04,3.640162410669159687e+00
1.116900000000000000e+04,3.640840569248268821e+00
1.117000000000000000e+04,4.020603386528335932e+00
1.117100000000000000e+04,3.747038823714230471e+00
1.117200000000000000e+04,3.907864118031063594e+00
1.117300000000000000e+04,3.278046688883569093e+00
1.117400000000000000e+04,3.721576905555959325e+00
1.117500000000000000e+04,3.726361731821034695e+00
1.117600000000000000e+04,4.094196611736625968e+00
1.117700000000000000e+04,3.684866133499575813e+00
1.117800000000000000e+04,3.994977707342618256e+00
1.117900000000000000e+04,3.775376459021988484e+00
1.118000000000000000e+04,3.751728313875443366e+00
1.118100000000000000e+04,3.726975501382600253e+00
1.118200000000000000e+04,3.890723888445952294e+00
1.118300000000000000e+04,3.664349691729995584e+00
1.118400000000000000e+04,3.905124183905217539e+00
1.118500000000000000e+04,3.656506591137452133e+00
1.118600000000000000e+04,3.404725577231099809e+00
1.118700000000000000e+04,3.950161043029071006e+00
1.118800000000000000e+04,3.802850842246018548e+00
1.118900000000000000e+04,3.652372213580089344e+00
1.119000000000000000e+04,3.977884775992770461e+00
1.119100000000000000e+04,3.650972188124045559e+00
1.119200000000000000e+04,3.923913332376141039e+00
1.119300000000000000e+04,4.030801808564197231e+00
1.119400000000000000e+04,4.026603484765034935e+00
1.119500000000000000e+04,3.814282686849311599e+00
1.119600000000000000e+04,3.767866993469626724e+00
1.119700000000000000e+04,3.732205990138965035e+00
1.119800000000000000e+04,3.972251888463935732e+00
1.119900000000000000e+04,4.098529596050624946e+00
1.120000000000000000e+04,3.849193843537796145e+00
1.120100000000000000e+04,3.631943015968541744e+00
1.120200000000000000e+04,3.661932094736877197e+00
1.120300000000000000e+04,4.026395697241778038e+00
1.120400000000000000e+04,3.724532293738504141e+00
1.120500000000000000e+04,3.775269155166942614e+00
1.120600000000000000e+04,3.743300980188437599e+00
1.120700000000000000e+04,3.751011334027671396e+00
1.120800000000000000e+04,3.832563181916361472e+00
1.120900000000000000e+04,3.693284292659189560e+00
1.121000000000000000e+04,3.726219814494237781e+00
1.121100000000000000e+04,4.151730152109923466e+00
1.121200000000000000e+04,3.746400465989269346e+00
1.121300000000000000e+04,3.610942581868071155e+00
1.121400000000000000e+04,3.792037618791976872e+00
1.121500000000000000e+04,3.875435145181216345e+00
1.121600000000000000e+04,3.862343306632852968e+00
1.121700000000000000e+04,3.777337369188821459e+00
1.121800000000000000e+04,3.872961893279013079e+00
1.121900000000000000e+04,3.970294502031427974e+00
1.122000000000000000e+04,3.993935432094443350e+00
1.122100000000000000e+04,4.003352038686035286e+00
1.122200000000000000e+04,3.885331504973659200e+00
1.122300000000000000e+04,3.879673111619439396e+00
1.122400000000000000e+04,3.804036651953858872e+00
1.122500000000000000e+04,3.581581614532908464e+00
1.122600000000000000e+04,3.764569566021363389e+00
1.122700000000000000e+04,3.844078282726323792e+00
1.122800000000000000e+04,3.662940107903949638e+00
1.122900000000000000e+04,3.806416313124073358e+00
1.123000000000000000e+04,3.682080225137041474e+00
1.123100000000000000e+04,3.876136867765749283e+00
1.123200000000000000e+04,3.822211158469097203e+00
1.123300000000000000e+04,3.752445601020374166e+00
1.123400000000000000e+04,3.751935130377912042e+00
1.123500000000000000e+04,3.771792796936104697e+00
1.123600000000000000e+04,3.581889448872594084e+00
1.123700000000000000e+04,3.511593463029715867e+00
1.123800000000000000e+04,3.660602095375567355e+00
1.123900000000000000e+04,3.890902857286912653e+00
1.124000000000000000e+04,3.470658021852550235e+00
1.124100000000000000e+04,3.805114808109271607e+00
1.124200000000000000e+04,3.997486087720333980e+00
1.124300000000000000e+04,3.734007347742637872e+00
1.124400000000000000e+04,4.064549971998538958e+00
1.124500000000000000e+04,3.798839673487324653e+00
1.124600000000000000e+04,3.640007493575115660e+00
1.124700000000000000e+04,3.515464366252794459e+00
1.124800000000000000e+04,3.971174580399825071e+00
1.124900000000000000e+04,3.613785992750574216e+00
1.125000000000000000e+04,3.623150245195928765e+00
1.125100000000000000e+04,4.200074059642414426e+00
1.125200000000000000e+04,3.519287529622956434e+00
1.125300000000000000e+04,3.904608930317580828e+00
1.125400000000000000e+04,3.977270341447827651e+00
1.125500000000000000e+04,3.581280955898923590e+00
1.125600000000000000e+04,3.942570364207760303e+00
1.125700000000000000e+04,3.646198026788410207e+00
1.125800000000000000e+04,4.112481942666796897e+00
1.125900000000000000e+04,3.543877106423162893e+00
1.126000000000000000e+04,4.044082487250111768e+00
1.126100000000000000e+04,3.430838498897462951e+00
1.126200000000000000e+04,3.622929661313004424e+00
1.126300000000000000e+04,4.019756036286148415e+00
1.126400000000000000e+04,3.863834979160823302e+00
1.126500000000000000e+04,3.775557106069122426e+00
1.126600000000000000e+04,3.627289956487178557e+00
1.126700000000000000e+04,3.755330728113271288e+00
1.126800000000000000e+04,3.699630824524396733e+00
1.126900000000000000e+04,3.647706737632585572e+00
1.127000000000000000e+04,3.736676022373192740e+00
1.127100000000000000e+04,3.744671574054286189e+00
1.127200000000000000e+04,4.105862619353508158e+00
1.127300000000000000e+04,4.103178143776682774e+00
1.127400000000000000e+04,3.930525469895536528e+00
1.127500000000000000e+04,3.877130995394488355e+00
1.127600000000000000e+04,3.450893995368870204e+00
1.127700000000000000e+04,3.430484294639746246e+00
1.127800000000000000e+04,3.961344831219883567e+00
1.127900000000000000e+04,3.821480597978835547e+00
1.128000000000000000e+04,3.658154298443264008e+00
1.128100000000000000e+04,3.787037950678551645e+00
1.128200000000000000e+04,3.274012461112843386e+00
1.128300000000000000e+04,3.666803307963835135e+00
1.128400000000000000e+04,3.703162262936197546e+00
1.128500000000000000e+04,3.650638814877263716e+00
1.128600000000000000e+04,3.627089293376847046e+00
1.128700000000000000e+04,3.829099200949593662e+00
1.128800000000000000e+04,3.796557244968062239e+00
1.128900000000000000e+04,3.497675752011533135e+00
1.129000000000000000e+04,3.703438309084159386e+00
1.129100000000000000e+04,3.733959986175196644e+00
1.129200000000000000e+04,3.999452344582775876e+00
1.129300000000000000e+04,4.059855730215146785e+00
1.129400000000000000e+04,3.696604630516910905e+00
1.129500000000000000e+04,3.816470400073251223e+00
1.129600000000000000e+04,3.639823029896564588e+00
1.129700000000000000e+04,3.910010121048711262e+00
1.129800000000000000e+04,3.772394060921191006e+00
1.129900000000000000e+04,3.704207616742526632e+00
1.130000000000000000e+04,3.769976005944355002e+00
1.130100000000000000e+04,3.489295011067271357e+00
1.130200000000000000e+04,3.780641066464018873e+00
1.130300000000000000e+04,3.947833363286918029e+00
1.130400000000000000e+04,3.674930181110402483e+00
1.130500000000000000e+04,3.794553996729189471e+00
1.130600000000000000e+04,3.765250147378865986e+00
1.130700000000000000e+04,3.649020708921271616e+00
1.130800000000000000e+04,3.869136006852135878e+00
1.130900000000000000e+04,3.871780238400397423e+00
1.131000000000000000e+04,3.706631195473343521e+00
1.131100000000000000e+04,3.686328500337931136e+00
1.131200000000000000e+04,3.987188262454535614e+00
1.131300000000000000e+04,3.737809705101280411e+00
1.131400000000000000e+04,3.748225399344486064e+00
1.131500000000000000e+04,3.658869495603614297e+00
1.131600000000000000e+04,3.679497244143310919e+00
1.131700000000000000e+04,4.081466017041416094e+00
1.131800000000000000e+04,3.642167191433582474e+00
1.131900000000000000e+04,3.888164961979239997e+00
1.132000000000000000e+04,3.766310552628012953e+00
1.132100000000000000e+04,3.775698293842079334e+00
1.132200000000000000e+04,3.532426545469641965e+00
1.132300000000000000e+04,3.739710497125006139e+00
1.132400000000000000e+04,3.578294625329989209e+00
1.132500000000000000e+04,4.042294190561199763e+00
1.132600000000000000e+04,3.928157343856033545e+00
1.132700000000000000e+04,3.932597882054460037e+00
1.132800000000000000e+04,3.598860962509585537e+00
1.132900000000000000e+04,3.643474027990365016e+00
1.133000000000000000e+04,3.543438014396863345e+00
1.133100000000000000e+04,4.120307678309075960e+00
1.133200000000000000e+04,3.204007483799963474e+00
1.133300000000000000e+04,3.621152060998285904e+00
1.133400000000000000e+04,4.009798308451575366e+00
1.133500000000000000e+04,3.353792618545979209e+00
1.133600000000000000e+04,3.348757967341779551e+00
1.133700000000000000e+04,3.429753515351861459e+00
1.133800000000000000e+04,3.730502110658204362e+00
1.133900000000000000e+04,3.870191825724601742e+00
1.134000000000000000e+04,3.839531116517149290e+00
1.134100000000000000e+04,3.702651092671630728e+00
1.134200000000000000e+04,3.721780983846975310e+00
1.134300000000000000e+04,3.642167808280881935e+00
1.134400000000000000e+04,3.850641681244583392e+00
1.134500000000000000e+04,3.548736633114671690e+00
1.134600000000000000e+04,3.729928722589756607e+00
1.134700000000000000e+04,3.968783407004528030e+00
1.134800000000000000e+04,3.947121623351559805e+00
1.134900000000000000e+04,3.431816253917364890e+00
1.135000000000000000e+04,4.117952546007057180e+00
1.135100000000000000e+04,3.774126732171665388e+00
1.135200000000000000e+04,3.953622025294139863e+00
1.135300000000000000e+04,3.830403499373180587e+00
1.135400000000000000e+04,3.424971255068951059e+00
1.135500000000000000e+04,3.812860054538303789e+00
1.135600000000000000e+04,3.398734292815065672e+00
1.135700000000000000e+04,3.930696761216907031e+00
1.135800000000000000e+04,3.701615097800986742e+00
1.135900000000000000e+04,3.638862319851911664e+00
1.136000000000000000e+04,3.738915068059108560e+00
1.136100000000000000e+04,3.606716657560756101e+00
1.136200000000000000e+04,3.392588471604929268e+00
1.136300000000000000e+04,3.796341108327462521e+00
1.136400000000000000e+04,4.156681205305692295e+00
1.136500000000000000e+04,3.877675504614940039e+00
1.136600000000000000e+04,3.592198885788892682e+00
1.136700000000000000e+04,3.502491659184318706e+00
1.136800000000000000e+04,3.754176829905700785e+00
1.136900000000000000e+04,3.831804762736816805e+00
1.137000000000000000e+04,3.594749296574768049e+00
1.137100000000000000e+04,4.104509201613552705e+00
1.137200000000000000e+04,3.722920296929561168e+00
1.137300000000000000e+04,4.021079493405466110e+00
1.137400000000000000e+04,3.716737828217828277e+00
1.137500000000000000e+04,3.983769831266056105e+00
1.137600000000000000e+04,3.688853820965104280e+00
1.137700000000000000e+04,3.825500145619973758e+00
1.137800000000000000e+04,3.782676251792283839e+00
1.137900000000000000e+04,3.749085167169232680e+00
1.138000000000000000e+04,3.870505577601962788e+00
1.138100000000000000e+04,4.200967492244472190e+00
1.138200000000000000e+04,3.779871990128982784e+00
1.138300000000000000e+04,4.020692225468414982e+00
1.138400000000000000e+04,3.928762153375128907e+00
1.138500000000000000e+04,3.693802545709856666e+00
1.138600000000000000e+04,4.240543276917760451e+00
1.138700000000000000e+04,3.919809898093416400e+00
1.138800000000000000e+04,3.699095324527633011e+00
1.138900000000000000e+04,3.672265134032103084e+00
1.139000000000000000e+04,3.615233679530544197e+00
1.139100000000000000e+04,3.751035998131048821e+00
1.139200000000000000e+04,3.731701262181407408e+00
1.139300000000000000e+04,3.763293472159892072e+00
1.139400000000000000e+04,3.881987866109324781e+00
1.139500000000000000e+04,3.686593312009042389e+00
1.139600000000000000e+04,3.985712117497372642e+00
1.139700000000000000e+04,3.632526416231124600e+00
1.139800000000000000e+04,3.971328972586453787e+00
1.139900000000000000e+04,3.560084893703345355e+00
1.140000000000000000e+04,3.897759869000911426e+00
1.140100000000000000e+04,3.990668994186686636e+00
1.140200000000000000e+04,3.834615693085634547e+00
1.140300000000000000e+04,3.598794104461030319e+00
1.140400000000000000e+04,3.829996624338840583e+00
1.140500000000000000e+04,3.747370187816654319e+00
1.140600000000000000e+04,3.850433260814588809e+00
1.140700000000000000e+04,3.694249211403558775e+00
1.140800000000000000e+04,3.574100130839635181e+00
1.140900000000000000e+04,3.970661539387410510e+00
1.141000000000000000e+04,3.985631910852256876e+00
1.141100000000000000e+04,3.694671211161056679e+00
1.141200000000000000e+04,3.882130272232468648e+00
1.141300000000000000e+04,3.493783651820741909e+00
1.141400000000000000e+04,3.936189841084643426e+00
1.141500000000000000e+04,3.520543442939954470e+00
1.141600000000000000e+04,3.478648376209809712e+00
1.141700000000000000e+04,3.550199427406536046e+00
1.141800000000000000e+04,3.890227121452266790e+00
1.141900000000000000e+04,3.740242276771256869e+00
1.142000000000000000e+04,3.773004590583111550e+00
1.142100000000000000e+04,3.818623030111222061e+00
1.142200000000000000e+04,3.999374214776736380e+00
1.142300000000000000e+04,3.544785070835946517e+00
1.142400000000000000e+04,3.533165872932443108e+00
1.142500000000000000e+04,3.747013194319068319e+00
1.142600000000000000e+04,3.555457115682242542e+00
1.142700000000000000e+04,3.832969042929519343e+00
1.142800000000000000e+04,3.914544857585965154e+00
1.142900000000000000e+04,3.492014334639293782e+00
1.143000000000000000e+04,3.545649195030658785e+00
1.143100000000000000e+04,3.659451214843318478e+00
1.143200000000000000e+04,3.902425708003154359e+00
1.143300000000000000e+04,3.548118844086812107e+00
1.143400000000000000e+04,3.763242218838366071e+00
1.143500000000000000e+04,3.915272374574397141e+00
1.143600000000000000e+04,3.789409975749367554e+00
1.143700000000000000e+04,4.314227318172355830e+00
1.143800000000000000e+04,3.755387923946736706e+00
1.143900000000000000e+04,3.922272343557389185e+00
1.144000000000000000e+04,3.302511348038483341e+00
1.144100000000000000e+04,4.088428612879859259e+00
1.144200000000000000e+04,3.846952309086113519e+00
1.144300000000000000e+04,3.602877137199825164e+00
1.144400000000000000e+04,3.633014587778745863e+00
1.144500000000000000e+04,3.622083418854404435e+00
1.144600000000000000e+04,3.741480772451204473e+00
1.144700000000000000e+04,4.228044602635352867e+00
1.144800000000000000e+04,3.692900305680957285e+00
1.144900000000000000e+04,4.082108118462249635e+00
1.145000000000000000e+04,3.966768736038679410e+00
1.145100000000000000e+04,3.992335825851586861e+00
1.145200000000000000e+04,3.554547484720811834e+00
1.145300000000000000e+04,4.077984011956155008e+00
1.145400000000000000e+04,3.783704826067303628e+00
1.145500000000000000e+04,3.557263176822314410e+00
1.145600000000000000e+04,3.791366987534811717e+00
1.145700000000000000e+04,3.828252624016248884e+00
1.145800000000000000e+04,3.602424649193479489e+00
1.145900000000000000e+04,3.663483697384608551e+00
1.146000000000000000e+04,4.123767442145593876e+00
1.146100000000000000e+04,3.743235594289608059e+00
1.146200000000000000e+04,3.763323202968126946e+00
1.146300000000000000e+04,3.873999556199910987e+00
1.146400000000000000e+04,3.808594150439316817e+00
1.146500000000000000e+04,3.790756476574550504e+00
1.146600000000000000e+04,3.458316098439341069e+00
1.146700000000000000e+04,3.518482406407321239e+00
1.146800000000000000e+04,3.583628300712722314e+00
1.146900000000000000e+04,3.635552531627534112e+00
1.147000000000000000e+04,3.776606864056151203e+00
1.147100000000000000e+04,3.718436692286672507e+00
1.147200000000000000e+04,3.874182357172297753e+00
1.147300000000000000e+04,3.897610981833032895e+00
1.147400000000000000e+04,3.787216951790831843e+00
1.147500000000000000e+04,3.816627251583478930e+00
1.147600000000000000e+04,3.794472188290482606e+00
1.147700000000000000e+04,3.547595879781922701e+00
1.147800000000000000e+04,3.712135794797347454e+00
1.147900000000000000e+04,3.797611890211218366e+00
1.148000000000000000e+04,3.589361396840002882e+00
1.148100000000000000e+04,3.757239856386145327e+00
1.148200000000000000e+04,3.517246639414014719e+00
1.148300000000000000e+04,3.778466107717198152e+00
1.148400000000000000e+04,3.601103401828420481e+00
1.148500000000000000e+04,3.666488622618659488e+00
1.148600000000000000e+04,3.719835562018828146e+00
1.148700000000000000e+04,3.984683378089115990e+00
1.148800000000000000e+04,3.740821995606601114e+00
1.148900000000000000e+04,4.078632013336346951e+00
1.149000000000000000e+04,3.825784048915315427e+00
1.149100000000000000e+04,3.750653524220810997e+00
1.149200000000000000e+04,3.617912109701238776e+00
1.149300000000000000e+04,3.924824585221486917e+00
1.149400000000000000e+04,3.544116810177645682e+00
1.149500000000000000e+04,3.432997349082671068e+00
1.149600000000000000e+04,3.520097592457835489e+00
1.149700000000000000e+04,4.045151124748203486e+00
1.149800000000000000e+04,3.479367717299500562e+00
1.149900000000000000e+04,3.482359284349125783e+00
1.150000000000000000e+04,3.656207836324088412e+00
1.150100000000000000e+04,3.824618369208784507e+00
1.150200000000000000e+04,3.518843100221757059e+00
1.150300000000000000e+04,4.146028965728662641e+00
1.150400000000000000e+04,4.045132502839755340e+00
1.150500000000000000e+04,3.480314419908280943e+00
1.150600000000000000e+04,3.700288093962027069e+00
1.150700000000000000e+04,3.377993901794085652e+00
1.150800000000000000e+04,3.774773539417064505e+00
1.150900000000000000e+04,3.638574619843294222e+00
1.151000000000000000e+04,3.630569956237347462e+00
1.151100000000000000e+04,3.509837794479984119e+00
1.151200000000000000e+04,3.868730561409100766e+00
1.151300000000000000e+04,3.886847021149258730e+00
1.151400000000000000e+04,3.443197799840330475e+00
1.151500000000000000e+04,3.552524993664448072e+00
1.151600000000000000e+04,3.477190527739890236e+00
1.151700000000000000e+04,3.674866228860559580e+00
1.151800000000000000e+04,3.637727116671186423e+00
1.151900000000000000e+04,3.886298073096859262e+00
1.152000000000000000e+04,3.916189940162594585e+00
1.152100000000000000e+04,3.990442469313649099e+00
1.152200000000000000e+04,3.768228949356077884e+00
1.152300000000000000e+04,3.873715164895207952e+00
1.152400000000000000e+04,3.922630954698347328e+00
1.152500000000000000e+04,3.950283687005591293e+00
1.152600000000000000e+04,3.732460296238542696e+00
1.152700000000000000e+04,3.453570937492354442e+00
1.152800000000000000e+04,3.839838112196134912e+00
1.152900000000000000e+04,3.954351200325176841e+00
1.153000000000000000e+04,3.884098531870046500e+00
1.153100000000000000e+04,4.042869937437330030e+00
1.153200000000000000e+04,4.159618950261492643e+00
1.153300000000000000e+04,3.589096747900308859e+00
1.153400000000000000e+04,3.652900471941463945e+00
1.153500000000000000e+04,3.704563159344115064e+00
1.153600000000000000e+04,3.643652433840141036e+00
1.153700000000000000e+04,3.683859914911566946e+00
1.153800000000000000e+04,3.660243941795975786e+00
1.153900000000000000e+04,4.069130148472441810e+00
1.154000000000000000e+04,3.696964635686306178e+00
1.154100000000000000e+04,3.647365769639717925e+00
1.154200000000000000e+04,4.132603957832117203e+00
1.154300000000000000e+04,3.558357346809462474e+00
1.154400000000000000e+04,3.750893259204286512e+00
1.154500000000000000e+04,3.449367579703574993e+00
1.154600000000000000e+04,3.809284550241446521e+00
1.154700000000000000e+04,3.715908378932452738e+00
1.154800000000000000e+04,3.727359993588917675e+00
1.154900000000000000e+04,3.790571648001930249e+00
1.155000000000000000e+04,3.620531590648808251e+00
1.155100000000000000e+04,3.831582259916170852e+00
1.155200000000000000e+04,3.500759881651144489e+00
1.155300000000000000e+04,3.734963651006010021e+00
1.155400000000000000e+04,3.784916418929821003e+00
1.155500000000000000e+04,3.846002954244974514e+00
1.155600000000000000e+04,3.941045313541845285e+00
1.155700000000000000e+04,3.893306055834211854e+00
1.155800000000000000e+04,3.726597143292708303e+00
1.155900000000000000e+04,3.747043168704639271e+00
1.156000000000000000e+04,3.504257701086376464e+00
1.156100000000000000e+04,3.922617508997338298e+00
1.156200000000000000e+04,4.007826313231891646e+00
1.156300000000000000e+04,3.811158964303098085e+00
1.156400000000000000e+04,3.958183796049164371e+00
1.156500000000000000e+04,3.965804809327158509e+00
1.156600000000000000e+04,4.084698730783506093e+00
1.156700000000000000e+04,4.046007137670855514e+00
1.156800000000000000e+04,3.851314143334692908e+00
1.156900000000000000e+04,3.817758120256019350e+00
1.157000000000000000e+04,3.534831606327930142e+00
1.157100000000000000e+04,3.817885249594913155e+00
1.157200000000000000e+04,3.753865281693215206e+00
1.157300000000000000e+04,4.065091968014835189e+00
1.157400000000000000e+04,3.652083986771787139e+00
1.157500000000000000e+04,3.996024072482652567e+00
1.157600000000000000e+04,3.704264042856337813e+00
1.157700000000000000e+04,4.035468650172455263e+00
1.157800000000000000e+04,3.618495758439189025e+00
1.157900000000000000e+04,3.867808651369026851e+00
1.158000000000000000e+04,3.757293777144525837e+00
1.158100000000000000e+04,3.462437291641337289e+00
1.158200000000000000e+04,3.586240784022841410e+00
1.158300000000000000e+04,3.614561848507404029e+00
1.158400000000000000e+04,3.557615005040622780e+00
1.158500000000000000e+04,4.003495579380561331e+00
1.158600000000000000e+04,3.632005635205135530e+00
1.158700000000000000e+04,4.077789231392420888e+00
1.158800000000000000e+04,3.906449207624213660e+00
1.158900000000000000e+04,3.749218641187222811e+00
1.159000000000000000e+04,3.610603640032698625e+00
1.159100000000000000e+04,3.913204565183803663e+00
1.159200000000000000e+04,3.917579670986730989e+00
1.159300000000000000e+04,3.786354398490507034e+00
1.159400000000000000e+04,3.489154086870687177e+00
1.159500000000000000e+04,3.856135983292760638e+00
1.159600000000000000e+04,3.831866659903612415e+00
1.159700000000000000e+04,3.922248398295058003e+00
1.159800000000000000e+04,3.727064417811233543e+00
1.159900000000000000e+04,3.843345617085943910e+00
1.160000000000000000e+04,3.910094220793582043e+00
1.160100000000000000e+04,3.852191487538012105e+00
1.160200000000000000e+04,3.460496725552142383e+00
1.160300000000000000e+04,3.646550902723832088e+00
1.160400000000000000e+04,3.904898215718908716e+00
1.160500000000000000e+04,3.394269470565110414e+00
1.160600000000000000e+04,3.675924150842123872e+00
1.160700000000000000e+04,3.902318759986874497e+00
1.160800000000000000e+04,3.574569289798503746e+00
1.160900000000000000e+04,4.060766290384159483e+00
1.161000000000000000e+04,3.721115203884422407e+00
1.161100000000000000e+04,3.775060255126645892e+00
1.161200000000000000e+04,3.951840998425022455e+00
1.161300000000000000e+04,3.565746508708634632e+00
1.161400000000000000e+04,3.830188340656258905e+00
1.161500000000000000e+04,3.568089929928327741e+00
1.161600000000000000e+04,3.732571726862902395e+00
1.161700000000000000e+04,3.730100494293750124e+00
1.161800000000000000e+04,3.661631620679202115e+00
1.161900000000000000e+04,3.744662228290054795e+00
1.162000000000000000e+04,3.464032308978228780e+00
1.162100000000000000e+04,3.683956266863045670e+00
1.162200000000000000e+04,3.830312484123718164e+00
1.162300000000000000e+04,3.653611716706881563e+00
1.162400000000000000e+04,3.991723928790762432e+00
1.162500000000000000e+04,3.678131420207739311e+00
1.162600000000000000e+04,3.616716406002475903e+00
1.162700000000000000e+04,3.878089646065616236e+00
1.162800000000000000e+04,3.891222732515458027e+00
1.162900000000000000e+04,3.833266306975970927e+00
1.163000000000000000e+04,3.660130543561034955e+00
1.163100000000000000e+04,3.811020219048542934e+00
1.163200000000000000e+04,3.645490894931775028e+00
1.163300000000000000e+04,3.603207508579994389e+00
1.163400000000000000e+04,4.073592997213623335e+00
1.163500000000000000e+04,3.703284523050566879e+00
1.163600000000000000e+04,3.789617323972567231e+00
1.163700000000000000e+04,3.764536699252583496e+00
1.163800000000000000e+04,3.782492752441959816e+00
1.163900000000000000e+04,3.749895915866535034e+00
1.164000000000000000e+04,3.744616901469545844e+00
1.164100000000000000e+04,3.757911055363586161e+00
1.164200000000000000e+04,3.541098944914620628e+00
1.164300000000000000e+04,3.537047412518526723e+00
1.164400000000000000e+04,3.887094589594190630e+00
1.164500000000000000e+04,3.686479851767145544e+00
1.164600000000000000e+04,4.011230788589121410e+00
1.164700000000000000e+04,3.716049099910068598e+00
1.164800000000000000e+04,3.732964419074170426e+00
1.164900000000000000e+04,4.036091168471412693e+00
1.165000000000000000e+04,4.016205951868776935e+00
1.165100000000000000e+04,3.963008261883985028e+00
1.165200000000000000e+04,3.691058914925422041e+00
1.165300000000000000e+04,4.139115684079619051e+00
1.165400000000000000e+04,3.882663366751226253e+00
1.165500000000000000e+04,3.960891801331547057e+00
1.165600000000000000e+04,3.748156706264758498e+00
1.165700000000000000e+04,3.836317527618210210e+00
1.165800000000000000e+04,3.580688778545887629e+00
1.165900000000000000e+04,3.700705392000486871e+00
1.166000000000000000e+04,3.950137405136083135e+00
1.166100000000000000e+04,3.454642727805040447e+00
1.166200000000000000e+04,3.912201546233330607e+00
1.166300000000000000e+04,3.837658709338097829e+00
1.166400000000000000e+04,3.811055281400333339e+00
1.166500000000000000e+04,3.868800951162595148e+00
1.166600000000000000e+04,3.657641901968581966e+00
1.166700000000000000e+04,3.782103366342893569e+00
1.166800000000000000e+04,3.616239442357392253e+00
1.166900000000000000e+04,3.444578988095206462e+00
1.167000000000000000e+04,3.652373451790439596e+00
1.167100000000000000e+04,3.871193118587719084e+00
1.167200000000000000e+04,3.845378673226884203e+00
1.167300000000000000e+04,3.753338063916357381e+00
1.167400000000000000e+04,3.783574984634423544e+00
1.167500000000000000e+04,3.772596691613687714e+00
1.167600000000000000e+04,4.081046055322975263e+00
1.167700000000000000e+04,3.844417764819487271e+00
1.167800000000000000e+04,3.825918762461867129e+00
1.167900000000000000e+04,3.714620577587056438e+00
1.168000000000000000e+04,3.415476090431971645e+00
1.168100000000000000e+04,3.582432119716958852e+00
1.168200000000000000e+04,3.856611890279737942e+00
1.168300000000000000e+04,4.015794678512158100e+00
1.168400000000000000e+04,3.975646311410935940e+00
1.168500000000000000e+04,3.897697387647240497e+00
1.168600000000000000e+04,3.938947886218799432e+00
1.168700000000000000e+04,3.862529362358536389e+00
1.168800000000000000e+04,3.836640833933922856e+00
1.168900000000000000e+04,3.765851737824879475e+00
1.169000000000000000e+04,3.908500290296630375e+00
1.169100000000000000e+04,3.751018523234889823e+00
1.169200000000000000e+04,3.996464938353188945e+00
1.169300000000000000e+04,3.755837720736086460e+00
1.169400000000000000e+04,3.832745080197360821e+00
1.169500000000000000e+04,3.822206726614045813e+00
1.169600000000000000e+04,3.832368960089786114e+00
1.169700000000000000e+04,3.545143827439219741e+00
1.169800000000000000e+04,3.609081012265274779e+00
1.169900000000000000e+04,3.735178404079530168e+00
1.170000000000000000e+04,4.019412858533921273e+00
1.170100000000000000e+04,3.836507536897312054e+00
1.170200000000000000e+04,3.873578714412409862e+00
1.170300000000000000e+04,3.611975043635354155e+00
1.170400000000000000e+04,3.729313568268140866e+00
1.170500000000000000e+04,3.426289821857987139e+00
1.170600000000000000e+04,3.794471832826576296e+00
1.170700000000000000e+04,3.645225127726472003e+00
1.170800000000000000e+04,3.943891104314135365e+00
1.170900000000000000e+04,3.783075961914699636e+00
1.171000000000000000e+04,3.932171360757829248e+00
1.171100000000000000e+04,3.656624289635010960e+00
1.171200000000000000e+04,3.298904309060955775e+00
1.171300000000000000e+04,3.785900721605103936e+00
1.171400000000000000e+04,3.436833969213151541e+00
1.171500000000000000e+04,3.643451090478087906e+00
1.171600000000000000e+04,3.916900978478974782e+00
1.171700000000000000e+04,3.379398744391536091e+00
1.171800000000000000e+04,3.500157949355617859e+00
1.171900000000000000e+04,3.623995504026606973e+00
1.172000000000000000e+04,3.691563049719396084e+00
1.172100000000000000e+04,3.592889930891396855e+00
1.172200000000000000e+04,3.843692941104778438e+00
1.172300000000000000e+04,3.575564704765689328e+00
1.172400000000000000e+04,3.571325389521307070e+00
1.172500000000000000e+04,4.030579983014592749e+00
1.172600000000000000e+04,3.945134140113286225e+00
1.172700000000000000e+04,3.909054897991589783e+00
1.172800000000000000e+04,3.943244199682402584e+00
1.172900000000000000e+04,4.039387609333789264e+00
1.173000000000000000e+04,3.737985409963558325e+00
1.173100000000000000e+04,3.805769925867305670e+00
1.173200000000000000e+04,3.595099045265931270e+00
1.173300000000000000e+04,3.483067052787169882e+00
1.173400000000000000e+04,3.840889576521777649e+00
1.173500000000000000e+04,3.672183260203329080e+00
1.173600000000000000e+04,3.497021387485889754e+00
1.173700000000000000e+04,3.665051834448941559e+00
1.173800000000000000e+04,4.070875384209275971e+00
1.173900000000000000e+04,3.505873020337836543e+00
1.174000000000000000e+04,3.734570674559463566e+00
1.174100000000000000e+04,3.757657645877925834e+00
1.174200000000000000e+04,4.078299083140531245e+00
1.174300000000000000e+04,3.458650622166239419e+00
1.174400000000000000e+04,3.690562064080083804e+00
1.174500000000000000e+04,3.725435739419947989e+00
1.174600000000000000e+04,3.677827558036095290e+00
1.174700000000000000e+04,3.298995985205783743e+00
1.174800000000000000e+04,3.309963015809605391e+00
1.174900000000000000e+04,3.703233832133494108e+00
1.175000000000000000e+04,3.597711277437767752e+00
1.175100000000000000e+04,3.847490471379757526e+00
1.175200000000000000e+04,3.669289395868075676e+00
1.175300000000000000e+04,3.681207495743810121e+00
1.175400000000000000e+04,3.672143895169871275e+00
1.175500000000000000e+04,3.976614232225748502e+00
1.175600000000000000e+04,3.514585111587251287e+00
1.175700000000000000e+04,3.923156735351532642e+00
1.175800000000000000e+04,3.606162308305075115e+00
1.175900000000000000e+04,3.769485708274931124e+00
1.176000000000000000e+04,3.936069296418257757e+00
1.176100000000000000e+04,3.882269092285781209e+00
1.176200000000000000e+04,3.588401190794636708e+00
1.176300000000000000e+04,3.873020052837890859e+00
1.176400000000000000e+04,4.038070444329822983e+00
1.176500000000000000e+04,4.028251318864764841e+00
1.176600000000000000e+04,3.579055174835358066e+00
1.176700000000000000e+04,3.748650947155192092e+00
1.176800000000000000e+04,3.654031434198448114e+00
1.176900000000000000e+04,3.507168887726578088e+00
1.177000000000000000e+04,3.645480637839293436e+00
1.177100000000000000e+04,3.817849645031353933e+00
1.177200000000000000e+04,3.465854373977320879e+00
1.177300000000000000e+04,4.231646276690637087e+00
1.177400000000000000e+04,3.802316763098626762e+00
1.177500000000000000e+04,3.506312637819833711e+00
1.177600000000000000e+04,4.010155395179729965e+00
1.177700000000000000e+04,3.360604025606529710e+00
1.177800000000000000e+04,3.856784303573610906e+00
1.177900000000000000e+04,3.390014210982815968e+00
1.178000000000000000e+04,3.866779463984198806e+00
1.178100000000000000e+04,3.698858062865738372e+00
1.178200000000000000e+04,4.102217045942406770e+00
1.178300000000000000e+04,3.961540496043637116e+00
1.178400000000000000e+04,3.706487291938714623e+00
1.178500000000000000e+04,4.003132025982880648e+00
1.178600000000000000e+04,3.596663160716653707e+00
1.178700000000000000e+04,3.435958852597632784e+00
1.178800000000000000e+04,3.716776498302482690e+00
1.178900000000000000e+04,3.857639318950274454e+00
1.179000000000000000e+04,3.891110084262654034e+00
1.179100000000000000e+04,3.891317137435448714e+00
1.179200000000000000e+04,3.498859319182138439e+00
1.179300000000000000e+04,3.272253092305904776e+00
1.179400000000000000e+04,3.735624273222585057e+00
1.179500000000000000e+04,3.738384041554785320e+00
1.179600000000000000e+04,3.284053058841235551e+00
1.179700000000000000e+04,3.829505493602512356e+00
1.179800000000000000e+04,3.914195990222018029e+00
1.179900000000000000e+04,3.738441509315418632e+00
1.180000000000000000e+04,3.909967567623568563e+00
1.180100000000000000e+04,4.028470182218462980e+00
1.180200000000000000e+04,3.504647461208692860e+00
1.180300000000000000e+04,3.814056714346004906e+00
1.180400000000000000e+04,3.552171717024629860e+00
1.180500000000000000e+04,3.442406061217437419e+00
1.180600000000000000e+04,3.752866982087121439e+00
1.180700000000000000e+04,3.709871671548055083e+00
1.180800000000000000e+04,3.550469187080366851e+00
1.180900000000000000e+04,3.655122775198943685e+00
1.181000000000000000e+04,3.892929068304476825e+00
1.181100000000000000e+04,3.776773273949217469e+00
1.181200000000000000e+04,3.907292392327818664e+00
1.181300000000000000e+04,3.932338890322836011e+00
1.181400000000000000e+04,3.788521360966893514e+00
1.181500000000000000e+04,3.374219022596566919e+00
1.181600000000000000e+04,3.501204738479986034e+00
1.181700000000000000e+04,3.813222017555011334e+00
1.181800000000000000e+04,4.043132865973023016e+00
1.181900000000000000e+04,3.686906379368418474e+00
1.182000000000000000e+04,3.709914627467303827e+00
1.182100000000000000e+04,3.791193811779429268e+00
1.182200000000000000e+04,3.849876313068963274e+00
1.182300000000000000e+04,3.831712070159095429e+00
1.182400000000000000e+04,3.672083496094917798e+00
1.182500000000000000e+04,3.448601386432686766e+00
1.182600000000000000e+04,3.919082976362456172e+00
1.182700000000000000e+04,3.519937601062081978e+00
1.182800000000000000e+04,3.510891465941278877e+00
1.182900000000000000e+04,3.834536611315892074e+00
1.183000000000000000e+04,4.084377465459431811e+00
1.183100000000000000e+04,3.904662467810907867e+00
1.183200000000000000e+04,3.719508492772089614e+00
1.183300000000000000e+04,3.682015823994714054e+00
1.183400000000000000e+04,3.649693276380787665e+00
1.183500000000000000e+04,3.642045991153812334e+00
1.183600000000000000e+04,3.777096517006752308e+00
1.183700000000000000e+04,3.776783407178115226e+00
1.183800000000000000e+04,3.595450615821170981e+00
1.183900000000000000e+04,3.736907323491279964e+00
1.184000000000000000e+04,3.607332027700052457e+00
1.184100000000000000e+04,3.841640342509499817e+00
1.184200000000000000e+04,3.830009204895572950e+00
1.184300000000000000e+04,3.805986914342675220e+00
1.184400000000000000e+04,3.995740789508163804e+00
1.184500000000000000e+04,3.831948975086507669e+00
1.184600000000000000e+04,3.775896344929167814e+00
1.184700000000000000e+04,3.735422560159528782e+00
1.184800000000000000e+04,3.829102589177649119e+00
1.184900000000000000e+04,4.040009429891279424e+00
1.185000000000000000e+04,3.875930582296065463e+00
1.185100000000000000e+04,3.543904753376739158e+00
1.185200000000000000e+04,3.518819347918138885e+00
1.185300000000000000e+04,3.627763701136947905e+00
1.185400000000000000e+04,3.609012625011539299e+00
1.185500000000000000e+04,3.708454366787602652e+00
1.185600000000000000e+04,3.683864507671995803e+00
1.185700000000000000e+04,3.631806239707878081e+00
1.185800000000000000e+04,3.456931061972697172e+00
1.185900000000000000e+04,3.553595937150101580e+00
1.186000000000000000e+04,3.774494573628554672e+00
1.186100000000000000e+04,3.689042056075842346e+00
1.186200000000000000e+04,3.759622843130989267e+00
1.186300000000000000e+04,3.584620762647072745e+00
1.186400000000000000e+04,4.059137439269183467e+00
1.186500000000000000e+04,3.569028211137246664e+00
1.186600000000000000e+04,3.820668147775355905e+00
1.186700000000000000e+04,3.999784559901343073e+00
1.186800000000000000e+04,3.765529276577056272e+00
1.186900000000000000e+04,3.892778865797095200e+00
1.187000000000000000e+04,3.750236179160165495e+00
1.187100000000000000e+04,4.035723719457815051e+00
1.187200000000000000e+04,3.491774082738113627e+00
1.187300000000000000e+04,3.834194176483296967e+00
1.187400000000000000e+04,3.943310637248738981e+00
1.187500000000000000e+04,3.882057782147842140e+00
1.187600000000000000e+04,3.780437927730021297e+00
1.187700000000000000e+04,3.750220115433431811e+00
1.187800000000000000e+04,3.577828206282958945e+00
1.187900000000000000e+04,3.934674847415581933e+00
1.188000000000000000e+04,3.779706000672600652e+00
1.188100000000000000e+04,3.537354785873119134e+00
1.188200000000000000e+04,3.693150266197371412e+00
1.188300000000000000e+04,3.855564560976184829e+00
1.188400000000000000e+04,3.861520602987709161e+00
1.188500000000000000e+04,4.085900088695845866e+00
1.188600000000000000e+04,3.461312054637889268e+00
1.188700000000000000e+04,3.625609350823868482e+00
1.188800000000000000e+04,3.785366182768902021e+00
1.188900000000000000e+04,3.664605601580513738e+00
1.189000000000000000e+04,3.791649227569956260e+00
1.189100000000000000e+04,3.553234301923592131e+00
1.189200000000000000e+04,3.706719551670396573e+00
1.189300000000000000e+04,4.024913893989167768e+00
1.189400000000000000e+04,3.635045286765337558e+00
1.189500000000000000e+04,3.629740254291239587e+00
1.189600000000000000e+04,3.379565811337923886e+00
1.189700000000000000e+04,3.996276738650339944e+00
1.189800000000000000e+04,3.511725623268123986e+00
1.189900000000000000e+04,3.548028170458528585e+00
1.190000000000000000e+04,3.997880140905530233e+00
1.190100000000000000e+04,3.835418877558018913e+00
1.190200000000000000e+04,3.763639296807628210e+00
1.190300000000000000e+04,3.560965832641102224e+00
1.190400000000000000e+04,3.710899867471067370e+00
1.190500000000000000e+04,3.538090613569708331e+00
1.190600000000000000e+04,3.984075511602048980e+00
1.190700000000000000e+04,3.464858693513476418e+00
1.190800000000000000e+04,3.511643951472049441e+00
1.190900000000000000e+04,3.603918723491839504e+00
1.191000000000000000e+04,3.510054107643080457e+00
1.191100000000000000e+04,3.828672576162961416e+00
1.191200000000000000e+04,3.693311758444953963e+00
1.191300000000000000e+04,3.752226643976097176e+00
1.191400000000000000e+04,3.917682848801787632e+00
1.191500000000000000e+04,3.966560152904645697e+00
1.191600000000000000e+04,3.702844367547314608e+00
1.191700000000000000e+04,3.625391711760522551e+00
1.191800000000000000e+04,3.765641233865083315e+00
1.191900000000000000e+04,3.887599239269100782e+00
1.192000000000000000e+04,3.940000714225580403e+00
1.192100000000000000e+04,3.967879287816105993e+00
1.192200000000000000e+04,3.654862689873667136e+00
1.192300000000000000e+04,3.797944913693211966e+00
1.192400000000000000e+04,3.396961929109401090e+00
1.192500000000000000e+04,3.800023346245249289e+00
1.192600000000000000e+04,3.554463469839388434e+00
1.192700000000000000e+04,3.618843994246332851e+00
1.192800000000000000e+04,3.829012605320525342e+00
1.192900000000000000e+04,3.673910894787214332e+00
1.193000000000000000e+04,3.710770974557616508e+00
1.193100000000000000e+04,3.840503031777337206e+00
1.193200000000000000e+04,3.814829624121784057e+00
1.193300000000000000e+04,3.727057203002353880e+00
1.193400000000000000e+04,3.811270361178214383e+00
1.193500000000000000e+04,3.715350157039294388e+00
1.193600000000000000e+04,3.664977635897057606e+00
1.193700000000000000e+04,3.795976689794984704e+00
1.193800000000000000e+04,3.441400335440385039e+00
1.193900000000000000e+04,3.685942806035112262e+00
1.194000000000000000e+04,3.618620406958812818e+00
1.194100000000000000e+04,3.727308277825666316e+00
1.194200000000000000e+04,3.879446876253436649e+00
1.194300000000000000e+04,3.784277274174445704e+00
1.194400000000000000e+04,3.818468666156713542e+00
1.194500000000000000e+04,3.839832837978931490e+00
1.194600000000000000e+04,3.894217641179123834e+00
1.194700000000000000e+04,3.899403416727878380e+00
1.194800000000000000e+04,3.658831145292458231e+00
1.194900000000000000e+04,4.058305145595904939e+00
1.195000000000000000e+04,3.778630140669744009e+00
1.195100000000000000e+04,4.007243194459794822e+00
1.195200000000000000e+04,3.847560078352190160e+00
1.195300000000000000e+04,3.775882657898427031e+00
1.195400000000000000e+04,3.659083542796748745e+00
1.195500000000000000e+04,3.686993064356018479e+00
1.195600000000000000e+04,3.445781952413197846e+00
1.195700000000000000e+04,3.809084921965891546e+00
1.195800000000000000e+04,3.857354171068662740e+00
1.195900000000000000e+04,3.663901622108036715e+00
1.196000000000000000e+04,4.097747000710672438e+00
1.196100000000000000e+04,3.705372700797676444e+00
1.196200000000000000e+04,3.933894027292912821e+00
1.196300000000000000e+04,3.681811680355091543e+00
1.196400000000000000e+04,4.043998806505134880e+00
1.196500000000000000e+04,3.636858201973646842e+00
1.196600000000000000e+04,3.817949776037627085e+00
1.196700000000000000e+04,3.603448021863882023e+00
1.196800000000000000e+04,3.662825372787223976e+00
1.196900000000000000e+04,3.760666908754640048e+00
1.197000000000000000e+04,3.753680440426753417e+00
1.197100000000000000e+04,3.825710446990953972e+00
1.197200000000000000e+04,3.522556597075783280e+00
1.197300000000000000e+04,3.734876734212939642e+00
1.197400000000000000e+04,3.925962459168037100e+00
1.197500000000000000e+04,3.905464167039754741e+00
1.197600000000000000e+04,3.617049933005949569e+00
1.197700000000000000e+04,3.861182795454781047e+00
1.197800000000000000e+04,3.742758061894501775e+00
1.197900000000000000e+04,4.213338399086724806e+00
1.198000000000000000e+04,3.405040531009974725e+00
1.198100000000000000e+04,3.729708511962533279e+00
1.198200000000000000e+04,4.154354140640462489e+00
1.198300000000000000e+04,3.703874555466433183e+00
1.198400000000000000e+04,3.427841614869188813e+00
1.198500000000000000e+04,3.731236965196934818e+00
1.198600000000000000e+04,3.531759525592470084e+00
1.198700000000000000e+04,3.802793533202620146e+00
1.198800000000000000e+04,3.901790195278194151e+00
1.198900000000000000e+04,3.836741045522410687e+00
1.199000000000000000e+04,3.796906789003931415e+00
1.199100000000000000e+04,3.801937958621429470e+00
1.199200000000000000e+04,3.927022135769312250e+00
1.199300000000000000e+04,3.791924056686218680e+00
1.199400000000000000e+04,3.538500038118981283e+00
1.199500000000000000e+04,4.086150952538899261e+00
1.199600000000000000e+04,3.548498966191708348e+00
1.199700000000000000e+04,3.859844308924388123e+00
1.199800000000000000e+04,3.737035353512889291e+00
1.199900000000000000e+04,3.435151571378005197e+00
1.200000000000000000e+04,3.837885603351972819e+00
1.200100000000000000e+04,3.814652386617964464e+00
1.200200000000000000e+04,3.626287379643446052e+00
1.200300000000000000e+04,3.947522392593267426e+00
1.200400000000000000e+04,3.720133079681108512e+00
1.200500000000000000e+04,3.663184980598951590e+00
1.200600000000000000e+04,3.807278570219425617e+00
1.200700000000000000e+04,3.860084083716485814e+00
1.200800000000000000e+04,3.981929966012620614e+00
1.200900000000000000e+04,4.034206836386588613e+00
1.201000000000000000e+04,3.608893032839803006e+00
1.201100000000000000e+04,3.542164451460036112e+00
1.201200000000000000e+04,3.942576202521653084e+00
1.201300000000000000e+04,3.902850285181611145e+00
1.201400000000000000e+04,3.863580054835870747e+00
1.201500000000000000e+04,3.679011119691553144e+00
1.201600000000000000e+04,3.571755370721406475e+00
1.201700000000000000e+04,3.370255562609355326e+00
1.201800000000000000e+04,3.618125795623641672e+00
1.201900000000000000e+04,3.805879714924183421e+00
1.202000000000000000e+04,3.886026872704988921e+00
1.202100000000000000e+04,3.448302484719539596e+00
1.202200000000000000e+04,3.653982580262980395e+00
1.202300000000000000e+04,4.109025025988531254e+00
1.202400000000000000e+04,3.790741803002386945e+00
1.202500000000000000e+04,3.741214660175225415e+00
1.202600000000000000e+04,4.018937139294017413e+00
1.202700000000000000e+04,3.781767238718094060e+00
1.202800000000000000e+04,3.628906528877254178e+00
1.202900000000000000e+04,3.822863185320247492e+00
1.203000000000000000e+04,3.783056215816896106e+00
1.203100000000000000e+04,4.100426470632603682e+00
1.203200000000000000e+04,3.465648225694790252e+00
1.203300000000000000e+04,3.849094954624263654e+00
1.203400000000000000e+04,3.567882162129595081e+00
1.203500000000000000e+04,3.983564597073003366e+00
1.203600000000000000e+04,3.854995102621233460e+00
1.203700000000000000e+04,3.784946133155894898e+00
1.203800000000000000e+04,3.431647160013243880e+00
1.203900000000000000e+04,3.791074536054406696e+00
1.204000000000000000e+04,3.629169419719207923e+00
1.204100000000000000e+04,3.814579360342305936e+00
1.204200000000000000e+04,3.783865778125720336e+00
1.204300000000000000e+04,3.409520205360774270e+00
1.204400000000000000e+04,3.624181144867747673e+00
1.204500000000000000e+04,3.575566454570709318e+00
1.204600000000000000e+04,3.630445192622268280e+00
1.204700000000000000e+04,3.577480556103813214e+00
1.204800000000000000e+04,3.765904597326192871e+00
1.204900000000000000e+04,3.746345135186867292e+00
1.205000000000000000e+04,3.920459832621895124e+00
1.205100000000000000e+04,3.820504482064601692e+00
1.205200000000000000e+04,3.704206280534113827e+00
1.205300000000000000e+04,3.628547297727557464e+00
1.205400000000000000e+04,3.648092373989135329e+00
1.205500000000000000e+04,3.984658750812807071e+00
1.205600000000000000e+04,4.007726552110141505e+00
1.205700000000000000e+04,3.995999771811604262e+00
1.205800000000000000e+04,3.537048500971477605e+00
1.205900000000000000e+04,3.545703445156302092e+00
1.206000000000000000e+04,3.927306573557197034e+00
1.206100000000000000e+04,3.436889484949098517e+00
1.206200000000000000e+04,3.667578881779533617e+00
1.206300000000000000e+04,3.815639472106473917e+00
1.206400000000000000e+04,3.491622225839210891e+00
1.206500000000000000e+04,3.570740220525328468e+00
1.206600000000000000e+04,3.641783507689327681e+00
1.206700000000000000e+04,3.686399775666139966e+00
1.206800000000000000e+04,3.607873307539970487e+00
1.206900000000000000e+04,3.650833397512733391e+00
1.207000000000000000e+04,3.976087222877638272e+00
1.207100000000000000e+04,3.850889861135105008e+00
1.207200000000000000e+04,3.562655986400932395e+00
1.207300000000000000e+04,3.753765808019682737e+00
1.207400000000000000e+04,4.120231605413787968e+00
1.207500000000000000e+04,3.671804299010826167e+00
1.207600000000000000e+04,3.991606392067490461e+00
1.207700000000000000e+04,3.723348926328462483e+00
1.207800000000000000e+04,3.763773856628206627e+00
1.207900000000000000e+04,3.700211690456036706e+00
1.208000000000000000e+04,3.617980297116890398e+00
1.208100000000000000e+04,4.052862194519668115e+00
1.208200000000000000e+04,3.318565058722664052e+00
1.208300000000000000e+04,3.685042004751940325e+00
1.208400000000000000e+04,3.493290863583559780e+00
1.208500000000000000e+04,3.951274807845535086e+00
1.208600000000000000e+04,3.917558905886647569e+00
1.208700000000000000e+04,3.761853806201948647e+00
1.208800000000000000e+04,3.457290621599269365e+00
1.208900000000000000e+04,3.640900797983900983e+00
1.209000000000000000e+04,3.780480931526478017e+00
1.209100000000000000e+04,3.482523768393318786e+00
1.209200000000000000e+04,3.824575413742333563e+00
1.209300000000000000e+04,3.941233138300332506e+00
1.209400000000000000e+04,3.649862307878237289e+00
1.209500000000000000e+04,3.931421872796624584e+00
1.209600000000000000e+04,3.550211744139581072e+00
1.209700000000000000e+04,3.540815234432205472e+00
1.209800000000000000e+04,3.483097838783857370e+00
1.209900000000000000e+04,3.940105752585843835e+00
1.210000000000000000e+04,3.521285702396550477e+00
1.210100000000000000e+04,3.772560674700899952e+00
1.210200000000000000e+04,3.556751125729584295e+00
1.210300000000000000e+04,3.618817452167331084e+00
1.210400000000000000e+04,4.116248613186177963e+00
1.210500000000000000e+04,3.923230915146266984e+00
1.210600000000000000e+04,3.689641271323209182e+00
1.210700000000000000e+04,4.041937067707971565e+00
1.210800000000000000e+04,3.956898354548187946e+00
1.210900000000000000e+04,3.632243758625822938e+00
1.211000000000000000e+04,3.909162221256451186e+00
1.211100000000000000e+04,3.840293155483142762e+00
1.211200000000000000e+04,3.626582485042949777e+00
1.211300000000000000e+04,4.168797874952599791e+00
1.211400000000000000e+04,3.802077250700330868e+00
1.211500000000000000e+04,3.936186773173003584e+00
1.211600000000000000e+04,3.477225591395621596e+00
1.211700000000000000e+04,3.920354617767300986e+00
1.211800000000000000e+04,4.076845192072974022e+00
1.211900000000000000e+04,3.542125954496725626e+00
1.212000000000000000e+04,3.768613127690148445e+00
1.212100000000000000e+04,3.878062765397333411e+00
1.212200000000000000e+04,3.720614265291294576e+00
1.212300000000000000e+04,3.693954702852718874e+00
1.212400000000000000e+04,3.909071314249233708e+00
1.212500000000000000e+04,3.753534389583788045e+00
1.212600000000000000e+04,3.978906847423780757e+00
1.212700000000000000e+04,3.918334088418111705e+00
1.212800000000000000e+04,3.484817740334679392e+00
1.212900000000000000e+04,3.954204487450087679e+00
1.213000000000000000e+04,3.847826731136347878e+00
1.213100000000000000e+04,3.914411632043158562e+00
1.213200000000000000e+04,3.715504508149799712e+00
1.213300000000000000e+04,3.841343364434292251e+00
1.213400000000000000e+04,3.744562612478775421e+00
1.213500000000000000e+04,4.009537261482780224e+00
1.213600000000000000e+04,3.556649990837864816e+00
1.213700000000000000e+04,4.060389681929857275e+00
1.213800000000000000e+04,3.900140837639170854e+00
1.213900000000000000e+04,3.541242385051188268e+00
1.214000000000000000e+04,3.822869712987973845e+00
1.214100000000000000e+04,3.673769764898906054e+00
1.214200000000000000e+04,3.734320619331435331e+00
1.214300000000000000e+04,3.788545268764484497e+00
1.214400000000000000e+04,3.891822996464895379e+00
1.214500000000000000e+04,3.805698421445621982e+00
1.214600000000000000e+04,3.994491876569712829e+00
1.214700000000000000e+04,3.473870016461857002e+00
1.214800000000000000e+04,3.650321698026993023e+00
1.214900000000000000e+04,3.572810655190127527e+00
1.215000000000000000e+04,3.831889271709426836e+00
1.215100000000000000e+04,4.087869495183842794e+00
1.215200000000000000e+04,3.867239502422653796e+00
1.215300000000000000e+04,3.957043052553417262e+00
1.215400000000000000e+04,3.961512347366463516e+00
1.215500000000000000e+04,3.918371316827963913e+00
1.215600000000000000e+04,3.961425510569515307e+00
1.215700000000000000e+04,4.015866550593576889e+00
1.215800000000000000e+04,3.393071631443803415e+00
1.215900000000000000e+04,3.696586916429453584e+00
1.216000000000000000e+04,3.907931096817127692e+00
1.216100000000000000e+04,3.753516820099858098e+00
1.216200000000000000e+04,3.700821676010315642e+00
1.216300000000000000e+04,3.994516753265634268e+00
1.216400000000000000e+04,3.404719110841181173e+00
1.216500000000000000e+04,3.695794822797229262e+00
1.216600000000000000e+04,3.776693060743950614e+00
1.216700000000000000e+04,3.822981775083071909e+00
1.216800000000000000e+04,3.915923577078943119e+00
1.216900000000000000e+04,3.548350215744041858e+00
1.217000000000000000e+04,3.775051414719090559e+00
1.217100000000000000e+04,3.766721947281029603e+00
1.217200000000000000e+04,3.479981344668151344e+00
1.217300000000000000e+04,3.707439997689895073e+00
1.217400000000000000e+04,3.821207254330907244e+00
1.217500000000000000e+04,3.837104407364975156e+00
1.217600000000000000e+04,3.835200454156790340e+00
1.217700000000000000e+04,3.841553198114540102e+00
1.217800000000000000e+04,3.767317553563629406e+00
1.217900000000000000e+04,3.723493498018093373e+00
1.218000000000000000e+04,3.837826862210633738e+00
1.218100000000000000e+04,3.941437493987281382e+00
1.218200000000000000e+04,3.893172005246068768e+00
1.218300000000000000e+04,3.891109403457994720e+00
1.218400000000000000e+04,3.915128200303691131e+00
1.218500000000000000e+04,3.743298422361589939e+00
1.218600000000000000e+04,3.743961085180060433e+00
1.218700000000000000e+04,3.740839862478629652e+00
1.218800000000000000e+04,3.816870062710216782e+00
1.218900000000000000e+04,3.549853878899615012e+00
1.219000000000000000e+04,3.479278542790157136e+00
1.219100000000000000e+04,3.599700925544788710e+00
1.219200000000000000e+04,3.839531405240423467e+00
1.219300000000000000e+04,3.879557164157342530e+00
1.219400000000000000e+04,3.956362743573714091e+00
1.219500000000000000e+04,3.823521985753562280e+00
1.219600000000000000e+04,3.682298033774772161e+00
1.219700000000000000e+04,3.561499236304019433e+00
1.219800000000000000e+04,3.746853347472582918e+00
1.219900000000000000e+04,3.869025433384391643e+00
1.220000000000000000e+04,3.420134643179790324e+00
1.220100000000000000e+04,4.074583597684327430e+00
1.220200000000000000e+04,3.605525443108991368e+00
1.220300000000000000e+04,3.857806507174399435e+00
1.220400000000000000e+04,3.513827067170009588e+00
1.220500000000000000e+04,4.144846415721997523e+00
1.220600000000000000e+04,3.404886496178941790e+00
1.220700000000000000e+04,3.671966637752782869e+00
1.220800000000000000e+04,3.800905868747809890e+00
1.220900000000000000e+04,4.002026611351819696e+00
1.221000000000000000e+04,3.954641961694702612e+00
1.221100000000000000e+04,3.886821584426046527e+00
1.221200000000000000e+04,3.587927873998637107e+00
1.221300000000000000e+04,3.591820307143427371e+00
1.221400000000000000e+04,3.796589608601466992e+00
1.221500000000000000e+04,4.052845176639416458e+00
1.221600000000000000e+04,4.092755401671252180e+00
1.221700000000000000e+04,3.571868280969504372e+00
1.221800000000000000e+04,4.234356912380543569e+00
1.221900000000000000e+04,3.806266219473311452e+00
1.222000000000000000e+04,3.410184130745510078e+00
1.222100000000000000e+04,3.818818031575118344e+00
1.222200000000000000e+04,3.618010770107114027e+00
1.222300000000000000e+04,3.735652730961350088e+00
1.222400000000000000e+04,3.901344251767060012e+00
1.222500000000000000e+04,3.421417129833153936e+00
1.222600000000000000e+04,3.672827617466615457e+00
1.222700000000000000e+04,4.037943066608812970e+00
1.222800000000000000e+04,3.863932614245396469e+00
1.222900000000000000e+04,3.615884885765787704e+00
1.223000000000000000e+04,3.740711341860875727e+00
1.223100000000000000e+04,3.995550161202964912e+00
1.223200000000000000e+04,3.492157069956876025e+00
1.223300000000000000e+04,3.901311563651777892e+00
1.223400000000000000e+04,3.730580331188030119e+00
1.223500000000000000e+04,3.852525343962706295e+00
1.223600000000000000e+04,3.730782899788009033e+00
1.223700000000000000e+04,3.755059251732584702e+00
1.223800000000000000e+04,3.919214082338853267e+00
1.223900000000000000e+04,3.926864263308381453e+00
1.224000000000000000e+04,3.726758423651733931e+00
1.224100000000000000e+04,3.604420442408815095e+00
1.224200000000000000e+04,3.829909532527145721e+00
1.224300000000000000e+04,4.026995377371751950e+00
1.224400000000000000e+04,3.636301937984124155e+00
1.224500000000000000e+04,3.701291285649614071e+00
1.224600000000000000e+04,3.697804827764453961e+00
1.224700000000000000e+04,3.996342896840433756e+00
1.224800000000000000e+04,3.587186256200963097e+00
1.224900000000000000e+04,3.760564847088736506e+00
1.225000000000000000e+04,3.204091094779359494e+00
1.225100000000000000e+04,4.200238291984100591e+00
1.225200000000000000e+04,3.285636708987810461e+00
1.225300000000000000e+04,3.720248830969152820e+00
1.225400000000000000e+04,3.470944099010817130e+00
1.225500000000000000e+04,3.925856346032284616e+00
1.225600000000000000e+04,3.845326984330203146e+00
1.225700000000000000e+04,3.700930356880700156e+00
1.225800000000000000e+04,3.971337689807806548e+00
1.225900000000000000e+04,3.650010249739472190e+00
1.226000000000000000e+04,3.828131128771399716e+00
1.226100000000000000e+04,3.840893583363111485e+00
1.226200000000000000e+04,3.644733093231693921e+00
1.226300000000000000e+04,3.540539660153349644e+00
1.226400000000000000e+04,3.282788938875348173e+00
1.226500000000000000e+04,3.575360505429828084e+00
1.226600000000000000e+04,3.925682604906438833e+00
1.226700000000000000e+04,3.670131040131315192e+00
1.226800000000000000e+04,3.472232237233557228e+00
1.226900000000000000e+04,3.758291227043012217e+00
1.227000000000000000e+04,3.864144773034070557e+00
1.227100000000000000e+04,3.490030258870075119e+00
1.227200000000000000e+04,3.868605704302535919e+00
1.227300000000000000e+04,3.830343206397104794e+00
1.227400000000000000e+04,3.922677867782836003e+00
1.227500000000000000e+04,3.907377862954164005e+00
1.227600000000000000e+04,3.962508180881981534e+00
1.227700000000000000e+04,3.751752566488544272e+00
1.227800000000000000e+04,3.661197753623005813e+00
1.227900000000000000e+04,3.546226605530852893e+00
1.228000000000000000e+04,3.969490805184670901e+00
1.228100000000000000e+04,3.828436847410695787e+00
1.228200000000000000e+04,3.798450574796418788e+00
1.228300000000000000e+04,3.772614088213169570e+00
1.228400000000000000e+04,3.681627466859842102e+00
1.228500000000000000e+04,3.761325718636508775e+00
1.228600000000000000e+04,4.032575032461583220e+00
1.228700000000000000e+04,3.948695840458416484e+00
1.228800000000000000e+04,3.913235281575108360e+00
1.228900000000000000e+04,3.526578747721562657e+00
1.229000000000000000e+04,3.606095768264844015e+00
1.229100000000000000e+04,3.574844789525355893e+00
1.229200000000000000e+04,3.836536985740416572e+00
1.229300000000000000e+04,3.727941047058283441e+00
1.229400000000000000e+04,3.684233808899993079e+00
1.229500000000000000e+04,3.879170104052325652e+00
1.229600000000000000e+04,3.584827976521283599e+00
1.229700000000000000e+04,3.459143926709919992e+00
1.229800000000000000e+04,3.756810238128062363e+00
1.229900000000000000e+04,3.652952613229954792e+00
1.230000000000000000e+04,3.699335351852043985e+00
1.230100000000000000e+04,3.508799186566394557e+00
1.230200000000000000e+04,3.891587149325783646e+00
1.230300000000000000e+04,3.919828053431777537e+00
1.230400000000000000e+04,3.894041836531961565e+00
1.230500000000000000e+04,3.856852999500981483e+00
1.230600000000000000e+04,3.826925117341318572e+00
1.230700000000000000e+04,3.639377375291193317e+00
1.230800000000000000e+04,3.875959917976226521e+00
1.230900000000000000e+04,3.709570648005098725e+00
1.231000000000000000e+04,4.006798780333157062e+00
1.231100000000000000e+04,3.939083685724495965e+00
1.231200000000000000e+04,3.692376320891327612e+00
1.231300000000000000e+04,3.673253705925026757e+00
1.231400000000000000e+04,3.956444334074350255e+00
1.231500000000000000e+04,3.949653712430086117e+00
1.231600000000000000e+04,3.645446529537482050e+00
1.231700000000000000e+04,3.669673026683748951e+00
1.231800000000000000e+04,3.579357095533854061e+00
1.231900000000000000e+04,4.047659336578947276e+00
1.232000000000000000e+04,3.777560907412854885e+00
1.232100000000000000e+04,3.977035627156432884e+00
1.232200000000000000e+04,3.624548936454332626e+00
1.232300000000000000e+04,3.886345517430482399e+00
1.232400000000000000e+04,3.498278187543283124e+00
1.232500000000000000e+04,3.568050554294677656e+00
1.232600000000000000e+04,3.805802906768386507e+00
1.232700000000000000e+04,3.687880844056936169e+00
1.232800000000000000e+04,3.876850036988339632e+00
1.232900000000000000e+04,3.750764225308195421e+00
1.233000000000000000e+04,3.873686626582497627e+00
1.233100000000000000e+04,4.098870807400829541e+00
1.233200000000000000e+04,3.852597754402777852e+00
1.233300000000000000e+04,3.715762056725859797e+00
1.233400000000000000e+04,3.913785420290607053e+00
1.233500000000000000e+04,4.111333641518440274e+00
1.233600000000000000e+04,3.723717666503465473e+00
1.233700000000000000e+04,3.680464459389220178e+00
1.233800000000000000e+04,3.811569834096413700e+00
1.233900000000000000e+04,3.838985945798323751e+00
1.234000000000000000e+04,4.013517395121000142e+00
1.234100000000000000e+04,3.952158392593509983e+00
1.234200000000000000e+04,3.736462552322437958e+00
1.234300000000000000e+04,3.687321264962660550e+00
1.234400000000000000e+04,3.555018765285603788e+00
1.234500000000000000e+04,3.768789374753513943e+00
1.234600000000000000e+04,3.699804791962154837e+00
1.234700000000000000e+04,3.563478507290715136e+00
1.234800000000000000e+04,3.824118913669372066e+00
1.234900000000000000e+04,3.712894087826662304e+00
1.235000000000000000e+04,3.941682530998875666e+00
1.235100000000000000e+04,3.561164728806577973e+00
1.235200000000000000e+04,3.589995750151321552e+00
1.235300000000000000e+04,3.440459393483134232e+00
1.235400000000000000e+04,3.970636683761559205e+00
1.235500000000000000e+04,3.793736537804579534e+00
1.235600000000000000e+04,3.626901846930976614e+00
1.235700000000000000e+04,3.708847352242959250e+00
1.235800000000000000e+04,3.955638182379941359e+00
1.235900000000000000e+04,3.565812828244568689e+00
1.236000000000000000e+04,3.684608753090152788e+00
1.236100000000000000e+04,3.494484603838175385e+00
1.236200000000000000e+04,4.031878493588425982e+00
1.236300000000000000e+04,3.642049419526653509e+00
1.236400000000000000e+04,3.710527911142559532e+00
1.236500000000000000e+04,4.073739123063306877e+00
1.236600000000000000e+04,3.712172086705012752e+00
1.236700000000000000e+04,3.805597044339077417e+00
1.236800000000000000e+04,3.847798134663025671e+00
1.236900000000000000e+04,3.598981948696424293e+00
1.237000000000000000e+04,3.951524358755102106e+00
1.237100000000000000e+04,3.885757784106894430e+00
1.237200000000000000e+04,4.261547725085930161e+00
1.237300000000000000e+04,3.406908764400136125e+00
1.237400000000000000e+04,3.962892582230934213e+00
1.237500000000000000e+04,3.408816422253999612e+00
1.237600000000000000e+04,3.681236949510245715e+00
1.237700000000000000e+04,3.741757709140672183e+00
1.237800000000000000e+04,3.662265303362161717e+00
1.237900000000000000e+04,3.932968867611513986e+00
1.238000000000000000e+04,3.434151005541863366e+00
1.238100000000000000e+04,3.709801107116376784e+00
1.238200000000000000e+04,3.668414743729900618e+00
1.238300000000000000e+04,3.714545340307721322e+00
1.238400000000000000e+04,4.032635385707857623e+00
1.238500000000000000e+04,3.714946476672269071e+00
1.238600000000000000e+04,3.757774625647622990e+00
1.238700000000000000e+04,3.588333859755987287e+00
1.238800000000000000e+04,3.991699711042993481e+00
1.238900000000000000e+04,3.361832090961645925e+00
1.239000000000000000e+04,3.796839438216500273e+00
1.239100000000000000e+04,3.736802455131446710e+00
1.239200000000000000e+04,3.533611461041456181e+00
1.239300000000000000e+04,3.458788027579135171e+00
1.239400000000000000e+04,3.745686698418138949e+00
1.239500000000000000e+04,3.659827350994040440e+00
1.239600000000000000e+04,3.719268799821128457e+00
1.239700000000000000e+04,3.551404954780656542e+00
1.239800000000000000e+04,3.843255439095261572e+00
1.239900000000000000e+04,3.566581127281551744e+00
1.240000000000000000e+04,3.827863362722047746e+00
1.240100000000000000e+04,3.815363679306106093e+00
1.240200000000000000e+04,3.879881161310460680e+00
1.240300000000000000e+04,4.042459958194526415e+00
1.240400000000000000e+04,3.536721867201991110e+00
1.240500000000000000e+04,3.620319092844092257e+00
1.240600000000000000e+04,3.773154321628758634e+00
1.240700000000000000e+04,3.862090068575260382e+00
1.240800000000000000e+04,3.743985917129557084e+00
1.240900000000000000e+04,3.443874311065306948e+00
1.241000000000000000e+04,3.754181325119459345e+00
1.241100000000000000e+04,4.079865772367219812e+00
1.241200000000000000e+04,3.805211675623652923e+00
1.241300000000000000e+04,3.823901806662232783e+00
1.241400000000000000e+04,3.920888139074052425e+00
1.241500000000000000e+04,3.934363139019013467e+00
1.241600000000000000e+04,3.750953137582105246e+00
1.241700000000000000e+04,3.882156281113864349e+00
1.241800000000000000e+04,3.801224368190837311e+00
1.241900000000000000e+04,4.066970591966257764e+00
1.242000000000000000e+04,3.618787877330462255e+00
1.242100000000000000e+04,3.879038787255241427e+00
1.242200000000000000e+04,3.689489961488038539e+00
1.242300000000000000e+04,3.774842249885783652e+00
1.242400000000000000e+04,3.567850541544932863e+00
1.242500000000000000e+04,3.770611484964693449e+00
1.242600000000000000e+04,3.526820790828418595e+00
1.242700000000000000e+04,3.987136513205815191e+00
1.242800000000000000e+04,3.775637280292688747e+00
1.242900000000000000e+04,3.692002568022144438e+00
1.243000000000000000e+04,3.583336491945851243e+00
1.243100000000000000e+04,3.592145964048958362e+00
1.243200000000000000e+04,3.483806675107738116e+00
1.243300000000000000e+04,3.865696457152260734e+00
1.243400000000000000e+04,3.577096983142156184e+00
1.243500000000000000e+04,3.690826379968596971e+00
1.243600000000000000e+04,3.654619334134510567e+00
1.243700000000000000e+04,3.831984421964341081e+00
1.243800000000000000e+04,3.706995580395268330e+00
1.243900000000000000e+04,4.120234151023688618e+00
1.244000000000000000e+04,3.586519289681653788e+00
1.244100000000000000e+04,4.069664269088430153e+00
1.244200000000000000e+04,3.743794178670083017e+00
1.244300000000000000e+04,3.796272280026466106e+00
1.244400000000000000e+04,3.611171116502498002e+00
1.244500000000000000e+04,3.859209252551689229e+00
1.244600000000000000e+04,3.306033750633734503e+00
1.244700000000000000e+04,3.850376606737384133e+00
1.244800000000000000e+04,3.706424318628213754e+00
1.244900000000000000e+04,3.731545473683981484e+00
1.245000000000000000e+04,3.813159508508286777e+00
1.245100000000000000e+04,3.562247930146771768e+00
1.245200000000000000e+04,3.673668819531199059e+00
1.245300000000000000e+04,3.708454492022413174e+00
1.245400000000000000e+04,3.777679588319981185e+00
1.245500000000000000e+04,3.710012087049829876e+00
1.245600000000000000e+04,3.431061363301932232e+00
1.245700000000000000e+04,3.943032368693905720e+00
1.245800000000000000e+04,3.747610168539798003e+00
1.245900000000000000e+04,3.904398199591008645e+00
1.246000000000000000e+04,3.820951357080847544e+00
1.246100000000000000e+04,3.747211907503756212e+00
1.246200000000000000e+04,3.368554288798093932e+00
1.246300000000000000e+04,3.817339911620034609e+00
1.246400000000000000e+04,3.989281890220506277e+00
1.246500000000000000e+04,3.782760046097225271e+00
1.246600000000000000e+04,3.888533162095950679e+00
1.246700000000000000e+04,3.691764538917980509e+00
1.246800000000000000e+04,3.715963110019243842e+00
1.246900000000000000e+04,3.828016379721831175e+00
1.247000000000000000e+04,3.756596287895683783e+00
1.247100000000000000e+04,3.866319216096900213e+00
1.247200000000000000e+04,3.305847342804842270e+00
1.247300000000000000e+04,3.926901666294580373e+00
1.247400000000000000e+04,3.616987996754884360e+00
1.247500000000000000e+04,3.776913556141952455e+00
1.247600000000000000e+04,3.690979895173983838e+00
1.247700000000000000e+04,3.489301702359277613e+00
1.247800000000000000e+04,3.349916644079092176e+00
1.247900000000000000e+04,3.676938751531509286e+00
1.248000000000000000e+04,3.748593842348324046e+00
1.248100000000000000e+04,3.821155268024119867e+00
1.248200000000000000e+04,3.737807940891177960e+00
1.248300000000000000e+04,4.061613239812069232e+00
1.248400000000000000e+04,3.591738761227984078e+00
1.248500000000000000e+04,3.809581773143121186e+00
1.248600000000000000e+04,3.914246978512173847e+00
1.248700000000000000e+04,3.793348241365740225e+00
1.248800000000000000e+04,3.611095287521925989e+00
1.248900000000000000e+04,4.017430054783923232e+00
1.249000000000000000e+04,3.944008166980526475e+00
1.249100000000000000e+04,3.857583617445757174e+00
1.249200000000000000e+04,3.681916569698645336e+00
1.249300000000000000e+04,3.677513850835877562e+00
1.249400000000000000e+04,3.434755662911967544e+00
1.249500000000000000e+04,3.601285173451961974e+00
1.249600000000000000e+04,3.619536172433656773e+00
1.249700000000000000e+04,3.657358914398389782e+00
1.249800000000000000e+04,3.769984609299347866e+00
1.249900000000000000e+04,3.540627327470440733e+00
1.250000000000000000e+04,4.026958882556066044e+00
1.250100000000000000e+04,3.596686937139139673e+00
1.250200000000000000e+04,3.865128190030814093e+00
1.250300000000000000e+04,3.748585311419625921e+00
1.250400000000000000e+04,3.978701874789380977e+00
1.250500000000000000e+04,3.543216156194301192e+00
1.250600000000000000e+04,3.396440850309403015e+00
1.250700000000000000e+04,3.872077616769217911e+00
1.250800000000000000e+04,3.635449562876440499e+00
1.250900000000000000e+04,3.734280322817966180e+00
1.251000000000000000e+04,3.620132068161384442e+00
1.251100000000000000e+04,3.262212630597352891e+00
1.251200000000000000e+04,3.519769232970827666e+00
1.251300000000000000e+04,3.300027789761934560e+00
1.251400000000000000e+04,3.779739745462353806e+00
1.251500000000000000e+04,4.003187175246207374e+00
1.251600000000000000e+04,3.456756828844595120e+00
1.251700000000000000e+04,4.059757028390166056e+00
1.251800000000000000e+04,3.832300995364744445e+00
1.251900000000000000e+04,3.534131691462869984e+00
1.252000000000000000e+04,3.606672001442807307e+00
1.252100000000000000e+04,3.875510833864260540e+00
1.252200000000000000e+04,3.646796892430569148e+00
1.252300000000000000e+04,4.026591783014684012e+00
1.252400000000000000e+04,3.662840060845960810e+00
1.252500000000000000e+04,3.795312986358166274e+00
1.252600000000000000e+04,3.809889018306551911e+00
1.252700000000000000e+04,3.719245201966543846e+00
1.252800000000000000e+04,3.694371085493268758e+00
1.252900000000000000e+04,3.662877009637022674e+00
1.253000000000000000e+04,3.694178903558984928e+00
1.253100000000000000e+04,3.853829589110635112e+00
1.253200000000000000e+04,3.686019467133033078e+00
1.253300000000000000e+04,3.528840527966159435e+00
1.253400000000000000e+04,3.573026176956286992e+00
1.253500000000000000e+04,3.374674919298678244e+00
1.253600000000000000e+04,4.182163127968174798e+00
1.253700000000000000e+04,3.653658363330590131e+00
1.253800000000000000e+04,3.477720646751074174e+00
1.253900000000000000e+04,4.065669928034597369e+00
1.254000000000000000e+04,3.836739858939341108e+00
1.254100000000000000e+04,3.846670238802052388e+00
1.254200000000000000e+04,3.506264880940985762e+00
1.254300000000000000e+04,3.741182327879302161e+00
1.254400000000000000e+04,3.590360206121785414e+00
1.254500000000000000e+04,3.721789006763872809e+00
1.254600000000000000e+04,3.954697605554235551e+00
1.254700000000000000e+04,3.955176248335854350e+00
1.254800000000000000e+04,3.827607509813431008e+00
1.254900000000000000e+04,3.972538767043749530e+00
1.255000000000000000e+04,3.894251333684199956e+00
1.255100000000000000e+04,3.726694691320495245e+00
1.255200000000000000e+04,3.912548056356285553e+00
1.255300000000000000e+04,3.643198188941182636e+00
1.255400000000000000e+04,4.114079116166031724e+00
1.255500000000000000e+04,3.869236972193801805e+00
1.255600000000000000e+04,4.072693734765600482e+00
1.255700000000000000e+04,3.679488488175002736e+00
1.255800000000000000e+04,3.777357638299681852e+00
1.255900000000000000e+04,3.728420218202171732e+00
1.256000000000000000e+04,3.970288066152264150e+00
1.256100000000000000e+04,3.554410687194703211e+00
1.256200000000000000e+04,3.491850715316542786e+00
1.256300000000000000e+04,3.918261730541333421e+00
1.256400000000000000e+04,3.808417946861616166e+00
1.256500000000000000e+04,4.080342940781474859e+00
1.256600000000000000e+04,3.647057629773117871e+00
1.256700000000000000e+04,3.693359049296812024e+00
1.256800000000000000e+04,3.860286079796260150e+00
1.256900000000000000e+04,3.792518817774651385e+00
1.257000000000000000e+04,3.750144046304960899e+00
1.257100000000000000e+04,3.790198316516729449e+00
1.257200000000000000e+04,3.661299749825078997e+00
1.257300000000000000e+04,3.791671261993348807e+00
1.257400000000000000e+04,3.779344542460461920e+00
1.257500000000000000e+04,3.760123937237111580e+00
1.257600000000000000e+04,3.813500682144301379e+00
1.257700000000000000e+04,3.649677486785287694e+00
1.257800000000000000e+04,3.847303085029853520e+00
1.257900000000000000e+04,3.653470385413997157e+00
1.258000000000000000e+04,4.054116407331126659e+00
1.258100000000000000e+04,4.062518821112240275e+00
1.258200000000000000e+04,3.905045830015656971e+00
1.258300000000000000e+04,3.811777155445630783e+00
1.258400000000000000e+04,3.501291981708960055e+00
1.258500000000000000e+04,3.674328423344323635e+00
1.258600000000000000e+04,3.683723407661744442e+00
1.258700000000000000e+04,3.999807895764841525e+00
1.258800000000000000e+04,3.320468685381865015e+00
1.258900000000000000e+04,3.440897996284780547e+00
1.259000000000000000e+04,3.605879127394739037e+00
1.259100000000000000e+04,3.671821791126107293e+00
1.259200000000000000e+04,3.617083193228576299e+00
1.259300000000000000e+04,3.923874873048924350e+00
1.259400000000000000e+04,3.929892540773760601e+00
1.259500000000000000e+04,4.017812273795974498e+00
1.259600000000000000e+04,3.583211917429944826e+00
1.259700000000000000e+04,3.560341482498563082e+00
1.259800000000000000e+04,3.875513337089063093e+00
1.259900000000000000e+04,3.759594460613265632e+00
1.260000000000000000e+04,3.803190752482349613e+00
1.260100000000000000e+04,3.498214163343657201e+00
1.260200000000000000e+04,3.838078931254554238e+00
1.260300000000000000e+04,3.823137727672361041e+00
1.260400000000000000e+04,3.767019479368447499e+00
1.260500000000000000e+04,4.021987808519233987e+00
1.260600000000000000e+04,3.783986181236827395e+00
1.260700000000000000e+04,3.612604517766323742e+00
1.260800000000000000e+04,3.930262043879660272e+00
1.260900000000000000e+04,3.557452880425107100e+00
1.261000000000000000e+04,3.728736530611285183e+00
1.261100000000000000e+04,3.803886975709610763e+00
1.261200000000000000e+04,3.482457974432565884e+00
1.261300000000000000e+04,3.733785350037089668e+00
1.261400000000000000e+04,3.601090497895848674e+00
1.261500000000000000e+04,3.940154725454844797e+00
1.261600000000000000e+04,3.937494875079180279e+00
1.261700000000000000e+04,3.393611459775620620e+00
1.261800000000000000e+04,4.164460095666083994e+00
1.261900000000000000e+04,3.984690536138829398e+00
1.262000000000000000e+04,3.597307705066659977e+00
1.262100000000000000e+04,3.539425038515666255e+00
1.262200000000000000e+04,3.806398735388850874e+00
1.262300000000000000e+04,3.614945987294347685e+00
1.262400000000000000e+04,3.628323469364820308e+00
1.262500000000000000e+04,3.824987030771206165e+00
1.262600000000000000e+04,3.803150450991338083e+00
1.262700000000000000e+04,3.977406775165531982e+00
1.262800000000000000e+04,3.897011458996685551e+00
1.262900000000000000e+04,3.588118280251325398e+00
1.263000000000000000e+04,3.642288249636874475e+00
1.263100000000000000e+04,3.738008396820695189e+00
1.263200000000000000e+04,3.575873163291132695e+00
1.263300000000000000e+04,3.872504484978711137e+00
1.263400000000000000e+04,3.745365022574008051e+00
1.263500000000000000e+04,3.640488707126579904e+00
1.263600000000000000e+04,3.676729747949794902e+00
1.263700000000000000e+04,4.097616905172476898e+00
1.263800000000000000e+04,3.656427816036047496e+00
1.263900000000000000e+04,3.628201381007202908e+00
1.264000000000000000e+04,3.929133004506482063e+00
1.264100000000000000e+04,4.001125642720479547e+00
1.264200000000000000e+04,3.740678422951598137e+00
1.264300000000000000e+04,3.952001667072333468e+00
1.264400000000000000e+04,4.081894068962052202e+00
1.264500000000000000e+04,3.712386101379599346e+00
1.264600000000000000e+04,4.250997135323924425e+00
1.264700000000000000e+04,3.749445959966429154e+00
1.264800000000000000e+04,3.378726453048546574e+00
1.264900000000000000e+04,3.793010674435919771e+00
1.265000000000000000e+04,3.720154234879939459e+00
1.265100000000000000e+04,3.608429451433111002e+00
1.265200000000000000e+04,3.719533869657547509e+00
1.265300000000000000e+04,3.790599761576935567e+00
1.265400000000000000e+04,3.547202471595354734e+00
1.265500000000000000e+04,3.589477829336447545e+00
1.265600000000000000e+04,3.849626739727300961e+00
1.265700000000000000e+04,3.710355018842803165e+00
1.265800000000000000e+04,3.612805500002763903e+00
1.265900000000000000e+04,3.593606341251202707e+00
1.266000000000000000e+04,3.696637582397527488e+00
1.266100000000000000e+04,3.899653136168538037e+00
1.266200000000000000e+04,3.537835631309650619e+00
1.266300000000000000e+04,3.777461490476325956e+00
1.266400000000000000e+04,3.928749279074391421e+00
1.266500000000000000e+04,3.790158747828774821e+00
1.266600000000000000e+04,3.667738594816409403e+00
1.266700000000000000e+04,3.801628655967680626e+00
1.266800000000000000e+04,3.686841096904089454e+00
1.266900000000000000e+04,3.645301972648055777e+00
1.267000000000000000e+04,3.728163871776201788e+00
1.267100000000000000e+04,3.631754500301402011e+00
1.267200000000000000e+04,4.067362924603367347e+00
1.267300000000000000e+04,3.502128971755167353e+00
1.267400000000000000e+04,3.705905115872109690e+00
1.267500000000000000e+04,3.889487931702273027e+00
1.267600000000000000e+04,3.749232421873209375e+00
1.267700000000000000e+04,3.861027008600172117e+00
1.267800000000000000e+04,3.625342312296895297e+00
1.267900000000000000e+04,4.144581696003666771e+00
1.268000000000000000e+04,3.685218064925016801e+00
1.268100000000000000e+04,3.730427005541602448e+00
1.268200000000000000e+04,4.006813444222050435e+00
1.268300000000000000e+04,3.867535688697278484e+00
1.268400000000000000e+04,3.530391549393061545e+00
1.268500000000000000e+04,3.641763788260509394e+00
1.268600000000000000e+04,3.554809343126320798e+00
1.268700000000000000e+04,3.999132440176543124e+00
1.268800000000000000e+04,3.811195027410218650e+00
1.268900000000000000e+04,3.889584371027345444e+00
1.269000000000000000e+04,4.030279929560453667e+00
1.269100000000000000e+04,3.655398059045114501e+00
1.269200000000000000e+04,3.976395961716987060e+00
1.269300000000000000e+04,3.981797911978045779e+00
1.269400000000000000e+04,3.488338693107181587e+00
1.269500000000000000e+04,3.927274089725565798e+00
1.269600000000000000e+04,4.163238823984791281e+00
1.269700000000000000e+04,3.551552847425614612e+00
1.269800000000000000e+04,3.584986210340977753e+00
1.269900000000000000e+04,3.845412288334320472e+00
1.270000000000000000e+04,3.512780292027935847e+00
1.270100000000000000e+04,3.703801387367430475e+00
1.270200000000000000e+04,4.223362856237472762e+00
1.270300000000000000e+04,3.872452159555577200e+00
1.270400000000000000e+04,3.800651759932022422e+00
1.270500000000000000e+04,4.154076458780358472e+00
1.270600000000000000e+04,3.791204445156833192e+00
1.270700000000000000e+04,3.640619114783068877e+00
1.270800000000000000e+04,3.421831545021249088e+00
1.270900000000000000e+04,3.499979745814484566e+00
1.271000000000000000e+04,3.983728224719436550e+00
1.271100000000000000e+04,3.893011232816080192e+00
1.271200000000000000e+04,3.645637642803027489e+00
1.271300000000000000e+04,3.843054321754589608e+00
1.271400000000000000e+04,3.813724444269681602e+00
1.271500000000000000e+04,3.723270279420568318e+00
1.271600000000000000e+04,3.779190048474671215e+00
1.271700000000000000e+04,3.570738213385987958e+00
1.271800000000000000e+04,3.819331070574260245e+00
1.271900000000000000e+04,3.776027620869968349e+00
1.272000000000000000e+04,3.933836977808917723e+00
1.272100000000000000e+04,3.606452280688893453e+00
1.272200000000000000e+04,4.035769919803022354e+00
1.272300000000000000e+04,3.760468281230342047e+00
1.272400000000000000e+04,4.095173383200160444e+00
1.272500000000000000e+04,3.765147655387839798e+00
1.272600000000000000e+04,3.471598055031573260e+00
1.272700000000000000e+04,3.463899128388566506e+00
1.272800000000000000e+04,3.313522121908368590e+00
1.272900000000000000e+04,3.637998189065976717e+00
1.273000000000000000e+04,3.808452995777900973e+00
1.273100000000000000e+04,3.604191785538105375e+00
1.273200000000000000e+04,3.692119399021733361e+00
1.273300000000000000e+04,4.088866715406663133e+00
1.273400000000000000e+04,4.284264112864119234e+00
1.273500000000000000e+04,3.708316443218504954e+00
1.273600000000000000e+04,3.806621662783078452e+00
1.273700000000000000e+04,3.489192540394660647e+00
1.273800000000000000e+04,3.649472348122429377e+00
1.273900000000000000e+04,3.924407227590742675e+00
1.274000000000000000e+04,3.489521980762353870e+00
1.274100000000000000e+04,3.872381054630842812e+00
1.274200000000000000e+04,3.551488646102609170e+00
1.274300000000000000e+04,3.770372751087276431e+00
1.274400000000000000e+04,3.796517956520393255e+00
1.274500000000000000e+04,4.067724683107580397e+00
1.274600000000000000e+04,3.702700403328207379e+00
1.274700000000000000e+04,3.832333546908723854e+00
1.274800000000000000e+04,3.739943245558134066e+00
1.274900000000000000e+04,3.721189592474618557e+00
1.275000000000000000e+04,3.808866313556660277e+00
1.275100000000000000e+04,3.857483629896171884e+00
1.275200000000000000e+04,3.588533390233095144e+00
1.275300000000000000e+04,3.741150562786149880e+00
1.275400000000000000e+04,3.795918667059561269e+00
1.275500000000000000e+04,3.813843284039616144e+00
1.275600000000000000e+04,3.298790838387289259e+00
1.275700000000000000e+04,3.476021717244795806e+00
1.275800000000000000e+04,3.715921108994185929e+00
1.275900000000000000e+04,3.433181770174575043e+00
1.276000000000000000e+04,3.540367406414133278e+00
1.276100000000000000e+04,3.846817958037085816e+00
1.276200000000000000e+04,4.261045403818618738e+00
1.276300000000000000e+04,3.801664892099157811e+00
1.276400000000000000e+04,3.537911434960241408e+00
1.276500000000000000e+04,3.951701531367066256e+00
1.276600000000000000e+04,3.641632148794582857e+00
1.276700000000000000e+04,3.577315289050778446e+00
1.276800000000000000e+04,3.734510834745480068e+00
1.276900000000000000e+04,3.527622334692545270e+00
1.277000000000000000e+04,3.840207600182642178e+00
1.277100000000000000e+04,3.534085683606409400e+00
1.277200000000000000e+04,3.733096172066560747e+00
1.277300000000000000e+04,3.417880683400599917e+00
1.277400000000000000e+04,3.780080676378482440e+00
1.277500000000000000e+04,3.689012059956076062e+00
1.277600000000000000e+04,3.950592248276143970e+00
1.277700000000000000e+04,3.717016502924752164e+00
1.277800000000000000e+04,3.751882575832514277e+00
1.277900000000000000e+04,3.506831753031196097e+00
1.278000000000000000e+04,3.532276934170648364e+00
1.278100000000000000e+04,3.745719811940905419e+00
1.278200000000000000e+04,3.741889859219205583e+00
1.278300000000000000e+04,3.772452307555879791e+00
1.278400000000000000e+04,3.504941279803027054e+00
1.278500000000000000e+04,3.461540282129647039e+00
1.278600000000000000e+04,3.733194651898210203e+00
1.278700000000000000e+04,3.713409436433041666e+00
1.278800000000000000e+04,3.746795853123784159e+00
1.278900000000000000e+04,3.326461243270637524e+00
1.279000000000000000e+04,3.697423928204861099e+00
1.279100000000000000e+04,3.668465277807694047e+00
1.279200000000000000e+04,3.524985593899230718e+00
1.279300000000000000e+04,3.836344608324522731e+00
1.279400000000000000e+04,3.837001977626200322e+00
1.279500000000000000e+04,3.865483798155280315e+00
1.279600000000000000e+04,4.148112487796558057e+00
1.279700000000000000e+04,3.728504472582510054e+00
1.279800000000000000e+04,3.569761263198632406e+00
1.279900000000000000e+04,3.838417986293629180e+00
1.280000000000000000e+04,3.576010723832332427e+00
1.280100000000000000e+04,3.959765455847486404e+00
1.280200000000000000e+04,3.716251434078528426e+00
1.280300000000000000e+04,3.919453042431209067e+00
1.280400000000000000e+04,3.515507717192095427e+00
1.280500000000000000e+04,3.665765416127193976e+00
1.280600000000000000e+04,3.749843680241586874e+00
1.280700000000000000e+04,3.887883281009079539e+00
1.280800000000000000e+04,3.590449010241846928e+00
1.280900000000000000e+04,4.082882308164808904e+00
1.281000000000000000e+04,4.049246953441627994e+00
1.281100000000000000e+04,3.716674599209882857e+00
1.281200000000000000e+04,3.667963528057186728e+00
1.281300000000000000e+04,3.716844182892833359e+00
1.281400000000000000e+04,3.665197163345602860e+00
1.281500000000000000e+04,3.853535682353386171e+00
1.281600000000000000e+04,4.096361293924491775e+00
1.281700000000000000e+04,3.562740263521640305e+00
1.281800000000000000e+04,3.604223369751901274e+00
1.281900000000000000e+04,3.868362457631414397e+00
1.282000000000000000e+04,3.599675392609968494e+00
1.282100000000000000e+04,4.101953726039067050e+00
1.282200000000000000e+04,3.487629932096823371e+00
1.282300000000000000e+04,3.642325038798325920e+00
1.282400000000000000e+04,3.884937192081663770e+00
1.282500000000000000e+04,3.789816434590263405e+00
1.282600000000000000e+04,3.859422727427388011e+00
1.282700000000000000e+04,3.521093475735688205e+00
1.282800000000000000e+04,3.585521706634006378e+00
1.282900000000000000e+04,4.191512453548384975e+00
1.283000000000000000e+04,3.712329317285089747e+00
1.283100000000000000e+04,3.633654959981921895e+00
1.283200000000000000e+04,3.685411787643465331e+00
1.283300000000000000e+04,3.857377327977322690e+00
1.283400000000000000e+04,3.787424033998461947e+00
1.283500000000000000e+04,3.660939008876770373e+00
1.283600000000000000e+04,3.784584732325573242e+00
1.283700000000000000e+04,3.468093080223265012e+00
1.283800000000000000e+04,3.980911537838476288e+00
1.283900000000000000e+04,3.651250468042862796e+00
1.284000000000000000e+04,3.537669774442614656e+00
1.284100000000000000e+04,3.656161918956005064e+00
1.284200000000000000e+04,3.649763049220218658e+00
1.284300000000000000e+04,3.418893754903928883e+00
1.284400000000000000e+04,3.820744530250200111e+00
1.284500000000000000e+04,3.522988983931317541e+00
1.284600000000000000e+04,3.784961362770275617e+00
1.284700000000000000e+04,3.517099006439475151e+00
1.284800000000000000e+04,3.657561077701059649e+00
1.284900000000000000e+04,3.818020197105418401e+00
1.285000000000000000e+04,3.563860408547422143e+00
1.285100000000000000e+04,3.463941354959981567e+00
1.285200000000000000e+04,3.674684403650004150e+00
1.285300000000000000e+04,3.449078868248219187e+00
1.285400000000000000e+04,3.570696752713120592e+00
1.285500000000000000e+04,3.662534132209675164e+00
1.285600000000000000e+04,3.377987994384912707e+00
1.285700000000000000e+04,3.737643390168654545e+00
1.285800000000000000e+04,3.508553899802433484e+00
1.285900000000000000e+04,4.069407413490250036e+00
1.286000000000000000e+04,3.851551339602991231e+00
1.286100000000000000e+04,4.019941675572486162e+00
1.286200000000000000e+04,3.640697818846140077e+00
1.286300000000000000e+04,3.686358799842283318e+00
1.286400000000000000e+04,3.457154740645470348e+00
1.286500000000000000e+04,4.065912992869973763e+00
1.286600000000000000e+04,3.501544031313400751e+00
1.286700000000000000e+04,3.809125712164066258e+00
1.286800000000000000e+04,3.636423850731703489e+00
1.286900000000000000e+04,3.481385640428829920e+00
1.287000000000000000e+04,3.530765249867552580e+00
1.287100000000000000e+04,3.863645294402152430e+00
1.287200000000000000e+04,3.695701058318904053e+00
1.287300000000000000e+04,3.983306983583588590e+00
1.287400000000000000e+04,3.733258698876545267e+00
1.287500000000000000e+04,3.811244056477988362e+00
1.287600000000000000e+04,3.482954461701217141e+00
1.287700000000000000e+04,3.782325746906316954e+00
1.287800000000000000e+04,3.264584233516280243e+00
1.287900000000000000e+04,3.795483897965963749e+00
1.288000000000000000e+04,3.754302364160309491e+00
1.288100000000000000e+04,3.635353036845839103e+00
1.288200000000000000e+04,3.528686639482481624e+00
1.288300000000000000e+04,3.718868305221306070e+00
1.288400000000000000e+04,3.584245797542122247e+00
1.288500000000000000e+04,3.752812511794227035e+00
1.288600000000000000e+04,3.668610624037277557e+00
1.288700000000000000e+04,3.678831673982900341e+00
1.288800000000000000e+04,3.913969570763559780e+00
1.288900000000000000e+04,3.847485174957588239e+00
1.289000000000000000e+04,3.757081569047886038e+00
1.289100000000000000e+04,3.432989060352687805e+00
1.289200000000000000e+04,3.657920022909518565e+00
1.289300000000000000e+04,3.574172149701416057e+00
1.289400000000000000e+04,3.543572129972506257e+00
1.289500000000000000e+04,3.965249141351520734e+00
1.289600000000000000e+04,3.397503109620835016e+00
1.289700000000000000e+04,3.545058866953349597e+00
1.289800000000000000e+04,4.091211918812739157e+00
1.289900000000000000e+04,3.852815329634069474e+00
1.290000000000000000e+04,3.417959995269209905e+00
1.290100000000000000e+04,3.717967527036003528e+00
1.290200000000000000e+04,3.653936285350031010e+00
1.290300000000000000e+04,3.686543197588533438e+00
1.290400000000000000e+04,3.650292277142866304e+00
1.290500000000000000e+04,3.660978671263964479e+00
1.290600000000000000e+04,3.754822600833889190e+00
1.290700000000000000e+04,3.910550177985721021e+00
1.290800000000000000e+04,4.031307346199158204e+00
1.290900000000000000e+04,3.733758568346933870e+00
1.291000000000000000e+04,3.392971510965912429e+00
1.291100000000000000e+04,3.756211258605879788e+00
1.291200000000000000e+04,3.422534083989381859e+00
1.291300000000000000e+04,3.640754438561363493e+00
1.291400000000000000e+04,3.528500767608301114e+00
1.291500000000000000e+04,3.806178888829389706e+00
1.291600000000000000e+04,3.971173729475818703e+00
1.291700000000000000e+04,3.586236119810618295e+00
1.291800000000000000e+04,3.769068242026428095e+00
1.291900000000000000e+04,3.783615870308291829e+00
1.292000000000000000e+04,3.674929213098101943e+00
1.292100000000000000e+04,3.924706853424546171e+00
1.292200000000000000e+04,4.023307563346756766e+00
1.292300000000000000e+04,3.730001143966877653e+00
1.292400000000000000e+04,3.505837669952764912e+00
1.292500000000000000e+04,3.630704589028409313e+00
1.292600000000000000e+04,3.692240989416875951e+00
1.292700000000000000e+04,3.553321233418843761e+00
1.292800000000000000e+04,3.681526584868809682e+00
1.292900000000000000e+04,3.514508053984933156e+00
1.293000000000000000e+04,3.912538118733334791e+00
1.293100000000000000e+04,3.952738749818708541e+00
1.293200000000000000e+04,3.566876505529908759e+00
1.293300000000000000e+04,3.948639950943053201e+00
1.293400000000000000e+04,3.638684894388011237e+00
1.293500000000000000e+04,3.666579888672897081e+00
1.293600000000000000e+04,3.652167221652592666e+00
1.293700000000000000e+04,3.797041074156636498e+00
1.293800000000000000e+04,3.870146483089226042e+00
1.293900000000000000e+04,3.674953281117047776e+00
1.294000000000000000e+04,4.091253399685956360e+00
1.294100000000000000e+04,3.962282003405967590e+00
1.294200000000000000e+04,3.805764276034114602e+00
1.294300000000000000e+04,3.673737383584277261e+00
1.294400000000000000e+04,3.656507872395064584e+00
1.294500000000000000e+04,3.920930256949696879e+00
1.294600000000000000e+04,3.452393882196204355e+00
1.294700000000000000e+04,3.357108851668292981e+00
1.294800000000000000e+04,3.742616872847011944e+00
1.294900000000000000e+04,4.096593000084022052e+00
1.295000000000000000e+04,3.812211521936114789e+00
1.295100000000000000e+04,4.041127011048697426e+00
1.295200000000000000e+04,3.775061162670222181e+00
1.295300000000000000e+04,3.703385039585960659e+00
1.295400000000000000e+04,3.912986726689411832e+00
1.295500000000000000e+04,3.502887853116110062e+00
1.295600000000000000e+04,3.425115693486310064e+00
1.295700000000000000e+04,3.667488727150685524e+00
1.295800000000000000e+04,3.835281116539104307e+00
1.295900000000000000e+04,3.347856472047762821e+00
1.296000000000000000e+04,3.877588148854890449e+00
1.296100000000000000e+04,3.712154547663730764e+00
1.296200000000000000e+04,3.935997484919962819e+00
1.296300000000000000e+04,3.402831407401092356e+00
1.296400000000000000e+04,3.827965092764223698e+00
1.296500000000000000e+04,4.030059449534562077e+00
1.296600000000000000e+04,3.759517676874658321e+00
1.296700000000000000e+04,3.664792824263471971e+00
1.296800000000000000e+04,3.548436800113755396e+00
1.296900000000000000e+04,3.777607561164116667e+00
1.297000000000000000e+04,3.676172800115657946e+00
1.297100000000000000e+04,3.561415008287881712e+00
1.297200000000000000e+04,3.627621536741088448e+00
1.297300000000000000e+04,3.617103053381065969e+00
1.297400000000000000e+04,3.830698574185864125e+00
1.297500000000000000e+04,3.968929074281114744e+00
1.297600000000000000e+04,4.126505392153754670e+00
1.297700000000000000e+04,3.981169381724397827e+00
1.297800000000000000e+04,3.910537428864443665e+00
1.297900000000000000e+04,3.861990584769982249e+00
1.298000000000000000e+04,3.799594591548675737e+00
1.298100000000000000e+04,3.561963427228477030e+00
1.298200000000000000e+04,3.689552152719929090e+00
1.298300000000000000e+04,3.600187335124040988e+00
1.298400000000000000e+04,3.629026529036813553e+00
1.298500000000000000e+04,3.947921823316442591e+00
1.298600000000000000e+04,3.683159916891957764e+00
1.298700000000000000e+04,3.716733933749532426e+00
1.298800000000000000e+04,3.650373556458565094e+00
1.298900000000000000e+04,3.990198737888132285e+00
1.299000000000000000e+04,3.609594212501161081e+00
1.299100000000000000e+04,3.425212526445716499e+00
1.299200000000000000e+04,3.729215924303981300e+00
1.299300000000000000e+04,3.531300131870339865e+00
1.299400000000000000e+04,3.609564931419949829e+00
1.299500000000000000e+04,3.587593093996945814e+00
1.299600000000000000e+04,3.780526817376717474e+00
1.299700000000000000e+04,3.773161270703337067e+00
1.299800000000000000e+04,3.721555775819767486e+00
1.299900000000000000e+04,3.557578602686002345e+00
1.300000000000000000e+04,3.642427347413116134e+00
1.300100000000000000e+04,4.161268302007842479e+00
1.300200000000000000e+04,3.588880394888676939e+00
1.300300000000000000e+04,3.460806561470676890e+00
1.300400000000000000e+04,4.024378282242206950e+00
1.300500000000000000e+04,3.500451085889999536e+00
1.300600000000000000e+04,3.645960180845279286e+00
1.300700000000000000e+04,4.019768314233102657e+00
1.300800000000000000e+04,3.482247085142408327e+00
1.300900000000000000e+04,3.728377172039401000e+00
1.301000000000000000e+04,3.321252549653391117e+00
1.301100000000000000e+04,3.876026883095243569e+00
1.301200000000000000e+04,3.598771182730794660e+00
1.301300000000000000e+04,3.798480890144170008e+00
1.301400000000000000e+04,3.681658166054813552e+00
1.301500000000000000e+04,4.048456858155855542e+00
1.301600000000000000e+04,4.010581228437883006e+00
1.301700000000000000e+04,3.849144831074752027e+00
1.301800000000000000e+04,3.367964598701631562e+00
1.301900000000000000e+04,3.879634634502991730e+00
1.302000000000000000e+04,3.938771451353666908e+00
1.302100000000000000e+04,3.348977360677511950e+00
1.302200000000000000e+04,3.726113667068459812e+00
1.302300000000000000e+04,3.705198476231775118e+00
1.302400000000000000e+04,4.213820369353806328e+00
1.302500000000000000e+04,3.582018577586763897e+00
1.302600000000000000e+04,3.679135067382928614e+00
1.302700000000000000e+04,3.506503109019020847e+00
1.302800000000000000e+04,3.887814872180966663e+00
1.302900000000000000e+04,3.740015146854039241e+00
1.303000000000000000e+04,3.975702906895445921e+00
1.303100000000000000e+04,3.673487046045694093e+00
1.303200000000000000e+04,3.613558447743493218e+00
1.303300000000000000e+04,3.689709084161246544e+00
1.303400000000000000e+04,4.014404520300400847e+00
1.303500000000000000e+04,4.165820029331494645e+00
1.303600000000000000e+04,3.924506563061946451e+00
1.303700000000000000e+04,3.400853349533853986e+00
1.303800000000000000e+04,3.927441872000077883e+00
1.303900000000000000e+04,3.495647483369761055e+00
1.304000000000000000e+04,3.638521483192815875e+00
1.304100000000000000e+04,3.600315853390109844e+00
1.304200000000000000e+04,3.588313337331928032e+00
1.304300000000000000e+04,3.493899217308882754e+00
1.304400000000000000e+04,4.043641275949236835e+00
1.304500000000000000e+04,3.980291243687560154e+00
1.304600000000000000e+04,3.831421054662287773e+00
1.304700000000000000e+04,3.775844323645884071e+00
1.304800000000000000e+04,3.832191405777884530e+00
1.304900000000000000e+04,3.769495686422747127e+00
1.305000000000000000e+04,3.655721357333495014e+00
1.305100000000000000e+04,3.808982270175445439e+00
1.305200000000000000e+04,3.918924552469658096e+00
1.305300000000000000e+04,3.490696857415375831e+00
1.305400000000000000e+04,3.879523235549157789e+00
1.305500000000000000e+04,3.995220201184351172e+00
1.305600000000000000e+04,3.797851384534490116e+00
1.305700000000000000e+04,3.599340292637343452e+00
1.305800000000000000e+04,3.965417399859685776e+00
1.305900000000000000e+04,3.955952926242192635e+00
1.306000000000000000e+04,3.595667671450016645e+00
1.306100000000000000e+04,3.925531508488472987e+00
1.306200000000000000e+04,3.798006714253937766e+00
1.306300000000000000e+04,4.097217658092822568e+00
1.306400000000000000e+04,3.884079379512015873e+00
1.306500000000000000e+04,3.771622361521309141e+00
1.306600000000000000e+04,3.545195006509699098e+00
1.306700000000000000e+04,3.695655017417555310e+00
1.306800000000000000e+04,3.892377383250706924e+00
1.306900000000000000e+04,3.736825094574806716e+00
1.307000000000000000e+04,3.610350626379602357e+00
1.307100000000000000e+04,4.165697627094587574e+00
1.307200000000000000e+04,3.911253039045088364e+00
1.307300000000000000e+04,3.780938364427348652e+00
1.307400000000000000e+04,3.570828547473769099e+00
1.307500000000000000e+04,4.095430440911878023e+00
1.307600000000000000e+04,3.703111432982822304e+00
1.307700000000000000e+04,3.444093644367454576e+00
1.307800000000000000e+04,3.818277889254177992e+00
1.307900000000000000e+04,3.768792436085068864e+00
1.308000000000000000e+04,3.711147680217499190e+00
1.308100000000000000e+04,3.684828350941783626e+00
1.308200000000000000e+04,3.771440536131952292e+00
1.308300000000000000e+04,4.179028520839609406e+00
1.308400000000000000e+04,3.655550464186397619e+00
1.308500000000000000e+04,3.688633997166763212e+00
1.308600000000000000e+04,3.964105437892263772e+00
1.308700000000000000e+04,3.684839227552584084e+00
1.308800000000000000e+04,3.471165954728026026e+00
1.308900000000000000e+04,3.509912101202305124e+00
1.309000000000000000e+04,3.699837218926094629e+00
1.309100000000000000e+04,3.563107326811479680e+00
1.309200000000000000e+04,3.556845647191197557e+00
1.309300000000000000e+04,3.667576697363792881e+00
1.309400000000000000e+04,3.701409467243681028e+00
1.309500000000000000e+04,4.058889262978405021e+00
1.309600000000000000e+04,3.710446973900801027e+00
1.309700000000000000e+04,3.865798927794428241e+00
1.309800000000000000e+04,3.773569634780327142e+00
1.309900000000000000e+04,3.652160354086672722e+00
1.310000000000000000e+04,3.527950589276838578e+00
1.310100000000000000e+04,3.613841664528349540e+00
1.310200000000000000e+04,3.854401115383537579e+00
1.310300000000000000e+04,3.337033756158541919e+00
1.310400000000000000e+04,3.524272062885956736e+00
1.310500000000000000e+04,3.745527245073273725e+00
1.310600000000000000e+04,3.531727822197622046e+00
1.310700000000000000e+04,3.413843314707813548e+00
1.310800000000000000e+04,3.731864037209087215e+00
1.310900000000000000e+04,3.723826827861635547e+00
1.311000000000000000e+04,4.028552178133228523e+00
1.311100000000000000e+04,3.913140778178845203e+00
1.311200000000000000e+04,3.986368494227099379e+00
1.311300000000000000e+04,3.894151958479593834e+00
1.311400000000000000e+04,3.759245730964676735e+00
1.311500000000000000e+04,3.795102966616352269e+00
1.311600000000000000e+04,3.681516262328182520e+00
1.311700000000000000e+04,3.688939232500575205e+00
1.311800000000000000e+04,3.530293374551917385e+00
1.311900000000000000e+04,3.634227693304575180e+00
1.312000000000000000e+04,3.736810088140656738e+00
1.312100000000000000e+04,3.527063484331600218e+00
1.312200000000000000e+04,4.066673126759400958e+00
1.312300000000000000e+04,3.739413987987361576e+00
1.312400000000000000e+04,3.981754359119515918e+00
1.312500000000000000e+04,3.422552623855331877e+00
1.312600000000000000e+04,4.026530658896957604e+00
1.312700000000000000e+04,3.628619870056706276e+00
1.312800000000000000e+04,3.595276129358908168e+00
1.312900000000000000e+04,3.856793320433503869e+00
1.313000000000000000e+04,3.680821881589138922e+00
1.313100000000000000e+04,3.747007765430483861e+00
1.313200000000000000e+04,3.763099188122605021e+00
1.313300000000000000e+04,3.886173320690026411e+00
1.313400000000000000e+04,3.947594730103852090e+00
1.313500000000000000e+04,3.536585271027374411e+00
1.313600000000000000e+04,3.770536376100527942e+00
1.313700000000000000e+04,3.792970090902862079e+00
1.313800000000000000e+04,3.624481076745413866e+00
1.313900000000000000e+04,3.755773554045862994e+00
1.314000000000000000e+04,3.458838069082817768e+00
1.314100000000000000e+04,3.916813092627021486e+00
1.314200000000000000e+04,3.871619147951031348e+00
1.314300000000000000e+04,3.613998574279397413e+00
1.314400000000000000e+04,3.914730696263606813e+00
1.314500000000000000e+04,3.760294473518446257e+00
1.314600000000000000e+04,3.552447553714699335e+00
1.314700000000000000e+04,3.819397413155796617e+00
1.314800000000000000e+04,3.884066986258868592e+00
1.314900000000000000e+04,3.694106949421994468e+00
1.315000000000000000e+04,3.841986432260700024e+00
1.315100000000000000e+04,3.584096755632619313e+00
1.315200000000000000e+04,3.729976871228296353e+00
1.315300000000000000e+04,3.726645134176373109e+00
1.315400000000000000e+04,3.736424977170851314e+00
1.315500000000000000e+04,3.750280498105151850e+00
1.315600000000000000e+04,3.863444910368969865e+00
1.315700000000000000e+04,3.784938504340851662e+00
1.315800000000000000e+04,3.706605217126276663e+00
1.315900000000000000e+04,3.655703432141851117e+00
1.316000000000000000e+04,3.564669667773580297e+00
1.316100000000000000e+04,3.894253202572705241e+00
1.316200000000000000e+04,3.609907892266898344e+00
1.316300000000000000e+04,3.831146437161531360e+00
1.316400000000000000e+04,3.842327058467964740e+00
1.316500000000000000e+04,3.483111904819204963e+00
1.316600000000000000e+04,3.789601604383284528e+00
1.316700000000000000e+04,3.839138183128026682e+00
1.316800000000000000e+04,3.801327873235623933e+00
1.316900000000000000e+04,3.602212845113939022e+00
1.317000000000000000e+04,4.065015100064007569e+00
1.317100000000000000e+04,3.584723186614022783e+00
1.317200000000000000e+04,3.616401495660087395e+00
1.317300000000000000e+04,3.784958111073287057e+00
1.317400000000000000e+04,3.690291685971017976e+00
1.317500000000000000e+04,3.684502485577286102e+00
1.317600000000000000e+04,4.209165176992771151e+00
1.317700000000000000e+04,3.586676057787792526e+00
1.317800000000000000e+04,3.770385772121266577e+00
1.317900000000000000e+04,3.681913566776190194e+00
1.318000000000000000e+04,3.861575519301657433e+00
1.318100000000000000e+04,3.669449625945678584e+00
1.318200000000000000e+04,3.929543549753916398e+00
1.318300000000000000e+04,3.659172715568334233e+00
1.318400000000000000e+04,3.952262080931791655e+00
1.318500000000000000e+04,3.690257296633795203e+00
1.318600000000000000e+04,3.860514516325198819e+00
1.318700000000000000e+04,3.755313252422876058e+00
1.318800000000000000e+04,3.580708750641492966e+00
1.318900000000000000e+04,3.766470303006145492e+00
1.319000000000000000e+04,3.825338076618003402e+00
1.319100000000000000e+04,3.697869641502897764e+00
1.319200000000000000e+04,3.776935860740517459e+00
1.319300000000000000e+04,3.551773188490987110e+00
1.319400000000000000e+04,3.853705976909969078e+00
1.319500000000000000e+04,4.040328976953188267e+00
1.319600000000000000e+04,3.905509482262939702e+00
1.319700000000000000e+04,3.740224889185006951e+00
1.319800000000000000e+04,3.457855886814572788e+00
1.319900000000000000e+04,4.451150243786153204e+00
1.320000000000000000e+04,3.994421638729292123e+00
1.320100000000000000e+04,3.637316135668727579e+00
1.320200000000000000e+04,3.664972979100752593e+00
1.320300000000000000e+04,3.745181155040455678e+00
1.320400000000000000e+04,3.722662281169326182e+00
1.320500000000000000e+04,3.739437201944503020e+00
1.320600000000000000e+04,3.898791424226880409e+00
1.320700000000000000e+04,3.560314163517043884e+00
1.320800000000000000e+04,3.732067306687434805e+00
1.320900000000000000e+04,3.786857431500732840e+00
1.321000000000000000e+04,3.685961593739730535e+00
1.321100000000000000e+04,3.572936488500129126e+00
1.321200000000000000e+04,4.150178825824982098e+00
1.321300000000000000e+04,3.812405078534917724e+00
1.321400000000000000e+04,3.288346277234336590e+00
1.321500000000000000e+04,3.599147555121990028e+00
1.321600000000000000e+04,3.785409239205495435e+00
1.321700000000000000e+04,3.483500103211947696e+00
1.321800000000000000e+04,3.710279097130209980e+00
1.321900000000000000e+04,3.625531646661406260e+00
1.322000000000000000e+04,3.722541828913094264e+00
1.322100000000000000e+04,3.801117164472267884e+00
1.322200000000000000e+04,3.750739593079393863e+00
1.322300000000000000e+04,3.706047853091099853e+00
1.322400000000000000e+04,3.668903475675828307e+00
1.322500000000000000e+04,3.484071941699155683e+00
1.322600000000000000e+04,3.791636213369695252e+00
1.322700000000000000e+04,3.499872313538678448e+00
1.322800000000000000e+04,3.695153985205559266e+00
1.322900000000000000e+04,3.687344343934743307e+00
1.323000000000000000e+04,3.675351492108917650e+00
1.323100000000000000e+04,3.734969639026029853e+00
1.323200000000000000e+04,3.354247156473237013e+00
1.323300000000000000e+04,4.069287693525823535e+00
1.323400000000000000e+04,3.764928159900257754e+00
1.323500000000000000e+04,3.401104623678886441e+00
1.323600000000000000e+04,3.802057303206707761e+00
1.323700000000000000e+04,3.783563752243303213e+00
1.323800000000000000e+04,3.845277850924534668e+00
1.323900000000000000e+04,3.840573953853452682e+00
1.324000000000000000e+04,3.789314559798331761e+00
1.324100000000000000e+04,3.446200107699000093e+00
1.324200000000000000e+04,4.029003203785121556e+00
1.324300000000000000e+04,3.733166284878193242e+00
1.324400000000000000e+04,3.963579693958010797e+00
1.324500000000000000e+04,3.622919135496786236e+00
1.324600000000000000e+04,3.466960197624802564e+00
1.324700000000000000e+04,3.776842940735973375e+00
1.324800000000000000e+04,3.863626536928185473e+00
1.324900000000000000e+04,3.605753805795804734e+00
1.325000000000000000e+04,3.673320040320584567e+00
1.325100000000000000e+04,3.994151982231891829e+00
1.325200000000000000e+04,3.556101289446558678e+00
1.325300000000000000e+04,3.642827355303233983e+00
1.325400000000000000e+04,3.740154900876091926e+00
1.325500000000000000e+04,3.586932292743371331e+00
1.325600000000000000e+04,3.743770847716807459e+00
1.325700000000000000e+04,3.612120838779115939e+00
1.325800000000000000e+04,3.916357251743048273e+00
1.325900000000000000e+04,3.600167504173060085e+00
1.326000000000000000e+04,3.992672178331190924e+00
1.326100000000000000e+04,3.618307366611156262e+00
1.326200000000000000e+04,3.687064040846947499e+00
1.326300000000000000e+04,3.675715547492647506e+00
1.326400000000000000e+04,3.873510536658634873e+00
1.326500000000000000e+04,3.712249153695009962e+00
1.326600000000000000e+04,3.651588367383660216e+00
1.326700000000000000e+04,3.702745412729945951e+00
1.326800000000000000e+04,3.931393073180396325e+00
1.326900000000000000e+04,3.821030851847911691e+00
1.327000000000000000e+04,3.769041550487707504e+00
1.327100000000000000e+04,3.744772699565092733e+00
1.327200000000000000e+04,3.553143730234353370e+00
1.327300000000000000e+04,3.777907103932852451e+00
1.327400000000000000e+04,3.778950370446652052e+00
1.327500000000000000e+04,3.634921873718822471e+00
1.327600000000000000e+04,3.791504536766094002e+00
1.327700000000000000e+04,3.787453212453746332e+00
1.327800000000000000e+04,3.594466653909175413e+00
1.327900000000000000e+04,3.697038375281635147e+00
1.328000000000000000e+04,4.298339234854736013e+00
1.328100000000000000e+04,3.950955798992958012e+00
1.328200000000000000e+04,3.620540916290877487e+00
1.328300000000000000e+04,3.591843811183604185e+00
1.328400000000000000e+04,4.004761962832851907e+00
1.328500000000000000e+04,4.089962330257883139e+00
1.328600000000000000e+04,3.722857638583040085e+00
1.328700000000000000e+04,3.383752120140651076e+00
1.328800000000000000e+04,3.865467029364314300e+00
1.328900000000000000e+04,3.871364180113697540e+00
1.329000000000000000e+04,3.920211466356280816e+00
1.329100000000000000e+04,3.530313211974653864e+00
1.329200000000000000e+04,3.799197350326065870e+00
1.329300000000000000e+04,3.906549580076066785e+00
1.329400000000000000e+04,3.638561494121897777e+00
1.329500000000000000e+04,3.480856552723886832e+00
1.329600000000000000e+04,3.571658114806489426e+00
1.329700000000000000e+04,3.437916320265250292e+00
1.329800000000000000e+04,3.783446841277721351e+00
1.329900000000000000e+04,3.783528826587554850e+00
1.330000000000000000e+04,3.497228033243330092e+00
1.330100000000000000e+04,3.870623973647918881e+00
1.330200000000000000e+04,3.697216797235219676e+00
1.330300000000000000e+04,3.707064248590141275e+00
1.330400000000000000e+04,3.771248129879110955e+00
1.330500000000000000e+04,3.805100029610554380e+00
1.330600000000000000e+04,3.799703595445861559e+00
1.330700000000000000e+04,3.820117431428527777e+00
1.330800000000000000e+04,3.516708059424654920e+00
1.330900000000000000e+04,3.742672785368041044e+00
1.331000000000000000e+04,3.584631385291675798e+00
1.331100000000000000e+04,3.917443373643416660e+00
1.331200000000000000e+04,3.862690425429396779e+00
1.331300000000000000e+04,3.822786485830842018e+00
1.331400000000000000e+04,3.645593720061998333e+00
1.331500000000000000e+04,3.815532790044762645e+00
1.331600000000000000e+04,3.797653409165453464e+00
1.331700000000000000e+04,3.838778692640491652e+00
1.331800000000000000e+04,3.392647189178578326e+00
1.331900000000000000e+04,3.924310401662239656e+00
1.332000000000000000e+04,3.916956506960583617e+00
1.332100000000000000e+04,3.679277075919478612e+00
1.332200000000000000e+04,3.832399071500746324e+00
1.332300000000000000e+04,4.211018580532588373e+00
1.332400000000000000e+04,3.765588392695167652e+00
1.332500000000000000e+04,3.908404263992878214e+00
1.332600000000000000e+04,3.829171804484050146e+00
1.332700000000000000e+04,3.847746064208635630e+00
1.332800000000000000e+04,3.732549612019984586e+00
1.332900000000000000e+04,3.919273151501745378e+00
1.333000000000000000e+04,3.780755719712916019e+00
1.333100000000000000e+04,3.836534552140920873e+00
1.333200000000000000e+04,3.885411965532025835e+00
1.333300000000000000e+04,3.971678264662951818e+00
1.333400000000000000e+04,3.524306894377204014e+00
1.333500000000000000e+04,3.979373284776755337e+00
1.333600000000000000e+04,3.569797285299912470e+00
1.333700000000000000e+04,3.574165318333236030e+00
1.333800000000000000e+04,4.010111041222793382e+00
1.333900000000000000e+04,3.993865403368369371e+00
1.334000000000000000e+04,3.515752041335162836e+00
1.334100000000000000e+04,3.631898753791446222e+00
1.334200000000000000e+04,3.988380350263494467e+00
1.334300000000000000e+04,3.764347208641468434e+00
1.334400000000000000e+04,3.739997349638402468e+00
1.334500000000000000e+04,3.636557554722390062e+00
1.334600000000000000e+04,3.970765107589649734e+00
1.334700000000000000e+04,3.841227667084401443e+00
1.334800000000000000e+04,3.787098456682712833e+00
1.334900000000000000e+04,3.518774444236248300e+00
1.335000000000000000e+04,3.816746109794821429e+00
1.335100000000000000e+04,3.590353148217222845e+00
1.335200000000000000e+04,3.699789111219648596e+00
1.335300000000000000e+04,3.611023864567818542e+00
1.335400000000000000e+04,3.700901463397835212e+00
1.335500000000000000e+04,3.619006757425885290e+00
1.335600000000000000e+04,3.945047712262164552e+00
1.335700000000000000e+04,3.761052909927938170e+00
1.335800000000000000e+04,3.876161563346189887e+00
1.335900000000000000e+04,3.478538092149815686e+00
1.336000000000000000e+04,3.437372877750376698e+00
1.336100000000000000e+04,3.965750902631484998e+00
1.336200000000000000e+04,3.917934297199609173e+00
1.336300000000000000e+04,3.994211913500652411e+00
1.336400000000000000e+04,3.829993685350817856e+00
1.336500000000000000e+04,3.907313340829425830e+00
1.336600000000000000e+04,3.638398447596075780e+00
1.336700000000000000e+04,3.263893793084965189e+00
1.336800000000000000e+04,3.275441795157411295e+00
1.336900000000000000e+04,3.798666544007286205e+00
1.337000000000000000e+04,3.460153966607711240e+00
1.337100000000000000e+04,3.811482324644241526e+00
1.337200000000000000e+04,3.677966738100726385e+00
1.337300000000000000e+04,3.855111512385562822e+00
1.337400000000000000e+04,3.555609521052175648e+00
1.337500000000000000e+04,3.908061684033579564e+00
1.337600000000000000e+04,4.142241287803932082e+00
1.337700000000000000e+04,3.844996207376756292e+00
1.337800000000000000e+04,3.880808046602521877e+00
1.337900000000000000e+04,3.838449714525044243e+00
1.338000000000000000e+04,3.651051374057445287e+00
1.338100000000000000e+04,3.955139917772773739e+00
1.338200000000000000e+04,3.401647926895136731e+00
1.338300000000000000e+04,3.677643575539387477e+00
1.338400000000000000e+04,3.292947705616796394e+00
1.338500000000000000e+04,3.962090925780890505e+00
1.338600000000000000e+04,4.138182578772985565e+00
1.338700000000000000e+04,3.690436243543641748e+00
1.338800000000000000e+04,3.838838736601920765e+00
1.338900000000000000e+04,4.080944690052894508e+00
1.339000000000000000e+04,3.711537277880057939e+00
1.339100000000000000e+04,3.710633503954480439e+00
1.339200000000000000e+04,3.943926127796604231e+00
1.339300000000000000e+04,3.540120226466125342e+00
1.339400000000000000e+04,4.007620230679861173e+00
1.339500000000000000e+04,3.750870507176665924e+00
1.339600000000000000e+04,3.743926668703070337e+00
1.339700000000000000e+04,3.447383359699793370e+00
1.339800000000000000e+04,3.570448067914593793e+00
1.339900000000000000e+04,3.455214399491094657e+00
1.340000000000000000e+04,3.760969710670153621e+00
1.340100000000000000e+04,3.680927923984311789e+00
1.340200000000000000e+04,3.856474483131851816e+00
1.340300000000000000e+04,3.913222715026531073e+00
1.340400000000000000e+04,3.947568463837440866e+00
1.340500000000000000e+04,3.646998083170505112e+00
1.340600000000000000e+04,3.809698403095941099e+00
1.340700000000000000e+04,3.567310607694215818e+00
1.340800000000000000e+04,3.737065186114316262e+00
1.340900000000000000e+04,3.438682943162364669e+00
1.341000000000000000e+04,3.490226875366614578e+00
1.341100000000000000e+04,3.782408034187565438e+00
1.341200000000000000e+04,3.872823237289579446e+00
1.341300000000000000e+04,3.725371903596020218e+00
1.341400000000000000e+04,3.964279577238332575e+00
1.341500000000000000e+04,3.646941060879564933e+00
1.341600000000000000e+04,3.705931805972628723e+00
1.341700000000000000e+04,3.927455199442857481e+00
1.341800000000000000e+04,3.624247537960504584e+00
1.341900000000000000e+04,3.487402440623137423e+00
1.342000000000000000e+04,3.790367520516997324e+00
1.342100000000000000e+04,4.016796581819164658e+00
1.342200000000000000e+04,3.925873290996759746e+00
1.342300000000000000e+04,3.423669171999161431e+00
1.342400000000000000e+04,3.750899109231658368e+00
1.342500000000000000e+04,3.756092881570955555e+00
1.342600000000000000e+04,3.518446181093102254e+00
1.342700000000000000e+04,3.810878449378702459e+00
1.342800000000000000e+04,3.563491103201689381e+00
1.342900000000000000e+04,3.671183987703160234e+00
1.343000000000000000e+04,4.036644103950616014e+00
1.343100000000000000e+04,4.071972167725220970e+00
1.343200000000000000e+04,3.936651981434284853e+00
1.343300000000000000e+04,3.888025546217142470e+00
1.343400000000000000e+04,3.548745540753106109e+00
1.343500000000000000e+04,3.977018760084189086e+00
1.343600000000000000e+04,3.648726265193178442e+00
1.343700000000000000e+04,3.674809448254686028e+00
1.343800000000000000e+04,3.265340028367519576e+00
1.343900000000000000e+04,3.635229244394802439e+00
1.344000000000000000e+04,3.819497070953810525e+00
1.344100000000000000e+04,3.745526326280612217e+00
1.344200000000000000e+04,3.577923999379386988e+00
1.344300000000000000e+04,3.673970065851999145e+00
1.344400000000000000e+04,3.646721916117214857e+00
1.344500000000000000e+04,3.501715645980107539e+00
1.344600000000000000e+04,3.613897886656245007e+00
1.344700000000000000e+04,4.066876623909276844e+00
1.344800000000000000e+04,3.749457077549139594e+00
1.344900000000000000e+04,3.687583329139533017e+00
1.345000000000000000e+04,3.505551439098184563e+00
1.345100000000000000e+04,4.019140405988665954e+00
1.345200000000000000e+04,3.667415952776265531e+00
1.345300000000000000e+04,3.608176783014892308e+00
1.345400000000000000e+04,3.716334035706176486e+00
1.345500000000000000e+04,3.832853096621931854e+00
1.345600000000000000e+04,3.650744869568889328e+00
1.345700000000000000e+04,3.812041592883988361e+00
1.345800000000000000e+04,3.424656599541238577e+00
1.345900000000000000e+04,3.462620910223033643e+00
1.346000000000000000e+04,3.442534872098737875e+00
1.346100000000000000e+04,3.674830751751531288e+00
1.346200000000000000e+04,3.634944374905839659e+00
1.346300000000000000e+04,3.835622288212131359e+00
1.346400000000000000e+04,3.399467592253101689e+00
1.346500000000000000e+04,4.131091373264537125e+00
1.346600000000000000e+04,3.537709203936862945e+00
1.346700000000000000e+04,3.553199553123262966e+00
1.346800000000000000e+04,3.616923911066236119e+00
1.346900000000000000e+04,3.924197195260862969e+00
1.347000000000000000e+04,3.683204371869011950e+00
1.347100000000000000e+04,3.747669079716815510e+00
1.347200000000000000e+04,4.008724040102130459e+00
1.347300000000000000e+04,3.859713772606173432e+00
1.347400000000000000e+04,4.175093131001204938e+00
1.347500000000000000e+04,4.065000856875164104e+00
1.347600000000000000e+04,3.926167622519362244e+00
1.347700000000000000e+04,3.785168028525615291e+00
1.347800000000000000e+04,3.690212092912281250e+00
1.347900000000000000e+04,3.896586626751278981e+00
1.348000000000000000e+04,3.828793443927281714e+00
1.348100000000000000e+04,3.617457143309825263e+00
1.348200000000000000e+04,3.732496879897195363e+00
1.348300000000000000e+04,3.508127014476776662e+00
1.348400000000000000e+04,3.961263239000528902e+00
1.348500000000000000e+04,3.445066940333626704e+00
1.348600000000000000e+04,3.477852652603303341e+00
1.348700000000000000e+04,3.936022279301994331e+00
1.348800000000000000e+04,3.511750409944192075e+00
1.348900000000000000e+04,3.842535748575460541e+00
1.349000000000000000e+04,3.765759476197448663e+00
1.349100000000000000e+04,3.890128314578638058e+00
1.349200000000000000e+04,3.481402583827676533e+00
1.349300000000000000e+04,3.549221185157870107e+00
1.349400000000000000e+04,3.640701679921099387e+00
1.349500000000000000e+04,3.802354248504394185e+00
1.349600000000000000e+04,3.387353683542727811e+00
1.349700000000000000e+04,3.752223034907104182e+00
1.349800000000000000e+04,3.474897323318658859e+00
1.349900000000000000e+04,3.406689497600653649e+00
1.350000000000000000e+04,3.826132596050045631e+00
1.350100000000000000e+04,3.691837608442661622e+00
1.350200000000000000e+04,3.787435340022777375e+00
1.350300000000000000e+04,3.521159737303814374e+00
1.350400000000000000e+04,4.007792940800870340e+00
1.350500000000000000e+04,3.827249711336379256e+00
1.350600000000000000e+04,3.691736137456084865e+00
1.350700000000000000e+04,3.754319992480628532e+00
1.350800000000000000e+04,3.750774012732513985e+00
1.350900000000000000e+04,3.869658792326553076e+00
1.351000000000000000e+04,3.619897282948635553e+00
1.351100000000000000e+04,3.817231965492112966e+00
1.351200000000000000e+04,3.783714314422128577e+00
1.351300000000000000e+04,3.918025626588928834e+00
1.351400000000000000e+04,3.653510014852634047e+00
1.351500000000000000e+04,3.925951304120777419e+00
1.351600000000000000e+04,3.735209174299355173e+00
1.351700000000000000e+04,3.810797845953123542e+00
1.351800000000000000e+04,3.534429137678307686e+00
1.351900000000000000e+04,3.486392427577346353e+00
1.352000000000000000e+04,3.913708065624003307e+00
1.352100000000000000e+04,3.765849241088092381e+00
1.352200000000000000e+04,3.692352934562511901e+00
1.352300000000000000e+04,3.747604962356518854e+00
1.352400000000000000e+04,3.747429901343136915e+00
1.352500000000000000e+04,3.705066096705103007e+00
1.352600000000000000e+04,3.745815993943490074e+00
1.352700000000000000e+04,3.909704470536513821e+00
1.352800000000000000e+04,3.611847771082460579e+00
1.352900000000000000e+04,4.000789292202880709e+00
1.353000000000000000e+04,3.602456051652764391e+00
1.353100000000000000e+04,3.923362669294750305e+00
1.353200000000000000e+04,3.845242844885026212e+00
1.353300000000000000e+04,3.580782880932988910e+00
1.353400000000000000e+04,3.580579135573648930e+00
1.353500000000000000e+04,3.512771712132449320e+00
1.353600000000000000e+04,3.939270068236629729e+00
1.353700000000000000e+04,3.412502330130113393e+00
1.353800000000000000e+04,3.834001228315352616e+00
1.353900000000000000e+04,3.766242164632565004e+00
1.354000000000000000e+04,3.819851199804966679e+00
1.354100000000000000e+04,3.476794111734860415e+00
1.354200000000000000e+04,3.854037560434689258e+00
1.354300000000000000e+04,3.336721583445573014e+00
1.354400000000000000e+04,3.534477272884442467e+00
1.354500000000000000e+04,3.314257783076361541e+00
1.354600000000000000e+04,3.875906018967987254e+00
1.354700000000000000e+04,3.617338732824556757e+00
1.354800000000000000e+04,4.223328831041428089e+00
1.354900000000000000e+04,3.658185809594197480e+00
1.355000000000000000e+04,3.475699943216142174e+00
1.355100000000000000e+04,3.622444857074947677e+00
1.355200000000000000e+04,3.925999009226143421e+00
1.355300000000000000e+04,3.712001780842618892e+00
1.355400000000000000e+04,3.729867772208791621e+00
1.355500000000000000e+04,3.532374422114722190e+00
1.355600000000000000e+04,3.613005091862208751e+00
1.355700000000000000e+04,4.033165904007784519e+00
1.355800000000000000e+04,3.771566658517413462e+00
1.355900000000000000e+04,3.745887045762499312e+00
1.356000000000000000e+04,3.706526728314798458e+00
1.356100000000000000e+04,3.581618932705282088e+00
1.356200000000000000e+04,3.747820790943487523e+00
1.356300000000000000e+04,3.533471668491006579e+00
1.356400000000000000e+04,3.536232304708214258e+00
1.356500000000000000e+04,3.789659278474865722e+00
1.356600000000000000e+04,3.780041875461797929e+00
1.356700000000000000e+04,3.399954407667496792e+00
1.356800000000000000e+04,3.681606163395661380e+00
1.356900000000000000e+04,3.879683053574009222e+00
1.357000000000000000e+04,3.457794167339763192e+00
1.357100000000000000e+04,3.862254943888702385e+00
1.357200000000000000e+04,3.682045839190579262e+00
1.357300000000000000e+04,3.600299437089839127e+00
1.357400000000000000e+04,3.350778968014480608e+00
1.357500000000000000e+04,4.005025181652225541e+00
1.357600000000000000e+04,3.884517344304394548e+00
1.357700000000000000e+04,3.599290889793605785e+00
1.357800000000000000e+04,3.716852919679847211e+00
1.357900000000000000e+04,3.430687222146255877e+00
1.358000000000000000e+04,4.031190996450019881e+00
1.358100000000000000e+04,3.725372095648482151e+00
1.358200000000000000e+04,3.549114852816650956e+00
1.358300000000000000e+04,3.683041953122314194e+00
1.358400000000000000e+04,3.782082488338674775e+00
1.358500000000000000e+04,3.724097292045356333e+00
1.358600000000000000e+04,3.632191617212417789e+00
1.358700000000000000e+04,3.628304374799497189e+00
1.358800000000000000e+04,3.827412228467061972e+00
1.358900000000000000e+04,3.744898164813350139e+00
1.359000000000000000e+04,3.623582424497495680e+00
1.359100000000000000e+04,4.021812629780217030e+00
1.359200000000000000e+04,3.784458294834866177e+00
1.359300000000000000e+04,3.654519122877185389e+00
1.359400000000000000e+04,3.451470065651258246e+00
1.359500000000000000e+04,3.497589479649766631e+00
1.359600000000000000e+04,3.734270624758997403e+00
1.359700000000000000e+04,3.516274186832240467e+00
1.359800000000000000e+04,3.801307336532956160e+00
1.359900000000000000e+04,3.606833490585554358e+00
1.360000000000000000e+04,3.766085873990396404e+00
1.360100000000000000e+04,3.495630871380098093e+00
1.360200000000000000e+04,3.670068715319511732e+00
1.360300000000000000e+04,3.974507810869288615e+00
1.360400000000000000e+04,3.971835765362009774e+00
1.360500000000000000e+04,3.777029861579995096e+00
1.360600000000000000e+04,3.851530874345386657e+00
1.360700000000000000e+04,3.559991151197492876e+00
1.360800000000000000e+04,3.973074826868414178e+00
1.360900000000000000e+04,3.400826926110312343e+00
1.361000000000000000e+04,3.914868966872130596e+00
1.361100000000000000e+04,3.814763046313541572e+00
1.361200000000000000e+04,3.664705720037836567e+00
1.361300000000000000e+04,3.787905540723700781e+00
1.361400000000000000e+04,3.760942228553367350e+00
1.361500000000000000e+04,3.868984487214748302e+00
1.361600000000000000e+04,3.979257176010194907e+00
1.361700000000000000e+04,3.552751196588308957e+00
1.361800000000000000e+04,3.610101807070096758e+00
1.361900000000000000e+04,4.083601676254897228e+00
1.362000000000000000e+04,3.900814374461691436e+00
1.362100000000000000e+04,3.659463555378346111e+00
1.362200000000000000e+04,3.441830542672544180e+00
1.362300000000000000e+04,3.970551494419845451e+00
1.362400000000000000e+04,4.075663302608506733e+00
1.362500000000000000e+04,3.699624973019439711e+00
1.362600000000000000e+04,3.753714430556599257e+00
1.362700000000000000e+04,3.614249027807896031e+00
1.362800000000000000e+04,3.946880327591566484e+00
1.362900000000000000e+04,3.978708678546797106e+00
1.363000000000000000e+04,3.622284599989840981e+00
1.363100000000000000e+04,3.575907937931080749e+00
1.363200000000000000e+04,3.982031787587853700e+00
1.363300000000000000e+04,3.896499107564919573e+00
1.363400000000000000e+04,3.881114831377540320e+00
1.363500000000000000e+04,3.946121663972544713e+00
1.363600000000000000e+04,3.943088414608955983e+00
1.363700000000000000e+04,3.760460679599640255e+00
1.363800000000000000e+04,3.963582709867440101e+00
1.363900000000000000e+04,3.682803595276280095e+00
1.364000000000000000e+04,3.639050171721428750e+00
1.364100000000000000e+04,3.790245863386693781e+00
1.364200000000000000e+04,3.970093818445552536e+00
1.364300000000000000e+04,3.712104883967740410e+00
1.364400000000000000e+04,3.627496538193881737e+00
1.364500000000000000e+04,4.029378640003170808e+00
1.364600000000000000e+04,3.828877994230582615e+00
1.364700000000000000e+04,3.735598496110899003e+00
1.364800000000000000e+04,3.423509192052208938e+00
1.364900000000000000e+04,3.909515428967517803e+00
1.365000000000000000e+04,3.773354132228773139e+00
1.365100000000000000e+04,3.772087562479234712e+00
1.365200000000000000e+04,3.759556511272764023e+00
1.365300000000000000e+04,3.843566732004995767e+00
1.365400000000000000e+04,3.536927138979075291e+00
1.365500000000000000e+04,3.873163753713871227e+00
1.365600000000000000e+04,3.934130306017048717e+00
1.365700000000000000e+04,3.771579777257218602e+00
1.365800000000000000e+04,3.699205719541635684e+00
1.365900000000000000e+04,3.805141801358061571e+00
1.366000000000000000e+04,3.800314352060839340e+00
1.366100000000000000e+04,3.566452557005102442e+00
1.366200000000000000e+04,3.929140746995850808e+00
1.366300000000000000e+04,3.658798555621484372e+00
1.366400000000000000e+04,3.667106551471257969e+00
1.366500000000000000e+04,3.481617731098693547e+00
1.366600000000000000e+04,3.797186370469630479e+00
1.366700000000000000e+04,3.822793068382059012e+00
1.366800000000000000e+04,3.713231451682823980e+00
1.366900000000000000e+04,4.186690322016088928e+00
1.367000000000000000e+04,3.783333144170307527e+00
1.367100000000000000e+04,3.420222909241519726e+00
1.367200000000000000e+04,3.448261678573669720e+00
1.367300000000000000e+04,3.528859606100633872e+00
1.367400000000000000e+04,3.880885283355448578e+00
1.367500000000000000e+04,3.797810137829523036e+00
1.367600000000000000e+04,4.044284654475620577e+00
1.367700000000000000e+04,3.530487379358821620e+00
1.367800000000000000e+04,3.944836330885288511e+00
1.367900000000000000e+04,3.735775420406957537e+00
1.368000000000000000e+04,3.584908822488767299e+00
1.368100000000000000e+04,3.489455760831265074e+00
1.368200000000000000e+04,3.453359650821113735e+00
1.368300000000000000e+04,4.122289842479484712e+00
1.368400000000000000e+04,3.811402763555693518e+00
1.368500000000000000e+04,3.931119981081314663e+00
1.368600000000000000e+04,4.040214040230230452e+00
1.368700000000000000e+04,3.548268584554826965e+00
1.368800000000000000e+04,3.778229994725331942e+00
1.368900000000000000e+04,3.650018976309687968e+00
1.369000000000000000e+04,3.634728503504734309e+00
1.369100000000000000e+04,3.815293881820009947e+00
1.369200000000000000e+04,3.620277253025566466e+00
1.369300000000000000e+04,3.638891205295578857e+00
1.369400000000000000e+04,4.013151765104528756e+00
1.369500000000000000e+04,3.846284388086001815e+00
1.369600000000000000e+04,3.876004453748178147e+00
1.369700000000000000e+04,3.762308113206724425e+00
1.369800000000000000e+04,3.561732472252232995e+00
1.369900000000000000e+04,3.997279170786598446e+00
1.370000000000000000e+04,3.811624049765913735e+00
1.370100000000000000e+04,3.932808105457422876e+00
1.370200000000000000e+04,3.857901596945145783e+00
1.370300000000000000e+04,3.902968601995747910e+00
1.370400000000000000e+04,3.774194570037379126e+00
1.370500000000000000e+04,3.507657567211644789e+00
1.370600000000000000e+04,3.952675018458708500e+00
1.370700000000000000e+04,3.375212112257130137e+00
1.370800000000000000e+04,3.714761240121155605e+00
1.370900000000000000e+04,3.715051787799708904e+00
1.371000000000000000e+04,3.645728174360978180e+00
1.371100000000000000e+04,3.715172713996587106e+00
1.371200000000000000e+04,4.156615063565371138e+00
1.371300000000000000e+04,3.581968035453318766e+00
1.371400000000000000e+04,3.995958291792804928e+00
1.371500000000000000e+04,3.978791876660171312e+00
1.371600000000000000e+04,3.832814230609008277e+00
1.371700000000000000e+04,3.773799010804297360e+00
1.371800000000000000e+04,3.551210906453440064e+00
1.371900000000000000e+04,3.554561681245629323e+00
1.372000000000000000e+04,3.915799481504460999e+00
1.372100000000000000e+04,3.790753519276088390e+00
1.372200000000000000e+04,3.860674333958180604e+00
1.372300000000000000e+04,3.721099332075636035e+00
1.372400000000000000e+04,3.419020616320139094e+00
1.372500000000000000e+04,3.560624642374321080e+00
1.372600000000000000e+04,3.309652764338521624e+00
1.372700000000000000e+04,3.569497238833177821e+00
1.372800000000000000e+04,3.855854248857272459e+00
1.372900000000000000e+04,3.563561889330749466e+00
1.373000000000000000e+04,3.665270025837463752e+00
1.373100000000000000e+04,3.991101188481867457e+00
1.373200000000000000e+04,3.852767374147160861e+00
1.373300000000000000e+04,3.757663428279058859e+00
1.373400000000000000e+04,3.439523075725718027e+00
1.373500000000000000e+04,3.947343299904957359e+00
1.373600000000000000e+04,3.821990147586406206e+00
1.373700000000000000e+04,4.016045138432989603e+00
1.373800000000000000e+04,3.915082403119425347e+00
1.373900000000000000e+04,3.458292425659002411e+00
1.374000000000000000e+04,3.609063643069850169e+00
1.374100000000000000e+04,3.683938002303765558e+00
1.374200000000000000e+04,4.027535889324096452e+00
1.374300000000000000e+04,3.624460173993165668e+00
1.374400000000000000e+04,3.990512297683692644e+00
1.374500000000000000e+04,3.665752796756751142e+00
1.374600000000000000e+04,3.666554302945960409e+00
1.374700000000000000e+04,3.967093170537372426e+00
1.374800000000000000e+04,3.357782790518968774e+00
1.374900000000000000e+04,4.112164578110537150e+00
1.375000000000000000e+04,3.923072036414412711e+00
1.375100000000000000e+04,3.574867344657712387e+00
1.375200000000000000e+04,3.962242104375768292e+00
1.375300000000000000e+04,3.881091192521199051e+00
1.375400000000000000e+04,3.734925812558038682e+00
1.375500000000000000e+04,3.853435444015950839e+00
1.375600000000000000e+04,3.747359937381804951e+00
1.375700000000000000e+04,3.786158757131196317e+00
1.375800000000000000e+04,3.810395763146853465e+00
1.375900000000000000e+04,3.912764706169336471e+00
1.376000000000000000e+04,3.986318212482108603e+00
1.376100000000000000e+04,3.654671444963152549e+00
1.376200000000000000e+04,3.720476109382112373e+00
1.376300000000000000e+04,3.715393010208335234e+00
1.376400000000000000e+04,3.920101363568284647e+00
1.376500000000000000e+04,3.887626987087297703e+00
1.376600000000000000e+04,3.685942462325060731e+00
1.376700000000000000e+04,3.287797958832582523e+00
1.376800000000000000e+04,3.426986113246757615e+00
1.376900000000000000e+04,3.595936458268785163e+00
1.377000000000000000e+04,3.986455148159536055e+00
1.377100000000000000e+04,3.660847859884972078e+00
1.377200000000000000e+04,4.063325351963267273e+00
1.377300000000000000e+04,3.721890070491381763e+00
1.377400000000000000e+04,3.734103927727053573e+00
1.377500000000000000e+04,3.670845916687563992e+00
1.377600000000000000e+04,3.497199484721216223e+00
1.377700000000000000e+04,3.791910655787933848e+00
1.377800000000000000e+04,3.725241257431280761e+00
1.377900000000000000e+04,3.945385233868221597e+00
1.378000000000000000e+04,3.858335056181800393e+00
1.378100000000000000e+04,3.488232702840249555e+00
1.378200000000000000e+04,3.863716321373177554e+00
1.378300000000000000e+04,3.954382832265323167e+00
1.378400000000000000e+04,3.573973226231545119e+00
1.378500000000000000e+04,3.834348840199309549e+00
1.378600000000000000e+04,3.619492416837832849e+00
1.378700000000000000e+04,3.487737299487503329e+00
1.378800000000000000e+04,3.642497798805322873e+00
1.378900000000000000e+04,3.932579413249496447e+00
1.379000000000000000e+04,3.674491759507217292e+00
1.379100000000000000e+04,3.838028535729660184e+00
1.379200000000000000e+04,3.633476541589025555e+00
1.379300000000000000e+04,3.749448967175548653e+00
1.379400000000000000e+04,3.769641347240495932e+00
1.379500000000000000e+04,3.666858877345001488e+00
1.379600000000000000e+04,3.763805711317734115e+00
1.379700000000000000e+04,3.629215236765189090e+00
1.379800000000000000e+04,3.765023420296365497e+00
1.379900000000000000e+04,3.504457390831289043e+00
1.380000000000000000e+04,3.554677741323680085e+00
1.380100000000000000e+04,3.720118848887895346e+00
1.380200000000000000e+04,3.851962726880828747e+00
1.380300000000000000e+04,3.946103736884844171e+00
1.380400000000000000e+04,3.724265397189178373e+00
1.380500000000000000e+04,3.853048699978193881e+00
1.380600000000000000e+04,3.546706559706580997e+00
1.380700000000000000e+04,3.727347083031611774e+00
1.380800000000000000e+04,4.006151348158778269e+00
1.380900000000000000e+04,3.660061172224416737e+00
1.381000000000000000e+04,4.043859507572563849e+00
1.381100000000000000e+04,4.094085003569489345e+00
1.381200000000000000e+04,3.700570745495193048e+00
1.381300000000000000e+04,3.286676529071474562e+00
1.381400000000000000e+04,3.867166665935603653e+00
1.381500000000000000e+04,3.591033386873220934e+00
1.381600000000000000e+04,3.718532212951798588e+00
1.381700000000000000e+04,3.811147176017847027e+00
1.381800000000000000e+04,3.648442501850179376e+00
1.381900000000000000e+04,3.342953155346169325e+00
1.382000000000000000e+04,3.810838307613328091e+00
1.382100000000000000e+04,3.872407023803828618e+00
1.382200000000000000e+04,3.853510116189345691e+00
1.382300000000000000e+04,4.018023600058923783e+00
1.382400000000000000e+04,3.706557405706182085e+00
1.382500000000000000e+04,3.953725143772640838e+00
1.382600000000000000e+04,4.171664583443563501e+00
1.382700000000000000e+04,3.628133863905561807e+00
1.382800000000000000e+04,3.579146618273254532e+00
1.382900000000000000e+04,3.786738800110064584e+00
1.383000000000000000e+04,3.789455177683238141e+00
1.383100000000000000e+04,3.509223493862259957e+00
1.383200000000000000e+04,3.730236270448433977e+00
1.383300000000000000e+04,3.617975547773174316e+00
1.383400000000000000e+04,3.742979653201412127e+00
1.383500000000000000e+04,3.631134122403335773e+00
1.383600000000000000e+04,4.066960488337104884e+00
1.383700000000000000e+04,4.077773422645269541e+00
1.383800000000000000e+04,3.341031299214040295e+00
1.383900000000000000e+04,3.982963796074820095e+00
1.384000000000000000e+04,3.603813353241007267e+00
1.384100000000000000e+04,3.972647523762396826e+00
1.384200000000000000e+04,3.702453230779184423e+00
1.384300000000000000e+04,3.628501205548319675e+00
1.384400000000000000e+04,3.667889922769397515e+00
1.384500000000000000e+04,3.678006619340116412e+00
1.384600000000000000e+04,3.776799785862928527e+00
1.384700000000000000e+04,4.019716145544506958e+00
1.384800000000000000e+04,3.700147312957045465e+00
1.384900000000000000e+04,3.582820863893327434e+00
1.385000000000000000e+04,3.650799632852657961e+00
1.385100000000000000e+04,3.714709336432306497e+00
1.385200000000000000e+04,3.764024931846779332e+00
1.385300000000000000e+04,3.837047036472764461e+00
1.385400000000000000e+04,3.766233004635188397e+00
1.385500000000000000e+04,4.082811670953006455e+00
1.385600000000000000e+04,3.896620554165013850e+00
1.385700000000000000e+04,3.888299253299991154e+00
1.385800000000000000e+04,3.607254208252764105e+00
1.385900000000000000e+04,3.659981573204014627e+00
1.386000000000000000e+04,3.936714585623837692e+00
1.386100000000000000e+04,3.686312119207406202e+00
1.386200000000000000e+04,3.486986034856892847e+00
1.386300000000000000e+04,3.589064896981843056e+00
1.386400000000000000e+04,3.572919788133905872e+00
1.386500000000000000e+04,3.785070370367170423e+00
1.386600000000000000e+04,3.793455351666316311e+00
1.386700000000000000e+04,3.714543054935538713e+00
1.386800000000000000e+04,3.860233319556454212e+00
1.386900000000000000e+04,3.711913398898027072e+00
1.387000000000000000e+04,3.696209595708918272e+00
1.387100000000000000e+04,3.971464010457164573e+00
1.387200000000000000e+04,3.609241013426364830e+00
1.387300000000000000e+04,3.591695716254643678e+00
1.387400000000000000e+04,3.736702718907016774e+00
1.387500000000000000e+04,3.502658639979223221e+00
1.387600000000000000e+04,4.068463456362092501e+00
1.387700000000000000e+04,3.801832001591227694e+00
1.387800000000000000e+04,3.822063714358469699e+00
1.387900000000000000e+04,3.774683204092127653e+00
1.388000000000000000e+04,3.793644370326243909e+00
1.388100000000000000e+04,4.047291108192442088e+00
1.388200000000000000e+04,3.685531672390554014e+00
1.388300000000000000e+04,4.115226053795796979e+00
1.388400000000000000e+04,3.811410975470583384e+00
1.388500000000000000e+04,3.468227828095464815e+00
1.388600000000000000e+04,4.049634839548632570e+00
1.388700000000000000e+04,3.516640392707655494e+00
1.388800000000000000e+04,3.882797543161407017e+00
1.388900000000000000e+04,3.897368584922818791e+00
1.389000000000000000e+04,3.846796709522390945e+00
1.389100000000000000e+04,3.841713868701290391e+00
1.389200000000000000e+04,3.442499761385499735e+00
1.389300000000000000e+04,3.828120576679018505e+00
1.389400000000000000e+04,3.540341418961590936e+00
1.389500000000000000e+04,3.717718058285294003e+00
1.389600000000000000e+04,3.840817942568585330e+00
1.389700000000000000e+04,3.634466933780974962e+00
1.389800000000000000e+04,3.598617434033823059e+00
1.389900000000000000e+04,3.595396716703645801e+00
1.390000000000000000e+04,3.993198150894278875e+00
1.390100000000000000e+04,4.046259499110094637e+00
1.390200000000000000e+04,4.117048050137353421e+00
1.390300000000000000e+04,3.689666085937392204e+00
1.390400000000000000e+04,4.047367158682892097e+00
1.390500000000000000e+04,3.990998518393951144e+00
1.390600000000000000e+04,3.624535927261807178e+00
1.390700000000000000e+04,3.937009134758534756e+00
1.390800000000000000e+04,3.545646633217196975e+00
1.390900000000000000e+04,3.260676546186664027e+00
1.391000000000000000e+04,4.037307771582912430e+00
1.391100000000000000e+04,3.966464110609817961e+00
1.391200000000000000e+04,3.831966518541361832e+00
1.391300000000000000e+04,3.685800519339228920e+00
1.391400000000000000e+04,3.920630787684916907e+00
1.391500000000000000e+04,3.705940927853801359e+00
1.391600000000000000e+04,3.582210250035323007e+00
1.391700000000000000e+04,3.821104583028631207e+00
1.391800000000000000e+04,3.793679862221128296e+00
1.391900000000000000e+04,4.018372752951308691e+00
1.392000000000000000e+04,3.663581918456702002e+00
1.392100000000000000e+04,3.662688864359070706e+00
1.392200000000000000e+04,3.770031236033191568e+00
1.392300000000000000e+04,3.708824844190047543e+00
1.392400000000000000e+04,4.049981257468184381e+00
1.392500000000000000e+04,3.706013287643924237e+00
1.392600000000000000e+04,3.764784355046390640e+00
1.392700000000000000e+04,3.771452026284067394e+00
1.392800000000000000e+04,3.653590007315852262e+00
1.392900000000000000e+04,3.727997158017833712e+00
1.393000000000000000e+04,3.835523622525941700e+00
1.393100000000000000e+04,3.801802693681884726e+00
1.393200000000000000e+04,3.884088651190636288e+00
1.393300000000000000e+04,4.184725079604626252e+00
1.393400000000000000e+04,4.002429904323498100e+00
1.393500000000000000e+04,3.468784619116766166e+00
1.393600000000000000e+04,3.966042210528418099e+00
1.393700000000000000e+04,3.913729177260618197e+00
1.393800000000000000e+04,3.857286878444112332e+00
1.393900000000000000e+04,4.045701486302704097e+00
1.394000000000000000e+04,3.792753322794912840e+00
1.394100000000000000e+04,3.733242004508949385e+00
1.394200000000000000e+04,3.713881979322301241e+00
1.394300000000000000e+04,4.017521690625432740e+00
1.394400000000000000e+04,3.642725997465751320e+00
1.394500000000000000e+04,3.713887900624114558e+00
1.394600000000000000e+04,3.784797442129757883e+00
1.394700000000000000e+04,3.759283824315239997e+00
1.394800000000000000e+04,3.926477264650707788e+00
1.394900000000000000e+04,3.357677811636945897e+00
1.395000000000000000e+04,3.830766586503420612e+00
1.395100000000000000e+04,3.487645555827016519e+00
1.395200000000000000e+04,3.611929356057643314e+00
1.395300000000000000e+04,4.134386724146743575e+00
1.395400000000000000e+04,3.846724951833754957e+00
1.395500000000000000e+04,3.501305133637192757e+00
1.395600000000000000e+04,3.955695060934474316e+00
1.395700000000000000e+04,3.952327955357282541e+00
1.395800000000000000e+04,3.718186587357465100e+00
1.395900000000000000e+04,3.900890112402910503e+00
1.396000000000000000e+04,3.782553216107923610e+00
1.396100000000000000e+04,3.952411400157941568e+00
1.396200000000000000e+04,3.969345487875538314e+00
1.396300000000000000e+04,3.798917532888417270e+00
1.396400000000000000e+04,3.404062483630767577e+00
1.396500000000000000e+04,3.642816565917102345e+00
1.396600000000000000e+04,3.901341668457211753e+00
1.396700000000000000e+04,3.559883407768047459e+00
1.396800000000000000e+04,4.220586755701401849e+00
1.396900000000000000e+04,3.806036931823893799e+00
1.397000000000000000e+04,3.455503923627695873e+00
1.397100000000000000e+04,4.054711233755840638e+00
1.397200000000000000e+04,3.885545179341001631e+00
1.397300000000000000e+04,3.839748443954730917e+00
1.397400000000000000e+04,3.763549399684249064e+00
1.397500000000000000e+04,3.577884049078387640e+00
1.397600000000000000e+04,3.863488760716129011e+00
1.397700000000000000e+04,3.640498241688264525e+00
1.397800000000000000e+04,3.763338404616075383e+00
1.397900000000000000e+04,3.435378324314516174e+00
1.398000000000000000e+04,3.496199612906391696e+00
1.398100000000000000e+04,3.917043457278236662e+00
1.398200000000000000e+04,3.695957601597642750e+00
1.398300000000000000e+04,3.773677704433303415e+00
1.398400000000000000e+04,3.303201325003044531e+00
1.398500000000000000e+04,3.791432984977769927e+00
1.398600000000000000e+04,3.829533825378092171e+00
1.398700000000000000e+04,3.636572280334854135e+00
1.398800000000000000e+04,3.493868345058617209e+00
1.398900000000000000e+04,3.761698595743035334e+00
1.399000000000000000e+04,3.884089507472171743e+00
1.399100000000000000e+04,3.805671995737684998e+00
1.399200000000000000e+04,3.798616876478276616e+00
1.399300000000000000e+04,3.540525485048318544e+00
1.399400000000000000e+04,4.015626168178707545e+00
1.399500000000000000e+04,3.577962012049411999e+00
1.399600000000000000e+04,3.590198921747365102e+00
1.399700000000000000e+04,4.021619081815575036e+00
1.399800000000000000e+04,3.483461369688560350e+00
1.399900000000000000e+04,3.928108190265708011e+00
1.400000000000000000e+04,4.030072986174243255e+00
1.400100000000000000e+04,3.853934058826926634e+00
1.400200000000000000e+04,4.200759973792601798e+00
1.400300000000000000e+04,3.773148740037255422e+00
1.400400000000000000e+04,3.601147164255437794e+00
1.400500000000000000e+04,3.855122359442027413e+00
1.400600000000000000e+04,3.789207995778577143e+00
1.400700000000000000e+04,3.959806144344167667e+00
1.400800000000000000e+04,3.828509908565767450e+00
1.400900000000000000e+04,3.642098760455303008e+00
1.401000000000000000e+04,3.788214103041769309e+00
1.401100000000000000e+04,3.923518832081348773e+00
1.401200000000000000e+04,3.468399848963456655e+00
1.401300000000000000e+04,3.790310395937582566e+00
1.401400000000000000e+04,3.843706069268991499e+00
1.401500000000000000e+04,3.680243664497298450e+00
1.401600000000000000e+04,3.788747163000861118e+00
1.401700000000000000e+04,3.825647770378823864e+00
1.401800000000000000e+04,3.749038751288453319e+00
1.401900000000000000e+04,3.565317636335151086e+00
1.402000000000000000e+04,3.858415990915347482e+00
1.402100000000000000e+04,3.909916898234151894e+00
1.402200000000000000e+04,4.088729910755395380e+00
1.402300000000000000e+04,3.971830951012017330e+00
1.402400000000000000e+04,3.783255475208975760e+00
1.402500000000000000e+04,3.943831493064188898e+00
1.402600000000000000e+04,3.968668639557994204e+00
1.402700000000000000e+04,3.772587476800707496e+00
1.402800000000000000e+04,3.895387594208224336e+00
1.402900000000000000e+04,3.857589130542817379e+00
1.403000000000000000e+04,3.641841843591121730e+00
1.403100000000000000e+04,3.690047202140264826e+00
1.403200000000000000e+04,3.702016458811275612e+00
1.403300000000000000e+04,3.892054776050068110e+00
1.403400000000000000e+04,4.107899695987951461e+00
1.403500000000000000e+04,3.514894144102477913e+00
1.403600000000000000e+04,3.567968879115069658e+00
1.403700000000000000e+04,3.784251891871940110e+00
1.403800000000000000e+04,3.537037785440852566e+00
1.403900000000000000e+04,3.662942821704164853e+00
1.404000000000000000e+04,3.866010322916906716e+00
1.404100000000000000e+04,3.821227165356292144e+00
1.404200000000000000e+04,3.629141450495641408e+00
1.404300000000000000e+04,4.016879897686194134e+00
1.404400000000000000e+04,3.484853242187938349e+00
1.404500000000000000e+04,4.160244036764311204e+00
1.404600000000000000e+04,3.824373118148567396e+00
1.404700000000000000e+04,3.655128556055784461e+00
1.404800000000000000e+04,4.119036256874871960e+00
1.404900000000000000e+04,3.648147195727299508e+00
1.405000000000000000e+04,3.788865608155418840e+00
1.405100000000000000e+04,3.676525567646595771e+00
1.405200000000000000e+04,3.730913657686639073e+00
1.405300000000000000e+04,3.963072181805775251e+00
1.405400000000000000e+04,3.676011809390042906e+00
1.405500000000000000e+04,3.837994504091640113e+00
1.405600000000000000e+04,3.543214906539317699e+00
1.405700000000000000e+04,4.134864975842642565e+00
1.405800000000000000e+04,3.776325002608762027e+00
1.405900000000000000e+04,3.885420587346278154e+00
1.406000000000000000e+04,3.876701336465759873e+00
1.406100000000000000e+04,3.682781254415165240e+00
1.406200000000000000e+04,3.904595939112258662e+00
1.406300000000000000e+04,3.778645877861061653e+00
1.406400000000000000e+04,4.071853777805947594e+00
1.406500000000000000e+04,3.902383882816811145e+00
1.406600000000000000e+04,3.510106831039171205e+00
1.406700000000000000e+04,3.604721170572705358e+00
1.406800000000000000e+04,3.951632305048731197e+00
1.406900000000000000e+04,4.002315871547355464e+00
1.407000000000000000e+04,3.948192838931865012e+00
1.407100000000000000e+04,3.652844067903703529e+00
1.407200000000000000e+04,3.634128604826359243e+00
1.407300000000000000e+04,3.765467641410255695e+00
1.407400000000000000e+04,3.776082132310766948e+00
1.407500000000000000e+04,3.669562202459013545e+00
1.407600000000000000e+04,3.686537371657858220e+00
1.407700000000000000e+04,3.802008551140015236e+00
1.407800000000000000e+04,3.903626711555554074e+00
1.407900000000000000e+04,3.567652406831239631e+00
1.408000000000000000e+04,3.579909141360097191e+00
1.408100000000000000e+04,3.988193066254163810e+00
1.408200000000000000e+04,3.718596069872643461e+00
1.408300000000000000e+04,3.280518945886940152e+00
1.408400000000000000e+04,3.893200317834763169e+00
1.408500000000000000e+04,3.843188955353510572e+00
1.408600000000000000e+04,3.717227501059938266e+00
1.408700000000000000e+04,3.660545146373535008e+00
1.408800000000000000e+04,3.599910936629903802e+00
1.408900000000000000e+04,3.576616003496416063e+00
1.409000000000000000e+04,3.515157221300191370e+00
1.409100000000000000e+04,3.921158185222294090e+00
1.409200000000000000e+04,4.072847921458452980e+00
1.409300000000000000e+04,3.918671285232445900e+00
1.409400000000000000e+04,3.833347717249939723e+00
1.409500000000000000e+04,4.053754788571176881e+00
1.409600000000000000e+04,3.965158146856005761e+00
1.409700000000000000e+04,3.688394580102796194e+00
1.409800000000000000e+04,3.719502169885411380e+00
1.409900000000000000e+04,3.412188179599035198e+00
1.410000000000000000e+04,4.036358365123266623e+00
1.410100000000000000e+04,3.665162848451021471e+00
1.410200000000000000e+04,3.755395303123810979e+00
1.410300000000000000e+04,3.586009682078101779e+00
1.410400000000000000e+04,3.733281452190202021e+00
1.410500000000000000e+04,3.673524868204784966e+00
1.410600000000000000e+04,3.857514105678429228e+00
1.410700000000000000e+04,3.874635214189098065e+00
1.410800000000000000e+04,3.742807405220118344e+00
1.410900000000000000e+04,3.680485631619282216e+00
1.411000000000000000e+04,3.725902187089809026e+00
1.411100000000000000e+04,3.726783679549336092e+00
1.411200000000000000e+04,4.128844736103225443e+00
1.411300000000000000e+04,3.887594896774704711e+00
1.411400000000000000e+04,3.792569892799256603e+00
1.411500000000000000e+04,3.695829449982634518e+00
1.411600000000000000e+04,3.540266552486501350e+00
1.411700000000000000e+04,3.605045833240715591e+00
1.411800000000000000e+04,3.995833474578101008e+00
1.411900000000000000e+04,3.795587475331603677e+00
1.412000000000000000e+04,3.960559753292316021e+00
1.412100000000000000e+04,3.732488761386462794e+00
1.412200000000000000e+04,3.638958407430172848e+00
1.412300000000000000e+04,3.907359457878728737e+00
1.412400000000000000e+04,3.749341136362010385e+00
1.412500000000000000e+04,3.896560004256937937e+00
1.412600000000000000e+04,3.980329271883615405e+00
1.412700000000000000e+04,3.642776512008721213e+00
1.412800000000000000e+04,3.820070623472231919e+00
1.412900000000000000e+04,3.752683713062490600e+00
1.413000000000000000e+04,3.617954631018616585e+00
1.413100000000000000e+04,3.422514240064175706e+00
1.413200000000000000e+04,4.050002237224006763e+00
1.413300000000000000e+04,3.802650891412349132e+00
1.413400000000000000e+04,3.723851534892705040e+00
1.413500000000000000e+04,3.862247316767756899e+00
1.413600000000000000e+04,4.000818015953467643e+00
1.413700000000000000e+04,3.623414917193073848e+00
1.413800000000000000e+04,3.661923910190757248e+00
1.413900000000000000e+04,3.575091998363011392e+00
1.414000000000000000e+04,3.640301165556111052e+00
1.414100000000000000e+04,3.553003455650423525e+00
1.414200000000000000e+04,3.770959020602410838e+00
1.414300000000000000e+04,3.823482031129254111e+00
1.414400000000000000e+04,3.883767971103299743e+00
1.414500000000000000e+04,3.531009901472742740e+00
1.414600000000000000e+04,3.975484887765077247e+00
1.414700000000000000e+04,3.784075689134839049e+00
1.414800000000000000e+04,3.653258215762208216e+00
1.414900000000000000e+04,3.559937847203483940e+00
1.415000000000000000e+04,3.774874490459302567e+00
1.415100000000000000e+04,3.685544929682223803e+00
1.415200000000000000e+04,4.194075052241604595e+00
1.415300000000000000e+04,3.727427691786937114e+00
1.415400000000000000e+04,3.774245876125553067e+00
1.415500000000000000e+04,3.983960149491776459e+00
1.415600000000000000e+04,3.353859708275054086e+00
1.415700000000000000e+04,3.869203426218327468e+00
1.415800000000000000e+04,3.908241929682279014e+00
1.415900000000000000e+04,3.447232777303077977e+00
1.416000000000000000e+04,3.934932691972522267e+00
1.416100000000000000e+04,3.850454808671452511e+00
1.416200000000000000e+04,3.531102876531601265e+00
1.416300000000000000e+04,3.842771283136861449e+00
1.416400000000000000e+04,3.714625368078647849e+00
1.416500000000000000e+04,3.818347810934007658e+00
1.416600000000000000e+04,3.869803623316168117e+00
1.416700000000000000e+04,3.800889875265682782e+00
1.416800000000000000e+04,3.965885817599635654e+00
1.416900000000000000e+04,3.843751019572867467e+00
1.417000000000000000e+04,3.799597903905487239e+00
1.417100000000000000e+04,3.587386294058437564e+00
1.417200000000000000e+04,3.510626718772887234e+00
1.417300000000000000e+04,3.939797497621975619e+00
1.417400000000000000e+04,3.507868066226205617e+00
1.417500000000000000e+04,3.582923583769997755e+00
1.417600000000000000e+04,3.464176612438331748e+00
1.417700000000000000e+04,3.832550506682343983e+00
1.417800000000000000e+04,3.639741443057639358e+00
1.417900000000000000e+04,4.050203617662136324e+00
1.418000000000000000e+04,3.595580516537588256e+00
1.418100000000000000e+04,3.785186523035621420e+00
1.418200000000000000e+04,3.704955224801216751e+00
1.418300000000000000e+04,3.651562645322093292e+00
1.418400000000000000e+04,3.892790972357272228e+00
1.418500000000000000e+04,3.910158273509976024e+00
1.418600000000000000e+04,3.665605035199512862e+00
1.418700000000000000e+04,3.614650286605938678e+00
1.418800000000000000e+04,3.817505132117431810e+00
1.418900000000000000e+04,3.836554682883684286e+00
1.419000000000000000e+04,3.953986541236595986e+00
1.419100000000000000e+04,3.291733301160476355e+00
1.419200000000000000e+04,3.672273301153138991e+00
1.419300000000000000e+04,3.416539979755010670e+00
1.419400000000000000e+04,3.619687561311970114e+00
1.419500000000000000e+04,3.840690783480463555e+00
1.419600000000000000e+04,3.360387267220176888e+00
1.419700000000000000e+04,4.021300561033167575e+00
1.419800000000000000e+04,3.644494811955230062e+00
1.419900000000000000e+04,3.690954564540450455e+00
1.420000000000000000e+04,3.886481300846673204e+00
1.420100000000000000e+04,4.059876737446434625e+00
1.420200000000000000e+04,3.291381627902449036e+00
1.420300000000000000e+04,3.591199048821464679e+00
1.420400000000000000e+04,3.485113431737577372e+00
1.420500000000000000e+04,3.779435774499369849e+00
1.420600000000000000e+04,3.779791148168108350e+00
1.420700000000000000e+04,3.876937145558347897e+00
1.420800000000000000e+04,3.821794885337604697e+00
1.420900000000000000e+04,3.569447154250591225e+00
1.421000000000000000e+04,3.594195535954600285e+00
1.421100000000000000e+04,3.815690851112399695e+00
1.421200000000000000e+04,3.633203909745127635e+00
1.421300000000000000e+04,3.780329813154902130e+00
1.421400000000000000e+04,3.783091784402641267e+00
1.421500000000000000e+04,3.916912629635663556e+00
1.421600000000000000e+04,3.937670348143482713e+00
1.421700000000000000e+04,3.758304532921012520e+00
1.421800000000000000e+04,3.771762540120836782e+00
1.421900000000000000e+04,3.747024633610731126e+00
1.422000000000000000e+04,3.890626228776005835e+00
1.422100000000000000e+04,3.352437581663436195e+00
1.422200000000000000e+04,3.707191866804774083e+00
1.422300000000000000e+04,3.882708581767089662e+00
1.422400000000000000e+04,3.990943721236002162e+00
1.422500000000000000e+04,3.747963512775757344e+00
1.422600000000000000e+04,4.048923662019869418e+00
1.422700000000000000e+04,3.863947586655188893e+00
1.422800000000000000e+04,3.624351649051942292e+00
1.422900000000000000e+04,4.026263368111874463e+00
1.423000000000000000e+04,3.541968088090569289e+00
1.423100000000000000e+04,3.874188965793577744e+00
1.423200000000000000e+04,4.126594017522474012e+00
1.423300000000000000e+04,3.414940360683359710e+00
1.423400000000000000e+04,3.675984248385759656e+00
1.423500000000000000e+04,3.851099784894159050e+00
1.423600000000000000e+04,3.595690677889350262e+00
1.423700000000000000e+04,3.640032092985352463e+00
1.423800000000000000e+04,3.665368678554909998e+00
1.423900000000000000e+04,3.953196517060213022e+00
1.424000000000000000e+04,3.573895542703215522e+00
1.424100000000000000e+04,3.880988120537591790e+00
1.424200000000000000e+04,3.935054537663435603e+00
1.424300000000000000e+04,3.576238428480201570e+00
1.424400000000000000e+04,4.241784831817255963e+00
1.424500000000000000e+04,3.669134373335476873e+00
1.424600000000000000e+04,3.746400175579860825e+00
1.424700000000000000e+04,3.969598650666310125e+00
1.424800000000000000e+04,3.769000333908009814e+00
1.424900000000000000e+04,3.727859067157522688e+00
1.425000000000000000e+04,3.551141303827487494e+00
1.425100000000000000e+04,3.546051700444506238e+00
1.425200000000000000e+04,3.703151301945318163e+00
1.425300000000000000e+04,3.764058033467831077e+00
1.425400000000000000e+04,3.794203955437651654e+00
1.425500000000000000e+04,3.913533721466950333e+00
1.425600000000000000e+04,3.684744831854413150e+00
1.425700000000000000e+04,3.712034278909306373e+00
1.425800000000000000e+04,3.635279639232827265e+00
1.425900000000000000e+04,3.796576235920000375e+00
1.426000000000000000e+04,3.896139831940231169e+00
1.426100000000000000e+04,3.747349346535457926e+00
1.426200000000000000e+04,3.671040418417163220e+00
1.426300000000000000e+04,3.719091227777143960e+00
1.426400000000000000e+04,3.660097863495726411e+00
1.426500000000000000e+04,3.675895720707570202e+00
1.426600000000000000e+04,3.710856554767528959e+00
1.426700000000000000e+04,3.911484526162089193e+00
1.426800000000000000e+04,3.780941978647722301e+00
1.426900000000000000e+04,3.690800669365543296e+00
1.427000000000000000e+04,3.722551873802793843e+00
1.427100000000000000e+04,3.910310473489609251e+00
1.427200000000000000e+04,3.658630128792951908e+00
1.427300000000000000e+04,3.784455968773628776e+00
1.427400000000000000e+04,3.706304168208219618e+00
1.427500000000000000e+04,3.917936413848906785e+00
1.427600000000000000e+04,3.995599567730048651e+00
1.427700000000000000e+04,4.013547414916875056e+00
1.427800000000000000e+04,3.596171330117628351e+00
1.427900000000000000e+04,3.820595045017685099e+00
1.428000000000000000e+04,3.599775803220127024e+00
1.428100000000000000e+04,3.737342979837796619e+00
1.428200000000000000e+04,3.704639984413915954e+00
1.428300000000000000e+04,3.730247576984396130e+00
1.428400000000000000e+04,3.740573878540298658e+00
1.428500000000000000e+04,3.932281219436353226e+00
1.428600000000000000e+04,3.676030202286166837e+00
1.428700000000000000e+04,3.841817749456205355e+00
1.428800000000000000e+04,3.943359542286670294e+00
1.428900000000000000e+04,3.784143591493706271e+00
1.429000000000000000e+04,3.699262924400899877e+00
1.429100000000000000e+04,3.861811971261555509e+00
1.429200000000000000e+04,3.791530896726896582e+00
1.429300000000000000e+04,3.449641673383458063e+00
1.429400000000000000e+04,3.915137131984429697e+00
1.429500000000000000e+04,3.519710817907509171e+00
1.429600000000000000e+04,3.737649661559895531e+00
1.429700000000000000e+04,3.681719212435218491e+00
1.429800000000000000e+04,3.798935271067561459e+00
1.429900000000000000e+04,3.995648471649760669e+00
1.430000000000000000e+04,3.710671114834807049e+00
1.430100000000000000e+04,3.435716246182531464e+00
1.430200000000000000e+04,3.716764538998080347e+00
1.430300000000000000e+04,3.966371824497855414e+00
1.430400000000000000e+04,3.867486969903980665e+00
1.430500000000000000e+04,3.645754435176807196e+00
1.430600000000000000e+04,3.893843373254426865e+00
1.430700000000000000e+04,3.669783273802595058e+00
1.430800000000000000e+04,3.832841784920501649e+00
1.430900000000000000e+04,3.293751595204647664e+00
1.431000000000000000e+04,3.894716274591513372e+00
1.431100000000000000e+04,3.773639274971451130e+00
1.431200000000000000e+04,3.510873134640917215e+00
1.431300000000000000e+04,4.129129016584591305e+00
1.431400000000000000e+04,3.651600223657557098e+00
1.431500000000000000e+04,3.911178069591986883e+00
1.431600000000000000e+04,3.228142360869337590e+00
1.431700000000000000e+04,3.980009573715998172e+00
1.431800000000000000e+04,3.759638716469205999e+00
1.431900000000000000e+04,3.734510342266351923e+00
1.432000000000000000e+04,3.787528125069465901e+00
1.432100000000000000e+04,3.675012207774654538e+00
1.432200000000000000e+04,3.717015112709459945e+00
1.432300000000000000e+04,3.655702215996015969e+00
1.432400000000000000e+04,3.784972294069348209e+00
1.432500000000000000e+04,3.987354349095626915e+00
1.432600000000000000e+04,3.672130957242588423e+00
1.432700000000000000e+04,3.911332726217555233e+00
1.432800000000000000e+04,3.751953217808468466e+00
1.432900000000000000e+04,3.612626102847495080e+00
1.433000000000000000e+04,4.029146623535685201e+00
1.433100000000000000e+04,3.799331813532721647e+00
1.433200000000000000e+04,3.613732186080286901e+00
1.433300000000000000e+04,3.742596446996703463e+00
1.433400000000000000e+04,3.774106918136397315e+00
1.433500000000000000e+04,3.617961014077851090e+00
1.433600000000000000e+04,3.925176225364452431e+00
1.433700000000000000e+04,3.651951916255991915e+00
1.433800000000000000e+04,3.644067936812769304e+00
1.433900000000000000e+04,3.937361054783784731e+00
1.434000000000000000e+04,3.561316999762516033e+00
1.434100000000000000e+04,3.571463184620778719e+00
1.434200000000000000e+04,3.397452504684831176e+00
1.434300000000000000e+04,3.915004225384984604e+00
1.434400000000000000e+04,3.551101209764196298e+00
1.434500000000000000e+04,3.744144444610022049e+00
1.434600000000000000e+04,3.586875173586161036e+00
1.434700000000000000e+04,3.612245807259470531e+00
1.434800000000000000e+04,3.739417763334981437e+00
1.434900000000000000e+04,3.946644479528096383e+00
1.435000000000000000e+04,3.666301054087747424e+00
1.435100000000000000e+04,3.604918126660205058e+00
1.435200000000000000e+04,3.492916239401439693e+00
1.435300000000000000e+04,3.729597319453548110e+00
1.435400000000000000e+04,3.463483618965685462e+00
1.435500000000000000e+04,4.050010212284926858e+00
1.435600000000000000e+04,3.945648676093693741e+00
1.435700000000000000e+04,3.687294935361570047e+00
1.435800000000000000e+04,3.650767555154373678e+00
1.435900000000000000e+04,3.660590110786786866e+00
1.436000000000000000e+04,3.468126280142751483e+00
1.436100000000000000e+04,3.734096088483040976e+00
1.436200000000000000e+04,3.801036246954110354e+00
1.436300000000000000e+04,4.006276621288676232e+00
1.436400000000000000e+04,3.826642201692840750e+00
1.436500000000000000e+04,3.916799395226141733e+00
1.436600000000000000e+04,3.830249188350663747e+00
1.436700000000000000e+04,3.831422879360413258e+00
1.436800000000000000e+04,3.899956703558467463e+00
1.436900000000000000e+04,3.886326461621496087e+00
1.437000000000000000e+04,3.587732612265775778e+00
1.437100000000000000e+04,3.781633259793470092e+00
1.437200000000000000e+04,4.041641831603180357e+00
1.437300000000000000e+04,3.888818664256887381e+00
1.437400000000000000e+04,3.649194526992028287e+00
1.437500000000000000e+04,3.872339877390079010e+00
1.437600000000000000e+04,3.764568873773824986e+00
1.437700000000000000e+04,3.736174558617608277e+00
1.437800000000000000e+04,3.910784114918673282e+00
1.437900000000000000e+04,3.881783995303226487e+00
1.438000000000000000e+04,3.697492815091370399e+00
1.438100000000000000e+04,3.635738158127740149e+00
1.438200000000000000e+04,3.518328451745059038e+00
1.438300000000000000e+04,3.909444546936233333e+00
1.438400000000000000e+04,3.709430890302849004e+00
1.438500000000000000e+04,3.509923105829356516e+00
1.438600000000000000e+04,3.709286755471314923e+00
1.438700000000000000e+04,3.953052405016790338e+00
1.438800000000000000e+04,3.887269343400004740e+00
1.438900000000000000e+04,4.004526776779771424e+00
1.439000000000000000e+04,3.888301779937748837e+00
1.439100000000000000e+04,3.895080133772752973e+00
1.439200000000000000e+04,3.571067839710423186e+00
1.439300000000000000e+04,3.498702893838896433e+00
1.439400000000000000e+04,3.959599789784675306e+00
1.439500000000000000e+04,4.004505014935456408e+00
1.439600000000000000e+04,3.764492333463961504e+00
1.439700000000000000e+04,4.036030577344446257e+00
1.439800000000000000e+04,3.799744825847521934e+00
1.439900000000000000e+04,3.684999069531644356e+00
1.440000000000000000e+04,3.838980328999365810e+00
1.440100000000000000e+04,3.511929281959110583e+00
1.440200000000000000e+04,3.887731977267584238e+00
1.440300000000000000e+04,3.529343001148894654e+00
1.440400000000000000e+04,4.089207112761882534e+00
1.440500000000000000e+04,3.516281345219774312e+00
1.440600000000000000e+04,3.675614783190633172e+00
1.440700000000000000e+04,3.638837939867015869e+00
1.440800000000000000e+04,3.956863054750605624e+00
1.440900000000000000e+04,3.629080852486695985e+00
1.441000000000000000e+04,3.987867441254304701e+00
1.441100000000000000e+04,3.542017152507511035e+00
1.441200000000000000e+04,3.821765116242051619e+00
1.441300000000000000e+04,3.638264963785944772e+00
1.441400000000000000e+04,3.841932496750392723e+00
1.441500000000000000e+04,3.829162903904311577e+00
1.441600000000000000e+04,3.713195935762695576e+00
1.441700000000000000e+04,3.447031100414913674e+00
1.441800000000000000e+04,4.053962782124362896e+00
1.441900000000000000e+04,3.520614613661419590e+00
1.442000000000000000e+04,3.588649576867298130e+00
1.442100000000000000e+04,3.686043876102067962e+00
1.442200000000000000e+04,3.827045724615187439e+00
1.442300000000000000e+04,3.590146477883643605e+00
1.442400000000000000e+04,3.723198951580543259e+00
1.442500000000000000e+04,3.622756623154615774e+00
1.442600000000000000e+04,3.794415769543781014e+00
1.442700000000000000e+04,3.632191653044224644e+00
1.442800000000000000e+04,3.690314078216385241e+00
1.442900000000000000e+04,3.810956149003637439e+00
1.443000000000000000e+04,3.674619515242521395e+00
1.443100000000000000e+04,3.805306481964427778e+00
1.443200000000000000e+04,4.067911685362934016e+00
1.443300000000000000e+04,3.878074208248719845e+00
1.443400000000000000e+04,3.842327197905209601e+00
1.443500000000000000e+04,3.570180891726865369e+00
1.443600000000000000e+04,3.641580837133576942e+00
1.443700000000000000e+04,3.396611796537388539e+00
1.443800000000000000e+04,4.068124878913802256e+00
1.443900000000000000e+04,3.827345736034046819e+00
1.444000000000000000e+04,3.913666258672286791e+00
1.444100000000000000e+04,3.977667237765976527e+00
1.444200000000000000e+04,3.950998528203122362e+00
1.444300000000000000e+04,3.629196204195566100e+00
1.444400000000000000e+04,3.589638877192836031e+00
1.444500000000000000e+04,3.715015616246688079e+00
1.444600000000000000e+04,3.834242145557639425e+00
1.444700000000000000e+04,4.043308979063348296e+00
1.444800000000000000e+04,3.404834009666514838e+00
1.444900000000000000e+04,3.782011543926921959e+00
1.445000000000000000e+04,3.860988306133247505e+00
1.445100000000000000e+04,3.736900914148193920e+00
1.445200000000000000e+04,3.894469490297151726e+00
1.445300000000000000e+04,4.032306059541662435e+00
1.445400000000000000e+04,3.782973205168461472e+00
1.445500000000000000e+04,3.922425169494344388e+00
1.445600000000000000e+04,3.947257468671816927e+00
1.445700000000000000e+04,3.824369557047570201e+00
1.445800000000000000e+04,3.497406006415341828e+00
1.445900000000000000e+04,3.905545140936499404e+00
1.446000000000000000e+04,4.078784412741611298e+00
1.446100000000000000e+04,3.650685194804464295e+00
1.446200000000000000e+04,3.937470688515955164e+00
1.446300000000000000e+04,3.821906231054735592e+00
1.446400000000000000e+04,3.763805644716772925e+00
1.446500000000000000e+04,3.871503283456471767e+00
1.446600000000000000e+04,3.761156548105168973e+00
1.446700000000000000e+04,3.570529319262557788e+00
1.446800000000000000e+04,3.670342354226922232e+00
1.446900000000000000e+04,3.902349210190377615e+00
1.447000000000000000e+04,3.836680125480849579e+00
1.447100000000000000e+04,3.916006713308275877e+00
1.447200000000000000e+04,3.741491277799254167e+00
1.447300000000000000e+04,3.724244566118109834e+00
1.447400000000000000e+04,3.682168292421771127e+00
1.447500000000000000e+04,3.922760841287941336e+00
1.447600000000000000e+04,3.571095952784123728e+00
1.447700000000000000e+04,4.082987043684923378e+00
1.447800000000000000e+04,3.420783887634156084e+00
1.447900000000000000e+04,3.776936223422689753e+00
1.448000000000000000e+04,3.680857156918095008e+00
1.448100000000000000e+04,3.658127285803839612e+00
1.448200000000000000e+04,3.746545013657639256e+00
1.448300000000000000e+04,3.759106824705820138e+00
1.448400000000000000e+04,3.501707846367589472e+00
1.448500000000000000e+04,3.828012913905517678e+00
1.448600000000000000e+04,3.866250719192970475e+00
1.448700000000000000e+04,4.072361834545644932e+00
1.448800000000000000e+04,3.924391771020976361e+00
1.448900000000000000e+04,3.631454727771355806e+00
1.449000000000000000e+04,3.454060972894250181e+00
1.449100000000000000e+04,3.778097057127518976e+00
1.449200000000000000e+04,4.050965765820883746e+00
1.449300000000000000e+04,3.589790988934405735e+00
1.449400000000000000e+04,3.874679167232653487e+00
1.449500000000000000e+04,3.849016959061933640e+00
1.449600000000000000e+04,3.500352490324046162e+00
1.449700000000000000e+04,3.870463570599352643e+00
1.449800000000000000e+04,3.327868984419663168e+00
1.449900000000000000e+04,3.429571831757732170e+00
1.450000000000000000e+04,3.929866278858210826e+00
1.450100000000000000e+04,3.647305780875551129e+00
1.450200000000000000e+04,3.774793305674643662e+00
1.450300000000000000e+04,3.460184667194953878e+00
1.450400000000000000e+04,3.597779117982208508e+00
1.450500000000000000e+04,3.901805281403763814e+00
1.450600000000000000e+04,3.546223645828915139e+00
1.450700000000000000e+04,3.677765134049165052e+00
1.450800000000000000e+04,3.805995473298100507e+00
1.450900000000000000e+04,3.870796631149224787e+00
1.451000000000000000e+04,3.738154948820678669e+00
1.451100000000000000e+04,3.874768123825877097e+00
1.451200000000000000e+04,3.725005549026465079e+00
1.451300000000000000e+04,3.541659125483062276e+00
1.451400000000000000e+04,3.515340079568144205e+00
1.451500000000000000e+04,3.767548351399276019e+00
1.451600000000000000e+04,4.149389494214966057e+00
1.451700000000000000e+04,3.709453169275372275e+00
1.451800000000000000e+04,3.831645520259410187e+00
1.451900000000000000e+04,3.578496681011141600e+00
1.452000000000000000e+04,4.009838390054120794e+00
1.452100000000000000e+04,3.655237198817625544e+00
1.452200000000000000e+04,3.766274117434519120e+00
1.452300000000000000e+04,3.913015563922671802e+00
1.452400000000000000e+04,3.706099207379287996e+00
1.452500000000000000e+04,3.732674340673463043e+00
1.452600000000000000e+04,3.405896950924767630e+00
1.452700000000000000e+04,3.492920593169615895e+00
1.452800000000000000e+04,3.540735115978767666e+00
1.452900000000000000e+04,3.621636078199880426e+00
1.453000000000000000e+04,3.826820432875331690e+00
1.453100000000000000e+04,3.607197847530727142e+00
1.453200000000000000e+04,4.207180814398901347e+00
1.453300000000000000e+04,3.796485875778823349e+00
1.453400000000000000e+04,3.563576062936355093e+00
1.453500000000000000e+04,3.927838861492720657e+00
1.453600000000000000e+04,3.742995866634618363e+00
1.453700000000000000e+04,3.734441245970560708e+00
1.453800000000000000e+04,3.626809593108426988e+00
1.453900000000000000e+04,3.761888422627125195e+00
1.454000000000000000e+04,4.103223786253361816e+00
1.454100000000000000e+04,3.833528523215187001e+00
1.454200000000000000e+04,3.655405690611578606e+00
1.454300000000000000e+04,4.034097257738590514e+00
1.454400000000000000e+04,3.756398022814163795e+00
1.454500000000000000e+04,3.720192313312556731e+00
1.454600000000000000e+04,3.709200332050690552e+00
1.454700000000000000e+04,4.118319479745759182e+00
1.454800000000000000e+04,3.548134734882320451e+00
1.454900000000000000e+04,3.867942963478824492e+00
1.455000000000000000e+04,3.879629847999618963e+00
1.455100000000000000e+04,3.538118631283288629e+00
1.455200000000000000e+04,3.693977410052798227e+00
1.455300000000000000e+04,3.870385364430587227e+00
1.455400000000000000e+04,3.938263900454044286e+00
1.455500000000000000e+04,3.940397158630126739e+00
1.455600000000000000e+04,3.529859259052747777e+00
1.455700000000000000e+04,3.717512501253100954e+00
1.455800000000000000e+04,3.463519968128791593e+00
1.455900000000000000e+04,3.686994791053483933e+00
1.456000000000000000e+04,3.941151916962048141e+00
1.456100000000000000e+04,3.911863435010294321e+00
1.456200000000000000e+04,4.046904645090211972e+00
1.456300000000000000e+04,3.583634716175106760e+00
1.456400000000000000e+04,3.414751739981997325e+00
1.456500000000000000e+04,3.869531250991343097e+00
1.456600000000000000e+04,3.785824488275913335e+00
1.456700000000000000e+04,3.615214317189777482e+00
1.456800000000000000e+04,3.935484718525442016e+00
1.456900000000000000e+04,3.515127419497523054e+00
1.457000000000000000e+04,3.733090117191268931e+00
1.457100000000000000e+04,3.375394442274970430e+00
1.457200000000000000e+04,3.753816174956126517e+00
1.457300000000000000e+04,3.537500980302890063e+00
1.457400000000000000e+04,3.603579195326421569e+00
1.457500000000000000e+04,3.816415836677268025e+00
1.457600000000000000e+04,4.059593856135759182e+00
1.457700000000000000e+04,3.520901321487508451e+00
1.457800000000000000e+04,3.480519798799143860e+00
1.457900000000000000e+04,3.971836601276979906e+00
1.458000000000000000e+04,4.040681360641730002e+00
1.458100000000000000e+04,3.883433268096018409e+00
1.458200000000000000e+04,3.917790772884842898e+00
1.458300000000000000e+04,3.811107974099035900e+00
1.458400000000000000e+04,3.728914199980726263e+00
1.458500000000000000e+04,3.417082461934303872e+00
1.458600000000000000e+04,3.841996045294086670e+00
1.458700000000000000e+04,3.959391491358176030e+00
1.458800000000000000e+04,3.915607216011908420e+00
1.458900000000000000e+04,3.762933161129888404e+00
1.459000000000000000e+04,3.600664105985054153e+00
1.459100000000000000e+04,3.727877381520380951e+00
1.459200000000000000e+04,3.887258723301450836e+00
1.459300000000000000e+04,3.914573235243673288e+00
1.459400000000000000e+04,3.542851341984774471e+00
1.459500000000000000e+04,3.708884136703755718e+00
1.459600000000000000e+04,4.139349772685377182e+00
1.459700000000000000e+04,3.803963009062371281e+00
1.459800000000000000e+04,3.613245628323292102e+00
1.459900000000000000e+04,3.545450271491841665e+00
1.460000000000000000e+04,3.655596887360238245e+00
1.460100000000000000e+04,3.973953554623177009e+00
1.460200000000000000e+04,3.560969328251840427e+00
1.460300000000000000e+04,3.818948858557114079e+00
1.460400000000000000e+04,3.767867392577087138e+00
1.460500000000000000e+04,3.886619117672146739e+00
1.460600000000000000e+04,3.705979400663840906e+00
1.460700000000000000e+04,3.246112721635771692e+00
1.460800000000000000e+04,3.526309787391419093e+00
1.460900000000000000e+04,3.575586898057922625e+00
1.461000000000000000e+04,3.512697917756387955e+00
1.461100000000000000e+04,4.101032455047523229e+00
1.461200000000000000e+04,4.035783732499337972e+00
1.461300000000000000e+04,3.807677611581872235e+00
1.461400000000000000e+04,3.737836628930894189e+00
1.461500000000000000e+04,3.645192524365561848e+00
1.461600000000000000e+04,3.849115938183932162e+00
1.461700000000000000e+04,3.531355640048995603e+00
1.461800000000000000e+04,3.670863460264665701e+00
1.461900000000000000e+04,3.591400332407583385e+00
1.462000000000000000e+04,3.672190343529139422e+00
1.462100000000000000e+04,4.138114610469926014e+00
1.462200000000000000e+04,3.785554264282347869e+00
1.462300000000000000e+04,3.924917767055191575e+00
1.462400000000000000e+04,3.798000119695059240e+00
1.462500000000000000e+04,3.436819872691661004e+00
1.462600000000000000e+04,3.533297667846786450e+00
1.462700000000000000e+04,3.487399540444593882e+00
1.462800000000000000e+04,3.612996859377713310e+00
1.462900000000000000e+04,3.779044662572700553e+00
1.463000000000000000e+04,3.582916281536292047e+00
1.463100000000000000e+04,3.685102222856430298e+00
1.463200000000000000e+04,3.809651577613911932e+00
1.463300000000000000e+04,3.581583506677616491e+00
1.463400000000000000e+04,4.116684046726326152e+00
1.463500000000000000e+04,3.700917997640952528e+00
1.463600000000000000e+04,4.175378740479775530e+00
1.463700000000000000e+04,3.548074572082081435e+00
1.463800000000000000e+04,4.066703378182897843e+00
1.463900000000000000e+04,3.859393302474999121e+00
1.464000000000000000e+04,3.866914809516955209e+00
1.464100000000000000e+04,3.549466332092116705e+00
1.464200000000000000e+04,3.898045662198011296e+00
1.464300000000000000e+04,3.999219742643689290e+00
1.464400000000000000e+04,3.786175310964205565e+00
1.464500000000000000e+04,3.647516298890303599e+00
1.464600000000000000e+04,3.783826294208791019e+00
1.464700000000000000e+04,3.611312086321563974e+00
1.464800000000000000e+04,3.666557353397294161e+00
1.464900000000000000e+04,3.768073351799484438e+00
1.465000000000000000e+04,3.730707296066450684e+00
1.465100000000000000e+04,3.844133997038884587e+00
1.465200000000000000e+04,3.530384312340326680e+00
1.465300000000000000e+04,3.879824372223954487e+00
1.465400000000000000e+04,3.498032705386652896e+00
1.465500000000000000e+04,3.726532950915656173e+00
1.465600000000000000e+04,3.911769606527337295e+00
1.465700000000000000e+04,3.647516882264104421e+00
1.465800000000000000e+04,3.617886803746850788e+00
1.465900000000000000e+04,3.742638506468103365e+00
1.466000000000000000e+04,3.569471348113476772e+00
1.466100000000000000e+04,3.724608160552651981e+00
1.466200000000000000e+04,3.573253540143723761e+00
1.466300000000000000e+04,3.603602239033400600e+00
1.466400000000000000e+04,3.586927788066019307e+00
1.466500000000000000e+04,3.697339324636765845e+00
1.466600000000000000e+04,3.715143223813123896e+00
1.466700000000000000e+04,3.898559439241306990e+00
1.466800000000000000e+04,3.676011183799255289e+00
1.466900000000000000e+04,3.519656707837784726e+00
1.467000000000000000e+04,3.744477013748435112e+00
1.467100000000000000e+04,3.864022849363498491e+00
1.467200000000000000e+04,3.944180105240217671e+00
1.467300000000000000e+04,3.844442462459321863e+00
1.467400000000000000e+04,3.775350142288266042e+00
1.467500000000000000e+04,3.747989636254345225e+00
1.467600000000000000e+04,3.540720425433970586e+00
1.467700000000000000e+04,3.689579140869008178e+00
1.467800000000000000e+04,3.720669998944665213e+00
1.467900000000000000e+04,3.768763260877998622e+00
1.468000000000000000e+04,3.811954634100721329e+00
1.468100000000000000e+04,3.444545836215881618e+00
1.468200000000000000e+04,3.615607227258943457e+00
1.468300000000000000e+04,4.007159173658051188e+00
1.468400000000000000e+04,3.630390240155408677e+00
1.468500000000000000e+04,3.595772543168147983e+00
1.468600000000000000e+04,3.887491114891389543e+00
1.468700000000000000e+04,3.913955133082547722e+00
1.468800000000000000e+04,3.835913945722285501e+00
1.468900000000000000e+04,3.607679189860901303e+00
1.469000000000000000e+04,3.676322925164932087e+00
1.469100000000000000e+04,3.844498678754947996e+00
1.469200000000000000e+04,3.852456396195919730e+00
1.469300000000000000e+04,3.786168856484592116e+00
1.469400000000000000e+04,3.571164345340998914e+00
1.469500000000000000e+04,3.539481786422664644e+00
1.469600000000000000e+04,4.126690849695741292e+00
1.469700000000000000e+04,3.436833023955495836e+00
1.469800000000000000e+04,3.937940160828051539e+00
1.469900000000000000e+04,3.820334906553438881e+00
1.470000000000000000e+04,3.884974625636218093e+00
1.470100000000000000e+04,3.853505159426428683e+00
1.470200000000000000e+04,4.036712413676871058e+00
1.470300000000000000e+04,3.550390610094801058e+00
1.470400000000000000e+04,3.360773907447417663e+00
1.470500000000000000e+04,3.886562125189020112e+00
1.470600000000000000e+04,3.763843509151417077e+00
1.470700000000000000e+04,3.536464755786359770e+00
1.470800000000000000e+04,3.659708883670993451e+00
1.470900000000000000e+04,3.753002484559163410e+00
1.471000000000000000e+04,3.686627751185330926e+00
1.471100000000000000e+04,3.510698150786909721e+00
1.471200000000000000e+04,3.789942321190308938e+00
1.471300000000000000e+04,3.778705208133056992e+00
1.471400000000000000e+04,3.663966283127026102e+00
1.471500000000000000e+04,3.826325175105763421e+00
1.471600000000000000e+04,3.847505978739008903e+00
1.471700000000000000e+04,3.740417599062106024e+00
1.471800000000000000e+04,3.729630239785547641e+00
1.471900000000000000e+04,3.651407339287989551e+00
1.472000000000000000e+04,3.666102486411945804e+00
1.472100000000000000e+04,3.515868314676468653e+00
1.472200000000000000e+04,3.552421736695458687e+00
1.472300000000000000e+04,3.856983607611677023e+00
1.472400000000000000e+04,3.797649821945187743e+00
1.472500000000000000e+04,3.707199131244231616e+00
1.472600000000000000e+04,3.696315908986252730e+00
1.472700000000000000e+04,3.279138728568414596e+00
1.472800000000000000e+04,3.752466541856653848e+00
1.472900000000000000e+04,3.705035119548823364e+00
1.473000000000000000e+04,3.497339197742985739e+00
1.473100000000000000e+04,3.633932405447322544e+00
1.473200000000000000e+04,3.984970267411100497e+00
1.473300000000000000e+04,3.809962158500914686e+00
1.473400000000000000e+04,3.799132661092201158e+00
1.473500000000000000e+04,3.647652245806423998e+00
1.473600000000000000e+04,3.724422849880722364e+00
1.473700000000000000e+04,3.847370824134206391e+00
1.473800000000000000e+04,3.667681112752359418e+00
1.473900000000000000e+04,3.549684428964941407e+00
1.474000000000000000e+04,3.873796674279690766e+00
1.474100000000000000e+04,3.739668162919966843e+00
1.474200000000000000e+04,3.642141703376295947e+00
1.474300000000000000e+04,3.685494841731299598e+00
1.474400000000000000e+04,3.482278470214766664e+00
1.474500000000000000e+04,3.842141266701286195e+00
1.474600000000000000e+04,3.438877707004060369e+00
1.474700000000000000e+04,3.693279244147668727e+00
1.474800000000000000e+04,3.596916050745929905e+00
1.474900000000000000e+04,3.454753790494939025e+00
1.475000000000000000e+04,3.762247081293240480e+00
1.475100000000000000e+04,3.537640742762333979e+00
1.475200000000000000e+04,3.803755315563836614e+00
1.475300000000000000e+04,3.702482656901905145e+00
1.475400000000000000e+04,3.838860959241026993e+00
1.475500000000000000e+04,3.951262370455537631e+00
1.475600000000000000e+04,3.568926935411386836e+00
1.475700000000000000e+04,3.690293960346541446e+00
1.475800000000000000e+04,3.550073559285196190e+00
1.475900000000000000e+04,4.061539477563332667e+00
1.476000000000000000e+04,3.668275718199786706e+00
1.476100000000000000e+04,3.883243985655594255e+00
1.476200000000000000e+04,3.516699381861239981e+00
1.476300000000000000e+04,3.446554485791755162e+00
1.476400000000000000e+04,3.966515218592895131e+00
1.476500000000000000e+04,3.700348694377817882e+00
1.476600000000000000e+04,3.825290213097868541e+00
1.476700000000000000e+04,3.834946369812238576e+00
1.476800000000000000e+04,3.858709251616850633e+00
1.476900000000000000e+04,3.584821020114353995e+00
1.477000000000000000e+04,3.665932923218539141e+00
1.477100000000000000e+04,3.971149154768804035e+00
1.477200000000000000e+04,4.097467853359549217e+00
1.477300000000000000e+04,3.663632781635843383e+00
1.477400000000000000e+04,3.713914597225728365e+00
1.477500000000000000e+04,4.023032998407534144e+00
1.477600000000000000e+04,3.751279885335411457e+00
1.477700000000000000e+04,3.571536992827500701e+00
1.477800000000000000e+04,3.746706549631330763e+00
1.477900000000000000e+04,3.693752829703100815e+00
1.478000000000000000e+04,4.105201633054678112e+00
1.478100000000000000e+04,3.666294643389536922e+00
1.478200000000000000e+04,3.701408204428143556e+00
1.478300000000000000e+04,3.853483863746415050e+00
1.478400000000000000e+04,3.730395797067171948e+00
1.478500000000000000e+04,4.042999474534798132e+00
1.478600000000000000e+04,3.726786316465282134e+00
1.478700000000000000e+04,3.673735025806449173e+00
1.478800000000000000e+04,3.849173512320739565e+00
1.478900000000000000e+04,4.308004930211351891e+00
1.479000000000000000e+04,3.634869940802885502e+00
1.479100000000000000e+04,3.717087620508642054e+00
1.479200000000000000e+04,4.088099008374360466e+00
1.479300000000000000e+04,3.564361523237833840e+00
1.479400000000000000e+04,3.873502039042927336e+00
1.479500000000000000e+04,3.751341897312406193e+00
1.479600000000000000e+04,3.578800940381975604e+00
1.479700000000000000e+04,3.616532235738313616e+00
1.479800000000000000e+04,3.763931224511728235e+00
1.479900000000000000e+04,3.769312205243918523e+00
1.480000000000000000e+04,4.023280906474368201e+00
1.480100000000000000e+04,3.878830372333639698e+00
1.480200000000000000e+04,4.082514299617484355e+00
1.480300000000000000e+04,3.741535466084165762e+00
1.480400000000000000e+04,3.919283326052166228e+00
1.480500000000000000e+04,3.793897446879156199e+00
1.480600000000000000e+04,3.776327983862976190e+00
1.480700000000000000e+04,3.678932198669692788e+00
1.480800000000000000e+04,3.980360608008515211e+00
1.480900000000000000e+04,3.803289173048199245e+00
1.481000000000000000e+04,3.499080844346122987e+00
1.481100000000000000e+04,4.104377609946322281e+00
1.481200000000000000e+04,3.962319652150341209e+00
1.481300000000000000e+04,3.997098585978898555e+00
1.481400000000000000e+04,3.879781635851544674e+00
1.481500000000000000e+04,3.915034388586973613e+00
1.481600000000000000e+04,3.948640562758355621e+00
1.481700000000000000e+04,4.081562331123680387e+00
1.481800000000000000e+04,3.945880580009364369e+00
1.481900000000000000e+04,3.760658461845545197e+00
1.482000000000000000e+04,3.518757549467552259e+00
1.482100000000000000e+04,3.955532957177382070e+00
1.482200000000000000e+04,3.757529539293626986e+00
1.482300000000000000e+04,3.826923795418966989e+00
1.482400000000000000e+04,3.773024746050396061e+00
1.482500000000000000e+04,4.057216695981439969e+00
1.482600000000000000e+04,3.731820079209572150e+00
1.482700000000000000e+04,3.841620008337510050e+00
1.482800000000000000e+04,4.010601487883349137e+00
1.482900000000000000e+04,3.808557203403933222e+00
1.483000000000000000e+04,3.731874862852836650e+00
1.483100000000000000e+04,3.599155249864106398e+00
1.483200000000000000e+04,3.806115033282864601e+00
1.483300000000000000e+04,3.553655261880552807e+00
1.483400000000000000e+04,3.756935166217996169e+00
1.483500000000000000e+04,3.840102534434351789e+00
1.483600000000000000e+04,3.331346563906261160e+00
1.483700000000000000e+04,3.674016935466721812e+00
1.483800000000000000e+04,3.315156823376226747e+00
1.483900000000000000e+04,3.921927680300012042e+00
1.484000000000000000e+04,3.747298855527565919e+00
1.484100000000000000e+04,3.724198172591079992e+00
1.484200000000000000e+04,3.986838208193118849e+00
1.484300000000000000e+04,3.867734136249711074e+00
1.484400000000000000e+04,3.505600888818907190e+00
1.484500000000000000e+04,3.924466628611623875e+00
1.484600000000000000e+04,3.779880866081062774e+00
1.484700000000000000e+04,3.657701462233776901e+00
1.484800000000000000e+04,3.690101168612365257e+00
1.484900000000000000e+04,3.941870339530873402e+00
1.485000000000000000e+04,3.195702505072362420e+00
1.485100000000000000e+04,3.700940220963427230e+00
1.485200000000000000e+04,3.460959653428176797e+00
1.485300000000000000e+04,3.552023918944416714e+00
1.485400000000000000e+04,3.783626211989818078e+00
1.485500000000000000e+04,3.698135648866565095e+00
1.485600000000000000e+04,3.636196133560697152e+00
1.485700000000000000e+04,3.748482712933299155e+00
1.485800000000000000e+04,3.666140000255277531e+00
1.485900000000000000e+04,3.634223421227588791e+00
1.486000000000000000e+04,3.905503926416772575e+00
1.486100000000000000e+04,3.871088303164645694e+00
1.486200000000000000e+04,3.909249928902255533e+00
1.486300000000000000e+04,3.876091624101417388e+00
1.486400000000000000e+04,3.897045341456306655e+00
1.486500000000000000e+04,3.930691738133190061e+00
1.486600000000000000e+04,4.007702523874961287e+00
1.486700000000000000e+04,3.508731983253850828e+00
1.486800000000000000e+04,3.397006771624129229e+00
1.486900000000000000e+04,3.574124516775787797e+00
1.487000000000000000e+04,3.956122187070250984e+00
1.487100000000000000e+04,3.527265083289214065e+00
1.487200000000000000e+04,3.913864787496957209e+00
1.487300000000000000e+04,3.777370321710954215e+00
1.487400000000000000e+04,3.644249936332645934e+00
1.487500000000000000e+04,3.803747614189202153e+00
1.487600000000000000e+04,3.662518526845192302e+00
1.487700000000000000e+04,3.781372295299700870e+00
1.487800000000000000e+04,3.620481045757535821e+00
1.487900000000000000e+04,3.960315572109443849e+00
1.488000000000000000e+04,3.639247370008810822e+00
1.488100000000000000e+04,3.793286341623299140e+00
1.488200000000000000e+04,3.750593763943351089e+00
1.488300000000000000e+04,3.651616145109890965e+00
1.488400000000000000e+04,3.752413822797348253e+00
1.488500000000000000e+04,4.019533037906499295e+00
1.488600000000000000e+04,3.536142594770514958e+00
1.488700000000000000e+04,3.504499510726159173e+00
1.488800000000000000e+04,3.835611807601049250e+00
1.488900000000000000e+04,3.705758755058878418e+00
1.489000000000000000e+04,3.897055696274017933e+00
1.489100000000000000e+04,3.664090539824434334e+00
1.489200000000000000e+04,3.609958252290105918e+00
1.489300000000000000e+04,3.640457027284969893e+00
1.489400000000000000e+04,3.697849507755065712e+00
1.489500000000000000e+04,3.742694314880884221e+00
1.489600000000000000e+04,3.826889019329970942e+00
1.489700000000000000e+04,3.927054253641502068e+00
1.489800000000000000e+04,3.684266525627778233e+00
1.489900000000000000e+04,3.521003324950097824e+00
1.490000000000000000e+04,3.649664068409204987e+00
1.490100000000000000e+04,3.903866408664165455e+00
1.490200000000000000e+04,3.584644165933360771e+00
1.490300000000000000e+04,3.444514080963150704e+00
1.490400000000000000e+04,3.946595327419100574e+00
1.490500000000000000e+04,3.791981492113950747e+00
1.490600000000000000e+04,3.899542081995940546e+00
1.490700000000000000e+04,3.718942424612141195e+00
1.490800000000000000e+04,3.641422972210240694e+00
1.490900000000000000e+04,3.366196187374917326e+00
1.491000000000000000e+04,3.860431287086236729e+00
1.491100000000000000e+04,3.558487124452511363e+00
1.491200000000000000e+04,3.761313152788501757e+00
1.491300000000000000e+04,3.845700947690361637e+00
1.491400000000000000e+04,3.770787329124487108e+00
1.491500000000000000e+04,3.960304971364554394e+00
1.491600000000000000e+04,3.645295235562370006e+00
1.491700000000000000e+04,3.403904847702111880e+00
1.491800000000000000e+04,3.582419030581058816e+00
1.491900000000000000e+04,3.791837416969701557e+00
1.492000000000000000e+04,3.668146182114765175e+00
1.492100000000000000e+04,3.686718883569827909e+00
1.492200000000000000e+04,3.893242368118877028e+00
1.492300000000000000e+04,3.651804451341353008e+00
1.492400000000000000e+04,3.800630003832550674e+00
1.492500000000000000e+04,3.651815748603025380e+00
1.492600000000000000e+04,3.606877062739718642e+00
1.492700000000000000e+04,3.607196651070310178e+00
1.492800000000000000e+04,3.662689982867840310e+00
1.492900000000000000e+04,3.635203567575713279e+00
1.493000000000000000e+04,3.549459248653672017e+00
1.493100000000000000e+04,3.910624311775728668e+00
1.493200000000000000e+04,3.697812593464462338e+00
1.493300000000000000e+04,3.765952774800706671e+00
1.493400000000000000e+04,3.927545915650142661e+00
1.493500000000000000e+04,3.484711742706862569e+00
1.493600000000000000e+04,3.259685862081048491e+00
1.493700000000000000e+04,3.912293804162794597e+00
1.493800000000000000e+04,3.813013828646956593e+00
1.493900000000000000e+04,3.719305450163173266e+00
1.494000000000000000e+04,3.710467586864072853e+00
1.494100000000000000e+04,3.704543596566652219e+00
1.494200000000000000e+04,3.788037927251606707e+00
1.494300000000000000e+04,4.033265558684159480e+00
1.494400000000000000e+04,3.786266782274302578e+00
1.494500000000000000e+04,3.858059670101611882e+00
1.494600000000000000e+04,3.526007831013130644e+00
1.494700000000000000e+04,3.640232438045615027e+00
1.494800000000000000e+04,4.124560887048395408e+00
1.494900000000000000e+04,3.770578855055711998e+00
1.495000000000000000e+04,3.834271001319718764e+00
1.495100000000000000e+04,3.706092568897698669e+00
1.495200000000000000e+04,3.543358581574847843e+00
1.495300000000000000e+04,3.647600952511702133e+00
1.495400000000000000e+04,3.651724241275867922e+00
1.495500000000000000e+04,3.550068359424526143e+00
1.495600000000000000e+04,3.807693022112474068e+00
1.495700000000000000e+04,3.899270991899514982e+00
1.495800000000000000e+04,3.498129416815514592e+00
1.495900000000000000e+04,3.796655425175687437e+00
1.496000000000000000e+04,3.828760538680080039e+00
1.496100000000000000e+04,4.015918328651688185e+00
1.496200000000000000e+04,3.730722896212812500e+00
1.496300000000000000e+04,3.807470541021805044e+00
1.496400000000000000e+04,3.835263605522320596e+00
1.496500000000000000e+04,3.672976505246369427e+00
1.496600000000000000e+04,3.662453076217445869e+00
1.496700000000000000e+04,4.088439222370613635e+00
1.496800000000000000e+04,3.847692372688214402e+00
1.496900000000000000e+04,3.610247598161946403e+00
1.497000000000000000e+04,3.679596359408126016e+00
1.497100000000000000e+04,3.739057423254816381e+00
1.497200000000000000e+04,3.540183097925802880e+00
1.497300000000000000e+04,3.919891876550519072e+00
1.497400000000000000e+04,3.526594995550828671e+00
1.497500000000000000e+04,3.621673172365095894e+00
1.497600000000000000e+04,4.001894633100599563e+00
1.497700000000000000e+04,3.677873459890674379e+00
1.497800000000000000e+04,4.016723237498673882e+00
1.497900000000000000e+04,3.581913239624102463e+00
1.498000000000000000e+04,3.671013648858759915e+00
1.498100000000000000e+04,4.072301619558105656e+00
1.498200000000000000e+04,3.954815580835804312e+00
1.498300000000000000e+04,3.791372985154052966e+00
1.498400000000000000e+04,3.868715419311941961e+00
1.498500000000000000e+04,3.702459596199082270e+00
1.498600000000000000e+04,3.825545190818210095e+00
1.498700000000000000e+04,3.855114970852810075e+00
1.498800000000000000e+04,3.465956823791500607e+00
1.498900000000000000e+04,3.487391012142945446e+00
1.499000000000000000e+04,3.656791782870301599e+00
1.499100000000000000e+04,3.616664075130215483e+00
1.499200000000000000e+04,3.732611173343496791e+00
1.499300000000000000e+04,3.694057405942210881e+00
1.499400000000000000e+04,3.700399877263059523e+00
1.499500000000000000e+04,3.814994969847870010e+00
1.499600000000000000e+04,3.818397751432092146e+00
1.499700000000000000e+04,3.521340183454481298e+00
1.499800000000000000e+04,3.647131311021598599e+00
1.499900000000000000e+04,3.946982304415136422e+00
1.500000000000000000e+04,3.705802497142517637e+00
1.500100000000000000e+04,3.857594688012446760e+00
1.500200000000000000e+04,3.684643892940780319e+00
1.500300000000000000e+04,3.902284839883920498e+00
1.500400000000000000e+04,3.750816202969085023e+00
1.500500000000000000e+04,3.375385086969644899e+00
1.500600000000000000e+04,3.849024163456154390e+00
1.500700000000000000e+04,3.950638532782637657e+00
1.500800000000000000e+04,3.610622479712103150e+00
1.500900000000000000e+04,4.116957629110745032e+00
1.501000000000000000e+04,3.846988259794945630e+00
1.501100000000000000e+04,3.692515941550533753e+00
1.501200000000000000e+04,3.462087175466996403e+00
1.501300000000000000e+04,3.934556279400841738e+00
1.501400000000000000e+04,3.722338290658887772e+00
1.501500000000000000e+04,3.602053682831948933e+00
1.501600000000000000e+04,3.434931135294009952e+00
1.501700000000000000e+04,3.859989600388215703e+00
1.501800000000000000e+04,3.946433857391688615e+00
1.501900000000000000e+04,3.893455451840728720e+00
1.502000000000000000e+04,3.918860315441459630e+00
1.502100000000000000e+04,3.846162144811639205e+00
1.502200000000000000e+04,3.538363231653891550e+00
1.502300000000000000e+04,3.911361316001349397e+00
1.502400000000000000e+04,4.273899640159871893e+00
1.502500000000000000e+04,3.525685258966294811e+00
1.502600000000000000e+04,3.846970288751295541e+00
1.502700000000000000e+04,3.771369054821008593e+00
1.502800000000000000e+04,3.798699045751229519e+00
1.502900000000000000e+04,3.829033757747710709e+00
1.503000000000000000e+04,3.591140167557667517e+00
1.503100000000000000e+04,4.147009400893613140e+00
1.503200000000000000e+04,3.802069061765192881e+00
1.503300000000000000e+04,3.713277054979950531e+00
1.503400000000000000e+04,3.738753574680216296e+00
1.503500000000000000e+04,3.457518644517014739e+00
1.503600000000000000e+04,4.062837300491822567e+00
1.503700000000000000e+04,3.809642759702348336e+00
1.503800000000000000e+04,4.011981060884902917e+00
1.503900000000000000e+04,3.663825203706252864e+00
1.504000000000000000e+04,3.925441987531547827e+00
1.504100000000000000e+04,3.551126280861869766e+00
1.504200000000000000e+04,4.207905455687003027e+00
1.504300000000000000e+04,3.624297393839085668e+00
1.504400000000000000e+04,3.513089340861093035e+00
1.504500000000000000e+04,3.603782936534022596e+00
1.504600000000000000e+04,3.624078727576840464e+00
1.504700000000000000e+04,3.686905582217877786e+00
1.504800000000000000e+04,3.449625504395844811e+00
1.504900000000000000e+04,3.739894474734283492e+00
1.505000000000000000e+04,3.898522355655777538e+00
1.505100000000000000e+04,3.607747839432113857e+00
1.505200000000000000e+04,3.927811378985721635e+00
1.505300000000000000e+04,3.636424925684389020e+00
1.505400000000000000e+04,3.915666080879445232e+00
1.505500000000000000e+04,3.934811271126174681e+00
1.505600000000000000e+04,3.895476748221723184e+00
1.505700000000000000e+04,3.828975802497913250e+00
1.505800000000000000e+04,3.704857396312092988e+00
1.505900000000000000e+04,3.979975565698128381e+00
1.506000000000000000e+04,3.533878630713071178e+00
1.506100000000000000e+04,3.819719832164908624e+00
1.506200000000000000e+04,3.697159555735567427e+00
1.506300000000000000e+04,3.976423804104323168e+00
1.506400000000000000e+04,3.481889121208831650e+00
1.506500000000000000e+04,3.851964904343209373e+00
1.506600000000000000e+04,3.684875653697534226e+00
1.506700000000000000e+04,4.078020596364966721e+00
1.506800000000000000e+04,3.589806310478238949e+00
1.506900000000000000e+04,3.524873410305215504e+00
1.507000000000000000e+04,4.049432093981204517e+00
1.507100000000000000e+04,3.548966986220419617e+00
1.507200000000000000e+04,3.614130103561124852e+00
1.507300000000000000e+04,3.730730054959367159e+00
1.507400000000000000e+04,3.528885684140828705e+00
1.507500000000000000e+04,3.905451712012426579e+00
1.507600000000000000e+04,3.635077555425888285e+00
1.507700000000000000e+04,3.883360903866714953e+00
1.507800000000000000e+04,3.485542294387629081e+00
1.507900000000000000e+04,3.778864167912744598e+00
1.508000000000000000e+04,3.802856846768842836e+00
1.508100000000000000e+04,3.522105168787567742e+00
1.508200000000000000e+04,3.546350129056998757e+00
1.508300000000000000e+04,3.655965010943005744e+00
1.508400000000000000e+04,3.752056035681897495e+00
1.508500000000000000e+04,3.621178032884985409e+00
1.508600000000000000e+04,3.714508752349691356e+00
1.508700000000000000e+04,3.943167128082676776e+00
1.508800000000000000e+04,3.836525442475917203e+00
1.508900000000000000e+04,3.483682357434342514e+00
1.509000000000000000e+04,3.994406587080912896e+00
1.509100000000000000e+04,3.761958075854066053e+00
1.509200000000000000e+04,3.745687793671278687e+00
1.509300000000000000e+04,3.650858265471469188e+00
1.509400000000000000e+04,3.722588048321297638e+00
1.509500000000000000e+04,3.825425622217809352e+00
1.509600000000000000e+04,3.860275837713100788e+00
1.509700000000000000e+04,3.477528629225567602e+00
1.509800000000000000e+04,3.812375755347483075e+00
1.509900000000000000e+04,4.050677966803315044e+00
1.510000000000000000e+04,3.759194266054905142e+00
1.510100000000000000e+04,3.822062427649862926e+00
1.510200000000000000e+04,3.849877351101131939e+00
1.510300000000000000e+04,3.700029421462982970e+00
1.510400000000000000e+04,4.055346783476423411e+00
1.510500000000000000e+04,3.680917380238451386e+00
1.510600000000000000e+04,3.886679939545093276e+00
1.510700000000000000e+04,3.658068919378242523e+00
1.510800000000000000e+04,3.547430880676739395e+00
1.510900000000000000e+04,3.657766964935132314e+00
1.511000000000000000e+04,3.532548764038086375e+00
1.511100000000000000e+04,3.506379787930076208e+00
1.511200000000000000e+04,3.504586552251683251e+00
1.511300000000000000e+04,3.683254192263741178e+00
1.511400000000000000e+04,3.829892781727325168e+00
1.511500000000000000e+04,3.779005470610986794e+00
1.511600000000000000e+04,3.446339780255403440e+00
1.511700000000000000e+04,3.737704362957135817e+00
1.511800000000000000e+04,3.710792232340700547e+00
1.511900000000000000e+04,3.680755575977752159e+00
1.512000000000000000e+04,3.534772175002700578e+00
1.512100000000000000e+04,3.765814378299403575e+00
1.512200000000000000e+04,4.099804945362707898e+00
1.512300000000000000e+04,3.721467939893296162e+00
1.512400000000000000e+04,3.998083044824951138e+00
1.512500000000000000e+04,3.897432759818135750e+00
1.512600000000000000e+04,3.656496450944010768e+00
1.512700000000000000e+04,3.628207417565175508e+00
1.512800000000000000e+04,3.737841595235286363e+00
1.512900000000000000e+04,3.996042150242752999e+00
1.513000000000000000e+04,3.998860952838214189e+00
1.513100000000000000e+04,3.902127179344643704e+00
1.513200000000000000e+04,3.838602257538966001e+00
1.513300000000000000e+04,3.848694211332944093e+00
1.513400000000000000e+04,3.740627289303009917e+00
1.513500000000000000e+04,3.843603641139384131e+00
1.513600000000000000e+04,3.687105086249478525e+00
1.513700000000000000e+04,3.720845687829548165e+00
1.513800000000000000e+04,4.079370957586505142e+00
1.513900000000000000e+04,3.585707663286668900e+00
1.514000000000000000e+04,3.767611931109731138e+00
1.514100000000000000e+04,3.534251056800175927e+00
1.514200000000000000e+04,3.768830816381067539e+00
1.514300000000000000e+04,3.478779864332662175e+00
1.514400000000000000e+04,3.757964666009430577e+00
1.514500000000000000e+04,4.018023345387989664e+00
1.514600000000000000e+04,3.442712140748302563e+00
1.514700000000000000e+04,4.092253306680976088e+00
1.514800000000000000e+04,3.456372530959626932e+00
1.514900000000000000e+04,3.741947374954763816e+00
1.515000000000000000e+04,3.448359451376955320e+00
1.515100000000000000e+04,3.750562421465729379e+00
1.515200000000000000e+04,3.969616572611260885e+00
1.515300000000000000e+04,3.738750083132009738e+00
1.515400000000000000e+04,4.042196805996925768e+00
1.515500000000000000e+04,3.598469763276020306e+00
1.515600000000000000e+04,3.653924069046911693e+00
1.515700000000000000e+04,3.691971086034194549e+00
1.515800000000000000e+04,3.841574908044079528e+00
1.515900000000000000e+04,3.820180038959184898e+00
1.516000000000000000e+04,3.686885368907629967e+00
1.516100000000000000e+04,3.725227654493901142e+00
1.516200000000000000e+04,3.823747514027997951e+00
1.516300000000000000e+04,3.592602013585219023e+00
1.516400000000000000e+04,3.324397861855395764e+00
1.516500000000000000e+04,3.572791808831448535e+00
1.516600000000000000e+04,3.537297761585322053e+00
1.516700000000000000e+04,3.553559771047390736e+00
1.516800000000000000e+04,3.216848934165306595e+00
1.516900000000000000e+04,3.741042596236858309e+00
1.517000000000000000e+04,3.611436495729344109e+00
1.517100000000000000e+04,4.018684754489737720e+00
1.517200000000000000e+04,3.716650650576484249e+00
1.517300000000000000e+04,3.501795951591669898e+00
1.517400000000000000e+04,3.866042236687127431e+00
1.517500000000000000e+04,3.711380039553477950e+00
1.517600000000000000e+04,3.552429698828835303e+00
1.517700000000000000e+04,3.470833252879863995e+00
1.517800000000000000e+04,3.652372685086715975e+00
1.517900000000000000e+04,3.552053029888192714e+00
1.518000000000000000e+04,3.731294525312959021e+00
1.518100000000000000e+04,3.544256082864063906e+00
1.518200000000000000e+04,3.615448960439033410e+00
1.518300000000000000e+04,3.577314771576818764e+00
1.518400000000000000e+04,3.291292284464734319e+00
1.518500000000000000e+04,3.839801857683936337e+00
1.518600000000000000e+04,3.806900817766255773e+00
1.518700000000000000e+04,3.757878687759943048e+00
1.518800000000000000e+04,3.500844503837336141e+00
1.518900000000000000e+04,3.713854085106008007e+00
1.519000000000000000e+04,3.560959106594546952e+00
1.519100000000000000e+04,3.641453702905268930e+00
1.519200000000000000e+04,3.742794564504567489e+00
1.519300000000000000e+04,3.603419992914824288e+00
1.519400000000000000e+04,3.757554184425200283e+00
1.519500000000000000e+04,3.628474290598948215e+00
1.519600000000000000e+04,3.832428294622171716e+00
1.519700000000000000e+04,3.553462476893028299e+00
1.519800000000000000e+04,4.009673221438563750e+00
1.519900000000000000e+04,3.593925493050150521e+00
1.520000000000000000e+04,3.717478446453726715e+00
1.520100000000000000e+04,3.861220426253113569e+00
1.520200000000000000e+04,3.746036144765427789e+00
1.520300000000000000e+04,3.472148901162052326e+00
1.520400000000000000e+04,3.431605590405016226e+00
1.520500000000000000e+04,3.634191983732486531e+00
1.520600000000000000e+04,3.544307413034629484e+00
1.520700000000000000e+04,3.676921969169790305e+00
1.520800000000000000e+04,3.534417400802158049e+00
1.520900000000000000e+04,3.740630074317196740e+00
1.521000000000000000e+04,3.821683397844485519e+00
1.521100000000000000e+04,3.891933893629604402e+00
1.521200000000000000e+04,3.979394371896127325e+00
1.521300000000000000e+04,3.677186012652439828e+00
1.521400000000000000e+04,3.628492086892828095e+00
1.521500000000000000e+04,3.534406982721486568e+00
1.521600000000000000e+04,3.436802794740084988e+00
1.521700000000000000e+04,3.558712039673633587e+00
1.521800000000000000e+04,3.416422543446477889e+00
1.521900000000000000e+04,3.599597948897511834e+00
1.522000000000000000e+04,3.557777918875362211e+00
1.522100000000000000e+04,3.813624799877020521e+00
1.522200000000000000e+04,3.553435465976591878e+00
1.522300000000000000e+04,3.745983806783123704e+00
1.522400000000000000e+04,3.410992060994279207e+00
1.522500000000000000e+04,3.844843273244015425e+00
1.522600000000000000e+04,3.425025974497672543e+00
1.522700000000000000e+04,3.893213861533611819e+00
1.522800000000000000e+04,3.756632677490683747e+00
1.522900000000000000e+04,3.914580260097816566e+00
1.523000000000000000e+04,3.945015306400216915e+00
1.523100000000000000e+04,3.756751686860828610e+00
1.523200000000000000e+04,3.725174600983518047e+00
1.523300000000000000e+04,3.761148992016618564e+00
1.523400000000000000e+04,3.370672629370103923e+00
1.523500000000000000e+04,3.464682710395681653e+00
1.523600000000000000e+04,3.464537182253675240e+00
1.523700000000000000e+04,3.860234971345400723e+00
1.523800000000000000e+04,3.542699584320565087e+00
1.523900000000000000e+04,4.219366302138395142e+00
1.524000000000000000e+04,3.556123714525172730e+00
1.524100000000000000e+04,3.530206844472076000e+00
1.524200000000000000e+04,3.719393239721985545e+00
1.524300000000000000e+04,3.565156053642685396e+00
1.524400000000000000e+04,3.805535064722440630e+00
1.524500000000000000e+04,3.819144928775727532e+00
1.524600000000000000e+04,4.152320139114191733e+00
1.524700000000000000e+04,3.582045870497438500e+00
1.524800000000000000e+04,3.519860414749397481e+00
1.524900000000000000e+04,3.790435433506557317e+00
1.525000000000000000e+04,3.421691995873222591e+00
1.525100000000000000e+04,3.697472152782509180e+00
1.525200000000000000e+04,3.280286528359078080e+00
1.525300000000000000e+04,3.715269610328403083e+00
1.525400000000000000e+04,4.037703972456608170e+00
1.525500000000000000e+04,3.782376468635681999e+00
1.525600000000000000e+04,4.094151337316665362e+00
1.525700000000000000e+04,3.782518455220049258e+00
1.525800000000000000e+04,3.727455216822347150e+00
1.525900000000000000e+04,3.584153308984372455e+00
1.526000000000000000e+04,3.397958769878704377e+00
1.526100000000000000e+04,3.779187927811225922e+00
1.526200000000000000e+04,3.595374256981699990e+00
1.526300000000000000e+04,4.037850593247800823e+00
1.526400000000000000e+04,3.851219183253434597e+00
1.526500000000000000e+04,3.523917827646977141e+00
1.526600000000000000e+04,3.840630582393963710e+00
1.526700000000000000e+04,3.572096114152250923e+00
1.526800000000000000e+04,3.476367409501072370e+00
1.526900000000000000e+04,3.920081382146332505e+00
1.527000000000000000e+04,3.504751565795975576e+00
1.527100000000000000e+04,3.775557879339106915e+00
1.527200000000000000e+04,3.816530172778266117e+00
1.527300000000000000e+04,3.531619986718101512e+00
1.527400000000000000e+04,3.853828593446487094e+00
1.527500000000000000e+04,3.469127972059224518e+00
1.527600000000000000e+04,3.579104895674164233e+00
1.527700000000000000e+04,4.120780525538453531e+00
1.527800000000000000e+04,3.683084403085919334e+00
1.527900000000000000e+04,3.492860551261174784e+00
1.528000000000000000e+04,4.097693035758919855e+00
1.528100000000000000e+04,3.837537996438403987e+00
1.528200000000000000e+04,3.603096588551423007e+00
1.528300000000000000e+04,3.596774292511283999e+00
1.528400000000000000e+04,3.856474457107843978e+00
1.528500000000000000e+04,3.756985261076782212e+00
1.528600000000000000e+04,3.827402597044163635e+00
1.528700000000000000e+04,3.669832630467180223e+00
1.528800000000000000e+04,3.488746812952181475e+00
1.528900000000000000e+04,3.526585722807121570e+00
1.529000000000000000e+04,3.776992700344968146e+00
1.529100000000000000e+04,3.835962349581050201e+00
1.529200000000000000e+04,3.849920802908273654e+00
1.529300000000000000e+04,3.736924144608413378e+00
1.529400000000000000e+04,3.620129679048766924e+00
1.529500000000000000e+04,3.828906147185560105e+00
1.529600000000000000e+04,3.990467775691683983e+00
1.529700000000000000e+04,3.670848511429083860e+00
1.529800000000000000e+04,3.610299398678243676e+00
1.529900000000000000e+04,3.583049404138240579e+00
1.530000000000000000e+04,3.851937081522200046e+00
1.530100000000000000e+04,3.540755634967085896e+00
1.530200000000000000e+04,3.610930938265151990e+00
1.530300000000000000e+04,4.005566713633301745e+00
1.530400000000000000e+04,3.440994571408921843e+00
1.530500000000000000e+04,3.798415111711094472e+00
1.530600000000000000e+04,3.449020837267587680e+00
1.530700000000000000e+04,3.992424288883525296e+00
1.530800000000000000e+04,3.657188480077783410e+00
1.530900000000000000e+04,3.530933793961618328e+00
1.531000000000000000e+04,3.415267388248384162e+00
1.531100000000000000e+04,3.792598334136760840e+00
1.531200000000000000e+04,3.966443727550612142e+00
1.531300000000000000e+04,3.660008947609648899e+00
1.531400000000000000e+04,3.555029767912814442e+00
1.531500000000000000e+04,3.628152751536218190e+00
1.531600000000000000e+04,3.589219813144238103e+00
1.531700000000000000e+04,4.029067922636371257e+00
1.531800000000000000e+04,3.925035676394455386e+00
1.531900000000000000e+04,3.772804019638577699e+00
1.532000000000000000e+04,3.752876460845854023e+00
1.532100000000000000e+04,3.894141066336660462e+00
1.532200000000000000e+04,3.619496037036962655e+00
1.532300000000000000e+04,3.473978627345059245e+00
1.532400000000000000e+04,3.782785162434833648e+00
1.532500000000000000e+04,3.768189121699869748e+00
1.532600000000000000e+04,3.693018223780492271e+00
1.532700000000000000e+04,3.659157289670905033e+00
1.532800000000000000e+04,3.817194941642011230e+00
1.532900000000000000e+04,3.727597287078870281e+00
1.533000000000000000e+04,3.929136003958620726e+00
1.533100000000000000e+04,3.801016869191051750e+00
1.533200000000000000e+04,3.345146260811595607e+00
1.533300000000000000e+04,3.449913539655518946e+00
1.533400000000000000e+04,3.654898908647621347e+00
1.533500000000000000e+04,3.855457434710353848e+00
1.533600000000000000e+04,3.662993390068254751e+00
1.533700000000000000e+04,3.724560317316029323e+00
1.533800000000000000e+04,3.926532101938979391e+00
1.533900000000000000e+04,3.589228119030658526e+00
1.534000000000000000e+04,3.489461645900234998e+00
1.534100000000000000e+04,3.777228140312038907e+00
1.534200000000000000e+04,3.547814344648576590e+00
1.534300000000000000e+04,3.793011545852959188e+00
1.534400000000000000e+04,3.742425304186811186e+00
1.534500000000000000e+04,3.565430867519496339e+00
1.534600000000000000e+04,3.441490446209521714e+00
1.534700000000000000e+04,3.498985173538085913e+00
1.534800000000000000e+04,3.795442663710196562e+00
1.534900000000000000e+04,3.830244773422347038e+00
1.535000000000000000e+04,3.590977164879336492e+00
1.535100000000000000e+04,3.668242157066865072e+00
1.535200000000000000e+04,3.335475944757049227e+00
1.535300000000000000e+04,3.779314181416905782e+00
1.535400000000000000e+04,3.247773999874777218e+00
1.535500000000000000e+04,3.828591519367665175e+00
1.535600000000000000e+04,3.726114647222034559e+00
1.535700000000000000e+04,3.823237829628964857e+00
1.535800000000000000e+04,3.775490821268637109e+00
1.535900000000000000e+04,3.937689509156688583e+00
1.536000000000000000e+04,3.714935623858182989e+00
1.536100000000000000e+04,3.370009123548808105e+00
1.536200000000000000e+04,3.586464407052842418e+00
1.536300000000000000e+04,3.534938157636247080e+00
1.536400000000000000e+04,4.009718903568943560e+00
1.536500000000000000e+04,3.347165712093093770e+00
1.536600000000000000e+04,3.712105794831205063e+00
1.536700000000000000e+04,3.724689101324737184e+00
1.536800000000000000e+04,3.428072816516357868e+00
1.536900000000000000e+04,3.906784658740360072e+00
1.537000000000000000e+04,3.626736943925097378e+00
1.537100000000000000e+04,4.016616454705421724e+00
1.537200000000000000e+04,3.714334518314665434e+00
1.537300000000000000e+04,3.439365025910406715e+00
1.537400000000000000e+04,3.677453123246057221e+00
1.537500000000000000e+04,3.415000324986434244e+00
1.537600000000000000e+04,3.676981499868723802e+00
1.537700000000000000e+04,3.803149744046190772e+00
1.537800000000000000e+04,3.741401701869030649e+00
1.537900000000000000e+04,3.579783478934035479e+00
1.538000000000000000e+04,3.837291837424662955e+00
1.538100000000000000e+04,3.675189306368652709e+00
1.538200000000000000e+04,3.778919808081512066e+00
1.538300000000000000e+04,3.767907971633138065e+00
1.538400000000000000e+04,3.797229046940485908e+00
1.538500000000000000e+04,3.980406407432365512e+00
1.538600000000000000e+04,3.467573086532615534e+00
1.538700000000000000e+04,3.694018371577834525e+00
1.538800000000000000e+04,3.671099340275586709e+00
1.538900000000000000e+04,3.426885956804579081e+00
1.539000000000000000e+04,3.387290422850726124e+00
1.539100000000000000e+04,3.893597127195009833e+00
1.539200000000000000e+04,3.721501417297319758e+00
1.539300000000000000e+04,3.615137383229922285e+00
1.539400000000000000e+04,3.330497828699667373e+00
1.539500000000000000e+04,3.543209390655346791e+00
1.539600000000000000e+04,4.050611828325704877e+00
1.539700000000000000e+04,3.605711327252132836e+00
1.539800000000000000e+04,3.501727497163038993e+00
1.539900000000000000e+04,3.437691809445847291e+00
1.540000000000000000e+04,3.712689800537501306e+00
1.540100000000000000e+04,3.568073063818947510e+00
1.540200000000000000e+04,3.545962427573883247e+00
1.540300000000000000e+04,3.731686852237724672e+00
1.540400000000000000e+04,3.768062060253154932e+00
1.540500000000000000e+04,3.392578715032688486e+00
1.540600000000000000e+04,3.789728834476670194e+00
1.540700000000000000e+04,3.793708057062950001e+00
1.540800000000000000e+04,3.359549212439986388e+00
1.540900000000000000e+04,3.756667595921094893e+00
1.541000000000000000e+04,3.687147429278623267e+00
1.541100000000000000e+04,3.674383144082076225e+00
1.541200000000000000e+04,3.492613158656300065e+00
1.541300000000000000e+04,3.832968530153923137e+00
1.541400000000000000e+04,3.600947947459974152e+00
1.541500000000000000e+04,3.427161758333338692e+00
1.541600000000000000e+04,3.895393952178552777e+00
1.541700000000000000e+04,3.490614863584277749e+00
1.541800000000000000e+04,3.861902594174117631e+00
1.541900000000000000e+04,3.525046830413526955e+00
1.542000000000000000e+04,3.897811369879761845e+00
1.542100000000000000e+04,3.466355054006899028e+00
1.542200000000000000e+04,3.771461849330572491e+00
1.542300000000000000e+04,3.646620289297739070e+00
1.542400000000000000e+04,3.620211132377385788e+00
1.542500000000000000e+04,3.821539870316981613e+00
1.542600000000000000e+04,3.770250528175660421e+00
1.542700000000000000e+04,3.615483298625146613e+00
1.542800000000000000e+04,3.956556917747494406e+00
1.542900000000000000e+04,3.873235574203362397e+00
1.543000000000000000e+04,3.903782613754783970e+00
1.543100000000000000e+04,3.589646431399589499e+00
1.543200000000000000e+04,3.680731306632454736e+00
1.543300000000000000e+04,3.552330302948698115e+00
1.543400000000000000e+04,3.602209761910483810e+00
1.543500000000000000e+04,3.749212178293381825e+00
1.543600000000000000e+04,3.728919880067972148e+00
1.543700000000000000e+04,3.995071707860040622e+00
1.543800000000000000e+04,3.328791728119372628e+00
1.543900000000000000e+04,3.859888560446421923e+00
1.544000000000000000e+04,3.617476492321870296e+00
1.544100000000000000e+04,3.624588438427995385e+00
1.544200000000000000e+04,3.459904130857219595e+00
1.544300000000000000e+04,3.921622941799622009e+00
1.544400000000000000e+04,3.925813257826850311e+00
1.544500000000000000e+04,3.607310753326382624e+00
1.544600000000000000e+04,3.536586008386779056e+00
1.544700000000000000e+04,3.619768946433401968e+00
1.544800000000000000e+04,3.457373064380858452e+00
1.544900000000000000e+04,4.081760439065160284e+00
1.545000000000000000e+04,3.702639206763630231e+00
1.545100000000000000e+04,3.566611511760036102e+00
1.545200000000000000e+04,3.935204206148105843e+00
1.545300000000000000e+04,3.677988768998560865e+00
1.545400000000000000e+04,3.766851719534054510e+00
1.545500000000000000e+04,3.252954088429502288e+00
1.545600000000000000e+04,3.619698869069738922e+00
1.545700000000000000e+04,4.023580647475195171e+00
1.545800000000000000e+04,3.908347394897741633e+00
1.545900000000000000e+04,3.882279472717823143e+00
1.546000000000000000e+04,3.574535698821865282e+00
1.546100000000000000e+04,3.331000812823396107e+00
1.546200000000000000e+04,3.595574655041354539e+00
1.546300000000000000e+04,3.638829773150243252e+00
1.546400000000000000e+04,3.906323966784067014e+00
1.546500000000000000e+04,3.817642842815496262e+00
1.546600000000000000e+04,3.619418993115721239e+00
1.546700000000000000e+04,3.483228718758615727e+00
1.546800000000000000e+04,3.619911694207043062e+00
1.546900000000000000e+04,3.848112946742471507e+00
1.547000000000000000e+04,3.609311728977028899e+00
1.547100000000000000e+04,3.559237846668945160e+00
1.547200000000000000e+04,3.588030809377829033e+00
1.547300000000000000e+04,4.021217561753654302e+00
1.547400000000000000e+04,4.045009209398730654e+00
1.547500000000000000e+04,3.642944679910432804e+00
1.547600000000000000e+04,3.634192054860596155e+00
1.547700000000000000e+04,3.775869826931655737e+00
1.547800000000000000e+04,3.590836876033268954e+00
1.547900000000000000e+04,3.931158217963957924e+00
1.548000000000000000e+04,3.579246581530944216e+00
1.548100000000000000e+04,3.757999228775970035e+00
1.548200000000000000e+04,3.589709180152382828e+00
1.548300000000000000e+04,3.658988642577683414e+00
1.548400000000000000e+04,3.841944946497300784e+00
1.548500000000000000e+04,3.796870207806385622e+00
1.548600000000000000e+04,4.049697476298006471e+00
1.548700000000000000e+04,4.005269027830504314e+00
1.548800000000000000e+04,3.498363578160575749e+00
1.548900000000000000e+04,3.878438039143919269e+00
1.549000000000000000e+04,3.329952332285242456e+00
1.549100000000000000e+04,3.927313513721033544e+00
1.549200000000000000e+04,3.813789657481370110e+00
1.549300000000000000e+04,3.516435242144274831e+00
1.549400000000000000e+04,3.844691733006207368e+00
1.549500000000000000e+04,3.614224966502181058e+00
1.549600000000000000e+04,3.284316361434881593e+00
1.549700000000000000e+04,3.449412278936673459e+00
1.549800000000000000e+04,3.426806019224389654e+00
1.549900000000000000e+04,3.707735140976812449e+00
1.550000000000000000e+04,3.545890447211972329e+00
1.550100000000000000e+04,4.087415458424199954e+00
1.550200000000000000e+04,3.332643401352199053e+00
1.550300000000000000e+04,3.617506394600858322e+00
1.550400000000000000e+04,3.606958122931508637e+00
1.550500000000000000e+04,3.877263378282936213e+00
1.550600000000000000e+04,3.427695952223057674e+00
1.550700000000000000e+04,3.255534875115799753e+00
1.550800000000000000e+04,3.995859100022800092e+00
1.550900000000000000e+04,3.122340444357185607e+00
1.551000000000000000e+04,3.306409369909965257e+00
1.551100000000000000e+04,3.934615426677746441e+00
1.551200000000000000e+04,3.451253747393824067e+00
1.551300000000000000e+04,3.427060565301913719e+00
1.551400000000000000e+04,3.555179054934850758e+00
1.551500000000000000e+04,3.634613799258384681e+00
1.551600000000000000e+04,3.733273001513296219e+00
1.551700000000000000e+04,3.621446809039623460e+00
1.551800000000000000e+04,3.798187590594324092e+00
1.551900000000000000e+04,3.459035998172460324e+00
1.552000000000000000e+04,3.806150685138709466e+00
1.552100000000000000e+04,3.782032696532310112e+00
1.552200000000000000e+04,3.595231565157625653e+00
1.552300000000000000e+04,3.758869627606697073e+00
1.552400000000000000e+04,3.968980580842170092e+00
1.552500000000000000e+04,3.930158566535572273e+00
1.552600000000000000e+04,3.664057872042663089e+00
1.552700000000000000e+04,3.917045522863220608e+00
1.552800000000000000e+04,3.497646105465987532e+00
1.552900000000000000e+04,3.595818146778660296e+00
1.553000000000000000e+04,3.829062781624982925e+00
1.553100000000000000e+04,3.865591988646223331e+00
1.553200000000000000e+04,3.739064875021516521e+00
1.553300000000000000e+04,3.466498433081091513e+00
1.553400000000000000e+04,3.473004112537724009e+00
1.553500000000000000e+04,3.755151993990685000e+00
1.553600000000000000e+04,3.751120228325870887e+00
1.553700000000000000e+04,3.431958142231260389e+00
1.553800000000000000e+04,3.708934941226721627e+00
1.553900000000000000e+04,3.818975501834345199e+00
1.554000000000000000e+04,3.602251686588932245e+00
1.554100000000000000e+04,3.605717186159172805e+00
1.554200000000000000e+04,3.349311981891121004e+00
1.554300000000000000e+04,3.749696848943503635e+00
1.554400000000000000e+04,3.637138187390134725e+00
1.554500000000000000e+04,4.035553483580170742e+00
1.554600000000000000e+04,3.700066845510703306e+00
1.554700000000000000e+04,3.712237545915773929e+00
1.554800000000000000e+04,3.533332846233709468e+00
1.554900000000000000e+04,3.821175967085713943e+00
1.555000000000000000e+04,3.507461937149193520e+00
1.555100000000000000e+04,3.741168111956981512e+00
1.555200000000000000e+04,3.382540637896167990e+00
1.555300000000000000e+04,3.710808737655825862e+00
1.555400000000000000e+04,3.850370589536841415e+00
1.555500000000000000e+04,3.542058151571717328e+00
1.555600000000000000e+04,3.957569139679134373e+00
1.555700000000000000e+04,3.826871281261348123e+00
1.555800000000000000e+04,3.724165128199008912e+00
1.555900000000000000e+04,3.918108161792281052e+00
1.556000000000000000e+04,3.548932275085122878e+00
1.556100000000000000e+04,3.939746467498618898e+00
1.556200000000000000e+04,3.719491455891511755e+00
1.556300000000000000e+04,3.435661393510164530e+00
1.556400000000000000e+04,3.902401464234700246e+00
1.556500000000000000e+04,3.305490310356972383e+00
1.556600000000000000e+04,3.844594723400885261e+00
1.556700000000000000e+04,3.629031083557868520e+00
1.556800000000000000e+04,3.748983773575840672e+00
1.556900000000000000e+04,3.579737553653211002e+00
1.557000000000000000e+04,3.942177822998885528e+00
1.557100000000000000e+04,3.623323748852904203e+00
1.557200000000000000e+04,3.830246124106848615e+00
1.557300000000000000e+04,3.367791392158986152e+00
1.557400000000000000e+04,3.328778233767646810e+00
1.557500000000000000e+04,3.806700657399201049e+00
1.557600000000000000e+04,3.769013834065618518e+00
1.557700000000000000e+04,3.769666258066324271e+00
1.557800000000000000e+04,3.612747245497422544e+00
1.557900000000000000e+04,3.616135183115639862e+00
1.558000000000000000e+04,3.613527675301372977e+00
1.558100000000000000e+04,3.976054617984945860e+00
1.558200000000000000e+04,3.585398258068437372e+00
1.558300000000000000e+04,3.883977651304422629e+00
1.558400000000000000e+04,3.779266651894205076e+00
1.558500000000000000e+04,3.812536170458466156e+00
1.558600000000000000e+04,3.672540128876345289e+00
1.558700000000000000e+04,3.591347613650410775e+00
1.558800000000000000e+04,4.164295944423859197e+00
1.558900000000000000e+04,4.197106264823270649e+00
1.559000000000000000e+04,3.753133291790406556e+00
1.559100000000000000e+04,3.574646658587075532e+00
1.559200000000000000e+04,3.776170181103332801e+00
1.559300000000000000e+04,4.033704379158084663e+00
1.559400000000000000e+04,3.728106035020954945e+00
1.559500000000000000e+04,3.674465601558040362e+00
1.559600000000000000e+04,3.862378619005026881e+00
1.559700000000000000e+04,3.707036264624566257e+00
1.559800000000000000e+04,3.620031405226349364e+00
1.559900000000000000e+04,3.552824522388244421e+00
1.560000000000000000e+04,3.657383839419102944e+00
1.560100000000000000e+04,3.962797995214133451e+00
1.560200000000000000e+04,3.528253089679945553e+00
1.560300000000000000e+04,3.721444937011572307e+00
1.560400000000000000e+04,3.654458864930577366e+00
1.560500000000000000e+04,3.466292202585956161e+00
1.560600000000000000e+04,3.611167332227443350e+00
1.560700000000000000e+04,3.822628983578427064e+00
1.560800000000000000e+04,3.590498170837826741e+00
1.560900000000000000e+04,3.581180830359493417e+00
1.561000000000000000e+04,3.859637468217949952e+00
1.561100000000000000e+04,3.842771519408296310e+00
1.561200000000000000e+04,3.810036111592403074e+00
1.561300000000000000e+04,3.667787525480155963e+00
1.561400000000000000e+04,3.858773336687865374e+00
1.561500000000000000e+04,3.753055929263183543e+00
1.561600000000000000e+04,4.021500161149730523e+00
1.561700000000000000e+04,3.638135994466014100e+00
1.561800000000000000e+04,3.763093418045408534e+00
1.561900000000000000e+04,3.527320507662131899e+00
1.562000000000000000e+04,3.885540382241226887e+00
1.562100000000000000e+04,3.931056067791367514e+00
1.562200000000000000e+04,3.357199514200934320e+00
1.562300000000000000e+04,3.692582075594858626e+00
1.562400000000000000e+04,3.709913171870010018e+00
1.562500000000000000e+04,3.607848490643170702e+00
1.562600000000000000e+04,3.338274009465164838e+00
1.562700000000000000e+04,3.764582122158008470e+00
1.562800000000000000e+04,3.656794442966181169e+00
1.562900000000000000e+04,3.658578259366305208e+00
1.563000000000000000e+04,3.686127611257390857e+00
1.563100000000000000e+04,3.666277516772690426e+00
1.563200000000000000e+04,3.576830762016518062e+00
1.563300000000000000e+04,3.478938066009308105e+00
1.563400000000000000e+04,4.049117661719976446e+00
1.563500000000000000e+04,3.227978955222357893e+00
1.563600000000000000e+04,3.840004168526770734e+00
1.563700000000000000e+04,3.453862627414860054e+00
1.563800000000000000e+04,3.751577969687700520e+00
1.563900000000000000e+04,3.858623411153765392e+00
1.564000000000000000e+04,4.076941144776038861e+00
1.564100000000000000e+04,3.758063618365024006e+00
1.564200000000000000e+04,3.459129128132467201e+00
1.564300000000000000e+04,3.666325652623465992e+00
1.564400000000000000e+04,3.472213248921735662e+00
1.564500000000000000e+04,4.095408884646689174e+00
1.564600000000000000e+04,3.739611741071317219e+00
1.564700000000000000e+04,3.731064548919698076e+00
1.564800000000000000e+04,3.637226390389034503e+00
1.564900000000000000e+04,3.472656299820199521e+00
1.565000000000000000e+04,4.074219454250651573e+00
1.565100000000000000e+04,3.752840193321026252e+00
1.565200000000000000e+04,3.714527005431215834e+00
1.565300000000000000e+04,3.922732831217688787e+00
1.565400000000000000e+04,3.725920507728597730e+00
1.565500000000000000e+04,3.589917215679143236e+00
1.565600000000000000e+04,3.827445537489626570e+00
1.565700000000000000e+04,3.865059278873038906e+00
1.565800000000000000e+04,4.002195698759390297e+00
1.565900000000000000e+04,3.626759317681162553e+00
1.566000000000000000e+04,3.788664832798674276e+00
1.566100000000000000e+04,3.767225906348948605e+00
1.566200000000000000e+04,3.828222336185091557e+00
1.566300000000000000e+04,3.671916119519382793e+00
1.566400000000000000e+04,3.404551332032968336e+00
1.566500000000000000e+04,3.643181695613077142e+00
1.566600000000000000e+04,3.547887920552080132e+00
1.566700000000000000e+04,4.008276487322231851e+00
1.566800000000000000e+04,3.589360491667860753e+00
1.566900000000000000e+04,3.703416075077996528e+00
1.567000000000000000e+04,3.848678233434833285e+00
1.567100000000000000e+04,3.547352079884912524e+00
1.567200000000000000e+04,3.733399248134858350e+00
1.567300000000000000e+04,3.535090521185587864e+00
1.567400000000000000e+04,3.803762823154436035e+00
1.567500000000000000e+04,3.968679795898220064e+00
1.567600000000000000e+04,3.719095036871762350e+00
1.567700000000000000e+04,3.741126638461580445e+00
1.567800000000000000e+04,3.852289946993178393e+00
1.567900000000000000e+04,3.897184131825323750e+00
1.568000000000000000e+04,3.565320508366309316e+00
1.568100000000000000e+04,3.601831753706551620e+00
1.568200000000000000e+04,3.534349994967876274e+00
1.568300000000000000e+04,3.900422476795091686e+00
1.568400000000000000e+04,3.806319773960362252e+00
1.568500000000000000e+04,3.672700606539526458e+00
1.568600000000000000e+04,3.678011449707333291e+00
1.568700000000000000e+04,3.543078287651683311e+00
1.568800000000000000e+04,3.811389242323424575e+00
1.568900000000000000e+04,3.540102105052007619e+00
1.569000000000000000e+04,3.514374065027642935e+00
1.569100000000000000e+04,3.880318257160796147e+00
1.569200000000000000e+04,3.714282056240747920e+00
1.569300000000000000e+04,3.826942455839006829e+00
1.569400000000000000e+04,3.573167427093525195e+00
1.569500000000000000e+04,3.415945345440948522e+00
1.569600000000000000e+04,3.569069955906028824e+00
1.569700000000000000e+04,3.804133478628768827e+00
1.569800000000000000e+04,3.610343305429450478e+00
1.569900000000000000e+04,3.731740224020713814e+00
1.570000000000000000e+04,3.733149519709087372e+00
1.570100000000000000e+04,3.733705973716359150e+00
1.570200000000000000e+04,3.619754545852074568e+00
1.570300000000000000e+04,3.881116754186414219e+00
1.570400000000000000e+04,3.747285771182131686e+00
1.570500000000000000e+04,3.934479797272946389e+00
1.570600000000000000e+04,3.661966396738725926e+00
1.570700000000000000e+04,3.738455397838126526e+00
1.570800000000000000e+04,3.547304684445788947e+00
1.570900000000000000e+04,3.495829513598086802e+00
1.571000000000000000e+04,3.591397202252453180e+00
1.571100000000000000e+04,3.676461187466668168e+00
1.571200000000000000e+04,3.660591242286202363e+00
1.571300000000000000e+04,3.760207870720973400e+00
1.571400000000000000e+04,3.575628305514883198e+00
1.571500000000000000e+04,3.833045898405925467e+00
1.571600000000000000e+04,3.908501991323211300e+00
1.571700000000000000e+04,3.715768725467181621e+00
1.571800000000000000e+04,3.829187434258041201e+00
1.571900000000000000e+04,3.787200525080190783e+00
1.572000000000000000e+04,3.753096287792223151e+00
1.572100000000000000e+04,3.621282038426382854e+00
1.572200000000000000e+04,3.672826705798630798e+00
1.572300000000000000e+04,3.686967103731686013e+00
1.572400000000000000e+04,3.645891617371409321e+00
1.572500000000000000e+04,3.568634071746357161e+00
1.572600000000000000e+04,3.414502400950571559e+00
1.572700000000000000e+04,3.753753395056556919e+00
1.572800000000000000e+04,3.732250565186488345e+00
1.572900000000000000e+04,3.761965593038496536e+00
1.573000000000000000e+04,3.455445800566951498e+00
1.573100000000000000e+04,3.426650579891109771e+00
1.573200000000000000e+04,3.775959819051820432e+00
1.573300000000000000e+04,3.617044420455048925e+00
1.573400000000000000e+04,3.346229101325035593e+00
1.573500000000000000e+04,3.645178034044778581e+00
1.573600000000000000e+04,3.618811859700946876e+00
1.573700000000000000e+04,3.859750636689893710e+00
1.573800000000000000e+04,3.485004770783283856e+00
1.573900000000000000e+04,3.622732894964369343e+00
1.574000000000000000e+04,3.681518803522781269e+00
1.574100000000000000e+04,3.783350232853102124e+00
1.574200000000000000e+04,3.506652753666783084e+00
1.574300000000000000e+04,3.502354481159195121e+00
1.574400000000000000e+04,3.461288023295474137e+00
1.574500000000000000e+04,3.612863688966351017e+00
1.574600000000000000e+04,3.562931178571620006e+00
1.574700000000000000e+04,3.828491891647089140e+00
1.574800000000000000e+04,3.427590326113550301e+00
1.574900000000000000e+04,4.083120484616686419e+00
1.575000000000000000e+04,3.595040146954566307e+00
1.575100000000000000e+04,3.710504072137752907e+00
1.575200000000000000e+04,3.771911355252411724e+00
1.575300000000000000e+04,3.926340415902668024e+00
1.575400000000000000e+04,3.791424359311516668e+00
1.575500000000000000e+04,3.660313593565280854e+00
1.575600000000000000e+04,3.811956159116463461e+00
1.575700000000000000e+04,3.813280068026345226e+00
1.575800000000000000e+04,3.768426115968580348e+00
1.575900000000000000e+04,3.818980169231198651e+00
1.576000000000000000e+04,3.785787347010737491e+00
1.576100000000000000e+04,3.369889413437513248e+00
1.576200000000000000e+04,3.752051350742949154e+00
1.576300000000000000e+04,3.389935978211515710e+00
1.576400000000000000e+04,3.762314271393917497e+00
1.576500000000000000e+04,3.917864146730342334e+00
1.576600000000000000e+04,3.524689617174047385e+00
1.576700000000000000e+04,3.775945894235534617e+00
1.576800000000000000e+04,3.864628088093126745e+00
1.576900000000000000e+04,3.768079114171668298e+00
1.577000000000000000e+04,3.807221095656412313e+00
1.577100000000000000e+04,3.508130130627322263e+00
1.577200000000000000e+04,3.911003243551403497e+00
1.577300000000000000e+04,3.741338085622132326e+00
1.577400000000000000e+04,3.635703447688633183e+00
1.577500000000000000e+04,3.754439981146305172e+00
1.577600000000000000e+04,3.742285526662847417e+00
1.577700000000000000e+04,3.696900200628484345e+00
1.577800000000000000e+04,3.785393835130585583e+00
1.577900000000000000e+04,3.693864386726445570e+00
1.578000000000000000e+04,3.471520315877672846e+00
1.578100000000000000e+04,3.540593186745200960e+00
1.578200000000000000e+04,3.564668071510645575e+00
1.578300000000000000e+04,3.943481017929420407e+00
1.578400000000000000e+04,3.760993520067048124e+00
1.578500000000000000e+04,3.966827844836859907e+00
1.578600000000000000e+04,3.628510230494382593e+00
1.578700000000000000e+04,3.733019746625967805e+00
1.578800000000000000e+04,3.505258316487761316e+00
1.578900000000000000e+04,3.840455982112595645e+00
1.579000000000000000e+04,3.728368701333551360e+00
1.579100000000000000e+04,3.856304786333382140e+00
1.579200000000000000e+04,3.996841416059748298e+00
1.579300000000000000e+04,3.885650078627643556e+00
1.579400000000000000e+04,3.724170728397794061e+00
1.579500000000000000e+04,3.265170528987669130e+00
1.579600000000000000e+04,3.805559810474414384e+00
1.579700000000000000e+04,4.005630944835824714e+00
1.579800000000000000e+04,3.778032561068335848e+00
1.579900000000000000e+04,3.583736604123596070e+00
1.580000000000000000e+04,3.849997256184350292e+00
1.580100000000000000e+04,3.910297213339668509e+00
1.580200000000000000e+04,3.630665752398277935e+00
1.580300000000000000e+04,3.811660950835333850e+00
1.580400000000000000e+04,3.561512930788972575e+00
1.580500000000000000e+04,3.842760634505690831e+00
1.580600000000000000e+04,3.510340077653081980e+00
1.580700000000000000e+04,3.714967078157253244e+00
1.580800000000000000e+04,3.748335018501713023e+00
1.580900000000000000e+04,4.033290609809568217e+00
1.581000000000000000e+04,3.598629054329455457e+00
1.581100000000000000e+04,3.863998864783898757e+00
1.581200000000000000e+04,4.120001138303185151e+00
1.581300000000000000e+04,3.774615588493203333e+00
1.581400000000000000e+04,4.081022690368780736e+00
1.581500000000000000e+04,3.759693457237618830e+00
1.581600000000000000e+04,4.070010845614771888e+00
1.581700000000000000e+04,4.042339827356965287e+00
1.581800000000000000e+04,3.704770892175591079e+00
1.581900000000000000e+04,3.666086341733448606e+00
1.582000000000000000e+04,3.813303202004842074e+00
1.582100000000000000e+04,3.969818582501609239e+00
1.582200000000000000e+04,3.661151158920700865e+00
1.582300000000000000e+04,3.519989754085100397e+00
1.582400000000000000e+04,3.769455950641630082e+00
1.582500000000000000e+04,3.449542900230611941e+00
1.582600000000000000e+04,3.569043925677810147e+00
1.582700000000000000e+04,3.597441001061788324e+00
1.582800000000000000e+04,4.005425634619776076e+00
1.582900000000000000e+04,3.781616380813528799e+00
1.583000000000000000e+04,3.881557868280598012e+00
1.583100000000000000e+04,3.724142149608883567e+00
1.583200000000000000e+04,3.629422214738992736e+00
1.583300000000000000e+04,3.668806292850498529e+00
1.583400000000000000e+04,3.782790447040071058e+00
1.583500000000000000e+04,3.625045068170142937e+00
1.583600000000000000e+04,3.573731850017273004e+00
1.583700000000000000e+04,3.877627184397020699e+00
1.583800000000000000e+04,3.548054287505802762e+00
1.583900000000000000e+04,3.720416185560841082e+00
1.584000000000000000e+04,3.767323001749292466e+00
1.584100000000000000e+04,3.783383554921172287e+00
1.584200000000000000e+04,3.950995189805212693e+00
1.584300000000000000e+04,3.702921999342273729e+00
1.584400000000000000e+04,3.644088163955999882e+00
1.584500000000000000e+04,3.717483116551202116e+00
1.584600000000000000e+04,3.556513247318703108e+00
1.584700000000000000e+04,3.939630684629613633e+00
1.584800000000000000e+04,3.282217735472951148e+00
1.584900000000000000e+04,3.547680444389611498e+00
1.585000000000000000e+04,3.526063536481309768e+00
1.585100000000000000e+04,3.769042205164200077e+00
1.585200000000000000e+04,4.054722834290744871e+00
1.585300000000000000e+04,3.468980867129757062e+00
1.585400000000000000e+04,3.750404458379362538e+00
1.585500000000000000e+04,3.803500424119774070e+00
1.585600000000000000e+04,3.823701393328779119e+00
1.585700000000000000e+04,3.599241544016212213e+00
1.585800000000000000e+04,3.646366242554251347e+00
1.585900000000000000e+04,3.561115781557496529e+00
1.586000000000000000e+04,4.204912113142293961e+00
1.586100000000000000e+04,3.748064156769351563e+00
1.586200000000000000e+04,3.952168734795904026e+00
1.586300000000000000e+04,3.744144280189343643e+00
1.586400000000000000e+04,3.779558503322353769e+00
1.586500000000000000e+04,3.579499192413044817e+00
1.586600000000000000e+04,3.763190660225899986e+00
1.586700000000000000e+04,3.751899090933094261e+00
1.586800000000000000e+04,3.706054121665212975e+00
1.586900000000000000e+04,3.663603519929195418e+00
1.587000000000000000e+04,3.447523892642935017e+00
1.587100000000000000e+04,3.761110864970712786e+00
1.587200000000000000e+04,3.750470059469429795e+00
1.587300000000000000e+04,3.523771949917848811e+00
1.587400000000000000e+04,3.937599878189721903e+00
1.587500000000000000e+04,3.896928522654030225e+00
1.587600000000000000e+04,3.700655486977433739e+00
1.587700000000000000e+04,3.647767521423544324e+00
1.587800000000000000e+04,3.672203375222988342e+00
1.587900000000000000e+04,3.817535040583534656e+00
1.588000000000000000e+04,3.932960990446227711e+00
1.588100000000000000e+04,3.806311116873946521e+00
1.588200000000000000e+04,3.872794797879760331e+00
1.588300000000000000e+04,3.680317742446891582e+00
1.588400000000000000e+04,3.849837226475884666e+00
1.588500000000000000e+04,3.695681788836229664e+00
1.588600000000000000e+04,3.726621452823747127e+00
1.588700000000000000e+04,3.708516026576363256e+00
1.588800000000000000e+04,3.696176640044926742e+00
1.588900000000000000e+04,3.735484513093268344e+00
1.589000000000000000e+04,4.026391876370623457e+00
1.589100000000000000e+04,3.751121780376377224e+00
1.589200000000000000e+04,3.654023571803311832e+00
1.589300000000000000e+04,3.648792136822143650e+00
1.589400000000000000e+04,3.490579416930658763e+00
1.589500000000000000e+04,3.697484721986805667e+00
1.589600000000000000e+04,3.678414110504306223e+00
1.589700000000000000e+04,4.161574056816917278e+00
1.589800000000000000e+04,3.739099384301463047e+00
1.589900000000000000e+04,3.417045807493308995e+00
1.590000000000000000e+04,4.005747821805547559e+00
1.590100000000000000e+04,3.674817381659081228e+00
1.590200000000000000e+04,4.033660326252660688e+00
1.590300000000000000e+04,3.634919073385858290e+00
1.590400000000000000e+04,3.856476918621356109e+00
1.590500000000000000e+04,3.713967593943078960e+00
1.590600000000000000e+04,3.797144123782131064e+00
1.590700000000000000e+04,3.969871121980334205e+00
1.590800000000000000e+04,3.935226432311824674e+00
1.590900000000000000e+04,3.598665569270624420e+00
1.591000000000000000e+04,3.662979524639933704e+00
1.591100000000000000e+04,3.653241125190128447e+00
1.591200000000000000e+04,3.758605625558808949e+00
1.591300000000000000e+04,3.519620052933083443e+00
1.591400000000000000e+04,3.456529711887429190e+00
1.591500000000000000e+04,3.955009446299461384e+00
1.591600000000000000e+04,3.867805383094216065e+00
1.591700000000000000e+04,3.941087733974945717e+00
1.591800000000000000e+04,3.692288881775979803e+00
1.591900000000000000e+04,3.616667813154404332e+00
1.592000000000000000e+04,3.886791618754426469e+00
1.592100000000000000e+04,3.655349664788648756e+00
1.592200000000000000e+04,3.619054632854825648e+00
1.592300000000000000e+04,3.799340281829222121e+00
1.592400000000000000e+04,3.637534691706405532e+00
1.592500000000000000e+04,3.428804369053218171e+00
1.592600000000000000e+04,3.581674738655300505e+00
1.592700000000000000e+04,3.553051815521001355e+00
1.592800000000000000e+04,3.680529023502820962e+00
1.592900000000000000e+04,3.754436158215924024e+00
1.593000000000000000e+04,3.422066697856158246e+00
1.593100000000000000e+04,3.473591953041273328e+00
1.593200000000000000e+04,3.898766544961773661e+00
1.593300000000000000e+04,4.049417484392253463e+00
1.593400000000000000e+04,3.674602520492795676e+00
1.593500000000000000e+04,3.848912867036353269e+00
1.593600000000000000e+04,3.660171262267924774e+00
1.593700000000000000e+04,3.947987253401241237e+00
1.593800000000000000e+04,3.637912538602737555e+00
1.593900000000000000e+04,3.553682232373890137e+00
1.594000000000000000e+04,3.868983604398662735e+00
1.594100000000000000e+04,3.564733422829552190e+00
1.594200000000000000e+04,3.459920197262962738e+00
1.594300000000000000e+04,3.761140137779177994e+00
1.594400000000000000e+04,3.550856422797236789e+00
1.594500000000000000e+04,3.729275576668006131e+00
1.594600000000000000e+04,3.672069294753255608e+00
1.594700000000000000e+04,3.967428385699989235e+00
1.594800000000000000e+04,3.685311752707526090e+00
1.594900000000000000e+04,3.648061403577410378e+00
1.595000000000000000e+04,3.714064911969026106e+00
1.595100000000000000e+04,3.809491214671528514e+00
1.595200000000000000e+04,4.064212228302193530e+00
1.595300000000000000e+04,3.485670443079682546e+00
1.595400000000000000e+04,3.913121618170467109e+00
1.595500000000000000e+04,3.843607562874714390e+00
1.595600000000000000e+04,3.708312134875187738e+00
1.595700000000000000e+04,3.942010654480035292e+00
1.595800000000000000e+04,3.717954780243697410e+00
1.595900000000000000e+04,3.696990989890537982e+00
1.596000000000000000e+04,3.649202566515233670e+00
1.596100000000000000e+04,3.698205492737702382e+00
1.596200000000000000e+04,3.624678040857712613e+00
1.596300000000000000e+04,3.732852883245656450e+00
1.596400000000000000e+04,3.824348500321020250e+00
1.596500000000000000e+04,3.630189217879571828e+00
1.596600000000000000e+04,3.821809140753367640e+00
1.596700000000000000e+04,4.091993765530957283e+00
1.596800000000000000e+04,3.693348903343937728e+00
1.596900000000000000e+04,3.870225574723932915e+00
1.597000000000000000e+04,3.906679960590570655e+00
1.597100000000000000e+04,3.906448405212586295e+00
1.597200000000000000e+04,3.319877581303617209e+00
1.597300000000000000e+04,4.302186066646354945e+00
1.597400000000000000e+04,3.667469321372947455e+00
1.597500000000000000e+04,4.055878230627416592e+00
1.597600000000000000e+04,3.609751723459392103e+00
1.597700000000000000e+04,4.011188500964693482e+00
1.597800000000000000e+04,3.575083026574289669e+00
1.597900000000000000e+04,3.784280278354118288e+00
1.598000000000000000e+04,3.739673003260619133e+00
1.598100000000000000e+04,3.509079820460697885e+00
1.598200000000000000e+04,3.942725152585386361e+00
1.598300000000000000e+04,3.747267006928185040e+00
1.598400000000000000e+04,3.829170386347882094e+00
1.598500000000000000e+04,3.827526421752489139e+00
1.598600000000000000e+04,3.678636420450896782e+00
1.598700000000000000e+04,3.800278131986568386e+00
1.598800000000000000e+04,3.972109296730816030e+00
1.598900000000000000e+04,3.557024334911991659e+00
1.599000000000000000e+04,3.633819748940028571e+00
1.599100000000000000e+04,3.821587313770029581e+00
1.599200000000000000e+04,3.935067098937450769e+00
1.599300000000000000e+04,3.540322112719704872e+00
1.599400000000000000e+04,3.734971512046385111e+00
1.599500000000000000e+04,3.664479889431715431e+00
1.599600000000000000e+04,3.462168913189888286e+00
1.599700000000000000e+04,3.698062532769943456e+00
1.599800000000000000e+04,3.761404489186107813e+00
1.599900000000000000e+04,3.331568556827114502e+00
1.600000000000000000e+04,3.788291027563002178e+00
1.600100000000000000e+04,3.995275127036321816e+00
1.600200000000000000e+04,3.842458641393628138e+00
1.600300000000000000e+04,3.890441738732970833e+00
1.600400000000000000e+04,4.004139527753014960e+00
1.600500000000000000e+04,3.759651744543583529e+00
1.600600000000000000e+04,3.574875077290544656e+00
1.600700000000000000e+04,3.706442631195686399e+00
1.600800000000000000e+04,3.686178107648601099e+00
1.600900000000000000e+04,3.500434652265044466e+00
1.601000000000000000e+04,3.860336563149239453e+00
1.601100000000000000e+04,3.811375689949666246e+00
1.601200000000000000e+04,3.571766152346575129e+00
1.601300000000000000e+04,3.829635984311151820e+00
1.601400000000000000e+04,3.863904919775924540e+00
1.601500000000000000e+04,3.868926022076474958e+00
1.601600000000000000e+04,3.579459909994182176e+00
1.601700000000000000e+04,3.700301146953702158e+00
1.601800000000000000e+04,3.816913658224927453e+00
1.601900000000000000e+04,3.866330257018886218e+00
1.602000000000000000e+04,3.932625391804590365e+00
1.602100000000000000e+04,3.569721790168880471e+00
1.602200000000000000e+04,4.013442806481132052e+00
1.602300000000000000e+04,3.838504503630190356e+00
1.602400000000000000e+04,3.938591755260411720e+00
1.602500000000000000e+04,3.211041835413185552e+00
1.602600000000000000e+04,3.699042036743601880e+00
1.602700000000000000e+04,4.101501992798262108e+00
1.602800000000000000e+04,3.688301160325350825e+00
1.602900000000000000e+04,4.005622782569707496e+00
1.603000000000000000e+04,3.750242957353135509e+00
1.603100000000000000e+04,3.668058031139066255e+00
1.603200000000000000e+04,3.619855877576986458e+00
1.603300000000000000e+04,4.226096021641283507e+00
1.603400000000000000e+04,3.864325551446697649e+00
1.603500000000000000e+04,3.978433222532594016e+00
1.603600000000000000e+04,3.431814503623637602e+00
1.603700000000000000e+04,3.725918581682730935e+00
1.603800000000000000e+04,3.699488302257492034e+00
1.603900000000000000e+04,3.776160078079571214e+00
1.604000000000000000e+04,3.741018014891406285e+00
1.604100000000000000e+04,3.437506504793323092e+00
1.604200000000000000e+04,3.782041270972543057e+00
1.604300000000000000e+04,3.714816444862601763e+00
1.604400000000000000e+04,3.942109223174232291e+00
1.604500000000000000e+04,3.647582743340622269e+00
1.604600000000000000e+04,3.899603145965452544e+00
1.604700000000000000e+04,4.319250599427737924e+00
1.604800000000000000e+04,3.850566411693091329e+00
1.604900000000000000e+04,3.921171811480360425e+00
1.605000000000000000e+04,3.862189080381191353e+00
1.605100000000000000e+04,4.048853812391342899e+00
1.605200000000000000e+04,3.675887798536263684e+00
1.605300000000000000e+04,3.773940701302537892e+00
1.605400000000000000e+04,3.664392062302055830e+00
1.605500000000000000e+04,3.511430218793635927e+00
1.605600000000000000e+04,3.622764847298978630e+00
1.605700000000000000e+04,3.861604149015720022e+00
1.605800000000000000e+04,3.643485088679135675e+00
1.605900000000000000e+04,3.864801055681014841e+00
1.606000000000000000e+04,3.631817675088767405e+00
1.606100000000000000e+04,3.613639317727902256e+00
1.606200000000000000e+04,3.817617920742773396e+00
1.606300000000000000e+04,3.737790139913495846e+00
1.606400000000000000e+04,3.912637596016417696e+00
1.606500000000000000e+04,3.996752640786895849e+00
1.606600000000000000e+04,3.597177127924537476e+00
1.606700000000000000e+04,3.766523539122260900e+00
1.606800000000000000e+04,3.339293741552443073e+00
1.606900000000000000e+04,3.932349230237437432e+00
1.607000000000000000e+04,3.470238160896033097e+00
1.607100000000000000e+04,3.774296734174967138e+00
1.607200000000000000e+04,4.040354315305967781e+00
1.607300000000000000e+04,3.757806076659429895e+00
1.607400000000000000e+04,3.724188927642445801e+00
1.607500000000000000e+04,3.896128931542321538e+00
1.607600000000000000e+04,3.509044770017631709e+00
1.607700000000000000e+04,3.777136304364822728e+00
1.607800000000000000e+04,3.622784273869738669e+00
1.607900000000000000e+04,3.807512298274664087e+00
1.608000000000000000e+04,3.870492546884601204e+00
1.608100000000000000e+04,3.324299326593405546e+00
1.608200000000000000e+04,3.681625339578521672e+00
1.608300000000000000e+04,3.803451569675664334e+00
1.608400000000000000e+04,3.638268620381751806e+00
1.608500000000000000e+04,3.704881874247063944e+00
1.608600000000000000e+04,3.613649032324026233e+00
1.608700000000000000e+04,3.689153541831660554e+00
1.608800000000000000e+04,4.160479236101339851e+00
1.608900000000000000e+04,3.459263370997228471e+00
1.609000000000000000e+04,3.489864929299012708e+00
1.609100000000000000e+04,3.890103159417608314e+00
1.609200000000000000e+04,3.613489341628644880e+00
1.609300000000000000e+04,4.051437480091832910e+00
1.609400000000000000e+04,3.900843335669023748e+00
1.609500000000000000e+04,3.561459915922071229e+00
1.609600000000000000e+04,3.818353275122444934e+00
1.609700000000000000e+04,3.668818842522675538e+00
1.609800000000000000e+04,3.883512371543889063e+00
1.609900000000000000e+04,3.596695721769612497e+00
1.610000000000000000e+04,4.008401053138982206e+00
1.610100000000000000e+04,3.580981220142771537e+00
1.610200000000000000e+04,4.033605346576592865e+00
1.610300000000000000e+04,3.614947894023737174e+00
1.610400000000000000e+04,3.860543353775681918e+00
1.610500000000000000e+04,3.817732709697287952e+00
1.610600000000000000e+04,3.787248028066733330e+00
1.610700000000000000e+04,3.765983623814226355e+00
1.610800000000000000e+04,3.584680472208234825e+00
1.610900000000000000e+04,3.828742956607714021e+00
1.611000000000000000e+04,3.741183397051181636e+00
1.611100000000000000e+04,3.664614712671981689e+00
1.611200000000000000e+04,3.937080321079312828e+00
1.611300000000000000e+04,4.214500611834816723e+00
1.611400000000000000e+04,3.780336873655878449e+00
1.611500000000000000e+04,3.798067921499479471e+00
1.611600000000000000e+04,3.758138695914059912e+00
1.611700000000000000e+04,4.084227581051241174e+00
1.611800000000000000e+04,3.737454850782854887e+00
1.611900000000000000e+04,3.873201263848327081e+00
1.612000000000000000e+04,3.839151309336131135e+00
1.612100000000000000e+04,3.914921410162966353e+00
1.612200000000000000e+04,3.691895655573797175e+00
1.612300000000000000e+04,4.062404773239577160e+00
1.612400000000000000e+04,3.646844010280739123e+00
1.612500000000000000e+04,3.833192518616579836e+00
1.612600000000000000e+04,3.342130097521425647e+00
1.612700000000000000e+04,3.889967529058769191e+00
1.612800000000000000e+04,4.024752515023578781e+00
1.612900000000000000e+04,3.740282716480389347e+00
1.613000000000000000e+04,3.902623119776221117e+00
1.613100000000000000e+04,3.626459029798436262e+00
1.613200000000000000e+04,3.646130696848749686e+00
1.613300000000000000e+04,3.541939517177830510e+00
1.613400000000000000e+04,3.707602127191612862e+00
1.613500000000000000e+04,3.601112997535159010e+00
1.613600000000000000e+04,3.360978309801430530e+00
1.613700000000000000e+04,3.506084983954867784e+00
1.613800000000000000e+04,3.875619207623464124e+00
1.613900000000000000e+04,3.598826741130991991e+00
1.614000000000000000e+04,3.798140244300336033e+00
1.614100000000000000e+04,4.019176852841868097e+00
1.614200000000000000e+04,3.765827828302143132e+00
1.614300000000000000e+04,3.900209905593036375e+00
1.614400000000000000e+04,3.597122555913796926e+00
1.614500000000000000e+04,3.674445356252691308e+00
1.614600000000000000e+04,3.744171899172846985e+00
1.614700000000000000e+04,4.199533339418804800e+00
1.614800000000000000e+04,3.942389468601497082e+00
1.614900000000000000e+04,4.020991962231726724e+00
1.615000000000000000e+04,3.814966346886333071e+00
1.615100000000000000e+04,3.822796824658442283e+00
1.615200000000000000e+04,3.972353150393572729e+00
1.615300000000000000e+04,3.491570222248019828e+00
1.615400000000000000e+04,3.780568478663846044e+00
1.615500000000000000e+04,3.570212249021248674e+00
1.615600000000000000e+04,3.620570688989507957e+00
1.615700000000000000e+04,3.549274803351220253e+00
1.615800000000000000e+04,3.828047409970015913e+00
1.615900000000000000e+04,3.595931584732033226e+00
1.616000000000000000e+04,3.855964693535294696e+00
1.616100000000000000e+04,4.058757295206066651e+00
1.616200000000000000e+04,3.649832474668508908e+00
1.616300000000000000e+04,3.671353342073575998e+00
1.616400000000000000e+04,4.228235108219206673e+00
1.616500000000000000e+04,3.882273571411401392e+00
1.616600000000000000e+04,3.780424057360422196e+00
1.616700000000000000e+04,3.489206768356345023e+00
1.616800000000000000e+04,3.707382012275494798e+00
1.616900000000000000e+04,3.812461795792994046e+00
1.617000000000000000e+04,3.723105497765555327e+00
1.617100000000000000e+04,3.756376385909255156e+00
1.617200000000000000e+04,3.475509271349661589e+00
1.617300000000000000e+04,3.898955492943255052e+00
1.617400000000000000e+04,3.527323440171308722e+00
1.617500000000000000e+04,3.891893561331116747e+00
1.617600000000000000e+04,3.585347701889026517e+00
1.617700000000000000e+04,3.738312277633763170e+00
1.617800000000000000e+04,3.804578794769574834e+00
1.617900000000000000e+04,3.826358133111358750e+00
1.618000000000000000e+04,3.803945250643515408e+00
1.618100000000000000e+04,3.731133533539194413e+00
1.618200000000000000e+04,3.818987470119021843e+00
1.618300000000000000e+04,3.804912151139127729e+00
1.618400000000000000e+04,4.341298708597746803e+00
1.618500000000000000e+04,3.803592609664030899e+00
1.618600000000000000e+04,3.568377925544506724e+00
1.618700000000000000e+04,3.862119328339423951e+00
1.618800000000000000e+04,3.566550672931013910e+00
1.618900000000000000e+04,3.764880472316896043e+00
1.619000000000000000e+04,3.449959589203371646e+00
1.619100000000000000e+04,3.585693962164034243e+00
1.619200000000000000e+04,3.765037467480066180e+00
1.619300000000000000e+04,3.859222258007514839e+00
1.619400000000000000e+04,3.895584754026115704e+00
1.619500000000000000e+04,3.918148741699546189e+00
1.619600000000000000e+04,3.431208938561006949e+00
1.619700000000000000e+04,3.717313317298105879e+00
1.619800000000000000e+04,3.621264088642154100e+00
1.619900000000000000e+04,3.790673158182113589e+00
1.620000000000000000e+04,3.869062844426864878e+00
1.620100000000000000e+04,3.645018135439737517e+00
1.620200000000000000e+04,3.745421278110794727e+00
1.620300000000000000e+04,3.863942452101683411e+00
1.620400000000000000e+04,3.960122452332056842e+00
1.620500000000000000e+04,3.810200519666965935e+00
1.620600000000000000e+04,3.981450221767504516e+00
1.620700000000000000e+04,3.809412729394569208e+00
1.620800000000000000e+04,4.229009574529649207e+00
1.620900000000000000e+04,3.962695332420915761e+00
1.621000000000000000e+04,3.692040965045833900e+00
1.621100000000000000e+04,3.795075466177230350e+00
1.621200000000000000e+04,3.825923489903688690e+00
1.621300000000000000e+04,4.208814455025049917e+00
1.621400000000000000e+04,3.704333858018536763e+00
1.621500000000000000e+04,3.601930398702622327e+00
1.621600000000000000e+04,3.664549006383428953e+00
1.621700000000000000e+04,3.323395253982745601e+00
1.621800000000000000e+04,3.925231224522177875e+00
1.621900000000000000e+04,3.814798636227803907e+00
1.622000000000000000e+04,3.753224202821832556e+00
1.622100000000000000e+04,3.797941990967410586e+00
1.622200000000000000e+04,3.786381091712401670e+00
1.622300000000000000e+04,3.547687716775270506e+00
1.622400000000000000e+04,4.118200568744421197e+00
1.622500000000000000e+04,3.493769087952181440e+00
1.622600000000000000e+04,3.886229760084587870e+00
1.622700000000000000e+04,3.562406970954475227e+00
1.622800000000000000e+04,3.800252618886988287e+00
1.622900000000000000e+04,3.897340039734972006e+00
1.623000000000000000e+04,3.307437907301079782e+00
1.623100000000000000e+04,3.529947939075120278e+00
1.623200000000000000e+04,3.729834461904306231e+00
1.623300000000000000e+04,3.919819655568749894e+00
1.623400000000000000e+04,3.597367476543066100e+00
1.623500000000000000e+04,3.604824501887384347e+00
1.623600000000000000e+04,3.649841807454915710e+00
1.623700000000000000e+04,3.716689537142416011e+00
1.623800000000000000e+04,3.705306747051596794e+00
1.623900000000000000e+04,3.292404492194873633e+00
1.624000000000000000e+04,3.890882788752608956e+00
1.624100000000000000e+04,3.884709531789079850e+00
1.624200000000000000e+04,3.829522795033007743e+00
1.624300000000000000e+04,3.563469494008113969e+00
1.624400000000000000e+04,4.055724912120901138e+00
1.624500000000000000e+04,3.654893836883259972e+00
1.624600000000000000e+04,3.791982348921560497e+00
1.624700000000000000e+04,3.578835080725836004e+00
1.624800000000000000e+04,3.894898214348730292e+00
1.624900000000000000e+04,3.489857280852773691e+00
1.625000000000000000e+04,3.657967595681510975e+00
1.625100000000000000e+04,3.755532539507902445e+00
1.625200000000000000e+04,3.534304465221746572e+00
1.625300000000000000e+04,3.594656198316199980e+00
1.625400000000000000e+04,3.638985453577751272e+00
1.625500000000000000e+04,3.509243359693512421e+00
1.625600000000000000e+04,3.855045521765332772e+00
1.625700000000000000e+04,3.955115220993284719e+00
1.625800000000000000e+04,3.630266740282264593e+00
1.625900000000000000e+04,3.521729076689502413e+00
1.626000000000000000e+04,3.611740735855638817e+00
1.626100000000000000e+04,3.762824154302542912e+00
1.626200000000000000e+04,3.633157163264755241e+00
1.626300000000000000e+04,3.566290912246957490e+00
1.626400000000000000e+04,3.993847346065802384e+00
1.626500000000000000e+04,3.602627907624674553e+00
1.626600000000000000e+04,3.345896174110223331e+00
1.626700000000000000e+04,3.925787472638217146e+00
1.626800000000000000e+04,3.735421327294841554e+00
1.626900000000000000e+04,3.540934835055965291e+00
1.627000000000000000e+04,3.749115254089600668e+00
1.627100000000000000e+04,3.756872848496003225e+00
1.627200000000000000e+04,4.066947561554926871e+00
1.627300000000000000e+04,3.720606679062780309e+00
1.627400000000000000e+04,3.769747490495838349e+00
1.627500000000000000e+04,3.547616546896289247e+00
1.627600000000000000e+04,3.896554479467707388e+00
1.627700000000000000e+04,3.758004390328481215e+00
1.627800000000000000e+04,3.914697027919148642e+00
1.627900000000000000e+04,3.989182444273188466e+00
1.628000000000000000e+04,3.496105099342323719e+00
1.628100000000000000e+04,3.655225072971303391e+00
1.628200000000000000e+04,3.485653765423292860e+00
1.628300000000000000e+04,3.636921210904948243e+00
1.628400000000000000e+04,3.845890415525644368e+00
1.628500000000000000e+04,3.868955252310798620e+00
1.628600000000000000e+04,3.726275711510416144e+00
1.628700000000000000e+04,3.716428354564380143e+00
1.628800000000000000e+04,3.729524438687201737e+00
1.628900000000000000e+04,3.957226084789342124e+00
1.629000000000000000e+04,3.617990004576031371e+00
1.629100000000000000e+04,3.936212006847664480e+00
1.629200000000000000e+04,3.902952259148747327e+00
1.629300000000000000e+04,3.958876087315172043e+00
1.629400000000000000e+04,3.954673600557824464e+00
1.629500000000000000e+04,3.678250333910883629e+00
1.629600000000000000e+04,4.006681156526580523e+00
1.629700000000000000e+04,3.767135094024545605e+00
1.629800000000000000e+04,3.990434576224588969e+00
1.629900000000000000e+04,3.876925643088442008e+00
1.630000000000000000e+04,3.881399790381280912e+00
1.630100000000000000e+04,3.544257551271209117e+00
1.630200000000000000e+04,3.759246616520889095e+00
1.630300000000000000e+04,3.966214348601229567e+00
1.630400000000000000e+04,3.646939138293034510e+00
1.630500000000000000e+04,3.651868882445201692e+00
1.630600000000000000e+04,3.750645704517815648e+00
1.630700000000000000e+04,4.162054642927830450e+00
1.630800000000000000e+04,3.614330784843795996e+00
1.630900000000000000e+04,3.989825172462749148e+00
1.631000000000000000e+04,3.979610460764685609e+00
1.631100000000000000e+04,3.823122258509793703e+00
1.631200000000000000e+04,3.844608191253024110e+00
1.631300000000000000e+04,3.876437245525198527e+00
1.631400000000000000e+04,3.811325415900107316e+00
1.631500000000000000e+04,3.731414140653256162e+00
1.631600000000000000e+04,3.263107477000860346e+00
1.631700000000000000e+04,3.754374135606425966e+00
1.631800000000000000e+04,3.863040204626769558e+00
1.631900000000000000e+04,3.680953468996986278e+00
1.632000000000000000e+04,3.677024519843107964e+00
1.632100000000000000e+04,3.841712072951683155e+00
1.632200000000000000e+04,3.879127024385711664e+00
1.632300000000000000e+04,3.517175569833146387e+00
1.632400000000000000e+04,3.823463074228153680e+00
1.632500000000000000e+04,3.786512720289757716e+00
1.632600000000000000e+04,3.480111082211502005e+00
1.632700000000000000e+04,3.614836265812118032e+00
1.632800000000000000e+04,4.047294741234316540e+00
1.632900000000000000e+04,3.509810893179112323e+00
1.633000000000000000e+04,3.657526212373979124e+00
1.633100000000000000e+04,3.727274181526421426e+00
1.633200000000000000e+04,3.963480141812128821e+00
1.633300000000000000e+04,3.375489222327546557e+00
1.633400000000000000e+04,3.627834218051829485e+00
1.633500000000000000e+04,3.658037027715484335e+00
1.633600000000000000e+04,3.773129939748361750e+00
1.633700000000000000e+04,3.842339612699007922e+00
1.633800000000000000e+04,3.800407032576442301e+00
1.633900000000000000e+04,3.716635379675363726e+00
1.634000000000000000e+04,3.634038942658508908e+00
1.634100000000000000e+04,3.679327896182204238e+00
1.634200000000000000e+04,3.867402366290566551e+00
1.634300000000000000e+04,3.514109363942857556e+00
1.634400000000000000e+04,3.337509108027952198e+00
1.634500000000000000e+04,3.508331047532000646e+00
1.634600000000000000e+04,3.857435741266491469e+00
1.634700000000000000e+04,3.569134137051300559e+00
1.634800000000000000e+04,3.637967255195033278e+00
1.634900000000000000e+04,3.790536843372953157e+00
1.635000000000000000e+04,4.107420007629628778e+00
1.635100000000000000e+04,3.767148281364571805e+00
1.635200000000000000e+04,3.906064044439917282e+00
1.635300000000000000e+04,3.556671513618702818e+00
1.635400000000000000e+04,3.692444545457990834e+00
1.635500000000000000e+04,3.813934675224920134e+00
1.635600000000000000e+04,3.561933459415477454e+00
1.635700000000000000e+04,3.825231974864648610e+00
1.635800000000000000e+04,3.680211302181088051e+00
1.635900000000000000e+04,3.518672779876873769e+00
1.636000000000000000e+04,4.077091548035348900e+00
1.636100000000000000e+04,3.697505714994622217e+00
1.636200000000000000e+04,3.849504063482795502e+00
1.636300000000000000e+04,3.382182938551862694e+00
1.636400000000000000e+04,3.960284805167968880e+00
1.636500000000000000e+04,3.878065736671398422e+00
1.636600000000000000e+04,3.489185297489357129e+00
1.636700000000000000e+04,3.640015219157852755e+00
1.636800000000000000e+04,3.655175487565960335e+00
1.636900000000000000e+04,3.792018852446443766e+00
1.637000000000000000e+04,4.117753894638073398e+00
1.637100000000000000e+04,3.713495586724672393e+00
1.637200000000000000e+04,3.963860934686923798e+00
1.637300000000000000e+04,3.694702365250146947e+00
1.637400000000000000e+04,3.849210382007323350e+00
1.637500000000000000e+04,3.802441792990227665e+00
1.637600000000000000e+04,3.904967751312088620e+00
1.637700000000000000e+04,4.199180741023385899e+00
1.637800000000000000e+04,3.815773688692916554e+00
1.637900000000000000e+04,3.746678767117209485e+00
1.638000000000000000e+04,3.686279319759078188e+00
1.638100000000000000e+04,3.877546840310297505e+00
1.638200000000000000e+04,3.650400692389274671e+00
1.638300000000000000e+04,3.605410888246801449e+00
